<?xml version="1.0" encoding="UTF-8"?>
<kml xmlns="http://www.opengis.net/kml/2.2" xmlns:gx="http://www.google.com/kml/ext/2.2">
    <Document id="1185399">
        <Style id="1185406">
            <LineStyle id="1185408">
                <color>ffffffff</color>
                <colorMode>normal</colorMode>
                <width>1</width>
            </LineStyle>
            <PolyStyle id="1185407">
                <colorMode>normal</colorMode>
                <fill>0</fill>
                <outline>1</outline>
            </PolyStyle>
        </Style>
        <Style id="1185415">
            <LineStyle id="1185417">
                <color>ffffffff</color>
                <colorMode>normal</colorMode>
                <width>1</width>
            </LineStyle>
            <PolyStyle id="1185416">
                <colorMode>normal</colorMode>
                <fill>0</fill>
                <outline>1</outline>
            </PolyStyle>
        </Style>
        <Style id="1185424">
            <LineStyle id="1185426">
                <color>ffffffff</color>
                <colorMode>normal</colorMode>
                <width>1</width>
            </LineStyle>
            <PolyStyle id="1185425">
                <colorMode>normal</colorMode>
                <fill>0</fill>
                <outline>1</outline>
            </PolyStyle>
        </Style>
        <Style id="1185433">
            <LineStyle id="1185435">
                <color>ffffffff</color>
                <colorMode>normal</colorMode>
                <width>1</width>
            </LineStyle>
            <PolyStyle id="1185434">
                <colorMode>normal</colorMode>
                <fill>0</fill>
                <outline>1</outline>
            </PolyStyle>
        </Style>
        <Style id="1185442">
            <LineStyle id="1185444">
                <color>ffffffff</color>
                <colorMode>normal</colorMode>
                <width>1</width>
            </LineStyle>
            <PolyStyle id="1185443">
                <colorMode>normal</colorMode>
                <fill>0</fill>
                <outline>1</outline>
            </PolyStyle>
        </Style>
        <Style id="1185451">
            <LineStyle id="1185453">
                <color>ffffffff</color>
                <colorMode>normal</colorMode>
                <width>1</width>
            </LineStyle>
            <PolyStyle id="1185452">
                <colorMode>normal</colorMode>
                <fill>0</fill>
                <outline>1</outline>
            </PolyStyle>
        </Style>
        <Style id="1185460">
            <LineStyle id="1185462">
                <color>ffffffff</color>
                <colorMode>normal</colorMode>
                <width>1</width>
            </LineStyle>
            <PolyStyle id="1185461">
                <colorMode>normal</colorMode>
                <fill>0</fill>
                <outline>1</outline>
            </PolyStyle>
        </Style>
        <Style id="1185469">
            <LineStyle id="1185471">
                <color>ffffffff</color>
                <colorMode>normal</colorMode>
                <width>1</width>
            </LineStyle>
            <PolyStyle id="1185470">
                <colorMode>normal</colorMode>
                <fill>0</fill>
                <outline>1</outline>
            </PolyStyle>
        </Style>
        <Style id="1185478">
            <LineStyle id="1185480">
                <color>ffffffff</color>
                <colorMode>normal</colorMode>
                <width>1</width>
            </LineStyle>
            <PolyStyle id="1185479">
                <colorMode>normal</colorMode>
                <fill>0</fill>
                <outline>1</outline>
            </PolyStyle>
        </Style>
        <Style id="1185487">
            <LineStyle id="1185489">
                <color>ffffffff</color>
                <colorMode>normal</colorMode>
                <width>1</width>
            </LineStyle>
            <PolyStyle id="1185488">
                <colorMode>normal</colorMode>
                <fill>0</fill>
                <outline>1</outline>
            </PolyStyle>
        </Style>
        <Style id="1185496">
            <LineStyle id="1185498">
                <color>ffffffff</color>
                <colorMode>normal</colorMode>
                <width>1</width>
            </LineStyle>
            <PolyStyle id="1185497">
                <colorMode>normal</colorMode>
                <fill>0</fill>
                <outline>1</outline>
            </PolyStyle>
        </Style>
        <Style id="1185505">
            <LineStyle id="1185507">
                <color>ffffffff</color>
                <colorMode>normal</colorMode>
                <width>1</width>
            </LineStyle>
            <PolyStyle id="1185506">
                <colorMode>normal</colorMode>
                <fill>0</fill>
                <outline>1</outline>
            </PolyStyle>
        </Style>
        <Style id="1185514">
            <LineStyle id="1185516">
                <color>ffffffff</color>
                <colorMode>normal</colorMode>
                <width>1</width>
            </LineStyle>
            <PolyStyle id="1185515">
                <colorMode>normal</colorMode>
                <fill>0</fill>
                <outline>1</outline>
            </PolyStyle>
        </Style>
        <Style id="1185523">
            <LineStyle id="1185525">
                <color>ffffffff</color>
                <colorMode>normal</colorMode>
                <width>1</width>
            </LineStyle>
            <PolyStyle id="1185524">
                <colorMode>normal</colorMode>
                <fill>0</fill>
                <outline>1</outline>
            </PolyStyle>
        </Style>
        <Style id="1185532">
            <LineStyle id="1185534">
                <color>ffffffff</color>
                <colorMode>normal</colorMode>
                <width>1</width>
            </LineStyle>
            <PolyStyle id="1185533">
                <colorMode>normal</colorMode>
                <fill>0</fill>
                <outline>1</outline>
            </PolyStyle>
        </Style>
        <Style id="1185541">
            <LineStyle id="1185543">
                <color>ffffffff</color>
                <colorMode>normal</colorMode>
                <width>1</width>
            </LineStyle>
            <PolyStyle id="1185542">
                <colorMode>normal</colorMode>
                <fill>0</fill>
                <outline>1</outline>
            </PolyStyle>
        </Style>
        <Style id="1185550">
            <LineStyle id="1185552">
                <color>ffffffff</color>
                <colorMode>normal</colorMode>
                <width>1</width>
            </LineStyle>
            <PolyStyle id="1185551">
                <colorMode>normal</colorMode>
                <fill>0</fill>
                <outline>1</outline>
            </PolyStyle>
        </Style>
        <Style id="1185559">
            <LineStyle id="1185561">
                <color>ffffffff</color>
                <colorMode>normal</colorMode>
                <width>1</width>
            </LineStyle>
            <PolyStyle id="1185560">
                <colorMode>normal</colorMode>
                <fill>0</fill>
                <outline>1</outline>
            </PolyStyle>
        </Style>
        <Style id="1185568">
            <LineStyle id="1185570">
                <color>ffffffff</color>
                <colorMode>normal</colorMode>
                <width>1</width>
            </LineStyle>
            <PolyStyle id="1185569">
                <colorMode>normal</colorMode>
                <fill>0</fill>
                <outline>1</outline>
            </PolyStyle>
        </Style>
        <Style id="1185577">
            <LineStyle id="1185579">
                <color>ffffffff</color>
                <colorMode>normal</colorMode>
                <width>1</width>
            </LineStyle>
            <PolyStyle id="1185578">
                <colorMode>normal</colorMode>
                <fill>0</fill>
                <outline>1</outline>
            </PolyStyle>
        </Style>
        <Style id="1185586">
            <LineStyle id="1185588">
                <color>ffffffff</color>
                <colorMode>normal</colorMode>
                <width>1</width>
            </LineStyle>
            <PolyStyle id="1185587">
                <colorMode>normal</colorMode>
                <fill>0</fill>
                <outline>1</outline>
            </PolyStyle>
        </Style>
        <Style id="1185595">
            <LineStyle id="1185597">
                <color>ffffffff</color>
                <colorMode>normal</colorMode>
                <width>1</width>
            </LineStyle>
            <PolyStyle id="1185596">
                <colorMode>normal</colorMode>
                <fill>0</fill>
                <outline>1</outline>
            </PolyStyle>
        </Style>
        <Style id="1185604">
            <LineStyle id="1185606">
                <color>ffffffff</color>
                <colorMode>normal</colorMode>
                <width>1</width>
            </LineStyle>
            <PolyStyle id="1185605">
                <colorMode>normal</colorMode>
                <fill>0</fill>
                <outline>1</outline>
            </PolyStyle>
        </Style>
        <Style id="1185613">
            <LineStyle id="1185615">
                <color>ffffffff</color>
                <colorMode>normal</colorMode>
                <width>1</width>
            </LineStyle>
            <PolyStyle id="1185614">
                <colorMode>normal</colorMode>
                <fill>0</fill>
                <outline>1</outline>
            </PolyStyle>
        </Style>
        <Style id="1185622">
            <LineStyle id="1185624">
                <color>ffffffff</color>
                <colorMode>normal</colorMode>
                <width>1</width>
            </LineStyle>
            <PolyStyle id="1185623">
                <colorMode>normal</colorMode>
                <fill>0</fill>
                <outline>1</outline>
            </PolyStyle>
        </Style>
        <Style id="1185631">
            <LineStyle id="1185633">
                <color>ffffffff</color>
                <colorMode>normal</colorMode>
                <width>1</width>
            </LineStyle>
            <PolyStyle id="1185632">
                <colorMode>normal</colorMode>
                <fill>0</fill>
                <outline>1</outline>
            </PolyStyle>
        </Style>
        <Style id="1185640">
            <LineStyle id="1185642">
                <color>ffffffff</color>
                <colorMode>normal</colorMode>
                <width>1</width>
            </LineStyle>
            <PolyStyle id="1185641">
                <colorMode>normal</colorMode>
                <fill>0</fill>
                <outline>1</outline>
            </PolyStyle>
        </Style>
        <Style id="1185649">
            <LineStyle id="1185651">
                <color>ffffffff</color>
                <colorMode>normal</colorMode>
                <width>1</width>
            </LineStyle>
            <PolyStyle id="1185650">
                <colorMode>normal</colorMode>
                <fill>0</fill>
                <outline>1</outline>
            </PolyStyle>
        </Style>
        <Style id="1185658">
            <LineStyle id="1185660">
                <color>ffffffff</color>
                <colorMode>normal</colorMode>
                <width>1</width>
            </LineStyle>
            <PolyStyle id="1185659">
                <colorMode>normal</colorMode>
                <fill>0</fill>
                <outline>1</outline>
            </PolyStyle>
        </Style>
        <Style id="1185667">
            <LineStyle id="1185669">
                <color>ffffffff</color>
                <colorMode>normal</colorMode>
                <width>1</width>
            </LineStyle>
            <PolyStyle id="1185668">
                <colorMode>normal</colorMode>
                <fill>0</fill>
                <outline>1</outline>
            </PolyStyle>
        </Style>
        <Style id="1185676">
            <LineStyle id="1185678">
                <color>ffffffff</color>
                <colorMode>normal</colorMode>
                <width>1</width>
            </LineStyle>
            <PolyStyle id="1185677">
                <colorMode>normal</colorMode>
                <fill>0</fill>
                <outline>1</outline>
            </PolyStyle>
        </Style>
        <Style id="1185685">
            <LineStyle id="1185687">
                <color>ffffffff</color>
                <colorMode>normal</colorMode>
                <width>1</width>
            </LineStyle>
            <PolyStyle id="1185686">
                <colorMode>normal</colorMode>
                <fill>0</fill>
                <outline>1</outline>
            </PolyStyle>
        </Style>
        <Style id="1185694">
            <LineStyle id="1185696">
                <color>ffffffff</color>
                <colorMode>normal</colorMode>
                <width>1</width>
            </LineStyle>
            <PolyStyle id="1185695">
                <colorMode>normal</colorMode>
                <fill>0</fill>
                <outline>1</outline>
            </PolyStyle>
        </Style>
        <Style id="1185703">
            <LineStyle id="1185705">
                <color>ffffffff</color>
                <colorMode>normal</colorMode>
                <width>1</width>
            </LineStyle>
            <PolyStyle id="1185704">
                <colorMode>normal</colorMode>
                <fill>0</fill>
                <outline>1</outline>
            </PolyStyle>
        </Style>
        <Style id="1185712">
            <LineStyle id="1185714">
                <color>ffffffff</color>
                <colorMode>normal</colorMode>
                <width>1</width>
            </LineStyle>
            <PolyStyle id="1185713">
                <colorMode>normal</colorMode>
                <fill>0</fill>
                <outline>1</outline>
            </PolyStyle>
        </Style>
        <Style id="1185721">
            <LineStyle id="1185723">
                <color>ffffffff</color>
                <colorMode>normal</colorMode>
                <width>1</width>
            </LineStyle>
            <PolyStyle id="1185722">
                <colorMode>normal</colorMode>
                <fill>0</fill>
                <outline>1</outline>
            </PolyStyle>
        </Style>
        <Style id="1185730">
            <LineStyle id="1185732">
                <color>ffffffff</color>
                <colorMode>normal</colorMode>
                <width>1</width>
            </LineStyle>
            <PolyStyle id="1185731">
                <colorMode>normal</colorMode>
                <fill>0</fill>
                <outline>1</outline>
            </PolyStyle>
        </Style>
        <Style id="1185739">
            <LineStyle id="1185741">
                <color>ffffffff</color>
                <colorMode>normal</colorMode>
                <width>1</width>
            </LineStyle>
            <PolyStyle id="1185740">
                <colorMode>normal</colorMode>
                <fill>0</fill>
                <outline>1</outline>
            </PolyStyle>
        </Style>
        <Style id="1185748">
            <LineStyle id="1185750">
                <color>ffffffff</color>
                <colorMode>normal</colorMode>
                <width>1</width>
            </LineStyle>
            <PolyStyle id="1185749">
                <colorMode>normal</colorMode>
                <fill>0</fill>
                <outline>1</outline>
            </PolyStyle>
        </Style>
        <Style id="1185757">
            <LineStyle id="1185759">
                <color>ffffffff</color>
                <colorMode>normal</colorMode>
                <width>1</width>
            </LineStyle>
            <PolyStyle id="1185758">
                <colorMode>normal</colorMode>
                <fill>0</fill>
                <outline>1</outline>
            </PolyStyle>
        </Style>
        <Style id="1185766">
            <LineStyle id="1185768">
                <color>ffffffff</color>
                <colorMode>normal</colorMode>
                <width>1</width>
            </LineStyle>
            <PolyStyle id="1185767">
                <colorMode>normal</colorMode>
                <fill>0</fill>
                <outline>1</outline>
            </PolyStyle>
        </Style>
        <Style id="1185775">
            <LineStyle id="1185777">
                <color>ffffffff</color>
                <colorMode>normal</colorMode>
                <width>1</width>
            </LineStyle>
            <PolyStyle id="1185776">
                <colorMode>normal</colorMode>
                <fill>0</fill>
                <outline>1</outline>
            </PolyStyle>
        </Style>
        <Style id="1185784">
            <LineStyle id="1185786">
                <color>ffffffff</color>
                <colorMode>normal</colorMode>
                <width>1</width>
            </LineStyle>
            <PolyStyle id="1185785">
                <colorMode>normal</colorMode>
                <fill>0</fill>
                <outline>1</outline>
            </PolyStyle>
        </Style>
        <Style id="1185793">
            <LineStyle id="1185795">
                <color>ffffffff</color>
                <colorMode>normal</colorMode>
                <width>1</width>
            </LineStyle>
            <PolyStyle id="1185794">
                <colorMode>normal</colorMode>
                <fill>0</fill>
                <outline>1</outline>
            </PolyStyle>
        </Style>
        <Style id="1185802">
            <LineStyle id="1185804">
                <color>ffffffff</color>
                <colorMode>normal</colorMode>
                <width>1</width>
            </LineStyle>
            <PolyStyle id="1185803">
                <colorMode>normal</colorMode>
                <fill>0</fill>
                <outline>1</outline>
            </PolyStyle>
        </Style>
        <Style id="1185811">
            <LineStyle id="1185813">
                <color>ffffffff</color>
                <colorMode>normal</colorMode>
                <width>1</width>
            </LineStyle>
            <PolyStyle id="1185812">
                <colorMode>normal</colorMode>
                <fill>0</fill>
                <outline>1</outline>
            </PolyStyle>
        </Style>
        <Style id="1185820">
            <LineStyle id="1185822">
                <color>ffffffff</color>
                <colorMode>normal</colorMode>
                <width>1</width>
            </LineStyle>
            <PolyStyle id="1185821">
                <colorMode>normal</colorMode>
                <fill>0</fill>
                <outline>1</outline>
            </PolyStyle>
        </Style>
        <Style id="1185829">
            <LineStyle id="1185831">
                <color>ffffffff</color>
                <colorMode>normal</colorMode>
                <width>1</width>
            </LineStyle>
            <PolyStyle id="1185830">
                <colorMode>normal</colorMode>
                <fill>0</fill>
                <outline>1</outline>
            </PolyStyle>
        </Style>
        <Style id="1185838">
            <LineStyle id="1185840">
                <color>ffffffff</color>
                <colorMode>normal</colorMode>
                <width>1</width>
            </LineStyle>
            <PolyStyle id="1185839">
                <colorMode>normal</colorMode>
                <fill>0</fill>
                <outline>1</outline>
            </PolyStyle>
        </Style>
        <Style id="1185847">
            <LineStyle id="1185849">
                <color>ffffffff</color>
                <colorMode>normal</colorMode>
                <width>1</width>
            </LineStyle>
            <PolyStyle id="1185848">
                <colorMode>normal</colorMode>
                <fill>0</fill>
                <outline>1</outline>
            </PolyStyle>
        </Style>
        <Style id="1185856">
            <LineStyle id="1185858">
                <color>ffffffff</color>
                <colorMode>normal</colorMode>
                <width>1</width>
            </LineStyle>
            <PolyStyle id="1185857">
                <colorMode>normal</colorMode>
                <fill>0</fill>
                <outline>1</outline>
            </PolyStyle>
        </Style>
        <Style id="1185865">
            <LineStyle id="1185867">
                <color>ffffffff</color>
                <colorMode>normal</colorMode>
                <width>1</width>
            </LineStyle>
            <PolyStyle id="1185866">
                <colorMode>normal</colorMode>
                <fill>0</fill>
                <outline>1</outline>
            </PolyStyle>
        </Style>
        <Style id="1185874">
            <LineStyle id="1185876">
                <color>ffffffff</color>
                <colorMode>normal</colorMode>
                <width>1</width>
            </LineStyle>
            <PolyStyle id="1185875">
                <colorMode>normal</colorMode>
                <fill>0</fill>
                <outline>1</outline>
            </PolyStyle>
        </Style>
        <Style id="1185883">
            <LineStyle id="1185885">
                <color>ffffffff</color>
                <colorMode>normal</colorMode>
                <width>1</width>
            </LineStyle>
            <PolyStyle id="1185884">
                <colorMode>normal</colorMode>
                <fill>0</fill>
                <outline>1</outline>
            </PolyStyle>
        </Style>
        <Style id="1185892">
            <LineStyle id="1185894">
                <color>ffffffff</color>
                <colorMode>normal</colorMode>
                <width>1</width>
            </LineStyle>
            <PolyStyle id="1185893">
                <colorMode>normal</colorMode>
                <fill>0</fill>
                <outline>1</outline>
            </PolyStyle>
        </Style>
        <Style id="1185901">
            <LineStyle id="1185903">
                <color>ffffffff</color>
                <colorMode>normal</colorMode>
                <width>1</width>
            </LineStyle>
            <PolyStyle id="1185902">
                <colorMode>normal</colorMode>
                <fill>0</fill>
                <outline>1</outline>
            </PolyStyle>
        </Style>
        <Style id="1185910">
            <LineStyle id="1185912">
                <color>ffffffff</color>
                <colorMode>normal</colorMode>
                <width>1</width>
            </LineStyle>
            <PolyStyle id="1185911">
                <colorMode>normal</colorMode>
                <fill>0</fill>
                <outline>1</outline>
            </PolyStyle>
        </Style>
        <Style id="1185919">
            <LineStyle id="1185921">
                <color>ffffffff</color>
                <colorMode>normal</colorMode>
                <width>1</width>
            </LineStyle>
            <PolyStyle id="1185920">
                <colorMode>normal</colorMode>
                <fill>0</fill>
                <outline>1</outline>
            </PolyStyle>
        </Style>
        <Style id="1185928">
            <LineStyle id="1185930">
                <color>ffffffff</color>
                <colorMode>normal</colorMode>
                <width>1</width>
            </LineStyle>
            <PolyStyle id="1185929">
                <colorMode>normal</colorMode>
                <fill>0</fill>
                <outline>1</outline>
            </PolyStyle>
        </Style>
        <Style id="1185937">
            <LineStyle id="1185939">
                <color>ffffffff</color>
                <colorMode>normal</colorMode>
                <width>1</width>
            </LineStyle>
            <PolyStyle id="1185938">
                <colorMode>normal</colorMode>
                <fill>0</fill>
                <outline>1</outline>
            </PolyStyle>
        </Style>
        <Style id="1185946">
            <LineStyle id="1185948">
                <color>ffffffff</color>
                <colorMode>normal</colorMode>
                <width>1</width>
            </LineStyle>
            <PolyStyle id="1185947">
                <colorMode>normal</colorMode>
                <fill>0</fill>
                <outline>1</outline>
            </PolyStyle>
        </Style>
        <Style id="1185955">
            <LineStyle id="1185957">
                <color>ffffffff</color>
                <colorMode>normal</colorMode>
                <width>1</width>
            </LineStyle>
            <PolyStyle id="1185956">
                <colorMode>normal</colorMode>
                <fill>0</fill>
                <outline>1</outline>
            </PolyStyle>
        </Style>
        <Style id="1185964">
            <LineStyle id="1185966">
                <color>ffffffff</color>
                <colorMode>normal</colorMode>
                <width>1</width>
            </LineStyle>
            <PolyStyle id="1185965">
                <colorMode>normal</colorMode>
                <fill>0</fill>
                <outline>1</outline>
            </PolyStyle>
        </Style>
        <Style id="1185973">
            <LineStyle id="1185975">
                <color>ffffffff</color>
                <colorMode>normal</colorMode>
                <width>1</width>
            </LineStyle>
            <PolyStyle id="1185974">
                <colorMode>normal</colorMode>
                <fill>0</fill>
                <outline>1</outline>
            </PolyStyle>
        </Style>
        <Style id="1185982">
            <LineStyle id="1185984">
                <color>ffffffff</color>
                <colorMode>normal</colorMode>
                <width>1</width>
            </LineStyle>
            <PolyStyle id="1185983">
                <colorMode>normal</colorMode>
                <fill>0</fill>
                <outline>1</outline>
            </PolyStyle>
        </Style>
        <Style id="1185991">
            <LineStyle id="1185993">
                <color>ffffffff</color>
                <colorMode>normal</colorMode>
                <width>1</width>
            </LineStyle>
            <PolyStyle id="1185992">
                <colorMode>normal</colorMode>
                <fill>0</fill>
                <outline>1</outline>
            </PolyStyle>
        </Style>
        <Style id="1186000">
            <LineStyle id="1186002">
                <color>ffffffff</color>
                <colorMode>normal</colorMode>
                <width>1</width>
            </LineStyle>
            <PolyStyle id="1186001">
                <colorMode>normal</colorMode>
                <fill>0</fill>
                <outline>1</outline>
            </PolyStyle>
        </Style>
        <Style id="1186009">
            <LineStyle id="1186011">
                <color>ffffffff</color>
                <colorMode>normal</colorMode>
                <width>1</width>
            </LineStyle>
            <PolyStyle id="1186010">
                <colorMode>normal</colorMode>
                <fill>0</fill>
                <outline>1</outline>
            </PolyStyle>
        </Style>
        <Style id="1186018">
            <LineStyle id="1186020">
                <color>ffffffff</color>
                <colorMode>normal</colorMode>
                <width>1</width>
            </LineStyle>
            <PolyStyle id="1186019">
                <colorMode>normal</colorMode>
                <fill>0</fill>
                <outline>1</outline>
            </PolyStyle>
        </Style>
        <Style id="1186027">
            <LineStyle id="1186029">
                <color>ffffffff</color>
                <colorMode>normal</colorMode>
                <width>1</width>
            </LineStyle>
            <PolyStyle id="1186028">
                <colorMode>normal</colorMode>
                <fill>0</fill>
                <outline>1</outline>
            </PolyStyle>
        </Style>
        <Style id="1186036">
            <LineStyle id="1186038">
                <color>ffffffff</color>
                <colorMode>normal</colorMode>
                <width>1</width>
            </LineStyle>
            <PolyStyle id="1186037">
                <colorMode>normal</colorMode>
                <fill>0</fill>
                <outline>1</outline>
            </PolyStyle>
        </Style>
        <Style id="1186045">
            <LineStyle id="1186047">
                <color>ffffffff</color>
                <colorMode>normal</colorMode>
                <width>1</width>
            </LineStyle>
            <PolyStyle id="1186046">
                <colorMode>normal</colorMode>
                <fill>0</fill>
                <outline>1</outline>
            </PolyStyle>
        </Style>
        <Style id="1186054">
            <LineStyle id="1186056">
                <color>ffffffff</color>
                <colorMode>normal</colorMode>
                <width>1</width>
            </LineStyle>
            <PolyStyle id="1186055">
                <colorMode>normal</colorMode>
                <fill>0</fill>
                <outline>1</outline>
            </PolyStyle>
        </Style>
        <Style id="1186063">
            <LineStyle id="1186065">
                <color>ffffffff</color>
                <colorMode>normal</colorMode>
                <width>1</width>
            </LineStyle>
            <PolyStyle id="1186064">
                <colorMode>normal</colorMode>
                <fill>0</fill>
                <outline>1</outline>
            </PolyStyle>
        </Style>
        <Style id="1186072">
            <LineStyle id="1186074">
                <color>ffffffff</color>
                <colorMode>normal</colorMode>
                <width>1</width>
            </LineStyle>
            <PolyStyle id="1186073">
                <colorMode>normal</colorMode>
                <fill>0</fill>
                <outline>1</outline>
            </PolyStyle>
        </Style>
        <Style id="1186081">
            <LineStyle id="1186083">
                <color>ffffffff</color>
                <colorMode>normal</colorMode>
                <width>1</width>
            </LineStyle>
            <PolyStyle id="1186082">
                <colorMode>normal</colorMode>
                <fill>0</fill>
                <outline>1</outline>
            </PolyStyle>
        </Style>
        <Style id="1186090">
            <LineStyle id="1186092">
                <color>ffffffff</color>
                <colorMode>normal</colorMode>
                <width>1</width>
            </LineStyle>
            <PolyStyle id="1186091">
                <colorMode>normal</colorMode>
                <fill>0</fill>
                <outline>1</outline>
            </PolyStyle>
        </Style>
        <Style id="1186099">
            <LineStyle id="1186101">
                <color>ffffffff</color>
                <colorMode>normal</colorMode>
                <width>1</width>
            </LineStyle>
            <PolyStyle id="1186100">
                <colorMode>normal</colorMode>
                <fill>0</fill>
                <outline>1</outline>
            </PolyStyle>
        </Style>
        <Style id="1186108">
            <LineStyle id="1186110">
                <color>ffffffff</color>
                <colorMode>normal</colorMode>
                <width>1</width>
            </LineStyle>
            <PolyStyle id="1186109">
                <colorMode>normal</colorMode>
                <fill>0</fill>
                <outline>1</outline>
            </PolyStyle>
        </Style>
        <Style id="1186117">
            <LineStyle id="1186119">
                <color>ffffffff</color>
                <colorMode>normal</colorMode>
                <width>1</width>
            </LineStyle>
            <PolyStyle id="1186118">
                <colorMode>normal</colorMode>
                <fill>0</fill>
                <outline>1</outline>
            </PolyStyle>
        </Style>
        <Style id="1186126">
            <LineStyle id="1186128">
                <color>ffffffff</color>
                <colorMode>normal</colorMode>
                <width>1</width>
            </LineStyle>
            <PolyStyle id="1186127">
                <colorMode>normal</colorMode>
                <fill>0</fill>
                <outline>1</outline>
            </PolyStyle>
        </Style>
        <Style id="1186135">
            <LineStyle id="1186137">
                <color>ffffffff</color>
                <colorMode>normal</colorMode>
                <width>1</width>
            </LineStyle>
            <PolyStyle id="1186136">
                <colorMode>normal</colorMode>
                <fill>0</fill>
                <outline>1</outline>
            </PolyStyle>
        </Style>
        <Style id="1186144">
            <LineStyle id="1186146">
                <color>ffffffff</color>
                <colorMode>normal</colorMode>
                <width>1</width>
            </LineStyle>
            <PolyStyle id="1186145">
                <colorMode>normal</colorMode>
                <fill>0</fill>
                <outline>1</outline>
            </PolyStyle>
        </Style>
        <Style id="1186153">
            <LineStyle id="1186155">
                <color>ffffffff</color>
                <colorMode>normal</colorMode>
                <width>1</width>
            </LineStyle>
            <PolyStyle id="1186154">
                <colorMode>normal</colorMode>
                <fill>0</fill>
                <outline>1</outline>
            </PolyStyle>
        </Style>
        <Style id="1186162">
            <LineStyle id="1186164">
                <color>ffffffff</color>
                <colorMode>normal</colorMode>
                <width>1</width>
            </LineStyle>
            <PolyStyle id="1186163">
                <colorMode>normal</colorMode>
                <fill>0</fill>
                <outline>1</outline>
            </PolyStyle>
        </Style>
        <Style id="1186171">
            <LineStyle id="1186173">
                <color>ffffffff</color>
                <colorMode>normal</colorMode>
                <width>1</width>
            </LineStyle>
            <PolyStyle id="1186172">
                <colorMode>normal</colorMode>
                <fill>0</fill>
                <outline>1</outline>
            </PolyStyle>
        </Style>
        <Style id="1186180">
            <LineStyle id="1186182">
                <color>ffffffff</color>
                <colorMode>normal</colorMode>
                <width>1</width>
            </LineStyle>
            <PolyStyle id="1186181">
                <colorMode>normal</colorMode>
                <fill>0</fill>
                <outline>1</outline>
            </PolyStyle>
        </Style>
        <Style id="1186189">
            <LineStyle id="1186191">
                <color>ffffffff</color>
                <colorMode>normal</colorMode>
                <width>1</width>
            </LineStyle>
            <PolyStyle id="1186190">
                <colorMode>normal</colorMode>
                <fill>0</fill>
                <outline>1</outline>
            </PolyStyle>
        </Style>
        <Style id="1186198">
            <LineStyle id="1186200">
                <color>ffffffff</color>
                <colorMode>normal</colorMode>
                <width>1</width>
            </LineStyle>
            <PolyStyle id="1186199">
                <colorMode>normal</colorMode>
                <fill>0</fill>
                <outline>1</outline>
            </PolyStyle>
        </Style>
        <Style id="1186207">
            <LineStyle id="1186209">
                <color>ffffffff</color>
                <colorMode>normal</colorMode>
                <width>1</width>
            </LineStyle>
            <PolyStyle id="1186208">
                <colorMode>normal</colorMode>
                <fill>0</fill>
                <outline>1</outline>
            </PolyStyle>
        </Style>
        <Style id="1186216">
            <LineStyle id="1186218">
                <color>ffffffff</color>
                <colorMode>normal</colorMode>
                <width>1</width>
            </LineStyle>
            <PolyStyle id="1186217">
                <colorMode>normal</colorMode>
                <fill>0</fill>
                <outline>1</outline>
            </PolyStyle>
        </Style>
        <Style id="1186225">
            <LineStyle id="1186227">
                <color>ffffffff</color>
                <colorMode>normal</colorMode>
                <width>1</width>
            </LineStyle>
            <PolyStyle id="1186226">
                <colorMode>normal</colorMode>
                <fill>0</fill>
                <outline>1</outline>
            </PolyStyle>
        </Style>
        <Style id="1186234">
            <LineStyle id="1186236">
                <color>ffffffff</color>
                <colorMode>normal</colorMode>
                <width>1</width>
            </LineStyle>
            <PolyStyle id="1186235">
                <colorMode>normal</colorMode>
                <fill>0</fill>
                <outline>1</outline>
            </PolyStyle>
        </Style>
        <Style id="1186243">
            <LineStyle id="1186245">
                <color>ffffffff</color>
                <colorMode>normal</colorMode>
                <width>1</width>
            </LineStyle>
            <PolyStyle id="1186244">
                <colorMode>normal</colorMode>
                <fill>0</fill>
                <outline>1</outline>
            </PolyStyle>
        </Style>
        <Style id="1186252">
            <LineStyle id="1186254">
                <color>ffffffff</color>
                <colorMode>normal</colorMode>
                <width>1</width>
            </LineStyle>
            <PolyStyle id="1186253">
                <colorMode>normal</colorMode>
                <fill>0</fill>
                <outline>1</outline>
            </PolyStyle>
        </Style>
        <Style id="1186261">
            <LineStyle id="1186263">
                <color>ffffffff</color>
                <colorMode>normal</colorMode>
                <width>1</width>
            </LineStyle>
            <PolyStyle id="1186262">
                <colorMode>normal</colorMode>
                <fill>0</fill>
                <outline>1</outline>
            </PolyStyle>
        </Style>
        <Style id="1186270">
            <LineStyle id="1186272">
                <color>ffffffff</color>
                <colorMode>normal</colorMode>
                <width>1</width>
            </LineStyle>
            <PolyStyle id="1186271">
                <colorMode>normal</colorMode>
                <fill>0</fill>
                <outline>1</outline>
            </PolyStyle>
        </Style>
        <Style id="1186279">
            <LineStyle id="1186281">
                <color>ffffffff</color>
                <colorMode>normal</colorMode>
                <width>1</width>
            </LineStyle>
            <PolyStyle id="1186280">
                <colorMode>normal</colorMode>
                <fill>0</fill>
                <outline>1</outline>
            </PolyStyle>
        </Style>
        <Style id="1186288">
            <LineStyle id="1186290">
                <color>ffffffff</color>
                <colorMode>normal</colorMode>
                <width>1</width>
            </LineStyle>
            <PolyStyle id="1186289">
                <colorMode>normal</colorMode>
                <fill>0</fill>
                <outline>1</outline>
            </PolyStyle>
        </Style>
        <Style id="1186297">
            <LineStyle id="1186299">
                <color>ffffffff</color>
                <colorMode>normal</colorMode>
                <width>1</width>
            </LineStyle>
            <PolyStyle id="1186298">
                <colorMode>normal</colorMode>
                <fill>0</fill>
                <outline>1</outline>
            </PolyStyle>
        </Style>
        <Style id="1186306">
            <LineStyle id="1186308">
                <color>ffffffff</color>
                <colorMode>normal</colorMode>
                <width>1</width>
            </LineStyle>
            <PolyStyle id="1186307">
                <colorMode>normal</colorMode>
                <fill>0</fill>
                <outline>1</outline>
            </PolyStyle>
        </Style>
        <Style id="1186315">
            <LineStyle id="1186317">
                <color>ffffffff</color>
                <colorMode>normal</colorMode>
                <width>1</width>
            </LineStyle>
            <PolyStyle id="1186316">
                <colorMode>normal</colorMode>
                <fill>0</fill>
                <outline>1</outline>
            </PolyStyle>
        </Style>
        <Placemark id="1185401">
            <name>Parcel_129100</name>
            <styleUrl>#1185406</styleUrl>
            <Polygon id="1185400">
                <outerBoundaryIs>
                    <LinearRing id="1185404">
                        <coordinates>-78.90177414619036,33.746758819156334,0.0 -78.90184332711566,33.746751965364766,0.0 -78.9019122846929,33.746743683583546,0.0 -78.90198097458236,33.7467339766689,0.0 -78.90203972708525,33.74700525290131,0.0 -78.90201484558357,33.747005703975084,0.0 -78.90181034997254,33.747047860948584,0.0 -78.90177414619036,33.746758819156334,0.0</coordinates>
                    </LinearRing>
                </outerBoundaryIs>
            </Polygon>
        </Placemark>
        <Placemark id="1185410">
            <name>Parcel_129101</name>
            <styleUrl>#1185415</styleUrl>
            <Polygon id="1185409">
                <outerBoundaryIs>
                    <LinearRing id="1185413">
                        <coordinates>-78.90156317529224,33.74677289852938,0.0 -78.9016808524343,33.74676577347234,0.0 -78.90172753352608,33.74676262115081,0.0 -78.90177414619036,33.746758819156334,0.0 -78.90181034997254,33.747047860948584,0.0 -78.90159143721402,33.747092989331726,0.0 -78.90156317529224,33.74677289852938,0.0</coordinates>
                    </LinearRing>
                </outerBoundaryIs>
            </Polygon>
        </Placemark>
        <Placemark id="1185419">
            <name>Parcel_129102</name>
            <styleUrl>#1185424</styleUrl>
            <Polygon id="1185418">
                <outerBoundaryIs>
                    <LinearRing id="1185422">
                        <coordinates>-78.90134826349453,33.74678591133289,0.0 -78.90156317529224,33.74677289852938,0.0 -78.90159143721402,33.747092989331726,0.0 -78.90158609839727,33.74709409022597,0.0 -78.90137940460654,33.74714080097859,0.0 -78.90134826349453,33.74678591133289,0.0</coordinates>
                    </LinearRing>
                </outerBoundaryIs>
            </Polygon>
        </Placemark>
        <Placemark id="1185428">
            <name>Parcel_129103</name>
            <styleUrl>#1185433</styleUrl>
            <Polygon id="1185427">
                <outerBoundaryIs>
                    <LinearRing id="1185431">
                        <coordinates>-78.89544204215473,33.68275739941708,0.0 -78.89498118461054,33.68232024641657,0.0 -78.89544379058384,33.681987866504805,0.0 -78.8960811563352,33.682616575203824,0.0 -78.89567875624827,33.682905923983974,0.0 -78.89549624894751,33.682718452523496,0.0 -78.89544204215473,33.68275739941708,0.0</coordinates>
                    </LinearRing>
                </outerBoundaryIs>
            </Polygon>
        </Placemark>
        <Placemark id="1185437">
            <name>Parcel_129104</name>
            <styleUrl>#1185442</styleUrl>
            <Polygon id="1185436">
                <outerBoundaryIs>
                    <LinearRing id="1185440">
                        <coordinates>-79.16162257318909,34.021478534092914,0.0 -79.16178596220442,34.02147957900307,0.0 -79.16230519062918,34.02147438411002,0.0 -79.16254212001964,34.02147119160613,0.0 -79.16222747573683,34.02221494251578,0.0 -79.1621579389883,34.0223793092974,0.0 -79.16170103327455,34.022325811600496,0.0 -79.16162257318909,34.021478534092914,0.0</coordinates>
                    </LinearRing>
                </outerBoundaryIs>
            </Polygon>
        </Placemark>
        <Placemark id="1185446">
            <name>Parcel_129105_1</name>
            <styleUrl>#1185451</styleUrl>
            <Polygon id="1185445">
                <outerBoundaryIs>
                    <LinearRing id="1185449">
                        <coordinates>-79.18309299595425,33.94216714661913,0.0 -79.18333379631885,33.942165520974285,0.0 -79.18353787275092,33.94218500317333,0.0 -79.18373074345101,33.94222751659756,0.0 -79.18397524250254,33.94232421542376,0.0 -79.18436153531727,33.942539645166136,0.0 -79.18453874082412,33.94266044340139,0.0 -79.18476796936834,33.9428167018851,0.0 -79.1849410328648,33.94293846789617,0.0 -79.18512696329795,33.9430365399803,0.0 -79.18523301896757,33.943090491880646,0.0 -79.18536713231889,33.943143308550034,0.0 -79.18452523220495,33.94330128851232,0.0 -79.18382204611562,33.943453642507265,0.0 -79.18216080481298,33.943739628688476,0.0 -79.18213422568259,33.94360431968684,0.0 -79.18205010734607,33.943292464919395,0.0 -79.18204477232854,33.94327176938602,0.0 -79.181912934743,33.94287692141856,0.0 -79.18178881342727,33.94242892824448,0.0 -79.18233792066611,33.9423136236389,0.0 -79.18259976195655,33.9422526925349,0.0 -79.18285572889222,33.94219665573503,0.0 -79.18309299595425,33.94216714661913,0.0</coordinates>
                    </LinearRing>
                </outerBoundaryIs>
            </Polygon>
        </Placemark>
        <Placemark id="1185455">
            <name>Parcel_129105_2</name>
            <styleUrl>#1185460</styleUrl>
            <Polygon id="1185454">
                <outerBoundaryIs>
                    <LinearRing id="1185458">
                        <coordinates>-79.18168765044125,33.94261213295101,0.0 -79.18169273900203,33.94244916836308,0.0 -79.18181685516824,33.9428973320131,0.0 -79.18194870175915,33.943291836612026,0.0 -79.18196778645185,33.94336427478077,0.0 -79.18203742002535,33.94362008067197,0.0 -79.18206346090719,33.94375360965904,0.0 -79.18206398420973,33.943756295841126,0.0 -79.18169569741202,33.943819693473024,0.0 -79.18164795791058,33.94382813005785,0.0 -79.18164796449025,33.94382792092394,0.0 -79.18168765044125,33.94261213295101,0.0</coordinates>
                    </LinearRing>
                </outerBoundaryIs>
            </Polygon>
        </Placemark>
        <Placemark id="1185464">
            <name>Parcel_129106</name>
            <styleUrl>#1185469</styleUrl>
            <Polygon id="1185463">
                <outerBoundaryIs>
                    <LinearRing id="1185467">
                        <coordinates>-79.19290626390332,33.940040161686746,0.0 -79.19331851200337,33.93883247940983,0.0 -79.19447874878894,33.93909126286226,0.0 -79.19391631814555,33.940285087481776,0.0 -79.19290626390332,33.940040161686746,0.0</coordinates>
                    </LinearRing>
                </outerBoundaryIs>
            </Polygon>
        </Placemark>
        <Placemark id="1185473">
            <name>Parcel_129107</name>
            <styleUrl>#1185478</styleUrl>
            <Polygon id="1185472">
                <outerBoundaryIs>
                    <LinearRing id="1185476">
                        <coordinates>-79.18398644535147,33.94220684525034,0.0 -79.18427988393559,33.94133705133292,0.0 -79.1845935018193,33.941528848123546,0.0 -79.1843067153699,33.94237661130507,0.0 -79.18407824611722,33.94224909975214,0.0 -79.18407661096465,33.94224838768821,0.0 -79.18404075406735,33.94222827693454,0.0 -79.18398644535147,33.94220684525034,0.0</coordinates>
                    </LinearRing>
                </outerBoundaryIs>
            </Polygon>
        </Placemark>
        <Placemark id="1185482">
            <name>Parcel_129108</name>
            <styleUrl>#1185487</styleUrl>
            <Polygon id="1185481">
                <outerBoundaryIs>
                    <LinearRing id="1185485">
                        <coordinates>-79.18457845062497,33.94098154705642,0.0 -79.18408897794993,33.94025866306271,0.0 -79.184500124151,33.94003119107558,0.0 -79.18495277814411,33.940754204540866,0.0 -79.18539601611428,33.940525645509666,0.0 -79.18569565753606,33.94037113184688,0.0 -79.1851813760875,33.93966973023833,0.0 -79.18573060033557,33.93939108204516,0.0 -79.18609102526351,33.93920316023629,0.0 -79.18660742951349,33.93992297886154,0.0 -79.18712373211585,33.940643202137004,0.0 -79.18633167385026,33.94103769026151,0.0 -79.18591298229846,33.941246219017394,0.0 -79.18506944333943,33.941666319788325,0.0 -79.18457845062497,33.94098154705642,0.0</coordinates>
                    </LinearRing>
                </outerBoundaryIs>
            </Polygon>
        </Placemark>
        <Placemark id="1185491">
            <name>Parcel_129109</name>
            <styleUrl>#1185496</styleUrl>
            <Polygon id="1185490">
                <outerBoundaryIs>
                    <LinearRing id="1185494">
                        <coordinates>-79.18488028147186,33.93981969407353,0.0 -79.1851813760875,33.93966973023833,0.0 -79.18569565753606,33.94037113184688,0.0 -79.18539601611428,33.940525645509666,0.0 -79.18488028147186,33.93981969407353,0.0</coordinates>
                    </LinearRing>
                </outerBoundaryIs>
            </Polygon>
        </Placemark>
        <Placemark id="1185500">
            <name>Parcel_129110</name>
            <styleUrl>#1185505</styleUrl>
            <Polygon id="1185499">
                <outerBoundaryIs>
                    <LinearRing id="1185503">
                        <coordinates>-79.18333511908247,33.94073458724314,0.0 -79.18375704833538,33.9404451630897,0.0 -79.18410306691027,33.941229023192435,0.0 -79.18389890892124,33.941318862689116,0.0 -79.18367337780802,33.94141464131367,0.0 -79.18333511908247,33.94073458724314,0.0</coordinates>
                    </LinearRing>
                </outerBoundaryIs>
            </Polygon>
        </Placemark>
        <Placemark id="1185509">
            <name>Parcel_129111</name>
            <styleUrl>#1185514</styleUrl>
            <Polygon id="1185508">
                <outerBoundaryIs>
                    <LinearRing id="1185512">
                        <coordinates>-79.184500124151,33.94003119107558,0.0 -79.18474960866511,33.939884773484344,0.0 -79.18488028147186,33.93981969407353,0.0 -79.18539601611428,33.940525645509666,0.0 -79.18495277814411,33.940754204540866,0.0 -79.184500124151,33.94003119107558,0.0</coordinates>
                    </LinearRing>
                </outerBoundaryIs>
            </Polygon>
        </Placemark>
        <Placemark id="1185518">
            <name>Parcel_129112</name>
            <styleUrl>#1185523</styleUrl>
            <Polygon id="1185517">
                <outerBoundaryIs>
                    <LinearRing id="1185521">
                        <coordinates>-78.97486342885902,33.954897930903215,0.0 -78.97574696329204,33.954415470204744,0.0 -78.97623163889847,33.95419697631606,0.0 -78.97637567713578,33.95449022853903,0.0 -78.97648679049632,33.95472143556585,0.0 -78.97661835626273,33.95499519978745,0.0 -78.97514403203353,33.955510700074456,0.0 -78.97486342885902,33.954897930903215,0.0</coordinates>
                    </LinearRing>
                </outerBoundaryIs>
            </Polygon>
        </Placemark>
        <Placemark id="1185527">
            <name>Parcel_129113</name>
            <styleUrl>#1185532</styleUrl>
            <Polygon id="1185526">
                <outerBoundaryIs>
                    <LinearRing id="1185530">
                        <coordinates>-78.97402383648507,33.95541063290489,0.0 -78.97401100161343,33.95536339435198,0.0 -78.97444551497678,33.95512612219146,0.0 -78.97469388724568,33.955668089138584,0.0 -78.97412579917986,33.955866713151096,0.0 -78.97402383648507,33.95541063290489,0.0</coordinates>
                    </LinearRing>
                </outerBoundaryIs>
            </Polygon>
        </Placemark>
        <Placemark id="1185536">
            <name>Parcel_129114</name>
            <styleUrl>#1185541</styleUrl>
            <Polygon id="1185535">
                <outerBoundaryIs>
                    <LinearRing id="1185539">
                        <coordinates>-78.97712989161047,33.95606167475591,0.0 -78.97790261998406,33.95580341995362,0.0 -78.97790263547114,33.955803451772134,0.0 -78.9780656409684,33.956140288036686,0.0 -78.97750591705292,33.95627336236422,0.0 -78.97725767904849,33.95632838058041,0.0 -78.97712989161047,33.95606167475591,0.0</coordinates>
                    </LinearRing>
                </outerBoundaryIs>
            </Polygon>
        </Placemark>
        <Placemark id="1185545">
            <name>Parcel_129115</name>
            <styleUrl>#1185550</styleUrl>
            <Polygon id="1185544">
                <outerBoundaryIs>
                    <LinearRing id="1185548">
                        <coordinates>-78.9742381978425,33.95636946767227,0.0 -78.9769447363892,33.95567523287963,0.0 -78.97698442059804,33.95575806011595,0.0 -78.97712989161047,33.95606167475591,0.0 -78.97725767904849,33.95632838058041,0.0 -78.97585967955942,33.95663819863848,0.0 -78.97435059779629,33.95687222292999,0.0 -78.9742381978425,33.95636946767227,0.0</coordinates>
                    </LinearRing>
                </outerBoundaryIs>
            </Polygon>
        </Placemark>
        <Placemark id="1185554">
            <name>Parcel_129116</name>
            <styleUrl>#1185559</styleUrl>
            <Polygon id="1185553">
                <outerBoundaryIs>
                    <LinearRing id="1185557">
                        <coordinates>-78.91742796738338,34.05060502648139,0.0 -78.91793842281412,34.05063543110342,0.0 -78.91791487929493,34.05096465285019,0.0 -78.91790413506843,34.05096690229784,0.0 -78.91758233342864,34.051034254317926,0.0 -78.91737870201064,34.05109480012853,0.0 -78.91742796738338,34.05060502648139,0.0</coordinates>
                    </LinearRing>
                </outerBoundaryIs>
            </Polygon>
        </Placemark>
        <Placemark id="1185563">
            <name>Parcel_129117</name>
            <styleUrl>#1185568</styleUrl>
            <Polygon id="1185562">
                <outerBoundaryIs>
                    <LinearRing id="1185566">
                        <coordinates>-78.91685007142704,34.050543573862214,0.0 -78.91743065642184,34.050578139850685,0.0 -78.91742796738338,34.05060502648139,0.0 -78.91737870201064,34.05109480012853,0.0 -78.91726318744132,34.051129148178944,0.0 -78.9169665012818,34.051230008801305,0.0 -78.9167756899175,34.05129749220934,0.0 -78.91684371667407,34.05060799807461,0.0 -78.91685007142704,34.050543573862214,0.0</coordinates>
                    </LinearRing>
                </outerBoundaryIs>
            </Polygon>
        </Placemark>
        <Placemark id="1185572">
            <name>Parcel_129118</name>
            <styleUrl>#1185577</styleUrl>
            <Polygon id="1185571">
                <outerBoundaryIs>
                    <LinearRing id="1185575">
                        <coordinates>-78.86119058655686,33.72487861835306,0.0 -78.86138176731255,33.72469824700655,0.0 -78.86138183363516,33.724698184115056,0.0 -78.86140207285166,33.72467908807123,0.0 -78.86140208027034,33.72467909361123,0.0 -78.86140208658773,33.724679100034095,0.0 -78.86151349408996,33.724773758862746,0.0 -78.8615135015087,33.72477376440276,0.0 -78.86151350892737,33.72477376994276,0.0 -78.86149548224684,33.72478939026612,0.0 -78.86149538731324,33.72478947521169,0.0 -78.86129290720076,33.72496492419208,0.0 -78.86119058655686,33.72487861835306,0.0</coordinates>
                    </LinearRing>
                </outerBoundaryIs>
            </Polygon>
        </Placemark>
        <Placemark id="1185581">
            <name>Parcel_129119</name>
            <styleUrl>#1185586</styleUrl>
            <Polygon id="1185580">
                <outerBoundaryIs>
                    <LinearRing id="1185584">
                        <coordinates>-78.86096020987505,33.72474868712792,0.0 -78.86109626999325,33.724468599173335,0.0 -78.86109628482357,33.724468566959594,0.0 -78.86111323454651,33.72443367502742,0.0 -78.86111324623631,33.724433682445245,0.0 -78.86126757078432,33.72456480645126,0.0 -78.8612675802716,33.72456481563486,0.0 -78.86124711231649,33.72458987771227,0.0 -78.86124709006752,33.72458990438598,0.0 -78.86112324580208,33.72474154232906,0.0 -78.86107982960598,33.72480075758851,0.0 -78.86107085393448,33.724797851393916,0.0 -78.86102773875118,33.72477855162872,0.0 -78.86096020987505,33.72474868712792,0.0</coordinates>
                    </LinearRing>
                </outerBoundaryIs>
            </Polygon>
        </Placemark>
        <Placemark id="1185590">
            <name>Parcel_129120</name>
            <styleUrl>#1185595</styleUrl>
            <Polygon id="1185589">
                <outerBoundaryIs>
                    <LinearRing id="1185593">
                        <coordinates>-78.74987144770266,33.99389093324038,0.0 -78.74948875063501,33.99397300969373,0.0 -78.7491860310687,33.994037932212095,0.0 -78.74929720860985,33.99427244929363,0.0 -78.74889712324688,33.994390056113524,0.0 -78.74868064972631,33.99393342186922,0.0 -78.7488076415269,33.993894786534085,0.0 -78.74974202105496,33.993619161131576,0.0 -78.74987144770266,33.99389093324038,0.0</coordinates>
                    </LinearRing>
                </outerBoundaryIs>
            </Polygon>
        </Placemark>
        <Placemark id="1185599">
            <name>Parcel_129121</name>
            <styleUrl>#1185604</styleUrl>
            <Polygon id="1185598">
                <outerBoundaryIs>
                    <LinearRing id="1185602">
                        <coordinates>-78.89445460787219,33.6789997706647,0.0 -78.89408515191721,33.67864295886262,0.0 -78.89422829190406,33.67853768657509,0.0 -78.89461714744505,33.67890805102139,0.0 -78.89461679987288,33.6789223130751,0.0 -78.89461662038505,33.6789296780613,0.0 -78.89458482064757,33.678952696258385,0.0 -78.89457144723818,33.67896173329848,0.0 -78.89456423114295,33.678954242332374,0.0 -78.8945199419974,33.67895002438572,0.0 -78.89450952269749,33.67893904241397,0.0 -78.89448696758251,33.67895377850539,0.0 -78.89450139508047,33.678968952482165,0.0 -78.8944888594763,33.67897734355683,0.0 -78.89445460787219,33.6789997706647,0.0</coordinates>
                    </LinearRing>
                </outerBoundaryIs>
            </Polygon>
        </Placemark>
        <Placemark id="1185608">
            <name>Parcel_129122</name>
            <styleUrl>#1185613</styleUrl>
            <Polygon id="1185607">
                <outerBoundaryIs>
                    <LinearRing id="1185611">
                        <coordinates>-78.89445460787219,33.6789997706647,0.0 -78.89408515191721,33.67864295886262,0.0 -78.89422829190406,33.67853768657509,0.0 -78.89461714744505,33.67890805102139,0.0 -78.89461679987288,33.6789223130751,0.0 -78.89461662038505,33.6789296780613,0.0 -78.89458482064757,33.678952696258385,0.0 -78.89457144723818,33.67896173329848,0.0 -78.89456423114295,33.678954242332374,0.0 -78.8945199419974,33.67895002438572,0.0 -78.89450952269749,33.67893904241397,0.0 -78.89448696758251,33.67895377850539,0.0 -78.89450139508047,33.678968952482165,0.0 -78.8944888594763,33.67897734355683,0.0 -78.89445460787219,33.6789997706647,0.0</coordinates>
                    </LinearRing>
                </outerBoundaryIs>
            </Polygon>
        </Placemark>
        <Placemark id="1185617">
            <name>Parcel_129123</name>
            <styleUrl>#1185622</styleUrl>
            <Polygon id="1185616">
                <outerBoundaryIs>
                    <LinearRing id="1185620">
                        <coordinates>-78.89445460787219,33.6789997706647,0.0 -78.89408515191721,33.67864295886262,0.0 -78.89422829190406,33.67853768657509,0.0 -78.89461714744505,33.67890805102139,0.0 -78.89461679987288,33.6789223130751,0.0 -78.89461662038505,33.6789296780613,0.0 -78.89458482064757,33.678952696258385,0.0 -78.89457144723818,33.67896173329848,0.0 -78.89456423114295,33.678954242332374,0.0 -78.8945199419974,33.67895002438572,0.0 -78.89450952269749,33.67893904241397,0.0 -78.89448696758251,33.67895377850539,0.0 -78.89450139508047,33.678968952482165,0.0 -78.8944888594763,33.67897734355683,0.0 -78.89445460787219,33.6789997706647,0.0</coordinates>
                    </LinearRing>
                </outerBoundaryIs>
            </Polygon>
        </Placemark>
        <Placemark id="1185626">
            <name>Parcel_129124</name>
            <styleUrl>#1185631</styleUrl>
            <Polygon id="1185625">
                <outerBoundaryIs>
                    <LinearRing id="1185629">
                        <coordinates>-78.89445460787219,33.6789997706647,0.0 -78.89408515191721,33.67864295886262,0.0 -78.89422829190406,33.67853768657509,0.0 -78.89461714744505,33.67890805102139,0.0 -78.89461679987288,33.6789223130751,0.0 -78.89461662038505,33.6789296780613,0.0 -78.89458482064757,33.678952696258385,0.0 -78.89457144723818,33.67896173329848,0.0 -78.89456423114295,33.678954242332374,0.0 -78.8945199419974,33.67895002438572,0.0 -78.89450952269749,33.67893904241397,0.0 -78.89448696758251,33.67895377850539,0.0 -78.89450139508047,33.678968952482165,0.0 -78.8944888594763,33.67897734355683,0.0 -78.89445460787219,33.6789997706647,0.0</coordinates>
                    </LinearRing>
                </outerBoundaryIs>
            </Polygon>
        </Placemark>
        <Placemark id="1185635">
            <name>Parcel_129125</name>
            <styleUrl>#1185640</styleUrl>
            <Polygon id="1185634">
                <outerBoundaryIs>
                    <LinearRing id="1185638">
                        <coordinates>-79.18646724208504,33.93903285976788,0.0 -79.18715622710202,33.93869597409004,0.0 -79.187432516446,33.938914271007555,0.0 -79.18721162010098,33.93948703920483,0.0 -79.1865808092222,33.939333761009834,0.0 -79.18646724208504,33.93903285976788,0.0</coordinates>
                    </LinearRing>
                </outerBoundaryIs>
            </Polygon>
        </Placemark>
        <Placemark id="1185644">
            <name>Parcel_129126</name>
            <styleUrl>#1185649</styleUrl>
            <Polygon id="1185643">
                <outerBoundaryIs>
                    <LinearRing id="1185647">
                        <coordinates>-79.1836361597456,33.942092959482565,0.0 -79.18389890892124,33.941318862689116,0.0 -79.18411836010071,33.94137691514997,0.0 -79.18425138916993,33.94131943114743,0.0 -79.18427988393559,33.94133705133292,0.0 -79.18398644535147,33.94220684525034,0.0 -79.18377580958247,33.942123719389315,0.0 -79.18371097130394,33.94210936982461,0.0 -79.1836361597456,33.942092959482565,0.0</coordinates>
                    </LinearRing>
                </outerBoundaryIs>
            </Polygon>
        </Placemark>
        <Placemark id="1185653">
            <name>Parcel_129127</name>
            <styleUrl>#1185658</styleUrl>
            <Polygon id="1185652">
                <outerBoundaryIs>
                    <LinearRing id="1185656">
                        <coordinates>-79.18721162010098,33.93948703920483,0.0 -79.187432516446,33.938914271007555,0.0 -79.18715622710202,33.93869597409004,0.0 -79.18718709108329,33.93867201124799,0.0 -79.18721612741271,33.938646510166116,0.0 -79.18724322583319,33.938619568437566,0.0 -79.18726828358437,33.93859128737266,0.0 -79.18729120534519,33.93856177470341,0.0 -79.18731190435378,33.93853114279634,0.0 -79.18733030136362,33.93849950683308,0.0 -79.18734632893236,33.93846698667728,0.0 -79.18759695555175,33.93778644723985,0.0 -79.18767302688673,33.937579883583794,0.0 -79.18882230933667,33.93783422789575,0.0 -79.18823115067669,33.93943727972065,0.0 -79.18787929238191,33.94039120255138,0.0 -79.18721162010098,33.93948703920483,0.0</coordinates>
                    </LinearRing>
                </outerBoundaryIs>
            </Polygon>
        </Placemark>
        <Placemark id="1185662">
            <name>Parcel_129128</name>
            <styleUrl>#1185667</styleUrl>
            <Polygon id="1185661">
                <outerBoundaryIs>
                    <LinearRing id="1185665">
                        <coordinates>-78.97687768314407,33.95767309667542,0.0 -78.97733092762391,33.95675877089267,0.0 -78.9787835912129,33.95817622989617,0.0 -78.97859577794299,33.95833575222452,0.0 -78.97687768314407,33.95767309667542,0.0</coordinates>
                    </LinearRing>
                </outerBoundaryIs>
            </Polygon>
        </Placemark>
        <Placemark id="1185671">
            <name>Parcel_129129</name>
            <styleUrl>#1185676</styleUrl>
            <Polygon id="1185670">
                <outerBoundaryIs>
                    <LinearRing id="1185674">
                        <coordinates>-79.05828086137056,33.83664199671131,0.0 -79.0584421525247,33.836614320299546,0.0 -79.05839174305295,33.83640969400596,0.0 -79.05887561572827,33.83632662223,0.0 -79.058922232831,33.83652053926953,0.0 -79.05860286041325,33.83658753552971,0.0 -79.05863685082011,33.8367523390011,0.0 -79.05868837224018,33.83700242286222,0.0 -79.05838172987076,33.83705120772717,0.0 -79.05828086137056,33.83664199671131,0.0</coordinates>
                    </LinearRing>
                </outerBoundaryIs>
            </Polygon>
        </Placemark>
        <Placemark id="1185680">
            <name>Parcel_129130</name>
            <styleUrl>#1185685</styleUrl>
            <Polygon id="1185679">
                <outerBoundaryIs>
                    <LinearRing id="1185683">
                        <coordinates>-78.91485449051653,34.04989295969155,0.0 -78.91530666663809,34.04991707526866,0.0 -78.91526909461409,34.050405279764746,0.0 -78.91482488760899,34.05038159286437,0.0 -78.91485449051653,34.04989295969155,0.0</coordinates>
                    </LinearRing>
                </outerBoundaryIs>
            </Polygon>
        </Placemark>
        <Placemark id="1185689">
            <name>Parcel_129131</name>
            <styleUrl>#1185694</styleUrl>
            <Polygon id="1185688">
                <outerBoundaryIs>
                    <LinearRing id="1185692">
                        <coordinates>-78.91595898413438,34.04958876815636,0.0 -78.91599986917153,34.049165910192556,0.0 -78.91807729254138,34.0497068311196,0.0 -78.91804252776123,34.04990424357344,0.0 -78.91800673633229,34.05010820893863,0.0 -78.91689952669353,34.05004231271994,0.0 -78.91592146882651,34.0499767711021,0.0 -78.91595665669155,34.049612831661946,0.0 -78.91595898413438,34.04958876815636,0.0</coordinates>
                    </LinearRing>
                </outerBoundaryIs>
            </Polygon>
        </Placemark>
        <Placemark id="1185698">
            <name>Parcel_129132</name>
            <styleUrl>#1185703</styleUrl>
            <Polygon id="1185697">
                <outerBoundaryIs>
                    <LinearRing id="1185701">
                        <coordinates>-78.91850384249967,34.04774091442182,0.0 -78.91828570451777,34.04914897123138,0.0 -78.91816480521058,34.04811081811907,0.0 -78.91850384249967,34.04774091442182,0.0</coordinates>
                    </LinearRing>
                </outerBoundaryIs>
            </Polygon>
        </Placemark>
        <Placemark id="1185707">
            <name>Parcel_129133</name>
            <styleUrl>#1185712</styleUrl>
            <Polygon id="1185706">
                <outerBoundaryIs>
                    <LinearRing id="1185710">
                        <coordinates>-78.86315273560677,33.72278916345663,0.0 -78.86411943676684,33.7219586268654,0.0 -78.86433637013288,33.722166326233726,0.0 -78.8646118708785,33.72244866005973,0.0 -78.86363029502216,33.7232640567766,0.0 -78.86315273560677,33.72278916345663,0.0</coordinates>
                    </LinearRing>
                </outerBoundaryIs>
            </Polygon>
        </Placemark>
        <Placemark id="1185716">
            <name>Parcel_129134</name>
            <styleUrl>#1185721</styleUrl>
            <Polygon id="1185715">
                <outerBoundaryIs>
                    <LinearRing id="1185719">
                        <coordinates>-78.74841946932996,33.993084186981385,0.0 -78.74934723123879,33.99279513130769,0.0 -78.74952797252054,33.99316953150637,0.0 -78.7485933619081,33.99344591227829,0.0 -78.74841946932996,33.993084186981385,0.0</coordinates>
                    </LinearRing>
                </outerBoundaryIs>
            </Polygon>
        </Placemark>
        <Placemark id="1185725">
            <name>Parcel_129135</name>
            <styleUrl>#1185730</styleUrl>
            <Polygon id="1185724">
                <outerBoundaryIs>
                    <LinearRing id="1185728">
                        <coordinates>-78.89445460787219,33.6789997706647,0.0 -78.89408515191721,33.67864295886262,0.0 -78.89422829190406,33.67853768657509,0.0 -78.89461714744505,33.67890805102139,0.0 -78.89461679987288,33.6789223130751,0.0 -78.89461662038505,33.6789296780613,0.0 -78.89458482064757,33.678952696258385,0.0 -78.89457144723818,33.67896173329848,0.0 -78.89456423114295,33.678954242332374,0.0 -78.8945199419974,33.67895002438572,0.0 -78.89450952269749,33.67893904241397,0.0 -78.89448696758251,33.67895377850539,0.0 -78.89450139508047,33.678968952482165,0.0 -78.8944888594763,33.67897734355683,0.0 -78.89445460787219,33.6789997706647,0.0</coordinates>
                    </LinearRing>
                </outerBoundaryIs>
            </Polygon>
        </Placemark>
        <Placemark id="1185734">
            <name>Parcel_129136</name>
            <styleUrl>#1185739</styleUrl>
            <Polygon id="1185733">
                <outerBoundaryIs>
                    <LinearRing id="1185737">
                        <coordinates>-78.89445460787219,33.6789997706647,0.0 -78.89408515191721,33.67864295886262,0.0 -78.89422829190406,33.67853768657509,0.0 -78.89461714744505,33.67890805102139,0.0 -78.89461679987288,33.6789223130751,0.0 -78.89461662038505,33.6789296780613,0.0 -78.89458482064757,33.678952696258385,0.0 -78.89457144723818,33.67896173329848,0.0 -78.89456423114295,33.678954242332374,0.0 -78.8945199419974,33.67895002438572,0.0 -78.89450952269749,33.67893904241397,0.0 -78.89448696758251,33.67895377850539,0.0 -78.89450139508047,33.678968952482165,0.0 -78.8944888594763,33.67897734355683,0.0 -78.89445460787219,33.6789997706647,0.0</coordinates>
                    </LinearRing>
                </outerBoundaryIs>
            </Polygon>
        </Placemark>
        <Placemark id="1185743">
            <name>Parcel_129137</name>
            <styleUrl>#1185748</styleUrl>
            <Polygon id="1185742">
                <outerBoundaryIs>
                    <LinearRing id="1185746">
                        <coordinates>-78.89445460787219,33.6789997706647,0.0 -78.89408515191721,33.67864295886262,0.0 -78.89422829190406,33.67853768657509,0.0 -78.89461714744505,33.67890805102139,0.0 -78.89461679987288,33.6789223130751,0.0 -78.89461662038505,33.6789296780613,0.0 -78.89458482064757,33.678952696258385,0.0 -78.89457144723818,33.67896173329848,0.0 -78.89456423114295,33.678954242332374,0.0 -78.8945199419974,33.67895002438572,0.0 -78.89450952269749,33.67893904241397,0.0 -78.89448696758251,33.67895377850539,0.0 -78.89450139508047,33.678968952482165,0.0 -78.8944888594763,33.67897734355683,0.0 -78.89445460787219,33.6789997706647,0.0</coordinates>
                    </LinearRing>
                </outerBoundaryIs>
            </Polygon>
        </Placemark>
        <Placemark id="1185752">
            <name>Parcel_129138</name>
            <styleUrl>#1185757</styleUrl>
            <Polygon id="1185751">
                <outerBoundaryIs>
                    <LinearRing id="1185755">
                        <coordinates>-78.89445460787219,33.6789997706647,0.0 -78.89408515191721,33.67864295886262,0.0 -78.89422829190406,33.67853768657509,0.0 -78.89461714744505,33.67890805102139,0.0 -78.89461679987288,33.6789223130751,0.0 -78.89461662038505,33.6789296780613,0.0 -78.89458482064757,33.678952696258385,0.0 -78.89457144723818,33.67896173329848,0.0 -78.89456423114295,33.678954242332374,0.0 -78.8945199419974,33.67895002438572,0.0 -78.89450952269749,33.67893904241397,0.0 -78.89448696758251,33.67895377850539,0.0 -78.89450139508047,33.678968952482165,0.0 -78.8944888594763,33.67897734355683,0.0 -78.89445460787219,33.6789997706647,0.0</coordinates>
                    </LinearRing>
                </outerBoundaryIs>
            </Polygon>
        </Placemark>
        <Placemark id="1185761">
            <name>Parcel_129139</name>
            <styleUrl>#1185766</styleUrl>
            <Polygon id="1185760">
                <outerBoundaryIs>
                    <LinearRing id="1185764">
                        <coordinates>-78.89445460787219,33.6789997706647,0.0 -78.89408515191721,33.67864295886262,0.0 -78.89422829190406,33.67853768657509,0.0 -78.89461714744505,33.67890805102139,0.0 -78.89461679987288,33.6789223130751,0.0 -78.89461662038505,33.6789296780613,0.0 -78.89458482064757,33.678952696258385,0.0 -78.89457144723818,33.67896173329848,0.0 -78.89456423114295,33.678954242332374,0.0 -78.8945199419974,33.67895002438572,0.0 -78.89450952269749,33.67893904241397,0.0 -78.89448696758251,33.67895377850539,0.0 -78.89450139508047,33.678968952482165,0.0 -78.8944888594763,33.67897734355683,0.0 -78.89445460787219,33.6789997706647,0.0</coordinates>
                    </LinearRing>
                </outerBoundaryIs>
            </Polygon>
        </Placemark>
        <Placemark id="1185770">
            <name>Parcel_129140</name>
            <styleUrl>#1185775</styleUrl>
            <Polygon id="1185769">
                <outerBoundaryIs>
                    <LinearRing id="1185773">
                        <coordinates>-78.89445460787219,33.6789997706647,0.0 -78.89408515191721,33.67864295886262,0.0 -78.89422829190406,33.67853768657509,0.0 -78.89461714744505,33.67890805102139,0.0 -78.89461679987288,33.6789223130751,0.0 -78.89461662038505,33.6789296780613,0.0 -78.89458482064757,33.678952696258385,0.0 -78.89457144723818,33.67896173329848,0.0 -78.89456423114295,33.678954242332374,0.0 -78.8945199419974,33.67895002438572,0.0 -78.89450952269749,33.67893904241397,0.0 -78.89448696758251,33.67895377850539,0.0 -78.89450139508047,33.678968952482165,0.0 -78.8944888594763,33.67897734355683,0.0 -78.89445460787219,33.6789997706647,0.0</coordinates>
                    </LinearRing>
                </outerBoundaryIs>
            </Polygon>
        </Placemark>
        <Placemark id="1185779">
            <name>Parcel_129141</name>
            <styleUrl>#1185784</styleUrl>
            <Polygon id="1185778">
                <outerBoundaryIs>
                    <LinearRing id="1185782">
                        <coordinates>-78.89445460787219,33.6789997706647,0.0 -78.89408515191721,33.67864295886262,0.0 -78.89422829190406,33.67853768657509,0.0 -78.89461714744505,33.67890805102139,0.0 -78.89461679987288,33.6789223130751,0.0 -78.89461662038505,33.6789296780613,0.0 -78.89458482064757,33.678952696258385,0.0 -78.89457144723818,33.67896173329848,0.0 -78.89456423114295,33.678954242332374,0.0 -78.8945199419974,33.67895002438572,0.0 -78.89450952269749,33.67893904241397,0.0 -78.89448696758251,33.67895377850539,0.0 -78.89450139508047,33.678968952482165,0.0 -78.8944888594763,33.67897734355683,0.0 -78.89445460787219,33.6789997706647,0.0</coordinates>
                    </LinearRing>
                </outerBoundaryIs>
            </Polygon>
        </Placemark>
        <Placemark id="1185788">
            <name>Parcel_129142</name>
            <styleUrl>#1185793</styleUrl>
            <Polygon id="1185787">
                <outerBoundaryIs>
                    <LinearRing id="1185791">
                        <coordinates>-78.89445460787219,33.6789997706647,0.0 -78.89408515191721,33.67864295886262,0.0 -78.89422829190406,33.67853768657509,0.0 -78.89461714744505,33.67890805102139,0.0 -78.89461679987288,33.6789223130751,0.0 -78.89461662038505,33.6789296780613,0.0 -78.89458482064757,33.678952696258385,0.0 -78.89457144723818,33.67896173329848,0.0 -78.89456423114295,33.678954242332374,0.0 -78.8945199419974,33.67895002438572,0.0 -78.89450952269749,33.67893904241397,0.0 -78.89448696758251,33.67895377850539,0.0 -78.89450139508047,33.678968952482165,0.0 -78.8944888594763,33.67897734355683,0.0 -78.89445460787219,33.6789997706647,0.0</coordinates>
                    </LinearRing>
                </outerBoundaryIs>
            </Polygon>
        </Placemark>
        <Placemark id="1185797">
            <name>Parcel_129143</name>
            <styleUrl>#1185802</styleUrl>
            <Polygon id="1185796">
                <outerBoundaryIs>
                    <LinearRing id="1185800">
                        <coordinates>-78.89445460787219,33.6789997706647,0.0 -78.89408515191721,33.67864295886262,0.0 -78.89422829190406,33.67853768657509,0.0 -78.89461714744505,33.67890805102139,0.0 -78.89461679987288,33.6789223130751,0.0 -78.89461662038505,33.6789296780613,0.0 -78.89458482064757,33.678952696258385,0.0 -78.89457144723818,33.67896173329848,0.0 -78.89456423114295,33.678954242332374,0.0 -78.8945199419974,33.67895002438572,0.0 -78.89450952269749,33.67893904241397,0.0 -78.89448696758251,33.67895377850539,0.0 -78.89450139508047,33.678968952482165,0.0 -78.8944888594763,33.67897734355683,0.0 -78.89445460787219,33.6789997706647,0.0</coordinates>
                    </LinearRing>
                </outerBoundaryIs>
            </Polygon>
        </Placemark>
        <Placemark id="1185806">
            <name>Parcel_129144</name>
            <styleUrl>#1185811</styleUrl>
            <Polygon id="1185805">
                <outerBoundaryIs>
                    <LinearRing id="1185809">
                        <coordinates>-78.89445460787219,33.6789997706647,0.0 -78.89408515191721,33.67864295886262,0.0 -78.89422829190406,33.67853768657509,0.0 -78.89461714744505,33.67890805102139,0.0 -78.89461679987288,33.6789223130751,0.0 -78.89461662038505,33.6789296780613,0.0 -78.89458482064757,33.678952696258385,0.0 -78.89457144723818,33.67896173329848,0.0 -78.89456423114295,33.678954242332374,0.0 -78.8945199419974,33.67895002438572,0.0 -78.89450952269749,33.67893904241397,0.0 -78.89448696758251,33.67895377850539,0.0 -78.89450139508047,33.678968952482165,0.0 -78.8944888594763,33.67897734355683,0.0 -78.89445460787219,33.6789997706647,0.0</coordinates>
                    </LinearRing>
                </outerBoundaryIs>
            </Polygon>
        </Placemark>
        <Placemark id="1185815">
            <name>Parcel_129145</name>
            <styleUrl>#1185820</styleUrl>
            <Polygon id="1185814">
                <outerBoundaryIs>
                    <LinearRing id="1185818">
                        <coordinates>-78.89445460787219,33.6789997706647,0.0 -78.89408515191721,33.67864295886262,0.0 -78.89422829190406,33.67853768657509,0.0 -78.89461714744505,33.67890805102139,0.0 -78.89461679987288,33.6789223130751,0.0 -78.89461662038505,33.6789296780613,0.0 -78.89458482064757,33.678952696258385,0.0 -78.89457144723818,33.67896173329848,0.0 -78.89456423114295,33.678954242332374,0.0 -78.8945199419974,33.67895002438572,0.0 -78.89450952269749,33.67893904241397,0.0 -78.89448696758251,33.67895377850539,0.0 -78.89450139508047,33.678968952482165,0.0 -78.8944888594763,33.67897734355683,0.0 -78.89445460787219,33.6789997706647,0.0</coordinates>
                    </LinearRing>
                </outerBoundaryIs>
            </Polygon>
        </Placemark>
        <Placemark id="1185824">
            <name>Parcel_129146</name>
            <styleUrl>#1185829</styleUrl>
            <Polygon id="1185823">
                <outerBoundaryIs>
                    <LinearRing id="1185827">
                        <coordinates>-78.89445460787219,33.6789997706647,0.0 -78.89408515191721,33.67864295886262,0.0 -78.89422829190406,33.67853768657509,0.0 -78.89461714744505,33.67890805102139,0.0 -78.89461679987288,33.6789223130751,0.0 -78.89461662038505,33.6789296780613,0.0 -78.89458482064757,33.678952696258385,0.0 -78.89457144723818,33.67896173329848,0.0 -78.89456423114295,33.678954242332374,0.0 -78.8945199419974,33.67895002438572,0.0 -78.89450952269749,33.67893904241397,0.0 -78.89448696758251,33.67895377850539,0.0 -78.89450139508047,33.678968952482165,0.0 -78.8944888594763,33.67897734355683,0.0 -78.89445460787219,33.6789997706647,0.0</coordinates>
                    </LinearRing>
                </outerBoundaryIs>
            </Polygon>
        </Placemark>
        <Placemark id="1185833">
            <name>Parcel_129147</name>
            <styleUrl>#1185838</styleUrl>
            <Polygon id="1185832">
                <outerBoundaryIs>
                    <LinearRing id="1185836">
                        <coordinates>-79.16888347156788,34.02236847054464,0.0 -79.16775679664691,34.0221558451485,0.0 -79.16787249662795,34.02196598371665,0.0 -79.16780845844231,34.02192706818884,0.0 -79.16784768990942,34.02164094552049,0.0 -79.16822809169682,34.02168306637322,0.0 -79.16892155000896,34.02175119612384,0.0 -79.16939530957119,34.02179765602971,0.0 -79.16927039910415,34.02240841449617,0.0 -79.16888347156788,34.02236847054464,0.0</coordinates>
                    </LinearRing>
                </outerBoundaryIs>
            </Polygon>
        </Placemark>
        <Placemark id="1185842">
            <name>Parcel_129148_1</name>
            <styleUrl>#1185847</styleUrl>
            <Polygon id="1185841">
                <outerBoundaryIs>
                    <LinearRing id="1185845">
                        <coordinates>-79.1516222056863,34.028860868330575,0.0 -79.15190912052483,34.026829527379874,0.0 -79.15317529387373,34.02691364747535,0.0 -79.1535487900292,34.02643188998013,0.0 -79.15412622198971,34.02733045738922,0.0 -79.15412622829312,34.02733046650135,0.0 -79.15414652153032,34.02735756017112,0.0 -79.15460444526603,34.02796893514235,0.0 -79.1545833154753,34.02806895242633,0.0 -79.15455976297235,34.02816652847539,0.0 -79.15453549582425,34.02825893987903,0.0 -79.15450775614032,34.02835937381121,0.0 -79.15448555539709,34.02843240202908,0.0 -79.1544413085084,34.028571246033394,0.0 -79.15440081877557,34.02868884173517,0.0 -79.15435880870896,34.028800403151806,0.0 -79.15432389356343,34.028888877455486,0.0 -79.15430211254304,34.0289423266297,0.0 -79.15428386407844,34.02898500445629,0.0 -79.15425455640448,34.02904298075372,0.0 -79.15417612273873,34.029197981334356,0.0 -79.15413987605854,34.02927166094541,0.0 -79.15382295762717,34.02927032646233,0.0 -79.15370493893668,34.02926982897461,0.0 -79.15366203653981,34.029269019414755,0.0 -79.15361010470083,34.02926584165807,0.0 -79.15355821556602,34.029260775161255,0.0 -79.15351131293295,34.029254063922195,0.0 -79.15342089658276,34.02923657040453,0.0 -79.15292539190827,34.02913401986046,0.0 -79.15280213347762,34.02910847610435,0.0 -79.15280180897865,34.029108404538725,0.0 -79.15279966918467,34.029107924477856,0.0 -79.15261231152448,34.029069229144085,0.0 -79.15223188530338,34.02898900559411,0.0 -79.15162796039967,34.028861985737585,0.0 -79.1516222056863,34.028860868330575,0.0</coordinates>
                    </LinearRing>
                </outerBoundaryIs>
            </Polygon>
        </Placemark>
        <Placemark id="1185851">
            <name>Parcel_129148_2</name>
            <styleUrl>#1185856</styleUrl>
            <Polygon id="1185850">
                <outerBoundaryIs>
                    <LinearRing id="1185854">
                        <coordinates>-79.15140241391074,34.03029350224492,0.0 -79.15158833636725,34.028939049451324,0.0 -79.15160477700074,34.028942214454815,0.0 -79.15220788101689,34.02906904994088,0.0 -79.15258831231108,34.029149103185595,0.0 -79.15280606929167,34.029194263552114,0.0 -79.15280853356779,34.02919481608004,0.0 -79.15280877834417,34.02919486752052,0.0 -79.15290138712429,34.029214065223655,0.0 -79.15339853770615,34.02931681169244,0.0 -79.15349224570369,34.029334870048174,0.0 -79.15354408327705,34.02934234101056,0.0 -79.15360008914658,34.02934798460736,0.0 -79.15365696696198,34.02935140819553,0.0 -79.15370316987018,34.029352266853934,0.0 -79.15382118907999,34.02935274541076,0.0 -79.15410014466569,34.02935387603316,0.0 -79.15403962901341,34.02948148449677,0.0 -79.1539240340056,34.02971427137894,0.0 -79.15380841896956,34.029947861388784,0.0 -79.15380324219281,34.02995832147507,0.0 -79.1536893687664,34.03018769863011,0.0 -79.15357118220724,34.03042577287813,0.0 -79.15337263689788,34.03078205314129,0.0 -79.15323552422912,34.031028093691106,0.0 -79.15232807507282,34.03076650764434,0.0 -79.15139801149229,34.030498395032744,0.0 -79.15137586696181,34.030491880393505,0.0 -79.15138872917711,34.030392599971876,0.0 -79.15140241391074,34.03029350224492,0.0</coordinates>
                    </LinearRing>
                </outerBoundaryIs>
            </Polygon>
        </Placemark>
        <Placemark id="1185860">
            <name>Parcel_129149</name>
            <styleUrl>#1185865</styleUrl>
            <Polygon id="1185859">
                <outerBoundaryIs>
                    <LinearRing id="1185863">
                        <coordinates>-79.15363490947433,34.023263848411254,0.0 -79.15349420000764,34.02116750478447,0.0 -79.15390239136428,34.02122150948708,0.0 -79.15390591331774,34.02124973810721,0.0 -79.15393149152267,34.02144236320514,0.0 -79.1539910050899,34.02143804304226,0.0 -79.1547564302367,34.02138247532106,0.0 -79.1547913658698,34.021677633475804,0.0 -79.15479209735862,34.02168210936713,0.0 -79.15489543427135,34.02244386615913,0.0 -79.15493939554413,34.0228183562168,0.0 -79.1549602694603,34.0230765397964,0.0 -79.1549733799066,34.023234961756145,0.0 -79.15498169543898,34.02361699775876,0.0 -79.15497986390828,34.023663871652545,0.0 -79.15394982484558,34.023357513234544,0.0 -79.15363490947433,34.023263848411254,0.0</coordinates>
                    </LinearRing>
                </outerBoundaryIs>
            </Polygon>
        </Placemark>
        <Placemark id="1185869">
            <name>Parcel_129150</name>
            <styleUrl>#1185874</styleUrl>
            <Polygon id="1185868">
                <outerBoundaryIs>
                    <LinearRing id="1185872">
                        <coordinates>-79.15517498062545,34.02372501304708,0.0 -79.15517972783003,34.023619083077925,0.0 -79.15517161134875,34.02322777282581,0.0 -79.15516247247365,34.02311510800176,0.0 -79.15514255488466,34.02287306269504,0.0 -79.15518127358364,34.0228729014478,0.0 -79.15586996714538,34.02287002685777,0.0 -79.15597963868275,34.02284740957278,0.0 -79.15629256862653,34.02291205739836,0.0 -79.15687554887616,34.0231241286793,0.0 -79.15754269526533,34.02328016091418,0.0 -79.15753652869807,34.02397192509567,0.0 -79.15753226018786,34.02445066935645,0.0 -79.15753225868536,34.02445084068376,0.0 -79.15589781600409,34.02394758635076,0.0 -79.15573142120522,34.02389635037232,0.0 -79.15570496863023,34.02388820685938,0.0 -79.15517498062545,34.02372501304708,0.0</coordinates>
                    </LinearRing>
                </outerBoundaryIs>
            </Polygon>
        </Placemark>
        <Placemark id="1185878">
            <name>Parcel_129151</name>
            <styleUrl>#1185883</styleUrl>
            <Polygon id="1185877">
                <outerBoundaryIs>
                    <LinearRing id="1185881">
                        <coordinates>-79.15342852015158,34.03107339939068,0.0 -79.15358749155303,34.03078524958505,0.0 -79.1537840641193,34.03042893964743,0.0 -79.1537987342579,34.03039923574246,0.0 -79.15387207932675,34.03025071881214,0.0 -79.15398595236883,34.03002134059199,0.0 -79.15410674524196,34.02977711989673,0.0 -79.15422318927091,34.02954331287472,0.0 -79.15429236003808,34.029396936798406,0.0 -79.15435882679661,34.029261172095666,0.0 -79.15443724500925,34.02910703062937,0.0 -79.15446912781093,34.02904428307318,0.0 -79.15448913588062,34.02899647647178,0.0 -79.15451177614082,34.0289414942906,0.0 -79.15454756304432,34.028850799043894,0.0 -79.15459046753953,34.02873615936163,0.0 -79.15463267141658,34.02861549578027,0.0 -79.15467780835012,34.02847357253933,0.0 -79.15470006787727,34.02839779635735,0.0 -79.15472868512738,34.02829496932603,0.0 -79.15475383244573,34.02819999351698,0.0 -79.15477640862106,34.02810616359069,0.0 -79.15477648590677,34.02810584278298,0.0 -79.15523673982322,34.028697490515135,0.0 -79.15624532624868,34.029006598791014,0.0 -79.15630152116402,34.03046704900322,0.0 -79.15631537910346,34.030825800660665,0.0 -79.15635567245315,34.03186888300097,0.0 -79.15635530630807,34.03186878286928,0.0 -79.15435116510595,34.03132414579153,0.0 -79.15378220488826,34.0311695211413,0.0 -79.15377977752223,34.03116886096228,0.0 -79.15342852015158,34.03107339939068,0.0</coordinates>
                    </LinearRing>
                </outerBoundaryIs>
            </Polygon>
        </Placemark>
        <Placemark id="1185887">
            <name>Parcel_129152</name>
            <styleUrl>#1185892</styleUrl>
            <Polygon id="1185886">
                <outerBoundaryIs>
                    <LinearRing id="1185890">
                        <coordinates>-78.93922622361112,33.63920445473961,0.0 -78.93929115165159,33.639144001366525,0.0 -78.93973326032875,33.63951943090396,0.0 -78.93969247542113,33.63955282188047,0.0 -78.93922622361112,33.63920445473961,0.0</coordinates>
                    </LinearRing>
                </outerBoundaryIs>
            </Polygon>
        </Placemark>
        <Placemark id="1185896">
            <name>Parcel_129153</name>
            <styleUrl>#1185901</styleUrl>
            <Polygon id="1185895">
                <outerBoundaryIs>
                    <LinearRing id="1185899">
                        <coordinates>-78.93922622361112,33.63920445473961,0.0 -78.93969247542113,33.63955282188047,0.0 -78.93953949255044,33.63969573960375,0.0 -78.93953202165524,33.63970280353943,0.0 -78.93906755193967,33.639352636379115,0.0 -78.93922622361112,33.63920445473961,0.0</coordinates>
                    </LinearRing>
                </outerBoundaryIs>
            </Polygon>
        </Placemark>
        <Placemark id="1185905">
            <name>Parcel_129154</name>
            <styleUrl>#1185910</styleUrl>
            <Polygon id="1185904">
                <outerBoundaryIs>
                    <LinearRing id="1185908">
                        <coordinates>-78.94310028444292,33.641201966694545,0.0 -78.94321115495966,33.64110089208461,0.0 -78.94334642601623,33.64118304134262,0.0 -78.94335533039882,33.641188688754944,0.0 -78.94325587755894,33.64129338909395,0.0 -78.94324614767109,33.641287901105855,0.0 -78.94310434335364,33.64120409702809,0.0 -78.94310028444292,33.641201966694545,0.0</coordinates>
                    </LinearRing>
                </outerBoundaryIs>
            </Polygon>
        </Placemark>
        <Placemark id="1185914">
            <name>Parcel_129155</name>
            <styleUrl>#1185919</styleUrl>
            <Polygon id="1185913">
                <outerBoundaryIs>
                    <LinearRing id="1185917">
                        <coordinates>-78.94166726503963,33.63950953487959,0.0 -78.94174623276677,33.639402431746696,0.0 -78.94186108766549,33.6394628600703,0.0 -78.94187607740945,33.63947074659324,0.0 -78.94180278163792,33.63958120845446,0.0 -78.94166726503963,33.63950953487959,0.0</coordinates>
                    </LinearRing>
                </outerBoundaryIs>
            </Polygon>
        </Placemark>
        <Placemark id="1185923">
            <name>Parcel_129156</name>
            <styleUrl>#1185928</styleUrl>
            <Polygon id="1185922">
                <outerBoundaryIs>
                    <LinearRing id="1185926">
                        <coordinates>-78.93668755492912,33.64161906503028,0.0 -78.93685309951732,33.641465472184834,0.0 -78.93731359483355,33.64186457325528,0.0 -78.93718006497399,33.64195065908583,0.0 -78.93711987153911,33.641993813478884,0.0 -78.93668755492912,33.64161906503028,0.0</coordinates>
                    </LinearRing>
                </outerBoundaryIs>
            </Polygon>
        </Placemark>
        <Placemark id="1185932">
            <name>Parcel_129157</name>
            <styleUrl>#1185937</styleUrl>
            <Polygon id="1185931">
                <outerBoundaryIs>
                    <LinearRing id="1185935">
                        <coordinates>-78.93968466343225,33.64174383939235,0.0 -78.93978738018194,33.641709296670804,0.0 -78.93994441358221,33.641671193130605,0.0 -78.93995921079929,33.64167092395174,0.0 -78.94023393245168,33.642038909655504,0.0 -78.93996364791487,33.64217426476939,0.0 -78.93968466343225,33.64174383939235,0.0</coordinates>
                    </LinearRing>
                </outerBoundaryIs>
            </Polygon>
        </Placemark>
        <Placemark id="1185941">
            <name>Parcel_129158</name>
            <styleUrl>#1185946</styleUrl>
            <Polygon id="1185940">
                <outerBoundaryIs>
                    <LinearRing id="1185944">
                        <coordinates>-78.93793660255183,33.64040917905527,0.0 -78.9381013250586,33.64025536521878,0.0 -78.93871915017772,33.640740848157584,0.0 -78.93867014526627,33.64079616153792,0.0 -78.93862013739874,33.640850843035196,0.0 -78.93856913765458,33.64090488020572,0.0 -78.93793660255183,33.64040917905527,0.0</coordinates>
                    </LinearRing>
                </outerBoundaryIs>
            </Polygon>
        </Placemark>
        <Placemark id="1185950">
            <name>Parcel_129159</name>
            <styleUrl>#1185955</styleUrl>
            <Polygon id="1185949">
                <outerBoundaryIs>
                    <LinearRing id="1185953">
                        <coordinates>-78.93871611656107,33.64108051588927,0.0 -78.93876784162785,33.64102712934093,0.0 -78.93881864425626,33.64097312578163,0.0 -78.93886851444461,33.64091851767276,0.0 -78.93939856558835,33.641356204000004,0.0 -78.9392923044691,33.64155628425474,0.0 -78.93871611656107,33.64108051588927,0.0</coordinates>
                    </LinearRing>
                </outerBoundaryIs>
            </Polygon>
        </Placemark>
        <Placemark id="1185959">
            <name>Parcel_129160</name>
            <styleUrl>#1185964</styleUrl>
            <Polygon id="1185958">
                <outerBoundaryIs>
                    <LinearRing id="1185962">
                        <coordinates>-78.94166344820927,33.642326486811754,0.0 -78.94166519002418,33.642325978269845,0.0 -78.9419605178589,33.6422395118819,0.0 -78.94198203244339,33.64223316879379,0.0 -78.94226255288531,33.642150901638246,0.0 -78.94230984347371,33.64220100152315,0.0 -78.9423508347891,33.642239484904735,0.0 -78.9423596737916,33.64224788043753,0.0 -78.94248268066904,33.64236195736716,0.0 -78.94254692484407,33.64245924713479,0.0 -78.94262287199842,33.64254814159416,0.0 -78.94265220466588,33.642593131295754,0.0 -78.94175387925907,33.64258413780983,0.0 -78.94174770274898,33.64258407549842,0.0 -78.94173379291747,33.64249948540609,0.0 -78.94173047615672,33.64247932210542,0.0 -78.94170198147515,33.64239912143242,0.0 -78.94167530277701,33.64234627193428,0.0 -78.94166915871627,33.64233601813891,0.0 -78.94166344820927,33.642326486811754,0.0</coordinates>
                    </LinearRing>
                </outerBoundaryIs>
            </Polygon>
        </Placemark>
        <Placemark id="1185968">
            <name>Parcel_129161</name>
            <styleUrl>#1185973</styleUrl>
            <Polygon id="1185967">
                <outerBoundaryIs>
                    <LinearRing id="1185971">
                        <coordinates>-78.93812332461115,33.640234832407344,0.0 -78.93826543693294,33.640102081246134,0.0 -78.9388721348543,33.64055629836546,0.0 -78.93880631789764,33.64063809756582,0.0 -78.93873840630027,33.64071869105382,0.0 -78.93812332461115,33.640234832407344,0.0</coordinates>
                    </LinearRing>
                </outerBoundaryIs>
            </Polygon>
        </Placemark>
        <Placemark id="1185977">
            <name>Parcel_129162</name>
            <styleUrl>#1185982</styleUrl>
            <Polygon id="1185976">
                <outerBoundaryIs>
                    <LinearRing id="1185980">
                        <coordinates>-78.93992437473271,33.63964614799614,0.0 -78.93969247542113,33.63955282188047,0.0 -78.93973326032875,33.63951943090396,0.0 -78.93929115165159,33.639144001366525,0.0 -78.93939021945351,33.63905170764718,0.0 -78.94058248334947,33.64006747380447,0.0 -78.94052852399106,33.64011169882592,0.0 -78.93992437473271,33.63964614799614,0.0</coordinates>
                    </LinearRing>
                </outerBoundaryIs>
            </Polygon>
        </Placemark>
        <Placemark id="1185986">
            <name>Parcel_129163</name>
            <styleUrl>#1185991</styleUrl>
            <Polygon id="1185985">
                <outerBoundaryIs>
                    <LinearRing id="1185989">
                        <coordinates>-78.93875244039025,33.63964700150235,0.0 -78.93890958980815,33.63950020731288,0.0 -78.93938187821604,33.63985582336228,0.0 -78.93933503925217,33.63990893268277,0.0 -78.93928985868567,33.639963038342124,0.0 -78.9392463665245,33.64001810296075,0.0 -78.93875244039025,33.63964700150235,0.0</coordinates>
                    </LinearRing>
                </outerBoundaryIs>
            </Polygon>
        </Placemark>
        <Placemark id="1185995">
            <name>Parcel_129164</name>
            <styleUrl>#1186000</styleUrl>
            <Polygon id="1185994">
                <outerBoundaryIs>
                    <LinearRing id="1185998">
                        <coordinates>-78.93903775210833,33.64074196763962,0.0 -78.93908174789264,33.64068393776641,0.0 -78.93912474349027,33.64062538610182,0.0 -78.93916672786526,33.640566323286215,0.0 -78.93979213182939,33.64105516872749,0.0 -78.93964157437716,33.64121923444738,0.0 -78.93903775210833,33.64074196763962,0.0</coordinates>
                    </LinearRing>
                </outerBoundaryIs>
            </Polygon>
        </Placemark>
        <Placemark id="1186004">
            <name>Parcel_129165</name>
            <styleUrl>#1186009</styleUrl>
            <Polygon id="1186003">
                <outerBoundaryIs>
                    <LinearRing id="1186007">
                        <coordinates>-78.93816259174817,33.64156872337103,0.0 -78.93862917642868,33.64193518750317,0.0 -78.9384347586762,33.64203661107238,0.0 -78.9384335858966,33.64203722376902,0.0 -78.93837660983662,33.64199534074876,0.0 -78.93796654733332,33.64169390797385,0.0 -78.93806381349482,33.64163048727896,0.0 -78.93816259174817,33.64156872337103,0.0</coordinates>
                    </LinearRing>
                </outerBoundaryIs>
            </Polygon>
        </Placemark>
        <Placemark id="1186013">
            <name>Parcel_129166</name>
            <styleUrl>#1186018</styleUrl>
            <Polygon id="1186012">
                <outerBoundaryIs>
                    <LinearRing id="1186016">
                        <coordinates>-78.99281342207928,33.67312694801027,0.0 -78.99288417755234,33.672858334490925,0.0 -78.99327203726398,33.67305325989681,0.0 -78.99327278607049,33.673056364791734,0.0 -78.99327271424302,33.673059457264074,0.0 -78.9932726344789,33.67306289144115,0.0 -78.99327252277983,33.673067700551236,0.0 -78.99327161438208,33.673071466715136,0.0 -78.9932715306182,33.67307507309696,0.0 -78.99327062514173,33.67307866703861,0.0 -78.99326889799448,33.67308224673708,0.0 -78.99326717484684,33.67308565423071,0.0 -78.99326627227056,33.67308907685174,0.0 -78.99326372740997,33.67309247190529,0.0 -78.99326200929809,33.6730957090148,0.0 -78.9932594724157,33.673098760560386,0.0 -78.99325693447575,33.67310181118681,0.0 -78.9932544015718,33.673104691429145,0.0 -78.99325105099653,33.67310738522328,0.0 -78.993247704358,33.67310990951743,0.0 -78.99324435881852,33.67311243292742,0.0 -78.9932410202001,33.673114611910286,0.0 -78.99323681493911,33.673118666376126,0.0 -78.99323261471395,33.67312255045779,0.0 -78.99322840758805,33.67312677806469,0.0 -78.99322502001816,33.6731310180768,0.0 -78.99322162952642,33.67313543031103,0.0 -78.99321823505545,33.67314001384828,0.0 -78.99321484056318,33.67314459828709,0.0 -78.99321144209162,33.67314935402887,0.0 -78.99320886531204,33.67315412311267,0.0 -78.9932062845323,33.67315906440109,0.0 -78.99320452256505,33.673164189450624,0.0 -78.99320194070644,33.673169130721455,0.0 -78.99320017763945,33.67317425665502,0.0 -78.99281342207928,33.67312694801027,0.0</coordinates>
                    </LinearRing>
                </outerBoundaryIs>
            </Polygon>
        </Placemark>
        <Placemark id="1186022">
            <name>Parcel_129167</name>
            <styleUrl>#1186027</styleUrl>
            <Polygon id="1186021">
                <outerBoundaryIs>
                    <LinearRing id="1186025">
                        <coordinates>-78.99329773125332,33.67128828429219,0.0 -78.99336225949875,33.67103425557566,0.0 -78.99343753250922,33.67106128119974,0.0 -78.99373428879404,33.67116491410454,0.0 -78.99372564820385,33.67118298752642,0.0 -78.9937186451796,33.67120142936491,0.0 -78.99371164105311,33.67121987208699,0.0 -78.99370627227448,33.67123868589576,0.0 -78.99370090245709,33.67125749788356,0.0 -78.99369638435539,33.67127512231934,0.0 -78.99369631654335,33.67127804258802,0.0 -78.99367571898321,33.67135090299472,0.0 -78.99329773125332,33.67128828429219,0.0</coordinates>
                    </LinearRing>
                </outerBoundaryIs>
            </Polygon>
        </Placemark>
        <Placemark id="1186031">
            <name>Parcel_129168</name>
            <styleUrl>#1186036</styleUrl>
            <Polygon id="1186030">
                <outerBoundaryIs>
                    <LinearRing id="1186034">
                        <coordinates>-78.99323776769371,33.671515936923356,0.0 -78.99327605329879,33.671370583891225,0.0 -78.99329773125332,33.67128828429219,0.0 -78.99367571898321,33.67135090299472,0.0 -78.99361861974833,33.67157969814354,0.0 -78.99323776769371,33.671515936923356,0.0</coordinates>
                    </LinearRing>
                </outerBoundaryIs>
            </Polygon>
        </Placemark>
        <Placemark id="1186040">
            <name>Parcel_129169</name>
            <styleUrl>#1186045</styleUrl>
            <Polygon id="1186039">
                <outerBoundaryIs>
                    <LinearRing id="1186043">
                        <coordinates>-78.99311784784516,33.671971213344555,0.0 -78.99313040478249,33.67192354160091,0.0 -78.99317752217404,33.67174466185483,0.0 -78.99356322448828,33.67180594319398,0.0 -78.99350604887925,33.6720380011485,0.0 -78.99311784784516,33.671971213344555,0.0</coordinates>
                    </LinearRing>
                </outerBoundaryIs>
            </Polygon>
        </Placemark>
        <Placemark id="1186049">
            <name>Parcel_129170</name>
            <styleUrl>#1186054</styleUrl>
            <Polygon id="1186048">
                <outerBoundaryIs>
                    <LinearRing id="1186052">
                        <coordinates>-78.99279478292125,33.673888109733106,0.0 -78.99274182798267,33.67385519221526,0.0 -78.9926440658531,33.67379442573575,0.0 -78.99264019255938,33.673791896935036,0.0 -78.99263272967994,33.673787025230276,0.0 -78.9926384272197,33.673765314380944,0.0 -78.99267274762546,33.673634522037965,0.0 -78.99273421051613,33.67342766473485,0.0 -78.99291274139466,33.67351666199964,0.0 -78.99291598605761,33.673518528483925,0.0 -78.99331264848455,33.673746694965644,0.0 -78.99354546644061,33.673880199313025,0.0 -78.9937815229807,33.67401581760162,0.0 -78.99401352250507,33.67414913638515,0.0 -78.99424877985786,33.674283880334215,0.0 -78.99441742866027,33.67438094694746,0.0 -78.99445644174826,33.674403401434894,0.0 -78.9947442295156,33.67456826730606,0.0 -78.9947444296514,33.67456838239313,0.0 -78.99430743170596,33.674696340037976,0.0 -78.99430741146836,33.67469632888636,0.0 -78.99416640488451,33.67462163499032,0.0 -78.99368974398892,33.674369133746694,0.0 -78.99299275811809,33.67399991420538,0.0 -78.99290594201698,33.67395088489493,0.0 -78.99279478292125,33.673888109733106,0.0</coordinates>
                    </LinearRing>
                </outerBoundaryIs>
            </Polygon>
        </Placemark>
        <Placemark id="1186058">
            <name>Parcel_129171</name>
            <styleUrl>#1186063</styleUrl>
            <Polygon id="1186057">
                <outerBoundaryIs>
                    <LinearRing id="1186061">
                        <coordinates>-78.99291274139466,33.67351666199964,0.0 -78.9929160817753,33.67351440819338,0.0 -78.99323342095289,33.673300224988104,0.0 -78.9932382543139,33.67330442621452,0.0 -78.9932430927116,33.6733084570567,0.0 -78.99324711341569,33.67331230235218,0.0 -78.99325278148673,33.67331600302797,0.0 -78.99325763188504,33.67331951725543,0.0 -78.99326330791465,33.67332287532448,0.0 -78.99326816734971,33.673326046962785,0.0 -78.99327385140055,33.67332905972028,0.0 -78.99327953943056,33.67333190117438,0.0 -78.99328605713347,33.673334412461934,0.0 -78.9932917531427,33.67333691040767,0.0 -78.99329827774646,33.6733390781692,0.0 -78.99330398571348,33.673341061303404,0.0 -78.99331051939552,33.67334288467237,0.0 -78.99331706209261,33.673344366353895,0.0 -78.99332360771123,33.67334567581278,0.0 -78.99333015735064,33.673346812165015,0.0 -78.99333670989056,33.67334777719624,0.0 -78.99334327252363,33.673348400557536,0.0 -78.99334983809901,33.67334885079464,0.0 -78.993356407674,33.673349128826615,0.0 -78.99336215155529,33.673349565721985,0.0 -78.99336789145802,33.67335017392017,0.0 -78.99337280168848,33.673351112284976,0.0 -78.99337853357139,33.67335206579375,0.0 -78.99338425859659,33.67335336102442,0.0 -78.99338915177196,33.67335498728838,0.0 -78.99339404602588,33.67335661356962,0.0 -78.99339975403814,33.67335859489618,0.0 -78.99340463741429,33.67336073600551,0.0 -78.9934095146345,33.67336304928439,0.0 -78.99341438895479,33.67336553388369,0.0 -78.99341843868085,33.67336817646277,0.0 -78.99342330394539,33.67337100455206,0.0 -78.99342734169463,33.67337416284342,0.0 -78.99343137726646,33.67337732200127,0.0 -78.9934692948654,33.67340817769445,0.0 -78.99350805919771,33.67343801620988,0.0 -78.9935452468856,33.67346490864979,0.0 -78.9935476691635,33.67346683843082,0.0 -78.99331264848455,33.673746694965644,0.0 -78.99291598605761,33.673518528483925,0.0 -78.99291274139466,33.67351666199964,0.0</coordinates>
                    </LinearRing>
                </outerBoundaryIs>
            </Polygon>
        </Placemark>
        <Placemark id="1186067">
            <name>Parcel_129172</name>
            <styleUrl>#1186072</styleUrl>
            <Polygon id="1186066">
                <outerBoundaryIs>
                    <LinearRing id="1186070">
                        <coordinates>-78.99273421051613,33.67342766473485,0.0 -78.99280929307764,33.6731426242377,0.0 -78.99281342207928,33.67312694801027,0.0 -78.99320017763945,33.67317425665502,0.0 -78.9931974572189,33.67318520978146,0.0 -78.99319650788611,33.67319069166336,0.0 -78.99319555853225,33.67319617444683,0.0 -78.99319460625672,33.67320182945247,0.0 -78.99319447859546,33.673207325578076,0.0 -78.99319434695524,33.67321299300684,0.0 -78.99319503990857,33.6732185024571,0.0 -78.99319490824742,33.67322417078737,0.0 -78.99319642289393,33.67322969357977,0.0 -78.99319711910341,33.673235202180926,0.0 -78.99319863375025,33.67324072497329,0.0 -78.9932001534336,33.67324607738159,0.0 -78.993201673159,33.673251427986685,0.0 -78.99320401457793,33.67325679193388,0.0 -78.99320635997603,33.673261984577884,0.0 -78.99320870537444,33.67326717722184,0.0 -78.99321187644549,33.67327221190466,0.0 -78.99321504753786,33.6732772456858,0.0 -78.99321822260947,33.673282108163754,0.0 -78.99322140166035,33.673286799338456,0.0 -78.99322540748338,33.67329133166788,0.0 -78.99322941115017,33.673295863962096,0.0 -78.99323342095289,33.673300224988104,0.0 -78.9929160817753,33.67351440819338,0.0 -78.99291274139466,33.67351666199964,0.0 -78.99273421051613,33.67342766473485,0.0</coordinates>
                    </LinearRing>
                </outerBoundaryIs>
            </Polygon>
        </Placemark>
        <Placemark id="1186076">
            <name>Parcel_129173</name>
            <styleUrl>#1186081</styleUrl>
            <Polygon id="1186075">
                <outerBoundaryIs>
                    <LinearRing id="1186079">
                        <coordinates>-78.99288417755234,33.672858334490925,0.0 -78.99288930274452,33.67283887368241,0.0 -78.99293526170138,33.67266439651438,0.0 -78.99293828682809,33.67265291168914,0.0 -78.99333140421318,33.67272690872419,0.0 -78.99328491631718,33.6729234027014,0.0 -78.99328402789902,33.67292630874344,0.0 -78.99328035417246,33.67294291595967,0.0 -78.99327746224256,33.67296125405668,0.0 -78.9932745692541,33.67297959123449,0.0 -78.99327332178179,33.67299795603206,0.0 -78.99327207325156,33.673016319910495,0.0 -78.9932716463911,33.673034698032055,0.0 -78.9932721170281,33.673049825719744,0.0 -78.99327203726398,33.67305325989681,0.0 -78.99288417755234,33.672858334490925,0.0</coordinates>
                    </LinearRing>
                </outerBoundaryIs>
            </Polygon>
        </Placemark>
        <Placemark id="1186085">
            <name>Parcel_129174</name>
            <styleUrl>#1186090</styleUrl>
            <Polygon id="1186084">
                <outerBoundaryIs>
                    <LinearRing id="1186088">
                        <coordinates>-78.99286157257157,33.67129348059234,0.0 -78.99285950544817,33.671266375418526,0.0 -78.99285488204319,33.67123949029065,0.0 -78.99284773182806,33.67121299615275,0.0 -78.99283809955892,33.67118705607973,0.0 -78.99336225949875,33.67103425557566,0.0 -78.99329773125332,33.67128828429219,0.0 -78.99327605329879,33.671370583891225,0.0 -78.99324053777418,33.671363976874744,0.0 -78.99286157257157,33.67129348059234,0.0</coordinates>
                    </LinearRing>
                </outerBoundaryIs>
            </Polygon>
        </Placemark>
        <Placemark id="1186094">
            <name>Parcel_129175</name>
            <styleUrl>#1186099</styleUrl>
            <Polygon id="1186093">
                <outerBoundaryIs>
                    <LinearRing id="1186097">
                        <coordinates>-78.992629929207,33.67221938234614,0.0 -78.99267801040716,33.67203677179311,0.0 -78.99305605680802,33.67210683335706,0.0 -78.9930809127152,33.672111439101315,0.0 -78.99305734621689,33.67220090543678,0.0 -78.99303283313152,33.67229396864778,0.0 -78.99301029071437,33.67228979551156,0.0 -78.992629929207,33.67221938234614,0.0</coordinates>
                    </LinearRing>
                </outerBoundaryIs>
            </Polygon>
        </Placemark>
        <Placemark id="1186103">
            <name>Parcel_129176</name>
            <styleUrl>#1186108</styleUrl>
            <Polygon id="1186102">
                <outerBoundaryIs>
                    <LinearRing id="1186106">
                        <coordinates>-78.99105371176913,33.67192541447697,0.0 -78.99114487439735,33.67191045850696,0.0 -78.99122852459642,33.6718684124809,0.0 -78.99143553132394,33.672156288986514,0.0 -78.99129572055908,33.67223278639556,0.0 -78.99127037267301,33.67224553907127,0.0 -78.99124399306177,33.67225673356437,0.0 -78.99121672005725,33.67226631259485,0.0 -78.99118869182375,33.67227422609545,0.0 -78.99116005600017,33.67228043407445,0.0 -78.9911309611571,33.67228490286884,0.0 -78.99105371176913,33.67192541447697,0.0</coordinates>
                    </LinearRing>
                </outerBoundaryIs>
            </Polygon>
        </Placemark>
        <Placemark id="1186112">
            <name>Parcel_129177</name>
            <styleUrl>#1186117</styleUrl>
            <Polygon id="1186111">
                <outerBoundaryIs>
                    <LinearRing id="1186115">
                        <coordinates>-78.99083961206988,33.671960538770584,0.0 -78.99083976691973,33.67196051332788,0.0 -78.99105371176913,33.67192541447697,0.0 -78.9911309611571,33.67228490286884,0.0 -78.99111080488115,33.67228695094053,0.0 -78.99109055259377,33.6722881640595,0.0 -78.99097243176695,33.67229278573591,0.0 -78.99097227090785,33.672292791238476,0.0 -78.99095839565375,33.672292352830624,0.0 -78.99094480731303,33.672289967295754,0.0 -78.99093189263702,33.67228570315457,0.0 -78.99092002096506,33.672279681859074,0.0 -78.9909095313263,33.67227207577892,0.0 -78.99090072290265,33.672263100831096,0.0 -78.99089384644395,33.6722530145361,0.0 -78.99088910020629,33.67224210512904,0.0 -78.99088661722195,33.672230682332916,0.0 -78.99087785603098,33.67216280361348,0.0 -78.9908670966623,33.67209512691253,0.0 -78.99085434576726,33.67202769112083,0.0 -78.99083961206988,33.671960538770584,0.0</coordinates>
                    </LinearRing>
                </outerBoundaryIs>
            </Polygon>
        </Placemark>
        <Placemark id="1186121">
            <name>Parcel_129178</name>
            <styleUrl>#1186126</styleUrl>
            <Polygon id="1186120">
                <outerBoundaryIs>
                    <LinearRing id="1186124">
                        <coordinates>-78.99258043393381,33.67240736348553,0.0 -78.992629929207,33.67221938234614,0.0 -78.99301029071437,33.67228979551156,0.0 -78.99303283313152,33.67229396864778,0.0 -78.99299720615335,33.67242922881768,0.0 -78.99298334061895,33.672481866999426,0.0 -78.99296364876955,33.672478225388005,0.0 -78.99258043393381,33.67240736348553,0.0</coordinates>
                    </LinearRing>
                </outerBoundaryIs>
            </Polygon>
        </Placemark>
        <Placemark id="1186130">
            <name>Parcel_129179</name>
            <styleUrl>#1186135</styleUrl>
            <Polygon id="1186129">
                <outerBoundaryIs>
                    <LinearRing id="1186133">
                        <coordinates>-78.99216691568247,33.67244606047694,0.0 -78.99220739157835,33.672100574937225,0.0 -78.99223206756376,33.67210475131446,0.0 -78.99239868540414,33.6721354197894,0.0 -78.99241104153067,33.672138561714846,0.0 -78.99242265767786,33.67214328082969,0.0 -78.99243324851071,33.672149461561126,0.0 -78.99244255219749,33.67215695173884,0.0 -78.99245033897371,33.67216556543982,0.0 -78.99245641955939,33.672175092144606,0.0 -78.99246064190262,33.672185297586154,0.0 -78.99246290293706,33.672195928450314,0.0 -78.99246314828817,33.672206724998524,0.0 -78.99246136905964,33.672217420113284,0.0 -78.9923903400804,33.672487185270164,0.0 -78.99216691568247,33.67244606047694,0.0</coordinates>
                    </LinearRing>
                </outerBoundaryIs>
            </Polygon>
        </Placemark>
        <Placemark id="1186139">
            <name>Parcel_129180</name>
            <styleUrl>#1186144</styleUrl>
            <Polygon id="1186138">
                <outerBoundaryIs>
                    <LinearRing id="1186142">
                        <coordinates>-78.99241970150968,33.672978060862896,0.0 -78.99243645686562,33.672973867548,0.0 -78.99245258598735,33.672968212844204,0.0 -78.99246790618474,33.67296115962564,0.0 -78.99248224621059,33.67295278899099,0.0 -78.9924954431931,33.67294319299827,0.0 -78.9925073500169,33.6729324820002,0.0 -78.99279997241022,33.67313613766953,0.0 -78.99280929307764,33.6731426242377,0.0 -78.99273421051613,33.67342766473485,0.0 -78.99262368369563,33.67345949466646,0.0 -78.99261800585847,33.67344609348659,0.0 -78.99241970150968,33.672978060862896,0.0</coordinates>
                    </LinearRing>
                </outerBoundaryIs>
            </Polygon>
        </Placemark>
        <Placemark id="1186148">
            <name>Parcel_129181</name>
            <styleUrl>#1186153</styleUrl>
            <Polygon id="1186147">
                <outerBoundaryIs>
                    <LinearRing id="1186151">
                        <coordinates>-78.99217875081105,33.67327908210848,0.0 -78.99231004415572,33.672968548177884,0.0 -78.9923273800866,33.672974465987934,0.0 -78.99234540773628,33.67297870209888,0.0 -78.99236389326308,33.67298119949764,0.0 -78.99238259896154,33.6729819281666,0.0 -78.99240128237307,33.67298087695174,0.0 -78.99241970150968,33.672978060862896,0.0 -78.99261800585847,33.67344609348659,0.0 -78.99262368369563,33.67345949466646,0.0 -78.99240499299823,33.673522472875185,0.0 -78.992406224457,33.673508983688244,0.0 -78.9924193576479,33.67336513807036,0.0 -78.99217875081105,33.67327908210848,0.0</coordinates>
                    </LinearRing>
                </outerBoundaryIs>
            </Polygon>
        </Placemark>
        <Placemark id="1186157">
            <name>Parcel_129182</name>
            <styleUrl>#1186162</styleUrl>
            <Polygon id="1186156">
                <outerBoundaryIs>
                    <LinearRing id="1186160">
                        <coordinates>-78.99075401354828,33.6733116876299,0.0 -78.99077265077244,33.673259421285664,0.0 -78.99079005326645,33.67320685706945,0.0 -78.99079008466695,33.67320675926895,0.0 -78.9907906073143,33.67320511271324,0.0 -78.99081319331576,33.673129765079345,0.0 -78.99083324292317,33.673053917122694,0.0 -78.99085074071994,33.67297762902349,0.0 -78.99085091897139,33.67297757149151,0.0 -78.9912155039827,33.67285923178947,0.0 -78.99141073725738,33.672795860034505,0.0 -78.99149496676824,33.672824005567534,0.0 -78.9919237130413,33.67296727120258,0.0 -78.99194092926113,33.67298938498542,0.0 -78.99216172731951,33.67327299347704,0.0 -78.99217875081105,33.67327908210848,0.0 -78.9924193576479,33.67336513807036,0.0 -78.992406224457,33.673508983688244,0.0 -78.99240499299823,33.673522472875185,0.0 -78.99230341689596,33.673551724071324,0.0 -78.9910289947293,33.673918719363954,0.0 -78.9909436048907,33.67394330889218,0.0 -78.99093434977348,33.67394597428872,0.0 -78.99075397914923,33.67367219532771,0.0 -78.99080464457296,33.67332476443569,0.0 -78.99075401354828,33.6733116876299,0.0</coordinates>
                    </LinearRing>
                </outerBoundaryIs>
            </Polygon>
        </Placemark>
        <Placemark id="1186166">
            <name>Parcel_129183</name>
            <styleUrl>#1186171</styleUrl>
            <Polygon id="1186165">
                <outerBoundaryIs>
                    <LinearRing id="1186169">
                        <coordinates>-78.90636694910766,33.7416504247245,0.0 -78.9067970798031,33.74148605915331,0.0 -78.90689662896358,33.74165543963163,0.0 -78.90648233195719,33.741845332371405,0.0 -78.9064505758228,33.74179788499271,0.0 -78.90642048509197,33.74174961165669,0.0 -78.90639288534382,33.74170034775446,0.0 -78.90636694910766,33.7416504247245,0.0</coordinates>
                    </LinearRing>
                </outerBoundaryIs>
            </Polygon>
        </Placemark>
        <Placemark id="1186175">
            <name>Parcel_129184</name>
            <styleUrl>#1186180</styleUrl>
            <Polygon id="1186174">
                <outerBoundaryIs>
                    <LinearRing id="1186178">
                        <coordinates>-78.90648233195719,33.741845332371405,0.0 -78.90689662896358,33.74165543963163,0.0 -78.90700015275144,33.74183055776855,0.0 -78.90661510206307,33.742035722317546,0.0 -78.90657842729797,33.741987507158356,0.0 -78.90654500353867,33.741941063401775,0.0 -78.90651242381331,33.74189360661138,0.0 -78.90648233195719,33.741845332371405,0.0</coordinates>
                    </LinearRing>
                </outerBoundaryIs>
            </Polygon>
        </Placemark>
        <Placemark id="1186184">
            <name>Parcel_129185</name>
            <styleUrl>#1186189</styleUrl>
            <Polygon id="1186183">
                <outerBoundaryIs>
                    <LinearRing id="1186187">
                        <coordinates>-78.90661510206307,33.742035722317546,0.0 -78.90700015275144,33.74183055776855,0.0 -78.90717558538731,33.74195792531733,0.0 -78.90682134604182,33.74218165242208,0.0 -78.90680767865882,33.74216853512075,0.0 -78.90679232916169,33.74215693437404,0.0 -78.90677529337489,33.74214702238103,0.0 -78.9067573893703,33.74213898886377,0.0 -78.90673779076748,33.74213298669557,0.0 -78.90671731983493,33.7421290324971,0.0 -78.90670422910758,33.74212606184235,0.0 -78.90669117894873,33.742121373677776,0.0 -78.90667981510823,33.74211499585591,0.0 -78.90667013669206,33.74210709882863,0.0 -78.90666130954804,33.74209784435734,0.0 -78.90661510206307,33.742035722317546,0.0</coordinates>
                    </LinearRing>
                </outerBoundaryIs>
            </Polygon>
        </Placemark>
        <Placemark id="1186193">
            <name>Parcel_129186</name>
            <styleUrl>#1186198</styleUrl>
            <Polygon id="1186192">
                <outerBoundaryIs>
                    <LinearRing id="1186196">
                        <coordinates>-79.06825440988494,33.84190462609578,0.0 -79.0682107573496,33.84188130670849,0.0 -79.068400626352,33.84171942106453,0.0 -79.0675616237787,33.84103423721131,0.0 -79.06764642249435,33.84097389340496,0.0 -79.06782308945868,33.840860865683325,0.0 -79.06797060326676,33.84076648861891,0.0 -79.06812980370471,33.840664874712,0.0 -79.06825447821818,33.84058529825502,0.0 -79.0683087931272,33.84055107624695,0.0 -79.0684625440516,33.840454203853376,0.0 -79.06851063808132,33.84042695648229,0.0 -79.06856513725455,33.84039607965863,0.0 -79.06870608902076,33.84031622090004,0.0 -79.06874938480651,33.8402916908715,0.0 -79.06900218789072,33.84014846110476,0.0 -79.06926589650583,33.8399802325952,0.0 -79.0692897054084,33.83996504341608,0.0 -79.06939266996986,33.839894287894815,0.0 -79.06943113409663,33.83987193072866,0.0 -79.07017304859708,33.84019955282281,0.0 -79.07052313846005,33.839901037229644,0.0 -79.07161835327409,33.840687567578,0.0 -79.07090995901409,33.84137292102865,0.0 -79.07086637972887,33.8414166487099,0.0 -79.07082471294193,33.841461656194404,0.0 -79.07078501400865,33.841507884821326,0.0 -79.07074733396277,33.84155527586267,0.0 -79.0707117217584,33.84160376695024,0.0 -79.07067822200796,33.84165329655015,0.0 -79.07064687942498,33.84170379862047,0.0 -79.07061773542156,33.841755209773545,0.0 -79.0705908261086,33.84180746202946,0.0 -79.0705661864968,33.8418604882931,0.0 -79.06992826835578,33.84246895289796,0.0 -79.06990279036542,33.84249325417529,0.0 -79.06873717205735,33.84219740138181,0.0 -79.06825440988494,33.84190462609578,0.0</coordinates>
                    </LinearRing>
                </outerBoundaryIs>
            </Polygon>
        </Placemark>
        <Placemark id="1186202">
            <name>Parcel_129187</name>
            <styleUrl>#1186207</styleUrl>
            <Polygon id="1186201">
                <outerBoundaryIs>
                    <LinearRing id="1186205">
                        <coordinates>-79.19424876276074,33.99282398378591,0.0 -79.19432540257083,33.99249355782157,0.0 -79.19426127739372,33.9924832759877,0.0 -79.19427972895896,33.99240250142208,0.0 -79.1950245364862,33.99252043455233,0.0 -79.1949299294452,33.992932441634096,0.0 -79.19424876276074,33.99282398378591,0.0</coordinates>
                    </LinearRing>
                </outerBoundaryIs>
            </Polygon>
        </Placemark>
        <Placemark id="1186211">
            <name>Parcel_129188</name>
            <styleUrl>#1186216</styleUrl>
            <Polygon id="1186210">
                <outerBoundaryIs>
                    <LinearRing id="1186214">
                        <coordinates>-79.1978149907184,33.99139483660877,0.0 -79.19726818425814,33.99137558929279,0.0 -79.19694026411085,33.99069570762252,0.0 -79.19671080474902,33.99018727684703,0.0 -79.19670768321328,33.9901803603372,0.0 -79.19647510513813,33.98966501074362,0.0 -79.19625516674724,33.98923108505866,0.0 -79.19725188123817,33.9888983402384,0.0 -79.19747547799774,33.98941259928607,0.0 -79.19752088609634,33.989517040347586,0.0 -79.19781930883582,33.99020338406372,0.0 -79.19834548353657,33.991413507309026,0.0 -79.1978149907184,33.99139483660877,0.0</coordinates>
                    </LinearRing>
                </outerBoundaryIs>
            </Polygon>
        </Placemark>
        <Placemark id="1186220">
            <name>Parcel_129189</name>
            <styleUrl>#1186225</styleUrl>
            <Polygon id="1186219">
                <outerBoundaryIs>
                    <LinearRing id="1186223">
                        <coordinates>-79.19168841120982,33.99265270674232,0.0 -79.19174235857686,33.99240180418623,0.0 -79.19206957509276,33.99245622404485,0.0 -79.19202431007348,33.99268283587599,0.0 -79.19168841120982,33.99265270674232,0.0</coordinates>
                    </LinearRing>
                </outerBoundaryIs>
            </Polygon>
        </Placemark>
        <Placemark id="1186229">
            <name>Parcel_129190</name>
            <styleUrl>#1186234</styleUrl>
            <Polygon id="1186228">
                <outerBoundaryIs>
                    <LinearRing id="1186232">
                        <coordinates>-79.19443060140875,33.9920347093784,0.0 -79.19449074458728,33.99176572376335,0.0 -79.19518699024631,33.99188261377523,0.0 -79.19511132035036,33.992142494264854,0.0 -79.19443060140875,33.9920347093784,0.0</coordinates>
                    </LinearRing>
                </outerBoundaryIs>
            </Polygon>
        </Placemark>
        <Placemark id="1186238">
            <name>Parcel_129191</name>
            <styleUrl>#1186243</styleUrl>
            <Polygon id="1186237">
                <outerBoundaryIs>
                    <LinearRing id="1186241">
                        <coordinates>-79.19392061607861,33.993016297434814,0.0 -79.19405156766919,33.992449651894816,0.0 -79.19426127739372,33.9924832759877,0.0 -79.19432540257083,33.99249355782157,0.0 -79.19424876276074,33.99282398378591,0.0 -79.19419405283314,33.99305985963283,0.0 -79.19392061607861,33.993016297434814,0.0</coordinates>
                    </LinearRing>
                </outerBoundaryIs>
            </Polygon>
        </Placemark>
        <Placemark id="1186247">
            <name>Parcel_129192</name>
            <styleUrl>#1186252</styleUrl>
            <Polygon id="1186246">
                <outerBoundaryIs>
                    <LinearRing id="1186250">
                        <coordinates>-79.22126675199472,33.984487359247865,0.0 -79.22205461290372,33.984322365758636,0.0 -79.22213302401197,33.98465561095921,0.0 -79.22134823928164,33.98483018603538,0.0 -79.22126675199472,33.984487359247865,0.0</coordinates>
                    </LinearRing>
                </outerBoundaryIs>
            </Polygon>
        </Placemark>
        <Placemark id="1186256">
            <name>Parcel_129193</name>
            <styleUrl>#1186261</styleUrl>
            <Polygon id="1186255">
                <outerBoundaryIs>
                    <LinearRing id="1186259">
                        <coordinates>-78.89445460787219,33.6789997706647,0.0 -78.89408515191721,33.67864295886262,0.0 -78.89422829190406,33.67853768657509,0.0 -78.89461714744505,33.67890805102139,0.0 -78.89461679987288,33.6789223130751,0.0 -78.89461662038505,33.6789296780613,0.0 -78.89458482064757,33.678952696258385,0.0 -78.89457144723818,33.67896173329848,0.0 -78.89456423114295,33.678954242332374,0.0 -78.8945199419974,33.67895002438572,0.0 -78.89450952269749,33.67893904241397,0.0 -78.89448696758251,33.67895377850539,0.0 -78.89450139508047,33.678968952482165,0.0 -78.8944888594763,33.67897734355683,0.0 -78.89445460787219,33.6789997706647,0.0</coordinates>
                    </LinearRing>
                </outerBoundaryIs>
            </Polygon>
        </Placemark>
        <Placemark id="1186265">
            <name>Parcel_129194</name>
            <styleUrl>#1186270</styleUrl>
            <Polygon id="1186264">
                <outerBoundaryIs>
                    <LinearRing id="1186268">
                        <coordinates>-78.89445460787219,33.6789997706647,0.0 -78.89408515191721,33.67864295886262,0.0 -78.89422829190406,33.67853768657509,0.0 -78.89461714744505,33.67890805102139,0.0 -78.89461679987288,33.6789223130751,0.0 -78.89461662038505,33.6789296780613,0.0 -78.89458482064757,33.678952696258385,0.0 -78.89457144723818,33.67896173329848,0.0 -78.89456423114295,33.678954242332374,0.0 -78.8945199419974,33.67895002438572,0.0 -78.89450952269749,33.67893904241397,0.0 -78.89448696758251,33.67895377850539,0.0 -78.89450139508047,33.678968952482165,0.0 -78.8944888594763,33.67897734355683,0.0 -78.89445460787219,33.6789997706647,0.0</coordinates>
                    </LinearRing>
                </outerBoundaryIs>
            </Polygon>
        </Placemark>
        <Placemark id="1186274">
            <name>Parcel_129195</name>
            <styleUrl>#1186279</styleUrl>
            <Polygon id="1186273">
                <outerBoundaryIs>
                    <LinearRing id="1186277">
                        <coordinates>-78.89445460787219,33.6789997706647,0.0 -78.89408515191721,33.67864295886262,0.0 -78.89422829190406,33.67853768657509,0.0 -78.89461714744505,33.67890805102139,0.0 -78.89461679987288,33.6789223130751,0.0 -78.89461662038505,33.6789296780613,0.0 -78.89458482064757,33.678952696258385,0.0 -78.89457144723818,33.67896173329848,0.0 -78.89456423114295,33.678954242332374,0.0 -78.8945199419974,33.67895002438572,0.0 -78.89450952269749,33.67893904241397,0.0 -78.89448696758251,33.67895377850539,0.0 -78.89450139508047,33.678968952482165,0.0 -78.8944888594763,33.67897734355683,0.0 -78.89445460787219,33.6789997706647,0.0</coordinates>
                    </LinearRing>
                </outerBoundaryIs>
            </Polygon>
        </Placemark>
        <Placemark id="1186283">
            <name>Parcel_129196</name>
            <styleUrl>#1186288</styleUrl>
            <Polygon id="1186282">
                <outerBoundaryIs>
                    <LinearRing id="1186286">
                        <coordinates>-78.89445460787219,33.6789997706647,0.0 -78.89408515191721,33.67864295886262,0.0 -78.89422829190406,33.67853768657509,0.0 -78.89461714744505,33.67890805102139,0.0 -78.89461679987288,33.6789223130751,0.0 -78.89461662038505,33.6789296780613,0.0 -78.89458482064757,33.678952696258385,0.0 -78.89457144723818,33.67896173329848,0.0 -78.89456423114295,33.678954242332374,0.0 -78.8945199419974,33.67895002438572,0.0 -78.89450952269749,33.67893904241397,0.0 -78.89448696758251,33.67895377850539,0.0 -78.89450139508047,33.678968952482165,0.0 -78.8944888594763,33.67897734355683,0.0 -78.89445460787219,33.6789997706647,0.0</coordinates>
                    </LinearRing>
                </outerBoundaryIs>
            </Polygon>
        </Placemark>
        <Placemark id="1186292">
            <name>Parcel_129197</name>
            <styleUrl>#1186297</styleUrl>
            <Polygon id="1186291">
                <outerBoundaryIs>
                    <LinearRing id="1186295">
                        <coordinates>-78.89445460787219,33.6789997706647,0.0 -78.89408515191721,33.67864295886262,0.0 -78.89422829190406,33.67853768657509,0.0 -78.89461714744505,33.67890805102139,0.0 -78.89461679987288,33.6789223130751,0.0 -78.89461662038505,33.6789296780613,0.0 -78.89458482064757,33.678952696258385,0.0 -78.89457144723818,33.67896173329848,0.0 -78.89456423114295,33.678954242332374,0.0 -78.8945199419974,33.67895002438572,0.0 -78.89450952269749,33.67893904241397,0.0 -78.89448696758251,33.67895377850539,0.0 -78.89450139508047,33.678968952482165,0.0 -78.8944888594763,33.67897734355683,0.0 -78.89445460787219,33.6789997706647,0.0</coordinates>
                    </LinearRing>
                </outerBoundaryIs>
            </Polygon>
        </Placemark>
        <Placemark id="1186301">
            <name>Parcel_129198</name>
            <styleUrl>#1186306</styleUrl>
            <Polygon id="1186300">
                <outerBoundaryIs>
                    <LinearRing id="1186304">
                        <coordinates>-78.89445460787219,33.6789997706647,0.0 -78.89408515191721,33.67864295886262,0.0 -78.89422829190406,33.67853768657509,0.0 -78.89461714744505,33.67890805102139,0.0 -78.89461679987288,33.6789223130751,0.0 -78.89461662038505,33.6789296780613,0.0 -78.89458482064757,33.678952696258385,0.0 -78.89457144723818,33.67896173329848,0.0 -78.89456423114295,33.678954242332374,0.0 -78.8945199419974,33.67895002438572,0.0 -78.89450952269749,33.67893904241397,0.0 -78.89448696758251,33.67895377850539,0.0 -78.89450139508047,33.678968952482165,0.0 -78.8944888594763,33.67897734355683,0.0 -78.89445460787219,33.6789997706647,0.0</coordinates>
                    </LinearRing>
                </outerBoundaryIs>
            </Polygon>
        </Placemark>
        <Placemark id="1186310">
            <name>Parcel_129199</name>
            <styleUrl>#1186315</styleUrl>
            <Polygon id="1186309">
                <outerBoundaryIs>
                    <LinearRing id="1186313">
                        <coordinates>-78.89445460787219,33.6789997706647,0.0 -78.89408515191721,33.67864295886262,0.0 -78.89422829190406,33.67853768657509,0.0 -78.89461714744505,33.67890805102139,0.0 -78.89461679987288,33.6789223130751,0.0 -78.89461662038505,33.6789296780613,0.0 -78.89458482064757,33.678952696258385,0.0 -78.89457144723818,33.67896173329848,0.0 -78.89456423114295,33.678954242332374,0.0 -78.8945199419974,33.67895002438572,0.0 -78.89450952269749,33.67893904241397,0.0 -78.89448696758251,33.67895377850539,0.0 -78.89450139508047,33.678968952482165,0.0 -78.8944888594763,33.67897734355683,0.0 -78.89445460787219,33.6789997706647,0.0</coordinates>
                    </LinearRing>
                </outerBoundaryIs>
            </Polygon>
        </Placemark>
    </Document>
</kml>
