<?xml version="1.0" encoding="UTF-8"?>
<kml xmlns="http://www.opengis.net/kml/2.2" xmlns:gx="http://www.google.com/kml/ext/2.2">
    <Document id="156308">
        <Style id="156315">
            <LineStyle id="156317">
                <color>ffffffff</color>
                <colorMode>normal</colorMode>
                <width>1</width>
            </LineStyle>
            <PolyStyle id="156316">
                <colorMode>normal</colorMode>
                <fill>0</fill>
                <outline>1</outline>
            </PolyStyle>
        </Style>
        <Style id="156324">
            <LineStyle id="156326">
                <color>ffffffff</color>
                <colorMode>normal</colorMode>
                <width>1</width>
            </LineStyle>
            <PolyStyle id="156325">
                <colorMode>normal</colorMode>
                <fill>0</fill>
                <outline>1</outline>
            </PolyStyle>
        </Style>
        <Style id="156333">
            <LineStyle id="156335">
                <color>ffffffff</color>
                <colorMode>normal</colorMode>
                <width>1</width>
            </LineStyle>
            <PolyStyle id="156334">
                <colorMode>normal</colorMode>
                <fill>0</fill>
                <outline>1</outline>
            </PolyStyle>
        </Style>
        <Style id="156342">
            <LineStyle id="156344">
                <color>ffffffff</color>
                <colorMode>normal</colorMode>
                <width>1</width>
            </LineStyle>
            <PolyStyle id="156343">
                <colorMode>normal</colorMode>
                <fill>0</fill>
                <outline>1</outline>
            </PolyStyle>
        </Style>
        <Style id="156351">
            <LineStyle id="156353">
                <color>ffffffff</color>
                <colorMode>normal</colorMode>
                <width>1</width>
            </LineStyle>
            <PolyStyle id="156352">
                <colorMode>normal</colorMode>
                <fill>0</fill>
                <outline>1</outline>
            </PolyStyle>
        </Style>
        <Style id="156360">
            <LineStyle id="156362">
                <color>ffffffff</color>
                <colorMode>normal</colorMode>
                <width>1</width>
            </LineStyle>
            <PolyStyle id="156361">
                <colorMode>normal</colorMode>
                <fill>0</fill>
                <outline>1</outline>
            </PolyStyle>
        </Style>
        <Style id="156369">
            <LineStyle id="156371">
                <color>ffffffff</color>
                <colorMode>normal</colorMode>
                <width>1</width>
            </LineStyle>
            <PolyStyle id="156370">
                <colorMode>normal</colorMode>
                <fill>0</fill>
                <outline>1</outline>
            </PolyStyle>
        </Style>
        <Style id="156378">
            <LineStyle id="156380">
                <color>ffffffff</color>
                <colorMode>normal</colorMode>
                <width>1</width>
            </LineStyle>
            <PolyStyle id="156379">
                <colorMode>normal</colorMode>
                <fill>0</fill>
                <outline>1</outline>
            </PolyStyle>
        </Style>
        <Style id="156387">
            <LineStyle id="156389">
                <color>ffffffff</color>
                <colorMode>normal</colorMode>
                <width>1</width>
            </LineStyle>
            <PolyStyle id="156388">
                <colorMode>normal</colorMode>
                <fill>0</fill>
                <outline>1</outline>
            </PolyStyle>
        </Style>
        <Style id="156396">
            <LineStyle id="156398">
                <color>ffffffff</color>
                <colorMode>normal</colorMode>
                <width>1</width>
            </LineStyle>
            <PolyStyle id="156397">
                <colorMode>normal</colorMode>
                <fill>0</fill>
                <outline>1</outline>
            </PolyStyle>
        </Style>
        <Style id="156405">
            <LineStyle id="156407">
                <color>ffffffff</color>
                <colorMode>normal</colorMode>
                <width>1</width>
            </LineStyle>
            <PolyStyle id="156406">
                <colorMode>normal</colorMode>
                <fill>0</fill>
                <outline>1</outline>
            </PolyStyle>
        </Style>
        <Style id="156414">
            <LineStyle id="156416">
                <color>ffffffff</color>
                <colorMode>normal</colorMode>
                <width>1</width>
            </LineStyle>
            <PolyStyle id="156415">
                <colorMode>normal</colorMode>
                <fill>0</fill>
                <outline>1</outline>
            </PolyStyle>
        </Style>
        <Style id="156423">
            <LineStyle id="156425">
                <color>ffffffff</color>
                <colorMode>normal</colorMode>
                <width>1</width>
            </LineStyle>
            <PolyStyle id="156424">
                <colorMode>normal</colorMode>
                <fill>0</fill>
                <outline>1</outline>
            </PolyStyle>
        </Style>
        <Style id="156432">
            <LineStyle id="156434">
                <color>ffffffff</color>
                <colorMode>normal</colorMode>
                <width>1</width>
            </LineStyle>
            <PolyStyle id="156433">
                <colorMode>normal</colorMode>
                <fill>0</fill>
                <outline>1</outline>
            </PolyStyle>
        </Style>
        <Style id="156441">
            <LineStyle id="156443">
                <color>ffffffff</color>
                <colorMode>normal</colorMode>
                <width>1</width>
            </LineStyle>
            <PolyStyle id="156442">
                <colorMode>normal</colorMode>
                <fill>0</fill>
                <outline>1</outline>
            </PolyStyle>
        </Style>
        <Style id="156450">
            <LineStyle id="156452">
                <color>ffffffff</color>
                <colorMode>normal</colorMode>
                <width>1</width>
            </LineStyle>
            <PolyStyle id="156451">
                <colorMode>normal</colorMode>
                <fill>0</fill>
                <outline>1</outline>
            </PolyStyle>
        </Style>
        <Style id="156459">
            <LineStyle id="156461">
                <color>ffffffff</color>
                <colorMode>normal</colorMode>
                <width>1</width>
            </LineStyle>
            <PolyStyle id="156460">
                <colorMode>normal</colorMode>
                <fill>0</fill>
                <outline>1</outline>
            </PolyStyle>
        </Style>
        <Style id="156468">
            <LineStyle id="156470">
                <color>ffffffff</color>
                <colorMode>normal</colorMode>
                <width>1</width>
            </LineStyle>
            <PolyStyle id="156469">
                <colorMode>normal</colorMode>
                <fill>0</fill>
                <outline>1</outline>
            </PolyStyle>
        </Style>
        <Style id="156477">
            <LineStyle id="156479">
                <color>ffffffff</color>
                <colorMode>normal</colorMode>
                <width>1</width>
            </LineStyle>
            <PolyStyle id="156478">
                <colorMode>normal</colorMode>
                <fill>0</fill>
                <outline>1</outline>
            </PolyStyle>
        </Style>
        <Style id="156486">
            <LineStyle id="156488">
                <color>ffffffff</color>
                <colorMode>normal</colorMode>
                <width>1</width>
            </LineStyle>
            <PolyStyle id="156487">
                <colorMode>normal</colorMode>
                <fill>0</fill>
                <outline>1</outline>
            </PolyStyle>
        </Style>
        <Style id="156495">
            <LineStyle id="156497">
                <color>ffffffff</color>
                <colorMode>normal</colorMode>
                <width>1</width>
            </LineStyle>
            <PolyStyle id="156496">
                <colorMode>normal</colorMode>
                <fill>0</fill>
                <outline>1</outline>
            </PolyStyle>
        </Style>
        <Style id="156504">
            <LineStyle id="156506">
                <color>ffffffff</color>
                <colorMode>normal</colorMode>
                <width>1</width>
            </LineStyle>
            <PolyStyle id="156505">
                <colorMode>normal</colorMode>
                <fill>0</fill>
                <outline>1</outline>
            </PolyStyle>
        </Style>
        <Style id="156513">
            <LineStyle id="156515">
                <color>ffffffff</color>
                <colorMode>normal</colorMode>
                <width>1</width>
            </LineStyle>
            <PolyStyle id="156514">
                <colorMode>normal</colorMode>
                <fill>0</fill>
                <outline>1</outline>
            </PolyStyle>
        </Style>
        <Style id="156522">
            <LineStyle id="156524">
                <color>ffffffff</color>
                <colorMode>normal</colorMode>
                <width>1</width>
            </LineStyle>
            <PolyStyle id="156523">
                <colorMode>normal</colorMode>
                <fill>0</fill>
                <outline>1</outline>
            </PolyStyle>
        </Style>
        <Style id="156531">
            <LineStyle id="156533">
                <color>ffffffff</color>
                <colorMode>normal</colorMode>
                <width>1</width>
            </LineStyle>
            <PolyStyle id="156532">
                <colorMode>normal</colorMode>
                <fill>0</fill>
                <outline>1</outline>
            </PolyStyle>
        </Style>
        <Style id="156540">
            <LineStyle id="156542">
                <color>ffffffff</color>
                <colorMode>normal</colorMode>
                <width>1</width>
            </LineStyle>
            <PolyStyle id="156541">
                <colorMode>normal</colorMode>
                <fill>0</fill>
                <outline>1</outline>
            </PolyStyle>
        </Style>
        <Style id="156549">
            <LineStyle id="156551">
                <color>ffffffff</color>
                <colorMode>normal</colorMode>
                <width>1</width>
            </LineStyle>
            <PolyStyle id="156550">
                <colorMode>normal</colorMode>
                <fill>0</fill>
                <outline>1</outline>
            </PolyStyle>
        </Style>
        <Style id="156558">
            <LineStyle id="156560">
                <color>ffffffff</color>
                <colorMode>normal</colorMode>
                <width>1</width>
            </LineStyle>
            <PolyStyle id="156559">
                <colorMode>normal</colorMode>
                <fill>0</fill>
                <outline>1</outline>
            </PolyStyle>
        </Style>
        <Style id="156567">
            <LineStyle id="156569">
                <color>ffffffff</color>
                <colorMode>normal</colorMode>
                <width>1</width>
            </LineStyle>
            <PolyStyle id="156568">
                <colorMode>normal</colorMode>
                <fill>0</fill>
                <outline>1</outline>
            </PolyStyle>
        </Style>
        <Style id="156576">
            <LineStyle id="156578">
                <color>ffffffff</color>
                <colorMode>normal</colorMode>
                <width>1</width>
            </LineStyle>
            <PolyStyle id="156577">
                <colorMode>normal</colorMode>
                <fill>0</fill>
                <outline>1</outline>
            </PolyStyle>
        </Style>
        <Style id="156585">
            <LineStyle id="156587">
                <color>ffffffff</color>
                <colorMode>normal</colorMode>
                <width>1</width>
            </LineStyle>
            <PolyStyle id="156586">
                <colorMode>normal</colorMode>
                <fill>0</fill>
                <outline>1</outline>
            </PolyStyle>
        </Style>
        <Style id="156594">
            <LineStyle id="156596">
                <color>ffffffff</color>
                <colorMode>normal</colorMode>
                <width>1</width>
            </LineStyle>
            <PolyStyle id="156595">
                <colorMode>normal</colorMode>
                <fill>0</fill>
                <outline>1</outline>
            </PolyStyle>
        </Style>
        <Style id="156603">
            <LineStyle id="156605">
                <color>ffffffff</color>
                <colorMode>normal</colorMode>
                <width>1</width>
            </LineStyle>
            <PolyStyle id="156604">
                <colorMode>normal</colorMode>
                <fill>0</fill>
                <outline>1</outline>
            </PolyStyle>
        </Style>
        <Style id="156612">
            <LineStyle id="156614">
                <color>ffffffff</color>
                <colorMode>normal</colorMode>
                <width>1</width>
            </LineStyle>
            <PolyStyle id="156613">
                <colorMode>normal</colorMode>
                <fill>0</fill>
                <outline>1</outline>
            </PolyStyle>
        </Style>
        <Style id="156621">
            <LineStyle id="156623">
                <color>ffffffff</color>
                <colorMode>normal</colorMode>
                <width>1</width>
            </LineStyle>
            <PolyStyle id="156622">
                <colorMode>normal</colorMode>
                <fill>0</fill>
                <outline>1</outline>
            </PolyStyle>
        </Style>
        <Style id="156630">
            <LineStyle id="156632">
                <color>ffffffff</color>
                <colorMode>normal</colorMode>
                <width>1</width>
            </LineStyle>
            <PolyStyle id="156631">
                <colorMode>normal</colorMode>
                <fill>0</fill>
                <outline>1</outline>
            </PolyStyle>
        </Style>
        <Style id="156639">
            <LineStyle id="156641">
                <color>ffffffff</color>
                <colorMode>normal</colorMode>
                <width>1</width>
            </LineStyle>
            <PolyStyle id="156640">
                <colorMode>normal</colorMode>
                <fill>0</fill>
                <outline>1</outline>
            </PolyStyle>
        </Style>
        <Style id="156648">
            <LineStyle id="156650">
                <color>ffffffff</color>
                <colorMode>normal</colorMode>
                <width>1</width>
            </LineStyle>
            <PolyStyle id="156649">
                <colorMode>normal</colorMode>
                <fill>0</fill>
                <outline>1</outline>
            </PolyStyle>
        </Style>
        <Style id="156657">
            <LineStyle id="156659">
                <color>ffffffff</color>
                <colorMode>normal</colorMode>
                <width>1</width>
            </LineStyle>
            <PolyStyle id="156658">
                <colorMode>normal</colorMode>
                <fill>0</fill>
                <outline>1</outline>
            </PolyStyle>
        </Style>
        <Style id="156666">
            <LineStyle id="156668">
                <color>ffffffff</color>
                <colorMode>normal</colorMode>
                <width>1</width>
            </LineStyle>
            <PolyStyle id="156667">
                <colorMode>normal</colorMode>
                <fill>0</fill>
                <outline>1</outline>
            </PolyStyle>
        </Style>
        <Style id="156675">
            <LineStyle id="156677">
                <color>ffffffff</color>
                <colorMode>normal</colorMode>
                <width>1</width>
            </LineStyle>
            <PolyStyle id="156676">
                <colorMode>normal</colorMode>
                <fill>0</fill>
                <outline>1</outline>
            </PolyStyle>
        </Style>
        <Style id="156684">
            <LineStyle id="156686">
                <color>ffffffff</color>
                <colorMode>normal</colorMode>
                <width>1</width>
            </LineStyle>
            <PolyStyle id="156685">
                <colorMode>normal</colorMode>
                <fill>0</fill>
                <outline>1</outline>
            </PolyStyle>
        </Style>
        <Style id="156693">
            <LineStyle id="156695">
                <color>ffffffff</color>
                <colorMode>normal</colorMode>
                <width>1</width>
            </LineStyle>
            <PolyStyle id="156694">
                <colorMode>normal</colorMode>
                <fill>0</fill>
                <outline>1</outline>
            </PolyStyle>
        </Style>
        <Style id="156702">
            <LineStyle id="156704">
                <color>ffffffff</color>
                <colorMode>normal</colorMode>
                <width>1</width>
            </LineStyle>
            <PolyStyle id="156703">
                <colorMode>normal</colorMode>
                <fill>0</fill>
                <outline>1</outline>
            </PolyStyle>
        </Style>
        <Style id="156711">
            <LineStyle id="156713">
                <color>ffffffff</color>
                <colorMode>normal</colorMode>
                <width>1</width>
            </LineStyle>
            <PolyStyle id="156712">
                <colorMode>normal</colorMode>
                <fill>0</fill>
                <outline>1</outline>
            </PolyStyle>
        </Style>
        <Style id="156720">
            <LineStyle id="156722">
                <color>ffffffff</color>
                <colorMode>normal</colorMode>
                <width>1</width>
            </LineStyle>
            <PolyStyle id="156721">
                <colorMode>normal</colorMode>
                <fill>0</fill>
                <outline>1</outline>
            </PolyStyle>
        </Style>
        <Style id="156729">
            <LineStyle id="156731">
                <color>ffffffff</color>
                <colorMode>normal</colorMode>
                <width>1</width>
            </LineStyle>
            <PolyStyle id="156730">
                <colorMode>normal</colorMode>
                <fill>0</fill>
                <outline>1</outline>
            </PolyStyle>
        </Style>
        <Style id="156738">
            <LineStyle id="156740">
                <color>ffffffff</color>
                <colorMode>normal</colorMode>
                <width>1</width>
            </LineStyle>
            <PolyStyle id="156739">
                <colorMode>normal</colorMode>
                <fill>0</fill>
                <outline>1</outline>
            </PolyStyle>
        </Style>
        <Style id="156747">
            <LineStyle id="156749">
                <color>ffffffff</color>
                <colorMode>normal</colorMode>
                <width>1</width>
            </LineStyle>
            <PolyStyle id="156748">
                <colorMode>normal</colorMode>
                <fill>0</fill>
                <outline>1</outline>
            </PolyStyle>
        </Style>
        <Style id="156756">
            <LineStyle id="156758">
                <color>ffffffff</color>
                <colorMode>normal</colorMode>
                <width>1</width>
            </LineStyle>
            <PolyStyle id="156757">
                <colorMode>normal</colorMode>
                <fill>0</fill>
                <outline>1</outline>
            </PolyStyle>
        </Style>
        <Style id="156765">
            <LineStyle id="156767">
                <color>ffffffff</color>
                <colorMode>normal</colorMode>
                <width>1</width>
            </LineStyle>
            <PolyStyle id="156766">
                <colorMode>normal</colorMode>
                <fill>0</fill>
                <outline>1</outline>
            </PolyStyle>
        </Style>
        <Style id="156774">
            <LineStyle id="156776">
                <color>ffffffff</color>
                <colorMode>normal</colorMode>
                <width>1</width>
            </LineStyle>
            <PolyStyle id="156775">
                <colorMode>normal</colorMode>
                <fill>0</fill>
                <outline>1</outline>
            </PolyStyle>
        </Style>
        <Style id="156783">
            <LineStyle id="156785">
                <color>ffffffff</color>
                <colorMode>normal</colorMode>
                <width>1</width>
            </LineStyle>
            <PolyStyle id="156784">
                <colorMode>normal</colorMode>
                <fill>0</fill>
                <outline>1</outline>
            </PolyStyle>
        </Style>
        <Style id="156792">
            <LineStyle id="156794">
                <color>ffffffff</color>
                <colorMode>normal</colorMode>
                <width>1</width>
            </LineStyle>
            <PolyStyle id="156793">
                <colorMode>normal</colorMode>
                <fill>0</fill>
                <outline>1</outline>
            </PolyStyle>
        </Style>
        <Style id="156801">
            <LineStyle id="156803">
                <color>ffffffff</color>
                <colorMode>normal</colorMode>
                <width>1</width>
            </LineStyle>
            <PolyStyle id="156802">
                <colorMode>normal</colorMode>
                <fill>0</fill>
                <outline>1</outline>
            </PolyStyle>
        </Style>
        <Style id="156810">
            <LineStyle id="156812">
                <color>ffffffff</color>
                <colorMode>normal</colorMode>
                <width>1</width>
            </LineStyle>
            <PolyStyle id="156811">
                <colorMode>normal</colorMode>
                <fill>0</fill>
                <outline>1</outline>
            </PolyStyle>
        </Style>
        <Style id="156819">
            <LineStyle id="156821">
                <color>ffffffff</color>
                <colorMode>normal</colorMode>
                <width>1</width>
            </LineStyle>
            <PolyStyle id="156820">
                <colorMode>normal</colorMode>
                <fill>0</fill>
                <outline>1</outline>
            </PolyStyle>
        </Style>
        <Style id="156828">
            <LineStyle id="156830">
                <color>ffffffff</color>
                <colorMode>normal</colorMode>
                <width>1</width>
            </LineStyle>
            <PolyStyle id="156829">
                <colorMode>normal</colorMode>
                <fill>0</fill>
                <outline>1</outline>
            </PolyStyle>
        </Style>
        <Style id="156837">
            <LineStyle id="156839">
                <color>ffffffff</color>
                <colorMode>normal</colorMode>
                <width>1</width>
            </LineStyle>
            <PolyStyle id="156838">
                <colorMode>normal</colorMode>
                <fill>0</fill>
                <outline>1</outline>
            </PolyStyle>
        </Style>
        <Style id="156846">
            <LineStyle id="156848">
                <color>ffffffff</color>
                <colorMode>normal</colorMode>
                <width>1</width>
            </LineStyle>
            <PolyStyle id="156847">
                <colorMode>normal</colorMode>
                <fill>0</fill>
                <outline>1</outline>
            </PolyStyle>
        </Style>
        <Style id="156855">
            <LineStyle id="156857">
                <color>ffffffff</color>
                <colorMode>normal</colorMode>
                <width>1</width>
            </LineStyle>
            <PolyStyle id="156856">
                <colorMode>normal</colorMode>
                <fill>0</fill>
                <outline>1</outline>
            </PolyStyle>
        </Style>
        <Style id="156864">
            <LineStyle id="156866">
                <color>ffffffff</color>
                <colorMode>normal</colorMode>
                <width>1</width>
            </LineStyle>
            <PolyStyle id="156865">
                <colorMode>normal</colorMode>
                <fill>0</fill>
                <outline>1</outline>
            </PolyStyle>
        </Style>
        <Style id="156873">
            <LineStyle id="156875">
                <color>ffffffff</color>
                <colorMode>normal</colorMode>
                <width>1</width>
            </LineStyle>
            <PolyStyle id="156874">
                <colorMode>normal</colorMode>
                <fill>0</fill>
                <outline>1</outline>
            </PolyStyle>
        </Style>
        <Style id="156882">
            <LineStyle id="156884">
                <color>ffffffff</color>
                <colorMode>normal</colorMode>
                <width>1</width>
            </LineStyle>
            <PolyStyle id="156883">
                <colorMode>normal</colorMode>
                <fill>0</fill>
                <outline>1</outline>
            </PolyStyle>
        </Style>
        <Style id="156891">
            <LineStyle id="156893">
                <color>ffffffff</color>
                <colorMode>normal</colorMode>
                <width>1</width>
            </LineStyle>
            <PolyStyle id="156892">
                <colorMode>normal</colorMode>
                <fill>0</fill>
                <outline>1</outline>
            </PolyStyle>
        </Style>
        <Style id="156900">
            <LineStyle id="156902">
                <color>ffffffff</color>
                <colorMode>normal</colorMode>
                <width>1</width>
            </LineStyle>
            <PolyStyle id="156901">
                <colorMode>normal</colorMode>
                <fill>0</fill>
                <outline>1</outline>
            </PolyStyle>
        </Style>
        <Style id="156909">
            <LineStyle id="156911">
                <color>ffffffff</color>
                <colorMode>normal</colorMode>
                <width>1</width>
            </LineStyle>
            <PolyStyle id="156910">
                <colorMode>normal</colorMode>
                <fill>0</fill>
                <outline>1</outline>
            </PolyStyle>
        </Style>
        <Style id="156918">
            <LineStyle id="156920">
                <color>ffffffff</color>
                <colorMode>normal</colorMode>
                <width>1</width>
            </LineStyle>
            <PolyStyle id="156919">
                <colorMode>normal</colorMode>
                <fill>0</fill>
                <outline>1</outline>
            </PolyStyle>
        </Style>
        <Style id="156927">
            <LineStyle id="156929">
                <color>ffffffff</color>
                <colorMode>normal</colorMode>
                <width>1</width>
            </LineStyle>
            <PolyStyle id="156928">
                <colorMode>normal</colorMode>
                <fill>0</fill>
                <outline>1</outline>
            </PolyStyle>
        </Style>
        <Style id="156936">
            <LineStyle id="156938">
                <color>ffffffff</color>
                <colorMode>normal</colorMode>
                <width>1</width>
            </LineStyle>
            <PolyStyle id="156937">
                <colorMode>normal</colorMode>
                <fill>0</fill>
                <outline>1</outline>
            </PolyStyle>
        </Style>
        <Style id="156945">
            <LineStyle id="156947">
                <color>ffffffff</color>
                <colorMode>normal</colorMode>
                <width>1</width>
            </LineStyle>
            <PolyStyle id="156946">
                <colorMode>normal</colorMode>
                <fill>0</fill>
                <outline>1</outline>
            </PolyStyle>
        </Style>
        <Style id="156954">
            <LineStyle id="156956">
                <color>ffffffff</color>
                <colorMode>normal</colorMode>
                <width>1</width>
            </LineStyle>
            <PolyStyle id="156955">
                <colorMode>normal</colorMode>
                <fill>0</fill>
                <outline>1</outline>
            </PolyStyle>
        </Style>
        <Style id="156963">
            <LineStyle id="156965">
                <color>ffffffff</color>
                <colorMode>normal</colorMode>
                <width>1</width>
            </LineStyle>
            <PolyStyle id="156964">
                <colorMode>normal</colorMode>
                <fill>0</fill>
                <outline>1</outline>
            </PolyStyle>
        </Style>
        <Style id="156972">
            <LineStyle id="156974">
                <color>ffffffff</color>
                <colorMode>normal</colorMode>
                <width>1</width>
            </LineStyle>
            <PolyStyle id="156973">
                <colorMode>normal</colorMode>
                <fill>0</fill>
                <outline>1</outline>
            </PolyStyle>
        </Style>
        <Style id="156981">
            <LineStyle id="156983">
                <color>ffffffff</color>
                <colorMode>normal</colorMode>
                <width>1</width>
            </LineStyle>
            <PolyStyle id="156982">
                <colorMode>normal</colorMode>
                <fill>0</fill>
                <outline>1</outline>
            </PolyStyle>
        </Style>
        <Style id="156990">
            <LineStyle id="156992">
                <color>ffffffff</color>
                <colorMode>normal</colorMode>
                <width>1</width>
            </LineStyle>
            <PolyStyle id="156991">
                <colorMode>normal</colorMode>
                <fill>0</fill>
                <outline>1</outline>
            </PolyStyle>
        </Style>
        <Style id="156999">
            <LineStyle id="157001">
                <color>ffffffff</color>
                <colorMode>normal</colorMode>
                <width>1</width>
            </LineStyle>
            <PolyStyle id="157000">
                <colorMode>normal</colorMode>
                <fill>0</fill>
                <outline>1</outline>
            </PolyStyle>
        </Style>
        <Style id="157008">
            <LineStyle id="157010">
                <color>ffffffff</color>
                <colorMode>normal</colorMode>
                <width>1</width>
            </LineStyle>
            <PolyStyle id="157009">
                <colorMode>normal</colorMode>
                <fill>0</fill>
                <outline>1</outline>
            </PolyStyle>
        </Style>
        <Style id="157017">
            <LineStyle id="157019">
                <color>ffffffff</color>
                <colorMode>normal</colorMode>
                <width>1</width>
            </LineStyle>
            <PolyStyle id="157018">
                <colorMode>normal</colorMode>
                <fill>0</fill>
                <outline>1</outline>
            </PolyStyle>
        </Style>
        <Style id="157026">
            <LineStyle id="157028">
                <color>ffffffff</color>
                <colorMode>normal</colorMode>
                <width>1</width>
            </LineStyle>
            <PolyStyle id="157027">
                <colorMode>normal</colorMode>
                <fill>0</fill>
                <outline>1</outline>
            </PolyStyle>
        </Style>
        <Style id="157035">
            <LineStyle id="157037">
                <color>ffffffff</color>
                <colorMode>normal</colorMode>
                <width>1</width>
            </LineStyle>
            <PolyStyle id="157036">
                <colorMode>normal</colorMode>
                <fill>0</fill>
                <outline>1</outline>
            </PolyStyle>
        </Style>
        <Style id="157044">
            <LineStyle id="157046">
                <color>ffffffff</color>
                <colorMode>normal</colorMode>
                <width>1</width>
            </LineStyle>
            <PolyStyle id="157045">
                <colorMode>normal</colorMode>
                <fill>0</fill>
                <outline>1</outline>
            </PolyStyle>
        </Style>
        <Style id="157053">
            <LineStyle id="157055">
                <color>ffffffff</color>
                <colorMode>normal</colorMode>
                <width>1</width>
            </LineStyle>
            <PolyStyle id="157054">
                <colorMode>normal</colorMode>
                <fill>0</fill>
                <outline>1</outline>
            </PolyStyle>
        </Style>
        <Style id="157062">
            <LineStyle id="157064">
                <color>ffffffff</color>
                <colorMode>normal</colorMode>
                <width>1</width>
            </LineStyle>
            <PolyStyle id="157063">
                <colorMode>normal</colorMode>
                <fill>0</fill>
                <outline>1</outline>
            </PolyStyle>
        </Style>
        <Style id="157071">
            <LineStyle id="157073">
                <color>ffffffff</color>
                <colorMode>normal</colorMode>
                <width>1</width>
            </LineStyle>
            <PolyStyle id="157072">
                <colorMode>normal</colorMode>
                <fill>0</fill>
                <outline>1</outline>
            </PolyStyle>
        </Style>
        <Style id="157080">
            <LineStyle id="157082">
                <color>ffffffff</color>
                <colorMode>normal</colorMode>
                <width>1</width>
            </LineStyle>
            <PolyStyle id="157081">
                <colorMode>normal</colorMode>
                <fill>0</fill>
                <outline>1</outline>
            </PolyStyle>
        </Style>
        <Style id="157089">
            <LineStyle id="157091">
                <color>ffffffff</color>
                <colorMode>normal</colorMode>
                <width>1</width>
            </LineStyle>
            <PolyStyle id="157090">
                <colorMode>normal</colorMode>
                <fill>0</fill>
                <outline>1</outline>
            </PolyStyle>
        </Style>
        <Style id="157098">
            <LineStyle id="157100">
                <color>ffffffff</color>
                <colorMode>normal</colorMode>
                <width>1</width>
            </LineStyle>
            <PolyStyle id="157099">
                <colorMode>normal</colorMode>
                <fill>0</fill>
                <outline>1</outline>
            </PolyStyle>
        </Style>
        <Style id="157107">
            <LineStyle id="157109">
                <color>ffffffff</color>
                <colorMode>normal</colorMode>
                <width>1</width>
            </LineStyle>
            <PolyStyle id="157108">
                <colorMode>normal</colorMode>
                <fill>0</fill>
                <outline>1</outline>
            </PolyStyle>
        </Style>
        <Style id="157116">
            <LineStyle id="157118">
                <color>ffffffff</color>
                <colorMode>normal</colorMode>
                <width>1</width>
            </LineStyle>
            <PolyStyle id="157117">
                <colorMode>normal</colorMode>
                <fill>0</fill>
                <outline>1</outline>
            </PolyStyle>
        </Style>
        <Style id="157125">
            <LineStyle id="157127">
                <color>ffffffff</color>
                <colorMode>normal</colorMode>
                <width>1</width>
            </LineStyle>
            <PolyStyle id="157126">
                <colorMode>normal</colorMode>
                <fill>0</fill>
                <outline>1</outline>
            </PolyStyle>
        </Style>
        <Style id="157134">
            <LineStyle id="157136">
                <color>ffffffff</color>
                <colorMode>normal</colorMode>
                <width>1</width>
            </LineStyle>
            <PolyStyle id="157135">
                <colorMode>normal</colorMode>
                <fill>0</fill>
                <outline>1</outline>
            </PolyStyle>
        </Style>
        <Style id="157143">
            <LineStyle id="157145">
                <color>ffffffff</color>
                <colorMode>normal</colorMode>
                <width>1</width>
            </LineStyle>
            <PolyStyle id="157144">
                <colorMode>normal</colorMode>
                <fill>0</fill>
                <outline>1</outline>
            </PolyStyle>
        </Style>
        <Style id="157152">
            <LineStyle id="157154">
                <color>ffffffff</color>
                <colorMode>normal</colorMode>
                <width>1</width>
            </LineStyle>
            <PolyStyle id="157153">
                <colorMode>normal</colorMode>
                <fill>0</fill>
                <outline>1</outline>
            </PolyStyle>
        </Style>
        <Style id="157161">
            <LineStyle id="157163">
                <color>ffffffff</color>
                <colorMode>normal</colorMode>
                <width>1</width>
            </LineStyle>
            <PolyStyle id="157162">
                <colorMode>normal</colorMode>
                <fill>0</fill>
                <outline>1</outline>
            </PolyStyle>
        </Style>
        <Style id="157170">
            <LineStyle id="157172">
                <color>ffffffff</color>
                <colorMode>normal</colorMode>
                <width>1</width>
            </LineStyle>
            <PolyStyle id="157171">
                <colorMode>normal</colorMode>
                <fill>0</fill>
                <outline>1</outline>
            </PolyStyle>
        </Style>
        <Style id="157179">
            <LineStyle id="157181">
                <color>ffffffff</color>
                <colorMode>normal</colorMode>
                <width>1</width>
            </LineStyle>
            <PolyStyle id="157180">
                <colorMode>normal</colorMode>
                <fill>0</fill>
                <outline>1</outline>
            </PolyStyle>
        </Style>
        <Style id="157188">
            <LineStyle id="157190">
                <color>ffffffff</color>
                <colorMode>normal</colorMode>
                <width>1</width>
            </LineStyle>
            <PolyStyle id="157189">
                <colorMode>normal</colorMode>
                <fill>0</fill>
                <outline>1</outline>
            </PolyStyle>
        </Style>
        <Style id="157197">
            <LineStyle id="157199">
                <color>ffffffff</color>
                <colorMode>normal</colorMode>
                <width>1</width>
            </LineStyle>
            <PolyStyle id="157198">
                <colorMode>normal</colorMode>
                <fill>0</fill>
                <outline>1</outline>
            </PolyStyle>
        </Style>
        <Style id="157206">
            <LineStyle id="157208">
                <color>ffffffff</color>
                <colorMode>normal</colorMode>
                <width>1</width>
            </LineStyle>
            <PolyStyle id="157207">
                <colorMode>normal</colorMode>
                <fill>0</fill>
                <outline>1</outline>
            </PolyStyle>
        </Style>
        <Placemark id="156310">
            <name>Parcel_17300</name>
            <styleUrl>#156315</styleUrl>
            <Polygon id="156309">
                <outerBoundaryIs>
                    <LinearRing id="156313">
                        <coordinates>-78.99779910852328,33.775442253592786,0.0 -78.99779913313245,33.775442217012305,0.0 -78.99811130403494,33.77500419234291,0.0 -78.99813746985141,33.775011489175625,0.0 -78.99822474684396,33.775045202412194,0.0 -78.99835956998764,33.77508690095916,0.0 -78.99842087354489,33.775105074144186,0.0 -78.99822325103337,33.77553536801215,0.0 -78.99805542581498,33.77549852436832,0.0 -78.99805166701267,33.775497700533414,0.0 -78.99781509670947,33.7754457637065,0.0 -78.99779910852328,33.775442253592786,0.0</coordinates>
                    </LinearRing>
                </outerBoundaryIs>
            </Polygon>
        </Placemark>
        <Placemark id="156319">
            <name>Parcel_17301</name>
            <styleUrl>#156324</styleUrl>
            <Polygon id="156318">
                <outerBoundaryIs>
                    <LinearRing id="156322">
                        <coordinates>-79.00544906811902,33.81003442072346,0.0 -79.00544763804166,33.809847121342756,0.0 -79.00577443614884,33.80984946419633,0.0 -79.00577462514148,33.81005495855464,0.0 -79.00545020792234,33.81005643217941,0.0 -79.00544906811902,33.81003442072346,0.0</coordinates>
                    </LinearRing>
                </outerBoundaryIs>
            </Polygon>
        </Placemark>
        <Placemark id="156328">
            <name>Parcel_17302</name>
            <styleUrl>#156333</styleUrl>
            <Polygon id="156327">
                <outerBoundaryIs>
                    <LinearRing id="156331">
                        <coordinates>-78.71216884335674,33.804682792480754,0.0 -78.71225495579782,33.80481960934048,0.0 -78.71192514004599,33.80496248694711,0.0 -78.71183744250023,33.804823406386134,0.0 -78.71216884335674,33.804682792480754,0.0</coordinates>
                    </LinearRing>
                </outerBoundaryIs>
            </Polygon>
        </Placemark>
        <Placemark id="156337">
            <name>Parcel_17303</name>
            <styleUrl>#156342</styleUrl>
            <Polygon id="156336">
                <outerBoundaryIs>
                    <LinearRing id="156340">
                        <coordinates>-79.00511385804393,33.80982627876077,0.0 -79.00544721217948,33.809829933082526,0.0 -79.00544763804166,33.809847121342756,0.0 -79.00544906811902,33.81003442072346,0.0 -79.00511565966181,33.81003317454767,0.0 -79.00511385804393,33.80982627876077,0.0</coordinates>
                    </LinearRing>
                </outerBoundaryIs>
            </Polygon>
        </Placemark>
        <Placemark id="156346">
            <name>Parcel_17304</name>
            <styleUrl>#156351</styleUrl>
            <Polygon id="156345">
                <outerBoundaryIs>
                    <LinearRing id="156349">
                        <coordinates>-79.00959480204091,33.809874868265226,0.0 -79.00967327051279,33.80982819340447,0.0 -79.00980430273184,33.80975126572456,0.0 -79.00999578837389,33.80998027886451,0.0 -79.00978469294914,33.8101016211563,0.0 -79.00959480204091,33.809874868265226,0.0</coordinates>
                    </LinearRing>
                </outerBoundaryIs>
            </Polygon>
        </Placemark>
        <Placemark id="156355">
            <name>Parcel_17305</name>
            <styleUrl>#156360</styleUrl>
            <Polygon id="156354">
                <outerBoundaryIs>
                    <LinearRing id="156358">
                        <coordinates>-78.70976728921507,33.80458924410138,0.0 -78.7098905644076,33.804535509327735,0.0 -78.70994470928667,33.80451176658049,0.0 -78.71013406317192,33.804822149821334,0.0 -78.70995655714442,33.80490288843465,0.0 -78.70976728921507,33.80458924410138,0.0</coordinates>
                    </LinearRing>
                </outerBoundaryIs>
            </Polygon>
        </Placemark>
        <Placemark id="156364">
            <name>Parcel_17306</name>
            <styleUrl>#156369</styleUrl>
            <Polygon id="156363">
                <outerBoundaryIs>
                    <LinearRing id="156367">
                        <coordinates>-79.00198577742853,33.809699203746405,0.0 -79.0022779989852,33.80970134228849,0.0 -79.0022788450488,33.809771457895344,0.0 -79.00227767014204,33.809964385703175,0.0 -79.00205833581585,33.80994331906977,0.0 -79.00205422588078,33.80994308137346,0.0 -79.00204929874533,33.80994248685946,0.0 -79.00204519676656,33.80994190566312,0.0 -79.00204027762925,33.80994096584585,0.0 -79.00203619156316,33.809939697649654,0.0 -79.00203128031974,33.809938417036946,0.0 -79.00202720223108,33.809936804439154,0.0 -79.0020231219825,33.80993519180633,0.0 -79.00201905185048,33.80993323570843,0.0 -79.0020158075819,33.80993112247869,0.0 -79.00201174324656,33.80992882284594,0.0 -79.00200850695558,33.80992636521463,0.0 -79.00200527463255,33.809923736284155,0.0 -79.00200204521833,33.809920935135494,0.0 -79.00199882307481,33.80991796003518,0.0 -79.00199560265571,33.80991481720715,0.0 -79.00199320527484,33.80991168585923,0.0 -79.0019908108028,33.809908382293116,0.0 -79.0019892443749,33.80990492072871,0.0 -79.00198685601016,33.809901446799934,0.0 -79.00198529249121,33.809897813017315,0.0 -79.00198577742853,33.809699203746405,0.0</coordinates>
                    </LinearRing>
                </outerBoundaryIs>
            </Polygon>
        </Placemark>
        <Placemark id="156373">
            <name>Parcel_17307</name>
            <styleUrl>#156378</styleUrl>
            <Polygon id="156372">
                <outerBoundaryIs>
                    <LinearRing id="156376">
                        <coordinates>-78.71843263804568,33.80259199006631,0.0 -78.71853274172067,33.80254245939277,0.0 -78.71859937565786,33.80263784630423,0.0 -78.7184934935536,33.802687958718835,0.0 -78.71843263804568,33.80259199006631,0.0</coordinates>
                    </LinearRing>
                </outerBoundaryIs>
            </Polygon>
        </Placemark>
        <Placemark id="156382">
            <name>Parcel_17308</name>
            <styleUrl>#156387</styleUrl>
            <Polygon id="156381">
                <outerBoundaryIs>
                    <LinearRing id="156385">
                        <coordinates>-78.93144949520921,33.80540383604129,0.0 -78.93087114140071,33.80641647919406,0.0 -78.93058154812485,33.80630511006246,0.0 -78.93052727842601,33.806405230006035,0.0 -78.9301084292036,33.80622520707768,0.0 -78.93144949520921,33.80540383604129,0.0</coordinates>
                    </LinearRing>
                </outerBoundaryIs>
            </Polygon>
        </Placemark>
        <Placemark id="156391">
            <name>Parcel_17309</name>
            <styleUrl>#156396</styleUrl>
            <Polygon id="156390">
                <outerBoundaryIs>
                    <LinearRing id="156394">
                        <coordinates>-78.72532051898563,33.798488589294244,0.0 -78.72547862637123,33.79836193875343,0.0 -78.72552739820746,33.798323142333125,0.0 -78.72554002152096,33.798312722121764,0.0 -78.72582178576347,33.798585602354734,0.0 -78.72580753936002,33.798595135004064,0.0 -78.72572447060358,33.79865460660098,0.0 -78.72558273407103,33.798753550526335,0.0 -78.72532051898563,33.798488589294244,0.0</coordinates>
                    </LinearRing>
                </outerBoundaryIs>
            </Polygon>
        </Placemark>
        <Placemark id="156400">
            <name>Parcel_17310</name>
            <styleUrl>#156405</styleUrl>
            <Polygon id="156399">
                <outerBoundaryIs>
                    <LinearRing id="156403">
                        <coordinates>-79.013373252916,33.803566525482914,0.0 -79.01336947532704,33.803517152897186,0.0 -79.01338924022177,33.803522520811384,0.0 -79.01340965794543,33.803525765279424,0.0 -79.0134304033632,33.80352683688933,0.0 -79.01345114413324,33.80352571768063,0.0 -79.01347155140347,33.80352242582524,0.0 -79.01349129879345,33.8035170129059,0.0 -79.01351007097225,33.80350956675904,0.0 -79.01352757030425,33.80350020436663,0.0 -79.0135435178258,33.80348907638089,0.0 -79.01355765775145,33.80347635907972,0.0 -79.01356976501334,33.80346225538938,0.0 -79.01357964750414,33.80344699131271,0.0 -79.01358714732297,33.80343080873412,0.0 -79.01359214505379,33.803413967291654,0.0 -79.01359456001434,33.80339673355824,0.0 -79.01373627591592,33.80346365302818,0.0 -79.01403091137446,33.80357456247349,0.0 -79.01395799764173,33.80364000771539,0.0 -79.01387708025744,33.80371263898727,0.0 -79.01387673287938,33.80371257027972,0.0 -79.013373252916,33.803566525482914,0.0</coordinates>
                    </LinearRing>
                </outerBoundaryIs>
            </Polygon>
        </Placemark>
        <Placemark id="156409">
            <name>Parcel_17311</name>
            <styleUrl>#156414</styleUrl>
            <Polygon id="156408">
                <outerBoundaryIs>
                    <LinearRing id="156412">
                        <coordinates>-78.73201192692333,33.79860913602105,0.0 -78.73212917261748,33.79872125250857,0.0 -78.73212959709731,33.79873637987414,0.0 -78.73213409963272,33.79884694549347,0.0 -78.73171139801086,33.79886136612726,0.0 -78.73170357143503,33.79884593082869,0.0 -78.73169573693406,33.79883083812984,0.0 -78.73168707290257,33.79881590250243,0.0 -78.73167757807653,33.798801295295966,0.0 -78.73166725590406,33.798786844298654,0.0 -78.73201192692333,33.79860913602105,0.0</coordinates>
                    </LinearRing>
                </outerBoundaryIs>
            </Polygon>
        </Placemark>
        <Placemark id="156418">
            <name>Parcel_17312</name>
            <styleUrl>#156423</styleUrl>
            <Polygon id="156417">
                <outerBoundaryIs>
                    <LinearRing id="156421">
                        <coordinates>-78.73131677456698,33.79852801094163,0.0 -78.73142187638004,33.79863234527681,0.0 -78.73111656807527,33.798847200158505,0.0 -78.7310131356898,33.79874203840515,0.0 -78.73131677456698,33.79852801094163,0.0</coordinates>
                    </LinearRing>
                </outerBoundaryIs>
            </Polygon>
        </Placemark>
        <Placemark id="156427">
            <name>Parcel_17313</name>
            <styleUrl>#156432</styleUrl>
            <Polygon id="156426">
                <outerBoundaryIs>
                    <LinearRing id="156430">
                        <coordinates>-78.7783663221319,33.78062788904235,0.0 -78.7784469496452,33.78053328722087,0.0 -78.77861492273179,33.780338705697716,0.0 -78.77866923209399,33.78027524756042,0.0 -78.77906981273331,33.780508903657854,0.0 -78.77901132381974,33.78057486383896,0.0 -78.77879422825085,33.78088712269288,0.0 -78.7783663221319,33.78062788904235,0.0</coordinates>
                    </LinearRing>
                </outerBoundaryIs>
            </Polygon>
        </Placemark>
        <Placemark id="156436">
            <name>Parcel_17314</name>
            <styleUrl>#156441</styleUrl>
            <Polygon id="156435">
                <outerBoundaryIs>
                    <LinearRing id="156439">
                        <coordinates>-78.78174468123296,33.77494049474674,0.0 -78.78175925265607,33.77498199343586,0.0 -78.78182515668405,33.775171665811,0.0 -78.78181852815591,33.775173437484874,0.0 -78.78181189306521,33.775175380412556,0.0 -78.78180607725665,33.775177510300736,0.0 -78.78179943001207,33.77517996802715,0.0 -78.78179360097003,33.77518261269478,0.0 -78.78178776752438,33.77518542865503,0.0 -78.78178192962876,33.77518841771084,0.0 -78.78177691106158,33.775191591924326,0.0 -78.78177106435862,33.77519492356535,0.0 -78.78176603477864,33.775198442128506,0.0 -78.78176100189769,33.775202131102084,0.0 -78.78175596121972,33.77520616538508,0.0 -78.78175091840534,33.775210198727656,0.0 -78.78174669383992,33.77521441720882,0.0 -78.78174246696041,33.77521880972595,0.0 -78.78173824010359,33.77522320134142,0.0 -78.78173400666073,33.77522776511244,0.0 -78.78173059252339,33.77523251494308,0.0 -78.7817271739823,33.77523743606644,0.0 -78.78172375101428,33.7752425293841,0.0 -78.7817211551023,33.77524746525497,0.0 -78.78171772770699,33.7752527307668,0.0 -78.78171594554807,33.7752580266755,0.0 -78.78133681754358,33.77515105344569,0.0 -78.78174468123296,33.77494049474674,0.0</coordinates>
                    </LinearRing>
                </outerBoundaryIs>
            </Polygon>
        </Placemark>
        <Placemark id="156445">
            <name>Parcel_17315</name>
            <styleUrl>#156450</styleUrl>
            <Polygon id="156444">
                <outerBoundaryIs>
                    <LinearRing id="156448">
                        <coordinates>-79.17703785134262,33.779895170748574,0.0 -79.18016922654598,33.779705363651104,0.0 -79.18082264347719,33.781541995269244,0.0 -79.1775417256441,33.78171707776073,0.0 -79.17751268582836,33.78161133031537,0.0 -79.17735897526372,33.78105669792761,0.0 -79.17711582830016,33.78017774376478,0.0 -79.17703785134262,33.779895170748574,0.0</coordinates>
                    </LinearRing>
                </outerBoundaryIs>
            </Polygon>
        </Placemark>
        <Placemark id="156454">
            <name>Parcel_17316</name>
            <styleUrl>#156459</styleUrl>
            <Polygon id="156453">
                <outerBoundaryIs>
                    <LinearRing id="156457">
                        <coordinates>-78.78501424094576,33.774982758634074,0.0 -78.78530843037518,33.77490400371859,0.0 -78.7853204347693,33.77491727800146,0.0 -78.78533018622021,33.774922091297015,0.0 -78.78535211614631,33.7749334804533,0.0 -78.78538315666647,33.774942628051626,0.0 -78.78527942578549,33.77529661656451,0.0 -78.7850044852597,33.77529873856092,0.0 -78.78501424094576,33.774982758634074,0.0</coordinates>
                    </LinearRing>
                </outerBoundaryIs>
            </Polygon>
        </Placemark>
        <Placemark id="156463">
            <name>Parcel_17317</name>
            <styleUrl>#156468</styleUrl>
            <Polygon id="156462">
                <outerBoundaryIs>
                    <LinearRing id="156466">
                        <coordinates>-78.99691221202629,33.7785502986351,0.0 -78.99692128156858,33.778549588623946,0.0 -78.99696345549215,33.77854099146196,0.0 -78.99700560036847,33.77853359877768,0.0 -78.99704854111759,33.778527421217674,0.0 -78.99709145176413,33.7785224472158,0.0 -78.99716647764953,33.77851678893503,0.0 -78.99720967658814,33.77878311550412,0.0 -78.99703287360919,33.778812381967875,0.0 -78.99691221202629,33.7785502986351,0.0</coordinates>
                    </LinearRing>
                </outerBoundaryIs>
            </Polygon>
        </Placemark>
        <Placemark id="156472">
            <name>Parcel_17318</name>
            <styleUrl>#156477</styleUrl>
            <Polygon id="156471">
                <outerBoundaryIs>
                    <LinearRing id="156475">
                        <coordinates>-78.99199791726315,33.77851925461857,0.0 -78.99230856444771,33.77832636455456,0.0 -78.99232380108957,33.77834362194545,0.0 -78.99240720348216,33.77843775543338,0.0 -78.99242971148584,33.778460800238314,0.0 -78.99231958129695,33.77852499063817,0.0 -78.99211414972766,33.778652579967975,0.0 -78.99209410588242,33.77862974555246,0.0 -78.99199791726315,33.77851925461857,0.0</coordinates>
                    </LinearRing>
                </outerBoundaryIs>
            </Polygon>
        </Placemark>
        <Placemark id="156481">
            <name>Parcel_17319</name>
            <styleUrl>#156486</styleUrl>
            <Polygon id="156480">
                <outerBoundaryIs>
                    <LinearRing id="156484">
                        <coordinates>-79.01396653014703,33.78398616595354,0.0 -79.01398721068585,33.783981687031975,0.0 -79.01402224558673,33.78397427274772,0.0 -79.01429819346548,33.78391588884286,0.0 -79.01429823063503,33.783916010295734,0.0 -79.01441667972048,33.78431073219894,0.0 -79.01414381619777,33.78436528494138,0.0 -79.01412314059742,33.78436959260575,0.0 -79.01396653014703,33.78398616595354,0.0</coordinates>
                    </LinearRing>
                </outerBoundaryIs>
            </Polygon>
        </Placemark>
        <Placemark id="156490">
            <name>Parcel_17320</name>
            <styleUrl>#156495</styleUrl>
            <Polygon id="156489">
                <outerBoundaryIs>
                    <LinearRing id="156493">
                        <coordinates>-78.9970943118189,33.771236821985006,0.0 -78.99741960610963,33.77087216958423,0.0 -78.99742854337161,33.77087712506625,0.0 -78.99771760467749,33.77104537327617,0.0 -78.99738229197388,33.77141622191918,0.0 -78.99709672281296,33.77123926643023,0.0 -78.9970943118189,33.771236821985006,0.0</coordinates>
                    </LinearRing>
                </outerBoundaryIs>
            </Polygon>
        </Placemark>
        <Placemark id="156499">
            <name>Parcel_17321</name>
            <styleUrl>#156504</styleUrl>
            <Polygon id="156498">
                <outerBoundaryIs>
                    <LinearRing id="156502">
                        <coordinates>-79.18613328607505,33.77407457390741,0.0 -79.18613993033108,33.77407157963032,0.0 -79.18640703864683,33.7740488638057,0.0 -79.18569040230341,33.77310268187945,0.0 -79.1861906060487,33.772874292093704,0.0 -79.18619053386854,33.77287772632805,0.0 -79.1876886207542,33.77419271701354,0.0 -79.18633689461647,33.77429301128147,0.0 -79.18613973538535,33.774080854495246,0.0 -79.18613328607505,33.77407457390741,0.0</coordinates>
                    </LinearRing>
                </outerBoundaryIs>
            </Polygon>
        </Placemark>
        <Placemark id="156508">
            <name>Parcel_17322</name>
            <styleUrl>#156513</styleUrl>
            <Polygon id="156507">
                <outerBoundaryIs>
                    <LinearRing id="156511">
                        <coordinates>-78.78080116310312,33.76765610907007,0.0 -78.78057995955362,33.767553513922294,0.0 -78.78080417074281,33.76725100337031,0.0 -78.78101802713205,33.76735123221218,0.0 -78.78080116310312,33.76765610907007,0.0</coordinates>
                    </LinearRing>
                </outerBoundaryIs>
            </Polygon>
        </Placemark>
        <Placemark id="156517">
            <name>Parcel_17323</name>
            <styleUrl>#156522</styleUrl>
            <Polygon id="156516">
                <outerBoundaryIs>
                    <LinearRing id="156520">
                        <coordinates>-78.73029859874214,33.79911623168926,0.0 -78.73038371060309,33.79919803460553,0.0 -78.7304053842806,33.79921904999363,0.0 -78.7302954321737,33.7992991664148,0.0 -78.7301895588356,33.79919292736744,0.0 -78.73029859874214,33.79911623168926,0.0</coordinates>
                    </LinearRing>
                </outerBoundaryIs>
            </Polygon>
        </Placemark>
        <Placemark id="156526">
            <name>Parcel_17324</name>
            <styleUrl>#156531</styleUrl>
            <Polygon id="156525">
                <outerBoundaryIs>
                    <LinearRing id="156529">
                        <coordinates>-79.00944304294178,33.802529174986645,0.0 -79.00983885395252,33.802968885367065,0.0 -79.00904718876427,33.803459283744026,0.0 -79.00864178756463,33.80301154287615,0.0 -79.00944304294178,33.802529174986645,0.0</coordinates>
                    </LinearRing>
                </outerBoundaryIs>
            </Polygon>
        </Placemark>
        <Placemark id="156535">
            <name>Parcel_17325</name>
            <styleUrl>#156540</styleUrl>
            <Polygon id="156534">
                <outerBoundaryIs>
                    <LinearRing id="156538">
                        <coordinates>-78.72340418075949,33.79837991105732,0.0 -78.72359445589754,33.79828370504582,0.0 -78.72370776525592,33.79843525792099,0.0 -78.72354165984692,33.79852074054432,0.0 -78.72340418075949,33.79837991105732,0.0</coordinates>
                    </LinearRing>
                </outerBoundaryIs>
            </Polygon>
        </Placemark>
        <Placemark id="156544">
            <name>Parcel_17326</name>
            <styleUrl>#156549</styleUrl>
            <Polygon id="156543">
                <outerBoundaryIs>
                    <LinearRing id="156547">
                        <coordinates>-78.72373147498102,33.79842305746458,0.0 -78.72393035061037,33.79829069516076,0.0 -78.72405546036437,33.79841636639617,0.0 -78.72388354372711,33.79853588824486,0.0 -78.72373147498102,33.79842305746458,0.0</coordinates>
                    </LinearRing>
                </outerBoundaryIs>
            </Polygon>
        </Placemark>
        <Placemark id="156553">
            <name>Parcel_17327</name>
            <styleUrl>#156558</styleUrl>
            <Polygon id="156552">
                <outerBoundaryIs>
                    <LinearRing id="156556">
                        <coordinates>-78.72617566650382,33.79840240869401,0.0 -78.72634242541804,33.798291035622675,0.0 -78.72649919664674,33.79818377582171,0.0 -78.72664341637399,33.798317967191174,0.0 -78.72631647920834,33.79853333948786,0.0 -78.72617566650382,33.79840240869401,0.0</coordinates>
                    </LinearRing>
                </outerBoundaryIs>
            </Polygon>
        </Placemark>
        <Placemark id="156562">
            <name>Parcel_17328</name>
            <styleUrl>#156567</styleUrl>
            <Polygon id="156561">
                <outerBoundaryIs>
                    <LinearRing id="156565">
                        <coordinates>-78.72897550175391,33.7984960755981,0.0 -78.72939889593019,33.798205039720024,0.0 -78.72944941148884,33.79825631128417,0.0 -78.72952799428839,33.79833593317096,0.0 -78.72910545785996,33.798625609731644,0.0 -78.72908702069121,33.79860671537444,0.0 -78.72897550175391,33.7984960755981,0.0</coordinates>
                    </LinearRing>
                </outerBoundaryIs>
            </Polygon>
        </Placemark>
        <Placemark id="156571">
            <name>Parcel_17329</name>
            <styleUrl>#156576</styleUrl>
            <Polygon id="156570">
                <outerBoundaryIs>
                    <LinearRing id="156574">
                        <coordinates>-79.00545140186705,33.81025403748747,0.0 -79.00545020792234,33.81005643217941,0.0 -79.00577462514148,33.81005495855464,0.0 -79.00577565488612,33.81022404008486,0.0 -79.00577538888024,33.81023554598216,0.0 -79.00577448644535,33.810238968625434,0.0 -79.00577276609243,33.81024220492556,0.0 -79.00577104573938,33.81024544122561,0.0 -79.0057685030855,33.81024849381757,0.0 -79.00576678667164,33.810251559719944,0.0 -79.00576425020034,33.810254438342724,0.0 -79.00576171766836,33.81025714656776,0.0 -79.00575836827734,33.81025966936849,0.0 -79.00575584152638,33.81026203405865,0.0 -79.0057524939352,33.81026438552518,0.0 -79.00574915426454,33.810266394393224,0.0 -79.0057449905343,33.81026838908381,0.0 -79.0057416588257,33.81027005355011,0.0 -79.00573750917792,33.81027153257449,0.0 -79.00573418538978,33.810272854442154,0.0 -79.00573004154413,33.81027398902991,0.0 -79.00572590377713,33.810274954156284,0.0 -79.00572177181246,33.81027557484613,0.0 -79.005717645989,33.81027602336988,0.0 -79.0057135230459,33.810276300576916,0.0 -79.0057094069644,33.81027623426641,0.0 -79.00570446896266,33.810276154714494,0.0 -79.00570036190294,33.81027574492108,0.0 -79.00569626386502,33.81027499164498,0.0 -79.00569216364623,33.810274239235476,0.0 -79.00545140186705,33.81025403748747,0.0</coordinates>
                    </LinearRing>
                </outerBoundaryIs>
            </Polygon>
        </Placemark>
        <Placemark id="156580">
            <name>Parcel_17330</name>
            <styleUrl>#156585</styleUrl>
            <Polygon id="156579">
                <outerBoundaryIs>
                    <LinearRing id="156583">
                        <coordinates>-78.70563504708487,33.8045929678245,0.0 -78.70578044567365,33.80452978237526,0.0 -78.70588854428361,33.804696033023184,0.0 -78.70609273208603,33.80501006015595,0.0 -78.70594477115979,33.80508222445919,0.0 -78.70563504708487,33.8045929678245,0.0</coordinates>
                    </LinearRing>
                </outerBoundaryIs>
            </Polygon>
        </Placemark>
        <Placemark id="156589">
            <name>Parcel_17331</name>
            <styleUrl>#156594</styleUrl>
            <Polygon id="156588">
                <outerBoundaryIs>
                    <LinearRing id="156592">
                        <coordinates>-79.00867361697345,33.81029886591498,0.0 -79.00869653181573,33.81001952244558,0.0 -79.00871796946161,33.81001814734786,0.0 -79.00874359735631,33.8100135783425,0.0 -79.00876598087395,33.81000689357433,0.0 -79.00879418880994,33.80999755346749,0.0 -79.00882168473063,33.80998339201502,0.0 -79.00884922320374,33.80996733993551,0.0 -79.00885255877405,33.80996550498773,0.0 -79.00885496038035,33.809968464001955,0.0 -79.0090465074114,33.81019473059838,0.0 -79.00896306278075,33.810243043172186,0.0 -79.00883708490932,33.81031489776263,0.0 -79.00867361697345,33.81029886591498,0.0</coordinates>
                    </LinearRing>
                </outerBoundaryIs>
            </Polygon>
        </Placemark>
        <Placemark id="156598">
            <name>Parcel_17332</name>
            <styleUrl>#156603</styleUrl>
            <Polygon id="156597">
                <outerBoundaryIs>
                    <LinearRing id="156601">
                        <coordinates>-78.70885956717392,33.80446146128253,0.0 -78.7090496870438,33.804375982457024,0.0 -78.70926519776299,33.80467772243213,0.0 -78.7092215313988,33.80470990458077,0.0 -78.70916473702421,33.804771398442305,0.0 -78.70910668291458,33.8048493632016,0.0 -78.70885956717392,33.80446146128253,0.0</coordinates>
                    </LinearRing>
                </outerBoundaryIs>
            </Polygon>
        </Placemark>
        <Placemark id="156607">
            <name>Parcel_17333</name>
            <styleUrl>#156612</styleUrl>
            <Polygon id="156606">
                <outerBoundaryIs>
                    <LinearRing id="156610">
                        <coordinates>-79.00152355485358,33.80989190455195,0.0 -79.00152361174284,33.809676281012166,0.0 -79.00182093139644,33.809671630374105,0.0 -79.00182056146846,33.809865258448156,0.0 -79.00182047792913,33.80986886474485,0.0 -79.00181957642121,33.809872287377004,0.0 -79.00181867387496,33.80987570818852,0.0 -79.00181777236689,33.80987913082066,0.0 -79.00181604971267,33.80988236703113,0.0 -79.0018143270583,33.80988560324158,0.0 -79.0018126065221,33.80988884129003,0.0 -79.00181006990864,33.80989172073358,0.0 -79.00180753329502,33.80989460017704,0.0 -79.00180499560122,33.809897479603,0.0 -79.0018024691254,33.809900014679904,0.0 -79.00179911527053,33.809902539107114,0.0 -79.0017957737137,33.80990471920262,0.0 -79.0017924289375,33.80990689834416,0.0 -79.00178908918845,33.80990890710557,0.0 -79.0017857574174,33.80991057146552,0.0 -79.00178160379268,33.80991221985333,0.0 -79.00177745583974,33.809913530115864,0.0 -79.00177331303935,33.80991466458868,0.0 -79.00176917308526,33.809915629547994,0.0 -79.00152355485358,33.80989190455195,0.0</coordinates>
                    </LinearRing>
                </outerBoundaryIs>
            </Polygon>
        </Placemark>
        <Placemark id="156616">
            <name>Parcel_17334</name>
            <styleUrl>#156621</styleUrl>
            <Polygon id="156615">
                <outerBoundaryIs>
                    <LinearRing id="156619">
                        <coordinates>-79.00466172632748,33.80993909026633,0.0 -79.00466004670619,33.80972687424181,0.0 -79.00496400305435,33.80972008899732,0.0 -79.00496524613241,33.80995102524532,0.0 -79.0046630017089,33.80995509178118,0.0 -79.00466172632748,33.80993909026633,0.0</coordinates>
                    </LinearRing>
                </outerBoundaryIs>
            </Polygon>
        </Placemark>
        <Placemark id="156625">
            <name>Parcel_17335</name>
            <styleUrl>#156630</styleUrl>
            <Polygon id="156624">
                <outerBoundaryIs>
                    <LinearRing id="156628">
                        <coordinates>-78.71713748901783,33.804650632426174,0.0 -78.71721816951786,33.804775146448584,0.0 -78.71680134047003,33.80497090080963,0.0 -78.71672148007347,33.804846400738846,0.0 -78.71713748901783,33.804650632426174,0.0</coordinates>
                    </LinearRing>
                </outerBoundaryIs>
            </Polygon>
        </Placemark>
        <Placemark id="156634">
            <name>Parcel_17336</name>
            <styleUrl>#156639</styleUrl>
            <Polygon id="156633">
                <outerBoundaryIs>
                    <LinearRing id="156637">
                        <coordinates>-79.03394293833686,33.8066323277677,0.0 -79.03471809023604,33.806431588495734,0.0 -79.03485852292161,33.806808198418125,0.0 -79.03428875475988,33.806955502784525,0.0 -79.03427988170196,33.80680296404949,0.0 -79.03401393567373,33.80676815871681,0.0 -79.03394293833686,33.8066323277677,0.0</coordinates>
                    </LinearRing>
                </outerBoundaryIs>
            </Polygon>
        </Placemark>
        <Placemark id="156643">
            <name>Parcel_17337</name>
            <styleUrl>#156648</styleUrl>
            <Polygon id="156642">
                <outerBoundaryIs>
                    <LinearRing id="156646">
                        <coordinates>-78.7232557309006,33.80130051961449,0.0 -78.72333953849918,33.80143161645936,0.0 -78.72334504476514,33.80144133988263,0.0 -78.72300999560065,33.80159652160727,0.0 -78.72300841440314,33.80159408698326,0.0 -78.72291902842005,33.80145601342444,0.0 -78.72295236478882,33.80144064753421,0.0 -78.7232557309006,33.80130051961449,0.0</coordinates>
                    </LinearRing>
                </outerBoundaryIs>
            </Polygon>
        </Placemark>
        <Placemark id="156652">
            <name>Parcel_17338</name>
            <styleUrl>#156657</styleUrl>
            <Polygon id="156651">
                <outerBoundaryIs>
                    <LinearRing id="156655">
                        <coordinates>-78.71617465062333,33.801151178915845,0.0 -78.71625305438585,33.801268265544635,0.0 -78.71584697728736,33.80146266627024,0.0 -78.71577260525184,33.80134874842779,0.0 -78.71617465062333,33.801151178915845,0.0</coordinates>
                    </LinearRing>
                </outerBoundaryIs>
            </Polygon>
        </Placemark>
        <Placemark id="156661">
            <name>Parcel_17339</name>
            <styleUrl>#156666</styleUrl>
            <Polygon id="156660">
                <outerBoundaryIs>
                    <LinearRing id="156664">
                        <coordinates>-78.72228545410293,33.80041392217494,0.0 -78.72231638027206,33.800458649618434,0.0 -78.72232503264992,33.80047393116105,0.0 -78.72235342225099,33.8005211897273,0.0 -78.72236293492902,33.80053510979977,0.0 -78.72205956789875,33.80067523551353,0.0 -78.72205089735998,33.800660642718356,0.0 -78.72198209405595,33.80055387645219,0.0 -78.72228545410293,33.80041392217494,0.0</coordinates>
                    </LinearRing>
                </outerBoundaryIs>
            </Polygon>
        </Placemark>
        <Placemark id="156670">
            <name>Parcel_17340</name>
            <styleUrl>#156675</styleUrl>
            <Polygon id="156669">
                <outerBoundaryIs>
                    <LinearRing id="156673">
                        <coordinates>-79.19780341980537,33.78664962209479,0.0 -79.19887706379451,33.7858429682436,0.0 -79.19942422843603,33.78643363741324,0.0 -79.19960239547396,33.78661216352449,0.0 -79.19972499210456,33.786732494154805,0.0 -79.1998331157362,33.78683629364972,0.0 -79.1999750486064,33.7869764932856,0.0 -79.19945253001215,33.78732556849262,0.0 -79.19873020061459,33.787822926251174,0.0 -79.19780341980537,33.78664962209479,0.0</coordinates>
                    </LinearRing>
                </outerBoundaryIs>
            </Polygon>
        </Placemark>
        <Placemark id="156679">
            <name>Parcel_17341</name>
            <styleUrl>#156684</styleUrl>
            <Polygon id="156678">
                <outerBoundaryIs>
                    <LinearRing id="156682">
                        <coordinates>-79.01076798241718,33.78488527468157,0.0 -79.01076910897505,33.78487206351066,0.0 -79.01076940988371,33.78485901133384,0.0 -79.01076971480384,33.78484578515194,0.0 -79.01076919802445,33.784832546663935,0.0 -79.01076868014465,33.78481930906006,0.0 -79.01076733445711,33.78480623041559,0.0 -79.01076517110327,33.784792964558356,0.0 -79.01076300086908,33.78478004402356,0.0 -79.010760833505,33.78476695217118,0.0 -79.01075701779831,33.78475400338284,0.0 -79.01075319594253,33.78474122766304,0.0 -79.01074937518838,33.78472845105884,0.0 -79.01074472766649,33.78471583523427,0.0 -79.0107392534603,33.7847033765829,0.0 -79.01073377528564,33.7846910901331,0.0 -79.01072747040632,33.784678961757905,0.0 -79.01072353373787,33.7846711663663,0.0 -79.01072519614928,33.78467050673186,0.0 -79.01086913485014,33.784609591677835,0.0 -79.01090888482163,33.78459277042464,0.0 -79.01115055641522,33.78449049474591,0.0 -79.01115075600104,33.78449041136965,0.0 -79.01115759872025,33.78450338804888,0.0 -79.01116573798689,33.78451883155595,0.0 -79.01117210069943,33.78453112408432,0.0 -79.01117212029999,33.784531164083575,0.0 -79.01118071033848,33.78454776387261,0.0 -79.01119155841562,33.78457314941991,0.0 -79.01119320431353,33.78457700179113,0.0 -79.01120486479624,33.78460673950259,0.0 -79.01120762566669,33.78461503187759,0.0 -79.01121487287375,33.7846367969928,0.0 -79.01122405028394,33.78466718476209,0.0 -79.01123157105053,33.78469788863502,0.0 -79.0112354573969,33.78471578915039,0.0 -79.0112354650581,33.78471583166346,0.0 -79.01123826837663,33.784728749736054,0.0 -79.01124331514319,33.784759756577195,0.0 -79.01124671132769,33.78479091006026,0.0 -79.01124833039601,33.78481963950021,0.0 -79.0112483343401,33.78481970269756,0.0 -79.01124846417807,33.78482203623241,0.0 -79.01124855762247,33.78482519894356,0.0 -79.0112485596772,33.78482525038566,0.0 -79.0112485611293,33.78482532797364,0.0 -79.01124938918073,33.78485332317012,0.0 -79.01124866874922,33.78488458005754,0.0 -79.01124691716856,33.78490771306695,0.0 -79.01124630271552,33.7849158141073,0.0 -79.01076798241718,33.78488527468157,0.0</coordinates>
                    </LinearRing>
                </outerBoundaryIs>
            </Polygon>
        </Placemark>
        <Placemark id="156688">
            <name>Parcel_17342</name>
            <styleUrl>#156693</styleUrl>
            <Polygon id="156687">
                <outerBoundaryIs>
                    <LinearRing id="156691">
                        <coordinates>-79.19945253001215,33.78732556849262,0.0 -79.1999750486064,33.7869764932856,0.0 -79.20042581983311,33.78742322289266,0.0 -79.19990251804862,33.787770398245186,0.0 -79.19945253001215,33.78732556849262,0.0</coordinates>
                    </LinearRing>
                </outerBoundaryIs>
            </Polygon>
        </Placemark>
        <Placemark id="156697">
            <name>Parcel_17343</name>
            <styleUrl>#156702</styleUrl>
            <Polygon id="156696">
                <outerBoundaryIs>
                    <LinearRing id="156700">
                        <coordinates>-78.78080473999013,33.77689548490873,0.0 -78.78084019541221,33.77682893854208,0.0 -78.78090046697137,33.776725551230456,0.0 -78.78092698367428,33.776686507543346,0.0 -78.78105304852056,33.77655861954221,0.0 -78.78155163464992,33.776779085410524,0.0 -78.78127795982925,33.77712047209998,0.0 -78.78080473999013,33.77689548490873,0.0</coordinates>
                    </LinearRing>
                </outerBoundaryIs>
            </Polygon>
        </Placemark>
        <Placemark id="156706">
            <name>Parcel_17344</name>
            <styleUrl>#156711</styleUrl>
            <Polygon id="156705">
                <outerBoundaryIs>
                    <LinearRing id="156709">
                        <coordinates>-78.99720967658814,33.77878311550412,0.0 -78.99716647764953,33.77851678893503,0.0 -78.99718212771718,33.77851618360798,0.0 -78.99722989408592,33.77851489491752,0.0 -78.99723778335395,33.7785149657819,0.0 -78.99727844004883,33.77851533697909,0.0 -78.99732613250727,33.77851713973117,0.0 -78.99737214371213,33.77852046114319,0.0 -78.99737543050038,33.778520686601276,0.0 -78.99739760052131,33.77852293580782,0.0 -78.99736405403057,33.77879815694635,0.0 -78.99720967658814,33.77878311550412,0.0</coordinates>
                    </LinearRing>
                </outerBoundaryIs>
            </Polygon>
        </Placemark>
        <Placemark id="156715">
            <name>Parcel_17345</name>
            <styleUrl>#156720</styleUrl>
            <Polygon id="156714">
                <outerBoundaryIs>
                    <LinearRing id="156718">
                        <coordinates>-78.99482164962161,33.77869700990853,0.0 -78.994715976676,33.778675709667354,0.0 -78.99471561739111,33.77867564702433,0.0 -78.99459302206344,33.778654301536186,0.0 -78.99471873460281,33.778557031267226,0.0 -78.99483107806547,33.77846830547314,0.0 -78.99519567735942,33.77864517060592,0.0 -78.99519399316286,33.77864686057203,0.0 -78.99515520298584,33.778722345887644,0.0 -78.99513878270447,33.778756099301305,0.0 -78.99492280110663,33.77871451458003,0.0 -78.99492247531171,33.778714451578345,0.0 -78.99482164962161,33.77869700990853,0.0</coordinates>
                    </LinearRing>
                </outerBoundaryIs>
            </Polygon>
        </Placemark>
        <Placemark id="156724">
            <name>Parcel_17346</name>
            <styleUrl>#156729</styleUrl>
            <Polygon id="156723">
                <outerBoundaryIs>
                    <LinearRing id="156727">
                        <coordinates>-79.00320923306285,33.78389075106469,0.0 -79.00320931794883,33.783890723573066,0.0 -79.00350543487507,33.783792667441226,0.0 -79.00353857042617,33.78384922089932,0.0 -79.00374304633594,33.78419019038522,0.0 -79.00370778031753,33.78420488823092,0.0 -79.00340915860548,33.78430485258452,0.0 -79.00336110750789,33.78421412838305,0.0 -79.00333835472806,33.784165997634965,0.0 -79.00329188450735,33.7840689972228,0.0 -79.00329179588626,33.78406881270402,0.0 -79.00323706956733,33.78395457693165,0.0 -79.00322687570707,33.78393276376827,0.0 -79.00320923306285,33.78389075106469,0.0</coordinates>
                    </LinearRing>
                </outerBoundaryIs>
            </Polygon>
        </Placemark>
        <Placemark id="156733">
            <name>Parcel_17347</name>
            <styleUrl>#156738</styleUrl>
            <Polygon id="156732">
                <outerBoundaryIs>
                    <LinearRing id="156736">
                        <coordinates>-78.7776746193434,33.78006528506855,0.0 -78.77773552934104,33.78003321851024,0.0 -78.77776295524005,33.77999092582533,0.0 -78.77776813350494,33.77994960908799,0.0 -78.77833233780585,33.7800296759233,0.0 -78.77794541900369,33.78028853794414,0.0 -78.77767269231073,33.7804917171852,0.0 -78.7776746193434,33.78006528506855,0.0</coordinates>
                    </LinearRing>
                </outerBoundaryIs>
            </Polygon>
        </Placemark>
        <Placemark id="156742">
            <name>Parcel_17348</name>
            <styleUrl>#156747</styleUrl>
            <Polygon id="156741">
                <outerBoundaryIs>
                    <LinearRing id="156745">
                        <coordinates>-78.77866923209399,33.78027524756042,0.0 -78.77884572149681,33.78006965148686,0.0 -78.77898576319163,33.77990498027755,0.0 -78.77955243906239,33.779952954606415,0.0 -78.77931824375273,33.78022624516017,0.0 -78.77906981273331,33.780508903657854,0.0 -78.77866923209399,33.78027524756042,0.0</coordinates>
                    </LinearRing>
                </outerBoundaryIs>
            </Polygon>
        </Placemark>
        <Placemark id="156751">
            <name>Parcel_17349</name>
            <styleUrl>#156756</styleUrl>
            <Polygon id="156750">
                <outerBoundaryIs>
                    <LinearRing id="156754">
                        <coordinates>-78.77972564050965,33.7798430021919,0.0 -78.78016270356115,33.78006631359164,0.0 -78.77999525740567,33.78020849844406,0.0 -78.77968816476915,33.780467939247046,0.0 -78.77963933125531,33.780510534610315,0.0 -78.77931824375273,33.78022624516017,0.0 -78.77955243906239,33.779952954606415,0.0 -78.77898576319163,33.77990498027755,0.0 -78.7791317596662,33.77973285739252,0.0 -78.77913769961711,33.77972591881773,0.0 -78.77934891470439,33.77970599876892,0.0 -78.779690754117,33.77988739467603,0.0 -78.77972564050965,33.7798430021919,0.0</coordinates>
                    </LinearRing>
                </outerBoundaryIs>
            </Polygon>
        </Placemark>
        <Placemark id="156760">
            <name>Parcel_17350</name>
            <styleUrl>#156765</styleUrl>
            <Polygon id="156759">
                <outerBoundaryIs>
                    <LinearRing id="156763">
                        <coordinates>-79.0740763082354,33.78491402106832,0.0 -79.07492149166654,33.784770649454124,0.0 -79.07496842237022,33.78499129967949,0.0 -79.07412655258427,33.78513352187119,0.0 -79.0740763082354,33.78491402106832,0.0</coordinates>
                    </LinearRing>
                </outerBoundaryIs>
            </Polygon>
        </Placemark>
        <Placemark id="156769">
            <name>Parcel_17351</name>
            <styleUrl>#156774</styleUrl>
            <Polygon id="156768">
                <outerBoundaryIs>
                    <LinearRing id="156772">
                        <coordinates>-79.00318084754353,33.783823159852055,0.0 -79.00311376589195,33.78366342322535,0.0 -79.00308412219502,33.783592844379825,0.0 -79.00307693051637,33.783575819213446,0.0 -79.00349698555132,33.78339664962988,0.0 -79.00351234302089,33.78339009965323,0.0 -79.0035506092638,33.783429602193905,0.0 -79.00358927854407,33.783469519791716,0.0 -79.00380592564674,33.783693162336505,0.0 -79.00379073510038,33.78369819170661,0.0 -79.00350543487507,33.783792667441226,0.0 -79.00320931794883,33.783890723573066,0.0 -79.00320923306285,33.78389075106469,0.0 -79.00318084754353,33.783823159852055,0.0</coordinates>
                    </LinearRing>
                </outerBoundaryIs>
            </Polygon>
        </Placemark>
        <Placemark id="156778">
            <name>Parcel_17352</name>
            <styleUrl>#156783</styleUrl>
            <Polygon id="156777">
                <outerBoundaryIs>
                    <LinearRing id="156781">
                        <coordinates>-79.00183125277283,33.77567495826634,0.0 -79.00195955002827,33.77528769653147,0.0 -79.00231213002986,33.775485994534385,0.0 -79.0022603620248,33.775909198833425,0.0 -79.00224183133194,33.77589206086585,0.0 -79.00214245481104,33.775812109567134,0.0 -79.00203764250688,33.77575371823797,0.0 -79.00193666133428,33.77570758801429,0.0 -79.00185247912182,33.775682345905764,0.0 -79.00183125277283,33.77567495826634,0.0</coordinates>
                    </LinearRing>
                </outerBoundaryIs>
            </Polygon>
        </Placemark>
        <Placemark id="156787">
            <name>Parcel_17353</name>
            <styleUrl>#156792</styleUrl>
            <Polygon id="156786">
                <outerBoundaryIs>
                    <LinearRing id="156790">
                        <coordinates>-79.159226120376,33.778104804709685,0.0 -79.15922619836033,33.77810474363919,0.0 -79.15955752798685,33.77784652065269,0.0 -79.15958654709169,33.77787512913684,0.0 -79.15961805785032,33.77790257154692,0.0 -79.1596511836553,33.777931413351986,0.0 -79.159686821582,33.7779582307832,0.0 -79.15972497856096,33.77798285077846,0.0 -79.15976482901266,33.77800509150257,0.0 -79.15980638200593,33.778024780827636,0.0 -79.15945060898827,33.77830641387021,0.0 -79.15932812602719,33.77819641468515,0.0 -79.159226120376,33.778104804709685,0.0</coordinates>
                    </LinearRing>
                </outerBoundaryIs>
            </Polygon>
        </Placemark>
        <Placemark id="156796">
            <name>Parcel_17354</name>
            <styleUrl>#156801</styleUrl>
            <Polygon id="156795">
                <outerBoundaryIs>
                    <LinearRing id="156799">
                        <coordinates>-78.78250221468487,33.77569515296092,0.0 -78.78267982920919,33.77582943704598,0.0 -78.78267560901402,33.775833486068535,0.0 -78.78267139100085,33.77583753422812,0.0 -78.78266716200184,33.775841925836104,0.0 -78.78266293518477,33.7758463165811,0.0 -78.78265952547562,33.77585089514396,0.0 -78.7826561157893,33.775855472805176,0.0 -78.78265270165468,33.775860223562205,0.0 -78.78265010577728,33.77586515945196,0.0 -78.78264750989958,33.775870095341624,0.0 -78.78264490959683,33.77587520342563,0.0 -78.78264230821416,33.77588031149024,0.0 -78.78264053158023,33.775885436138125,0.0 -78.78263874951122,33.775890730256364,0.0 -78.782636967442,33.77589602437458,0.0 -78.7826360025045,33.77590150540942,0.0 -78.78263504415084,33.775906814288554,0.0 -78.78263408026953,33.775912296244236,0.0 -78.78263311533165,33.77591777727899,0.0 -78.78263297413295,33.7759232721732,0.0 -78.78263283291105,33.77592876796893,0.0 -78.78263351983013,33.77593410633117,0.0 -78.78263420122175,33.775939617769986,0.0 -78.78263488703823,33.775944957014445,0.0 -78.78263556955591,33.77595046666952,0.0 -78.78263707692983,33.77595582063618,0.0 -78.78263858646304,33.77596117464149,0.0 -78.78264009826208,33.775966356413726,0.0 -78.78264243377782,33.775971552946785,0.0 -78.78264476929387,33.775976749479824,0.0 -78.78264711029132,33.77598177473934,0.0 -78.78265027619177,33.77598664250717,0.0 -78.78215448320475,33.77603170663295,0.0 -78.78213014288241,33.77601804046168,0.0 -78.78243496777888,33.77565373948819,0.0 -78.78250221468487,33.77569515296092,0.0</coordinates>
                    </LinearRing>
                </outerBoundaryIs>
            </Polygon>
        </Placemark>
        <Placemark id="156805">
            <name>Parcel_17355</name>
            <styleUrl>#156810</styleUrl>
            <Polygon id="156804">
                <outerBoundaryIs>
                    <LinearRing id="156808">
                        <coordinates>-79.0241792672517,33.779804961451035,0.0 -79.02418681037699,33.77979906883517,0.0 -79.02419354438074,33.779792475140496,0.0 -79.02419946353633,33.77978552480632,0.0 -79.02420457106238,33.77977821878615,0.0 -79.02420968321378,33.77977056921072,0.0 -79.02421398269732,33.77976256212907,0.0 -79.02476912199643,33.77995956165018,0.0 -79.02477156657031,33.77996063065449,0.0 -79.0244852930539,33.78013440513511,0.0 -79.0241792672517,33.779804961451035,0.0</coordinates>
                    </LinearRing>
                </outerBoundaryIs>
            </Polygon>
        </Placemark>
        <Placemark id="156814">
            <name>Parcel_17356</name>
            <styleUrl>#156819</styleUrl>
            <Polygon id="156813">
                <outerBoundaryIs>
                    <LinearRing id="156817">
                        <coordinates>-78.99475186622287,33.77946870472787,0.0 -78.99509519488026,33.779463274258916,0.0 -78.9951009556556,33.779463195327224,0.0 -78.9951034765463,33.7795671840135,0.0 -78.99510331692501,33.77957405404178,0.0 -78.99510398506933,33.77958076611689,0.0 -78.99510464813311,33.779587650375944,0.0 -78.99510613068497,33.77959454701018,0.0 -78.99510680103094,33.77960125731704,0.0 -78.99510828972261,33.779607982686294,0.0 -78.99510976861275,33.77961522289183,0.0 -78.99475105403788,33.779645318671875,0.0 -78.99475186622287,33.77946870472787,0.0</coordinates>
                    </LinearRing>
                </outerBoundaryIs>
            </Polygon>
        </Placemark>
        <Placemark id="156823">
            <name>Parcel_17357</name>
            <styleUrl>#156828</styleUrl>
            <Polygon id="156822">
                <outerBoundaryIs>
                    <LinearRing id="156826">
                        <coordinates>-78.78063936546965,33.77721348645774,0.0 -78.78080473999013,33.77689548490873,0.0 -78.78127795982925,33.77712047209998,0.0 -78.78124394994266,33.777162817051334,0.0 -78.78109401671375,33.77739243462849,0.0 -78.78063936546965,33.77721348645774,0.0</coordinates>
                    </LinearRing>
                </outerBoundaryIs>
            </Polygon>
        </Placemark>
        <Placemark id="156832">
            <name>Parcel_17358</name>
            <styleUrl>#156837</styleUrl>
            <Polygon id="156831">
                <outerBoundaryIs>
                    <LinearRing id="156835">
                        <coordinates>-78.99855068031901,33.77841462457959,0.0 -78.99867153524094,33.778526541916,0.0 -78.99841551040655,33.77870692876398,0.0 -78.99826740780031,33.77863426110175,0.0 -78.9985422511578,33.7784211606316,0.0 -78.99855068031901,33.77841462457959,0.0</coordinates>
                    </LinearRing>
                </outerBoundaryIs>
            </Polygon>
        </Placemark>
        <Placemark id="156841">
            <name>Parcel_17359</name>
            <styleUrl>#156846</styleUrl>
            <Polygon id="156840">
                <outerBoundaryIs>
                    <LinearRing id="156844">
                        <coordinates>-78.99483107806547,33.77846830547314,0.0 -78.99496098339458,33.778367664791766,0.0 -78.99502458479756,33.77831276556576,0.0 -78.99502558224307,33.77831190506248,0.0 -78.99502565284898,33.77831184126838,0.0 -78.99502566023894,33.77831184860347,0.0 -78.99505560167009,33.778333460257855,0.0 -78.99531942498636,33.77852621736125,0.0 -78.99530432519433,33.77853851481407,0.0 -78.99530180016531,33.77854087932335,0.0 -78.99519567735942,33.77864517060592,0.0 -78.99483107806547,33.77846830547314,0.0</coordinates>
                    </LinearRing>
                </outerBoundaryIs>
            </Polygon>
        </Placemark>
        <Placemark id="156850">
            <name>Parcel_17360</name>
            <styleUrl>#156855</styleUrl>
            <Polygon id="156849">
                <outerBoundaryIs>
                    <LinearRing id="156853">
                        <coordinates>-79.1482481257877,33.78068724758617,0.0 -79.1484658249076,33.78039894287866,0.0 -79.14917812060021,33.780764041954946,0.0 -79.14904432444084,33.78093935109662,0.0 -79.14896396918357,33.78104054736441,0.0 -79.1482481257877,33.78068724758617,0.0</coordinates>
                    </LinearRing>
                </outerBoundaryIs>
            </Polygon>
        </Placemark>
        <Placemark id="156859">
            <name>Parcel_17361</name>
            <styleUrl>#156864</styleUrl>
            <Polygon id="156858">
                <outerBoundaryIs>
                    <LinearRing id="156862">
                        <coordinates>-78.99362562369393,33.77764328820706,0.0 -78.99356892343798,33.777457665864134,0.0 -78.99353843763257,33.77735786310062,0.0 -78.99356826593986,33.777349240084206,0.0 -78.99359647389178,33.77733956079672,0.0 -78.99362551835675,33.777329206902344,0.0 -78.99365376620786,33.777317810996,0.0 -78.99368120922688,33.77730554070183,0.0 -78.99395969187522,33.77768169380755,0.0 -78.99390993148039,33.77773346355058,0.0 -78.99362562369393,33.77764328820706,0.0</coordinates>
                    </LinearRing>
                </outerBoundaryIs>
            </Polygon>
        </Placemark>
        <Placemark id="156868">
            <name>Parcel_17362</name>
            <styleUrl>#156873</styleUrl>
            <Polygon id="156867">
                <outerBoundaryIs>
                    <LinearRing id="156871">
                        <coordinates>-78.99350945598644,33.777365468043826,0.0 -78.99353843763257,33.77735786310062,0.0 -78.99356892343798,33.777457665864134,0.0 -78.99362562369393,33.77764328820706,0.0 -78.99340350898065,33.77770995872003,0.0 -78.99339771024837,33.777711581941794,0.0 -78.9933407146263,33.77745396446159,0.0 -78.99332770547616,33.777395164868864,0.0 -78.99342181501206,33.77738277525438,0.0 -78.99345155549878,33.7773779298805,0.0 -78.99348049719661,33.777372043359826,0.0 -78.99350945598644,33.777365468043826,0.0</coordinates>
                    </LinearRing>
                </outerBoundaryIs>
            </Polygon>
        </Placemark>
        <Placemark id="156877">
            <name>Parcel_17363</name>
            <styleUrl>#156882</styleUrl>
            <Polygon id="156876">
                <outerBoundaryIs>
                    <LinearRing id="156880">
                        <coordinates>-78.99939675430626,33.777774722630326,0.0 -78.99948412710903,33.77748443341636,0.0 -78.99948413990475,33.777484393938806,0.0 -78.99963887121298,33.77751954023651,0.0 -78.99963885478132,33.77751959679169,0.0 -78.99955561649142,33.77780925125204,0.0 -78.99939675430626,33.777774722630326,0.0</coordinates>
                    </LinearRing>
                </outerBoundaryIs>
            </Polygon>
        </Placemark>
        <Placemark id="156886">
            <name>Parcel_17364</name>
            <styleUrl>#156891</styleUrl>
            <Polygon id="156885">
                <outerBoundaryIs>
                    <LinearRing id="156889">
                        <coordinates>-78.72814060308082,33.79843865875704,0.0 -78.7282656306416,33.79834885423611,0.0 -78.72840592060275,33.79849232561784,0.0 -78.72830284317975,33.798561398369884,0.0 -78.72828186510226,33.798576476579285,0.0 -78.72814060308082,33.79843865875704,0.0</coordinates>
                    </LinearRing>
                </outerBoundaryIs>
            </Polygon>
        </Placemark>
        <Placemark id="156895">
            <name>Parcel_17365</name>
            <styleUrl>#156900</styleUrl>
            <Polygon id="156894">
                <outerBoundaryIs>
                    <LinearRing id="156898">
                        <coordinates>-78.72493366551194,33.79839230273352,0.0 -78.72507714861429,33.79828961061359,0.0 -78.72508113944171,33.79829432366597,0.0 -78.72508994612122,33.79830376403258,0.0 -78.72518686154909,33.79840606282621,0.0 -78.72505060842306,33.79851558864873,0.0 -78.72493366551194,33.79839230273352,0.0</coordinates>
                    </LinearRing>
                </outerBoundaryIs>
            </Polygon>
        </Placemark>
        <Placemark id="156904">
            <name>Parcel_17366</name>
            <styleUrl>#156909</styleUrl>
            <Polygon id="156903">
                <outerBoundaryIs>
                    <LinearRing id="156907">
                        <coordinates>-78.73070206031635,33.79842481647096,0.0 -78.7309981553583,33.79821598025841,0.0 -78.73110327902603,33.79831945481338,0.0 -78.73080547490478,33.79853066727776,0.0 -78.73070206031635,33.79842481647096,0.0</coordinates>
                    </LinearRing>
                </outerBoundaryIs>
            </Polygon>
        </Placemark>
        <Placemark id="156913">
            <name>Parcel_17367</name>
            <styleUrl>#156918</styleUrl>
            <Polygon id="156912">
                <outerBoundaryIs>
                    <LinearRing id="156916">
                        <coordinates>-78.68207057644808,33.857939940492095,0.0 -78.68211925580576,33.85792744927799,0.0 -78.68279038897687,33.85779957932524,0.0 -78.68286711881139,33.85778495994893,0.0 -78.68287901203098,33.85844497353226,0.0 -78.68253165388334,33.85843998539703,0.0 -78.68229773723378,33.85843818617215,0.0 -78.6820843791232,33.85843780219209,0.0 -78.68207057644808,33.857939940492095,0.0</coordinates>
                    </LinearRing>
                </outerBoundaryIs>
            </Polygon>
        </Placemark>
        <Placemark id="156922">
            <name>Parcel_17368</name>
            <styleUrl>#156927</styleUrl>
            <Polygon id="156921">
                <outerBoundaryIs>
                    <LinearRing id="156925">
                        <coordinates>-79.04281597427683,33.88356400124161,0.0 -79.04294436316881,33.883570839966765,0.0 -79.04330400784849,33.883590437305,0.0 -79.04326201096393,33.8840610503304,0.0 -79.0432551980582,33.88414341154564,0.0 -79.04324417176768,33.88426608112035,0.0 -79.04283468841531,33.884227657696805,0.0 -79.04281597427683,33.88356400124161,0.0</coordinates>
                    </LinearRing>
                </outerBoundaryIs>
            </Polygon>
        </Placemark>
        <Placemark id="156931">
            <name>Parcel_17369</name>
            <styleUrl>#156936</styleUrl>
            <Polygon id="156930">
                <outerBoundaryIs>
                    <LinearRing id="156934">
                        <coordinates>-78.66685903176108,33.87053500395504,0.0 -78.66685074015223,33.870354260789334,0.0 -78.66696621282081,33.87034973318756,0.0 -78.66697611004182,33.87034940457201,0.0 -78.66698605358727,33.87053000746438,0.0 -78.66685903176108,33.87053500395504,0.0</coordinates>
                    </LinearRing>
                </outerBoundaryIs>
            </Polygon>
        </Placemark>
        <Placemark id="156940">
            <name>Parcel_17370</name>
            <styleUrl>#156945</styleUrl>
            <Polygon id="156939">
                <outerBoundaryIs>
                    <LinearRing id="156943">
                        <coordinates>-78.64889095912274,33.869824838654175,0.0 -78.64892513413385,33.86981036676176,0.0 -78.64897047110969,33.86974919914176,0.0 -78.64933287638159,33.86990487665792,0.0 -78.64919816913593,33.8700708812269,0.0 -78.64910523892635,33.87018527077678,0.0 -78.64889095912274,33.869824838654175,0.0</coordinates>
                    </LinearRing>
                </outerBoundaryIs>
            </Polygon>
        </Placemark>
        <Placemark id="156949">
            <name>Parcel_17371</name>
            <styleUrl>#156954</styleUrl>
            <Polygon id="156948">
                <outerBoundaryIs>
                    <LinearRing id="156952">
                        <coordinates>-78.80432792769373,33.86190336216594,0.0 -78.80462666526569,33.86178632237426,0.0 -78.80483131163302,33.86216142443025,0.0 -78.80482382504808,33.862164212218595,0.0 -78.80479386544026,33.86217605401552,0.0 -78.8045267519394,33.86228059472149,0.0 -78.80432792769373,33.86190336216594,0.0</coordinates>
                    </LinearRing>
                </outerBoundaryIs>
            </Polygon>
        </Placemark>
        <Placemark id="156958">
            <name>Parcel_17372</name>
            <styleUrl>#156963</styleUrl>
            <Polygon id="156957">
                <outerBoundaryIs>
                    <LinearRing id="156961">
                        <coordinates>-78.660721549202,33.859571886201046,0.0 -78.66072195485084,33.859132269255426,0.0 -78.6607350967609,33.859133720685826,0.0 -78.66076304036164,33.859136137162594,0.0 -78.66079100469226,33.85913786943367,0.0 -78.66081817254373,33.85913855390682,0.0 -78.6608412419659,33.859138474576284,0.0 -78.66083399559805,33.859527005848285,0.0 -78.66072172134794,33.85957223580661,0.0 -78.6607215486324,33.859572305603656,0.0 -78.660721549202,33.859571886201046,0.0</coordinates>
                    </LinearRing>
                </outerBoundaryIs>
            </Polygon>
        </Placemark>
        <Placemark id="156967">
            <name>Parcel_17373</name>
            <styleUrl>#156972</styleUrl>
            <Polygon id="156966">
                <outerBoundaryIs>
                    <LinearRing id="156970">
                        <coordinates>-78.79747779302386,33.8607399799741,0.0 -78.79756843041008,33.86017553639548,0.0 -78.7978702544637,33.86020994441272,0.0 -78.79779582806879,33.860770720499865,0.0 -78.79762908041553,33.86075160559105,0.0 -78.79757894223876,33.86074710452377,0.0 -78.79752878646977,33.86074329220374,0.0 -78.79747779302386,33.8607399799741,0.0</coordinates>
                    </LinearRing>
                </outerBoundaryIs>
            </Polygon>
        </Placemark>
        <Placemark id="156976">
            <name>Parcel_17374</name>
            <styleUrl>#156981</styleUrl>
            <Polygon id="156975">
                <outerBoundaryIs>
                    <LinearRing id="156979">
                        <coordinates>-78.79693553729584,33.86010338573154,0.0 -78.79725239118633,33.86013950839951,0.0 -78.79715666800115,33.860733409723615,0.0 -78.7971055582534,33.860734733938365,0.0 -78.79705443424555,33.86073657378683,0.0 -78.79700328724495,33.86073927094825,0.0 -78.79695130464894,33.86074247093869,0.0 -78.79689198568745,33.86074261723605,0.0 -78.79683269303816,33.8607417339599,0.0 -78.79693553729584,33.86010338573154,0.0</coordinates>
                    </LinearRing>
                </outerBoundaryIs>
            </Polygon>
        </Placemark>
        <Placemark id="156985">
            <name>Parcel_17375</name>
            <styleUrl>#156990</styleUrl>
            <Polygon id="156984">
                <outerBoundaryIs>
                    <LinearRing id="156988">
                        <coordinates>-79.05769822319802,33.86543048531267,0.0 -79.05807582651036,33.86556388781814,0.0 -79.05799527542078,33.865811750808994,0.0 -79.05753087418597,33.86571139958362,0.0 -79.05758401700217,33.86552195279228,0.0 -79.05761817191546,33.86540019370511,0.0 -79.05769822319802,33.86543048531267,0.0</coordinates>
                    </LinearRing>
                </outerBoundaryIs>
            </Polygon>
        </Placemark>
        <Placemark id="156994">
            <name>Parcel_17376</name>
            <styleUrl>#156999</styleUrl>
            <Polygon id="156993">
                <outerBoundaryIs>
                    <LinearRing id="156997">
                        <coordinates>-78.79668490690274,33.861334633977194,0.0 -78.79671222367556,33.86116828304641,0.0 -78.79676403867212,33.860849275649606,0.0 -78.79682823699913,33.860851619867795,0.0 -78.7968932949495,33.860852605691214,0.0 -78.79695838690967,33.860852218434026,0.0 -78.79701367322703,33.86084873356074,0.0 -78.79706893542328,33.8608461077806,0.0 -78.7971241811191,33.86084416986099,0.0 -78.797038159256,33.86137356380869,0.0 -78.79668490690274,33.861334633977194,0.0</coordinates>
                    </LinearRing>
                </outerBoundaryIs>
            </Polygon>
        </Placemark>
        <Placemark id="157003">
            <name>Parcel_17377</name>
            <styleUrl>#157008</styleUrl>
            <Polygon id="157002">
                <outerBoundaryIs>
                    <LinearRing id="157006">
                        <coordinates>-78.67213183596637,33.875553865248996,0.0 -78.67232336784261,33.875448699706375,0.0 -78.67256633090419,33.87575807888633,0.0 -78.67239819499244,33.875851142656806,0.0 -78.67239483577832,33.875853485064475,0.0 -78.67239249030207,33.87584880132001,0.0 -78.67213183596637,33.875553865248996,0.0</coordinates>
                    </LinearRing>
                </outerBoundaryIs>
            </Polygon>
        </Placemark>
        <Placemark id="157012">
            <name>Parcel_17378</name>
            <styleUrl>#157017</styleUrl>
            <Polygon id="157011">
                <outerBoundaryIs>
                    <LinearRing id="157015">
                        <coordinates>-78.64616424673305,33.86923266904985,0.0 -78.64628383024217,33.86943975688965,0.0 -78.64584234450966,33.869615563946084,0.0 -78.64572272896991,33.86940967828566,0.0 -78.64616424673305,33.86923266904985,0.0</coordinates>
                    </LinearRing>
                </outerBoundaryIs>
            </Polygon>
        </Placemark>
        <Placemark id="157021">
            <name>Parcel_17379</name>
            <styleUrl>#157026</styleUrl>
            <Polygon id="157020">
                <outerBoundaryIs>
                    <LinearRing id="157024">
                        <coordinates>-78.61622746040199,33.8734344041542,0.0 -78.61630981507317,33.87358496190661,0.0 -78.6158286220197,33.87376333676605,0.0 -78.61574626328034,33.87361294998303,0.0 -78.61622746040199,33.8734344041542,0.0</coordinates>
                    </LinearRing>
                </outerBoundaryIs>
            </Polygon>
        </Placemark>
        <Placemark id="157030">
            <name>Parcel_17380</name>
            <styleUrl>#157035</styleUrl>
            <Polygon id="157029">
                <outerBoundaryIs>
                    <LinearRing id="157033">
                        <coordinates>-78.81260702790847,33.860264493125534,0.0 -78.812704913463,33.86027034449545,0.0 -78.8128397342322,33.8602816607266,0.0 -78.81296540347508,33.86029642296091,0.0 -78.81308674964029,33.860319185565615,0.0 -78.81320874725971,33.86034883049216,0.0 -78.81338084573606,33.860416989402026,0.0 -78.81319910815274,33.8606964220592,0.0 -78.81251214770374,33.86056229781973,0.0 -78.81260702790847,33.860264493125534,0.0</coordinates>
                    </LinearRing>
                </outerBoundaryIs>
            </Polygon>
        </Placemark>
        <Placemark id="157039">
            <name>Parcel_17381</name>
            <styleUrl>#157044</styleUrl>
            <Polygon id="157038">
                <outerBoundaryIs>
                    <LinearRing id="157042">
                        <coordinates>-79.12368818441762,33.8832502439342,0.0 -79.12370249527292,33.88323637153093,0.0 -79.12409503648503,33.8828808313972,0.0 -79.1244980148981,33.883181411129506,0.0 -79.12458072192415,33.883242967962154,0.0 -79.12419459620962,33.88360668123221,0.0 -79.12391541596845,33.88341037247344,0.0 -79.12368818441762,33.8832502439342,0.0</coordinates>
                    </LinearRing>
                </outerBoundaryIs>
            </Polygon>
        </Placemark>
        <Placemark id="157048">
            <name>Parcel_17382</name>
            <styleUrl>#157053</styleUrl>
            <Polygon id="157047">
                <outerBoundaryIs>
                    <LinearRing id="157051">
                        <coordinates>-78.6187148264841,33.87338258147132,0.0 -78.61873566164468,33.87337404707058,0.0 -78.61881817760305,33.87333989448297,0.0 -78.61892420949546,33.873498465850794,0.0 -78.6188161210075,33.87353367383181,0.0 -78.6187148264841,33.87338258147132,0.0</coordinates>
                    </LinearRing>
                </outerBoundaryIs>
            </Polygon>
        </Placemark>
        <Placemark id="157057">
            <name>Parcel_17383</name>
            <styleUrl>#157062</styleUrl>
            <Polygon id="157056">
                <outerBoundaryIs>
                    <LinearRing id="157060">
                        <coordinates>-78.61828234160012,33.87314793934662,0.0 -78.61862217867117,33.87300930702713,0.0 -78.61868475341186,33.873096997126915,0.0 -78.61834492034407,33.87323563240287,0.0 -78.61828234160012,33.87314793934662,0.0</coordinates>
                    </LinearRing>
                </outerBoundaryIs>
            </Polygon>
        </Placemark>
        <Placemark id="157066">
            <name>Parcel_17384</name>
            <styleUrl>#157071</styleUrl>
            <Polygon id="157065">
                <outerBoundaryIs>
                    <LinearRing id="157069">
                        <coordinates>-78.61008694483355,33.87549382085081,0.0 -78.60963752745035,33.875714023183185,0.0 -78.60962163845248,33.87569275387896,0.0 -78.60943186052859,33.87543461683821,0.0 -78.60986979005824,33.87521264853297,0.0 -78.61008694483355,33.87549382085081,0.0</coordinates>
                    </LinearRing>
                </outerBoundaryIs>
            </Polygon>
        </Placemark>
        <Placemark id="157075">
            <name>Parcel_17385</name>
            <styleUrl>#157080</styleUrl>
            <Polygon id="157074">
                <outerBoundaryIs>
                    <LinearRing id="157078">
                        <coordinates>-78.61594357899067,33.872913806816065,0.0 -78.61594941495876,33.872911342202265,0.0 -78.61611680807246,33.87284720629211,0.0 -78.6162442475762,33.8727975960485,0.0 -78.6164308452055,33.87272420885709,0.0 -78.6165562445121,33.87292714232122,0.0 -78.61605257431818,33.8731140195401,0.0 -78.61594357899067,33.872913806816065,0.0</coordinates>
                    </LinearRing>
                </outerBoundaryIs>
            </Polygon>
        </Placemark>
        <Placemark id="157084">
            <name>Parcel_17386</name>
            <styleUrl>#157089</styleUrl>
            <Polygon id="157083">
                <outerBoundaryIs>
                    <LinearRing id="157087">
                        <coordinates>-78.61309441860698,33.839254608714846,0.0 -78.61348402917034,33.839134621950265,0.0 -78.61348735637375,33.839133482837305,0.0 -78.61348892199983,33.83913643361533,0.0 -78.61354234024523,33.8392598055773,0.0 -78.61314774975973,33.839381070252095,0.0 -78.61309441860698,33.839254608714846,0.0</coordinates>
                    </LinearRing>
                </outerBoundaryIs>
            </Polygon>
        </Placemark>
        <Placemark id="157093">
            <name>Parcel_17387</name>
            <styleUrl>#157098</styleUrl>
            <Polygon id="157092">
                <outerBoundaryIs>
                    <LinearRing id="157096">
                        <coordinates>-79.16247418353736,33.77780653557115,0.0 -79.16291111879445,33.77773227211148,0.0 -79.16297456925706,33.77799900313134,0.0 -79.16253839429821,33.77807620024663,0.0 -79.16247418353736,33.77780653557115,0.0</coordinates>
                    </LinearRing>
                </outerBoundaryIs>
            </Polygon>
        </Placemark>
        <Placemark id="157102">
            <name>Parcel_17388</name>
            <styleUrl>#157107</styleUrl>
            <Polygon id="157101">
                <outerBoundaryIs>
                    <LinearRing id="157105">
                        <coordinates>-78.98906942748704,33.775314741563854,0.0 -78.98929409880817,33.77503232167602,0.0 -78.9892989576735,33.77503566467746,0.0 -78.98930464537258,33.77503884888012,0.0 -78.98931034105472,33.77504169048276,0.0 -78.98931603966999,33.77504435986609,0.0 -78.98932173610537,33.7750470301157,0.0 -78.98932827045778,33.77504919808246,0.0 -78.9893339832492,33.775051351797266,0.0 -78.98934051833369,33.77505334931245,0.0 -78.98934706362326,33.7750550015579,0.0 -78.98935279022142,33.77505647003722,0.0 -78.9893593424563,33.775057777861505,0.0 -78.98936590587074,33.775058744941475,0.0 -78.98937247007974,33.77505953886547,0.0 -78.98937903938067,33.77506016060511,0.0 -78.98938561267289,33.7750606110446,0.0 -78.98939219504815,33.77506071799992,0.0 -78.98939877927643,33.775060652718324,0.0 -78.98940537256661,33.77506024485412,0.0 -78.98941196585672,33.7750598369896,0.0 -78.9894608241218,33.775364744626096,0.0 -78.98928448464908,33.77537424914671,0.0 -78.9890710338719,33.775316485826615,0.0 -78.98906942748704,33.775314741563854,0.0</coordinates>
                    </LinearRing>
                </outerBoundaryIs>
            </Polygon>
        </Placemark>
        <Placemark id="157111">
            <name>Parcel_17389</name>
            <styleUrl>#157116</styleUrl>
            <Polygon id="157110">
                <outerBoundaryIs>
                    <LinearRing id="157114">
                        <coordinates>-78.9981438001184,33.779386014716664,0.0 -78.99822223799191,33.77933969121454,0.0 -78.99829743387703,33.7792912525364,0.0 -78.99835849120818,33.77924911590098,0.0 -78.99840042322874,33.77935735051763,0.0 -78.99841582955177,33.77940278667768,0.0 -78.99842395501452,33.77944278014831,0.0 -78.99843416219443,33.77949947201623,0.0 -78.99844471003377,33.77957695948918,0.0 -78.99838106683062,33.779659604544115,0.0 -78.9981438001184,33.779386014716664,0.0</coordinates>
                    </LinearRing>
                </outerBoundaryIs>
            </Polygon>
        </Placemark>
        <Placemark id="157120">
            <name>Parcel_17390</name>
            <styleUrl>#157125</styleUrl>
            <Polygon id="157119">
                <outerBoundaryIs>
                    <LinearRing id="157123">
                        <coordinates>-78.99586063082597,33.779284789619815,0.0 -78.99590950228931,33.77959021016148,0.0 -78.9957263647415,33.77960854738118,0.0 -78.9956774620009,33.77930450077419,0.0 -78.99586063082597,33.779284789619815,0.0</coordinates>
                    </LinearRing>
                </outerBoundaryIs>
            </Polygon>
        </Placemark>
        <Placemark id="157129">
            <name>Parcel_17391</name>
            <styleUrl>#157134</styleUrl>
            <Polygon id="157128">
                <outerBoundaryIs>
                    <LinearRing id="157132">
                        <coordinates>-78.99605700564304,33.77926340073301,0.0 -78.9961058458809,33.779570195204336,0.0 -78.99590950228931,33.77959021016148,0.0 -78.99586063082597,33.779284789619815,0.0 -78.99605700564304,33.77926340073301,0.0</coordinates>
                    </LinearRing>
                </outerBoundaryIs>
            </Polygon>
        </Placemark>
        <Placemark id="157138">
            <name>Parcel_17392</name>
            <styleUrl>#157143</styleUrl>
            <Polygon id="157137">
                <outerBoundaryIs>
                    <LinearRing id="157141">
                        <coordinates>-78.99847889396696,33.78083537305559,0.0 -78.99880866896315,33.78070462971216,0.0 -78.99889991683338,33.78085129049033,0.0 -78.99857157572931,33.78099116302555,0.0 -78.99847889396696,33.78083537305559,0.0</coordinates>
                    </LinearRing>
                </outerBoundaryIs>
            </Polygon>
        </Placemark>
        <Placemark id="157147">
            <name>Parcel_17393</name>
            <styleUrl>#157152</styleUrl>
            <Polygon id="157146">
                <outerBoundaryIs>
                    <LinearRing id="157150">
                        <coordinates>-78.99995309530861,33.77997659954014,0.0 -79.00004870354435,33.78025476720745,0.0 -78.9998490710592,33.78031012919637,0.0 -78.99974019543627,33.78003621410863,0.0 -78.99995309530861,33.77997659954014,0.0</coordinates>
                    </LinearRing>
                </outerBoundaryIs>
            </Polygon>
        </Placemark>
        <Placemark id="157156">
            <name>Parcel_17394</name>
            <styleUrl>#157161</styleUrl>
            <Polygon id="157155">
                <outerBoundaryIs>
                    <LinearRing id="157159">
                        <coordinates>-78.77472436582778,33.77631425892765,0.0 -78.77472444715806,33.77631420446891,0.0 -78.77493035415765,33.77617758519896,0.0 -78.77493037946313,33.77617760910492,0.0 -78.77510500244206,33.77634343700917,0.0 -78.77486484896946,33.776483499540724,0.0 -78.77476199522968,33.776359431025334,0.0 -78.77472436582778,33.77631425892765,0.0</coordinates>
                    </LinearRing>
                </outerBoundaryIs>
            </Polygon>
        </Placemark>
        <Placemark id="157165">
            <name>Parcel_17395</name>
            <styleUrl>#157170</styleUrl>
            <Polygon id="157164">
                <outerBoundaryIs>
                    <LinearRing id="157168">
                        <coordinates>-78.99100223874026,33.777416353644284,0.0 -78.99100301433957,33.77741602350709,0.0 -78.99136549606696,33.777261434028375,0.0 -78.9914863072477,33.77741012640157,0.0 -78.99149941816559,33.77742408355067,0.0 -78.99150236917664,33.77742722503095,0.0 -78.99149903337344,33.77742906130884,0.0 -78.99147133611015,33.777445835690244,0.0 -78.9914036611052,33.777486821646164,0.0 -78.99136610658331,33.777509565442045,0.0 -78.99118599554744,33.77761864469418,0.0 -78.99100223874026,33.777416353644284,0.0</coordinates>
                    </LinearRing>
                </outerBoundaryIs>
            </Polygon>
        </Placemark>
        <Placemark id="157174">
            <name>Parcel_17396</name>
            <styleUrl>#157179</styleUrl>
            <Polygon id="157173">
                <outerBoundaryIs>
                    <LinearRing id="157177">
                        <coordinates>-79.16019321463551,33.77960586340584,0.0 -79.16019328382916,33.779605809419174,0.0 -79.16089536796615,33.779058603577525,0.0 -79.16092868245448,33.77907868324786,0.0 -79.160962871933,33.77909637417639,0.0 -79.16099957872761,33.77911169535746,0.0 -79.16103716790556,33.779124280676164,0.0 -79.16107646587889,33.77913396924937,0.0 -79.16111581655545,33.77914108369422,0.0 -79.16048479072096,33.780192025026224,0.0 -79.16019321463551,33.77960586340584,0.0</coordinates>
                    </LinearRing>
                </outerBoundaryIs>
            </Polygon>
        </Placemark>
        <Placemark id="157183">
            <name>Parcel_17397</name>
            <styleUrl>#157188</styleUrl>
            <Polygon id="157182">
                <outerBoundaryIs>
                    <LinearRing id="157186">
                        <coordinates>-78.73136812076972,33.79848513658698,0.0 -78.73165938468439,33.79827208559597,0.0 -78.7316738210223,33.798286611095364,0.0 -78.73176617746309,33.79837473149328,0.0 -78.73147320236818,33.79859015780392,0.0 -78.73136812076972,33.79848513658698,0.0</coordinates>
                    </LinearRing>
                </outerBoundaryIs>
            </Polygon>
        </Placemark>
        <Placemark id="157192">
            <name>Parcel_17398</name>
            <styleUrl>#157197</styleUrl>
            <Polygon id="157191">
                <outerBoundaryIs>
                    <LinearRing id="157195">
                        <coordinates>-78.72964342242206,33.798454374872314,0.0 -78.72984048616857,33.79831743674017,0.0 -78.7298453293982,33.79832113342376,0.0 -78.72985017387258,33.79832465965912,0.0 -78.7298558489828,33.79832802795279,0.0 -78.7298607046801,33.798331209843916,0.0 -78.72986638775006,33.798334234635384,0.0 -78.72987125354291,33.79833707396554,0.0 -78.72987694562859,33.79833975617614,0.0 -78.72988346856205,33.79834210817394,0.0 -78.72988916971077,33.79834444600061,0.0 -78.72989487987472,33.798346441246586,0.0 -78.72990141738755,33.79834828029421,0.0 -78.72990713659058,33.798349932057725,0.0 -78.72991368772107,33.798351253628006,0.0 -78.72992023986039,33.79835257792234,0.0 -78.72992597716477,33.7983535418197,0.0 -78.72993254076181,33.79835434859706,0.0 -78.72993911445352,33.798354812813535,0.0 -78.72994569267635,33.79835510483797,0.0 -78.72995227648639,33.798355225591635,0.0 -78.7299588626441,33.79835517501513,0.0 -78.72996463157139,33.79835493717478,0.0 -78.72997123237825,33.798354370943855,0.0 -78.72997783766854,33.79835363432385,0.0 -78.72998197450613,33.79835284972443,0.0 -78.7299869195121,33.798352596771736,0.0 -78.72999104383646,33.79835232876695,0.0 -78.72999516254998,33.79835223293399,0.0 -78.7300000950903,33.79835249477264,0.0 -78.73000420025842,33.79835291371144,0.0 -78.73000911922972,33.798353691223355,0.0 -78.73001320974905,33.79835462581571,0.0 -78.73001729792091,33.7983557317377,0.0 -78.73002138048216,33.7983570098315,0.0 -78.73002545513268,33.798358629623806,0.0 -78.73002952757628,33.79836025117937,0.0 -78.73003359098195,33.79836221621678,0.0 -78.73003683030248,33.79836433661098,0.0 -78.73004085753269,33.798367676477284,0.0 -78.72974361110066,33.7985575896059,0.0 -78.7296506302104,33.798462067337034,0.0 -78.72964342242206,33.798454374872314,0.0</coordinates>
                    </LinearRing>
                </outerBoundaryIs>
            </Polygon>
        </Placemark>
        <Placemark id="157201">
            <name>Parcel_17399</name>
            <styleUrl>#157206</styleUrl>
            <Polygon id="157200">
                <outerBoundaryIs>
                    <LinearRing id="157204">
                        <coordinates>-79.01397483798233,33.803364048906616,0.0 -79.01406045227155,33.803185362420436,0.0 -79.01414279535688,33.803005762970606,0.0 -79.01426779863698,33.80304711422335,0.0 -79.0143095310198,33.803058091635826,0.0 -79.01435208238244,33.80306925443671,0.0 -79.01436403347313,33.80337245918687,0.0 -79.0143640362366,33.80337252687443,0.0 -79.01427225471716,33.80338022515212,0.0 -79.01427149155477,33.80338029047359,0.0 -79.01424223709125,33.80338274335253,0.0 -79.01424219594864,33.80338274720207,0.0 -79.01424196105597,33.80338276688347,0.0 -79.01419224150948,33.803432654809185,0.0 -79.01418786962293,33.803437332327796,0.0 -79.01418717521499,33.803438071576934,0.0 -79.01418714086353,33.803438062006734,0.0 -79.01397483798233,33.803364048906616,0.0</coordinates>
                    </LinearRing>
                </outerBoundaryIs>
            </Polygon>
        </Placemark>
    </Document>
</kml>
