<?xml version="1.0" encoding="UTF-8"?>
<kml xmlns="http://www.opengis.net/kml/2.2" xmlns:gx="http://www.google.com/kml/ext/2.2">
    <Document id="1645053">
        <Style id="1645060">
            <LineStyle id="1645062">
                <color>ffffffff</color>
                <colorMode>normal</colorMode>
                <width>1</width>
            </LineStyle>
            <PolyStyle id="1645061">
                <colorMode>normal</colorMode>
                <fill>0</fill>
                <outline>1</outline>
            </PolyStyle>
        </Style>
        <Style id="1645069">
            <LineStyle id="1645071">
                <color>ffffffff</color>
                <colorMode>normal</colorMode>
                <width>1</width>
            </LineStyle>
            <PolyStyle id="1645070">
                <colorMode>normal</colorMode>
                <fill>0</fill>
                <outline>1</outline>
            </PolyStyle>
        </Style>
        <Style id="1645078">
            <LineStyle id="1645080">
                <color>ffffffff</color>
                <colorMode>normal</colorMode>
                <width>1</width>
            </LineStyle>
            <PolyStyle id="1645079">
                <colorMode>normal</colorMode>
                <fill>0</fill>
                <outline>1</outline>
            </PolyStyle>
        </Style>
        <Style id="1645087">
            <LineStyle id="1645089">
                <color>ffffffff</color>
                <colorMode>normal</colorMode>
                <width>1</width>
            </LineStyle>
            <PolyStyle id="1645088">
                <colorMode>normal</colorMode>
                <fill>0</fill>
                <outline>1</outline>
            </PolyStyle>
        </Style>
        <Style id="1645096">
            <LineStyle id="1645098">
                <color>ffffffff</color>
                <colorMode>normal</colorMode>
                <width>1</width>
            </LineStyle>
            <PolyStyle id="1645097">
                <colorMode>normal</colorMode>
                <fill>0</fill>
                <outline>1</outline>
            </PolyStyle>
        </Style>
        <Style id="1645105">
            <LineStyle id="1645107">
                <color>ffffffff</color>
                <colorMode>normal</colorMode>
                <width>1</width>
            </LineStyle>
            <PolyStyle id="1645106">
                <colorMode>normal</colorMode>
                <fill>0</fill>
                <outline>1</outline>
            </PolyStyle>
        </Style>
        <Style id="1645114">
            <LineStyle id="1645116">
                <color>ffffffff</color>
                <colorMode>normal</colorMode>
                <width>1</width>
            </LineStyle>
            <PolyStyle id="1645115">
                <colorMode>normal</colorMode>
                <fill>0</fill>
                <outline>1</outline>
            </PolyStyle>
        </Style>
        <Style id="1645123">
            <LineStyle id="1645125">
                <color>ffffffff</color>
                <colorMode>normal</colorMode>
                <width>1</width>
            </LineStyle>
            <PolyStyle id="1645124">
                <colorMode>normal</colorMode>
                <fill>0</fill>
                <outline>1</outline>
            </PolyStyle>
        </Style>
        <Style id="1645132">
            <LineStyle id="1645134">
                <color>ffffffff</color>
                <colorMode>normal</colorMode>
                <width>1</width>
            </LineStyle>
            <PolyStyle id="1645133">
                <colorMode>normal</colorMode>
                <fill>0</fill>
                <outline>1</outline>
            </PolyStyle>
        </Style>
        <Style id="1645141">
            <LineStyle id="1645143">
                <color>ffffffff</color>
                <colorMode>normal</colorMode>
                <width>1</width>
            </LineStyle>
            <PolyStyle id="1645142">
                <colorMode>normal</colorMode>
                <fill>0</fill>
                <outline>1</outline>
            </PolyStyle>
        </Style>
        <Style id="1645150">
            <LineStyle id="1645152">
                <color>ffffffff</color>
                <colorMode>normal</colorMode>
                <width>1</width>
            </LineStyle>
            <PolyStyle id="1645151">
                <colorMode>normal</colorMode>
                <fill>0</fill>
                <outline>1</outline>
            </PolyStyle>
        </Style>
        <Style id="1645159">
            <LineStyle id="1645161">
                <color>ffffffff</color>
                <colorMode>normal</colorMode>
                <width>1</width>
            </LineStyle>
            <PolyStyle id="1645160">
                <colorMode>normal</colorMode>
                <fill>0</fill>
                <outline>1</outline>
            </PolyStyle>
        </Style>
        <Style id="1645168">
            <LineStyle id="1645170">
                <color>ffffffff</color>
                <colorMode>normal</colorMode>
                <width>1</width>
            </LineStyle>
            <PolyStyle id="1645169">
                <colorMode>normal</colorMode>
                <fill>0</fill>
                <outline>1</outline>
            </PolyStyle>
        </Style>
        <Style id="1645177">
            <LineStyle id="1645179">
                <color>ffffffff</color>
                <colorMode>normal</colorMode>
                <width>1</width>
            </LineStyle>
            <PolyStyle id="1645178">
                <colorMode>normal</colorMode>
                <fill>0</fill>
                <outline>1</outline>
            </PolyStyle>
        </Style>
        <Style id="1645186">
            <LineStyle id="1645188">
                <color>ffffffff</color>
                <colorMode>normal</colorMode>
                <width>1</width>
            </LineStyle>
            <PolyStyle id="1645187">
                <colorMode>normal</colorMode>
                <fill>0</fill>
                <outline>1</outline>
            </PolyStyle>
        </Style>
        <Style id="1645195">
            <LineStyle id="1645197">
                <color>ffffffff</color>
                <colorMode>normal</colorMode>
                <width>1</width>
            </LineStyle>
            <PolyStyle id="1645196">
                <colorMode>normal</colorMode>
                <fill>0</fill>
                <outline>1</outline>
            </PolyStyle>
        </Style>
        <Style id="1645204">
            <LineStyle id="1645206">
                <color>ffffffff</color>
                <colorMode>normal</colorMode>
                <width>1</width>
            </LineStyle>
            <PolyStyle id="1645205">
                <colorMode>normal</colorMode>
                <fill>0</fill>
                <outline>1</outline>
            </PolyStyle>
        </Style>
        <Style id="1645213">
            <LineStyle id="1645215">
                <color>ffffffff</color>
                <colorMode>normal</colorMode>
                <width>1</width>
            </LineStyle>
            <PolyStyle id="1645214">
                <colorMode>normal</colorMode>
                <fill>0</fill>
                <outline>1</outline>
            </PolyStyle>
        </Style>
        <Style id="1645222">
            <LineStyle id="1645224">
                <color>ffffffff</color>
                <colorMode>normal</colorMode>
                <width>1</width>
            </LineStyle>
            <PolyStyle id="1645223">
                <colorMode>normal</colorMode>
                <fill>0</fill>
                <outline>1</outline>
            </PolyStyle>
        </Style>
        <Style id="1645231">
            <LineStyle id="1645233">
                <color>ffffffff</color>
                <colorMode>normal</colorMode>
                <width>1</width>
            </LineStyle>
            <PolyStyle id="1645232">
                <colorMode>normal</colorMode>
                <fill>0</fill>
                <outline>1</outline>
            </PolyStyle>
        </Style>
        <Style id="1645240">
            <LineStyle id="1645242">
                <color>ffffffff</color>
                <colorMode>normal</colorMode>
                <width>1</width>
            </LineStyle>
            <PolyStyle id="1645241">
                <colorMode>normal</colorMode>
                <fill>0</fill>
                <outline>1</outline>
            </PolyStyle>
        </Style>
        <Style id="1645249">
            <LineStyle id="1645251">
                <color>ffffffff</color>
                <colorMode>normal</colorMode>
                <width>1</width>
            </LineStyle>
            <PolyStyle id="1645250">
                <colorMode>normal</colorMode>
                <fill>0</fill>
                <outline>1</outline>
            </PolyStyle>
        </Style>
        <Style id="1645258">
            <LineStyle id="1645260">
                <color>ffffffff</color>
                <colorMode>normal</colorMode>
                <width>1</width>
            </LineStyle>
            <PolyStyle id="1645259">
                <colorMode>normal</colorMode>
                <fill>0</fill>
                <outline>1</outline>
            </PolyStyle>
        </Style>
        <Style id="1645267">
            <LineStyle id="1645269">
                <color>ffffffff</color>
                <colorMode>normal</colorMode>
                <width>1</width>
            </LineStyle>
            <PolyStyle id="1645268">
                <colorMode>normal</colorMode>
                <fill>0</fill>
                <outline>1</outline>
            </PolyStyle>
        </Style>
        <Style id="1645276">
            <LineStyle id="1645278">
                <color>ffffffff</color>
                <colorMode>normal</colorMode>
                <width>1</width>
            </LineStyle>
            <PolyStyle id="1645277">
                <colorMode>normal</colorMode>
                <fill>0</fill>
                <outline>1</outline>
            </PolyStyle>
        </Style>
        <Style id="1645285">
            <LineStyle id="1645287">
                <color>ffffffff</color>
                <colorMode>normal</colorMode>
                <width>1</width>
            </LineStyle>
            <PolyStyle id="1645286">
                <colorMode>normal</colorMode>
                <fill>0</fill>
                <outline>1</outline>
            </PolyStyle>
        </Style>
        <Style id="1645294">
            <LineStyle id="1645296">
                <color>ffffffff</color>
                <colorMode>normal</colorMode>
                <width>1</width>
            </LineStyle>
            <PolyStyle id="1645295">
                <colorMode>normal</colorMode>
                <fill>0</fill>
                <outline>1</outline>
            </PolyStyle>
        </Style>
        <Style id="1645303">
            <LineStyle id="1645305">
                <color>ffffffff</color>
                <colorMode>normal</colorMode>
                <width>1</width>
            </LineStyle>
            <PolyStyle id="1645304">
                <colorMode>normal</colorMode>
                <fill>0</fill>
                <outline>1</outline>
            </PolyStyle>
        </Style>
        <Style id="1645312">
            <LineStyle id="1645314">
                <color>ffffffff</color>
                <colorMode>normal</colorMode>
                <width>1</width>
            </LineStyle>
            <PolyStyle id="1645313">
                <colorMode>normal</colorMode>
                <fill>0</fill>
                <outline>1</outline>
            </PolyStyle>
        </Style>
        <Style id="1645321">
            <LineStyle id="1645323">
                <color>ffffffff</color>
                <colorMode>normal</colorMode>
                <width>1</width>
            </LineStyle>
            <PolyStyle id="1645322">
                <colorMode>normal</colorMode>
                <fill>0</fill>
                <outline>1</outline>
            </PolyStyle>
        </Style>
        <Style id="1645330">
            <LineStyle id="1645332">
                <color>ffffffff</color>
                <colorMode>normal</colorMode>
                <width>1</width>
            </LineStyle>
            <PolyStyle id="1645331">
                <colorMode>normal</colorMode>
                <fill>0</fill>
                <outline>1</outline>
            </PolyStyle>
        </Style>
        <Style id="1645339">
            <LineStyle id="1645341">
                <color>ffffffff</color>
                <colorMode>normal</colorMode>
                <width>1</width>
            </LineStyle>
            <PolyStyle id="1645340">
                <colorMode>normal</colorMode>
                <fill>0</fill>
                <outline>1</outline>
            </PolyStyle>
        </Style>
        <Style id="1645348">
            <LineStyle id="1645350">
                <color>ffffffff</color>
                <colorMode>normal</colorMode>
                <width>1</width>
            </LineStyle>
            <PolyStyle id="1645349">
                <colorMode>normal</colorMode>
                <fill>0</fill>
                <outline>1</outline>
            </PolyStyle>
        </Style>
        <Style id="1645357">
            <LineStyle id="1645359">
                <color>ffffffff</color>
                <colorMode>normal</colorMode>
                <width>1</width>
            </LineStyle>
            <PolyStyle id="1645358">
                <colorMode>normal</colorMode>
                <fill>0</fill>
                <outline>1</outline>
            </PolyStyle>
        </Style>
        <Style id="1645366">
            <LineStyle id="1645368">
                <color>ffffffff</color>
                <colorMode>normal</colorMode>
                <width>1</width>
            </LineStyle>
            <PolyStyle id="1645367">
                <colorMode>normal</colorMode>
                <fill>0</fill>
                <outline>1</outline>
            </PolyStyle>
        </Style>
        <Style id="1645375">
            <LineStyle id="1645377">
                <color>ffffffff</color>
                <colorMode>normal</colorMode>
                <width>1</width>
            </LineStyle>
            <PolyStyle id="1645376">
                <colorMode>normal</colorMode>
                <fill>0</fill>
                <outline>1</outline>
            </PolyStyle>
        </Style>
        <Style id="1645384">
            <LineStyle id="1645386">
                <color>ffffffff</color>
                <colorMode>normal</colorMode>
                <width>1</width>
            </LineStyle>
            <PolyStyle id="1645385">
                <colorMode>normal</colorMode>
                <fill>0</fill>
                <outline>1</outline>
            </PolyStyle>
        </Style>
        <Style id="1645393">
            <LineStyle id="1645395">
                <color>ffffffff</color>
                <colorMode>normal</colorMode>
                <width>1</width>
            </LineStyle>
            <PolyStyle id="1645394">
                <colorMode>normal</colorMode>
                <fill>0</fill>
                <outline>1</outline>
            </PolyStyle>
        </Style>
        <Style id="1645402">
            <LineStyle id="1645404">
                <color>ffffffff</color>
                <colorMode>normal</colorMode>
                <width>1</width>
            </LineStyle>
            <PolyStyle id="1645403">
                <colorMode>normal</colorMode>
                <fill>0</fill>
                <outline>1</outline>
            </PolyStyle>
        </Style>
        <Style id="1645411">
            <LineStyle id="1645413">
                <color>ffffffff</color>
                <colorMode>normal</colorMode>
                <width>1</width>
            </LineStyle>
            <PolyStyle id="1645412">
                <colorMode>normal</colorMode>
                <fill>0</fill>
                <outline>1</outline>
            </PolyStyle>
        </Style>
        <Style id="1645420">
            <LineStyle id="1645422">
                <color>ffffffff</color>
                <colorMode>normal</colorMode>
                <width>1</width>
            </LineStyle>
            <PolyStyle id="1645421">
                <colorMode>normal</colorMode>
                <fill>0</fill>
                <outline>1</outline>
            </PolyStyle>
        </Style>
        <Style id="1645429">
            <LineStyle id="1645431">
                <color>ffffffff</color>
                <colorMode>normal</colorMode>
                <width>1</width>
            </LineStyle>
            <PolyStyle id="1645430">
                <colorMode>normal</colorMode>
                <fill>0</fill>
                <outline>1</outline>
            </PolyStyle>
        </Style>
        <Style id="1645438">
            <LineStyle id="1645440">
                <color>ffffffff</color>
                <colorMode>normal</colorMode>
                <width>1</width>
            </LineStyle>
            <PolyStyle id="1645439">
                <colorMode>normal</colorMode>
                <fill>0</fill>
                <outline>1</outline>
            </PolyStyle>
        </Style>
        <Style id="1645447">
            <LineStyle id="1645449">
                <color>ffffffff</color>
                <colorMode>normal</colorMode>
                <width>1</width>
            </LineStyle>
            <PolyStyle id="1645448">
                <colorMode>normal</colorMode>
                <fill>0</fill>
                <outline>1</outline>
            </PolyStyle>
        </Style>
        <Style id="1645456">
            <LineStyle id="1645458">
                <color>ffffffff</color>
                <colorMode>normal</colorMode>
                <width>1</width>
            </LineStyle>
            <PolyStyle id="1645457">
                <colorMode>normal</colorMode>
                <fill>0</fill>
                <outline>1</outline>
            </PolyStyle>
        </Style>
        <Style id="1645465">
            <LineStyle id="1645467">
                <color>ffffffff</color>
                <colorMode>normal</colorMode>
                <width>1</width>
            </LineStyle>
            <PolyStyle id="1645466">
                <colorMode>normal</colorMode>
                <fill>0</fill>
                <outline>1</outline>
            </PolyStyle>
        </Style>
        <Style id="1645474">
            <LineStyle id="1645476">
                <color>ffffffff</color>
                <colorMode>normal</colorMode>
                <width>1</width>
            </LineStyle>
            <PolyStyle id="1645475">
                <colorMode>normal</colorMode>
                <fill>0</fill>
                <outline>1</outline>
            </PolyStyle>
        </Style>
        <Style id="1645483">
            <LineStyle id="1645485">
                <color>ffffffff</color>
                <colorMode>normal</colorMode>
                <width>1</width>
            </LineStyle>
            <PolyStyle id="1645484">
                <colorMode>normal</colorMode>
                <fill>0</fill>
                <outline>1</outline>
            </PolyStyle>
        </Style>
        <Style id="1645492">
            <LineStyle id="1645494">
                <color>ffffffff</color>
                <colorMode>normal</colorMode>
                <width>1</width>
            </LineStyle>
            <PolyStyle id="1645493">
                <colorMode>normal</colorMode>
                <fill>0</fill>
                <outline>1</outline>
            </PolyStyle>
        </Style>
        <Style id="1645501">
            <LineStyle id="1645503">
                <color>ffffffff</color>
                <colorMode>normal</colorMode>
                <width>1</width>
            </LineStyle>
            <PolyStyle id="1645502">
                <colorMode>normal</colorMode>
                <fill>0</fill>
                <outline>1</outline>
            </PolyStyle>
        </Style>
        <Style id="1645510">
            <LineStyle id="1645512">
                <color>ffffffff</color>
                <colorMode>normal</colorMode>
                <width>1</width>
            </LineStyle>
            <PolyStyle id="1645511">
                <colorMode>normal</colorMode>
                <fill>0</fill>
                <outline>1</outline>
            </PolyStyle>
        </Style>
        <Style id="1645519">
            <LineStyle id="1645521">
                <color>ffffffff</color>
                <colorMode>normal</colorMode>
                <width>1</width>
            </LineStyle>
            <PolyStyle id="1645520">
                <colorMode>normal</colorMode>
                <fill>0</fill>
                <outline>1</outline>
            </PolyStyle>
        </Style>
        <Style id="1645528">
            <LineStyle id="1645530">
                <color>ffffffff</color>
                <colorMode>normal</colorMode>
                <width>1</width>
            </LineStyle>
            <PolyStyle id="1645529">
                <colorMode>normal</colorMode>
                <fill>0</fill>
                <outline>1</outline>
            </PolyStyle>
        </Style>
        <Style id="1645537">
            <LineStyle id="1645539">
                <color>ffffffff</color>
                <colorMode>normal</colorMode>
                <width>1</width>
            </LineStyle>
            <PolyStyle id="1645538">
                <colorMode>normal</colorMode>
                <fill>0</fill>
                <outline>1</outline>
            </PolyStyle>
        </Style>
        <Style id="1645546">
            <LineStyle id="1645548">
                <color>ffffffff</color>
                <colorMode>normal</colorMode>
                <width>1</width>
            </LineStyle>
            <PolyStyle id="1645547">
                <colorMode>normal</colorMode>
                <fill>0</fill>
                <outline>1</outline>
            </PolyStyle>
        </Style>
        <Style id="1645555">
            <LineStyle id="1645557">
                <color>ffffffff</color>
                <colorMode>normal</colorMode>
                <width>1</width>
            </LineStyle>
            <PolyStyle id="1645556">
                <colorMode>normal</colorMode>
                <fill>0</fill>
                <outline>1</outline>
            </PolyStyle>
        </Style>
        <Style id="1645564">
            <LineStyle id="1645566">
                <color>ffffffff</color>
                <colorMode>normal</colorMode>
                <width>1</width>
            </LineStyle>
            <PolyStyle id="1645565">
                <colorMode>normal</colorMode>
                <fill>0</fill>
                <outline>1</outline>
            </PolyStyle>
        </Style>
        <Style id="1645573">
            <LineStyle id="1645575">
                <color>ffffffff</color>
                <colorMode>normal</colorMode>
                <width>1</width>
            </LineStyle>
            <PolyStyle id="1645574">
                <colorMode>normal</colorMode>
                <fill>0</fill>
                <outline>1</outline>
            </PolyStyle>
        </Style>
        <Style id="1645582">
            <LineStyle id="1645584">
                <color>ffffffff</color>
                <colorMode>normal</colorMode>
                <width>1</width>
            </LineStyle>
            <PolyStyle id="1645583">
                <colorMode>normal</colorMode>
                <fill>0</fill>
                <outline>1</outline>
            </PolyStyle>
        </Style>
        <Style id="1645591">
            <LineStyle id="1645593">
                <color>ffffffff</color>
                <colorMode>normal</colorMode>
                <width>1</width>
            </LineStyle>
            <PolyStyle id="1645592">
                <colorMode>normal</colorMode>
                <fill>0</fill>
                <outline>1</outline>
            </PolyStyle>
        </Style>
        <Style id="1645600">
            <LineStyle id="1645602">
                <color>ffffffff</color>
                <colorMode>normal</colorMode>
                <width>1</width>
            </LineStyle>
            <PolyStyle id="1645601">
                <colorMode>normal</colorMode>
                <fill>0</fill>
                <outline>1</outline>
            </PolyStyle>
        </Style>
        <Style id="1645609">
            <LineStyle id="1645611">
                <color>ffffffff</color>
                <colorMode>normal</colorMode>
                <width>1</width>
            </LineStyle>
            <PolyStyle id="1645610">
                <colorMode>normal</colorMode>
                <fill>0</fill>
                <outline>1</outline>
            </PolyStyle>
        </Style>
        <Style id="1645618">
            <LineStyle id="1645620">
                <color>ffffffff</color>
                <colorMode>normal</colorMode>
                <width>1</width>
            </LineStyle>
            <PolyStyle id="1645619">
                <colorMode>normal</colorMode>
                <fill>0</fill>
                <outline>1</outline>
            </PolyStyle>
        </Style>
        <Style id="1645627">
            <LineStyle id="1645629">
                <color>ffffffff</color>
                <colorMode>normal</colorMode>
                <width>1</width>
            </LineStyle>
            <PolyStyle id="1645628">
                <colorMode>normal</colorMode>
                <fill>0</fill>
                <outline>1</outline>
            </PolyStyle>
        </Style>
        <Style id="1645636">
            <LineStyle id="1645638">
                <color>ffffffff</color>
                <colorMode>normal</colorMode>
                <width>1</width>
            </LineStyle>
            <PolyStyle id="1645637">
                <colorMode>normal</colorMode>
                <fill>0</fill>
                <outline>1</outline>
            </PolyStyle>
        </Style>
        <Style id="1645645">
            <LineStyle id="1645647">
                <color>ffffffff</color>
                <colorMode>normal</colorMode>
                <width>1</width>
            </LineStyle>
            <PolyStyle id="1645646">
                <colorMode>normal</colorMode>
                <fill>0</fill>
                <outline>1</outline>
            </PolyStyle>
        </Style>
        <Style id="1645654">
            <LineStyle id="1645656">
                <color>ffffffff</color>
                <colorMode>normal</colorMode>
                <width>1</width>
            </LineStyle>
            <PolyStyle id="1645655">
                <colorMode>normal</colorMode>
                <fill>0</fill>
                <outline>1</outline>
            </PolyStyle>
        </Style>
        <Style id="1645663">
            <LineStyle id="1645665">
                <color>ffffffff</color>
                <colorMode>normal</colorMode>
                <width>1</width>
            </LineStyle>
            <PolyStyle id="1645664">
                <colorMode>normal</colorMode>
                <fill>0</fill>
                <outline>1</outline>
            </PolyStyle>
        </Style>
        <Style id="1645672">
            <LineStyle id="1645674">
                <color>ffffffff</color>
                <colorMode>normal</colorMode>
                <width>1</width>
            </LineStyle>
            <PolyStyle id="1645673">
                <colorMode>normal</colorMode>
                <fill>0</fill>
                <outline>1</outline>
            </PolyStyle>
        </Style>
        <Style id="1645681">
            <LineStyle id="1645683">
                <color>ffffffff</color>
                <colorMode>normal</colorMode>
                <width>1</width>
            </LineStyle>
            <PolyStyle id="1645682">
                <colorMode>normal</colorMode>
                <fill>0</fill>
                <outline>1</outline>
            </PolyStyle>
        </Style>
        <Style id="1645690">
            <LineStyle id="1645692">
                <color>ffffffff</color>
                <colorMode>normal</colorMode>
                <width>1</width>
            </LineStyle>
            <PolyStyle id="1645691">
                <colorMode>normal</colorMode>
                <fill>0</fill>
                <outline>1</outline>
            </PolyStyle>
        </Style>
        <Style id="1645699">
            <LineStyle id="1645701">
                <color>ffffffff</color>
                <colorMode>normal</colorMode>
                <width>1</width>
            </LineStyle>
            <PolyStyle id="1645700">
                <colorMode>normal</colorMode>
                <fill>0</fill>
                <outline>1</outline>
            </PolyStyle>
        </Style>
        <Style id="1645708">
            <LineStyle id="1645710">
                <color>ffffffff</color>
                <colorMode>normal</colorMode>
                <width>1</width>
            </LineStyle>
            <PolyStyle id="1645709">
                <colorMode>normal</colorMode>
                <fill>0</fill>
                <outline>1</outline>
            </PolyStyle>
        </Style>
        <Style id="1645717">
            <LineStyle id="1645719">
                <color>ffffffff</color>
                <colorMode>normal</colorMode>
                <width>1</width>
            </LineStyle>
            <PolyStyle id="1645718">
                <colorMode>normal</colorMode>
                <fill>0</fill>
                <outline>1</outline>
            </PolyStyle>
        </Style>
        <Style id="1645726">
            <LineStyle id="1645728">
                <color>ffffffff</color>
                <colorMode>normal</colorMode>
                <width>1</width>
            </LineStyle>
            <PolyStyle id="1645727">
                <colorMode>normal</colorMode>
                <fill>0</fill>
                <outline>1</outline>
            </PolyStyle>
        </Style>
        <Style id="1645735">
            <LineStyle id="1645737">
                <color>ffffffff</color>
                <colorMode>normal</colorMode>
                <width>1</width>
            </LineStyle>
            <PolyStyle id="1645736">
                <colorMode>normal</colorMode>
                <fill>0</fill>
                <outline>1</outline>
            </PolyStyle>
        </Style>
        <Style id="1645744">
            <LineStyle id="1645746">
                <color>ffffffff</color>
                <colorMode>normal</colorMode>
                <width>1</width>
            </LineStyle>
            <PolyStyle id="1645745">
                <colorMode>normal</colorMode>
                <fill>0</fill>
                <outline>1</outline>
            </PolyStyle>
        </Style>
        <Style id="1645753">
            <LineStyle id="1645755">
                <color>ffffffff</color>
                <colorMode>normal</colorMode>
                <width>1</width>
            </LineStyle>
            <PolyStyle id="1645754">
                <colorMode>normal</colorMode>
                <fill>0</fill>
                <outline>1</outline>
            </PolyStyle>
        </Style>
        <Style id="1645762">
            <LineStyle id="1645764">
                <color>ffffffff</color>
                <colorMode>normal</colorMode>
                <width>1</width>
            </LineStyle>
            <PolyStyle id="1645763">
                <colorMode>normal</colorMode>
                <fill>0</fill>
                <outline>1</outline>
            </PolyStyle>
        </Style>
        <Style id="1645771">
            <LineStyle id="1645773">
                <color>ffffffff</color>
                <colorMode>normal</colorMode>
                <width>1</width>
            </LineStyle>
            <PolyStyle id="1645772">
                <colorMode>normal</colorMode>
                <fill>0</fill>
                <outline>1</outline>
            </PolyStyle>
        </Style>
        <Style id="1645780">
            <LineStyle id="1645782">
                <color>ffffffff</color>
                <colorMode>normal</colorMode>
                <width>1</width>
            </LineStyle>
            <PolyStyle id="1645781">
                <colorMode>normal</colorMode>
                <fill>0</fill>
                <outline>1</outline>
            </PolyStyle>
        </Style>
        <Style id="1645789">
            <LineStyle id="1645791">
                <color>ffffffff</color>
                <colorMode>normal</colorMode>
                <width>1</width>
            </LineStyle>
            <PolyStyle id="1645790">
                <colorMode>normal</colorMode>
                <fill>0</fill>
                <outline>1</outline>
            </PolyStyle>
        </Style>
        <Style id="1645798">
            <LineStyle id="1645800">
                <color>ffffffff</color>
                <colorMode>normal</colorMode>
                <width>1</width>
            </LineStyle>
            <PolyStyle id="1645799">
                <colorMode>normal</colorMode>
                <fill>0</fill>
                <outline>1</outline>
            </PolyStyle>
        </Style>
        <Style id="1645807">
            <LineStyle id="1645809">
                <color>ffffffff</color>
                <colorMode>normal</colorMode>
                <width>1</width>
            </LineStyle>
            <PolyStyle id="1645808">
                <colorMode>normal</colorMode>
                <fill>0</fill>
                <outline>1</outline>
            </PolyStyle>
        </Style>
        <Style id="1645816">
            <LineStyle id="1645818">
                <color>ffffffff</color>
                <colorMode>normal</colorMode>
                <width>1</width>
            </LineStyle>
            <PolyStyle id="1645817">
                <colorMode>normal</colorMode>
                <fill>0</fill>
                <outline>1</outline>
            </PolyStyle>
        </Style>
        <Style id="1645825">
            <LineStyle id="1645827">
                <color>ffffffff</color>
                <colorMode>normal</colorMode>
                <width>1</width>
            </LineStyle>
            <PolyStyle id="1645826">
                <colorMode>normal</colorMode>
                <fill>0</fill>
                <outline>1</outline>
            </PolyStyle>
        </Style>
        <Style id="1645834">
            <LineStyle id="1645836">
                <color>ffffffff</color>
                <colorMode>normal</colorMode>
                <width>1</width>
            </LineStyle>
            <PolyStyle id="1645835">
                <colorMode>normal</colorMode>
                <fill>0</fill>
                <outline>1</outline>
            </PolyStyle>
        </Style>
        <Style id="1645843">
            <LineStyle id="1645845">
                <color>ffffffff</color>
                <colorMode>normal</colorMode>
                <width>1</width>
            </LineStyle>
            <PolyStyle id="1645844">
                <colorMode>normal</colorMode>
                <fill>0</fill>
                <outline>1</outline>
            </PolyStyle>
        </Style>
        <Style id="1645852">
            <LineStyle id="1645854">
                <color>ffffffff</color>
                <colorMode>normal</colorMode>
                <width>1</width>
            </LineStyle>
            <PolyStyle id="1645853">
                <colorMode>normal</colorMode>
                <fill>0</fill>
                <outline>1</outline>
            </PolyStyle>
        </Style>
        <Style id="1645861">
            <LineStyle id="1645863">
                <color>ffffffff</color>
                <colorMode>normal</colorMode>
                <width>1</width>
            </LineStyle>
            <PolyStyle id="1645862">
                <colorMode>normal</colorMode>
                <fill>0</fill>
                <outline>1</outline>
            </PolyStyle>
        </Style>
        <Style id="1645870">
            <LineStyle id="1645872">
                <color>ffffffff</color>
                <colorMode>normal</colorMode>
                <width>1</width>
            </LineStyle>
            <PolyStyle id="1645871">
                <colorMode>normal</colorMode>
                <fill>0</fill>
                <outline>1</outline>
            </PolyStyle>
        </Style>
        <Style id="1645879">
            <LineStyle id="1645881">
                <color>ffffffff</color>
                <colorMode>normal</colorMode>
                <width>1</width>
            </LineStyle>
            <PolyStyle id="1645880">
                <colorMode>normal</colorMode>
                <fill>0</fill>
                <outline>1</outline>
            </PolyStyle>
        </Style>
        <Style id="1645888">
            <LineStyle id="1645890">
                <color>ffffffff</color>
                <colorMode>normal</colorMode>
                <width>1</width>
            </LineStyle>
            <PolyStyle id="1645889">
                <colorMode>normal</colorMode>
                <fill>0</fill>
                <outline>1</outline>
            </PolyStyle>
        </Style>
        <Style id="1645897">
            <LineStyle id="1645899">
                <color>ffffffff</color>
                <colorMode>normal</colorMode>
                <width>1</width>
            </LineStyle>
            <PolyStyle id="1645898">
                <colorMode>normal</colorMode>
                <fill>0</fill>
                <outline>1</outline>
            </PolyStyle>
        </Style>
        <Style id="1645906">
            <LineStyle id="1645908">
                <color>ffffffff</color>
                <colorMode>normal</colorMode>
                <width>1</width>
            </LineStyle>
            <PolyStyle id="1645907">
                <colorMode>normal</colorMode>
                <fill>0</fill>
                <outline>1</outline>
            </PolyStyle>
        </Style>
        <Style id="1645915">
            <LineStyle id="1645917">
                <color>ffffffff</color>
                <colorMode>normal</colorMode>
                <width>1</width>
            </LineStyle>
            <PolyStyle id="1645916">
                <colorMode>normal</colorMode>
                <fill>0</fill>
                <outline>1</outline>
            </PolyStyle>
        </Style>
        <Style id="1645924">
            <LineStyle id="1645926">
                <color>ffffffff</color>
                <colorMode>normal</colorMode>
                <width>1</width>
            </LineStyle>
            <PolyStyle id="1645925">
                <colorMode>normal</colorMode>
                <fill>0</fill>
                <outline>1</outline>
            </PolyStyle>
        </Style>
        <Style id="1645933">
            <LineStyle id="1645935">
                <color>ffffffff</color>
                <colorMode>normal</colorMode>
                <width>1</width>
            </LineStyle>
            <PolyStyle id="1645934">
                <colorMode>normal</colorMode>
                <fill>0</fill>
                <outline>1</outline>
            </PolyStyle>
        </Style>
        <Style id="1645942">
            <LineStyle id="1645944">
                <color>ffffffff</color>
                <colorMode>normal</colorMode>
                <width>1</width>
            </LineStyle>
            <PolyStyle id="1645943">
                <colorMode>normal</colorMode>
                <fill>0</fill>
                <outline>1</outline>
            </PolyStyle>
        </Style>
        <Style id="1645951">
            <LineStyle id="1645953">
                <color>ffffffff</color>
                <colorMode>normal</colorMode>
                <width>1</width>
            </LineStyle>
            <PolyStyle id="1645952">
                <colorMode>normal</colorMode>
                <fill>0</fill>
                <outline>1</outline>
            </PolyStyle>
        </Style>
        <Style id="1645960">
            <LineStyle id="1645962">
                <color>ffffffff</color>
                <colorMode>normal</colorMode>
                <width>1</width>
            </LineStyle>
            <PolyStyle id="1645961">
                <colorMode>normal</colorMode>
                <fill>0</fill>
                <outline>1</outline>
            </PolyStyle>
        </Style>
        <Style id="1645969">
            <LineStyle id="1645971">
                <color>ffffffff</color>
                <colorMode>normal</colorMode>
                <width>1</width>
            </LineStyle>
            <PolyStyle id="1645970">
                <colorMode>normal</colorMode>
                <fill>0</fill>
                <outline>1</outline>
            </PolyStyle>
        </Style>
        <Placemark id="1645055">
            <name>Parcel_178900</name>
            <styleUrl>#1645060</styleUrl>
            <Polygon id="1645054">
                <outerBoundaryIs>
                    <LinearRing id="1645058">
                        <coordinates>-78.95505074429911,33.63222724792507,0.0 -78.95501059807535,33.63218773824772,0.0 -78.95503065442763,33.632173472242165,0.0 -78.95501058100828,33.63215373092566,0.0 -78.95476941235518,33.63191361825826,0.0 -78.95472755364034,33.63187194341523,0.0 -78.9544719652775,33.63161747409633,0.0 -78.95445359186988,33.63163006319804,0.0 -78.95441347416805,33.63158937133249,0.0 -78.95444606574371,33.63156618618436,0.0 -78.95442760266441,33.631547846001254,0.0 -78.95443011531097,33.6315458257557,0.0 -78.95448273844774,33.63150941873163,0.0 -78.95450281159695,33.63152916013583,0.0 -78.95451200836797,33.631522439578085,0.0 -78.95454571768823,33.63155617951513,0.0 -78.95453569181666,33.631563216459774,0.0 -78.95457343087843,33.63160026742127,0.0 -78.95458262765153,33.631593546858326,0.0 -78.954617138798,33.63162812533359,0.0 -78.95460879128467,33.631633677507196,0.0 -78.95464733154014,33.631671594051454,0.0 -78.95465485712269,33.63166605532466,0.0 -78.95469017726734,33.63170116940091,0.0 -78.95468098439515,33.63170772497993,0.0 -78.95471629221561,33.63174336107183,0.0 -78.9547263102855,33.63173665409637,0.0 -78.95476242317403,33.63177299078804,0.0 -78.95475489758907,33.6317785295213,0.0 -78.95479021782032,33.631813643568364,0.0 -78.95479856858188,33.63180795434023,0.0 -78.95486277274249,33.631872411607716,0.0 -78.95485358376888,33.631878802207574,0.0 -78.95489051416106,33.63191531744998,0.0 -78.95489970703943,33.631908761855605,0.0 -78.95493503128624,33.63194371086874,0.0 -78.9549258423104,33.63195010147391,0.0 -78.95496276495658,33.631986946678005,0.0 -78.9549727908425,33.63197990969912,0.0 -78.9550081034377,33.6320153536665,0.0 -78.95499890665282,33.632022074260696,0.0 -78.95503422253942,33.632057380276365,0.0 -78.95504258177637,33.63205133309889,0.0 -78.95507871508553,33.63208681768939,0.0 -78.95506953064827,33.63209301626544,0.0 -78.9551064651264,33.632129366450314,0.0 -78.95511565801117,33.632122810840045,0.0 -78.95515178293405,33.63215865244029,0.0 -78.95514176939129,33.63216516741017,0.0 -78.95516264334496,33.63218580135526,0.0 -78.95511083747694,33.632222387252455,0.0 -78.95510581998262,33.63222609778715,0.0 -78.95510341719846,33.632223473931944,0.0 -78.95508333594434,33.632204062611066,0.0 -78.95505074429911,33.63222724792507,0.0</coordinates>
                    </LinearRing>
                </outerBoundaryIs>
            </Polygon>
        </Placemark>
        <Placemark id="1645064">
            <name>Parcel_178901</name>
            <styleUrl>#1645069</styleUrl>
            <Polygon id="1645063">
                <outerBoundaryIs>
                    <LinearRing id="1645067">
                        <coordinates>-78.95505074429911,33.63222724792507,0.0 -78.95501059807535,33.63218773824772,0.0 -78.95503065442763,33.632173472242165,0.0 -78.95501058100828,33.63215373092566,0.0 -78.95476941235518,33.63191361825826,0.0 -78.95472755364034,33.63187194341523,0.0 -78.9544719652775,33.63161747409633,0.0 -78.95445359186988,33.63163006319804,0.0 -78.95441347416805,33.63158937133249,0.0 -78.95444606574371,33.63156618618436,0.0 -78.95442760266441,33.631547846001254,0.0 -78.95443011531097,33.6315458257557,0.0 -78.95448273844774,33.63150941873163,0.0 -78.95450281159695,33.63152916013583,0.0 -78.95451200836797,33.631522439578085,0.0 -78.95454571768823,33.63155617951513,0.0 -78.95453569181666,33.631563216459774,0.0 -78.95457343087843,33.63160026742127,0.0 -78.95458262765153,33.631593546858326,0.0 -78.954617138798,33.63162812533359,0.0 -78.95460879128467,33.631633677507196,0.0 -78.95464733154014,33.631671594051454,0.0 -78.95465485712269,33.63166605532466,0.0 -78.95469017726734,33.63170116940091,0.0 -78.95468098439515,33.63170772497993,0.0 -78.95471629221561,33.63174336107183,0.0 -78.9547263102855,33.63173665409637,0.0 -78.95476242317403,33.63177299078804,0.0 -78.95475489758907,33.6317785295213,0.0 -78.95479021782032,33.631813643568364,0.0 -78.95479856858188,33.63180795434023,0.0 -78.95486277274249,33.631872411607716,0.0 -78.95485358376888,33.631878802207574,0.0 -78.95489051416106,33.63191531744998,0.0 -78.95489970703943,33.631908761855605,0.0 -78.95493503128624,33.63194371086874,0.0 -78.9549258423104,33.63195010147391,0.0 -78.95496276495658,33.631986946678005,0.0 -78.9549727908425,33.63197990969912,0.0 -78.9550081034377,33.6320153536665,0.0 -78.95499890665282,33.632022074260696,0.0 -78.95503422253942,33.632057380276365,0.0 -78.95504258177637,33.63205133309889,0.0 -78.95507871508553,33.63208681768939,0.0 -78.95506953064827,33.63209301626544,0.0 -78.9551064651264,33.632129366450314,0.0 -78.95511565801117,33.632122810840045,0.0 -78.95515178293405,33.63215865244029,0.0 -78.95514176939129,33.63216516741017,0.0 -78.95516264334496,33.63218580135526,0.0 -78.95511083747694,33.632222387252455,0.0 -78.95510581998262,33.63222609778715,0.0 -78.95510341719846,33.632223473931944,0.0 -78.95508333594434,33.632204062611066,0.0 -78.95505074429911,33.63222724792507,0.0</coordinates>
                    </LinearRing>
                </outerBoundaryIs>
            </Polygon>
        </Placemark>
        <Placemark id="1645073">
            <name>Parcel_178902</name>
            <styleUrl>#1645078</styleUrl>
            <Polygon id="1645072">
                <outerBoundaryIs>
                    <LinearRing id="1645076">
                        <coordinates>-78.95505074429911,33.63222724792507,0.0 -78.95501059807535,33.63218773824772,0.0 -78.95503065442763,33.632173472242165,0.0 -78.95501058100828,33.63215373092566,0.0 -78.95476941235518,33.63191361825826,0.0 -78.95472755364034,33.63187194341523,0.0 -78.9544719652775,33.63161747409633,0.0 -78.95445359186988,33.63163006319804,0.0 -78.95441347416805,33.63158937133249,0.0 -78.95444606574371,33.63156618618436,0.0 -78.95442760266441,33.631547846001254,0.0 -78.95443011531097,33.6315458257557,0.0 -78.95448273844774,33.63150941873163,0.0 -78.95450281159695,33.63152916013583,0.0 -78.95451200836797,33.631522439578085,0.0 -78.95454571768823,33.63155617951513,0.0 -78.95453569181666,33.631563216459774,0.0 -78.95457343087843,33.63160026742127,0.0 -78.95458262765153,33.631593546858326,0.0 -78.954617138798,33.63162812533359,0.0 -78.95460879128467,33.631633677507196,0.0 -78.95464733154014,33.631671594051454,0.0 -78.95465485712269,33.63166605532466,0.0 -78.95469017726734,33.63170116940091,0.0 -78.95468098439515,33.63170772497993,0.0 -78.95471629221561,33.63174336107183,0.0 -78.9547263102855,33.63173665409637,0.0 -78.95476242317403,33.63177299078804,0.0 -78.95475489758907,33.6317785295213,0.0 -78.95479021782032,33.631813643568364,0.0 -78.95479856858188,33.63180795434023,0.0 -78.95486277274249,33.631872411607716,0.0 -78.95485358376888,33.631878802207574,0.0 -78.95489051416106,33.63191531744998,0.0 -78.95489970703943,33.631908761855605,0.0 -78.95493503128624,33.63194371086874,0.0 -78.9549258423104,33.63195010147391,0.0 -78.95496276495658,33.631986946678005,0.0 -78.9549727908425,33.63197990969912,0.0 -78.9550081034377,33.6320153536665,0.0 -78.95499890665282,33.632022074260696,0.0 -78.95503422253942,33.632057380276365,0.0 -78.95504258177637,33.63205133309889,0.0 -78.95507871508553,33.63208681768939,0.0 -78.95506953064827,33.63209301626544,0.0 -78.9551064651264,33.632129366450314,0.0 -78.95511565801117,33.632122810840045,0.0 -78.95515178293405,33.63215865244029,0.0 -78.95514176939129,33.63216516741017,0.0 -78.95516264334496,33.63218580135526,0.0 -78.95511083747694,33.632222387252455,0.0 -78.95510581998262,33.63222609778715,0.0 -78.95510341719846,33.632223473931944,0.0 -78.95508333594434,33.632204062611066,0.0 -78.95505074429911,33.63222724792507,0.0</coordinates>
                    </LinearRing>
                </outerBoundaryIs>
            </Polygon>
        </Placemark>
        <Placemark id="1645082">
            <name>Parcel_178903</name>
            <styleUrl>#1645087</styleUrl>
            <Polygon id="1645081">
                <outerBoundaryIs>
                    <LinearRing id="1645085">
                        <coordinates>-78.95438627703892,33.63141932587806,0.0 -78.95434373588293,33.63137689097709,0.0 -78.95432451715025,33.631390483458304,0.0 -78.95427717061209,33.63134279898958,0.0 -78.95429388516915,33.631330868825394,0.0 -78.95428426578185,33.63132073037132,0.0 -78.95431183591148,33.6313014207511,0.0 -78.95430301244373,33.63129236789527,0.0 -78.95434144207826,33.631265512018054,0.0 -78.95434947221023,33.6312733701817,0.0 -78.95439625709973,33.63124063304892,0.0 -78.95438904044529,33.6312331184722,0.0 -78.9544333081171,33.63120259360968,0.0 -78.95443972428765,33.63120921552914,0.0 -78.95448232074398,33.63117987248772,0.0 -78.95447348621902,33.63117128666994,0.0 -78.95451441600531,33.63114293341681,0.0 -78.95452324272284,33.63115184921537,0.0 -78.95454078237893,33.63113976852652,0.0 -78.95449984812142,33.631098871047136,0.0 -78.9545106997729,33.631091655664626,0.0 -78.95449624957276,33.6310773405868,0.0 -78.9544862237527,33.631084377527955,0.0 -78.95445332293235,33.63105120024324,0.0 -78.95446334941265,33.63104413535529,0.0 -78.95442401227747,33.631005189052836,0.0 -78.95441398191534,33.631012418027844,0.0 -78.95434977094014,33.6309482896009,0.0 -78.95435895138145,33.63094225697072,0.0 -78.95432282665543,33.63090644217995,0.0 -78.95431362993521,33.630913162724234,0.0 -78.95427831483167,33.6308778555949,0.0 -78.95434513552485,33.63083170459703,0.0 -78.95436117881178,33.63084813498731,0.0 -78.95439459140599,33.63082496345058,0.0 -78.95443390762216,33.630864789719965,0.0 -78.95441553827344,33.6308772138256,0.0 -78.95461836788124,33.63108105200605,0.0 -78.95466724076695,33.631130168656405,0.0 -78.95467314808064,33.63113610477533,0.0 -78.95468734144558,33.6311265527413,0.0 -78.95473308193189,33.63117267083628,0.0 -78.95470634948066,33.63119130713377,0.0 -78.95471517231901,33.63120038791041,0.0 -78.95467339657948,33.631229771678186,0.0 -78.9546661558377,33.63122327411652,0.0 -78.95462521761492,33.63125198445109,0.0 -78.95463244273965,33.63125914198251,0.0 -78.95458733301987,33.63129053237208,0.0 -78.95457929896048,33.631282839215764,0.0 -78.95453669794203,33.63131237432983,0.0 -78.95454554093624,33.631320603111405,0.0 -78.95450294443204,33.63134994617401,0.0 -78.95449571086166,33.63134314566664,0.0 -78.9544539310528,33.631372695253,0.0 -78.95446195341744,33.631380882491285,0.0 -78.95441851412289,33.63141111802744,0.0 -78.9544104963255,33.63140273784514,0.0 -78.95438627703892,33.63141932587806,0.0</coordinates>
                    </LinearRing>
                </outerBoundaryIs>
            </Polygon>
        </Placemark>
        <Placemark id="1645091">
            <name>Parcel_178904</name>
            <styleUrl>#1645096</styleUrl>
            <Polygon id="1645090">
                <outerBoundaryIs>
                    <LinearRing id="1645094">
                        <coordinates>-78.95438627703892,33.63141932587806,0.0 -78.95434373588293,33.63137689097709,0.0 -78.95432451715025,33.631390483458304,0.0 -78.95427717061209,33.63134279898958,0.0 -78.95429388516915,33.631330868825394,0.0 -78.95428426578185,33.63132073037132,0.0 -78.95431183591148,33.6313014207511,0.0 -78.95430301244373,33.63129236789527,0.0 -78.95434144207826,33.631265512018054,0.0 -78.95434947221023,33.6312733701817,0.0 -78.95439625709973,33.63124063304892,0.0 -78.95438904044529,33.6312331184722,0.0 -78.9544333081171,33.63120259360968,0.0 -78.95443972428765,33.63120921552914,0.0 -78.95448232074398,33.63117987248772,0.0 -78.95447348621902,33.63117128666994,0.0 -78.95451441600531,33.63114293341681,0.0 -78.95452324272284,33.63115184921537,0.0 -78.95454078237893,33.63113976852652,0.0 -78.95449984812142,33.631098871047136,0.0 -78.9545106997729,33.631091655664626,0.0 -78.95449624957276,33.6310773405868,0.0 -78.9544862237527,33.631084377527955,0.0 -78.95445332293235,33.63105120024324,0.0 -78.95446334941265,33.63104413535529,0.0 -78.95442401227747,33.631005189052836,0.0 -78.95441398191534,33.631012418027844,0.0 -78.95434977094014,33.6309482896009,0.0 -78.95435895138145,33.63094225697072,0.0 -78.95432282665543,33.63090644217995,0.0 -78.95431362993521,33.630913162724234,0.0 -78.95427831483167,33.6308778555949,0.0 -78.95434513552485,33.63083170459703,0.0 -78.95436117881178,33.63084813498731,0.0 -78.95439459140599,33.63082496345058,0.0 -78.95443390762216,33.630864789719965,0.0 -78.95441553827344,33.6308772138256,0.0 -78.95461836788124,33.63108105200605,0.0 -78.95466724076695,33.631130168656405,0.0 -78.95467314808064,33.63113610477533,0.0 -78.95468734144558,33.6311265527413,0.0 -78.95473308193189,33.63117267083628,0.0 -78.95470634948066,33.63119130713377,0.0 -78.95471517231901,33.63120038791041,0.0 -78.95467339657948,33.631229771678186,0.0 -78.9546661558377,33.63122327411652,0.0 -78.95462521761492,33.63125198445109,0.0 -78.95463244273965,33.63125914198251,0.0 -78.95458733301987,33.63129053237208,0.0 -78.95457929896048,33.631282839215764,0.0 -78.95453669794203,33.63131237432983,0.0 -78.95454554093624,33.631320603111405,0.0 -78.95450294443204,33.63134994617401,0.0 -78.95449571086166,33.63134314566664,0.0 -78.9544539310528,33.631372695253,0.0 -78.95446195341744,33.631380882491285,0.0 -78.95441851412289,33.63141111802744,0.0 -78.9544104963255,33.63140273784514,0.0 -78.95438627703892,33.63141932587806,0.0</coordinates>
                    </LinearRing>
                </outerBoundaryIs>
            </Polygon>
        </Placemark>
        <Placemark id="1645100">
            <name>Parcel_178905</name>
            <styleUrl>#1645105</styleUrl>
            <Polygon id="1645099">
                <outerBoundaryIs>
                    <LinearRing id="1645103">
                        <coordinates>-78.9540046205328,33.631229171048915,0.0 -78.95396445444337,33.63119054008047,0.0 -78.95392511031706,33.63115189565419,0.0 -78.95388576558567,33.63111327826301,0.0 -78.95384642088943,33.63107466085906,0.0 -78.9538062594884,33.63103583779863,0.0 -78.95380657539074,33.6310335611025,0.0 -78.95381117906015,33.63100155506346,0.0 -78.95381213825965,33.63099574256298,0.0 -78.95381527736413,33.63096725782235,0.0 -78.95382029057797,33.63092901888917,0.0 -78.95401501538616,33.63079000338394,0.0 -78.95399893965319,33.63077494697885,0.0 -78.95404740339896,33.630740698159194,0.0 -78.95407388783465,33.630767253615,0.0 -78.95409811156509,33.63075047270042,0.0 -78.95414628677375,33.63079784086021,0.0 -78.95412038014096,33.63081629859412,0.0 -78.95412760454735,33.63082348320333,0.0 -78.95408331289082,33.630855024956894,0.0 -78.9540760839402,33.63084803238477,0.0 -78.95403513334331,33.63087726454875,0.0 -78.95404154879766,33.630883914438684,0.0 -78.95399975347704,33.63091412203761,0.0 -78.95399171884338,33.6309064567921,0.0 -78.95395075647417,33.63093618390333,0.0 -78.95395718889233,33.63094211702981,0.0 -78.95391372554748,33.630973370290846,0.0 -78.95390487876479,33.630965305553865,0.0 -78.95388230920258,33.63098161956329,0.0 -78.95384616905662,33.63094646369904,0.0 -78.95383705363174,33.631019165768485,0.0 -78.95388134221828,33.63098776114641,0.0 -78.95390301668353,33.63100926182011,0.0 -78.95391305099346,33.631001867894724,0.0 -78.95394919187271,33.63103699488809,0.0 -78.95393833170883,33.63104456815441,0.0 -78.95397608264439,33.631081097277985,0.0 -78.95398443795563,33.631075215163015,0.0 -78.95401574808076,33.63110616637767,0.0 -78.95400572221824,33.63111320327981,0.0 -78.95404748598644,33.631153757493855,0.0 -78.95405584911022,33.63114754539046,0.0 -78.95409199399217,33.63118250825108,0.0 -78.95408196358167,33.63118973719897,0.0 -78.95411568169484,33.63122309317575,0.0 -78.95412486610809,33.63121689466978,0.0 -78.9541617998147,33.631253245141856,0.0 -78.9541534444983,33.631259127268635,0.0 -78.95417512757066,33.63128026996065,0.0 -78.95416510106077,33.63128733392334,0.0 -78.95418197868169,33.63130322886635,0.0 -78.95412432179816,33.631344033273855,0.0 -78.95408330567574,33.63130659868275,0.0 -78.95404396146482,33.6312679533934,0.0 -78.9540046205328,33.631229171048915,0.0</coordinates>
                    </LinearRing>
                </outerBoundaryIs>
            </Polygon>
        </Placemark>
        <Placemark id="1645109">
            <name>Parcel_178906</name>
            <styleUrl>#1645114</styleUrl>
            <Polygon id="1645108">
                <outerBoundaryIs>
                    <LinearRing id="1645112">
                        <coordinates>-78.9540046205328,33.631229171048915,0.0 -78.95396445444337,33.63119054008047,0.0 -78.95392511031706,33.63115189565419,0.0 -78.95388576558567,33.63111327826301,0.0 -78.95384642088943,33.63107466085906,0.0 -78.9538062594884,33.63103583779863,0.0 -78.95380657539074,33.6310335611025,0.0 -78.95381117906015,33.63100155506346,0.0 -78.95381213825965,33.63099574256298,0.0 -78.95381527736413,33.63096725782235,0.0 -78.95382029057797,33.63092901888917,0.0 -78.95401501538616,33.63079000338394,0.0 -78.95399893965319,33.63077494697885,0.0 -78.95404740339896,33.630740698159194,0.0 -78.95407388783465,33.630767253615,0.0 -78.95409811156509,33.63075047270042,0.0 -78.95414628677375,33.63079784086021,0.0 -78.95412038014096,33.63081629859412,0.0 -78.95412760454735,33.63082348320333,0.0 -78.95408331289082,33.630855024956894,0.0 -78.9540760839402,33.63084803238477,0.0 -78.95403513334331,33.63087726454875,0.0 -78.95404154879766,33.630883914438684,0.0 -78.95399975347704,33.63091412203761,0.0 -78.95399171884338,33.6309064567921,0.0 -78.95395075647417,33.63093618390333,0.0 -78.95395718889233,33.63094211702981,0.0 -78.95391372554748,33.630973370290846,0.0 -78.95390487876479,33.630965305553865,0.0 -78.95388230920258,33.63098161956329,0.0 -78.95384616905662,33.63094646369904,0.0 -78.95383705363174,33.631019165768485,0.0 -78.95388134221828,33.63098776114641,0.0 -78.95390301668353,33.63100926182011,0.0 -78.95391305099346,33.631001867894724,0.0 -78.95394919187271,33.63103699488809,0.0 -78.95393833170883,33.63104456815441,0.0 -78.95397608264439,33.631081097277985,0.0 -78.95398443795563,33.631075215163015,0.0 -78.95401574808076,33.63110616637767,0.0 -78.95400572221824,33.63111320327981,0.0 -78.95404748598644,33.631153757493855,0.0 -78.95405584911022,33.63114754539046,0.0 -78.95409199399217,33.63118250825108,0.0 -78.95408196358167,33.63118973719897,0.0 -78.95411568169484,33.63122309317575,0.0 -78.95412486610809,33.63121689466978,0.0 -78.9541617998147,33.631253245141856,0.0 -78.9541534444983,33.631259127268635,0.0 -78.95417512757066,33.63128026996065,0.0 -78.95416510106077,33.63128733392334,0.0 -78.95418197868169,33.63130322886635,0.0 -78.95412432179816,33.631344033273855,0.0 -78.95408330567574,33.63130659868275,0.0 -78.95404396146482,33.6312679533934,0.0 -78.9540046205328,33.631229171048915,0.0</coordinates>
                    </LinearRing>
                </outerBoundaryIs>
            </Polygon>
        </Placemark>
        <Placemark id="1645118">
            <name>Parcel_178907</name>
            <styleUrl>#1645123</styleUrl>
            <Polygon id="1645117">
                <outerBoundaryIs>
                    <LinearRing id="1645121">
                        <coordinates>-78.95438627703892,33.63141932587806,0.0 -78.95434373588293,33.63137689097709,0.0 -78.95432451715025,33.631390483458304,0.0 -78.95427717061209,33.63134279898958,0.0 -78.95429388516915,33.631330868825394,0.0 -78.95428426578185,33.63132073037132,0.0 -78.95431183591148,33.6313014207511,0.0 -78.95430301244373,33.63129236789527,0.0 -78.95434144207826,33.631265512018054,0.0 -78.95434947221023,33.6312733701817,0.0 -78.95439625709973,33.63124063304892,0.0 -78.95438904044529,33.6312331184722,0.0 -78.9544333081171,33.63120259360968,0.0 -78.95443972428765,33.63120921552914,0.0 -78.95448232074398,33.63117987248772,0.0 -78.95447348621902,33.63117128666994,0.0 -78.95451441600531,33.63114293341681,0.0 -78.95452324272284,33.63115184921537,0.0 -78.95454078237893,33.63113976852652,0.0 -78.95449984812142,33.631098871047136,0.0 -78.9545106997729,33.631091655664626,0.0 -78.95449624957276,33.6310773405868,0.0 -78.9544862237527,33.631084377527955,0.0 -78.95445332293235,33.63105120024324,0.0 -78.95446334941265,33.63104413535529,0.0 -78.95442401227747,33.631005189052836,0.0 -78.95441398191534,33.631012418027844,0.0 -78.95434977094014,33.6309482896009,0.0 -78.95435895138145,33.63094225697072,0.0 -78.95432282665543,33.63090644217995,0.0 -78.95431362993521,33.630913162724234,0.0 -78.95427831483167,33.6308778555949,0.0 -78.95434513552485,33.63083170459703,0.0 -78.95436117881178,33.63084813498731,0.0 -78.95439459140599,33.63082496345058,0.0 -78.95443390762216,33.630864789719965,0.0 -78.95441553827344,33.6308772138256,0.0 -78.95461836788124,33.63108105200605,0.0 -78.95466724076695,33.631130168656405,0.0 -78.95467314808064,33.63113610477533,0.0 -78.95468734144558,33.6311265527413,0.0 -78.95473308193189,33.63117267083628,0.0 -78.95470634948066,33.63119130713377,0.0 -78.95471517231901,33.63120038791041,0.0 -78.95467339657948,33.631229771678186,0.0 -78.9546661558377,33.63122327411652,0.0 -78.95462521761492,33.63125198445109,0.0 -78.95463244273965,33.63125914198251,0.0 -78.95458733301987,33.63129053237208,0.0 -78.95457929896048,33.631282839215764,0.0 -78.95453669794203,33.63131237432983,0.0 -78.95454554093624,33.631320603111405,0.0 -78.95450294443204,33.63134994617401,0.0 -78.95449571086166,33.63134314566664,0.0 -78.9544539310528,33.631372695253,0.0 -78.95446195341744,33.631380882491285,0.0 -78.95441851412289,33.63141111802744,0.0 -78.9544104963255,33.63140273784514,0.0 -78.95438627703892,33.63141932587806,0.0</coordinates>
                    </LinearRing>
                </outerBoundaryIs>
            </Polygon>
        </Placemark>
        <Placemark id="1645127">
            <name>Parcel_178908</name>
            <styleUrl>#1645132</styleUrl>
            <Polygon id="1645126">
                <outerBoundaryIs>
                    <LinearRing id="1645130">
                        <coordinates>-78.95438627703892,33.63141932587806,0.0 -78.95434373588293,33.63137689097709,0.0 -78.95432451715025,33.631390483458304,0.0 -78.95427717061209,33.63134279898958,0.0 -78.95429388516915,33.631330868825394,0.0 -78.95428426578185,33.63132073037132,0.0 -78.95431183591148,33.6313014207511,0.0 -78.95430301244373,33.63129236789527,0.0 -78.95434144207826,33.631265512018054,0.0 -78.95434947221023,33.6312733701817,0.0 -78.95439625709973,33.63124063304892,0.0 -78.95438904044529,33.6312331184722,0.0 -78.9544333081171,33.63120259360968,0.0 -78.95443972428765,33.63120921552914,0.0 -78.95448232074398,33.63117987248772,0.0 -78.95447348621902,33.63117128666994,0.0 -78.95451441600531,33.63114293341681,0.0 -78.95452324272284,33.63115184921537,0.0 -78.95454078237893,33.63113976852652,0.0 -78.95449984812142,33.631098871047136,0.0 -78.9545106997729,33.631091655664626,0.0 -78.95449624957276,33.6310773405868,0.0 -78.9544862237527,33.631084377527955,0.0 -78.95445332293235,33.63105120024324,0.0 -78.95446334941265,33.63104413535529,0.0 -78.95442401227747,33.631005189052836,0.0 -78.95441398191534,33.631012418027844,0.0 -78.95434977094014,33.6309482896009,0.0 -78.95435895138145,33.63094225697072,0.0 -78.95432282665543,33.63090644217995,0.0 -78.95431362993521,33.630913162724234,0.0 -78.95427831483167,33.6308778555949,0.0 -78.95434513552485,33.63083170459703,0.0 -78.95436117881178,33.63084813498731,0.0 -78.95439459140599,33.63082496345058,0.0 -78.95443390762216,33.630864789719965,0.0 -78.95441553827344,33.6308772138256,0.0 -78.95461836788124,33.63108105200605,0.0 -78.95466724076695,33.631130168656405,0.0 -78.95467314808064,33.63113610477533,0.0 -78.95468734144558,33.6311265527413,0.0 -78.95473308193189,33.63117267083628,0.0 -78.95470634948066,33.63119130713377,0.0 -78.95471517231901,33.63120038791041,0.0 -78.95467339657948,33.631229771678186,0.0 -78.9546661558377,33.63122327411652,0.0 -78.95462521761492,33.63125198445109,0.0 -78.95463244273965,33.63125914198251,0.0 -78.95458733301987,33.63129053237208,0.0 -78.95457929896048,33.631282839215764,0.0 -78.95453669794203,33.63131237432983,0.0 -78.95454554093624,33.631320603111405,0.0 -78.95450294443204,33.63134994617401,0.0 -78.95449571086166,33.63134314566664,0.0 -78.9544539310528,33.631372695253,0.0 -78.95446195341744,33.631380882491285,0.0 -78.95441851412289,33.63141111802744,0.0 -78.9544104963255,33.63140273784514,0.0 -78.95438627703892,33.63141932587806,0.0</coordinates>
                    </LinearRing>
                </outerBoundaryIs>
            </Polygon>
        </Placemark>
        <Placemark id="1645136">
            <name>Parcel_178909</name>
            <styleUrl>#1645141</styleUrl>
            <Polygon id="1645135">
                <outerBoundaryIs>
                    <LinearRing id="1645139">
                        <coordinates>-78.95438627703892,33.63141932587806,0.0 -78.95434373588293,33.63137689097709,0.0 -78.95432451715025,33.631390483458304,0.0 -78.95427717061209,33.63134279898958,0.0 -78.95429388516915,33.631330868825394,0.0 -78.95428426578185,33.63132073037132,0.0 -78.95431183591148,33.6313014207511,0.0 -78.95430301244373,33.63129236789527,0.0 -78.95434144207826,33.631265512018054,0.0 -78.95434947221023,33.6312733701817,0.0 -78.95439625709973,33.63124063304892,0.0 -78.95438904044529,33.6312331184722,0.0 -78.9544333081171,33.63120259360968,0.0 -78.95443972428765,33.63120921552914,0.0 -78.95448232074398,33.63117987248772,0.0 -78.95447348621902,33.63117128666994,0.0 -78.95451441600531,33.63114293341681,0.0 -78.95452324272284,33.63115184921537,0.0 -78.95454078237893,33.63113976852652,0.0 -78.95449984812142,33.631098871047136,0.0 -78.9545106997729,33.631091655664626,0.0 -78.95449624957276,33.6310773405868,0.0 -78.9544862237527,33.631084377527955,0.0 -78.95445332293235,33.63105120024324,0.0 -78.95446334941265,33.63104413535529,0.0 -78.95442401227747,33.631005189052836,0.0 -78.95441398191534,33.631012418027844,0.0 -78.95434977094014,33.6309482896009,0.0 -78.95435895138145,33.63094225697072,0.0 -78.95432282665543,33.63090644217995,0.0 -78.95431362993521,33.630913162724234,0.0 -78.95427831483167,33.6308778555949,0.0 -78.95434513552485,33.63083170459703,0.0 -78.95436117881178,33.63084813498731,0.0 -78.95439459140599,33.63082496345058,0.0 -78.95443390762216,33.630864789719965,0.0 -78.95441553827344,33.6308772138256,0.0 -78.95461836788124,33.63108105200605,0.0 -78.95466724076695,33.631130168656405,0.0 -78.95467314808064,33.63113610477533,0.0 -78.95468734144558,33.6311265527413,0.0 -78.95473308193189,33.63117267083628,0.0 -78.95470634948066,33.63119130713377,0.0 -78.95471517231901,33.63120038791041,0.0 -78.95467339657948,33.631229771678186,0.0 -78.9546661558377,33.63122327411652,0.0 -78.95462521761492,33.63125198445109,0.0 -78.95463244273965,33.63125914198251,0.0 -78.95458733301987,33.63129053237208,0.0 -78.95457929896048,33.631282839215764,0.0 -78.95453669794203,33.63131237432983,0.0 -78.95454554093624,33.631320603111405,0.0 -78.95450294443204,33.63134994617401,0.0 -78.95449571086166,33.63134314566664,0.0 -78.9544539310528,33.631372695253,0.0 -78.95446195341744,33.631380882491285,0.0 -78.95441851412289,33.63141111802744,0.0 -78.9544104963255,33.63140273784514,0.0 -78.95438627703892,33.63141932587806,0.0</coordinates>
                    </LinearRing>
                </outerBoundaryIs>
            </Polygon>
        </Placemark>
        <Placemark id="1645145">
            <name>Parcel_178910</name>
            <styleUrl>#1645150</styleUrl>
            <Polygon id="1645144">
                <outerBoundaryIs>
                    <LinearRing id="1645148">
                        <coordinates>-78.9540046205328,33.631229171048915,0.0 -78.95396445444337,33.63119054008047,0.0 -78.95392511031706,33.63115189565419,0.0 -78.95388576558567,33.63111327826301,0.0 -78.95384642088943,33.63107466085906,0.0 -78.9538062594884,33.63103583779863,0.0 -78.95380657539074,33.6310335611025,0.0 -78.95381117906015,33.63100155506346,0.0 -78.95381213825965,33.63099574256298,0.0 -78.95381527736413,33.63096725782235,0.0 -78.95382029057797,33.63092901888917,0.0 -78.95401501538616,33.63079000338394,0.0 -78.95399893965319,33.63077494697885,0.0 -78.95404740339896,33.630740698159194,0.0 -78.95407388783465,33.630767253615,0.0 -78.95409811156509,33.63075047270042,0.0 -78.95414628677375,33.63079784086021,0.0 -78.95412038014096,33.63081629859412,0.0 -78.95412760454735,33.63082348320333,0.0 -78.95408331289082,33.630855024956894,0.0 -78.9540760839402,33.63084803238477,0.0 -78.95403513334331,33.63087726454875,0.0 -78.95404154879766,33.630883914438684,0.0 -78.95399975347704,33.63091412203761,0.0 -78.95399171884338,33.6309064567921,0.0 -78.95395075647417,33.63093618390333,0.0 -78.95395718889233,33.63094211702981,0.0 -78.95391372554748,33.630973370290846,0.0 -78.95390487876479,33.630965305553865,0.0 -78.95388230920258,33.63098161956329,0.0 -78.95384616905662,33.63094646369904,0.0 -78.95383705363174,33.631019165768485,0.0 -78.95388134221828,33.63098776114641,0.0 -78.95390301668353,33.63100926182011,0.0 -78.95391305099346,33.631001867894724,0.0 -78.95394919187271,33.63103699488809,0.0 -78.95393833170883,33.63104456815441,0.0 -78.95397608264439,33.631081097277985,0.0 -78.95398443795563,33.631075215163015,0.0 -78.95401574808076,33.63110616637767,0.0 -78.95400572221824,33.63111320327981,0.0 -78.95404748598644,33.631153757493855,0.0 -78.95405584911022,33.63114754539046,0.0 -78.95409199399217,33.63118250825108,0.0 -78.95408196358167,33.63118973719897,0.0 -78.95411568169484,33.63122309317575,0.0 -78.95412486610809,33.63121689466978,0.0 -78.9541617998147,33.631253245141856,0.0 -78.9541534444983,33.631259127268635,0.0 -78.95417512757066,33.63128026996065,0.0 -78.95416510106077,33.63128733392334,0.0 -78.95418197868169,33.63130322886635,0.0 -78.95412432179816,33.631344033273855,0.0 -78.95408330567574,33.63130659868275,0.0 -78.95404396146482,33.6312679533934,0.0 -78.9540046205328,33.631229171048915,0.0</coordinates>
                    </LinearRing>
                </outerBoundaryIs>
            </Polygon>
        </Placemark>
        <Placemark id="1645154">
            <name>Parcel_178911</name>
            <styleUrl>#1645159</styleUrl>
            <Polygon id="1645153">
                <outerBoundaryIs>
                    <LinearRing id="1645157">
                        <coordinates>-78.95438627703892,33.63141932587806,0.0 -78.95434373588293,33.63137689097709,0.0 -78.95432451715025,33.631390483458304,0.0 -78.95427717061209,33.63134279898958,0.0 -78.95429388516915,33.631330868825394,0.0 -78.95428426578185,33.63132073037132,0.0 -78.95431183591148,33.6313014207511,0.0 -78.95430301244373,33.63129236789527,0.0 -78.95434144207826,33.631265512018054,0.0 -78.95434947221023,33.6312733701817,0.0 -78.95439625709973,33.63124063304892,0.0 -78.95438904044529,33.6312331184722,0.0 -78.9544333081171,33.63120259360968,0.0 -78.95443972428765,33.63120921552914,0.0 -78.95448232074398,33.63117987248772,0.0 -78.95447348621902,33.63117128666994,0.0 -78.95451441600531,33.63114293341681,0.0 -78.95452324272284,33.63115184921537,0.0 -78.95454078237893,33.63113976852652,0.0 -78.95449984812142,33.631098871047136,0.0 -78.9545106997729,33.631091655664626,0.0 -78.95449624957276,33.6310773405868,0.0 -78.9544862237527,33.631084377527955,0.0 -78.95445332293235,33.63105120024324,0.0 -78.95446334941265,33.63104413535529,0.0 -78.95442401227747,33.631005189052836,0.0 -78.95441398191534,33.631012418027844,0.0 -78.95434977094014,33.6309482896009,0.0 -78.95435895138145,33.63094225697072,0.0 -78.95432282665543,33.63090644217995,0.0 -78.95431362993521,33.630913162724234,0.0 -78.95427831483167,33.6308778555949,0.0 -78.95434513552485,33.63083170459703,0.0 -78.95436117881178,33.63084813498731,0.0 -78.95439459140599,33.63082496345058,0.0 -78.95443390762216,33.630864789719965,0.0 -78.95441553827344,33.6308772138256,0.0 -78.95461836788124,33.63108105200605,0.0 -78.95466724076695,33.631130168656405,0.0 -78.95467314808064,33.63113610477533,0.0 -78.95468734144558,33.6311265527413,0.0 -78.95473308193189,33.63117267083628,0.0 -78.95470634948066,33.63119130713377,0.0 -78.95471517231901,33.63120038791041,0.0 -78.95467339657948,33.631229771678186,0.0 -78.9546661558377,33.63122327411652,0.0 -78.95462521761492,33.63125198445109,0.0 -78.95463244273965,33.63125914198251,0.0 -78.95458733301987,33.63129053237208,0.0 -78.95457929896048,33.631282839215764,0.0 -78.95453669794203,33.63131237432983,0.0 -78.95454554093624,33.631320603111405,0.0 -78.95450294443204,33.63134994617401,0.0 -78.95449571086166,33.63134314566664,0.0 -78.9544539310528,33.631372695253,0.0 -78.95446195341744,33.631380882491285,0.0 -78.95441851412289,33.63141111802744,0.0 -78.9544104963255,33.63140273784514,0.0 -78.95438627703892,33.63141932587806,0.0</coordinates>
                    </LinearRing>
                </outerBoundaryIs>
            </Polygon>
        </Placemark>
        <Placemark id="1645163">
            <name>Parcel_178912</name>
            <styleUrl>#1645168</styleUrl>
            <Polygon id="1645162">
                <outerBoundaryIs>
                    <LinearRing id="1645166">
                        <coordinates>-78.95438627703892,33.63141932587806,0.0 -78.95434373588293,33.63137689097709,0.0 -78.95432451715025,33.631390483458304,0.0 -78.95427717061209,33.63134279898958,0.0 -78.95429388516915,33.631330868825394,0.0 -78.95428426578185,33.63132073037132,0.0 -78.95431183591148,33.6313014207511,0.0 -78.95430301244373,33.63129236789527,0.0 -78.95434144207826,33.631265512018054,0.0 -78.95434947221023,33.6312733701817,0.0 -78.95439625709973,33.63124063304892,0.0 -78.95438904044529,33.6312331184722,0.0 -78.9544333081171,33.63120259360968,0.0 -78.95443972428765,33.63120921552914,0.0 -78.95448232074398,33.63117987248772,0.0 -78.95447348621902,33.63117128666994,0.0 -78.95451441600531,33.63114293341681,0.0 -78.95452324272284,33.63115184921537,0.0 -78.95454078237893,33.63113976852652,0.0 -78.95449984812142,33.631098871047136,0.0 -78.9545106997729,33.631091655664626,0.0 -78.95449624957276,33.6310773405868,0.0 -78.9544862237527,33.631084377527955,0.0 -78.95445332293235,33.63105120024324,0.0 -78.95446334941265,33.63104413535529,0.0 -78.95442401227747,33.631005189052836,0.0 -78.95441398191534,33.631012418027844,0.0 -78.95434977094014,33.6309482896009,0.0 -78.95435895138145,33.63094225697072,0.0 -78.95432282665543,33.63090644217995,0.0 -78.95431362993521,33.630913162724234,0.0 -78.95427831483167,33.6308778555949,0.0 -78.95434513552485,33.63083170459703,0.0 -78.95436117881178,33.63084813498731,0.0 -78.95439459140599,33.63082496345058,0.0 -78.95443390762216,33.630864789719965,0.0 -78.95441553827344,33.6308772138256,0.0 -78.95461836788124,33.63108105200605,0.0 -78.95466724076695,33.631130168656405,0.0 -78.95467314808064,33.63113610477533,0.0 -78.95468734144558,33.6311265527413,0.0 -78.95473308193189,33.63117267083628,0.0 -78.95470634948066,33.63119130713377,0.0 -78.95471517231901,33.63120038791041,0.0 -78.95467339657948,33.631229771678186,0.0 -78.9546661558377,33.63122327411652,0.0 -78.95462521761492,33.63125198445109,0.0 -78.95463244273965,33.63125914198251,0.0 -78.95458733301987,33.63129053237208,0.0 -78.95457929896048,33.631282839215764,0.0 -78.95453669794203,33.63131237432983,0.0 -78.95454554093624,33.631320603111405,0.0 -78.95450294443204,33.63134994617401,0.0 -78.95449571086166,33.63134314566664,0.0 -78.9544539310528,33.631372695253,0.0 -78.95446195341744,33.631380882491285,0.0 -78.95441851412289,33.63141111802744,0.0 -78.9544104963255,33.63140273784514,0.0 -78.95438627703892,33.63141932587806,0.0</coordinates>
                    </LinearRing>
                </outerBoundaryIs>
            </Polygon>
        </Placemark>
        <Placemark id="1645172">
            <name>Parcel_178913</name>
            <styleUrl>#1645177</styleUrl>
            <Polygon id="1645171">
                <outerBoundaryIs>
                    <LinearRing id="1645175">
                        <coordinates>-78.9540046205328,33.631229171048915,0.0 -78.95396445444337,33.63119054008047,0.0 -78.95392511031706,33.63115189565419,0.0 -78.95388576558567,33.63111327826301,0.0 -78.95384642088943,33.63107466085906,0.0 -78.9538062594884,33.63103583779863,0.0 -78.95380657539074,33.6310335611025,0.0 -78.95381117906015,33.63100155506346,0.0 -78.95381213825965,33.63099574256298,0.0 -78.95381527736413,33.63096725782235,0.0 -78.95382029057797,33.63092901888917,0.0 -78.95401501538616,33.63079000338394,0.0 -78.95399893965319,33.63077494697885,0.0 -78.95404740339896,33.630740698159194,0.0 -78.95407388783465,33.630767253615,0.0 -78.95409811156509,33.63075047270042,0.0 -78.95414628677375,33.63079784086021,0.0 -78.95412038014096,33.63081629859412,0.0 -78.95412760454735,33.63082348320333,0.0 -78.95408331289082,33.630855024956894,0.0 -78.9540760839402,33.63084803238477,0.0 -78.95403513334331,33.63087726454875,0.0 -78.95404154879766,33.630883914438684,0.0 -78.95399975347704,33.63091412203761,0.0 -78.95399171884338,33.6309064567921,0.0 -78.95395075647417,33.63093618390333,0.0 -78.95395718889233,33.63094211702981,0.0 -78.95391372554748,33.630973370290846,0.0 -78.95390487876479,33.630965305553865,0.0 -78.95388230920258,33.63098161956329,0.0 -78.95384616905662,33.63094646369904,0.0 -78.95383705363174,33.631019165768485,0.0 -78.95388134221828,33.63098776114641,0.0 -78.95390301668353,33.63100926182011,0.0 -78.95391305099346,33.631001867894724,0.0 -78.95394919187271,33.63103699488809,0.0 -78.95393833170883,33.63104456815441,0.0 -78.95397608264439,33.631081097277985,0.0 -78.95398443795563,33.631075215163015,0.0 -78.95401574808076,33.63110616637767,0.0 -78.95400572221824,33.63111320327981,0.0 -78.95404748598644,33.631153757493855,0.0 -78.95405584911022,33.63114754539046,0.0 -78.95409199399217,33.63118250825108,0.0 -78.95408196358167,33.63118973719897,0.0 -78.95411568169484,33.63122309317575,0.0 -78.95412486610809,33.63121689466978,0.0 -78.9541617998147,33.631253245141856,0.0 -78.9541534444983,33.631259127268635,0.0 -78.95417512757066,33.63128026996065,0.0 -78.95416510106077,33.63128733392334,0.0 -78.95418197868169,33.63130322886635,0.0 -78.95412432179816,33.631344033273855,0.0 -78.95408330567574,33.63130659868275,0.0 -78.95404396146482,33.6312679533934,0.0 -78.9540046205328,33.631229171048915,0.0</coordinates>
                    </LinearRing>
                </outerBoundaryIs>
            </Polygon>
        </Placemark>
        <Placemark id="1645181">
            <name>Parcel_178914</name>
            <styleUrl>#1645186</styleUrl>
            <Polygon id="1645180">
                <outerBoundaryIs>
                    <LinearRing id="1645184">
                        <coordinates>-78.95505074429911,33.63222724792507,0.0 -78.95501059807535,33.63218773824772,0.0 -78.95503065442763,33.632173472242165,0.0 -78.95501058100828,33.63215373092566,0.0 -78.95476941235518,33.63191361825826,0.0 -78.95472755364034,33.63187194341523,0.0 -78.9544719652775,33.63161747409633,0.0 -78.95445359186988,33.63163006319804,0.0 -78.95441347416805,33.63158937133249,0.0 -78.95444606574371,33.63156618618436,0.0 -78.95442760266441,33.631547846001254,0.0 -78.95443011531097,33.6315458257557,0.0 -78.95448273844774,33.63150941873163,0.0 -78.95450281159695,33.63152916013583,0.0 -78.95451200836797,33.631522439578085,0.0 -78.95454571768823,33.63155617951513,0.0 -78.95453569181666,33.631563216459774,0.0 -78.95457343087843,33.63160026742127,0.0 -78.95458262765153,33.631593546858326,0.0 -78.954617138798,33.63162812533359,0.0 -78.95460879128467,33.631633677507196,0.0 -78.95464733154014,33.631671594051454,0.0 -78.95465485712269,33.63166605532466,0.0 -78.95469017726734,33.63170116940091,0.0 -78.95468098439515,33.63170772497993,0.0 -78.95471629221561,33.63174336107183,0.0 -78.9547263102855,33.63173665409637,0.0 -78.95476242317403,33.63177299078804,0.0 -78.95475489758907,33.6317785295213,0.0 -78.95479021782032,33.631813643568364,0.0 -78.95479856858188,33.63180795434023,0.0 -78.95486277274249,33.631872411607716,0.0 -78.95485358376888,33.631878802207574,0.0 -78.95489051416106,33.63191531744998,0.0 -78.95489970703943,33.631908761855605,0.0 -78.95493503128624,33.63194371086874,0.0 -78.9549258423104,33.63195010147391,0.0 -78.95496276495658,33.631986946678005,0.0 -78.9549727908425,33.63197990969912,0.0 -78.9550081034377,33.6320153536665,0.0 -78.95499890665282,33.632022074260696,0.0 -78.95503422253942,33.632057380276365,0.0 -78.95504258177637,33.63205133309889,0.0 -78.95507871508553,33.63208681768939,0.0 -78.95506953064827,33.63209301626544,0.0 -78.9551064651264,33.632129366450314,0.0 -78.95511565801117,33.632122810840045,0.0 -78.95515178293405,33.63215865244029,0.0 -78.95514176939129,33.63216516741017,0.0 -78.95516264334496,33.63218580135526,0.0 -78.95511083747694,33.632222387252455,0.0 -78.95510581998262,33.63222609778715,0.0 -78.95510341719846,33.632223473931944,0.0 -78.95508333594434,33.632204062611066,0.0 -78.95505074429911,33.63222724792507,0.0</coordinates>
                    </LinearRing>
                </outerBoundaryIs>
            </Polygon>
        </Placemark>
        <Placemark id="1645190">
            <name>Parcel_178915</name>
            <styleUrl>#1645195</styleUrl>
            <Polygon id="1645189">
                <outerBoundaryIs>
                    <LinearRing id="1645193">
                        <coordinates>-78.95505074429911,33.63222724792507,0.0 -78.95501059807535,33.63218773824772,0.0 -78.95503065442763,33.632173472242165,0.0 -78.95501058100828,33.63215373092566,0.0 -78.95476941235518,33.63191361825826,0.0 -78.95472755364034,33.63187194341523,0.0 -78.9544719652775,33.63161747409633,0.0 -78.95445359186988,33.63163006319804,0.0 -78.95441347416805,33.63158937133249,0.0 -78.95444606574371,33.63156618618436,0.0 -78.95442760266441,33.631547846001254,0.0 -78.95443011531097,33.6315458257557,0.0 -78.95448273844774,33.63150941873163,0.0 -78.95450281159695,33.63152916013583,0.0 -78.95451200836797,33.631522439578085,0.0 -78.95454571768823,33.63155617951513,0.0 -78.95453569181666,33.631563216459774,0.0 -78.95457343087843,33.63160026742127,0.0 -78.95458262765153,33.631593546858326,0.0 -78.954617138798,33.63162812533359,0.0 -78.95460879128467,33.631633677507196,0.0 -78.95464733154014,33.631671594051454,0.0 -78.95465485712269,33.63166605532466,0.0 -78.95469017726734,33.63170116940091,0.0 -78.95468098439515,33.63170772497993,0.0 -78.95471629221561,33.63174336107183,0.0 -78.9547263102855,33.63173665409637,0.0 -78.95476242317403,33.63177299078804,0.0 -78.95475489758907,33.6317785295213,0.0 -78.95479021782032,33.631813643568364,0.0 -78.95479856858188,33.63180795434023,0.0 -78.95486277274249,33.631872411607716,0.0 -78.95485358376888,33.631878802207574,0.0 -78.95489051416106,33.63191531744998,0.0 -78.95489970703943,33.631908761855605,0.0 -78.95493503128624,33.63194371086874,0.0 -78.9549258423104,33.63195010147391,0.0 -78.95496276495658,33.631986946678005,0.0 -78.9549727908425,33.63197990969912,0.0 -78.9550081034377,33.6320153536665,0.0 -78.95499890665282,33.632022074260696,0.0 -78.95503422253942,33.632057380276365,0.0 -78.95504258177637,33.63205133309889,0.0 -78.95507871508553,33.63208681768939,0.0 -78.95506953064827,33.63209301626544,0.0 -78.9551064651264,33.632129366450314,0.0 -78.95511565801117,33.632122810840045,0.0 -78.95515178293405,33.63215865244029,0.0 -78.95514176939129,33.63216516741017,0.0 -78.95516264334496,33.63218580135526,0.0 -78.95511083747694,33.632222387252455,0.0 -78.95510581998262,33.63222609778715,0.0 -78.95510341719846,33.632223473931944,0.0 -78.95508333594434,33.632204062611066,0.0 -78.95505074429911,33.63222724792507,0.0</coordinates>
                    </LinearRing>
                </outerBoundaryIs>
            </Polygon>
        </Placemark>
        <Placemark id="1645199">
            <name>Parcel_178916</name>
            <styleUrl>#1645204</styleUrl>
            <Polygon id="1645198">
                <outerBoundaryIs>
                    <LinearRing id="1645202">
                        <coordinates>-78.95505074429911,33.63222724792507,0.0 -78.95501059807535,33.63218773824772,0.0 -78.95503065442763,33.632173472242165,0.0 -78.95501058100828,33.63215373092566,0.0 -78.95476941235518,33.63191361825826,0.0 -78.95472755364034,33.63187194341523,0.0 -78.9544719652775,33.63161747409633,0.0 -78.95445359186988,33.63163006319804,0.0 -78.95441347416805,33.63158937133249,0.0 -78.95444606574371,33.63156618618436,0.0 -78.95442760266441,33.631547846001254,0.0 -78.95443011531097,33.6315458257557,0.0 -78.95448273844774,33.63150941873163,0.0 -78.95450281159695,33.63152916013583,0.0 -78.95451200836797,33.631522439578085,0.0 -78.95454571768823,33.63155617951513,0.0 -78.95453569181666,33.631563216459774,0.0 -78.95457343087843,33.63160026742127,0.0 -78.95458262765153,33.631593546858326,0.0 -78.954617138798,33.63162812533359,0.0 -78.95460879128467,33.631633677507196,0.0 -78.95464733154014,33.631671594051454,0.0 -78.95465485712269,33.63166605532466,0.0 -78.95469017726734,33.63170116940091,0.0 -78.95468098439515,33.63170772497993,0.0 -78.95471629221561,33.63174336107183,0.0 -78.9547263102855,33.63173665409637,0.0 -78.95476242317403,33.63177299078804,0.0 -78.95475489758907,33.6317785295213,0.0 -78.95479021782032,33.631813643568364,0.0 -78.95479856858188,33.63180795434023,0.0 -78.95486277274249,33.631872411607716,0.0 -78.95485358376888,33.631878802207574,0.0 -78.95489051416106,33.63191531744998,0.0 -78.95489970703943,33.631908761855605,0.0 -78.95493503128624,33.63194371086874,0.0 -78.9549258423104,33.63195010147391,0.0 -78.95496276495658,33.631986946678005,0.0 -78.9549727908425,33.63197990969912,0.0 -78.9550081034377,33.6320153536665,0.0 -78.95499890665282,33.632022074260696,0.0 -78.95503422253942,33.632057380276365,0.0 -78.95504258177637,33.63205133309889,0.0 -78.95507871508553,33.63208681768939,0.0 -78.95506953064827,33.63209301626544,0.0 -78.9551064651264,33.632129366450314,0.0 -78.95511565801117,33.632122810840045,0.0 -78.95515178293405,33.63215865244029,0.0 -78.95514176939129,33.63216516741017,0.0 -78.95516264334496,33.63218580135526,0.0 -78.95511083747694,33.632222387252455,0.0 -78.95510581998262,33.63222609778715,0.0 -78.95510341719846,33.632223473931944,0.0 -78.95508333594434,33.632204062611066,0.0 -78.95505074429911,33.63222724792507,0.0</coordinates>
                    </LinearRing>
                </outerBoundaryIs>
            </Polygon>
        </Placemark>
        <Placemark id="1645208">
            <name>Parcel_178917</name>
            <styleUrl>#1645213</styleUrl>
            <Polygon id="1645207">
                <outerBoundaryIs>
                    <LinearRing id="1645211">
                        <coordinates>-78.95405757186636,33.630692921715884,0.0 -78.95421552589957,33.630580073922175,0.0 -78.95429671896713,33.6305862295379,0.0 -78.95443001932011,33.630716629065404,0.0 -78.95427541158503,33.630826948466044,0.0 -78.95418846540082,33.63082086261765,0.0 -78.95405757186636,33.630692921715884,0.0</coordinates>
                    </LinearRing>
                </outerBoundaryIs>
            </Polygon>
        </Placemark>
        <Placemark id="1645217">
            <name>Parcel_178918</name>
            <styleUrl>#1645222</styleUrl>
            <Polygon id="1645216">
                <outerBoundaryIs>
                    <LinearRing id="1645220">
                        <coordinates>-78.95505074429911,33.63222724792507,0.0 -78.95501059807535,33.63218773824772,0.0 -78.95503065442763,33.632173472242165,0.0 -78.95501058100828,33.63215373092566,0.0 -78.95476941235518,33.63191361825826,0.0 -78.95472755364034,33.63187194341523,0.0 -78.9544719652775,33.63161747409633,0.0 -78.95445359186988,33.63163006319804,0.0 -78.95441347416805,33.63158937133249,0.0 -78.95444606574371,33.63156618618436,0.0 -78.95442760266441,33.631547846001254,0.0 -78.95443011531097,33.6315458257557,0.0 -78.95448273844774,33.63150941873163,0.0 -78.95450281159695,33.63152916013583,0.0 -78.95451200836797,33.631522439578085,0.0 -78.95454571768823,33.63155617951513,0.0 -78.95453569181666,33.631563216459774,0.0 -78.95457343087843,33.63160026742127,0.0 -78.95458262765153,33.631593546858326,0.0 -78.954617138798,33.63162812533359,0.0 -78.95460879128467,33.631633677507196,0.0 -78.95464733154014,33.631671594051454,0.0 -78.95465485712269,33.63166605532466,0.0 -78.95469017726734,33.63170116940091,0.0 -78.95468098439515,33.63170772497993,0.0 -78.95471629221561,33.63174336107183,0.0 -78.9547263102855,33.63173665409637,0.0 -78.95476242317403,33.63177299078804,0.0 -78.95475489758907,33.6317785295213,0.0 -78.95479021782032,33.631813643568364,0.0 -78.95479856858188,33.63180795434023,0.0 -78.95486277274249,33.631872411607716,0.0 -78.95485358376888,33.631878802207574,0.0 -78.95489051416106,33.63191531744998,0.0 -78.95489970703943,33.631908761855605,0.0 -78.95493503128624,33.63194371086874,0.0 -78.9549258423104,33.63195010147391,0.0 -78.95496276495658,33.631986946678005,0.0 -78.9549727908425,33.63197990969912,0.0 -78.9550081034377,33.6320153536665,0.0 -78.95499890665282,33.632022074260696,0.0 -78.95503422253942,33.632057380276365,0.0 -78.95504258177637,33.63205133309889,0.0 -78.95507871508553,33.63208681768939,0.0 -78.95506953064827,33.63209301626544,0.0 -78.9551064651264,33.632129366450314,0.0 -78.95511565801117,33.632122810840045,0.0 -78.95515178293405,33.63215865244029,0.0 -78.95514176939129,33.63216516741017,0.0 -78.95516264334496,33.63218580135526,0.0 -78.95511083747694,33.632222387252455,0.0 -78.95510581998262,33.63222609778715,0.0 -78.95510341719846,33.632223473931944,0.0 -78.95508333594434,33.632204062611066,0.0 -78.95505074429911,33.63222724792507,0.0</coordinates>
                    </LinearRing>
                </outerBoundaryIs>
            </Polygon>
        </Placemark>
        <Placemark id="1645226">
            <name>Parcel_178919</name>
            <styleUrl>#1645231</styleUrl>
            <Polygon id="1645225">
                <outerBoundaryIs>
                    <LinearRing id="1645229">
                        <coordinates>-78.95438627703892,33.63141932587806,0.0 -78.95434373588293,33.63137689097709,0.0 -78.95432451715025,33.631390483458304,0.0 -78.95427717061209,33.63134279898958,0.0 -78.95429388516915,33.631330868825394,0.0 -78.95428426578185,33.63132073037132,0.0 -78.95431183591148,33.6313014207511,0.0 -78.95430301244373,33.63129236789527,0.0 -78.95434144207826,33.631265512018054,0.0 -78.95434947221023,33.6312733701817,0.0 -78.95439625709973,33.63124063304892,0.0 -78.95438904044529,33.6312331184722,0.0 -78.9544333081171,33.63120259360968,0.0 -78.95443972428765,33.63120921552914,0.0 -78.95448232074398,33.63117987248772,0.0 -78.95447348621902,33.63117128666994,0.0 -78.95451441600531,33.63114293341681,0.0 -78.95452324272284,33.63115184921537,0.0 -78.95454078237893,33.63113976852652,0.0 -78.95449984812142,33.631098871047136,0.0 -78.9545106997729,33.631091655664626,0.0 -78.95449624957276,33.6310773405868,0.0 -78.9544862237527,33.631084377527955,0.0 -78.95445332293235,33.63105120024324,0.0 -78.95446334941265,33.63104413535529,0.0 -78.95442401227747,33.631005189052836,0.0 -78.95441398191534,33.631012418027844,0.0 -78.95434977094014,33.6309482896009,0.0 -78.95435895138145,33.63094225697072,0.0 -78.95432282665543,33.63090644217995,0.0 -78.95431362993521,33.630913162724234,0.0 -78.95427831483167,33.6308778555949,0.0 -78.95434513552485,33.63083170459703,0.0 -78.95436117881178,33.63084813498731,0.0 -78.95439459140599,33.63082496345058,0.0 -78.95443390762216,33.630864789719965,0.0 -78.95441553827344,33.6308772138256,0.0 -78.95461836788124,33.63108105200605,0.0 -78.95466724076695,33.631130168656405,0.0 -78.95467314808064,33.63113610477533,0.0 -78.95468734144558,33.6311265527413,0.0 -78.95473308193189,33.63117267083628,0.0 -78.95470634948066,33.63119130713377,0.0 -78.95471517231901,33.63120038791041,0.0 -78.95467339657948,33.631229771678186,0.0 -78.9546661558377,33.63122327411652,0.0 -78.95462521761492,33.63125198445109,0.0 -78.95463244273965,33.63125914198251,0.0 -78.95458733301987,33.63129053237208,0.0 -78.95457929896048,33.631282839215764,0.0 -78.95453669794203,33.63131237432983,0.0 -78.95454554093624,33.631320603111405,0.0 -78.95450294443204,33.63134994617401,0.0 -78.95449571086166,33.63134314566664,0.0 -78.9544539310528,33.631372695253,0.0 -78.95446195341744,33.631380882491285,0.0 -78.95441851412289,33.63141111802744,0.0 -78.9544104963255,33.63140273784514,0.0 -78.95438627703892,33.63141932587806,0.0</coordinates>
                    </LinearRing>
                </outerBoundaryIs>
            </Polygon>
        </Placemark>
        <Placemark id="1645235">
            <name>Parcel_178920</name>
            <styleUrl>#1645240</styleUrl>
            <Polygon id="1645234">
                <outerBoundaryIs>
                    <LinearRing id="1645238">
                        <coordinates>-78.95438627703892,33.63141932587806,0.0 -78.95434373588293,33.63137689097709,0.0 -78.95432451715025,33.631390483458304,0.0 -78.95427717061209,33.63134279898958,0.0 -78.95429388516915,33.631330868825394,0.0 -78.95428426578185,33.63132073037132,0.0 -78.95431183591148,33.6313014207511,0.0 -78.95430301244373,33.63129236789527,0.0 -78.95434144207826,33.631265512018054,0.0 -78.95434947221023,33.6312733701817,0.0 -78.95439625709973,33.63124063304892,0.0 -78.95438904044529,33.6312331184722,0.0 -78.9544333081171,33.63120259360968,0.0 -78.95443972428765,33.63120921552914,0.0 -78.95448232074398,33.63117987248772,0.0 -78.95447348621902,33.63117128666994,0.0 -78.95451441600531,33.63114293341681,0.0 -78.95452324272284,33.63115184921537,0.0 -78.95454078237893,33.63113976852652,0.0 -78.95449984812142,33.631098871047136,0.0 -78.9545106997729,33.631091655664626,0.0 -78.95449624957276,33.6310773405868,0.0 -78.9544862237527,33.631084377527955,0.0 -78.95445332293235,33.63105120024324,0.0 -78.95446334941265,33.63104413535529,0.0 -78.95442401227747,33.631005189052836,0.0 -78.95441398191534,33.631012418027844,0.0 -78.95434977094014,33.6309482896009,0.0 -78.95435895138145,33.63094225697072,0.0 -78.95432282665543,33.63090644217995,0.0 -78.95431362993521,33.630913162724234,0.0 -78.95427831483167,33.6308778555949,0.0 -78.95434513552485,33.63083170459703,0.0 -78.95436117881178,33.63084813498731,0.0 -78.95439459140599,33.63082496345058,0.0 -78.95443390762216,33.630864789719965,0.0 -78.95441553827344,33.6308772138256,0.0 -78.95461836788124,33.63108105200605,0.0 -78.95466724076695,33.631130168656405,0.0 -78.95467314808064,33.63113610477533,0.0 -78.95468734144558,33.6311265527413,0.0 -78.95473308193189,33.63117267083628,0.0 -78.95470634948066,33.63119130713377,0.0 -78.95471517231901,33.63120038791041,0.0 -78.95467339657948,33.631229771678186,0.0 -78.9546661558377,33.63122327411652,0.0 -78.95462521761492,33.63125198445109,0.0 -78.95463244273965,33.63125914198251,0.0 -78.95458733301987,33.63129053237208,0.0 -78.95457929896048,33.631282839215764,0.0 -78.95453669794203,33.63131237432983,0.0 -78.95454554093624,33.631320603111405,0.0 -78.95450294443204,33.63134994617401,0.0 -78.95449571086166,33.63134314566664,0.0 -78.9544539310528,33.631372695253,0.0 -78.95446195341744,33.631380882491285,0.0 -78.95441851412289,33.63141111802744,0.0 -78.9544104963255,33.63140273784514,0.0 -78.95438627703892,33.63141932587806,0.0</coordinates>
                    </LinearRing>
                </outerBoundaryIs>
            </Polygon>
        </Placemark>
        <Placemark id="1645244">
            <name>Parcel_178921</name>
            <styleUrl>#1645249</styleUrl>
            <Polygon id="1645243">
                <outerBoundaryIs>
                    <LinearRing id="1645247">
                        <coordinates>-78.9540046205328,33.631229171048915,0.0 -78.95396445444337,33.63119054008047,0.0 -78.95392511031706,33.63115189565419,0.0 -78.95388576558567,33.63111327826301,0.0 -78.95384642088943,33.63107466085906,0.0 -78.9538062594884,33.63103583779863,0.0 -78.95380657539074,33.6310335611025,0.0 -78.95381117906015,33.63100155506346,0.0 -78.95381213825965,33.63099574256298,0.0 -78.95381527736413,33.63096725782235,0.0 -78.95382029057797,33.63092901888917,0.0 -78.95401501538616,33.63079000338394,0.0 -78.95399893965319,33.63077494697885,0.0 -78.95404740339896,33.630740698159194,0.0 -78.95407388783465,33.630767253615,0.0 -78.95409811156509,33.63075047270042,0.0 -78.95414628677375,33.63079784086021,0.0 -78.95412038014096,33.63081629859412,0.0 -78.95412760454735,33.63082348320333,0.0 -78.95408331289082,33.630855024956894,0.0 -78.9540760839402,33.63084803238477,0.0 -78.95403513334331,33.63087726454875,0.0 -78.95404154879766,33.630883914438684,0.0 -78.95399975347704,33.63091412203761,0.0 -78.95399171884338,33.6309064567921,0.0 -78.95395075647417,33.63093618390333,0.0 -78.95395718889233,33.63094211702981,0.0 -78.95391372554748,33.630973370290846,0.0 -78.95390487876479,33.630965305553865,0.0 -78.95388230920258,33.63098161956329,0.0 -78.95384616905662,33.63094646369904,0.0 -78.95383705363174,33.631019165768485,0.0 -78.95388134221828,33.63098776114641,0.0 -78.95390301668353,33.63100926182011,0.0 -78.95391305099346,33.631001867894724,0.0 -78.95394919187271,33.63103699488809,0.0 -78.95393833170883,33.63104456815441,0.0 -78.95397608264439,33.631081097277985,0.0 -78.95398443795563,33.631075215163015,0.0 -78.95401574808076,33.63110616637767,0.0 -78.95400572221824,33.63111320327981,0.0 -78.95404748598644,33.631153757493855,0.0 -78.95405584911022,33.63114754539046,0.0 -78.95409199399217,33.63118250825108,0.0 -78.95408196358167,33.63118973719897,0.0 -78.95411568169484,33.63122309317575,0.0 -78.95412486610809,33.63121689466978,0.0 -78.9541617998147,33.631253245141856,0.0 -78.9541534444983,33.631259127268635,0.0 -78.95417512757066,33.63128026996065,0.0 -78.95416510106077,33.63128733392334,0.0 -78.95418197868169,33.63130322886635,0.0 -78.95412432179816,33.631344033273855,0.0 -78.95408330567574,33.63130659868275,0.0 -78.95404396146482,33.6312679533934,0.0 -78.9540046205328,33.631229171048915,0.0</coordinates>
                    </LinearRing>
                </outerBoundaryIs>
            </Polygon>
        </Placemark>
        <Placemark id="1645253">
            <name>Parcel_178922</name>
            <styleUrl>#1645258</styleUrl>
            <Polygon id="1645252">
                <outerBoundaryIs>
                    <LinearRing id="1645256">
                        <coordinates>-78.9540046205328,33.631229171048915,0.0 -78.95396445444337,33.63119054008047,0.0 -78.95392511031706,33.63115189565419,0.0 -78.95388576558567,33.63111327826301,0.0 -78.95384642088943,33.63107466085906,0.0 -78.9538062594884,33.63103583779863,0.0 -78.95380657539074,33.6310335611025,0.0 -78.95381117906015,33.63100155506346,0.0 -78.95381213825965,33.63099574256298,0.0 -78.95381527736413,33.63096725782235,0.0 -78.95382029057797,33.63092901888917,0.0 -78.95401501538616,33.63079000338394,0.0 -78.95399893965319,33.63077494697885,0.0 -78.95404740339896,33.630740698159194,0.0 -78.95407388783465,33.630767253615,0.0 -78.95409811156509,33.63075047270042,0.0 -78.95414628677375,33.63079784086021,0.0 -78.95412038014096,33.63081629859412,0.0 -78.95412760454735,33.63082348320333,0.0 -78.95408331289082,33.630855024956894,0.0 -78.9540760839402,33.63084803238477,0.0 -78.95403513334331,33.63087726454875,0.0 -78.95404154879766,33.630883914438684,0.0 -78.95399975347704,33.63091412203761,0.0 -78.95399171884338,33.6309064567921,0.0 -78.95395075647417,33.63093618390333,0.0 -78.95395718889233,33.63094211702981,0.0 -78.95391372554748,33.630973370290846,0.0 -78.95390487876479,33.630965305553865,0.0 -78.95388230920258,33.63098161956329,0.0 -78.95384616905662,33.63094646369904,0.0 -78.95383705363174,33.631019165768485,0.0 -78.95388134221828,33.63098776114641,0.0 -78.95390301668353,33.63100926182011,0.0 -78.95391305099346,33.631001867894724,0.0 -78.95394919187271,33.63103699488809,0.0 -78.95393833170883,33.63104456815441,0.0 -78.95397608264439,33.631081097277985,0.0 -78.95398443795563,33.631075215163015,0.0 -78.95401574808076,33.63110616637767,0.0 -78.95400572221824,33.63111320327981,0.0 -78.95404748598644,33.631153757493855,0.0 -78.95405584911022,33.63114754539046,0.0 -78.95409199399217,33.63118250825108,0.0 -78.95408196358167,33.63118973719897,0.0 -78.95411568169484,33.63122309317575,0.0 -78.95412486610809,33.63121689466978,0.0 -78.9541617998147,33.631253245141856,0.0 -78.9541534444983,33.631259127268635,0.0 -78.95417512757066,33.63128026996065,0.0 -78.95416510106077,33.63128733392334,0.0 -78.95418197868169,33.63130322886635,0.0 -78.95412432179816,33.631344033273855,0.0 -78.95408330567574,33.63130659868275,0.0 -78.95404396146482,33.6312679533934,0.0 -78.9540046205328,33.631229171048915,0.0</coordinates>
                    </LinearRing>
                </outerBoundaryIs>
            </Polygon>
        </Placemark>
        <Placemark id="1645262">
            <name>Parcel_178923</name>
            <styleUrl>#1645267</styleUrl>
            <Polygon id="1645261">
                <outerBoundaryIs>
                    <LinearRing id="1645265">
                        <coordinates>-78.95505074429911,33.63222724792507,0.0 -78.95501059807535,33.63218773824772,0.0 -78.95503065442763,33.632173472242165,0.0 -78.95501058100828,33.63215373092566,0.0 -78.95476941235518,33.63191361825826,0.0 -78.95472755364034,33.63187194341523,0.0 -78.9544719652775,33.63161747409633,0.0 -78.95445359186988,33.63163006319804,0.0 -78.95441347416805,33.63158937133249,0.0 -78.95444606574371,33.63156618618436,0.0 -78.95442760266441,33.631547846001254,0.0 -78.95443011531097,33.6315458257557,0.0 -78.95448273844774,33.63150941873163,0.0 -78.95450281159695,33.63152916013583,0.0 -78.95451200836797,33.631522439578085,0.0 -78.95454571768823,33.63155617951513,0.0 -78.95453569181666,33.631563216459774,0.0 -78.95457343087843,33.63160026742127,0.0 -78.95458262765153,33.631593546858326,0.0 -78.954617138798,33.63162812533359,0.0 -78.95460879128467,33.631633677507196,0.0 -78.95464733154014,33.631671594051454,0.0 -78.95465485712269,33.63166605532466,0.0 -78.95469017726734,33.63170116940091,0.0 -78.95468098439515,33.63170772497993,0.0 -78.95471629221561,33.63174336107183,0.0 -78.9547263102855,33.63173665409637,0.0 -78.95476242317403,33.63177299078804,0.0 -78.95475489758907,33.6317785295213,0.0 -78.95479021782032,33.631813643568364,0.0 -78.95479856858188,33.63180795434023,0.0 -78.95486277274249,33.631872411607716,0.0 -78.95485358376888,33.631878802207574,0.0 -78.95489051416106,33.63191531744998,0.0 -78.95489970703943,33.631908761855605,0.0 -78.95493503128624,33.63194371086874,0.0 -78.9549258423104,33.63195010147391,0.0 -78.95496276495658,33.631986946678005,0.0 -78.9549727908425,33.63197990969912,0.0 -78.9550081034377,33.6320153536665,0.0 -78.95499890665282,33.632022074260696,0.0 -78.95503422253942,33.632057380276365,0.0 -78.95504258177637,33.63205133309889,0.0 -78.95507871508553,33.63208681768939,0.0 -78.95506953064827,33.63209301626544,0.0 -78.9551064651264,33.632129366450314,0.0 -78.95511565801117,33.632122810840045,0.0 -78.95515178293405,33.63215865244029,0.0 -78.95514176939129,33.63216516741017,0.0 -78.95516264334496,33.63218580135526,0.0 -78.95511083747694,33.632222387252455,0.0 -78.95510581998262,33.63222609778715,0.0 -78.95510341719846,33.632223473931944,0.0 -78.95508333594434,33.632204062611066,0.0 -78.95505074429911,33.63222724792507,0.0</coordinates>
                    </LinearRing>
                </outerBoundaryIs>
            </Polygon>
        </Placemark>
        <Placemark id="1645271">
            <name>Parcel_178924</name>
            <styleUrl>#1645276</styleUrl>
            <Polygon id="1645270">
                <outerBoundaryIs>
                    <LinearRing id="1645274">
                        <coordinates>-78.95797370219431,33.63211663648468,0.0 -78.95811845381772,33.6319941122149,0.0 -78.95813857642524,33.632011799192966,0.0 -78.95822950960766,33.632092683483876,0.0 -78.95808392036206,33.63221647840954,0.0 -78.95807215981401,33.63220703815145,0.0 -78.95802962273393,33.63216716886451,0.0 -78.95797370219431,33.63211663648468,0.0</coordinates>
                    </LinearRing>
                </outerBoundaryIs>
            </Polygon>
        </Placemark>
        <Placemark id="1645280">
            <name>Parcel_178925</name>
            <styleUrl>#1645285</styleUrl>
            <Polygon id="1645279">
                <outerBoundaryIs>
                    <LinearRing id="1645283">
                        <coordinates>-78.95822877663151,33.632283572108825,0.0 -78.95824503235377,33.63227735668914,0.0 -78.95826049466875,33.63226985550635,0.0 -78.95827501740185,33.632261140104404,0.0 -78.9582884649653,33.63225129031994,0.0 -78.95831774391013,33.632228402076464,0.0 -78.95835163362435,33.632200847591676,0.0 -78.958494296755,33.63232661337353,0.0 -78.95849085665311,33.63232951130067,0.0 -78.95832077062738,33.63247271473459,0.0 -78.95822877663151,33.632283572108825,0.0</coordinates>
                    </LinearRing>
                </outerBoundaryIs>
            </Polygon>
        </Placemark>
        <Placemark id="1645289">
            <name>Parcel_178926</name>
            <styleUrl>#1645294</styleUrl>
            <Polygon id="1645288">
                <outerBoundaryIs>
                    <LinearRing id="1645292">
                        <coordinates>-78.96235204892042,33.630837357861665,0.0 -78.96308191537312,33.63065757532587,0.0 -78.96316516832759,33.63089408104709,0.0 -78.96324689863259,33.631123109708845,0.0 -78.96329948350125,33.631270467254765,0.0 -78.96261021045983,33.631440250623506,0.0 -78.96256793891658,33.63145066270717,0.0 -78.96254473538102,33.631384747267106,0.0 -78.96235204892042,33.630837357861665,0.0</coordinates>
                    </LinearRing>
                </outerBoundaryIs>
            </Polygon>
        </Placemark>
        <Placemark id="1645298">
            <name>Parcel_178927</name>
            <styleUrl>#1645303</styleUrl>
            <Polygon id="1645297">
                <outerBoundaryIs>
                    <LinearRing id="1645301">
                        <coordinates>-78.95718180492155,33.634342194716154,0.0 -78.957330740732,33.63421780133544,0.0 -78.9579665705952,33.63475140103934,0.0 -78.95806023769029,33.63483000625066,0.0 -78.95808255752918,33.6348487370127,0.0 -78.95793821207883,33.63496883452879,0.0 -78.95791540338908,33.63494993781944,0.0 -78.9578214772109,33.634872121028096,0.0 -78.95718180492155,33.634342194716154,0.0</coordinates>
                    </LinearRing>
                </outerBoundaryIs>
            </Polygon>
        </Placemark>
        <Placemark id="1645307">
            <name>Parcel_178928</name>
            <styleUrl>#1645312</styleUrl>
            <Polygon id="1645306">
                <outerBoundaryIs>
                    <LinearRing id="1645310">
                        <coordinates>-79.0270537759723,33.9005222612078,0.0 -79.02705518329525,33.90050576731703,0.0 -79.02705420514579,33.90048925168191,0.0 -79.02705085333332,33.90047295439283,0.0 -79.02704517981573,33.90045710986618,0.0 -79.02703726368331,33.90044194844058,0.0 -79.02702722211563,33.900427690238416,0.0 -79.02701519751011,33.900414540451344,0.0 -79.02700136719217,33.90040269039686,0.0 -79.02698592948333,33.90039231188514,0.0 -79.02696910916958,33.90038355460062,0.0 -79.02695114777029,33.900376545946855,0.0 -79.02693230796626,33.900371386607866,0.0 -79.0269128606052,33.90036815124306,0.0 -79.0268930879657,33.90036688763723,0.0 -79.02687327733233,33.90036761389287,0.0 -79.02685371448774,33.90037031922813,0.0 -79.02683468263196,33.9003749639598,0.0 -79.0268164579954,33.90038148213905,0.0 -79.02728363030599,33.90007606532602,0.0 -79.02746031976443,33.89996055274426,0.0 -79.02764329260573,33.90012274050903,0.0 -79.02810598304876,33.90053286761899,0.0 -79.0280342131973,33.90060122334552,0.0 -79.02791069241383,33.900531503317396,0.0 -79.0278799965257,33.90051990355401,0.0 -79.02784854478602,33.900509808731464,0.0 -79.02781644459009,33.900501252124315,0.0 -79.02778380235488,33.900494262482525,0.0 -79.02775072892527,33.900488864116916,0.0 -79.02771733639219,33.90048507414334,0.0 -79.02768373586855,33.900482905152636,0.0 -79.02762082173817,33.900481186819086,0.0 -79.02755787514529,33.90048135919826,0.0 -79.02749497609359,33.90048342356366,0.0 -79.02743220793367,33.90048737673265,0.0 -79.0273696508344,33.9004932127666,0.0 -79.0270537759723,33.9005222612078,0.0</coordinates>
                    </LinearRing>
                </outerBoundaryIs>
            </Polygon>
        </Placemark>
        <Placemark id="1645316">
            <name>Parcel_178929</name>
            <styleUrl>#1645321</styleUrl>
            <Polygon id="1645315">
                <outerBoundaryIs>
                    <LinearRing id="1645319">
                        <coordinates>-78.67905315370419,33.847924064113734,0.0 -78.67987680553456,33.847419749797155,0.0 -78.68057339638996,33.848422907088214,0.0 -78.67994008627407,33.8488373360894,0.0 -78.68035728861469,33.84932499347963,0.0 -78.68011791787147,33.84948747377313,0.0 -78.67905315370419,33.847924064113734,0.0</coordinates>
                    </LinearRing>
                </outerBoundaryIs>
            </Polygon>
        </Placemark>
        <Placemark id="1645325">
            <name>Parcel_178930</name>
            <styleUrl>#1645330</styleUrl>
            <Polygon id="1645324">
                <outerBoundaryIs>
                    <LinearRing id="1645328">
                        <coordinates>-78.67887431915084,33.849561084163625,0.0 -78.67941999577067,33.84921195306758,0.0 -78.6797596815876,33.8497108099442,0.0 -78.67929623429002,33.85001011488448,0.0 -78.67921197634587,33.850056967726864,0.0 -78.67887431915084,33.849561084163625,0.0</coordinates>
                    </LinearRing>
                </outerBoundaryIs>
            </Polygon>
        </Placemark>
        <Placemark id="1645334">
            <name>Parcel_178931</name>
            <styleUrl>#1645339</styleUrl>
            <Polygon id="1645333">
                <outerBoundaryIs>
                    <LinearRing id="1645337">
                        <coordinates>-78.64775326274021,33.84939964413793,0.0 -78.6480826266596,33.849394980366725,0.0 -78.64814507009122,33.84993447196326,0.0 -78.64786044162467,33.84994689738913,0.0 -78.6477935840862,33.84995181415599,0.0 -78.64775326274021,33.84939964413793,0.0</coordinates>
                    </LinearRing>
                </outerBoundaryIs>
            </Polygon>
        </Placemark>
        <Placemark id="1645343">
            <name>Parcel_178932</name>
            <styleUrl>#1645348</styleUrl>
            <Polygon id="1645342">
                <outerBoundaryIs>
                    <LinearRing id="1645346">
                        <coordinates>-79.0252551349223,33.630971258862715,0.0 -79.02553459053813,33.6303807574722,0.0 -79.02552333259547,33.63022958440957,0.0 -79.02575754756094,33.630217378001056,0.0 -79.02576658374291,33.63033871465999,0.0 -79.02599113569414,33.63052473238689,0.0 -79.02535949007144,33.63105822221132,0.0 -79.0252551349223,33.630971258862715,0.0</coordinates>
                    </LinearRing>
                </outerBoundaryIs>
            </Polygon>
        </Placemark>
        <Placemark id="1645352">
            <name>Parcel_178933</name>
            <styleUrl>#1645357</styleUrl>
            <Polygon id="1645351">
                <outerBoundaryIs>
                    <LinearRing id="1645355">
                        <coordinates>-79.02446447884913,33.63181569983995,0.0 -79.02467521439158,33.63164048823504,0.0 -79.0249259535584,33.63185569563767,0.0 -79.02471738923566,33.63202936399468,0.0 -79.02446447884913,33.63181569983995,0.0</coordinates>
                    </LinearRing>
                </outerBoundaryIs>
            </Polygon>
        </Placemark>
        <Placemark id="1645361">
            <name>Parcel_178934</name>
            <styleUrl>#1645366</styleUrl>
            <Polygon id="1645360">
                <outerBoundaryIs>
                    <LinearRing id="1645364">
                        <coordinates>-79.16468241155921,33.76906078153951,0.0 -79.16546313135922,33.76899473621866,0.0 -79.1655454247619,33.769107668282786,0.0 -79.16509436420318,33.76959897427197,0.0 -79.16477763654255,33.76962377696942,0.0 -79.16473029134929,33.769233496099176,0.0 -79.16471996117902,33.76919483929484,0.0 -79.16468241155921,33.76906078153951,0.0</coordinates>
                    </LinearRing>
                </outerBoundaryIs>
            </Polygon>
        </Placemark>
        <Placemark id="1645370">
            <name>Parcel_178935</name>
            <styleUrl>#1645375</styleUrl>
            <Polygon id="1645369">
                <outerBoundaryIs>
                    <LinearRing id="1645373">
                        <coordinates>-79.16641348228359,33.76937615185448,0.0 -79.16648492108028,33.76934456468896,0.0 -79.1666993909425,33.769242766858035,0.0 -79.16732699405038,33.76968141874512,0.0 -79.16718076187668,33.76975605245156,0.0 -79.1670466402103,33.76982450705186,0.0 -79.16704654124574,33.769824437943946,0.0 -79.16641348228359,33.76937615185448,0.0</coordinates>
                    </LinearRing>
                </outerBoundaryIs>
            </Polygon>
        </Placemark>
        <Placemark id="1645379">
            <name>Parcel_178936</name>
            <styleUrl>#1645384</styleUrl>
            <Polygon id="1645378">
                <outerBoundaryIs>
                    <LinearRing id="1645382">
                        <coordinates>-79.16373757029397,33.76921482818843,0.0 -79.16397990725126,33.768963628027564,0.0 -79.16397992903435,33.76896361933189,0.0 -79.16397994320302,33.76896361322893,0.0 -79.1644333967494,33.768766589079874,0.0 -79.16444915416804,33.768799465929774,0.0 -79.16444493982092,33.768804214104485,0.0 -79.16444236857085,33.768808986654165,0.0 -79.16443897318858,33.76881391923931,0.0 -79.16443639461258,33.768819036203034,0.0 -79.16443381713498,33.76882415228107,0.0 -79.16443206340347,33.76882927877549,0.0 -79.16442948224345,33.76883456796218,0.0 -79.16442771900786,33.76884003974031,0.0 -79.16442678426081,33.76884534974378,0.0 -79.16442584467552,33.7688508364464,0.0 -79.16442490514765,33.768856320444115,0.0 -79.16442396455928,33.76886180352424,0.0 -79.16442384766003,33.768867299725635,0.0 -79.16442373074158,33.768872796828624,0.0 -79.16442361019878,33.76887846433549,0.0 -79.16442431700804,33.76888397275654,0.0 -79.16442502275703,33.768889480259986,0.0 -79.16442573211127,33.76889481826112,0.0 -79.16442726047042,33.76890033886979,0.0 -79.1644287914129,33.76890568725529,0.0 -79.16443032451468,33.76891103567286,0.0 -79.16443185545754,33.76891638405833,0.0 -79.1644342173965,33.768921402052456,0.0 -79.16443739830251,33.76892660445717,0.0 -79.16443976024206,33.768931622451156,0.0 -79.16444294847409,33.76893648044155,0.0 -79.16444613670647,33.76894133843184,0.0 -79.16444932966222,33.76894602513257,0.0 -79.16445334420678,33.768950722217475,0.0 -79.16445736495913,33.768955076675276,0.0 -79.1644613878518,33.76895943206652,0.0 -79.16446541330878,33.76896361613618,0.0 -79.16447026509691,33.76896763839875,0.0 -79.16447512158928,33.76897149027326,0.0 -79.16447997848685,33.76897517079401,0.0 -79.16448484226687,33.76897868005719,0.0 -79.16449053131781,33.76898202659538,0.0 -79.16449540240458,33.76898519234556,0.0 -79.16456449283147,33.769257506429135,0.0 -79.16458483698885,33.76946174858382,0.0 -79.16373775378771,33.76921488322132,0.0 -79.16373757029397,33.76921482818843,0.0</coordinates>
                    </LinearRing>
                </outerBoundaryIs>
            </Polygon>
        </Placemark>
        <Placemark id="1645388">
            <name>Parcel_178937</name>
            <styleUrl>#1645393</styleUrl>
            <Polygon id="1645387">
                <outerBoundaryIs>
                    <LinearRing id="1645391">
                        <coordinates>-79.01213426615669,33.85549311316489,0.0 -79.0125937178821,33.855355024182835,0.0 -79.01264669943188,33.85558515101057,0.0 -79.01221555125612,33.85571380510368,0.0 -79.01213426615669,33.85549311316489,0.0</coordinates>
                    </LinearRing>
                </outerBoundaryIs>
            </Polygon>
        </Placemark>
        <Placemark id="1645397">
            <name>Parcel_178938</name>
            <styleUrl>#1645402</styleUrl>
            <Polygon id="1645396">
                <outerBoundaryIs>
                    <LinearRing id="1645400">
                        <coordinates>-79.01221555125612,33.85571380510368,0.0 -79.01264669943188,33.85558515101057,0.0 -79.01270929234249,33.85585702947622,0.0 -79.01229288238605,33.85592375952244,0.0 -79.01221555125612,33.85571380510368,0.0</coordinates>
                    </LinearRing>
                </outerBoundaryIs>
            </Polygon>
        </Placemark>
        <Placemark id="1645406">
            <name>Parcel_178939</name>
            <styleUrl>#1645411</styleUrl>
            <Polygon id="1645405">
                <outerBoundaryIs>
                    <LinearRing id="1645409">
                        <coordinates>-79.01094095669272,33.85465576496301,0.0 -79.01146737398074,33.85447026577391,0.0 -79.01158584127425,33.85467510450354,0.0 -79.01105445402354,33.85486255276949,0.0 -79.01105444363343,33.85486253456459,0.0 -79.01094095669272,33.85465576496301,0.0</coordinates>
                    </LinearRing>
                </outerBoundaryIs>
            </Polygon>
        </Placemark>
        <Placemark id="1645415">
            <name>Parcel_178940</name>
            <styleUrl>#1645420</styleUrl>
            <Polygon id="1645414">
                <outerBoundaryIs>
                    <LinearRing id="1645418">
                        <coordinates>-79.01189030188168,33.854887061265224,0.0 -79.01201456108934,33.85483567947367,0.0 -79.01206869626597,33.85492680701196,0.0 -79.0119377443553,33.85498095669206,0.0 -79.01193772978803,33.8549809321069,0.0 -79.01191468826741,33.85493375991054,0.0 -79.01189030188168,33.854887061265224,0.0</coordinates>
                    </LinearRing>
                </outerBoundaryIs>
            </Polygon>
        </Placemark>
        <Placemark id="1645424">
            <name>Parcel_178941</name>
            <styleUrl>#1645429</styleUrl>
            <Polygon id="1645423">
                <outerBoundaryIs>
                    <LinearRing id="1645427">
                        <coordinates>-79.01238250244607,33.856274406462276,0.0 -79.01238874490262,33.85625947015041,0.0 -79.01239288765346,33.8562440329589,0.0 -79.01239487512937,33.85622830143328,0.0 -79.01239468091742,33.85621248348886,0.0 -79.0123923077403,33.856196789312165,0.0 -79.01238778647917,33.85618142683574,0.0 -79.01276988116696,33.85612019584195,0.0 -79.01283987223444,33.85642420585501,0.0 -79.01250910625113,33.85648832698834,0.0 -79.01250909351228,33.85648826996423,0.0 -79.01246677740022,33.85630446362576,0.0 -79.01238250244607,33.856274406462276,0.0</coordinates>
                    </LinearRing>
                </outerBoundaryIs>
            </Polygon>
        </Placemark>
        <Placemark id="1645433">
            <name>Parcel_178942</name>
            <styleUrl>#1645438</styleUrl>
            <Polygon id="1645432">
                <outerBoundaryIs>
                    <LinearRing id="1645436">
                        <coordinates>-79.01230234282947,33.854503948711056,0.0 -79.01220203527019,33.85433238555866,0.0 -79.01210158353972,33.8541605755831,0.0 -79.01200048221698,33.85398765386526,0.0 -79.0116164602643,33.85333082076825,0.0 -79.01166307307909,33.853300899937246,0.0 -79.01169178479259,33.85334826514857,0.0 -79.01192652492952,33.85373551906157,0.0 -79.01220047903576,33.85360762079911,0.0 -79.01206571990943,33.85335426759568,0.0 -79.0119644205277,33.853163820483815,0.0 -79.01249718898067,33.85292135298555,0.0 -79.01264036783765,33.85336348970467,0.0 -79.01308010093445,33.854456437255934,0.0 -79.0129182742195,33.854231867943355,0.0 -79.01227625876503,33.85431777997572,0.0 -79.0124068537126,33.85453254674894,0.0 -79.01232450625346,33.8545418550459,0.0 -79.01230234282947,33.854503948711056,0.0</coordinates>
                    </LinearRing>
                </outerBoundaryIs>
            </Polygon>
        </Placemark>
        <Placemark id="1645442">
            <name>Parcel_178943</name>
            <styleUrl>#1645447</styleUrl>
            <Polygon id="1645441">
                <outerBoundaryIs>
                    <LinearRing id="1645445">
                        <coordinates>-79.01133523178021,33.856308235897366,0.0 -79.01165320577827,33.856283505080604,0.0 -79.0118269557858,33.85626999147491,0.0 -79.01224912681997,33.857039129565976,0.0 -79.01175714001229,33.857077151442866,0.0 -79.01133523178021,33.856308235897366,0.0</coordinates>
                    </LinearRing>
                </outerBoundaryIs>
            </Polygon>
        </Placemark>
        <Placemark id="1645451">
            <name>Parcel_178944</name>
            <styleUrl>#1645456</styleUrl>
            <Polygon id="1645450">
                <outerBoundaryIs>
                    <LinearRing id="1645454">
                        <coordinates>-79.01460904315128,33.85457373031329,0.0 -79.01413857462927,33.852811606521904,0.0 -79.01406187537596,33.8525440660647,0.0 -79.01430160010507,33.852377379178215,0.0 -79.0143119744618,33.852417688222104,0.0 -79.01463739648868,33.85229896502528,0.0 -79.01461605850939,33.85222322314501,0.0 -79.01485625048235,33.85213671899227,0.0 -79.0149451596128,33.8523178604237,0.0 -79.0151440129664,33.852231532821634,0.0 -79.01543178426525,33.85214697425258,0.0 -79.01538005486685,33.85196093096597,0.0 -79.01529179658768,33.85164424093594,0.0 -79.01557967734121,33.8515124728886,0.0 -79.0155989792692,33.851503637778954,0.0 -79.01562811718463,33.85149018920419,0.0 -79.01572110870838,33.85185884028098,0.0 -79.01611307822326,33.85341916214163,0.0 -79.01638502655943,33.85450060885566,0.0 -79.0146165954793,33.854674497167885,0.0 -79.01460904315128,33.85457373031329,0.0</coordinates>
                    </LinearRing>
                </outerBoundaryIs>
            </Polygon>
        </Placemark>
        <Placemark id="1645460">
            <name>Parcel_178945</name>
            <styleUrl>#1645465</styleUrl>
            <Polygon id="1645459">
                <outerBoundaryIs>
                    <LinearRing id="1645463">
                        <coordinates>-79.00643177979622,33.855681458880454,0.0 -79.00677070178018,33.85620011726992,0.0 -79.0063610441847,33.85639837477073,0.0 -79.00635083417032,33.85640331519218,0.0 -79.00635076414483,33.85640321124827,0.0 -79.00599716067165,33.855881497805626,0.0 -79.00599475392266,33.8558787100624,0.0 -79.00599808342679,33.855877216902954,0.0 -79.00643177979622,33.855681458880454,0.0</coordinates>
                    </LinearRing>
                </outerBoundaryIs>
            </Polygon>
        </Placemark>
        <Placemark id="1645469">
            <name>Parcel_178946</name>
            <styleUrl>#1645474</styleUrl>
            <Polygon id="1645468">
                <outerBoundaryIs>
                    <LinearRing id="1645472">
                        <coordinates>-79.0116164602643,33.85333082076825,0.0 -79.01200048221698,33.85398765386526,0.0 -79.01149261130055,33.85419767539893,0.0 -79.01146999285382,33.85415856658047,0.0 -79.01146260054833,33.85414358636676,0.0 -79.01145737160259,33.854127985203846,0.0 -79.0114543799505,33.8541119789316,0.0 -79.01145366694115,33.85409579008173,0.0 -79.01145524252388,33.85407964338749,0.0 -79.01145908422986,33.854063763061426,0.0 -79.01146513829438,33.854048371009775,0.0 -79.011473321964,33.854033680556064,0.0 -79.01148352135584,33.85401989550506,0.0 -79.01149559368149,33.85400720747243,0.0 -79.01150937165242,33.8539957923484,0.0 -79.01152466348015,33.85398581029729,0.0 -79.01154519094418,33.85397295406492,0.0 -79.0115644564442,33.853958804084414,0.0 -79.01158234235952,33.8539434450506,0.0 -79.01159874166777,33.853926970847354,0.0 -79.0116135526042,33.8539094817564,0.0 -79.01162668732758,33.853891083694315,0.0 -79.01163654817346,33.853874680388,0.0 -79.0116450739201,33.85385776411119,0.0 -79.01165222822154,33.85384041094219,0.0 -79.01165916386455,33.8538183364171,0.0 -79.01166388087248,33.85379585829846,0.0 -79.01166634649437,33.85377313118773,0.0 -79.01166654414702,33.853750311749586,0.0 -79.01166447129484,33.85372755687415,0.0 -79.0116601437518,33.85370502464781,0.0 -79.01165359148328,33.853682868874664,0.0 -79.01164485742194,33.85366124356676,0.0 -79.01163400409646,33.85364029673736,0.0 -79.01148866921746,33.85338899808833,0.0 -79.0116164602643,33.85333082076825,0.0</coordinates>
                    </LinearRing>
                </outerBoundaryIs>
            </Polygon>
        </Placemark>
        <Placemark id="1645478">
            <name>Parcel_178947</name>
            <styleUrl>#1645483</styleUrl>
            <Polygon id="1645477">
                <outerBoundaryIs>
                    <LinearRing id="1645481">
                        <coordinates>-79.0107352229583,33.854280923498045,0.0 -79.0111804302795,33.85412335090471,0.0 -79.01119356289128,33.854133682016375,0.0 -79.0112079709951,33.854142752005835,0.0 -79.01122348196625,33.8541504525785,0.0 -79.01123990983815,33.854156691459615,0.0 -79.01125705746371,33.85416139242922,0.0 -79.01127033232198,33.85416541701723,0.0 -79.01128258876312,33.85417127414883,0.0 -79.0112934642688,33.854178792955594,0.0 -79.01130264072984,33.85418775187374,0.0 -79.01130984642019,33.85419788679321,0.0 -79.01136286625498,33.85428956315643,0.0 -79.01084083193648,33.85447334201239,0.0 -79.0107352229583,33.854280923498045,0.0</coordinates>
                    </LinearRing>
                </outerBoundaryIs>
            </Polygon>
        </Placemark>
        <Placemark id="1645487">
            <name>Parcel_178948</name>
            <styleUrl>#1645492</styleUrl>
            <Polygon id="1645486">
                <outerBoundaryIs>
                    <LinearRing id="1645490">
                        <coordinates>-78.861901120696,33.85187272365069,0.0 -78.86542839907297,33.84334321785754,0.0 -78.86600265993656,33.843444150274884,0.0 -78.86600145334972,33.843449272279656,0.0 -78.86588986872974,33.84392306259548,0.0 -78.86606008789009,33.843959127319,0.0 -78.8660652018787,33.84396021026872,0.0 -78.8661433566581,33.8439767698074,0.0 -78.86629226634952,33.84400831905344,0.0 -78.86664183345867,33.84408238120543,0.0 -78.86664376807133,33.84407483202094,0.0 -78.86676499329579,33.84360166626104,0.0 -78.86731398987203,33.84371838392258,0.0 -78.86663113949498,33.84434037036744,0.0 -78.86652411907455,33.844437849736636,0.0 -78.86472320016883,33.84766559779037,0.0 -78.86423389320474,33.848564240175634,0.0 -78.86373460834726,33.849493899888095,0.0 -78.86315474930808,33.85056223497675,0.0 -78.86236635376997,33.85191513137588,0.0 -78.861901120696,33.85187272365069,0.0</coordinates>
                    </LinearRing>
                </outerBoundaryIs>
            </Polygon>
        </Placemark>
        <Placemark id="1645496">
            <name>Parcel_178949</name>
            <styleUrl>#1645501</styleUrl>
            <Polygon id="1645495">
                <outerBoundaryIs>
                    <LinearRing id="1645499">
                        <coordinates>-79.17915380291146,34.02293926233705,0.0 -79.17939074890042,34.02226398346811,0.0 -79.17996185731847,34.022394000049594,0.0 -79.17969789888245,34.02305837011301,0.0 -79.17915380291146,34.02293926233705,0.0</coordinates>
                    </LinearRing>
                </outerBoundaryIs>
            </Polygon>
        </Placemark>
        <Placemark id="1645505">
            <name>Parcel_178950</name>
            <styleUrl>#1645510</styleUrl>
            <Polygon id="1645504">
                <outerBoundaryIs>
                    <LinearRing id="1645508">
                        <coordinates>-79.17800580657729,34.02262506739183,0.0 -79.17801482333658,34.02260204780008,0.0 -79.1791428339807,34.019722105740556,0.0 -79.17968394795002,34.01997767869114,0.0 -79.18012214562575,34.020184182555894,0.0 -79.17939074890042,34.02226398346811,0.0 -79.17915380291146,34.02293926233705,0.0 -79.17800580657729,34.02262506739183,0.0</coordinates>
                    </LinearRing>
                </outerBoundaryIs>
            </Polygon>
        </Placemark>
        <Placemark id="1645514">
            <name>Parcel_178951</name>
            <styleUrl>#1645519</styleUrl>
            <Polygon id="1645513">
                <outerBoundaryIs>
                    <LinearRing id="1645517">
                        <coordinates>-79.18254125221218,34.021298216350615,0.0 -79.18202350719888,34.02103808622001,0.0 -79.18169884455095,34.02089228341627,0.0 -79.18129289736196,34.02070997441242,0.0 -79.18012214562575,34.020184182555894,0.0 -79.17968394795002,34.01997767869114,0.0 -79.17978191315946,34.01991052002586,0.0 -79.18117454858496,34.01895580202218,0.0 -79.18216938230007,34.01827407322227,0.0 -79.18467305180177,34.018244751055434,0.0 -79.18716229592204,34.018129470625766,0.0 -79.18598149928044,34.01926044653018,0.0 -79.18342509629565,34.02170918246638,0.0 -79.18254125221218,34.021298216350615,0.0</coordinates>
                    </LinearRing>
                </outerBoundaryIs>
            </Polygon>
        </Placemark>
        <Placemark id="1645523">
            <name>Parcel_178952</name>
            <styleUrl>#1645528</styleUrl>
            <Polygon id="1645522">
                <outerBoundaryIs>
                    <LinearRing id="1645526">
                        <coordinates>-78.75861880668964,33.86927316360411,0.0 -78.75810975172956,33.869223332625594,0.0 -78.7581086453215,33.868819392534334,0.0 -78.75912476262384,33.868948707518854,0.0 -78.75913067823731,33.86932326711378,0.0 -78.75861880668964,33.86927316360411,0.0</coordinates>
                    </LinearRing>
                </outerBoundaryIs>
            </Polygon>
        </Placemark>
        <Placemark id="1645532">
            <name>Parcel_178953</name>
            <styleUrl>#1645537</styleUrl>
            <Polygon id="1645531">
                <outerBoundaryIs>
                    <LinearRing id="1645535">
                        <coordinates>-78.75743474398699,33.870227246571496,0.0 -78.7574441374289,33.86992068460813,0.0 -78.75744566475836,33.869870832079044,0.0 -78.75743072758794,33.86944720651746,0.0 -78.75742531204851,33.86929362924894,0.0 -78.75742283814255,33.86926013317814,0.0 -78.75810971616599,33.86932970989912,0.0 -78.75811081275413,33.869610809588195,0.0 -78.75862493793954,33.869661135426036,0.0 -78.75863104107512,33.87004707192043,0.0 -78.75914290106064,33.87009717327459,0.0 -78.75914332107986,33.8701228158992,0.0 -78.75916483800894,33.87044743922921,0.0 -78.75748360219184,33.87023346515904,0.0 -78.75743474398699,33.870227246571496,0.0</coordinates>
                    </LinearRing>
                </outerBoundaryIs>
            </Polygon>
        </Placemark>
        <Placemark id="1645541">
            <name>Parcel_178954</name>
            <styleUrl>#1645546</styleUrl>
            <Polygon id="1645540">
                <outerBoundaryIs>
                    <LinearRing id="1645544">
                        <coordinates>-78.75862493793954,33.869661135426036,0.0 -78.75861880668964,33.86927316360411,0.0 -78.75913067823731,33.86932326711378,0.0 -78.75913680533341,33.8697112378872,0.0 -78.75862493793954,33.869661135426036,0.0</coordinates>
                    </LinearRing>
                </outerBoundaryIs>
            </Polygon>
        </Placemark>
        <Placemark id="1645550">
            <name>Parcel_178955</name>
            <styleUrl>#1645555</styleUrl>
            <Polygon id="1645549">
                <outerBoundaryIs>
                    <LinearRing id="1645553">
                        <coordinates>-79.05076758774345,33.66354329940412,0.0 -79.05108741725584,33.663290338445975,0.0 -79.05192937346135,33.66262350935767,0.0 -79.0523303088552,33.66301741328629,0.0 -79.05119807208524,33.66387703467734,0.0 -79.05076758774345,33.66354329940412,0.0</coordinates>
                    </LinearRing>
                </outerBoundaryIs>
            </Polygon>
        </Placemark>
        <Placemark id="1645559">
            <name>Parcel_178956</name>
            <styleUrl>#1645564</styleUrl>
            <Polygon id="1645558">
                <outerBoundaryIs>
                    <LinearRing id="1645562">
                        <coordinates>-79.04954227639107,33.663311776017466,0.0 -79.05000830584942,33.66292141666353,0.0 -79.05076758774345,33.66354329940412,0.0 -79.05036867733418,33.663858804377966,0.0 -79.05028904469569,33.663921786901724,0.0 -79.04954227639107,33.663311776017466,0.0</coordinates>
                    </LinearRing>
                </outerBoundaryIs>
            </Polygon>
        </Placemark>
        <Placemark id="1645568">
            <name>Parcel_178957</name>
            <styleUrl>#1645573</styleUrl>
            <Polygon id="1645567">
                <outerBoundaryIs>
                    <LinearRing id="1645571">
                        <coordinates>-78.77359201648177,34.03973189710884,0.0 -78.77352512371799,34.03947761805905,0.0 -78.77394241954225,34.03866469710025,0.0 -78.77430069050637,34.038601192931715,0.0 -78.77458160931505,34.039293996168766,0.0 -78.77465689005138,34.03947935733228,0.0 -78.77434530767495,34.039524970851694,0.0 -78.77403372605102,34.039570583607954,0.0 -78.77393087867371,34.03994002701759,0.0 -78.77400585945387,34.04017793520536,0.0 -78.77372519692814,34.040234326571394,0.0 -78.77359201648177,34.03973189710884,0.0</coordinates>
                    </LinearRing>
                </outerBoundaryIs>
            </Polygon>
        </Placemark>
        <Placemark id="1645577">
            <name>Parcel_178958</name>
            <styleUrl>#1645582</styleUrl>
            <Polygon id="1645576">
                <outerBoundaryIs>
                    <LinearRing id="1645580">
                        <coordinates>-78.76820310942658,34.03502510054536,0.0 -78.77165890625628,34.03395196050862,0.0 -78.77223103006297,34.03531879334954,0.0 -78.77221234025622,34.03534101359393,0.0 -78.77072796514351,34.037105680268155,0.0 -78.76820310942658,34.03502510054536,0.0</coordinates>
                    </LinearRing>
                </outerBoundaryIs>
            </Polygon>
        </Placemark>
        <Placemark id="1645586">
            <name>Parcel_178959</name>
            <styleUrl>#1645591</styleUrl>
            <Polygon id="1645585">
                <outerBoundaryIs>
                    <LinearRing id="1645589">
                        <coordinates>-78.77212249503778,34.034793575165565,0.0 -78.77286575926374,34.03465365662505,0.0 -78.77286699624707,34.034846109869456,0.0 -78.77286930697508,34.03520577092443,0.0 -78.77236396387356,34.03528622871892,0.0 -78.77234554608809,34.03528916034459,0.0 -78.77212249503778,34.034793575165565,0.0</coordinates>
                    </LinearRing>
                </outerBoundaryIs>
            </Polygon>
        </Placemark>
        <Placemark id="1645595">
            <name>Parcel_178960</name>
            <styleUrl>#1645600</styleUrl>
            <Polygon id="1645594">
                <outerBoundaryIs>
                    <LinearRing id="1645598">
                        <coordinates>-78.77106142532362,34.03892704477087,0.0 -78.77072796514351,34.037105680268155,0.0 -78.77221234025622,34.03534101359393,0.0 -78.77229985350024,34.03561998369704,0.0 -78.77251752093578,34.036114872908385,0.0 -78.77260593017287,34.036280395750474,0.0 -78.77271714598155,34.03643208221371,0.0 -78.77281052357753,34.03653297797887,0.0 -78.77295594742836,34.03667129041032,0.0 -78.77380490523876,34.03738740321816,0.0 -78.77388338790736,34.03745468039845,0.0 -78.77411979062293,34.037622657788894,0.0 -78.7733963811774,34.03796743142753,0.0 -78.77258779127447,34.03835279392471,0.0 -78.77144277316567,34.03889817778317,0.0 -78.77108846343714,34.03906739649733,0.0 -78.77106142532362,34.03892704477087,0.0</coordinates>
                    </LinearRing>
                </outerBoundaryIs>
            </Polygon>
        </Placemark>
        <Placemark id="1645604">
            <name>Parcel_178961</name>
            <styleUrl>#1645609</styleUrl>
            <Polygon id="1645603">
                <outerBoundaryIs>
                    <LinearRing id="1645607">
                        <coordinates>-79.1144078181081,33.790395019787496,0.0 -79.11441477994296,33.7903887900317,0.0 -79.11446255293836,33.79034837334865,0.0 -79.1147313669633,33.79006553461559,0.0 -79.11491903593446,33.790189851588906,0.0 -79.11460185940675,33.7905235857433,0.0 -79.1144078181081,33.790395019787496,0.0</coordinates>
                    </LinearRing>
                </outerBoundaryIs>
            </Polygon>
        </Placemark>
        <Placemark id="1645613">
            <name>Parcel_178962</name>
            <styleUrl>#1645618</styleUrl>
            <Polygon id="1645612">
                <outerBoundaryIs>
                    <LinearRing id="1645616">
                        <coordinates>-79.09659182326872,33.86013066108825,0.0 -79.09659179987163,33.86013064359286,0.0 -79.09629920630597,33.85991483782747,0.0 -79.096716921893,33.8595015255773,0.0 -79.09699653332068,33.85970941709869,0.0 -79.09714300043973,33.859828669842685,0.0 -79.09727922184608,33.859927147002765,0.0 -79.09725655444312,33.85994638505905,0.0 -79.09684959918299,33.860309649204325,0.0 -79.09659182326872,33.86013066108825,0.0</coordinates>
                    </LinearRing>
                </outerBoundaryIs>
            </Polygon>
        </Placemark>
        <Placemark id="1645622">
            <name>Parcel_178963</name>
            <styleUrl>#1645627</styleUrl>
            <Polygon id="1645621">
                <outerBoundaryIs>
                    <LinearRing id="1645625">
                        <coordinates>-79.0966090820373,33.85764610964442,0.0 -79.0968021299694,33.85752478258335,0.0 -79.09699425280918,33.85740243901755,0.0 -79.09718544290956,33.85727908244129,0.0 -79.09737569150319,33.85715471813562,0.0 -79.09884682427678,33.85863500789025,0.0 -79.09941979047011,33.859152215597746,0.0 -79.09880286164716,33.85962780910718,0.0 -79.0982302162872,33.85911053587656,0.0 -79.0966090820373,33.85764610964442,0.0</coordinates>
                    </LinearRing>
                </outerBoundaryIs>
            </Polygon>
        </Placemark>
        <Placemark id="1645631">
            <name>Parcel_178964</name>
            <styleUrl>#1645636</styleUrl>
            <Polygon id="1645630">
                <outerBoundaryIs>
                    <LinearRing id="1645634">
                        <coordinates>-79.03105475358001,33.9202773154009,0.0 -79.03172507553842,33.92015118256919,0.0 -79.03176919716194,33.920142880572676,0.0 -79.03180547404399,33.92027693366082,0.0 -79.0319328974107,33.92025296820669,0.0 -79.0323949569393,33.92134641643022,0.0 -79.03154984368841,33.92151299381577,0.0 -79.03105475358001,33.9202773154009,0.0</coordinates>
                    </LinearRing>
                </outerBoundaryIs>
            </Polygon>
        </Placemark>
        <Placemark id="1645640">
            <name>Parcel_178965</name>
            <styleUrl>#1645645</styleUrl>
            <Polygon id="1645639">
                <outerBoundaryIs>
                    <LinearRing id="1645643">
                        <coordinates>-79.02453605838328,33.91674653981167,0.0 -79.02458125288705,33.91631015916949,0.0 -79.02516060612537,33.91661534706928,0.0 -79.02524480420077,33.916395727375274,0.0 -79.02565131153095,33.91666211241113,0.0 -79.0250937741829,33.91704965507781,0.0 -79.02453605838328,33.91674653981167,0.0</coordinates>
                    </LinearRing>
                </outerBoundaryIs>
            </Polygon>
        </Placemark>
        <Placemark id="1645649">
            <name>Parcel_178966</name>
            <styleUrl>#1645654</styleUrl>
            <Polygon id="1645648">
                <outerBoundaryIs>
                    <LinearRing id="1645652">
                        <coordinates>-79.0182127743195,33.92761162527454,0.0 -79.01798374853242,33.92740712019344,0.0 -79.01792335664702,33.927353193195714,0.0 -79.01775594828062,33.92720370840391,0.0 -79.0176697598212,33.92713218064301,0.0 -79.0173244681696,33.92682540629069,0.0 -79.01816727322353,33.926631370504595,0.0 -79.0183907360798,33.92658008755153,0.0 -79.01860150141984,33.92653171815783,0.0 -79.01879949208431,33.92648627919227,0.0 -79.01898470915371,33.92644377253644,0.0 -79.01914990350915,33.92640586092668,0.0 -79.01930957356761,33.92636921636319,0.0 -79.01942820657584,33.92634198909267,0.0 -79.01976765878781,33.92661489407592,0.0 -79.02016039952073,33.926930638222025,0.0 -79.02036882584461,33.92709820098042,0.0 -79.02060016286558,33.9269418214342,0.0 -79.02066601408734,33.92689730699829,0.0 -79.02105903057965,33.927287049519926,0.0 -79.0210519249578,33.92756182324086,0.0 -79.02083991383013,33.9275494710765,0.0 -79.02055966754662,33.92754688677703,0.0 -79.0203799219159,33.92754779717238,0.0 -79.02036426358208,33.92754754711676,0.0 -79.02024231207119,33.92754474004961,0.0 -79.02022500945044,33.9275442914563,0.0 -79.01997451269763,33.92753874657374,0.0 -79.01963996522859,33.927531339885505,0.0 -79.01929696439916,33.927533075814274,0.0 -79.01918639664304,33.92753714970009,0.0 -79.0189413309855,33.927546291026275,0.0 -79.0186655712773,33.92756370309246,0.0 -79.01830275231032,33.927602747050514,0.0 -79.01821718026464,33.927615560288444,0.0 -79.0182127743195,33.92761162527454,0.0</coordinates>
                    </LinearRing>
                </outerBoundaryIs>
            </Polygon>
        </Placemark>
        <Placemark id="1645658">
            <name>Parcel_178967</name>
            <styleUrl>#1645663</styleUrl>
            <Polygon id="1645657">
                <outerBoundaryIs>
                    <LinearRing id="1645661">
                        <coordinates>-79.02960105312387,33.91553077365831,0.0 -79.02963434458736,33.91542567586437,0.0 -79.02998988632615,33.91549247344791,0.0 -79.03025551738186,33.91555098504088,0.0 -79.03031037150376,33.915567321399955,0.0 -79.03036107069809,33.91558530799589,0.0 -79.03053769334628,33.91564773373881,0.0 -79.03057602141914,33.915665865485494,0.0 -79.03036925190442,33.91670563455916,0.0 -79.03034808478972,33.916802199441975,0.0 -79.02950611960068,33.91683285775945,0.0 -79.02952843607628,33.916410061469264,0.0 -79.02960105312387,33.91553077365831,0.0</coordinates>
                    </LinearRing>
                </outerBoundaryIs>
            </Polygon>
        </Placemark>
        <Placemark id="1645667">
            <name>Parcel_178968</name>
            <styleUrl>#1645672</styleUrl>
            <Polygon id="1645666">
                <outerBoundaryIs>
                    <LinearRing id="1645670">
                        <coordinates>-79.01546073850372,33.927192861206144,0.0 -79.01585652231718,33.927182088888,0.0 -79.01588003344256,33.927376035045896,0.0 -79.01589770929908,33.927539192127284,0.0 -79.01595525928295,33.92797565073327,0.0 -79.01594863572848,33.927976918293844,0.0 -79.01584188628225,33.92799419529679,0.0 -79.0157351346509,33.92801147127159,0.0 -79.01567798217344,33.928023098946454,0.0 -79.01560936096035,33.92803145044178,0.0 -79.01555799895883,33.928042138095975,0.0 -79.01551912810224,33.927653914415366,0.0 -79.01546075410629,33.92719298230858,0.0 -79.01546073850372,33.927192861206144,0.0</coordinates>
                    </LinearRing>
                </outerBoundaryIs>
            </Polygon>
        </Placemark>
        <Placemark id="1645676">
            <name>Parcel_178969</name>
            <styleUrl>#1645681</styleUrl>
            <Polygon id="1645675">
                <outerBoundaryIs>
                    <LinearRing id="1645679">
                        <coordinates>-79.03235059160684,33.91337458186974,0.0 -79.03266688251709,33.913265570141704,0.0 -79.032776253781,33.91322787480356,0.0 -79.03340078178003,33.91300878355524,0.0 -79.03345812421632,33.91311642973835,0.0 -79.03353536197088,33.91335896457357,0.0 -79.03365979153698,33.91349887665379,0.0 -79.03360200336932,33.9135379440199,0.0 -79.03357523972664,33.913554872577315,0.0 -79.03352130866388,33.91360641825871,0.0 -79.03347314545984,33.913658056334135,0.0 -79.03345184786689,33.91368829954361,0.0 -79.0334193393358,33.91374018688502,0.0 -79.03339197577922,33.91378339223394,0.0 -79.03333794252976,33.91383940325331,0.0 -79.03329564898112,33.91388666735909,0.0 -79.0332737232879,33.91390831101615,0.0 -79.03324221546644,33.91391640150499,0.0 -79.0331132007201,33.91393497220563,0.0 -79.03265007852868,33.914001449377096,0.0 -79.03254091281302,33.91401711932571,0.0 -79.03248482962181,33.91383806249411,0.0 -79.03243192279822,33.91366421032563,0.0 -79.03235059160684,33.91337458186974,0.0</coordinates>
                    </LinearRing>
                </outerBoundaryIs>
            </Polygon>
        </Placemark>
        <Placemark id="1645685">
            <name>Parcel_178970</name>
            <styleUrl>#1645690</styleUrl>
            <Polygon id="1645684">
                <outerBoundaryIs>
                    <LinearRing id="1645688">
                        <coordinates>-79.02735791926744,33.928013475399666,0.0 -79.02765793519085,33.92751257859919,0.0 -79.02829355832344,33.927319401198034,0.0 -79.02773192482042,33.92818857097654,0.0 -79.02741909569451,33.92804210964558,0.0 -79.02735791926744,33.928013475399666,0.0</coordinates>
                    </LinearRing>
                </outerBoundaryIs>
            </Polygon>
        </Placemark>
        <Placemark id="1645694">
            <name>Parcel_178971</name>
            <styleUrl>#1645699</styleUrl>
            <Polygon id="1645693">
                <outerBoundaryIs>
                    <LinearRing id="1645697">
                        <coordinates>-79.02219012769523,33.92758795823383,0.0 -79.02221589363452,33.92661942542321,0.0 -79.02232945074256,33.92668654169625,0.0 -79.02269078221923,33.92690009993893,0.0 -79.02267555858921,33.92697263736266,0.0 -79.02261913153521,33.92718877030982,0.0 -79.02250333732022,33.92759387586266,0.0 -79.02219012769523,33.92758795823383,0.0</coordinates>
                    </LinearRing>
                </outerBoundaryIs>
            </Polygon>
        </Placemark>
        <Placemark id="1645703">
            <name>Parcel_178972</name>
            <styleUrl>#1645708</styleUrl>
            <Polygon id="1645702">
                <outerBoundaryIs>
                    <LinearRing id="1645706">
                        <coordinates>-79.02323624184231,33.92314283146831,0.0 -79.023562135655,33.92302363746103,0.0 -79.02385186409498,33.92358251366517,0.0 -79.02383285813133,33.923589477153286,0.0 -79.02383233990034,33.92358966640425,0.0 -79.02370803644041,33.92363520045735,0.0 -79.02369312015985,33.923638570180714,0.0 -79.02354324567006,33.923695361356096,0.0 -79.0235243018058,33.923702539534375,0.0 -79.02323624184231,33.92314283146831,0.0</coordinates>
                    </LinearRing>
                </outerBoundaryIs>
            </Polygon>
        </Placemark>
        <Placemark id="1645712">
            <name>Parcel_178973</name>
            <styleUrl>#1645717</styleUrl>
            <Polygon id="1645711">
                <outerBoundaryIs>
                    <LinearRing id="1645715">
                        <coordinates>-79.03033788487689,33.91854081116136,0.0 -79.03029733696286,33.91843253678604,0.0 -79.03088502759944,33.91841164869014,0.0 -79.0316779436228,33.91841582452858,0.0 -79.03169112539724,33.91845228420331,0.0 -79.03174759445231,33.918578431031804,0.0 -79.03178366102,33.91865958261514,0.0 -79.03184216873991,33.91876668239572,0.0 -79.03181788206766,33.91877525427198,0.0 -79.0316141044548,33.91885778848285,0.0 -79.03033788487689,33.91854081116136,0.0</coordinates>
                    </LinearRing>
                </outerBoundaryIs>
            </Polygon>
        </Placemark>
        <Placemark id="1645721">
            <name>Parcel_178974</name>
            <styleUrl>#1645726</styleUrl>
            <Polygon id="1645720">
                <outerBoundaryIs>
                    <LinearRing id="1645724">
                        <coordinates>-79.03574979201987,33.9267117812107,0.0 -79.0358110838505,33.926735432028764,0.0 -79.03603582487266,33.926821975030144,0.0 -79.03591471850964,33.92703533369568,0.0 -79.0359113017034,33.92704060607441,0.0 -79.03589667859235,33.92706717651206,0.0 -79.03561649513777,33.92695346574921,0.0 -79.03574979201987,33.9267117812107,0.0</coordinates>
                    </LinearRing>
                </outerBoundaryIs>
            </Polygon>
        </Placemark>
        <Placemark id="1645730">
            <name>Parcel_178975</name>
            <styleUrl>#1645735</styleUrl>
            <Polygon id="1645729">
                <outerBoundaryIs>
                    <LinearRing id="1645733">
                        <coordinates>-79.03239746066326,33.925062639835474,0.0 -79.03242964524075,33.92502505515526,0.0 -79.03247114023594,33.924976920108605,0.0 -79.03265609356944,33.92503655158762,0.0 -79.03313267463011,33.92496096080867,0.0 -79.03331186289684,33.92530913751859,0.0 -79.03259320473072,33.92561151666772,0.0 -79.03193018414537,33.925782130619304,0.0 -79.03175539987083,33.92582693796707,0.0 -79.03191551570096,33.92562543997649,0.0 -79.03239746066326,33.925062639835474,0.0</coordinates>
                    </LinearRing>
                </outerBoundaryIs>
            </Polygon>
        </Placemark>
        <Placemark id="1645739">
            <name>Parcel_178976</name>
            <styleUrl>#1645744</styleUrl>
            <Polygon id="1645738">
                <outerBoundaryIs>
                    <LinearRing id="1645742">
                        <coordinates>-79.03431595278951,33.922853936174484,0.0 -79.03461051964295,33.92251722259368,0.0 -79.03468775210726,33.922439415106226,0.0 -79.03477589800305,33.92235061347792,0.0 -79.03486656892012,33.9222786881747,0.0 -79.03494317099884,33.922390031522376,0.0 -79.0349802526525,33.92244405233912,0.0 -79.03502854212978,33.92251439993199,0.0 -79.03515779731468,33.92270268950658,0.0 -79.03472720235534,33.92314806574636,0.0 -79.03432163126462,33.92285797556935,0.0 -79.03431595278951,33.922853936174484,0.0</coordinates>
                    </LinearRing>
                </outerBoundaryIs>
            </Polygon>
        </Placemark>
        <Placemark id="1645748">
            <name>Parcel_178977</name>
            <styleUrl>#1645753</styleUrl>
            <Polygon id="1645747">
                <outerBoundaryIs>
                    <LinearRing id="1645751">
                        <coordinates>-79.01038433146289,33.92756012143125,0.0 -79.01092579124641,33.9274941228271,0.0 -79.01100751502614,33.92809703808802,0.0 -79.01059667954574,33.928179956858024,0.0 -79.01038433146289,33.92756012143125,0.0</coordinates>
                    </LinearRing>
                </outerBoundaryIs>
            </Polygon>
        </Placemark>
        <Placemark id="1645757">
            <name>Parcel_178978</name>
            <styleUrl>#1645762</styleUrl>
            <Polygon id="1645756">
                <outerBoundaryIs>
                    <LinearRing id="1645760">
                        <coordinates>-79.02223322419444,33.92399343899423,0.0 -79.02225407878068,33.92398277594897,0.0 -79.02229631904338,33.92396140691401,0.0 -79.02234165590627,33.92393847018925,0.0 -79.02252682948212,33.923845366401174,0.0 -79.02284707117128,33.92368435204903,0.0 -79.0228483539552,33.92368370601674,0.0 -79.02298802373186,33.92361323817299,0.0 -79.02304847048642,33.923696663371416,0.0 -79.02310149268577,33.92376984827509,0.0 -79.02315101349852,33.923839190299624,0.0 -79.02315132773712,33.923839074458435,0.0 -79.0235243018058,33.923702539534375,0.0 -79.02354324567006,33.923695361356096,0.0 -79.02369312015985,33.923638570180714,0.0 -79.02370803644041,33.92363520045735,0.0 -79.02383233990034,33.92358966640425,0.0 -79.02383285813133,33.923589477153286,0.0 -79.02385186409498,33.92358251366517,0.0 -79.0239000221599,33.923564892870736,0.0 -79.02417942154254,33.923462658222505,0.0 -79.02419022926279,33.92345870346747,0.0 -79.02450697916021,33.92334280192815,0.0 -79.02483453875394,33.92322277164901,0.0 -79.02516209454821,33.923102913616844,0.0 -79.02553621015018,33.92296575687902,0.0 -79.02567397932279,33.92288960637119,0.0 -79.02625574972328,33.92257638524323,0.0 -79.0262751943842,33.9226038487995,0.0 -79.02668555913961,33.923183423423005,0.0 -79.02712917822922,33.923854280591605,0.0 -79.02571767547907,33.92435330864926,0.0 -79.02436429068875,33.92483905957826,0.0 -79.0232427441239,33.92526580501303,0.0 -79.0231381208881,33.9251553855247,0.0 -79.0229981408697,33.92500436829242,0.0 -79.02285296934791,33.924828180358524,0.0 -79.02261227551146,33.92450357402355,0.0 -79.02223322419444,33.92399343899423,0.0</coordinates>
                    </LinearRing>
                </outerBoundaryIs>
            </Polygon>
        </Placemark>
        <Placemark id="1645766">
            <name>Parcel_178979</name>
            <styleUrl>#1645771</styleUrl>
            <Polygon id="1645765">
                <outerBoundaryIs>
                    <LinearRing id="1645769">
                        <coordinates>-79.02453605838328,33.91674653981167,0.0 -79.0250937741829,33.91704965507781,0.0 -79.02565131153095,33.91666211241113,0.0 -79.02524480420077,33.916395727375274,0.0 -79.02542437437805,33.91592734188799,0.0 -79.02695371735149,33.91673691415655,0.0 -79.0269270448615,33.91687677338543,0.0 -79.02682286338546,33.91682916023135,0.0 -79.02630627525137,33.91659307118282,0.0 -79.02610361290604,33.91712743549897,0.0 -79.02632668081694,33.91722931579503,0.0 -79.02659792594868,33.91735319852643,0.0 -79.02680519517335,33.91744786204227,0.0 -79.0268290822612,33.917458773628375,0.0 -79.02680267599607,33.917583684690314,0.0 -79.02671292690108,33.917930487442135,0.0 -79.02663753182901,33.91816398027619,0.0 -79.0255092252358,33.918611399115385,0.0 -79.025414594967,33.91864892344954,0.0 -79.02518231550047,33.91874102841291,0.0 -79.0243231132408,33.91910135013917,0.0 -79.02441681761053,33.91789786113743,0.0 -79.02453605838328,33.91674653981167,0.0</coordinates>
                    </LinearRing>
                </outerBoundaryIs>
            </Polygon>
        </Placemark>
        <Placemark id="1645775">
            <name>Parcel_178980</name>
            <styleUrl>#1645780</styleUrl>
            <Polygon id="1645774">
                <outerBoundaryIs>
                    <LinearRing id="1645778">
                        <coordinates>-79.01990206773385,33.914629458154266,0.0 -79.01999648706497,33.91431174349546,0.0 -79.01999702634481,33.9143099302979,0.0 -79.02015378812027,33.91434231309881,0.0 -79.02015701807112,33.9143429797804,0.0 -79.02019665866109,33.91420959071137,0.0 -79.02049273722317,33.914270751741036,0.0 -79.02049424453905,33.91427106261457,0.0 -79.02044897455224,33.914423393487255,0.0 -79.02041870651311,33.914525244510024,0.0 -79.02035964628188,33.9147239799593,0.0 -79.02035735624509,33.91472350686936,0.0 -79.01990206773385,33.914629458154266,0.0</coordinates>
                    </LinearRing>
                </outerBoundaryIs>
            </Polygon>
        </Placemark>
        <Placemark id="1645784">
            <name>Parcel_178981</name>
            <styleUrl>#1645789</styleUrl>
            <Polygon id="1645783">
                <outerBoundaryIs>
                    <LinearRing id="1645787">
                        <coordinates>-79.01125784482181,33.923943948068036,0.0 -79.01145309266643,33.923654126835785,0.0 -79.01145473699715,33.923144317453165,0.0 -79.01145684689436,33.92248986090698,0.0 -79.01196728692614,33.92245284685719,0.0 -79.01215345379913,33.92309395989418,0.0 -79.01205248273325,33.92310123772909,0.0 -79.01204970941158,33.923963018210635,0.0 -79.01125784482181,33.923943948068036,0.0</coordinates>
                    </LinearRing>
                </outerBoundaryIs>
            </Polygon>
        </Placemark>
        <Placemark id="1645793">
            <name>Parcel_178982</name>
            <styleUrl>#1645798</styleUrl>
            <Polygon id="1645792">
                <outerBoundaryIs>
                    <LinearRing id="1645796">
                        <coordinates>-79.02826941959808,33.923403022165736,0.0 -79.02848284847012,33.92331855445179,0.0 -79.02892925073722,33.92314145101094,0.0 -79.02984818149662,33.92272676482923,0.0 -79.02887553822448,33.92136090694129,0.0 -79.02840656562283,33.920591779841196,0.0 -79.02748208958262,33.91930906653844,0.0 -79.02679262003619,33.91820012389188,0.0 -79.02683482713421,33.91807026140639,0.0 -79.02687456161516,33.91793985719312,0.0 -79.02691181299289,33.91780894445715,0.0 -79.02694657186282,33.917677556420536,0.0 -79.02697882882063,33.91754572630521,0.0 -79.02700857772696,33.91741348648307,0.0 -79.02703580919852,33.917280869274215,0.0 -79.02706051701365,33.917147910656475,0.0 -79.02708269615627,33.91701464121549,0.0 -79.02710233934421,33.91688109600992,0.0 -79.02711944260169,33.91674730744544,0.0 -79.02713168759463,33.91662853730969,0.0 -79.02714186731261,33.916509630580194,0.0 -79.02714998008402,33.91639061338539,0.0 -79.02715602425796,33.916271510952065,0.0 -79.02715999818354,33.91615234850691,0.0 -79.02723091415254,33.91489596413397,0.0 -79.02963434458736,33.91542567586437,0.0 -79.02960105312387,33.91553077365831,0.0 -79.02952843607628,33.916410061469264,0.0 -79.02950611960068,33.91683285775945,0.0 -79.03013226983835,33.917981081537484,0.0 -79.03029733696286,33.91843253678604,0.0 -79.03033788487689,33.91854081116136,0.0 -79.03038287566844,33.9186432749277,0.0 -79.03049705996692,33.91893881512006,0.0 -79.03069968574805,33.91946326252199,0.0 -79.03105475358001,33.9202773154009,0.0 -79.03154984368841,33.92151299381577,0.0 -79.03189292647573,33.922382706063196,0.0 -79.03254737487556,33.9236469216791,0.0 -79.03283020425316,33.92419325734488,0.0 -79.0307871387715,33.92656704416101,0.0 -79.03016699647088,33.926747011483826,0.0 -79.03015190101304,33.92675139195379,0.0 -79.02826941959808,33.923403022165736,0.0</coordinates>
                    </LinearRing>
                </outerBoundaryIs>
            </Polygon>
        </Placemark>
        <Placemark id="1645802">
            <name>Parcel_178983</name>
            <styleUrl>#1645807</styleUrl>
            <Polygon id="1645801">
                <outerBoundaryIs>
                    <LinearRing id="1645805">
                        <coordinates>-78.87733408902228,34.070655874806754,0.0 -78.87748231647933,34.07042824460875,0.0 -78.87750035923582,34.07039986075738,0.0 -78.87766446535726,34.07042965979531,0.0 -78.87786051118931,34.07049865885511,0.0 -78.87784775144499,34.07051858236621,0.0 -78.87765886236204,34.070813527510865,0.0 -78.87739172490758,34.07068385318359,0.0 -78.87733410186607,34.07065588133946,0.0 -78.87733408902228,34.070655874806754,0.0</coordinates>
                    </LinearRing>
                </outerBoundaryIs>
            </Polygon>
        </Placemark>
        <Placemark id="1645811">
            <name>Parcel_178984</name>
            <styleUrl>#1645816</styleUrl>
            <Polygon id="1645810">
                <outerBoundaryIs>
                    <LinearRing id="1645814">
                        <coordinates>-78.87701968118506,34.0705032532424,0.0 -78.87717937956918,34.07026842502967,0.0 -78.87750035923582,34.07039986075738,0.0 -78.87748231647933,34.07042824460875,0.0 -78.87733408902228,34.070655874806754,0.0 -78.87701968118506,34.0705032532424,0.0</coordinates>
                    </LinearRing>
                </outerBoundaryIs>
            </Polygon>
        </Placemark>
        <Placemark id="1645820">
            <name>Parcel_178985</name>
            <styleUrl>#1645825</styleUrl>
            <Polygon id="1645819">
                <outerBoundaryIs>
                    <LinearRing id="1645823">
                        <coordinates>-79.02609422670328,33.90180014922711,0.0 -79.02633712740594,33.90148926769545,0.0 -79.02552042778014,33.90090999421128,0.0 -79.02561039129449,33.90079485295711,0.0 -79.02572734305477,33.900645169938876,0.0 -79.02654469195443,33.90122400150805,0.0 -79.02667830025965,33.901552314409955,0.0 -79.0281932437047,33.90262679853475,0.0 -79.02784476573731,33.90255841519833,0.0 -79.02688526800073,33.902361083249474,0.0 -79.02609422670328,33.90180014922711,0.0</coordinates>
                    </LinearRing>
                </outerBoundaryIs>
            </Polygon>
        </Placemark>
        <Placemark id="1645829">
            <name>Parcel_178986_1</name>
            <styleUrl>#1645834</styleUrl>
            <Polygon id="1645828">
                <outerBoundaryIs>
                    <LinearRing id="1645832">
                        <coordinates>-79.02654469195443,33.90122400150805,0.0 -79.02572734305477,33.900645169938876,0.0 -79.02575435722015,33.90061063946908,0.0 -79.02624806868134,33.90099438515253,0.0 -79.02654469195443,33.90122400150805,0.0</coordinates>
                    </LinearRing>
                </outerBoundaryIs>
            </Polygon>
        </Placemark>
        <Placemark id="1645838">
            <name>Parcel_178986_2</name>
            <styleUrl>#1645843</styleUrl>
            <Polygon id="1645837">
                <outerBoundaryIs>
                    <LinearRing id="1645841">
                        <coordinates>-79.02654469195443,33.90122400150805,0.0 -79.02864826017928,33.90271577023992,0.0 -79.0281932437047,33.90262679853475,0.0 -79.02667830025965,33.901552314409955,0.0 -79.02654469195443,33.90122400150805,0.0</coordinates>
                    </LinearRing>
                </outerBoundaryIs>
            </Polygon>
        </Placemark>
        <Placemark id="1645847">
            <name>Parcel_178987_1</name>
            <styleUrl>#1645852</styleUrl>
            <Polygon id="1645846">
                <outerBoundaryIs>
                    <LinearRing id="1645850">
                        <coordinates>-78.92985428488414,34.07713036499807,0.0 -78.9306404611983,34.076515005004396,0.0 -78.93098988985865,34.07668301055683,0.0 -78.93105428614274,34.07671827222996,0.0 -78.93110965417732,34.07675115044053,0.0 -78.93113870415426,34.07677946774931,0.0 -78.93116257672453,34.0768169753719,0.0 -78.93117171987103,34.07684891119267,0.0 -78.9311744187585,34.07687403970435,0.0 -78.93116235514698,34.07692915998,0.0 -78.93089993062246,34.077572836697705,0.0 -78.93004803967571,34.07721245289737,0.0 -78.92998753354155,34.077187219349454,0.0 -78.92995320387594,34.07717238862348,0.0 -78.92991805284687,34.07715737103795,0.0 -78.92985428488414,34.07713036499807,0.0</coordinates>
                    </LinearRing>
                </outerBoundaryIs>
            </Polygon>
        </Placemark>
        <Placemark id="1645856">
            <name>Parcel_178987_2</name>
            <styleUrl>#1645861</styleUrl>
            <Polygon id="1645855">
                <outerBoundaryIs>
                    <LinearRing id="1645859">
                        <coordinates>-78.9290706091602,34.077367105011,0.0 -78.92921766124319,34.0770908892379,0.0 -78.92980544127606,34.077341043355155,0.0 -78.92989455322503,34.07737877840447,0.0 -78.92962004590424,34.07759772195994,0.0 -78.9293122036658,34.0774685107279,0.0 -78.9290706091602,34.077367105011,0.0</coordinates>
                    </LinearRing>
                </outerBoundaryIs>
            </Polygon>
        </Placemark>
        <Placemark id="1645865">
            <name>Parcel_178988</name>
            <styleUrl>#1645870</styleUrl>
            <Polygon id="1645864">
                <outerBoundaryIs>
                    <LinearRing id="1645868">
                        <coordinates>-79.1553625931234,33.828005688425456,0.0 -79.156000880416,33.82708486751431,0.0 -79.15680133404167,33.82646379034923,0.0 -79.15707597818538,33.826759060464205,0.0 -79.15733931470568,33.82704217111138,0.0 -79.15762345989758,33.8273296167887,0.0 -79.15784396659728,33.827147735723216,0.0 -79.15827665250121,33.82761895675461,0.0 -79.1587527759941,33.82722622971881,0.0 -79.15886374549427,33.827298165361924,0.0 -79.1589282609917,33.827361833464586,0.0 -79.15873891261073,33.8275526475497,0.0 -79.15854904719411,33.827729020834425,0.0 -79.15742749839568,33.82876055260862,0.0 -79.15619184789227,33.82881392242275,0.0 -79.15587509345339,33.82864020052038,0.0 -79.1557094978051,33.82813210249639,0.0 -79.1553625931234,33.828005688425456,0.0</coordinates>
                    </LinearRing>
                </outerBoundaryIs>
            </Polygon>
        </Placemark>
        <Placemark id="1645874">
            <name>Parcel_178989</name>
            <styleUrl>#1645879</styleUrl>
            <Polygon id="1645873">
                <outerBoundaryIs>
                    <LinearRing id="1645877">
                        <coordinates>-79.00788443606643,33.798518436923196,0.0 -79.00822065487269,33.79831217352348,0.0 -79.00824767246513,33.79829559822382,0.0 -79.00847317842558,33.79854732576424,0.0 -79.00843730254134,33.79856805438858,0.0 -79.00843479025025,33.79856990437312,0.0 -79.0082562058116,33.798674757870316,0.0 -79.00810116945608,33.79875799874887,0.0 -79.00793420118056,33.79857370435796,0.0 -79.00788443606643,33.798518436923196,0.0</coordinates>
                    </LinearRing>
                </outerBoundaryIs>
            </Polygon>
        </Placemark>
        <Placemark id="1645883">
            <name>Parcel_178990</name>
            <styleUrl>#1645888</styleUrl>
            <Polygon id="1645882">
                <outerBoundaryIs>
                    <LinearRing id="1645886">
                        <coordinates>-79.00766275712644,33.79827195317287,0.0 -79.0080237609861,33.798046128133095,0.0 -79.00824767246513,33.79829559822382,0.0 -79.00822065487269,33.79831217352348,0.0 -79.00788443606643,33.798518436923196,0.0 -79.00769126673339,33.79830365342244,0.0 -79.00766275712644,33.79827195317287,0.0</coordinates>
                    </LinearRing>
                </outerBoundaryIs>
            </Polygon>
        </Placemark>
        <Placemark id="1645892">
            <name>Parcel_178991</name>
            <styleUrl>#1645897</styleUrl>
            <Polygon id="1645891">
                <outerBoundaryIs>
                    <LinearRing id="1645895">
                        <coordinates>-79.01611645993141,33.79538891796173,0.0 -79.01586284688558,33.7950629287563,0.0 -79.01584941077263,33.79504563476293,0.0 -79.0158642569292,33.7950253380375,0.0 -79.01594667126511,33.79500466697718,0.0 -79.0159409668548,33.79496847742216,0.0 -79.01598102829816,33.794923853571035,0.0 -79.01602702372341,33.794930661637764,0.0 -79.0161289354515,33.79487861342594,0.0 -79.0161308192672,33.79488068735305,0.0 -79.01615719682918,33.79490973051308,0.0 -79.01616774111783,33.79492134027174,0.0 -79.01616780622058,33.79492132778657,0.0 -79.01625385309454,33.79490409511291,0.0 -79.01624887844119,33.79486989516189,0.0 -79.01624522831519,33.79484480410126,0.0 -79.0162918310176,33.79477586844323,0.0 -79.01637525669234,33.79477260397085,0.0 -79.01646277331412,33.79470994828643,0.0 -79.01652885624073,33.79471505690844,0.0 -79.01655315718115,33.794692902162154,0.0 -79.01660295639333,33.79467098736745,0.0 -79.01666778923892,33.79466966689944,0.0 -79.0166692645265,33.7946699638194,0.0 -79.01672728604613,33.79468162632018,0.0 -79.01672964340557,33.794669022000164,0.0 -79.01673624118494,33.79463374933983,0.0 -79.01684615782746,33.79454326217681,0.0 -79.01689971063327,33.7945506789486,0.0 -79.01697463804092,33.79452502775279,0.0 -79.01701126906013,33.7944749461634,0.0 -79.0172300213675,33.794390168065455,0.0 -79.01728299300707,33.79433102150682,0.0 -79.01734110004621,33.79432146942815,0.0 -79.01740443468202,33.794346739085405,0.0 -79.01742087875309,33.79435330054396,0.0 -79.01745399219317,33.79433635823564,0.0 -79.01751168082339,33.79430684097542,0.0 -79.01759563264568,33.79427280458264,0.0 -79.01762691932468,33.79427330389684,0.0 -79.01771237697065,33.794274669022045,0.0 -79.0179115172974,33.7942005591027,0.0 -79.01798690833472,33.7941787280085,0.0 -79.01809817522533,33.794132457744816,0.0 -79.01816060184937,33.79408895706108,0.0 -79.01828692222962,33.794022680665094,0.0 -79.01829651680859,33.793989156916396,0.0 -79.01837848872458,33.793917506552035,0.0 -79.01837910990733,33.793920702950736,0.0 -79.0184063357593,33.79406079623026,0.0 -79.0185719428782,33.794070367953346,0.0 -79.01855906820714,33.795043834591404,0.0 -79.01855791603931,33.79513092453214,0.0 -79.0177619500382,33.79512951985283,0.0 -79.01655185423773,33.79585976985255,0.0 -79.01619520818778,33.79549072076665,0.0 -79.01611645993141,33.79538891796173,0.0</coordinates>
                    </LinearRing>
                </outerBoundaryIs>
            </Polygon>
        </Placemark>
        <Placemark id="1645901">
            <name>Parcel_178992</name>
            <styleUrl>#1645906</styleUrl>
            <Polygon id="1645900">
                <outerBoundaryIs>
                    <LinearRing id="1645904">
                        <coordinates>-78.66663169102237,33.82341753740681,0.0 -78.66663070463164,33.82340442581847,0.0 -78.66661884016848,33.823405047352125,0.0 -78.66661291298395,33.82332626580954,0.0 -78.66658267772716,33.823327849856035,0.0 -78.66657961772292,33.82328717015463,0.0 -78.66661002072891,33.823285576643215,0.0 -78.66660991093995,33.823284122402114,0.0 -78.66668468523726,33.823280203741945,0.0 -78.66668413839783,33.82327293438048,0.0 -78.66670599613674,33.82327178862432,0.0 -78.66670439695139,33.82325052971704,0.0 -78.6668108891112,33.82324494841493,0.0 -78.66681248829832,33.82326620822237,0.0 -78.66683450945219,33.823265053797606,0.0 -78.66683505630422,33.823272323158406,0.0 -78.66686020077161,33.823271004803075,0.0 -78.66685828105074,33.823245494284805,0.0 -78.66690715654826,33.8232429328463,0.0 -78.66690912687733,33.823269129814484,0.0 -78.6669098173489,33.82326909321806,0.0 -78.6669188630615,33.82338932311123,0.0 -78.6669075581095,33.82338991552969,0.0 -78.66690854451781,33.82340302801732,0.0 -78.66685523720736,33.82340582162841,0.0 -78.66685425078273,33.8233927100419,0.0 -78.66684251836851,33.82339332416377,0.0 -78.66684169235666,33.82338235236706,0.0 -78.66683285272634,33.82338281535472,0.0 -78.66683385981692,33.8233962015299,0.0 -78.66678607403195,33.823398705908325,0.0 -78.66678506694872,33.82338531973274,0.0 -78.6667519724004,33.823387054682,0.0 -78.66675297947847,33.82340044085784,0.0 -78.66670463526178,33.82340297436726,0.0 -78.66670362819113,33.82338958819104,0.0 -78.66669442600418,33.82339007049298,0.0 -78.6666952508929,33.823401043171756,0.0 -78.6666840769034,33.82340162811641,0.0 -78.66668506327787,33.82341474060583,0.0 -78.66663169102237,33.82341753740681,0.0</coordinates>
                    </LinearRing>
                </outerBoundaryIs>
            </Polygon>
        </Placemark>
        <Placemark id="1645910">
            <name>Parcel_178993</name>
            <styleUrl>#1645915</styleUrl>
            <Polygon id="1645909">
                <outerBoundaryIs>
                    <LinearRing id="1645913">
                        <coordinates>-79.0365619027178,34.06454617169272,0.0 -79.03681148372904,34.06456902175636,0.0 -79.0368567015985,34.06416054957095,0.0 -79.03660396379925,34.06413823225403,0.0 -79.03660396515004,34.06413822055136,0.0 -79.03660940088749,34.06410341935855,0.0 -79.03664582391805,34.0638760176562,0.0 -79.0367621660807,34.06314965244941,0.0 -79.03740742989946,34.063335665497995,0.0 -79.03718670972155,34.064029353980054,0.0 -79.03717411487588,34.064068939966596,0.0 -79.03738934895225,34.064130101200966,0.0 -79.03724090425821,34.064606634023754,0.0 -79.03690792909332,34.06457737542819,0.0 -79.03689178060093,34.064646591374064,0.0 -79.03655469684416,34.064653282229564,0.0 -79.03656119904582,34.06457120221843,0.0 -79.03656183233471,34.06454868493591,0.0 -79.0365619027178,34.06454617169272,0.0</coordinates>
                    </LinearRing>
                </outerBoundaryIs>
            </Polygon>
        </Placemark>
        <Placemark id="1645919">
            <name>Parcel_178994</name>
            <styleUrl>#1645924</styleUrl>
            <Polygon id="1645918">
                <outerBoundaryIs>
                    <LinearRing id="1645922">
                        <coordinates>-79.03482384850217,34.06489979896964,0.0 -79.03489667206075,34.06411942840927,0.0 -79.03572249059211,34.064349065731186,0.0 -79.03576539899736,34.06436099690803,0.0 -79.03569460077898,34.06492175801847,0.0 -79.03567458506971,34.06508029583704,0.0 -79.03538579429654,34.065045440878556,0.0 -79.0353460114992,34.0650517908229,0.0 -79.03527989561599,34.06505265568594,0.0 -79.03521388567916,34.065051112448394,0.0 -79.03513479176591,34.06504321331884,0.0 -79.03508217691511,34.0650343623595,0.0 -79.03505598619189,34.06502264771544,0.0 -79.03482384850217,34.06489979896964,0.0</coordinates>
                    </LinearRing>
                </outerBoundaryIs>
            </Polygon>
        </Placemark>
        <Placemark id="1645928">
            <name>Parcel_178995</name>
            <styleUrl>#1645933</styleUrl>
            <Polygon id="1645927">
                <outerBoundaryIs>
                    <LinearRing id="1645931">
                        <coordinates>-79.09031980842269,34.03583223054332,0.0 -79.08696681967366,34.034876215765564,0.0 -79.08817614653704,34.03192397831393,0.0 -79.08842586774117,34.03205865223415,0.0 -79.0890016378428,34.031443705871595,0.0 -79.08950341387214,34.03159574445138,0.0 -79.08987500317386,34.03181192091492,0.0 -79.09051691274901,34.03193535970365,0.0 -79.09255710711956,34.03193703138003,0.0 -79.0932523506047,34.03430003304919,0.0 -79.09389994230555,34.03601216166497,0.0 -79.09338468753478,34.035870928034434,0.0 -79.09309084347612,34.03657767308115,0.0 -79.09031980842269,34.03583223054332,0.0</coordinates>
                    </LinearRing>
                </outerBoundaryIs>
            </Polygon>
        </Placemark>
        <Placemark id="1645937">
            <name>Parcel_178996</name>
            <styleUrl>#1645942</styleUrl>
            <Polygon id="1645936">
                <outerBoundaryIs>
                    <LinearRing id="1645940">
                        <coordinates>-78.76330991816413,33.83401537441264,0.0 -78.76456731924276,33.8341091045157,0.0 -78.76459990381628,33.834674855880834,0.0 -78.7633518725724,33.83477214167114,0.0 -78.76330991816413,33.83401537441264,0.0</coordinates>
                    </LinearRing>
                </outerBoundaryIs>
            </Polygon>
        </Placemark>
        <Placemark id="1645946">
            <name>Parcel_178997</name>
            <styleUrl>#1645951</styleUrl>
            <Polygon id="1645945">
                <outerBoundaryIs>
                    <LinearRing id="1645949">
                        <coordinates>-78.76486550489317,33.83937800325468,0.0 -78.76481233148002,33.838442205743235,0.0 -78.76475902879018,33.83750410118906,0.0 -78.76468502723523,33.8362012499081,0.0 -78.76465435477137,33.83562023172612,0.0 -78.7646271292147,33.83514754112565,0.0 -78.76459990381628,33.834674855880834,0.0 -78.76456731924276,33.8341091045157,0.0 -78.76582592942034,33.8342398163058,0.0 -78.76588055546618,33.83541155307087,0.0 -78.76604090336434,33.83885088889258,0.0 -78.7661047980506,33.84022131110072,0.0 -78.76571628252191,33.840244093956215,0.0 -78.7649185493537,33.84031152259291,0.0 -78.76486550489317,33.83937800325468,0.0</coordinates>
                    </LinearRing>
                </outerBoundaryIs>
            </Polygon>
        </Placemark>
        <Placemark id="1645955">
            <name>Parcel_178998</name>
            <styleUrl>#1645960</styleUrl>
            <Polygon id="1645954">
                <outerBoundaryIs>
                    <LinearRing id="1645958">
                        <coordinates>-78.75741410012714,33.833608892375246,0.0 -78.75855633206011,33.83369459893367,0.0 -78.75858031866085,33.834166400493075,0.0 -78.75863696813825,33.835280622741315,0.0 -78.75869368183442,33.83639608962411,0.0 -78.7585221675065,33.83640402396442,0.0 -78.75755514922145,33.83644874802497,0.0 -78.75741410012714,33.833608892375246,0.0</coordinates>
                    </LinearRing>
                </outerBoundaryIs>
            </Polygon>
        </Placemark>
        <Placemark id="1645964">
            <name>Parcel_178999</name>
            <styleUrl>#1645969</styleUrl>
            <Polygon id="1645963">
                <outerBoundaryIs>
                    <LinearRing id="1645967">
                        <coordinates>-78.76355849508187,33.837059580657275,0.0 -78.76413576551958,33.8370148107106,0.0 -78.76409468974244,33.83624702745026,0.0 -78.76468502723523,33.8362012499081,0.0 -78.76475902879018,33.83750410118906,0.0 -78.7635871363194,33.83759500494429,0.0 -78.76355849508187,33.837059580657275,0.0</coordinates>
                    </LinearRing>
                </outerBoundaryIs>
            </Polygon>
        </Placemark>
    </Document>
</kml>
