<?xml version="1.0" encoding="UTF-8"?>
<kml xmlns="http://www.opengis.net/kml/2.2" xmlns:gx="http://www.google.com/kml/ext/2.2">
    <Document id="751138">
        <Style id="751145">
            <LineStyle id="751147">
                <color>ffffffff</color>
                <colorMode>normal</colorMode>
                <width>1</width>
            </LineStyle>
            <PolyStyle id="751146">
                <colorMode>normal</colorMode>
                <fill>0</fill>
                <outline>1</outline>
            </PolyStyle>
        </Style>
        <Style id="751154">
            <LineStyle id="751156">
                <color>ffffffff</color>
                <colorMode>normal</colorMode>
                <width>1</width>
            </LineStyle>
            <PolyStyle id="751155">
                <colorMode>normal</colorMode>
                <fill>0</fill>
                <outline>1</outline>
            </PolyStyle>
        </Style>
        <Style id="751163">
            <LineStyle id="751165">
                <color>ffffffff</color>
                <colorMode>normal</colorMode>
                <width>1</width>
            </LineStyle>
            <PolyStyle id="751164">
                <colorMode>normal</colorMode>
                <fill>0</fill>
                <outline>1</outline>
            </PolyStyle>
        </Style>
        <Style id="751172">
            <LineStyle id="751174">
                <color>ffffffff</color>
                <colorMode>normal</colorMode>
                <width>1</width>
            </LineStyle>
            <PolyStyle id="751173">
                <colorMode>normal</colorMode>
                <fill>0</fill>
                <outline>1</outline>
            </PolyStyle>
        </Style>
        <Style id="751181">
            <LineStyle id="751183">
                <color>ffffffff</color>
                <colorMode>normal</colorMode>
                <width>1</width>
            </LineStyle>
            <PolyStyle id="751182">
                <colorMode>normal</colorMode>
                <fill>0</fill>
                <outline>1</outline>
            </PolyStyle>
        </Style>
        <Style id="751190">
            <LineStyle id="751192">
                <color>ffffffff</color>
                <colorMode>normal</colorMode>
                <width>1</width>
            </LineStyle>
            <PolyStyle id="751191">
                <colorMode>normal</colorMode>
                <fill>0</fill>
                <outline>1</outline>
            </PolyStyle>
        </Style>
        <Style id="751199">
            <LineStyle id="751201">
                <color>ffffffff</color>
                <colorMode>normal</colorMode>
                <width>1</width>
            </LineStyle>
            <PolyStyle id="751200">
                <colorMode>normal</colorMode>
                <fill>0</fill>
                <outline>1</outline>
            </PolyStyle>
        </Style>
        <Style id="751208">
            <LineStyle id="751210">
                <color>ffffffff</color>
                <colorMode>normal</colorMode>
                <width>1</width>
            </LineStyle>
            <PolyStyle id="751209">
                <colorMode>normal</colorMode>
                <fill>0</fill>
                <outline>1</outline>
            </PolyStyle>
        </Style>
        <Style id="751217">
            <LineStyle id="751219">
                <color>ffffffff</color>
                <colorMode>normal</colorMode>
                <width>1</width>
            </LineStyle>
            <PolyStyle id="751218">
                <colorMode>normal</colorMode>
                <fill>0</fill>
                <outline>1</outline>
            </PolyStyle>
        </Style>
        <Style id="751226">
            <LineStyle id="751228">
                <color>ffffffff</color>
                <colorMode>normal</colorMode>
                <width>1</width>
            </LineStyle>
            <PolyStyle id="751227">
                <colorMode>normal</colorMode>
                <fill>0</fill>
                <outline>1</outline>
            </PolyStyle>
        </Style>
        <Style id="751235">
            <LineStyle id="751237">
                <color>ffffffff</color>
                <colorMode>normal</colorMode>
                <width>1</width>
            </LineStyle>
            <PolyStyle id="751236">
                <colorMode>normal</colorMode>
                <fill>0</fill>
                <outline>1</outline>
            </PolyStyle>
        </Style>
        <Style id="751244">
            <LineStyle id="751246">
                <color>ffffffff</color>
                <colorMode>normal</colorMode>
                <width>1</width>
            </LineStyle>
            <PolyStyle id="751245">
                <colorMode>normal</colorMode>
                <fill>0</fill>
                <outline>1</outline>
            </PolyStyle>
        </Style>
        <Style id="751253">
            <LineStyle id="751255">
                <color>ffffffff</color>
                <colorMode>normal</colorMode>
                <width>1</width>
            </LineStyle>
            <PolyStyle id="751254">
                <colorMode>normal</colorMode>
                <fill>0</fill>
                <outline>1</outline>
            </PolyStyle>
        </Style>
        <Style id="751262">
            <LineStyle id="751264">
                <color>ffffffff</color>
                <colorMode>normal</colorMode>
                <width>1</width>
            </LineStyle>
            <PolyStyle id="751263">
                <colorMode>normal</colorMode>
                <fill>0</fill>
                <outline>1</outline>
            </PolyStyle>
        </Style>
        <Style id="751271">
            <LineStyle id="751273">
                <color>ffffffff</color>
                <colorMode>normal</colorMode>
                <width>1</width>
            </LineStyle>
            <PolyStyle id="751272">
                <colorMode>normal</colorMode>
                <fill>0</fill>
                <outline>1</outline>
            </PolyStyle>
        </Style>
        <Style id="751280">
            <LineStyle id="751282">
                <color>ffffffff</color>
                <colorMode>normal</colorMode>
                <width>1</width>
            </LineStyle>
            <PolyStyle id="751281">
                <colorMode>normal</colorMode>
                <fill>0</fill>
                <outline>1</outline>
            </PolyStyle>
        </Style>
        <Style id="751289">
            <LineStyle id="751291">
                <color>ffffffff</color>
                <colorMode>normal</colorMode>
                <width>1</width>
            </LineStyle>
            <PolyStyle id="751290">
                <colorMode>normal</colorMode>
                <fill>0</fill>
                <outline>1</outline>
            </PolyStyle>
        </Style>
        <Style id="751298">
            <LineStyle id="751300">
                <color>ffffffff</color>
                <colorMode>normal</colorMode>
                <width>1</width>
            </LineStyle>
            <PolyStyle id="751299">
                <colorMode>normal</colorMode>
                <fill>0</fill>
                <outline>1</outline>
            </PolyStyle>
        </Style>
        <Style id="751307">
            <LineStyle id="751309">
                <color>ffffffff</color>
                <colorMode>normal</colorMode>
                <width>1</width>
            </LineStyle>
            <PolyStyle id="751308">
                <colorMode>normal</colorMode>
                <fill>0</fill>
                <outline>1</outline>
            </PolyStyle>
        </Style>
        <Style id="751316">
            <LineStyle id="751318">
                <color>ffffffff</color>
                <colorMode>normal</colorMode>
                <width>1</width>
            </LineStyle>
            <PolyStyle id="751317">
                <colorMode>normal</colorMode>
                <fill>0</fill>
                <outline>1</outline>
            </PolyStyle>
        </Style>
        <Style id="751325">
            <LineStyle id="751327">
                <color>ffffffff</color>
                <colorMode>normal</colorMode>
                <width>1</width>
            </LineStyle>
            <PolyStyle id="751326">
                <colorMode>normal</colorMode>
                <fill>0</fill>
                <outline>1</outline>
            </PolyStyle>
        </Style>
        <Style id="751334">
            <LineStyle id="751336">
                <color>ffffffff</color>
                <colorMode>normal</colorMode>
                <width>1</width>
            </LineStyle>
            <PolyStyle id="751335">
                <colorMode>normal</colorMode>
                <fill>0</fill>
                <outline>1</outline>
            </PolyStyle>
        </Style>
        <Style id="751343">
            <LineStyle id="751345">
                <color>ffffffff</color>
                <colorMode>normal</colorMode>
                <width>1</width>
            </LineStyle>
            <PolyStyle id="751344">
                <colorMode>normal</colorMode>
                <fill>0</fill>
                <outline>1</outline>
            </PolyStyle>
        </Style>
        <Style id="751352">
            <LineStyle id="751354">
                <color>ffffffff</color>
                <colorMode>normal</colorMode>
                <width>1</width>
            </LineStyle>
            <PolyStyle id="751353">
                <colorMode>normal</colorMode>
                <fill>0</fill>
                <outline>1</outline>
            </PolyStyle>
        </Style>
        <Style id="751361">
            <LineStyle id="751363">
                <color>ffffffff</color>
                <colorMode>normal</colorMode>
                <width>1</width>
            </LineStyle>
            <PolyStyle id="751362">
                <colorMode>normal</colorMode>
                <fill>0</fill>
                <outline>1</outline>
            </PolyStyle>
        </Style>
        <Style id="751370">
            <LineStyle id="751372">
                <color>ffffffff</color>
                <colorMode>normal</colorMode>
                <width>1</width>
            </LineStyle>
            <PolyStyle id="751371">
                <colorMode>normal</colorMode>
                <fill>0</fill>
                <outline>1</outline>
            </PolyStyle>
        </Style>
        <Style id="751379">
            <LineStyle id="751381">
                <color>ffffffff</color>
                <colorMode>normal</colorMode>
                <width>1</width>
            </LineStyle>
            <PolyStyle id="751380">
                <colorMode>normal</colorMode>
                <fill>0</fill>
                <outline>1</outline>
            </PolyStyle>
        </Style>
        <Style id="751388">
            <LineStyle id="751390">
                <color>ffffffff</color>
                <colorMode>normal</colorMode>
                <width>1</width>
            </LineStyle>
            <PolyStyle id="751389">
                <colorMode>normal</colorMode>
                <fill>0</fill>
                <outline>1</outline>
            </PolyStyle>
        </Style>
        <Style id="751397">
            <LineStyle id="751399">
                <color>ffffffff</color>
                <colorMode>normal</colorMode>
                <width>1</width>
            </LineStyle>
            <PolyStyle id="751398">
                <colorMode>normal</colorMode>
                <fill>0</fill>
                <outline>1</outline>
            </PolyStyle>
        </Style>
        <Style id="751406">
            <LineStyle id="751408">
                <color>ffffffff</color>
                <colorMode>normal</colorMode>
                <width>1</width>
            </LineStyle>
            <PolyStyle id="751407">
                <colorMode>normal</colorMode>
                <fill>0</fill>
                <outline>1</outline>
            </PolyStyle>
        </Style>
        <Style id="751415">
            <LineStyle id="751417">
                <color>ffffffff</color>
                <colorMode>normal</colorMode>
                <width>1</width>
            </LineStyle>
            <PolyStyle id="751416">
                <colorMode>normal</colorMode>
                <fill>0</fill>
                <outline>1</outline>
            </PolyStyle>
        </Style>
        <Style id="751424">
            <LineStyle id="751426">
                <color>ffffffff</color>
                <colorMode>normal</colorMode>
                <width>1</width>
            </LineStyle>
            <PolyStyle id="751425">
                <colorMode>normal</colorMode>
                <fill>0</fill>
                <outline>1</outline>
            </PolyStyle>
        </Style>
        <Style id="751433">
            <LineStyle id="751435">
                <color>ffffffff</color>
                <colorMode>normal</colorMode>
                <width>1</width>
            </LineStyle>
            <PolyStyle id="751434">
                <colorMode>normal</colorMode>
                <fill>0</fill>
                <outline>1</outline>
            </PolyStyle>
        </Style>
        <Style id="751442">
            <LineStyle id="751444">
                <color>ffffffff</color>
                <colorMode>normal</colorMode>
                <width>1</width>
            </LineStyle>
            <PolyStyle id="751443">
                <colorMode>normal</colorMode>
                <fill>0</fill>
                <outline>1</outline>
            </PolyStyle>
        </Style>
        <Style id="751451">
            <LineStyle id="751453">
                <color>ffffffff</color>
                <colorMode>normal</colorMode>
                <width>1</width>
            </LineStyle>
            <PolyStyle id="751452">
                <colorMode>normal</colorMode>
                <fill>0</fill>
                <outline>1</outline>
            </PolyStyle>
        </Style>
        <Style id="751460">
            <LineStyle id="751462">
                <color>ffffffff</color>
                <colorMode>normal</colorMode>
                <width>1</width>
            </LineStyle>
            <PolyStyle id="751461">
                <colorMode>normal</colorMode>
                <fill>0</fill>
                <outline>1</outline>
            </PolyStyle>
        </Style>
        <Style id="751469">
            <LineStyle id="751471">
                <color>ffffffff</color>
                <colorMode>normal</colorMode>
                <width>1</width>
            </LineStyle>
            <PolyStyle id="751470">
                <colorMode>normal</colorMode>
                <fill>0</fill>
                <outline>1</outline>
            </PolyStyle>
        </Style>
        <Style id="751478">
            <LineStyle id="751480">
                <color>ffffffff</color>
                <colorMode>normal</colorMode>
                <width>1</width>
            </LineStyle>
            <PolyStyle id="751479">
                <colorMode>normal</colorMode>
                <fill>0</fill>
                <outline>1</outline>
            </PolyStyle>
        </Style>
        <Style id="751487">
            <LineStyle id="751489">
                <color>ffffffff</color>
                <colorMode>normal</colorMode>
                <width>1</width>
            </LineStyle>
            <PolyStyle id="751488">
                <colorMode>normal</colorMode>
                <fill>0</fill>
                <outline>1</outline>
            </PolyStyle>
        </Style>
        <Style id="751496">
            <LineStyle id="751498">
                <color>ffffffff</color>
                <colorMode>normal</colorMode>
                <width>1</width>
            </LineStyle>
            <PolyStyle id="751497">
                <colorMode>normal</colorMode>
                <fill>0</fill>
                <outline>1</outline>
            </PolyStyle>
        </Style>
        <Style id="751505">
            <LineStyle id="751507">
                <color>ffffffff</color>
                <colorMode>normal</colorMode>
                <width>1</width>
            </LineStyle>
            <PolyStyle id="751506">
                <colorMode>normal</colorMode>
                <fill>0</fill>
                <outline>1</outline>
            </PolyStyle>
        </Style>
        <Style id="751514">
            <LineStyle id="751516">
                <color>ffffffff</color>
                <colorMode>normal</colorMode>
                <width>1</width>
            </LineStyle>
            <PolyStyle id="751515">
                <colorMode>normal</colorMode>
                <fill>0</fill>
                <outline>1</outline>
            </PolyStyle>
        </Style>
        <Style id="751523">
            <LineStyle id="751525">
                <color>ffffffff</color>
                <colorMode>normal</colorMode>
                <width>1</width>
            </LineStyle>
            <PolyStyle id="751524">
                <colorMode>normal</colorMode>
                <fill>0</fill>
                <outline>1</outline>
            </PolyStyle>
        </Style>
        <Style id="751532">
            <LineStyle id="751534">
                <color>ffffffff</color>
                <colorMode>normal</colorMode>
                <width>1</width>
            </LineStyle>
            <PolyStyle id="751533">
                <colorMode>normal</colorMode>
                <fill>0</fill>
                <outline>1</outline>
            </PolyStyle>
        </Style>
        <Style id="751541">
            <LineStyle id="751543">
                <color>ffffffff</color>
                <colorMode>normal</colorMode>
                <width>1</width>
            </LineStyle>
            <PolyStyle id="751542">
                <colorMode>normal</colorMode>
                <fill>0</fill>
                <outline>1</outline>
            </PolyStyle>
        </Style>
        <Style id="751550">
            <LineStyle id="751552">
                <color>ffffffff</color>
                <colorMode>normal</colorMode>
                <width>1</width>
            </LineStyle>
            <PolyStyle id="751551">
                <colorMode>normal</colorMode>
                <fill>0</fill>
                <outline>1</outline>
            </PolyStyle>
        </Style>
        <Style id="751559">
            <LineStyle id="751561">
                <color>ffffffff</color>
                <colorMode>normal</colorMode>
                <width>1</width>
            </LineStyle>
            <PolyStyle id="751560">
                <colorMode>normal</colorMode>
                <fill>0</fill>
                <outline>1</outline>
            </PolyStyle>
        </Style>
        <Style id="751568">
            <LineStyle id="751570">
                <color>ffffffff</color>
                <colorMode>normal</colorMode>
                <width>1</width>
            </LineStyle>
            <PolyStyle id="751569">
                <colorMode>normal</colorMode>
                <fill>0</fill>
                <outline>1</outline>
            </PolyStyle>
        </Style>
        <Style id="751577">
            <LineStyle id="751579">
                <color>ffffffff</color>
                <colorMode>normal</colorMode>
                <width>1</width>
            </LineStyle>
            <PolyStyle id="751578">
                <colorMode>normal</colorMode>
                <fill>0</fill>
                <outline>1</outline>
            </PolyStyle>
        </Style>
        <Style id="751586">
            <LineStyle id="751588">
                <color>ffffffff</color>
                <colorMode>normal</colorMode>
                <width>1</width>
            </LineStyle>
            <PolyStyle id="751587">
                <colorMode>normal</colorMode>
                <fill>0</fill>
                <outline>1</outline>
            </PolyStyle>
        </Style>
        <Style id="751595">
            <LineStyle id="751597">
                <color>ffffffff</color>
                <colorMode>normal</colorMode>
                <width>1</width>
            </LineStyle>
            <PolyStyle id="751596">
                <colorMode>normal</colorMode>
                <fill>0</fill>
                <outline>1</outline>
            </PolyStyle>
        </Style>
        <Style id="751604">
            <LineStyle id="751606">
                <color>ffffffff</color>
                <colorMode>normal</colorMode>
                <width>1</width>
            </LineStyle>
            <PolyStyle id="751605">
                <colorMode>normal</colorMode>
                <fill>0</fill>
                <outline>1</outline>
            </PolyStyle>
        </Style>
        <Style id="751613">
            <LineStyle id="751615">
                <color>ffffffff</color>
                <colorMode>normal</colorMode>
                <width>1</width>
            </LineStyle>
            <PolyStyle id="751614">
                <colorMode>normal</colorMode>
                <fill>0</fill>
                <outline>1</outline>
            </PolyStyle>
        </Style>
        <Style id="751622">
            <LineStyle id="751624">
                <color>ffffffff</color>
                <colorMode>normal</colorMode>
                <width>1</width>
            </LineStyle>
            <PolyStyle id="751623">
                <colorMode>normal</colorMode>
                <fill>0</fill>
                <outline>1</outline>
            </PolyStyle>
        </Style>
        <Style id="751631">
            <LineStyle id="751633">
                <color>ffffffff</color>
                <colorMode>normal</colorMode>
                <width>1</width>
            </LineStyle>
            <PolyStyle id="751632">
                <colorMode>normal</colorMode>
                <fill>0</fill>
                <outline>1</outline>
            </PolyStyle>
        </Style>
        <Style id="751640">
            <LineStyle id="751642">
                <color>ffffffff</color>
                <colorMode>normal</colorMode>
                <width>1</width>
            </LineStyle>
            <PolyStyle id="751641">
                <colorMode>normal</colorMode>
                <fill>0</fill>
                <outline>1</outline>
            </PolyStyle>
        </Style>
        <Style id="751649">
            <LineStyle id="751651">
                <color>ffffffff</color>
                <colorMode>normal</colorMode>
                <width>1</width>
            </LineStyle>
            <PolyStyle id="751650">
                <colorMode>normal</colorMode>
                <fill>0</fill>
                <outline>1</outline>
            </PolyStyle>
        </Style>
        <Style id="751658">
            <LineStyle id="751660">
                <color>ffffffff</color>
                <colorMode>normal</colorMode>
                <width>1</width>
            </LineStyle>
            <PolyStyle id="751659">
                <colorMode>normal</colorMode>
                <fill>0</fill>
                <outline>1</outline>
            </PolyStyle>
        </Style>
        <Style id="751667">
            <LineStyle id="751669">
                <color>ffffffff</color>
                <colorMode>normal</colorMode>
                <width>1</width>
            </LineStyle>
            <PolyStyle id="751668">
                <colorMode>normal</colorMode>
                <fill>0</fill>
                <outline>1</outline>
            </PolyStyle>
        </Style>
        <Style id="751676">
            <LineStyle id="751678">
                <color>ffffffff</color>
                <colorMode>normal</colorMode>
                <width>1</width>
            </LineStyle>
            <PolyStyle id="751677">
                <colorMode>normal</colorMode>
                <fill>0</fill>
                <outline>1</outline>
            </PolyStyle>
        </Style>
        <Style id="751685">
            <LineStyle id="751687">
                <color>ffffffff</color>
                <colorMode>normal</colorMode>
                <width>1</width>
            </LineStyle>
            <PolyStyle id="751686">
                <colorMode>normal</colorMode>
                <fill>0</fill>
                <outline>1</outline>
            </PolyStyle>
        </Style>
        <Style id="751694">
            <LineStyle id="751696">
                <color>ffffffff</color>
                <colorMode>normal</colorMode>
                <width>1</width>
            </LineStyle>
            <PolyStyle id="751695">
                <colorMode>normal</colorMode>
                <fill>0</fill>
                <outline>1</outline>
            </PolyStyle>
        </Style>
        <Style id="751703">
            <LineStyle id="751705">
                <color>ffffffff</color>
                <colorMode>normal</colorMode>
                <width>1</width>
            </LineStyle>
            <PolyStyle id="751704">
                <colorMode>normal</colorMode>
                <fill>0</fill>
                <outline>1</outline>
            </PolyStyle>
        </Style>
        <Style id="751712">
            <LineStyle id="751714">
                <color>ffffffff</color>
                <colorMode>normal</colorMode>
                <width>1</width>
            </LineStyle>
            <PolyStyle id="751713">
                <colorMode>normal</colorMode>
                <fill>0</fill>
                <outline>1</outline>
            </PolyStyle>
        </Style>
        <Style id="751721">
            <LineStyle id="751723">
                <color>ffffffff</color>
                <colorMode>normal</colorMode>
                <width>1</width>
            </LineStyle>
            <PolyStyle id="751722">
                <colorMode>normal</colorMode>
                <fill>0</fill>
                <outline>1</outline>
            </PolyStyle>
        </Style>
        <Style id="751730">
            <LineStyle id="751732">
                <color>ffffffff</color>
                <colorMode>normal</colorMode>
                <width>1</width>
            </LineStyle>
            <PolyStyle id="751731">
                <colorMode>normal</colorMode>
                <fill>0</fill>
                <outline>1</outline>
            </PolyStyle>
        </Style>
        <Style id="751739">
            <LineStyle id="751741">
                <color>ffffffff</color>
                <colorMode>normal</colorMode>
                <width>1</width>
            </LineStyle>
            <PolyStyle id="751740">
                <colorMode>normal</colorMode>
                <fill>0</fill>
                <outline>1</outline>
            </PolyStyle>
        </Style>
        <Style id="751748">
            <LineStyle id="751750">
                <color>ffffffff</color>
                <colorMode>normal</colorMode>
                <width>1</width>
            </LineStyle>
            <PolyStyle id="751749">
                <colorMode>normal</colorMode>
                <fill>0</fill>
                <outline>1</outline>
            </PolyStyle>
        </Style>
        <Style id="751757">
            <LineStyle id="751759">
                <color>ffffffff</color>
                <colorMode>normal</colorMode>
                <width>1</width>
            </LineStyle>
            <PolyStyle id="751758">
                <colorMode>normal</colorMode>
                <fill>0</fill>
                <outline>1</outline>
            </PolyStyle>
        </Style>
        <Style id="751766">
            <LineStyle id="751768">
                <color>ffffffff</color>
                <colorMode>normal</colorMode>
                <width>1</width>
            </LineStyle>
            <PolyStyle id="751767">
                <colorMode>normal</colorMode>
                <fill>0</fill>
                <outline>1</outline>
            </PolyStyle>
        </Style>
        <Style id="751775">
            <LineStyle id="751777">
                <color>ffffffff</color>
                <colorMode>normal</colorMode>
                <width>1</width>
            </LineStyle>
            <PolyStyle id="751776">
                <colorMode>normal</colorMode>
                <fill>0</fill>
                <outline>1</outline>
            </PolyStyle>
        </Style>
        <Style id="751784">
            <LineStyle id="751786">
                <color>ffffffff</color>
                <colorMode>normal</colorMode>
                <width>1</width>
            </LineStyle>
            <PolyStyle id="751785">
                <colorMode>normal</colorMode>
                <fill>0</fill>
                <outline>1</outline>
            </PolyStyle>
        </Style>
        <Style id="751793">
            <LineStyle id="751795">
                <color>ffffffff</color>
                <colorMode>normal</colorMode>
                <width>1</width>
            </LineStyle>
            <PolyStyle id="751794">
                <colorMode>normal</colorMode>
                <fill>0</fill>
                <outline>1</outline>
            </PolyStyle>
        </Style>
        <Style id="751802">
            <LineStyle id="751804">
                <color>ffffffff</color>
                <colorMode>normal</colorMode>
                <width>1</width>
            </LineStyle>
            <PolyStyle id="751803">
                <colorMode>normal</colorMode>
                <fill>0</fill>
                <outline>1</outline>
            </PolyStyle>
        </Style>
        <Style id="751811">
            <LineStyle id="751813">
                <color>ffffffff</color>
                <colorMode>normal</colorMode>
                <width>1</width>
            </LineStyle>
            <PolyStyle id="751812">
                <colorMode>normal</colorMode>
                <fill>0</fill>
                <outline>1</outline>
            </PolyStyle>
        </Style>
        <Style id="751820">
            <LineStyle id="751822">
                <color>ffffffff</color>
                <colorMode>normal</colorMode>
                <width>1</width>
            </LineStyle>
            <PolyStyle id="751821">
                <colorMode>normal</colorMode>
                <fill>0</fill>
                <outline>1</outline>
            </PolyStyle>
        </Style>
        <Style id="751829">
            <LineStyle id="751831">
                <color>ffffffff</color>
                <colorMode>normal</colorMode>
                <width>1</width>
            </LineStyle>
            <PolyStyle id="751830">
                <colorMode>normal</colorMode>
                <fill>0</fill>
                <outline>1</outline>
            </PolyStyle>
        </Style>
        <Style id="751838">
            <LineStyle id="751840">
                <color>ffffffff</color>
                <colorMode>normal</colorMode>
                <width>1</width>
            </LineStyle>
            <PolyStyle id="751839">
                <colorMode>normal</colorMode>
                <fill>0</fill>
                <outline>1</outline>
            </PolyStyle>
        </Style>
        <Style id="751847">
            <LineStyle id="751849">
                <color>ffffffff</color>
                <colorMode>normal</colorMode>
                <width>1</width>
            </LineStyle>
            <PolyStyle id="751848">
                <colorMode>normal</colorMode>
                <fill>0</fill>
                <outline>1</outline>
            </PolyStyle>
        </Style>
        <Style id="751856">
            <LineStyle id="751858">
                <color>ffffffff</color>
                <colorMode>normal</colorMode>
                <width>1</width>
            </LineStyle>
            <PolyStyle id="751857">
                <colorMode>normal</colorMode>
                <fill>0</fill>
                <outline>1</outline>
            </PolyStyle>
        </Style>
        <Style id="751865">
            <LineStyle id="751867">
                <color>ffffffff</color>
                <colorMode>normal</colorMode>
                <width>1</width>
            </LineStyle>
            <PolyStyle id="751866">
                <colorMode>normal</colorMode>
                <fill>0</fill>
                <outline>1</outline>
            </PolyStyle>
        </Style>
        <Style id="751874">
            <LineStyle id="751876">
                <color>ffffffff</color>
                <colorMode>normal</colorMode>
                <width>1</width>
            </LineStyle>
            <PolyStyle id="751875">
                <colorMode>normal</colorMode>
                <fill>0</fill>
                <outline>1</outline>
            </PolyStyle>
        </Style>
        <Style id="751883">
            <LineStyle id="751885">
                <color>ffffffff</color>
                <colorMode>normal</colorMode>
                <width>1</width>
            </LineStyle>
            <PolyStyle id="751884">
                <colorMode>normal</colorMode>
                <fill>0</fill>
                <outline>1</outline>
            </PolyStyle>
        </Style>
        <Style id="751892">
            <LineStyle id="751894">
                <color>ffffffff</color>
                <colorMode>normal</colorMode>
                <width>1</width>
            </LineStyle>
            <PolyStyle id="751893">
                <colorMode>normal</colorMode>
                <fill>0</fill>
                <outline>1</outline>
            </PolyStyle>
        </Style>
        <Style id="751901">
            <LineStyle id="751903">
                <color>ffffffff</color>
                <colorMode>normal</colorMode>
                <width>1</width>
            </LineStyle>
            <PolyStyle id="751902">
                <colorMode>normal</colorMode>
                <fill>0</fill>
                <outline>1</outline>
            </PolyStyle>
        </Style>
        <Style id="751910">
            <LineStyle id="751912">
                <color>ffffffff</color>
                <colorMode>normal</colorMode>
                <width>1</width>
            </LineStyle>
            <PolyStyle id="751911">
                <colorMode>normal</colorMode>
                <fill>0</fill>
                <outline>1</outline>
            </PolyStyle>
        </Style>
        <Style id="751919">
            <LineStyle id="751921">
                <color>ffffffff</color>
                <colorMode>normal</colorMode>
                <width>1</width>
            </LineStyle>
            <PolyStyle id="751920">
                <colorMode>normal</colorMode>
                <fill>0</fill>
                <outline>1</outline>
            </PolyStyle>
        </Style>
        <Style id="751928">
            <LineStyle id="751930">
                <color>ffffffff</color>
                <colorMode>normal</colorMode>
                <width>1</width>
            </LineStyle>
            <PolyStyle id="751929">
                <colorMode>normal</colorMode>
                <fill>0</fill>
                <outline>1</outline>
            </PolyStyle>
        </Style>
        <Style id="751937">
            <LineStyle id="751939">
                <color>ffffffff</color>
                <colorMode>normal</colorMode>
                <width>1</width>
            </LineStyle>
            <PolyStyle id="751938">
                <colorMode>normal</colorMode>
                <fill>0</fill>
                <outline>1</outline>
            </PolyStyle>
        </Style>
        <Style id="751946">
            <LineStyle id="751948">
                <color>ffffffff</color>
                <colorMode>normal</colorMode>
                <width>1</width>
            </LineStyle>
            <PolyStyle id="751947">
                <colorMode>normal</colorMode>
                <fill>0</fill>
                <outline>1</outline>
            </PolyStyle>
        </Style>
        <Style id="751955">
            <LineStyle id="751957">
                <color>ffffffff</color>
                <colorMode>normal</colorMode>
                <width>1</width>
            </LineStyle>
            <PolyStyle id="751956">
                <colorMode>normal</colorMode>
                <fill>0</fill>
                <outline>1</outline>
            </PolyStyle>
        </Style>
        <Style id="751964">
            <LineStyle id="751966">
                <color>ffffffff</color>
                <colorMode>normal</colorMode>
                <width>1</width>
            </LineStyle>
            <PolyStyle id="751965">
                <colorMode>normal</colorMode>
                <fill>0</fill>
                <outline>1</outline>
            </PolyStyle>
        </Style>
        <Style id="751973">
            <LineStyle id="751975">
                <color>ffffffff</color>
                <colorMode>normal</colorMode>
                <width>1</width>
            </LineStyle>
            <PolyStyle id="751974">
                <colorMode>normal</colorMode>
                <fill>0</fill>
                <outline>1</outline>
            </PolyStyle>
        </Style>
        <Style id="751982">
            <LineStyle id="751984">
                <color>ffffffff</color>
                <colorMode>normal</colorMode>
                <width>1</width>
            </LineStyle>
            <PolyStyle id="751983">
                <colorMode>normal</colorMode>
                <fill>0</fill>
                <outline>1</outline>
            </PolyStyle>
        </Style>
        <Style id="751991">
            <LineStyle id="751993">
                <color>ffffffff</color>
                <colorMode>normal</colorMode>
                <width>1</width>
            </LineStyle>
            <PolyStyle id="751992">
                <colorMode>normal</colorMode>
                <fill>0</fill>
                <outline>1</outline>
            </PolyStyle>
        </Style>
        <Style id="752000">
            <LineStyle id="752002">
                <color>ffffffff</color>
                <colorMode>normal</colorMode>
                <width>1</width>
            </LineStyle>
            <PolyStyle id="752001">
                <colorMode>normal</colorMode>
                <fill>0</fill>
                <outline>1</outline>
            </PolyStyle>
        </Style>
        <Style id="752009">
            <LineStyle id="752011">
                <color>ffffffff</color>
                <colorMode>normal</colorMode>
                <width>1</width>
            </LineStyle>
            <PolyStyle id="752010">
                <colorMode>normal</colorMode>
                <fill>0</fill>
                <outline>1</outline>
            </PolyStyle>
        </Style>
        <Style id="752018">
            <LineStyle id="752020">
                <color>ffffffff</color>
                <colorMode>normal</colorMode>
                <width>1</width>
            </LineStyle>
            <PolyStyle id="752019">
                <colorMode>normal</colorMode>
                <fill>0</fill>
                <outline>1</outline>
            </PolyStyle>
        </Style>
        <Style id="752027">
            <LineStyle id="752029">
                <color>ffffffff</color>
                <colorMode>normal</colorMode>
                <width>1</width>
            </LineStyle>
            <PolyStyle id="752028">
                <colorMode>normal</colorMode>
                <fill>0</fill>
                <outline>1</outline>
            </PolyStyle>
        </Style>
        <Style id="752036">
            <LineStyle id="752038">
                <color>ffffffff</color>
                <colorMode>normal</colorMode>
                <width>1</width>
            </LineStyle>
            <PolyStyle id="752037">
                <colorMode>normal</colorMode>
                <fill>0</fill>
                <outline>1</outline>
            </PolyStyle>
        </Style>
        <Placemark id="751140">
            <name>Parcel_82200</name>
            <styleUrl>#751145</styleUrl>
            <Polygon id="751139">
                <outerBoundaryIs>
                    <LinearRing id="751143">
                        <coordinates>-78.85543876011207,33.72812125712893,0.0 -78.85569992667926,33.72833626867886,0.0 -78.85557394087616,33.72844095722861,0.0 -78.8553110712696,33.72822832138601,0.0 -78.85543876011207,33.72812125712893,0.0</coordinates>
                    </LinearRing>
                </outerBoundaryIs>
            </Polygon>
        </Placemark>
        <Placemark id="751149">
            <name>Parcel_82201</name>
            <styleUrl>#751154</styleUrl>
            <Polygon id="751148">
                <outerBoundaryIs>
                    <LinearRing id="751152">
                        <coordinates>-78.8753475762431,33.728062586720064,0.0 -78.8754924478833,33.7277910215011,0.0 -78.87566694895521,33.727852954185586,0.0 -78.87567183880631,33.72785475548932,0.0 -78.87567009405835,33.7278588501247,0.0 -78.87553342368953,33.72813141598334,0.0 -78.8753475762431,33.728062586720064,0.0</coordinates>
                    </LinearRing>
                </outerBoundaryIs>
            </Polygon>
        </Placemark>
        <Placemark id="751158">
            <name>Parcel_82202</name>
            <styleUrl>#751163</styleUrl>
            <Polygon id="751157">
                <outerBoundaryIs>
                    <LinearRing id="751161">
                        <coordinates>-78.78965134602784,33.762085629059705,0.0 -78.78979189326084,33.76199569929083,0.0 -78.78989834520003,33.762112551882076,0.0 -78.7899071519682,33.76212215901531,0.0 -78.78976493216608,33.76221308997114,0.0 -78.78965134602784,33.762085629059705,0.0</coordinates>
                    </LinearRing>
                </outerBoundaryIs>
            </Polygon>
        </Placemark>
        <Placemark id="751167">
            <name>Parcel_82203</name>
            <styleUrl>#751172</styleUrl>
            <Polygon id="751166">
                <outerBoundaryIs>
                    <LinearRing id="751170">
                        <coordinates>-78.78938765837435,33.76203555555126,0.0 -78.78952735251633,33.76194681314469,0.0 -78.78965134602784,33.762085629059705,0.0 -78.7895133089536,33.762173884391174,0.0 -78.78938765837435,33.76203555555126,0.0</coordinates>
                    </LinearRing>
                </outerBoundaryIs>
            </Polygon>
        </Placemark>
        <Placemark id="751176">
            <name>Parcel_82204</name>
            <styleUrl>#751181</styleUrl>
            <Polygon id="751175">
                <outerBoundaryIs>
                    <LinearRing id="751179">
                        <coordinates>-78.95225065931075,33.766441855781096,0.0 -78.9524577381599,33.766384805948434,0.0 -78.95248942698798,33.76647553483615,0.0 -78.95256330645596,33.76668706165122,0.0 -78.952366035638,33.766746852598466,0.0 -78.95226197551285,33.76647176879835,0.0 -78.95225065931075,33.766441855781096,0.0</coordinates>
                    </LinearRing>
                </outerBoundaryIs>
            </Polygon>
        </Placemark>
        <Placemark id="751185">
            <name>Parcel_82205</name>
            <styleUrl>#751190</styleUrl>
            <Polygon id="751184">
                <outerBoundaryIs>
                    <LinearRing id="751188">
                        <coordinates>-79.01818208744454,33.76757961427913,0.0 -79.01853062357493,33.76752420165164,0.0 -79.01856577181037,33.76774949855948,0.0 -79.0182163147062,33.767809190568876,0.0 -79.01818208744454,33.76757961427913,0.0</coordinates>
                    </LinearRing>
                </outerBoundaryIs>
            </Polygon>
        </Placemark>
        <Placemark id="751194">
            <name>Parcel_82206</name>
            <styleUrl>#751199</styleUrl>
            <Polygon id="751193">
                <outerBoundaryIs>
                    <LinearRing id="751197">
                        <coordinates>-79.07320233135698,33.768414426700566,0.0 -79.07302448783341,33.768401003786835,0.0 -79.07300969025809,33.7684114266546,0.0 -79.0729994075496,33.7684186693631,0.0 -79.07275193534183,33.76859297134391,0.0 -79.07257642936948,33.768566355029826,0.0 -79.07257480825896,33.768565297995416,0.0 -79.0726213843027,33.76840537856083,0.0 -79.07274681663132,33.7679747029189,0.0 -79.07280920479481,33.767760394873726,0.0 -79.07301312033292,33.76780448044583,0.0 -79.07350202813522,33.76791018066845,0.0 -79.0737206865494,33.76795739694612,0.0 -79.07402114596107,33.7680265055617,0.0 -79.07380660313153,33.768423835222535,0.0 -79.07374818379418,33.76853202581837,0.0 -79.07366968896002,33.76861997620977,0.0 -79.07363828726116,33.7686627833589,0.0 -79.07347275493127,33.76848426932615,0.0 -79.07336295118897,33.7684265493847,0.0 -79.07320233135698,33.768414426700566,0.0</coordinates>
                    </LinearRing>
                </outerBoundaryIs>
            </Polygon>
        </Placemark>
        <Placemark id="751203">
            <name>Parcel_82207</name>
            <styleUrl>#751208</styleUrl>
            <Polygon id="751202">
                <outerBoundaryIs>
                    <LinearRing id="751206">
                        <coordinates>-78.95166284848271,33.76610601395454,0.0 -78.95181855258863,33.76606392093413,0.0 -78.95185168365674,33.76605484762355,0.0 -78.95196857796647,33.76636519497509,0.0 -78.95181530439449,33.766408876132864,0.0 -78.9517813535989,33.766417764498996,0.0 -78.95166286477026,33.76610605571286,0.0 -78.95166284848271,33.76610601395454,0.0</coordinates>
                    </LinearRing>
                </outerBoundaryIs>
            </Polygon>
        </Placemark>
        <Placemark id="751212">
            <name>Parcel_82208</name>
            <styleUrl>#751217</styleUrl>
            <Polygon id="751211">
                <outerBoundaryIs>
                    <LinearRing id="751215">
                        <coordinates>-78.80368685570025,33.761715378411076,0.0 -78.80370684140406,33.76131796293569,0.0 -78.80374137878073,33.761318919705154,0.0 -78.8039230913657,33.76132455181395,0.0 -78.80413355219709,33.76133223986746,0.0 -78.80411308776239,33.76174854824541,0.0 -78.8040810625021,33.761745917947685,0.0 -78.80404821696129,33.76174310080846,0.0 -78.80372143914089,33.76171444640529,0.0 -78.80368685570025,33.761715378411076,0.0</coordinates>
                    </LinearRing>
                </outerBoundaryIs>
            </Polygon>
        </Placemark>
        <Placemark id="751221">
            <name>Parcel_82209</name>
            <styleUrl>#751226</styleUrl>
            <Polygon id="751220">
                <outerBoundaryIs>
                    <LinearRing id="751224">
                        <coordinates>-78.95354616747395,33.764070909707165,0.0 -78.95371251148362,33.76378810259667,0.0 -78.95372639818545,33.7637924549843,0.0 -78.95375979991087,33.763806581430416,0.0 -78.9537866139641,33.7638209975679,0.0 -78.95380530183068,33.76383104385155,0.0 -78.95383688852255,33.763852357483756,0.0 -78.95388526017844,33.76389456586214,0.0 -78.9539076859735,33.7639205370513,0.0 -78.95392282067776,33.763941576776894,0.0 -78.95394100340525,33.76397297774412,0.0 -78.95395114989977,33.76399616814635,0.0 -78.95395962790398,33.764020363662404,0.0 -78.95396704830564,33.76405450618456,0.0 -78.95377979161643,33.76410875029179,0.0 -78.95361076310844,33.7641577153892,0.0 -78.95361041623659,33.76415781607938,0.0 -78.95352044513756,33.764184055880705,0.0 -78.95349773947085,33.76416993493034,0.0 -78.9535461572457,33.764070931184285,0.0 -78.95354616747395,33.764070909707165,0.0</coordinates>
                    </LinearRing>
                </outerBoundaryIs>
            </Polygon>
        </Placemark>
        <Placemark id="751230">
            <name>Parcel_82210</name>
            <styleUrl>#751235</styleUrl>
            <Polygon id="751229">
                <outerBoundaryIs>
                    <LinearRing id="751233">
                        <coordinates>-79.00307621187352,33.767077473654034,0.0 -79.00307641265242,33.76707738399692,0.0 -79.00361077479263,33.766842294385356,0.0 -79.00365908021423,33.76692399845359,0.0 -79.00370406069125,33.767007195644275,0.0 -79.00317623663584,33.767235613261434,0.0 -79.00311324276072,33.76713602139509,0.0 -79.00307621187352,33.767077473654034,0.0</coordinates>
                    </LinearRing>
                </outerBoundaryIs>
            </Polygon>
        </Placemark>
        <Placemark id="751239">
            <name>Parcel_82211</name>
            <styleUrl>#751244</styleUrl>
            <Polygon id="751238">
                <outerBoundaryIs>
                    <LinearRing id="751242">
                        <coordinates>-79.1666993909425,33.769242766858035,0.0 -79.16678261740321,33.76919864200824,0.0 -79.16697829629805,33.76909037921945,0.0 -79.16697840229924,33.76909032036304,0.0 -79.16705407243843,33.76904837780492,0.0 -79.16725144225926,33.76893790565384,0.0 -79.16788275543847,33.76938957799357,0.0 -79.16788288311142,33.7693896682694,0.0 -79.1678677282013,33.7693976276363,0.0 -79.16786124665265,33.76940103190525,0.0 -79.1678503065923,33.76940695858523,0.0 -79.16783076213784,33.769417548705086,0.0 -79.16780630374198,33.769430799692444,0.0 -79.16780599680256,33.76943096380119,0.0 -79.16760995803952,33.76953574306026,0.0 -79.16760987173855,33.76953578958248,0.0 -79.1675083697683,33.76958806258432,0.0 -79.16749204556142,33.7695964645535,0.0 -79.16732699405038,33.76968141874512,0.0 -79.1666993909425,33.769242766858035,0.0</coordinates>
                    </LinearRing>
                </outerBoundaryIs>
            </Polygon>
        </Placemark>
        <Placemark id="751248">
            <name>Parcel_82212</name>
            <styleUrl>#751253</styleUrl>
            <Polygon id="751247">
                <outerBoundaryIs>
                    <LinearRing id="751251">
                        <coordinates>-78.84326082798334,33.72180044625202,0.0 -78.84403681524546,33.722411237357385,0.0 -78.84393767060284,33.72249490398763,0.0 -78.8438645792743,33.722556343366314,0.0 -78.84310960855332,33.72192736186604,0.0 -78.84326082798334,33.72180044625202,0.0</coordinates>
                    </LinearRing>
                </outerBoundaryIs>
            </Polygon>
        </Placemark>
        <Placemark id="751257">
            <name>Parcel_82213</name>
            <styleUrl>#751262</styleUrl>
            <Polygon id="751256">
                <outerBoundaryIs>
                    <LinearRing id="751260">
                        <coordinates>-78.95722281771043,33.72680111983465,0.0 -78.95752174597885,33.72702959415007,0.0 -78.95735628838553,33.72717411011446,0.0 -78.95732790550437,33.727156974487315,0.0 -78.95720328182202,33.72707055185601,0.0 -78.95704904868728,33.726949277206245,0.0 -78.95722281771043,33.72680111983465,0.0</coordinates>
                    </LinearRing>
                </outerBoundaryIs>
            </Polygon>
        </Placemark>
        <Placemark id="751266">
            <name>Parcel_82214</name>
            <styleUrl>#751271</styleUrl>
            <Polygon id="751265">
                <outerBoundaryIs>
                    <LinearRing id="751269">
                        <coordinates>-78.88276100215555,33.72277121330415,0.0 -78.88313846211457,33.72250551279671,0.0 -78.88312395657015,33.72313069345803,0.0 -78.88308694190367,33.72313074620918,0.0 -78.88305481066702,33.72313294530028,0.0 -78.88298379834916,33.72314427211038,0.0 -78.88293909058724,33.72315622238283,0.0 -78.88293494302523,33.72315769731483,0.0 -78.88276100215555,33.72277121330415,0.0</coordinates>
                    </LinearRing>
                </outerBoundaryIs>
            </Polygon>
        </Placemark>
        <Placemark id="751275">
            <name>Parcel_82215</name>
            <styleUrl>#751280</styleUrl>
            <Polygon id="751274">
                <outerBoundaryIs>
                    <LinearRing id="751278">
                        <coordinates>-78.8305343005646,33.73492890723153,0.0 -78.83088793140568,33.734638030371585,0.0 -78.83100224010062,33.73474214807911,0.0 -78.83065454530113,33.735033469417274,0.0 -78.8305343005646,33.73492890723153,0.0</coordinates>
                    </LinearRing>
                </outerBoundaryIs>
            </Polygon>
        </Placemark>
        <Placemark id="751284">
            <name>Parcel_82216</name>
            <styleUrl>#751289</styleUrl>
            <Polygon id="751283">
                <outerBoundaryIs>
                    <LinearRing id="751287">
                        <coordinates>-78.83567376933777,33.73297085565782,0.0 -78.83569981513101,33.73294914684154,0.0 -78.83606611557994,33.73264404326761,0.0 -78.83614320960629,33.73265329777582,0.0 -78.83626609314075,33.73313294206445,0.0 -78.8359452428166,33.73320000775169,0.0 -78.83567376933777,33.73297085565782,0.0</coordinates>
                    </LinearRing>
                </outerBoundaryIs>
            </Polygon>
        </Placemark>
        <Placemark id="751293">
            <name>Parcel_82217</name>
            <styleUrl>#751298</styleUrl>
            <Polygon id="751292">
                <outerBoundaryIs>
                    <LinearRing id="751296">
                        <coordinates>-78.82605525644173,33.75370740992233,0.0 -78.82607374684996,33.753691926346,0.0 -78.82646450125627,33.75401580802096,0.0 -78.82648560367917,33.754033298744126,0.0 -78.82653799221602,33.75407672098298,0.0 -78.82651615583183,33.75409437997502,0.0 -78.8264833836372,33.75412150312072,0.0 -78.82630859603981,33.75426616181456,0.0 -78.8259965724603,33.754007582854705,0.0 -78.82584596201566,33.753882769225235,0.0 -78.82605525644173,33.75370740992233,0.0</coordinates>
                    </LinearRing>
                </outerBoundaryIs>
            </Polygon>
        </Placemark>
        <Placemark id="751302">
            <name>Parcel_82218</name>
            <styleUrl>#751307</styleUrl>
            <Polygon id="751301">
                <outerBoundaryIs>
                    <LinearRing id="751305">
                        <coordinates>-78.79994523378899,33.758808809115436,0.0 -78.800011696167,33.75852562409647,0.0 -78.80072645610554,33.75869881861756,0.0 -78.80071665945633,33.75872802567737,0.0 -78.80067212204455,33.75886125646091,0.0 -78.80064760983443,33.75895137166065,0.0 -78.79994523378899,33.758808809115436,0.0</coordinates>
                    </LinearRing>
                </outerBoundaryIs>
            </Polygon>
        </Placemark>
        <Placemark id="751311">
            <name>Parcel_82219</name>
            <styleUrl>#751316</styleUrl>
            <Polygon id="751310">
                <outerBoundaryIs>
                    <LinearRing id="751314">
                        <coordinates>-78.82603970178424,33.754488412933235,0.0 -78.82608087508285,33.754454429368515,0.0 -78.82644696310398,33.7547489699641,0.0 -78.82644701388969,33.75474901144424,0.0 -78.82639573771051,33.75479209689804,0.0 -78.82628292045993,33.75488672085937,0.0 -78.826209131786,33.75494861141266,0.0 -78.82584138372775,33.754652626688916,0.0 -78.82603970178424,33.754488412933235,0.0</coordinates>
                    </LinearRing>
                </outerBoundaryIs>
            </Polygon>
        </Placemark>
        <Placemark id="751320">
            <name>Parcel_82220</name>
            <styleUrl>#751325</styleUrl>
            <Polygon id="751319">
                <outerBoundaryIs>
                    <LinearRing id="751323">
                        <coordinates>-79.01501856667056,33.75807561680492,0.0 -79.01491409807986,33.75803871887256,0.0 -79.01505966762356,33.75775532501822,0.0 -79.01518617184796,33.75780013624332,0.0 -79.01528656652933,33.75783542270623,0.0 -79.01514098645795,33.75811916027543,0.0 -79.01501856667056,33.75807561680492,0.0</coordinates>
                    </LinearRing>
                </outerBoundaryIs>
            </Polygon>
        </Placemark>
        <Placemark id="751329">
            <name>Parcel_82221</name>
            <styleUrl>#751334</styleUrl>
            <Polygon id="751328">
                <outerBoundaryIs>
                    <LinearRing id="751332">
                        <coordinates>-79.02203137624224,33.75843397170879,0.0 -79.0220913976119,33.75811277736404,0.0 -79.02283448735652,33.75820977735865,0.0 -79.02270358215854,33.75852854848762,0.0 -79.02203137624224,33.75843397170879,0.0</coordinates>
                    </LinearRing>
                </outerBoundaryIs>
            </Polygon>
        </Placemark>
        <Placemark id="751338">
            <name>Parcel_82222</name>
            <styleUrl>#751343</styleUrl>
            <Polygon id="751337">
                <outerBoundaryIs>
                    <LinearRing id="751341">
                        <coordinates>-79.02471482955839,33.79851034110699,0.0 -79.02477203743543,33.79838462686417,0.0 -79.02480294376593,33.798315833578464,0.0 -79.02482928662779,33.79825719511602,0.0 -79.02507615944428,33.79833278122988,0.0 -79.02496165867761,33.79858781623837,0.0 -79.02476877752672,33.79852700800292,0.0 -79.02471574351028,33.79851062355966,0.0 -79.02471482955839,33.79851034110699,0.0</coordinates>
                    </LinearRing>
                </outerBoundaryIs>
            </Polygon>
        </Placemark>
        <Placemark id="751347">
            <name>Parcel_82223</name>
            <styleUrl>#751352</styleUrl>
            <Polygon id="751346">
                <outerBoundaryIs>
                    <LinearRing id="751350">
                        <coordinates>-78.81900397238067,33.74992445679778,0.0 -78.81906582439133,33.74988620046735,0.0 -78.8191764098499,33.75003574770482,0.0 -78.81931885135981,33.75022709285475,0.0 -78.81918119441451,33.75030232972013,0.0 -78.81909923575131,33.75035483606188,0.0 -78.81882765153448,33.75003659960727,0.0 -78.81882753827773,33.750036466826906,0.0 -78.81883758060002,33.750029771911194,0.0 -78.81883925686128,33.75002859826126,0.0 -78.81886772500775,33.75000899657001,0.0 -78.8188870139539,33.74999641528368,0.0 -78.81894134234989,33.749960982961355,0.0 -78.81900397238067,33.74992445679778,0.0</coordinates>
                    </LinearRing>
                </outerBoundaryIs>
            </Polygon>
        </Placemark>
        <Placemark id="751356">
            <name>Parcel_82224</name>
            <styleUrl>#751361</styleUrl>
            <Polygon id="751355">
                <outerBoundaryIs>
                    <LinearRing id="751359">
                        <coordinates>-78.82980084515101,33.74335835733734,0.0 -78.82976218920213,33.743325203369096,0.0 -78.82984366100894,33.74325876444532,0.0 -78.82988392278014,33.74329349251005,0.0 -78.82980084515101,33.74335835733734,0.0</coordinates>
                    </LinearRing>
                </outerBoundaryIs>
            </Polygon>
        </Placemark>
        <Placemark id="751365">
            <name>Parcel_82225</name>
            <styleUrl>#751370</styleUrl>
            <Polygon id="751364">
                <outerBoundaryIs>
                    <LinearRing id="751368">
                        <coordinates>-78.82019095215077,33.74306131871068,0.0 -78.8200967803333,33.74314161792651,0.0 -78.82007914273471,33.743155912440905,0.0 -78.8198987088156,33.74300341727353,0.0 -78.82000803389849,33.74290946720804,0.0 -78.82019095215077,33.74306131871068,0.0</coordinates>
                    </LinearRing>
                </outerBoundaryIs>
            </Polygon>
        </Placemark>
        <Placemark id="751374">
            <name>Parcel_82226</name>
            <styleUrl>#751379</styleUrl>
            <Polygon id="751373">
                <outerBoundaryIs>
                    <LinearRing id="751377">
                        <coordinates>-78.85268975692618,33.72825481551078,0.0 -78.85299200779134,33.727975183636886,0.0 -78.85315395010664,33.72811150186894,0.0 -78.85318456249298,33.72813746290527,0.0 -78.85287087676544,33.728413803017034,0.0 -78.85268975692618,33.72825481551078,0.0</coordinates>
                    </LinearRing>
                </outerBoundaryIs>
            </Polygon>
        </Placemark>
        <Placemark id="751383">
            <name>Parcel_82227</name>
            <styleUrl>#751388</styleUrl>
            <Polygon id="751382">
                <outerBoundaryIs>
                    <LinearRing id="751386">
                        <coordinates>-78.80480652399768,33.762438013006836,0.0 -78.80493648890733,33.761825192200895,0.0 -78.80535574235083,33.761873870202585,0.0 -78.80527624487296,33.76234669145567,0.0 -78.80521346327409,33.762356229794655,0.0 -78.80514549760136,33.76237547135947,0.0 -78.80507584649708,33.76239622893579,0.0 -78.80499956720716,33.7624187593735,0.0 -78.80492011688406,33.76243659294592,0.0 -78.80485165184695,33.76244310973496,0.0 -78.80483933274527,33.762442202963314,0.0 -78.80482454498323,33.76244125419214,0.0 -78.80480652399768,33.762438013006836,0.0</coordinates>
                    </LinearRing>
                </outerBoundaryIs>
            </Polygon>
        </Placemark>
        <Placemark id="751392">
            <name>Parcel_82228</name>
            <styleUrl>#751397</styleUrl>
            <Polygon id="751391">
                <outerBoundaryIs>
                    <LinearRing id="751395">
                        <coordinates>-78.80441293086974,33.76228618013926,0.0 -78.80452691488932,33.76178407335418,0.0 -78.80493648890733,33.761825192200895,0.0 -78.80480652399768,33.762438013006836,0.0 -78.8047188680255,33.762422539588805,0.0 -78.80464373429814,33.762400072676485,0.0 -78.80459567254358,33.76238083347296,0.0 -78.80451605821264,33.76234041654357,0.0 -78.80444300878474,33.76230063108155,0.0 -78.80443895847958,33.762298153689585,0.0 -78.80443407914791,33.76229583295648,0.0 -78.80441293086974,33.76228618013926,0.0</coordinates>
                    </LinearRing>
                </outerBoundaryIs>
            </Polygon>
        </Placemark>
        <Placemark id="751401">
            <name>Parcel_82229</name>
            <styleUrl>#751406</styleUrl>
            <Polygon id="751400">
                <outerBoundaryIs>
                    <LinearRing id="751404">
                        <coordinates>-78.78993243576842,33.76190594245742,0.0 -78.79003629106688,33.76186707519429,0.0 -78.79008442556483,33.76197979307337,0.0 -78.79010017537433,33.76200739379487,0.0 -78.78989834520003,33.762112551882076,0.0 -78.78979189326084,33.76199569929083,0.0 -78.78993243576842,33.76190594245742,0.0</coordinates>
                    </LinearRing>
                </outerBoundaryIs>
            </Polygon>
        </Placemark>
        <Placemark id="751410">
            <name>Parcel_82230</name>
            <styleUrl>#751415</styleUrl>
            <Polygon id="751409">
                <outerBoundaryIs>
                    <LinearRing id="751413">
                        <coordinates>-78.80452691488932,33.76178407335418,0.0 -78.80456828715691,33.76135456245205,0.0 -78.80460115116087,33.76135652112232,0.0 -78.80465620741265,33.76135955997389,0.0 -78.80499367564366,33.76138840160066,0.0 -78.80493648890733,33.761825192200895,0.0 -78.80452691488932,33.76178407335418,0.0</coordinates>
                    </LinearRing>
                </outerBoundaryIs>
            </Polygon>
        </Placemark>
        <Placemark id="751419">
            <name>Parcel_82231</name>
            <styleUrl>#751424</styleUrl>
            <Polygon id="751418">
                <outerBoundaryIs>
                    <LinearRing id="751422">
                        <coordinates>-78.80004258447607,33.7617370390511,0.0 -78.80004131159389,33.761722411048694,0.0 -78.80005122156649,33.76162413159383,0.0 -78.80007563659451,33.761537968077086,0.0 -78.80011643381593,33.76145467184364,0.0 -78.80017017861917,33.76138002557762,0.0 -78.8002377110679,33.76131318463598,0.0 -78.80056196053773,33.76157015685053,0.0 -78.80041518213369,33.76174366589002,0.0 -78.80004258447607,33.7617370390511,0.0</coordinates>
                    </LinearRing>
                </outerBoundaryIs>
            </Polygon>
        </Placemark>
        <Placemark id="751428">
            <name>Parcel_82232</name>
            <styleUrl>#751433</styleUrl>
            <Polygon id="751427">
                <outerBoundaryIs>
                    <LinearRing id="751431">
                        <coordinates>-78.78940141127356,33.761402113819784,0.0 -78.78943066939786,33.7613842529073,0.0 -78.78951007916974,33.76133601359799,0.0 -78.78961359506518,33.76147102814326,0.0 -78.78953415224217,33.76152063970801,0.0 -78.7895174196343,33.761531337409814,0.0 -78.78940141127356,33.761402113819784,0.0</coordinates>
                    </LinearRing>
                </outerBoundaryIs>
            </Polygon>
        </Placemark>
        <Placemark id="751437">
            <name>Parcel_82233</name>
            <styleUrl>#751442</styleUrl>
            <Polygon id="751436">
                <outerBoundaryIs>
                    <LinearRing id="751440">
                        <coordinates>-79.1790883191429,33.76731793014582,0.0 -79.1797635534203,33.767100214893176,0.0 -79.18008496127769,33.767623296048605,0.0 -79.17934687591064,33.76785572073708,0.0 -79.1790883191429,33.76731793014582,0.0</coordinates>
                    </LinearRing>
                </outerBoundaryIs>
            </Polygon>
        </Placemark>
        <Placemark id="751446">
            <name>Parcel_82234</name>
            <styleUrl>#751451</styleUrl>
            <Polygon id="751445">
                <outerBoundaryIs>
                    <LinearRing id="751449">
                        <coordinates>-78.9520471410433,33.76600207064506,0.0 -78.95216242236229,33.76631101656982,0.0 -78.95197105790272,33.76636472102463,0.0 -78.95196857796647,33.76636519497509,0.0 -78.95185168365674,33.76605484762355,0.0 -78.9520471410433,33.76600207064506,0.0</coordinates>
                    </LinearRing>
                </outerBoundaryIs>
            </Polygon>
        </Placemark>
        <Placemark id="751455">
            <name>Parcel_82235</name>
            <styleUrl>#751460</styleUrl>
            <Polygon id="751454">
                <outerBoundaryIs>
                    <LinearRing id="751458">
                        <coordinates>-78.95373382633093,33.76604751303682,0.0 -78.95385059061579,33.76601645431728,0.0 -78.95396027512486,33.76631877684914,0.0 -78.95375577206195,33.766371406335516,0.0 -78.95372796851956,33.7662946163971,0.0 -78.95364687305258,33.76607064250994,0.0 -78.95373382633093,33.76604751303682,0.0</coordinates>
                    </LinearRing>
                </outerBoundaryIs>
            </Polygon>
        </Placemark>
        <Placemark id="751464">
            <name>Parcel_82236</name>
            <styleUrl>#751469</styleUrl>
            <Polygon id="751463">
                <outerBoundaryIs>
                    <LinearRing id="751467">
                        <coordinates>-78.95086777734849,33.76607772511341,0.0 -78.95095664455758,33.76607799461989,0.0 -78.95101883329612,33.76623142777135,0.0 -78.9506509515067,33.76630264992813,0.0 -78.95061759561952,33.76621722060838,0.0 -78.95060153293089,33.766165924370505,0.0 -78.95058876870085,33.76611433913127,0.0 -78.95058315881832,33.7660733537001,0.0 -78.95085214035655,33.76607780976894,0.0 -78.95086777734849,33.76607772511341,0.0</coordinates>
                    </LinearRing>
                </outerBoundaryIs>
            </Polygon>
        </Placemark>
        <Placemark id="751473">
            <name>Parcel_82237</name>
            <styleUrl>#751478</styleUrl>
            <Polygon id="751472">
                <outerBoundaryIs>
                    <LinearRing id="751476">
                        <coordinates>-78.85590919612656,33.72256557772095,0.0 -78.85624211796122,33.72229183654509,0.0 -78.85636287087178,33.72240771016318,0.0 -78.8560330973947,33.722670720703604,0.0 -78.85590919612656,33.72256557772095,0.0</coordinates>
                    </LinearRing>
                </outerBoundaryIs>
            </Polygon>
        </Placemark>
        <Placemark id="751482">
            <name>Parcel_82238</name>
            <styleUrl>#751487</styleUrl>
            <Polygon id="751481">
                <outerBoundaryIs>
                    <LinearRing id="751485">
                        <coordinates>-78.82606534244728,33.73452309170978,0.0 -78.82667378425637,33.735025029554805,0.0 -78.82650322060064,33.73516687721971,0.0 -78.82589814130054,33.73466207712584,0.0 -78.82606534244728,33.73452309170978,0.0</coordinates>
                    </LinearRing>
                </outerBoundaryIs>
            </Polygon>
        </Placemark>
        <Placemark id="751491">
            <name>Parcel_82239</name>
            <styleUrl>#751496</styleUrl>
            <Polygon id="751490">
                <outerBoundaryIs>
                    <LinearRing id="751494">
                        <coordinates>-78.8273967987961,33.73473361039836,0.0 -78.82757328012696,33.73458533532112,0.0 -78.82793343497484,33.73488565052128,0.0 -78.82775698390935,33.73503272342778,0.0 -78.8273967987961,33.73473361039836,0.0</coordinates>
                    </LinearRing>
                </outerBoundaryIs>
            </Polygon>
        </Placemark>
        <Placemark id="751500">
            <name>Parcel_82240</name>
            <styleUrl>#751505</styleUrl>
            <Polygon id="751499">
                <outerBoundaryIs>
                    <LinearRing id="751503">
                        <coordinates>-78.8236565022582,33.753196658662375,0.0 -78.82387902512669,33.75305143272421,0.0 -78.82390413196299,33.75303469218291,0.0 -78.82390914881742,33.75303151446373,0.0 -78.82391069406923,33.75303549400304,0.0 -78.82421273403813,33.753293732376825,0.0 -78.82397260863867,33.75348435392113,0.0 -78.8236565022582,33.753196658662375,0.0</coordinates>
                    </LinearRing>
                </outerBoundaryIs>
            </Polygon>
        </Placemark>
        <Placemark id="751509">
            <name>Parcel_82241</name>
            <styleUrl>#751514</styleUrl>
            <Polygon id="751508">
                <outerBoundaryIs>
                    <LinearRing id="751512">
                        <coordinates>-79.13879242569313,33.75997665155026,0.0 -79.13887393329024,33.759669131005225,0.0 -79.13981598155212,33.75990115487423,0.0 -79.13992078543122,33.759925067905925,0.0 -79.13978759842954,33.76018731151838,0.0 -79.13879242569313,33.75997665155026,0.0</coordinates>
                    </LinearRing>
                </outerBoundaryIs>
            </Polygon>
        </Placemark>
        <Placemark id="751518">
            <name>Parcel_82242</name>
            <styleUrl>#751523</styleUrl>
            <Polygon id="751517">
                <outerBoundaryIs>
                    <LinearRing id="751521">
                        <coordinates>-78.82494150144518,33.75464178581416,0.0 -78.82507515716212,33.75452953096265,0.0 -78.82512979284277,33.75448375595762,0.0 -78.82514827272536,33.754468789149584,0.0 -78.8256119845152,33.754842065306846,0.0 -78.82558088890201,33.75486797930847,0.0 -78.82538258427307,33.75503150439426,0.0 -78.82494150144518,33.75464178581416,0.0</coordinates>
                    </LinearRing>
                </outerBoundaryIs>
            </Polygon>
        </Placemark>
        <Placemark id="751527">
            <name>Parcel_82243</name>
            <styleUrl>#751532</styleUrl>
            <Polygon id="751526">
                <outerBoundaryIs>
                    <LinearRing id="751530">
                        <coordinates>-79.05581365503755,33.66297432846256,0.0 -79.05622799668834,33.66275043757043,0.0 -79.05637096563804,33.66293498544749,0.0 -79.05595662351337,33.66315887500913,0.0 -79.05581365503755,33.66297432846256,0.0</coordinates>
                    </LinearRing>
                </outerBoundaryIs>
            </Polygon>
        </Placemark>
        <Placemark id="751536">
            <name>Parcel_82244</name>
            <styleUrl>#751541</styleUrl>
            <Polygon id="751535">
                <outerBoundaryIs>
                    <LinearRing id="751539">
                        <coordinates>-79.05552854483503,33.66260524422922,0.0 -79.05594206657045,33.66238117273709,0.0 -79.05595563082822,33.66239925419058,0.0 -79.0560850293869,33.66256589134269,0.0 -79.05567068936934,33.66278977997588,0.0 -79.05552854483503,33.66260524422922,0.0</coordinates>
                    </LinearRing>
                </outerBoundaryIs>
            </Polygon>
        </Placemark>
        <Placemark id="751545">
            <name>Parcel_82245</name>
            <styleUrl>#751550</styleUrl>
            <Polygon id="751544">
                <outerBoundaryIs>
                    <LinearRing id="751548">
                        <coordinates>-79.05533604216183,33.662357547625966,0.0 -79.05584402562383,33.66220901470997,0.0 -79.05585261878596,33.66222890930871,0.0 -79.05586203249231,33.66224881591381,0.0 -79.05587227766613,33.662268392866764,0.0 -79.05588252841682,33.66228762627244,0.0 -79.05589360186929,33.6623068717179,0.0 -79.05590468301469,33.66232577545314,0.0 -79.05591659075716,33.66234451811929,0.0 -79.05592932671378,33.66236293198317,0.0 -79.05594206657045,33.66238117273709,0.0 -79.05552854483503,33.66260524422922,0.0 -79.05533604216183,33.662357547625966,0.0</coordinates>
                    </LinearRing>
                </outerBoundaryIs>
            </Polygon>
        </Placemark>
        <Placemark id="751554">
            <name>Parcel_82246</name>
            <styleUrl>#751559</styleUrl>
            <Polygon id="751553">
                <outerBoundaryIs>
                    <LinearRing id="751557">
                        <coordinates>-79.05868722521889,33.65678201730982,0.0 -79.05895124100422,33.6563703666008,0.0 -79.05910176048494,33.65643802230998,0.0 -79.05922950073771,33.65649535286777,0.0 -79.05896466821618,33.65690681905091,0.0 -79.05868722521889,33.65678201730982,0.0</coordinates>
                    </LinearRing>
                </outerBoundaryIs>
            </Polygon>
        </Placemark>
        <Placemark id="751563">
            <name>Parcel_82247</name>
            <styleUrl>#751568</styleUrl>
            <Polygon id="751562">
                <outerBoundaryIs>
                    <LinearRing id="751566">
                        <coordinates>-79.05932824670714,33.655282154272705,0.0 -79.05941509669482,33.65514743822139,0.0 -79.05966722713465,33.65526479870669,0.0 -79.05969859589865,33.65529518654945,0.0 -79.05965517332473,33.65536237289922,0.0 -79.05936819561991,33.655808715144886,0.0 -79.05907447916788,33.65567678504248,0.0 -79.05932824670714,33.655282154272705,0.0</coordinates>
                    </LinearRing>
                </outerBoundaryIs>
            </Polygon>
        </Placemark>
        <Placemark id="751572">
            <name>Parcel_82248</name>
            <styleUrl>#751577</styleUrl>
            <Polygon id="751571">
                <outerBoundaryIs>
                    <LinearRing id="751575">
                        <coordinates>-79.07583349953612,33.572868184734965,0.0 -79.07598592294607,33.57266553617185,0.0 -79.07599805844409,33.57267362987108,0.0 -79.0760093770242,33.57268153856734,0.0 -79.07602152675096,33.57268894430941,0.0 -79.07603450702524,33.57269601935736,0.0 -79.07604749661834,33.572702578642286,0.0 -79.07606049217783,33.572708966651085,0.0 -79.07607432161684,33.572714680379946,0.0 -79.07608734010135,33.57272003783132,0.0 -79.07610200665265,33.57272507732877,0.0 -79.07593034648863,33.57294471269407,0.0 -79.07590107559598,33.572982162999146,0.0 -79.07590087596127,33.57298241874291,0.0 -79.07589834381335,33.572985473815244,0.0 -79.07589582425423,33.57298801137299,0.0 -79.075893304695,33.57299054893072,0.0 -79.0758899643621,33.572993074597335,0.0 -79.07588663169027,33.572995255844106,0.0 -79.07588330280885,33.572997266684126,0.0 -79.0758799788751,33.57299910352772,0.0 -79.075876653824,33.573000942157684,0.0 -79.07587251458344,33.5730024244598,0.0 -79.07586920102409,33.57300374645989,0.0 -79.07586507538939,33.57300471396892,0.0 -79.0758609476405,33.573005679641014,0.0 -79.07585682856987,33.573006303614825,0.0 -79.07585271440698,33.573006755395404,0.0 -79.07584860194066,33.57300703403076,0.0 -79.07584449541908,33.57300714229285,0.0 -79.07584039440479,33.573006906101504,0.0 -79.07583629825825,33.573006499520126,0.0 -79.07583220703962,33.57300591984387,0.0 -79.07582893932833,33.57300518073387,0.0 -79.07582485738779,33.57300408709896,0.0 -79.07582078145236,33.57300282038606,0.0 -79.07581670719367,33.57300138142946,0.0 -79.07581345855637,33.57299978487606,0.0 -79.07581021375,33.572998016112685,0.0 -79.07580615305805,33.572996064166155,0.0 -79.07580291972434,33.5729937796745,0.0 -79.07580050714425,33.572991507976,0.0 -79.07579727762162,33.57298905217593,0.0 -79.07579487266334,33.57298643786073,0.0 -79.07579247153603,33.57298365133561,0.0 -79.07579007318266,33.57298069168216,0.0 -79.07578767586645,33.5729777338487,0.0 -79.07578610419155,33.572974617517,0.0 -79.07578453419342,33.572971328941804,0.0 -79.07578296150183,33.57296820988841,0.0 -79.075782217145,33.57296476281509,0.0 -79.07578147005454,33.572961487066735,0.0 -79.07578072573793,33.57295803819011,0.0 -79.07578080213436,33.57295460391007,0.0 -79.0757808785709,33.57295116782679,0.0 -79.07578095498737,33.57294773264513,0.0 -79.07578103138378,33.572944298365066,0.0 -79.07578192857325,33.572940875075126,0.0 -79.07578282464544,33.57293745357164,0.0 -79.07578371417308,33.57293437470148,0.0 -79.07579708344602,33.572916601211375,0.0 -79.07583349953612,33.572868184734965,0.0</coordinates>
                    </LinearRing>
                </outerBoundaryIs>
            </Polygon>
        </Placemark>
        <Placemark id="751581">
            <name>Parcel_82249</name>
            <styleUrl>#751586</styleUrl>
            <Polygon id="751580">
                <outerBoundaryIs>
                    <LinearRing id="751584">
                        <coordinates>-79.0648427187201,33.66320728254018,0.0 -79.06488807028035,33.66316400763256,0.0 -79.06493342455317,33.663120561385405,0.0 -79.06497878371506,33.66307694293093,0.0 -79.06502332510064,33.66303313848591,0.0 -79.06677741149896,33.664274994138516,0.0 -79.06680815652902,33.664296780356345,0.0 -79.06673808063654,33.66430633674972,0.0 -79.0662398246434,33.66446125190467,0.0 -79.0661767914504,33.6644131886987,0.0 -79.06611829472094,33.66436846322056,0.0 -79.06537841326168,33.66380276899123,0.0 -79.06534335555035,33.663826789493356,0.0 -79.06533310366,33.663840890232336,0.0 -79.06529616495038,33.66389168918488,0.0 -79.06528060243079,33.66391309083683,0.0 -79.06518498984268,33.663961934849695,0.0 -79.0651186057665,33.6639167390548,0.0 -79.06509453564388,33.66385382181542,0.0 -79.06509558117436,33.6638483147978,0.0 -79.06511410103674,33.66375086587588,0.0 -79.06504198620414,33.663631361811476,0.0 -79.06503088825056,33.663612968257816,0.0 -79.06498473009346,33.66347204218907,0.0 -79.06500612057215,33.663361040805206,0.0 -79.06493838385288,33.663266167340545,0.0 -79.0648427187201,33.66320728254018,0.0</coordinates>
                    </LinearRing>
                </outerBoundaryIs>
            </Polygon>
        </Placemark>
        <Placemark id="751590">
            <name>Parcel_82250</name>
            <styleUrl>#751595</styleUrl>
            <Polygon id="751589">
                <outerBoundaryIs>
                    <LinearRing id="751593">
                        <coordinates>-79.06462761822856,33.661215131152375,0.0 -79.0646905256712,33.66123192260205,0.0 -79.06475342372444,33.661249230675395,0.0 -79.06481631027349,33.66126705353544,0.0 -79.06487835771604,33.66128555049014,0.0 -79.06494122121943,33.661304404727304,0.0 -79.06500324565881,33.66132393125676,0.0 -79.064769012367,33.66183760581312,0.0 -79.06466612513435,33.66206450990531,0.0 -79.06453565987886,33.662359311836795,0.0 -79.06451913854757,33.66234811452971,0.0 -79.06450093788541,33.6623554065398,0.0 -79.06438429254493,33.66244052333121,0.0 -79.0642962967312,33.66251167331288,0.0 -79.06426597165532,33.66254539208601,0.0 -79.06425159784254,33.66257545538224,0.0 -79.06423131782921,33.662609505567005,0.0 -79.06421823212426,33.662619816131446,0.0 -79.06420034045725,33.66263478471395,0.0 -79.06414618484575,33.66265564480785,0.0 -79.06408944211125,33.66265915279762,0.0 -79.06462761822856,33.661215131152375,0.0</coordinates>
                    </LinearRing>
                </outerBoundaryIs>
            </Polygon>
        </Placemark>
        <Placemark id="751599">
            <name>Parcel_82251</name>
            <styleUrl>#751604</styleUrl>
            <Polygon id="751598">
                <outerBoundaryIs>
                    <LinearRing id="751602">
                        <coordinates>-79.05857092505362,33.662397586970194,0.0 -79.05872691736559,33.66203922111086,0.0 -79.05898896000232,33.66211859400328,0.0 -79.05876965520494,33.66262458591399,0.0 -79.05872638068554,33.66257528238558,0.0 -79.05857092505362,33.662397586970194,0.0</coordinates>
                    </LinearRing>
                </outerBoundaryIs>
            </Polygon>
        </Placemark>
        <Placemark id="751608">
            <name>Parcel_82252</name>
            <styleUrl>#751613</styleUrl>
            <Polygon id="751607">
                <outerBoundaryIs>
                    <LinearRing id="751611">
                        <coordinates>-79.02747992780459,33.596996919047335,0.0 -79.0276200252833,33.5966878180119,0.0 -79.02781980003003,33.59675080299401,0.0 -79.02768215546375,33.597060456626686,0.0 -79.02747992780459,33.596996919047335,0.0</coordinates>
                    </LinearRing>
                </outerBoundaryIs>
            </Polygon>
        </Placemark>
        <Placemark id="751617">
            <name>Parcel_82253</name>
            <styleUrl>#751622</styleUrl>
            <Polygon id="751616">
                <outerBoundaryIs>
                    <LinearRing id="751620">
                        <coordinates>-79.04030077637024,33.59746961775014,0.0 -79.04029171446685,33.597470847586514,0.0 -79.0402810077566,33.597472224490595,0.0 -79.0402694868139,33.59747324302923,0.0 -79.0402587867901,33.59747427730108,0.0 -79.04024726972914,33.597475124531094,0.0 -79.04023657641244,33.5974758152691,0.0 -79.04022506713608,33.59747631898219,0.0 -79.04021438379979,33.59747666443451,0.0 -79.04020287840555,33.59747699683893,0.0 -79.04005026655027,33.59728935445671,0.0 -79.04012181275542,33.59724890979756,0.0 -79.04030077637024,33.59746961775014,0.0</coordinates>
                    </LinearRing>
                </outerBoundaryIs>
            </Polygon>
        </Placemark>
        <Placemark id="751626">
            <name>Parcel_82254</name>
            <styleUrl>#751631</styleUrl>
            <Polygon id="751625">
                <outerBoundaryIs>
                    <LinearRing id="751629">
                        <coordinates>-79.04560112456156,33.59645947829878,0.0 -79.04560192340138,33.59613337661039,0.0 -79.045627362828,33.596134296061905,0.0 -79.04565278958371,33.59613572850991,0.0 -79.04567738259843,33.59613766546899,0.0 -79.04570278325205,33.596140300677746,0.0 -79.04572735300039,33.596143267270925,0.0 -79.04575190939957,33.596146920022086,0.0 -79.04577727403772,33.59615110146769,0.0 -79.04580180607556,33.59615578473749,0.0 -79.04582550549301,33.59616097073361,0.0 -79.04585001420777,33.59616668634272,0.0 -79.04587369036402,33.596172901973624,0.0 -79.04575652697463,33.59648770978578,0.0 -79.04560112456156,33.59645947829878,0.0</coordinates>
                    </LinearRing>
                </outerBoundaryIs>
            </Polygon>
        </Placemark>
        <Placemark id="751635">
            <name>Parcel_82255</name>
            <styleUrl>#751640</styleUrl>
            <Polygon id="751634">
                <outerBoundaryIs>
                    <LinearRing id="751638">
                        <coordinates>-79.02557480173628,33.598353744119635,0.0 -79.02571995524013,33.59825520728504,0.0 -79.02591016588607,33.598449483039815,0.0 -79.02589866123829,33.598593629389846,0.0 -79.02586238198009,33.5985999212809,0.0 -79.02582848113296,33.598609861652186,0.0 -79.02581109137769,33.59861611187924,0.0 -79.0258036251082,33.59861942980677,0.0 -79.02572975287289,33.598545567707376,0.0 -79.02573287462499,33.59851675192386,0.0 -79.02557480173628,33.598353744119635,0.0</coordinates>
                    </LinearRing>
                </outerBoundaryIs>
            </Polygon>
        </Placemark>
        <Placemark id="751644">
            <name>Parcel_82256</name>
            <styleUrl>#751649</styleUrl>
            <Polygon id="751643">
                <outerBoundaryIs>
                    <LinearRing id="751647">
                        <coordinates>-79.02542964786049,33.598452282585505,0.0 -79.02544147801007,33.59844429837267,0.0 -79.02553808613501,33.59837910226816,0.0 -79.0255612699432,33.5983630892226,0.0 -79.02557480173628,33.598353744119635,0.0 -79.02573287462499,33.59851675192386,0.0 -79.02572975287289,33.598545567707376,0.0 -79.0258036251082,33.59861942980677,0.0 -79.02578537123654,33.59862755577988,0.0 -79.02576793044642,33.598636041094764,0.0 -79.02575047400879,33.59864521163158,0.0 -79.02571799269941,33.59866496703306,0.0 -79.02564877892293,33.59871076671498,0.0 -79.0255854187842,33.59864411856085,0.0 -79.02558769714645,33.59861632021306,0.0 -79.02542964786049,33.598452282585505,0.0</coordinates>
                    </LinearRing>
                </outerBoundaryIs>
            </Polygon>
        </Placemark>
        <Placemark id="751653">
            <name>Parcel_82257</name>
            <styleUrl>#751658</styleUrl>
            <Polygon id="751652">
                <outerBoundaryIs>
                    <LinearRing id="751656">
                        <coordinates>-79.02608461048389,33.59922649347954,0.0 -79.02613128531834,33.59916057357456,0.0 -79.02616349619316,33.599152669743596,0.0 -79.02631698859167,33.598940692307366,0.0 -79.02635971041619,33.59897608178666,0.0 -79.02637674348627,33.59898546091192,0.0 -79.0264057767926,33.599008776493555,0.0 -79.02645437496722,33.59903859116431,0.0 -79.02632040352914,33.59922287463463,0.0 -79.02628905782777,33.59922890277073,0.0 -79.0262390185111,33.59929820624956,0.0 -79.02618690606272,33.59927847222738,0.0 -79.02608461048389,33.59922649347954,0.0</coordinates>
                    </LinearRing>
                </outerBoundaryIs>
            </Polygon>
        </Placemark>
        <Placemark id="751662">
            <name>Parcel_82258</name>
            <styleUrl>#751667</styleUrl>
            <Polygon id="751661">
                <outerBoundaryIs>
                    <LinearRing id="751665">
                        <coordinates>-79.02593199651123,33.59914810958099,0.0 -79.02597132953778,33.59909625176594,0.0 -79.025981955394,33.59908224223047,0.0 -79.02601172789572,33.59907326764007,0.0 -79.02619229878924,33.59882632838464,0.0 -79.02627914792703,33.598907439960165,0.0 -79.02630164566216,33.59892927745078,0.0 -79.02631698859167,33.598940692307366,0.0 -79.02616349619316,33.599152669743596,0.0 -79.02613128531834,33.59916057357456,0.0 -79.02608461048389,33.59922649347954,0.0 -79.02593199651123,33.59914810958099,0.0</coordinates>
                    </LinearRing>
                </outerBoundaryIs>
            </Polygon>
        </Placemark>
        <Placemark id="751671">
            <name>Parcel_82259</name>
            <styleUrl>#751676</styleUrl>
            <Polygon id="751670">
                <outerBoundaryIs>
                    <LinearRing id="751674">
                        <coordinates>-79.02551714657959,33.599476010161375,0.0 -79.02551725678553,33.59947585678984,0.0 -79.0256537046654,33.59928644293573,0.0 -79.025652949269,33.59928350947397,0.0 -79.02564691463688,33.59926004552394,0.0 -79.02569449425596,33.59919053158261,0.0 -79.02585686981516,33.599273025037874,0.0 -79.02584722028392,33.599286615436235,0.0 -79.02581584171493,33.59933081032651,0.0 -79.02580850067564,33.59934115095869,0.0 -79.02581529860231,33.599367204847546,0.0 -79.02567791583392,33.599556930429365,0.0 -79.02562144364639,33.5995285075252,0.0 -79.02562099078436,33.5995282793092,0.0 -79.02551714657959,33.599476010161375,0.0</coordinates>
                    </LinearRing>
                </outerBoundaryIs>
            </Polygon>
        </Placemark>
        <Placemark id="751680">
            <name>Parcel_82260</name>
            <styleUrl>#751685</styleUrl>
            <Polygon id="751679">
                <outerBoundaryIs>
                    <LinearRing id="751683">
                        <coordinates>-79.02731378407816,33.597439793572086,0.0 -79.02744975230914,33.59713165858056,0.0 -79.0276462882335,33.59719270162038,0.0 -79.02750706980713,33.59749923807059,0.0 -79.02731378407816,33.597439793572086,0.0</coordinates>
                    </LinearRing>
                </outerBoundaryIs>
            </Polygon>
        </Placemark>
        <Placemark id="751689">
            <name>Parcel_82261</name>
            <styleUrl>#751694</styleUrl>
            <Polygon id="751688">
                <outerBoundaryIs>
                    <LinearRing id="751692">
                        <coordinates>-78.9923281614713,33.771505938445834,0.0 -78.9924506475795,33.771405524537215,0.0 -78.99248762545128,33.77144323668117,0.0 -78.99270543321309,33.77166721028779,0.0 -78.99254203919104,33.7717573399888,0.0 -78.99248196798196,33.77168643684379,0.0 -78.9923281614713,33.771505938445834,0.0</coordinates>
                    </LinearRing>
                </outerBoundaryIs>
            </Polygon>
        </Placemark>
        <Placemark id="751698">
            <name>Parcel_82262</name>
            <styleUrl>#751703</styleUrl>
            <Polygon id="751697">
                <outerBoundaryIs>
                    <LinearRing id="751701">
                        <coordinates>-78.98832711609188,33.773513552533814,0.0 -78.98833206796806,33.77351294667826,0.0 -78.98850630014086,33.77348777272618,0.0 -78.98867456150377,33.773542226699995,0.0 -78.98854206393831,33.77378937713911,0.0 -78.98853551986075,33.773787723966684,0.0 -78.988528970711,33.77378624207625,0.0 -78.98852241644703,33.77378493327099,0.0 -78.9885158582114,33.77378379486367,0.0 -78.98850847143666,33.773782988422596,0.0 -78.9885019022182,33.77378236753812,0.0 -78.98849532904896,33.77378191615,0.0 -78.98848792412271,33.77378179577376,0.0 -78.98848134400525,33.77378168880543,0.0 -78.98847392923832,33.773782083264756,0.0 -78.98846733388226,33.77378249104428,0.0 -78.98846073371583,33.77378324418067,0.0 -78.98845413067795,33.773784166831,0.0 -78.98844669555729,33.77378524912277,0.0 -78.98844008343244,33.77378651525618,0.0 -78.98843346217872,33.773788126676166,0.0 -78.98842683695271,33.77378990849416,0.0 -78.9884210303831,33.773791874985335,0.0 -78.98841439604881,33.773794001188065,0.0 -78.98832711609188,33.773513552533814,0.0</coordinates>
                    </LinearRing>
                </outerBoundaryIs>
            </Polygon>
        </Placemark>
        <Placemark id="751707">
            <name>Parcel_82263</name>
            <styleUrl>#751712</styleUrl>
            <Polygon id="751706">
                <outerBoundaryIs>
                    <LinearRing id="751710">
                        <coordinates>-78.9918566463875,33.773484992322715,0.0 -78.99186161133842,33.77348386973863,0.0 -78.99189140648025,33.77347662202786,0.0 -78.9920849380362,33.77343543512479,0.0 -78.99215076075865,33.77375436309554,0.0 -78.9919902224532,33.773792305582994,0.0 -78.99198772761724,33.773793467355496,0.0 -78.99198441592267,33.77379427404452,0.0 -78.9919474517179,33.77370479362841,0.0 -78.99192607204216,33.77365304357355,0.0 -78.9918566463875,33.773484992322715,0.0</coordinates>
                    </LinearRing>
                </outerBoundaryIs>
            </Polygon>
        </Placemark>
        <Placemark id="751716">
            <name>Parcel_82264</name>
            <styleUrl>#751721</styleUrl>
            <Polygon id="751715">
                <outerBoundaryIs>
                    <LinearRing id="751719">
                        <coordinates>-78.8258077722487,33.75468038702118,0.0 -78.82584138372775,33.754652626688916,0.0 -78.826209131786,33.75494861141266,0.0 -78.82618644242561,33.75496745676019,0.0 -78.82616878937478,33.75498226687904,0.0 -78.82611933243983,33.75502333495466,0.0 -78.82598054310729,33.755138581764136,0.0 -78.82598040868983,33.75513847387355,0.0 -78.8256119845152,33.754842065306846,0.0 -78.8258077722487,33.75468038702118,0.0</coordinates>
                    </LinearRing>
                </outerBoundaryIs>
            </Polygon>
        </Placemark>
        <Placemark id="751725">
            <name>Parcel_82265</name>
            <styleUrl>#751730</styleUrl>
            <Polygon id="751724">
                <outerBoundaryIs>
                    <LinearRing id="751728">
                        <coordinates>-78.80474269854606,33.75812033481705,0.0 -78.80481737807115,33.75783694963666,0.0 -78.80486980199736,33.757846298707626,0.0 -78.80499702023454,33.75785903852268,0.0 -78.80514502518973,33.75786321132849,0.0 -78.8052677694726,33.75785765740211,0.0 -78.80532057882334,33.75785189364144,0.0 -78.80533524455954,33.75785765303695,0.0 -78.80536691907604,33.75787402171184,0.0 -78.80542037660591,33.75790744583598,0.0 -78.80544619340229,33.757927663846814,0.0 -78.80545398688587,33.757944811170255,0.0 -78.80499398716121,33.758334247530016,0.0 -78.80474269854606,33.75812033481705,0.0</coordinates>
                    </LinearRing>
                </outerBoundaryIs>
            </Polygon>
        </Placemark>
        <Placemark id="751734">
            <name>Parcel_82266</name>
            <styleUrl>#751739</styleUrl>
            <Polygon id="751733">
                <outerBoundaryIs>
                    <LinearRing id="751737">
                        <coordinates>-79.00852123405232,33.7899039345738,0.0 -79.00884817128377,33.789861258260714,0.0 -79.00891615805465,33.79023244152399,0.0 -79.008830660292,33.79026336533816,0.0 -79.00881407829276,33.790268598423935,0.0 -79.0086142062732,33.79033359248538,0.0 -79.00852123405232,33.7899039345738,0.0</coordinates>
                    </LinearRing>
                </outerBoundaryIs>
            </Polygon>
        </Placemark>
        <Placemark id="751743">
            <name>Parcel_82267</name>
            <styleUrl>#751748</styleUrl>
            <Polygon id="751742">
                <outerBoundaryIs>
                    <LinearRing id="751746">
                        <coordinates>-78.75490037903981,33.787102327514326,0.0 -78.7553023112634,33.78686270897197,0.0 -78.75553883262555,33.78711391123657,0.0 -78.7556827893992,33.78726680202144,0.0 -78.75570441532912,33.78728977026034,0.0 -78.755783150813,33.78736405299399,0.0 -78.75567867356673,33.787425028484684,0.0 -78.75519723931193,33.787706006856055,0.0 -78.75475884807514,33.787186703317154,0.0 -78.75490037903981,33.787102327514326,0.0</coordinates>
                    </LinearRing>
                </outerBoundaryIs>
            </Polygon>
        </Placemark>
        <Placemark id="751752">
            <name>Parcel_82268</name>
            <styleUrl>#751757</styleUrl>
            <Polygon id="751751">
                <outerBoundaryIs>
                    <LinearRing id="751755">
                        <coordinates>-78.7462127788924,33.78699996677323,0.0 -78.74671020257883,33.786906036207554,0.0 -78.74682551845834,33.787344397323174,0.0 -78.74677645096929,33.78736360865789,0.0 -78.74673396755793,33.787382938952554,0.0 -78.74668463650794,33.78741228169243,0.0 -78.74659321774689,33.78744584138813,0.0 -78.74655818611063,33.7874634168008,0.0 -78.7464956428308,33.787494409394014,0.0 -78.74642258670276,33.78751816619871,0.0 -78.74639520301298,33.78752660145945,0.0 -78.7462127788924,33.78699996677323,0.0</coordinates>
                    </LinearRing>
                </outerBoundaryIs>
            </Polygon>
        </Placemark>
        <Placemark id="751761">
            <name>Parcel_82269</name>
            <styleUrl>#751766</styleUrl>
            <Polygon id="751760">
                <outerBoundaryIs>
                    <LinearRing id="751764">
                        <coordinates>-79.14533310605256,33.79354124326429,0.0 -79.14539535388305,33.793449923409014,0.0 -79.1453955678026,33.793450022214905,0.0 -79.14608160580885,33.793767400339334,0.0 -79.1459173820954,33.7940168158949,0.0 -79.14522115951385,33.79370365573836,0.0 -79.14524661606598,33.79366812663216,0.0 -79.14533310605256,33.79354124326429,0.0</coordinates>
                    </LinearRing>
                </outerBoundaryIs>
            </Polygon>
        </Placemark>
        <Placemark id="751770">
            <name>Parcel_82270</name>
            <styleUrl>#751775</styleUrl>
            <Polygon id="751769">
                <outerBoundaryIs>
                    <LinearRing id="751773">
                        <coordinates>-78.75407255129103,33.78681843677542,0.0 -78.7543212803905,33.78666758439336,0.0 -78.75432135374056,33.786667671410626,0.0 -78.75468484214892,33.78709841620839,0.0 -78.75473490782694,33.78715774539644,0.0 -78.75473072154455,33.7871604186175,0.0 -78.7541956739913,33.787477174374466,0.0 -78.75385895247493,33.78708342531988,0.0 -78.75378268416134,33.78699423792296,0.0 -78.75407255129103,33.78681843677542,0.0</coordinates>
                    </LinearRing>
                </outerBoundaryIs>
            </Polygon>
        </Placemark>
        <Placemark id="751779">
            <name>Parcel_82271</name>
            <styleUrl>#751784</styleUrl>
            <Polygon id="751778">
                <outerBoundaryIs>
                    <LinearRing id="751782">
                        <coordinates>-78.74795574781709,33.78664871124061,0.0 -78.74802574825004,33.78664629696853,0.0 -78.74820260785391,33.78665054526927,0.0 -78.74821298156371,33.78665437885318,0.0 -78.74821972835423,33.78665687106857,0.0 -78.74822933042103,33.78666047053189,0.0 -78.7482303252972,33.78666084310511,0.0 -78.74816653261766,33.78673975302079,0.0 -78.74816011905938,33.786764722559724,0.0 -78.74814097109112,33.786804581754204,0.0 -78.74811605735577,33.78684450649896,0.0 -78.74807867917355,33.786889017288594,0.0 -78.74802895547263,33.78693347388309,0.0 -78.74798108364766,33.78697658956942,0.0 -78.74797416313466,33.78698282155498,0.0 -78.74793046295508,33.78701725058557,0.0 -78.74786333053596,33.78706637364297,0.0 -78.74778359693809,33.78712523400258,0.0 -78.74773989663389,33.787159662063424,0.0 -78.74768454685605,33.787198861423356,0.0 -78.74764192920368,33.78722334519123,0.0 -78.74758697280993,33.78724743119348,0.0 -78.74753201407313,33.7872716885017,0.0 -78.7474956824775,33.78727600964795,0.0 -78.74745492897921,33.78713446091674,0.0 -78.74734096974323,33.78673864897919,0.0 -78.7474659781868,33.78671115791393,0.0 -78.74758270887502,33.78668548684576,0.0 -78.74768352958502,33.7866701385799,0.0 -78.74777930282924,33.78665899531439,0.0 -78.74779562272792,33.78665767059967,0.0 -78.74786921276784,33.78665169586051,0.0 -78.74795574781709,33.78664871124061,0.0</coordinates>
                    </LinearRing>
                </outerBoundaryIs>
            </Polygon>
        </Placemark>
        <Placemark id="751788">
            <name>Parcel_82272</name>
            <styleUrl>#751793</styleUrl>
            <Polygon id="751787">
                <outerBoundaryIs>
                    <LinearRing id="751791">
                        <coordinates>-79.13959185553392,33.791447654636976,0.0 -79.1401299554568,33.79050255109079,0.0 -79.14012996226617,33.79050253586098,0.0 -79.14051352035419,33.79065416222046,0.0 -79.1410114039294,33.79085098033546,0.0 -79.14153065550417,33.79106326003804,0.0 -79.14107741972249,33.791899204677414,0.0 -79.13959185553392,33.791447654636976,0.0</coordinates>
                    </LinearRing>
                </outerBoundaryIs>
            </Polygon>
        </Placemark>
        <Placemark id="751797">
            <name>Parcel_82273</name>
            <styleUrl>#751802</styleUrl>
            <Polygon id="751796">
                <outerBoundaryIs>
                    <LinearRing id="751800">
                        <coordinates>-79.0008808677966,33.776130039845064,0.0 -79.00103269322548,33.77568663055142,0.0 -79.00139381193118,33.775764970668604,0.0 -79.00125527546736,33.77620405927993,0.0 -79.00125525556841,33.77620412570037,0.0 -79.00093981661004,33.776141705163205,0.0 -79.00093628487177,33.77614100774591,0.0 -79.0008808677966,33.776130039845064,0.0</coordinates>
                    </LinearRing>
                </outerBoundaryIs>
            </Polygon>
        </Placemark>
        <Placemark id="751806">
            <name>Parcel_82274</name>
            <styleUrl>#751811</styleUrl>
            <Polygon id="751805">
                <outerBoundaryIs>
                    <LinearRing id="751809">
                        <coordinates>-79.14051639199324,33.7779570389291,0.0 -79.14081619350713,33.77771688395903,0.0 -79.14121947071403,33.77805986381218,0.0 -79.14091564816017,33.77830342982421,0.0 -79.14091547891772,33.778303565271464,0.0 -79.14087320502139,33.778266642450504,0.0 -79.14087024205807,33.778264056397596,0.0 -79.14051639199324,33.7779570389291,0.0</coordinates>
                    </LinearRing>
                </outerBoundaryIs>
            </Polygon>
        </Placemark>
        <Placemark id="751815">
            <name>Parcel_82275</name>
            <styleUrl>#751820</styleUrl>
            <Polygon id="751814">
                <outerBoundaryIs>
                    <LinearRing id="751818">
                        <coordinates>-79.00715860076727,33.791060821916794,0.0 -79.00764295579876,33.7908003629703,0.0 -79.00773615421008,33.79100156680889,0.0 -79.00769838266574,33.7911045634137,0.0 -79.00775133230245,33.791164176349355,0.0 -79.00729143185721,33.791332539119914,0.0 -79.00715860076727,33.791060821916794,0.0</coordinates>
                    </LinearRing>
                </outerBoundaryIs>
            </Polygon>
        </Placemark>
        <Placemark id="751824">
            <name>Parcel_82276</name>
            <styleUrl>#751829</styleUrl>
            <Polygon id="751823">
                <outerBoundaryIs>
                    <LinearRing id="751827">
                        <coordinates>-79.00843905719559,33.79039743818806,0.0 -79.0086142062732,33.79033359248538,0.0 -79.00881407829276,33.790268598423935,0.0 -79.00916512574827,33.790643646227714,0.0 -79.0088163092102,33.79084953975227,0.0 -79.00853163779747,33.79052297895967,0.0 -79.00843905719559,33.79039743818806,0.0</coordinates>
                    </LinearRing>
                </outerBoundaryIs>
            </Polygon>
        </Placemark>
        <Placemark id="751833">
            <name>Parcel_82277</name>
            <styleUrl>#751838</styleUrl>
            <Polygon id="751832">
                <outerBoundaryIs>
                    <LinearRing id="751836">
                        <coordinates>-78.80189122106732,33.75755095351264,0.0 -78.80192714267473,33.75756207429901,0.0 -78.80208166241617,33.757601246074,0.0 -78.80218727713728,33.757622195198984,0.0 -78.8021078824732,33.75799347015868,0.0 -78.80184081458187,33.758076353700936,0.0 -78.80167577115043,33.75786877804289,0.0 -78.80189122106732,33.75755095351264,0.0</coordinates>
                    </LinearRing>
                </outerBoundaryIs>
            </Polygon>
        </Placemark>
        <Placemark id="751842">
            <name>Parcel_82278</name>
            <styleUrl>#751847</styleUrl>
            <Polygon id="751841">
                <outerBoundaryIs>
                    <LinearRing id="751845">
                        <coordinates>-78.8205332359533,33.753943381700616,0.0 -78.82056466623736,33.75393689028271,0.0 -78.8206057482561,33.75406957431074,0.0 -78.82060808546468,33.75407477014878,0.0 -78.82064609793986,33.75419863760543,0.0 -78.82046576612696,33.75423669603538,0.0 -78.82038517359202,33.75397427788796,0.0 -78.8205332359533,33.753943381700616,0.0</coordinates>
                    </LinearRing>
                </outerBoundaryIs>
            </Polygon>
        </Placemark>
        <Placemark id="751851">
            <name>Parcel_82279</name>
            <styleUrl>#751856</styleUrl>
            <Polygon id="751850">
                <outerBoundaryIs>
                    <LinearRing id="751854">
                        <coordinates>-78.88880303661213,33.73345632183883,0.0 -78.8889768610443,33.73337727695224,0.0 -78.88920882783884,33.73374127960641,0.0 -78.8890350059956,33.733820153497426,0.0 -78.88880303661213,33.73345632183883,0.0</coordinates>
                    </LinearRing>
                </outerBoundaryIs>
            </Polygon>
        </Placemark>
        <Placemark id="751860">
            <name>Parcel_82280</name>
            <styleUrl>#751865</styleUrl>
            <Polygon id="751859">
                <outerBoundaryIs>
                    <LinearRing id="751863">
                        <coordinates>-78.79020874168384,33.76432397174008,0.0 -78.79029105705328,33.76432303643971,0.0 -78.79029282715814,33.764446782281546,0.0 -78.79021051277326,33.76444771670077,0.0 -78.79020874168384,33.76432397174008,0.0</coordinates>
                    </LinearRing>
                </outerBoundaryIs>
            </Polygon>
        </Placemark>
        <Placemark id="751869">
            <name>Parcel_82281</name>
            <styleUrl>#751874</styleUrl>
            <Polygon id="751868">
                <outerBoundaryIs>
                    <LinearRing id="751872">
                        <coordinates>-78.95105882630232,33.76676523939748,0.0 -78.95125346210503,33.76671245094146,0.0 -78.95142540300105,33.76716511717788,0.0 -78.95123241443224,33.76721776182474,0.0 -78.95117582471339,33.76707112286527,0.0 -78.95105882630232,33.76676523939748,0.0</coordinates>
                    </LinearRing>
                </outerBoundaryIs>
            </Polygon>
        </Placemark>
        <Placemark id="751878">
            <name>Parcel_82282</name>
            <styleUrl>#751883</styleUrl>
            <Polygon id="751877">
                <outerBoundaryIs>
                    <LinearRing id="751881">
                        <coordinates>-78.83239667087872,33.73571690192702,0.0 -78.83263364186531,33.73551813412619,0.0 -78.83312813245063,33.73592704969486,0.0 -78.83312846454055,33.735927324295325,0.0 -78.83289899202896,33.736122272955974,0.0 -78.83289884176294,33.73612215216707,0.0 -78.83239667087872,33.73571690192702,0.0</coordinates>
                    </LinearRing>
                </outerBoundaryIs>
            </Polygon>
        </Placemark>
        <Placemark id="751887">
            <name>Parcel_82283</name>
            <styleUrl>#751892</styleUrl>
            <Polygon id="751886">
                <outerBoundaryIs>
                    <LinearRing id="751890">
                        <coordinates>-78.98990585626991,33.77424280294997,0.0 -78.98996854559506,33.77422201739537,0.0 -78.99008666007923,33.77418285537752,0.0 -78.99023152303045,33.77439396666478,0.0 -78.99023391101898,33.77439744086249,0.0 -78.99023629601382,33.77440108998397,0.0 -78.99023785230936,33.774404892500804,0.0 -78.99023940960063,33.77440869864143,0.0 -78.99024096400316,33.77441267519793,0.0 -78.9902416946493,33.7744166392769,0.0 -78.99024242421592,33.77442060333837,0.0 -78.99024315089372,33.77442473781566,0.0 -78.99024388261964,33.774428701912164,0.0 -78.99024378662047,33.77443282392952,0.0 -78.99024369463174,33.77443677374535,0.0 -78.9902427748968,33.7744408823836,0.0 -78.99024268290805,33.774444832199464,0.0 -78.99024176423153,33.77444894175681,0.0 -78.99024002798869,33.774452865768616,0.0 -78.99023911228487,33.77445680130378,0.0 -78.99023738003126,33.77446055401558,0.0 -78.99023564453871,33.77446430667479,0.0 -78.99023309368083,33.774467872020296,0.0 -78.99023054172214,33.774471438249805,0.0 -78.99022799481133,33.77447483409845,0.0 -78.99022544686274,33.77447822812632,0.0 -78.9902220802049,33.77448143929569,0.0 -78.9902187175993,33.77448447646025,0.0 -78.99021535788242,33.774487343208925,0.0 -78.99021200327644,33.77449003687191,0.0 -78.99020864864924,33.77449273143636,0.0 -78.9902044804448,33.77449506915506,0.0 -78.990200310081,33.77449740683852,0.0 -78.99019614879666,33.774499401037936,0.0 -78.99019199258129,33.774501223954815,0.0 -78.99018783819615,33.77450287553659,0.0 -78.99018286520668,33.774504339751594,0.0 -78.99005605863152,33.774542657178664,0.0 -78.98990585626991,33.77424280294997,0.0</coordinates>
                    </LinearRing>
                </outerBoundaryIs>
            </Polygon>
        </Placemark>
        <Placemark id="751896">
            <name>Parcel_82284</name>
            <styleUrl>#751901</styleUrl>
            <Polygon id="751895">
                <outerBoundaryIs>
                    <LinearRing id="751899">
                        <coordinates>-78.98810904129029,33.77421909022931,0.0 -78.9883739404353,33.77404677220833,0.0 -78.98837961894813,33.7740502999379,0.0 -78.98838530141252,33.774053658170466,0.0 -78.98839099300626,33.774056671115865,0.0 -78.98839668136166,33.77405968400833,0.0 -78.98840319960158,33.77406253902705,0.0 -78.98840890211724,33.77406503715278,0.0 -78.98841543127863,33.7740673773521,0.0 -78.98842196445449,33.77406954534962,0.0 -78.98842850054412,33.77407154202927,0.0 -78.98843504574177,33.77407319432327,0.0 -78.9884415919982,33.774074847536,0.0 -78.98844814518237,33.77407615722954,0.0 -78.9884547013222,33.77407729380211,0.0 -78.98846209025977,33.77407810118304,0.0 -78.98846865947944,33.77407872297119,0.0 -78.98847523157055,33.774079175244694,0.0 -78.98848263252935,33.77407946692158,0.0 -78.98848921774203,33.774079402607484,0.0 -78.9884966307427,33.77407917767913,0.0 -78.98850322288257,33.7740787698454,0.0 -78.98855865277179,33.7741368869055,0.0 -78.98823162806157,33.77436180089533,0.0 -78.98810904129029,33.77421909022931,0.0</coordinates>
                    </LinearRing>
                </outerBoundaryIs>
            </Polygon>
        </Placemark>
        <Placemark id="751905">
            <name>Parcel_82285</name>
            <styleUrl>#751910</styleUrl>
            <Polygon id="751904">
                <outerBoundaryIs>
                    <LinearRing id="751908">
                        <coordinates>-78.99200918657992,33.77389690678449,0.0 -78.99223002235613,33.77384946146655,0.0 -78.99230237026356,33.77420571109147,0.0 -78.99230238164563,33.77420577892007,0.0 -78.99222388775802,33.77420903293927,0.0 -78.99222328240658,33.77420905648786,0.0 -78.99222043274544,33.774209175300506,0.0 -78.99222028784847,33.774209182870536,0.0 -78.99214751592795,33.77421220048539,0.0 -78.99212992051258,33.77422565931931,0.0 -78.99206362962032,33.774045153069906,0.0 -78.99204587487085,33.773996812495035,0.0 -78.99200918657992,33.77389690678449,0.0</coordinates>
                    </LinearRing>
                </outerBoundaryIs>
            </Polygon>
        </Placemark>
        <Placemark id="751914">
            <name>Parcel_82286</name>
            <styleUrl>#751919</styleUrl>
            <Polygon id="751913">
                <outerBoundaryIs>
                    <LinearRing id="751917">
                        <coordinates>-78.99091361289965,33.77387035473885,0.0 -78.99094853610995,33.77385494245986,0.0 -78.99109404328998,33.77379098492999,0.0 -78.99127515998613,33.77407106529694,0.0 -78.99112056327762,33.774136594532976,0.0 -78.991090651862,33.774148824181616,0.0 -78.99108483334459,33.77415130559912,0.0 -78.99091361289965,33.77387035473885,0.0</coordinates>
                    </LinearRing>
                </outerBoundaryIs>
            </Polygon>
        </Placemark>
        <Placemark id="751923">
            <name>Parcel_82287</name>
            <styleUrl>#751928</styleUrl>
            <Polygon id="751922">
                <outerBoundaryIs>
                    <LinearRing id="751926">
                        <coordinates>-78.99249541442502,33.771957436553066,0.0 -78.99260942551538,33.771902931595,0.0 -78.99261358661877,33.771900937313426,0.0 -78.99261774373733,33.771899114331795,0.0 -78.99262271657739,33.77189764821508,0.0 -78.99262768323152,33.77189635516633,0.0 -78.99263182945434,33.771895047003675,0.0 -78.99263678413342,33.77189426875639,0.0 -78.99264173991297,33.77189348962496,0.0 -78.99264668876094,33.7718930549141,0.0 -78.99265163146507,33.771892791468154,0.0 -78.99265657126422,33.77189269933966,0.0 -78.99266150811648,33.77189278033167,0.0 -78.9926664348614,33.77189320298709,0.0 -78.99267135865954,33.77189379876307,0.0 -78.99267627554731,33.77189473805816,0.0 -78.99268036766465,33.771895663071085,0.0 -78.99268527656264,33.77189694586758,0.0 -78.99269018041767,33.771898399044915,0.0 -78.99269425759312,33.77190001288161,0.0 -78.99269914945307,33.771901981761985,0.0 -78.99270321868089,33.77190393729698,0.0 -78.992707279919,33.77190623633365,0.0 -78.99271133715189,33.77190870757184,0.0 -78.9927153893,33.77191135099403,0.0 -78.99271861991646,33.77191398018698,0.0 -78.99272266405428,33.77191696801233,0.0 -78.99272588483511,33.77192011294352,0.0 -78.99272910347798,33.771923256938024,0.0 -78.9927314954831,33.77192655978916,0.0 -78.99280508150763,33.77201795719094,0.0 -78.99289866521714,33.77213407765623,0.0 -78.99272523510635,33.772231088799245,0.0 -78.99249541442502,33.771957436553066,0.0</coordinates>
                    </LinearRing>
                </outerBoundaryIs>
            </Polygon>
        </Placemark>
        <Placemark id="751932">
            <name>Parcel_82288</name>
            <styleUrl>#751937</styleUrl>
            <Polygon id="751931">
                <outerBoundaryIs>
                    <LinearRing id="751935">
                        <coordinates>-78.99049168466121,33.77343533677269,0.0 -78.9903912572987,33.77311842257187,0.0 -78.99041520195362,33.773115031508866,0.0 -78.99043912659862,33.77311249964589,0.0 -78.9904630392543,33.77311048257982,0.0 -78.99048693192222,33.77310932381225,0.0 -78.9905108064119,33.77310885290964,0.0 -78.99053467030193,33.7731090690932,0.0 -78.99055851497717,33.773109971321084,0.0 -78.99058234363503,33.77311156144908,0.0 -78.99060615631801,33.77311383767402,0.0 -78.99062995300568,33.773116800897505,0.0 -78.99065373365667,33.77312045292268,0.0 -78.99067667571178,33.77312477678455,0.0 -78.99070042441696,33.77312980100381,0.0 -78.99059663150175,33.77345216086181,0.0 -78.99049168466121,33.77343533677269,0.0</coordinates>
                    </LinearRing>
                </outerBoundaryIs>
            </Polygon>
        </Placemark>
        <Placemark id="751941">
            <name>Parcel_82289</name>
            <styleUrl>#751946</styleUrl>
            <Polygon id="751940">
                <outerBoundaryIs>
                    <LinearRing id="751944">
                        <coordinates>-78.99178127025694,33.772833961199396,0.0 -78.99180344046903,33.772800816504976,0.0 -78.99196603009267,33.772674595207135,0.0 -78.99208941065372,33.772641889739035,0.0 -78.9921900741579,33.772913619258524,0.0 -78.99218423576471,33.77291695993327,0.0 -78.99217838825749,33.7729206458951,0.0 -78.99217254187127,33.77292433007097,0.0 -78.992166691457,33.772928187349784,0.0 -78.99216165969872,33.77293222927715,0.0 -78.99215662100639,33.77293661562507,0.0 -78.99215158021734,33.772940999233064,0.0 -78.9921465364588,33.772945556863064,0.0 -78.992142315342,33.77295012784183,0.0 -78.99213726361114,33.772955028071564,0.0 -78.99213303560164,33.77295994166763,0.0 -78.99212962514787,33.77296504079665,0.0 -78.99212539097167,33.77297012655899,0.0 -78.9921219764894,33.77297539879098,0.0 -78.99211855806303,33.77298084051969,0.0 -78.99178127025694,33.772833961199396,0.0</coordinates>
                    </LinearRing>
                </outerBoundaryIs>
            </Polygon>
        </Placemark>
        <Placemark id="751950">
            <name>Parcel_82290</name>
            <styleUrl>#751955</styleUrl>
            <Polygon id="751949">
                <outerBoundaryIs>
                    <LinearRing id="751953">
                        <coordinates>-78.99114843927352,33.7727623474758,0.0 -78.99116136257449,33.772737473091645,0.0 -78.99116307477354,33.772734578668874,0.0 -78.99116478510213,33.772731857384294,0.0 -78.99116648924186,33.77272930916785,0.0 -78.99116901716407,33.77272677161954,0.0 -78.9911715421362,33.77272440719188,0.0 -78.99117406202006,33.77272221494827,0.0 -78.99117658192479,33.77272002180298,0.0 -78.99117991643126,33.77271818731777,0.0 -78.99118325097957,33.77271635102928,0.0 -78.99118825477454,33.77271351184801,0.0 -78.99119408924699,33.77271034071695,0.0 -78.99119909995761,33.772707158016075,0.0 -78.99120412082304,33.77270363184842,0.0 -78.9912091446169,33.77269993346141,0.0 -78.9912133457916,33.77269622081754,0.0 -78.99121837355112,33.77269235203171,0.0 -78.99122258272094,33.77268829588591,0.0 -78.99122679695736,33.77268406845743,0.0 -78.99123019034015,33.772679658141925,0.0 -78.99123440750462,33.77267525849404,0.0 -78.99123780599561,33.77267067509268,0.0 -78.99124120957421,33.77266591950713,0.0 -78.99124378835393,33.77266115053152,0.0 -78.99124719481867,33.77265622452982,0.0 -78.99124977870669,33.772651282468416,0.0 -78.99125236656081,33.772646170008514,0.0 -78.99125413285499,33.772641044211255,0.0 -78.99125590101922,33.77263574527575,0.0 -78.99159039591882,33.77272571108336,0.0 -78.99147114892243,33.77289902749973,0.0 -78.99114843927352,33.7727623474758,0.0</coordinates>
                    </LinearRing>
                </outerBoundaryIs>
            </Polygon>
        </Placemark>
        <Placemark id="751959">
            <name>Parcel_82291</name>
            <styleUrl>#751964</styleUrl>
            <Polygon id="751958">
                <outerBoundaryIs>
                    <LinearRing id="751962">
                        <coordinates>-78.9901474390063,33.773198650383065,0.0 -78.99016825492758,33.77318816545525,0.0 -78.99018905920413,33.77317836579391,0.0 -78.99021067087081,33.773169095141306,0.0 -78.99023226977187,33.7731605115406,0.0 -78.99025385341972,33.77315244358658,0.0 -78.99027624588817,33.773145075126656,0.0 -78.99029862019447,33.773138393630724,0.0 -78.99032180325916,33.77313241433304,0.0 -78.99034497329446,33.773126948011765,0.0 -78.99036812331802,33.773122340890886,0.0 -78.9903912572987,33.77311842257187,0.0 -78.99049168466121,33.77343533677269,0.0 -78.99047774475252,33.77343321996207,0.0 -78.99033972446902,33.773493689785845,0.0 -78.99033805409671,33.77349469355102,0.0 -78.99033727144688,33.77349296268256,0.0 -78.9901474390063,33.773198650383065,0.0</coordinates>
                    </LinearRing>
                </outerBoundaryIs>
            </Polygon>
        </Placemark>
        <Placemark id="751968">
            <name>Parcel_82292</name>
            <styleUrl>#751973</styleUrl>
            <Polygon id="751967">
                <outerBoundaryIs>
                    <LinearRing id="751971">
                        <coordinates>-78.99248139184134,33.77312624383994,0.0 -78.99273166876173,33.77308666383316,0.0 -78.99273401283887,33.77309202859524,0.0 -78.99278808671757,33.77320853815771,0.0 -78.99280094516143,33.77325719785238,0.0 -78.99246966848091,33.7733471817429,0.0 -78.99246898861374,33.77334098444719,0.0 -78.99246821791954,33.773338737888814,0.0 -78.99244405839316,33.773280615857495,0.0 -78.9924081796132,33.773195672703174,0.0 -78.99241484068214,33.77319234446355,0.0 -78.99242068311206,33.77318883067486,0.0 -78.99242570582345,33.77318513131974,0.0 -78.99243156020762,33.773181103630385,0.0 -78.99243741461227,33.7731770750392,0.0 -78.99244245037791,33.77317286089918,0.0 -78.9924466474956,33.773169321316985,0.0 -78.99245253384184,33.773163919619954,0.0 -78.99245675603224,33.773159348648356,0.0 -78.99246098401211,33.77315443594301,0.0 -78.99246521421355,33.77314952056782,0.0 -78.99246944729894,33.77314443477653,0.0 -78.99247285668115,33.77313933471921,0.0 -78.99247709483014,33.7731340776451,0.0 -78.99247968953739,33.773128621640836,0.0 -78.99248139184134,33.77312624383994,0.0</coordinates>
                    </LinearRing>
                </outerBoundaryIs>
            </Polygon>
        </Placemark>
        <Placemark id="751977">
            <name>Parcel_82293</name>
            <styleUrl>#751982</styleUrl>
            <Polygon id="751976">
                <outerBoundaryIs>
                    <LinearRing id="751980">
                        <coordinates>-79.05711560865436,33.6615456966284,0.0 -79.05719363758506,33.661365140110384,0.0 -79.058134855621,33.66165037482314,0.0 -79.05802562592957,33.66190277607818,0.0 -79.05708440165346,33.661617711850525,0.0 -79.05711560865436,33.6615456966284,0.0</coordinates>
                    </LinearRing>
                </outerBoundaryIs>
            </Polygon>
        </Placemark>
        <Placemark id="751986">
            <name>Parcel_82294</name>
            <styleUrl>#751991</styleUrl>
            <Polygon id="751985">
                <outerBoundaryIs>
                    <LinearRing id="751989">
                        <coordinates>-79.05489418744692,33.660152533716854,0.0 -79.05629579530235,33.66057681191688,0.0 -79.05619005828973,33.660819816203926,0.0 -79.05489212874815,33.66042655003648,0.0 -79.05489418744692,33.660152533716854,0.0</coordinates>
                    </LinearRing>
                </outerBoundaryIs>
            </Polygon>
        </Placemark>
        <Placemark id="751995">
            <name>Parcel_82295</name>
            <styleUrl>#752000</styleUrl>
            <Polygon id="751994">
                <outerBoundaryIs>
                    <LinearRing id="751998">
                        <coordinates>-79.0594905415763,33.65947326778645,0.0 -79.05957294925116,33.65931700612233,0.0 -79.06047691654807,33.65979665015272,0.0 -79.06030075738195,33.66002875935485,0.0 -79.05943821165337,33.65957106986508,0.0 -79.0594905415763,33.65947326778645,0.0</coordinates>
                    </LinearRing>
                </outerBoundaryIs>
            </Polygon>
        </Placemark>
        <Placemark id="752004">
            <name>Parcel_82296</name>
            <styleUrl>#752009</styleUrl>
            <Polygon id="752003">
                <outerBoundaryIs>
                    <LinearRing id="752007">
                        <coordinates>-79.05985135626555,33.658813657045606,0.0 -79.06004295313919,33.658589350765446,0.0 -79.06100538019204,33.65910049312791,0.0 -79.06082922604091,33.65933260224127,0.0 -79.05985135626555,33.658813657045606,0.0</coordinates>
                    </LinearRing>
                </outerBoundaryIs>
            </Polygon>
        </Placemark>
        <Placemark id="752013">
            <name>Parcel_82297</name>
            <styleUrl>#752018</styleUrl>
            <Polygon id="752012">
                <outerBoundaryIs>
                    <LinearRing id="752016">
                        <coordinates>-79.05761407902325,33.66116178816489,0.0 -79.0579088397719,33.66124803536314,0.0 -79.05820103987797,33.66133853568261,0.0 -79.05826143892638,33.66135718144446,0.0 -79.0582493075651,33.66138499653806,0.0 -79.058134855621,33.66165037482314,0.0 -79.05719363758506,33.661365140110384,0.0 -79.05721185251195,33.66132264449612,0.0 -79.05730809202142,33.66109976358647,0.0 -79.05732101713483,33.66107316332623,0.0 -79.05761407902325,33.66116178816489,0.0</coordinates>
                    </LinearRing>
                </outerBoundaryIs>
            </Polygon>
        </Placemark>
        <Placemark id="752022">
            <name>Parcel_82298</name>
            <styleUrl>#752027</styleUrl>
            <Polygon id="752021">
                <outerBoundaryIs>
                    <LinearRing id="752025">
                        <coordinates>-79.0583317295424,33.66232561803159,0.0 -79.05848691440062,33.66196655250275,0.0 -79.05872691736559,33.66203922111086,0.0 -79.05857092505362,33.662397586970194,0.0 -79.0583317295424,33.66232561803159,0.0</coordinates>
                    </LinearRing>
                </outerBoundaryIs>
            </Polygon>
        </Placemark>
        <Placemark id="752031">
            <name>Parcel_82299</name>
            <styleUrl>#752036</styleUrl>
            <Polygon id="752030">
                <outerBoundaryIs>
                    <LinearRing id="752034">
                        <coordinates>-79.06713267113687,33.66029800505446,0.0 -79.06715677417532,33.660249242476056,0.0 -79.06718005837986,33.660200294817905,0.0 -79.06720334854602,33.6601511758829,0.0 -79.06722581878151,33.660101872753536,0.0 -79.06724747236244,33.660052383677545,0.0 -79.0683021203444,33.66037470990466,0.0 -79.06827066101143,33.66042163863266,0.0 -79.06817933930719,33.660471249165994,0.0 -79.06813754513331,33.660493953844586,0.0 -79.0680886370113,33.6605004344056,0.0 -79.06800648052193,33.660511320549126,0.0 -79.06795271907268,33.66052343346069,0.0 -79.06790735669134,33.66053365375001,0.0 -79.06789240028063,33.6605448391752,0.0 -79.0678781009332,33.66055553249982,0.0 -79.06713267113687,33.66029800505446,0.0</coordinates>
                    </LinearRing>
                </outerBoundaryIs>
            </Polygon>
        </Placemark>
    </Document>
</kml>
