<?xml version="1.0" encoding="UTF-8"?>
<kml xmlns="http://www.opengis.net/kml/2.2" xmlns:gx="http://www.google.com/kml/ext/2.2">
    <Document id="655735">
        <Style id="655742">
            <LineStyle id="655744">
                <color>ffffffff</color>
                <colorMode>normal</colorMode>
                <width>1</width>
            </LineStyle>
            <PolyStyle id="655743">
                <colorMode>normal</colorMode>
                <fill>0</fill>
                <outline>1</outline>
            </PolyStyle>
        </Style>
        <Style id="655751">
            <LineStyle id="655753">
                <color>ffffffff</color>
                <colorMode>normal</colorMode>
                <width>1</width>
            </LineStyle>
            <PolyStyle id="655752">
                <colorMode>normal</colorMode>
                <fill>0</fill>
                <outline>1</outline>
            </PolyStyle>
        </Style>
        <Style id="655760">
            <LineStyle id="655762">
                <color>ffffffff</color>
                <colorMode>normal</colorMode>
                <width>1</width>
            </LineStyle>
            <PolyStyle id="655761">
                <colorMode>normal</colorMode>
                <fill>0</fill>
                <outline>1</outline>
            </PolyStyle>
        </Style>
        <Style id="655769">
            <LineStyle id="655771">
                <color>ffffffff</color>
                <colorMode>normal</colorMode>
                <width>1</width>
            </LineStyle>
            <PolyStyle id="655770">
                <colorMode>normal</colorMode>
                <fill>0</fill>
                <outline>1</outline>
            </PolyStyle>
        </Style>
        <Style id="655778">
            <LineStyle id="655780">
                <color>ffffffff</color>
                <colorMode>normal</colorMode>
                <width>1</width>
            </LineStyle>
            <PolyStyle id="655779">
                <colorMode>normal</colorMode>
                <fill>0</fill>
                <outline>1</outline>
            </PolyStyle>
        </Style>
        <Style id="655787">
            <LineStyle id="655789">
                <color>ffffffff</color>
                <colorMode>normal</colorMode>
                <width>1</width>
            </LineStyle>
            <PolyStyle id="655788">
                <colorMode>normal</colorMode>
                <fill>0</fill>
                <outline>1</outline>
            </PolyStyle>
        </Style>
        <Style id="655796">
            <LineStyle id="655798">
                <color>ffffffff</color>
                <colorMode>normal</colorMode>
                <width>1</width>
            </LineStyle>
            <PolyStyle id="655797">
                <colorMode>normal</colorMode>
                <fill>0</fill>
                <outline>1</outline>
            </PolyStyle>
        </Style>
        <Style id="655805">
            <LineStyle id="655807">
                <color>ffffffff</color>
                <colorMode>normal</colorMode>
                <width>1</width>
            </LineStyle>
            <PolyStyle id="655806">
                <colorMode>normal</colorMode>
                <fill>0</fill>
                <outline>1</outline>
            </PolyStyle>
        </Style>
        <Style id="655814">
            <LineStyle id="655816">
                <color>ffffffff</color>
                <colorMode>normal</colorMode>
                <width>1</width>
            </LineStyle>
            <PolyStyle id="655815">
                <colorMode>normal</colorMode>
                <fill>0</fill>
                <outline>1</outline>
            </PolyStyle>
        </Style>
        <Style id="655823">
            <LineStyle id="655825">
                <color>ffffffff</color>
                <colorMode>normal</colorMode>
                <width>1</width>
            </LineStyle>
            <PolyStyle id="655824">
                <colorMode>normal</colorMode>
                <fill>0</fill>
                <outline>1</outline>
            </PolyStyle>
        </Style>
        <Style id="655832">
            <LineStyle id="655834">
                <color>ffffffff</color>
                <colorMode>normal</colorMode>
                <width>1</width>
            </LineStyle>
            <PolyStyle id="655833">
                <colorMode>normal</colorMode>
                <fill>0</fill>
                <outline>1</outline>
            </PolyStyle>
        </Style>
        <Style id="655841">
            <LineStyle id="655843">
                <color>ffffffff</color>
                <colorMode>normal</colorMode>
                <width>1</width>
            </LineStyle>
            <PolyStyle id="655842">
                <colorMode>normal</colorMode>
                <fill>0</fill>
                <outline>1</outline>
            </PolyStyle>
        </Style>
        <Style id="655850">
            <LineStyle id="655852">
                <color>ffffffff</color>
                <colorMode>normal</colorMode>
                <width>1</width>
            </LineStyle>
            <PolyStyle id="655851">
                <colorMode>normal</colorMode>
                <fill>0</fill>
                <outline>1</outline>
            </PolyStyle>
        </Style>
        <Style id="655859">
            <LineStyle id="655861">
                <color>ffffffff</color>
                <colorMode>normal</colorMode>
                <width>1</width>
            </LineStyle>
            <PolyStyle id="655860">
                <colorMode>normal</colorMode>
                <fill>0</fill>
                <outline>1</outline>
            </PolyStyle>
        </Style>
        <Style id="655868">
            <LineStyle id="655870">
                <color>ffffffff</color>
                <colorMode>normal</colorMode>
                <width>1</width>
            </LineStyle>
            <PolyStyle id="655869">
                <colorMode>normal</colorMode>
                <fill>0</fill>
                <outline>1</outline>
            </PolyStyle>
        </Style>
        <Style id="655877">
            <LineStyle id="655879">
                <color>ffffffff</color>
                <colorMode>normal</colorMode>
                <width>1</width>
            </LineStyle>
            <PolyStyle id="655878">
                <colorMode>normal</colorMode>
                <fill>0</fill>
                <outline>1</outline>
            </PolyStyle>
        </Style>
        <Style id="655886">
            <LineStyle id="655888">
                <color>ffffffff</color>
                <colorMode>normal</colorMode>
                <width>1</width>
            </LineStyle>
            <PolyStyle id="655887">
                <colorMode>normal</colorMode>
                <fill>0</fill>
                <outline>1</outline>
            </PolyStyle>
        </Style>
        <Style id="655895">
            <LineStyle id="655897">
                <color>ffffffff</color>
                <colorMode>normal</colorMode>
                <width>1</width>
            </LineStyle>
            <PolyStyle id="655896">
                <colorMode>normal</colorMode>
                <fill>0</fill>
                <outline>1</outline>
            </PolyStyle>
        </Style>
        <Style id="655904">
            <LineStyle id="655906">
                <color>ffffffff</color>
                <colorMode>normal</colorMode>
                <width>1</width>
            </LineStyle>
            <PolyStyle id="655905">
                <colorMode>normal</colorMode>
                <fill>0</fill>
                <outline>1</outline>
            </PolyStyle>
        </Style>
        <Style id="655913">
            <LineStyle id="655915">
                <color>ffffffff</color>
                <colorMode>normal</colorMode>
                <width>1</width>
            </LineStyle>
            <PolyStyle id="655914">
                <colorMode>normal</colorMode>
                <fill>0</fill>
                <outline>1</outline>
            </PolyStyle>
        </Style>
        <Style id="655922">
            <LineStyle id="655924">
                <color>ffffffff</color>
                <colorMode>normal</colorMode>
                <width>1</width>
            </LineStyle>
            <PolyStyle id="655923">
                <colorMode>normal</colorMode>
                <fill>0</fill>
                <outline>1</outline>
            </PolyStyle>
        </Style>
        <Style id="655931">
            <LineStyle id="655933">
                <color>ffffffff</color>
                <colorMode>normal</colorMode>
                <width>1</width>
            </LineStyle>
            <PolyStyle id="655932">
                <colorMode>normal</colorMode>
                <fill>0</fill>
                <outline>1</outline>
            </PolyStyle>
        </Style>
        <Style id="655940">
            <LineStyle id="655942">
                <color>ffffffff</color>
                <colorMode>normal</colorMode>
                <width>1</width>
            </LineStyle>
            <PolyStyle id="655941">
                <colorMode>normal</colorMode>
                <fill>0</fill>
                <outline>1</outline>
            </PolyStyle>
        </Style>
        <Style id="655949">
            <LineStyle id="655951">
                <color>ffffffff</color>
                <colorMode>normal</colorMode>
                <width>1</width>
            </LineStyle>
            <PolyStyle id="655950">
                <colorMode>normal</colorMode>
                <fill>0</fill>
                <outline>1</outline>
            </PolyStyle>
        </Style>
        <Style id="655958">
            <LineStyle id="655960">
                <color>ffffffff</color>
                <colorMode>normal</colorMode>
                <width>1</width>
            </LineStyle>
            <PolyStyle id="655959">
                <colorMode>normal</colorMode>
                <fill>0</fill>
                <outline>1</outline>
            </PolyStyle>
        </Style>
        <Style id="655967">
            <LineStyle id="655969">
                <color>ffffffff</color>
                <colorMode>normal</colorMode>
                <width>1</width>
            </LineStyle>
            <PolyStyle id="655968">
                <colorMode>normal</colorMode>
                <fill>0</fill>
                <outline>1</outline>
            </PolyStyle>
        </Style>
        <Style id="655976">
            <LineStyle id="655978">
                <color>ffffffff</color>
                <colorMode>normal</colorMode>
                <width>1</width>
            </LineStyle>
            <PolyStyle id="655977">
                <colorMode>normal</colorMode>
                <fill>0</fill>
                <outline>1</outline>
            </PolyStyle>
        </Style>
        <Style id="655985">
            <LineStyle id="655987">
                <color>ffffffff</color>
                <colorMode>normal</colorMode>
                <width>1</width>
            </LineStyle>
            <PolyStyle id="655986">
                <colorMode>normal</colorMode>
                <fill>0</fill>
                <outline>1</outline>
            </PolyStyle>
        </Style>
        <Style id="655994">
            <LineStyle id="655996">
                <color>ffffffff</color>
                <colorMode>normal</colorMode>
                <width>1</width>
            </LineStyle>
            <PolyStyle id="655995">
                <colorMode>normal</colorMode>
                <fill>0</fill>
                <outline>1</outline>
            </PolyStyle>
        </Style>
        <Style id="656003">
            <LineStyle id="656005">
                <color>ffffffff</color>
                <colorMode>normal</colorMode>
                <width>1</width>
            </LineStyle>
            <PolyStyle id="656004">
                <colorMode>normal</colorMode>
                <fill>0</fill>
                <outline>1</outline>
            </PolyStyle>
        </Style>
        <Style id="656012">
            <LineStyle id="656014">
                <color>ffffffff</color>
                <colorMode>normal</colorMode>
                <width>1</width>
            </LineStyle>
            <PolyStyle id="656013">
                <colorMode>normal</colorMode>
                <fill>0</fill>
                <outline>1</outline>
            </PolyStyle>
        </Style>
        <Style id="656021">
            <LineStyle id="656023">
                <color>ffffffff</color>
                <colorMode>normal</colorMode>
                <width>1</width>
            </LineStyle>
            <PolyStyle id="656022">
                <colorMode>normal</colorMode>
                <fill>0</fill>
                <outline>1</outline>
            </PolyStyle>
        </Style>
        <Style id="656030">
            <LineStyle id="656032">
                <color>ffffffff</color>
                <colorMode>normal</colorMode>
                <width>1</width>
            </LineStyle>
            <PolyStyle id="656031">
                <colorMode>normal</colorMode>
                <fill>0</fill>
                <outline>1</outline>
            </PolyStyle>
        </Style>
        <Style id="656039">
            <LineStyle id="656041">
                <color>ffffffff</color>
                <colorMode>normal</colorMode>
                <width>1</width>
            </LineStyle>
            <PolyStyle id="656040">
                <colorMode>normal</colorMode>
                <fill>0</fill>
                <outline>1</outline>
            </PolyStyle>
        </Style>
        <Style id="656048">
            <LineStyle id="656050">
                <color>ffffffff</color>
                <colorMode>normal</colorMode>
                <width>1</width>
            </LineStyle>
            <PolyStyle id="656049">
                <colorMode>normal</colorMode>
                <fill>0</fill>
                <outline>1</outline>
            </PolyStyle>
        </Style>
        <Style id="656057">
            <LineStyle id="656059">
                <color>ffffffff</color>
                <colorMode>normal</colorMode>
                <width>1</width>
            </LineStyle>
            <PolyStyle id="656058">
                <colorMode>normal</colorMode>
                <fill>0</fill>
                <outline>1</outline>
            </PolyStyle>
        </Style>
        <Style id="656066">
            <LineStyle id="656068">
                <color>ffffffff</color>
                <colorMode>normal</colorMode>
                <width>1</width>
            </LineStyle>
            <PolyStyle id="656067">
                <colorMode>normal</colorMode>
                <fill>0</fill>
                <outline>1</outline>
            </PolyStyle>
        </Style>
        <Style id="656075">
            <LineStyle id="656077">
                <color>ffffffff</color>
                <colorMode>normal</colorMode>
                <width>1</width>
            </LineStyle>
            <PolyStyle id="656076">
                <colorMode>normal</colorMode>
                <fill>0</fill>
                <outline>1</outline>
            </PolyStyle>
        </Style>
        <Style id="656084">
            <LineStyle id="656086">
                <color>ffffffff</color>
                <colorMode>normal</colorMode>
                <width>1</width>
            </LineStyle>
            <PolyStyle id="656085">
                <colorMode>normal</colorMode>
                <fill>0</fill>
                <outline>1</outline>
            </PolyStyle>
        </Style>
        <Style id="656093">
            <LineStyle id="656095">
                <color>ffffffff</color>
                <colorMode>normal</colorMode>
                <width>1</width>
            </LineStyle>
            <PolyStyle id="656094">
                <colorMode>normal</colorMode>
                <fill>0</fill>
                <outline>1</outline>
            </PolyStyle>
        </Style>
        <Style id="656102">
            <LineStyle id="656104">
                <color>ffffffff</color>
                <colorMode>normal</colorMode>
                <width>1</width>
            </LineStyle>
            <PolyStyle id="656103">
                <colorMode>normal</colorMode>
                <fill>0</fill>
                <outline>1</outline>
            </PolyStyle>
        </Style>
        <Style id="656111">
            <LineStyle id="656113">
                <color>ffffffff</color>
                <colorMode>normal</colorMode>
                <width>1</width>
            </LineStyle>
            <PolyStyle id="656112">
                <colorMode>normal</colorMode>
                <fill>0</fill>
                <outline>1</outline>
            </PolyStyle>
        </Style>
        <Style id="656120">
            <LineStyle id="656122">
                <color>ffffffff</color>
                <colorMode>normal</colorMode>
                <width>1</width>
            </LineStyle>
            <PolyStyle id="656121">
                <colorMode>normal</colorMode>
                <fill>0</fill>
                <outline>1</outline>
            </PolyStyle>
        </Style>
        <Style id="656129">
            <LineStyle id="656131">
                <color>ffffffff</color>
                <colorMode>normal</colorMode>
                <width>1</width>
            </LineStyle>
            <PolyStyle id="656130">
                <colorMode>normal</colorMode>
                <fill>0</fill>
                <outline>1</outline>
            </PolyStyle>
        </Style>
        <Style id="656138">
            <LineStyle id="656140">
                <color>ffffffff</color>
                <colorMode>normal</colorMode>
                <width>1</width>
            </LineStyle>
            <PolyStyle id="656139">
                <colorMode>normal</colorMode>
                <fill>0</fill>
                <outline>1</outline>
            </PolyStyle>
        </Style>
        <Style id="656147">
            <LineStyle id="656149">
                <color>ffffffff</color>
                <colorMode>normal</colorMode>
                <width>1</width>
            </LineStyle>
            <PolyStyle id="656148">
                <colorMode>normal</colorMode>
                <fill>0</fill>
                <outline>1</outline>
            </PolyStyle>
        </Style>
        <Style id="656156">
            <LineStyle id="656158">
                <color>ffffffff</color>
                <colorMode>normal</colorMode>
                <width>1</width>
            </LineStyle>
            <PolyStyle id="656157">
                <colorMode>normal</colorMode>
                <fill>0</fill>
                <outline>1</outline>
            </PolyStyle>
        </Style>
        <Style id="656165">
            <LineStyle id="656167">
                <color>ffffffff</color>
                <colorMode>normal</colorMode>
                <width>1</width>
            </LineStyle>
            <PolyStyle id="656166">
                <colorMode>normal</colorMode>
                <fill>0</fill>
                <outline>1</outline>
            </PolyStyle>
        </Style>
        <Style id="656174">
            <LineStyle id="656176">
                <color>ffffffff</color>
                <colorMode>normal</colorMode>
                <width>1</width>
            </LineStyle>
            <PolyStyle id="656175">
                <colorMode>normal</colorMode>
                <fill>0</fill>
                <outline>1</outline>
            </PolyStyle>
        </Style>
        <Style id="656183">
            <LineStyle id="656185">
                <color>ffffffff</color>
                <colorMode>normal</colorMode>
                <width>1</width>
            </LineStyle>
            <PolyStyle id="656184">
                <colorMode>normal</colorMode>
                <fill>0</fill>
                <outline>1</outline>
            </PolyStyle>
        </Style>
        <Style id="656192">
            <LineStyle id="656194">
                <color>ffffffff</color>
                <colorMode>normal</colorMode>
                <width>1</width>
            </LineStyle>
            <PolyStyle id="656193">
                <colorMode>normal</colorMode>
                <fill>0</fill>
                <outline>1</outline>
            </PolyStyle>
        </Style>
        <Style id="656201">
            <LineStyle id="656203">
                <color>ffffffff</color>
                <colorMode>normal</colorMode>
                <width>1</width>
            </LineStyle>
            <PolyStyle id="656202">
                <colorMode>normal</colorMode>
                <fill>0</fill>
                <outline>1</outline>
            </PolyStyle>
        </Style>
        <Style id="656210">
            <LineStyle id="656212">
                <color>ffffffff</color>
                <colorMode>normal</colorMode>
                <width>1</width>
            </LineStyle>
            <PolyStyle id="656211">
                <colorMode>normal</colorMode>
                <fill>0</fill>
                <outline>1</outline>
            </PolyStyle>
        </Style>
        <Style id="656219">
            <LineStyle id="656221">
                <color>ffffffff</color>
                <colorMode>normal</colorMode>
                <width>1</width>
            </LineStyle>
            <PolyStyle id="656220">
                <colorMode>normal</colorMode>
                <fill>0</fill>
                <outline>1</outline>
            </PolyStyle>
        </Style>
        <Style id="656228">
            <LineStyle id="656230">
                <color>ffffffff</color>
                <colorMode>normal</colorMode>
                <width>1</width>
            </LineStyle>
            <PolyStyle id="656229">
                <colorMode>normal</colorMode>
                <fill>0</fill>
                <outline>1</outline>
            </PolyStyle>
        </Style>
        <Style id="656237">
            <LineStyle id="656239">
                <color>ffffffff</color>
                <colorMode>normal</colorMode>
                <width>1</width>
            </LineStyle>
            <PolyStyle id="656238">
                <colorMode>normal</colorMode>
                <fill>0</fill>
                <outline>1</outline>
            </PolyStyle>
        </Style>
        <Style id="656246">
            <LineStyle id="656248">
                <color>ffffffff</color>
                <colorMode>normal</colorMode>
                <width>1</width>
            </LineStyle>
            <PolyStyle id="656247">
                <colorMode>normal</colorMode>
                <fill>0</fill>
                <outline>1</outline>
            </PolyStyle>
        </Style>
        <Style id="656255">
            <LineStyle id="656257">
                <color>ffffffff</color>
                <colorMode>normal</colorMode>
                <width>1</width>
            </LineStyle>
            <PolyStyle id="656256">
                <colorMode>normal</colorMode>
                <fill>0</fill>
                <outline>1</outline>
            </PolyStyle>
        </Style>
        <Style id="656264">
            <LineStyle id="656266">
                <color>ffffffff</color>
                <colorMode>normal</colorMode>
                <width>1</width>
            </LineStyle>
            <PolyStyle id="656265">
                <colorMode>normal</colorMode>
                <fill>0</fill>
                <outline>1</outline>
            </PolyStyle>
        </Style>
        <Style id="656273">
            <LineStyle id="656275">
                <color>ffffffff</color>
                <colorMode>normal</colorMode>
                <width>1</width>
            </LineStyle>
            <PolyStyle id="656274">
                <colorMode>normal</colorMode>
                <fill>0</fill>
                <outline>1</outline>
            </PolyStyle>
        </Style>
        <Style id="656282">
            <LineStyle id="656284">
                <color>ffffffff</color>
                <colorMode>normal</colorMode>
                <width>1</width>
            </LineStyle>
            <PolyStyle id="656283">
                <colorMode>normal</colorMode>
                <fill>0</fill>
                <outline>1</outline>
            </PolyStyle>
        </Style>
        <Style id="656291">
            <LineStyle id="656293">
                <color>ffffffff</color>
                <colorMode>normal</colorMode>
                <width>1</width>
            </LineStyle>
            <PolyStyle id="656292">
                <colorMode>normal</colorMode>
                <fill>0</fill>
                <outline>1</outline>
            </PolyStyle>
        </Style>
        <Style id="656300">
            <LineStyle id="656302">
                <color>ffffffff</color>
                <colorMode>normal</colorMode>
                <width>1</width>
            </LineStyle>
            <PolyStyle id="656301">
                <colorMode>normal</colorMode>
                <fill>0</fill>
                <outline>1</outline>
            </PolyStyle>
        </Style>
        <Style id="656309">
            <LineStyle id="656311">
                <color>ffffffff</color>
                <colorMode>normal</colorMode>
                <width>1</width>
            </LineStyle>
            <PolyStyle id="656310">
                <colorMode>normal</colorMode>
                <fill>0</fill>
                <outline>1</outline>
            </PolyStyle>
        </Style>
        <Style id="656318">
            <LineStyle id="656320">
                <color>ffffffff</color>
                <colorMode>normal</colorMode>
                <width>1</width>
            </LineStyle>
            <PolyStyle id="656319">
                <colorMode>normal</colorMode>
                <fill>0</fill>
                <outline>1</outline>
            </PolyStyle>
        </Style>
        <Style id="656327">
            <LineStyle id="656329">
                <color>ffffffff</color>
                <colorMode>normal</colorMode>
                <width>1</width>
            </LineStyle>
            <PolyStyle id="656328">
                <colorMode>normal</colorMode>
                <fill>0</fill>
                <outline>1</outline>
            </PolyStyle>
        </Style>
        <Style id="656336">
            <LineStyle id="656338">
                <color>ffffffff</color>
                <colorMode>normal</colorMode>
                <width>1</width>
            </LineStyle>
            <PolyStyle id="656337">
                <colorMode>normal</colorMode>
                <fill>0</fill>
                <outline>1</outline>
            </PolyStyle>
        </Style>
        <Style id="656345">
            <LineStyle id="656347">
                <color>ffffffff</color>
                <colorMode>normal</colorMode>
                <width>1</width>
            </LineStyle>
            <PolyStyle id="656346">
                <colorMode>normal</colorMode>
                <fill>0</fill>
                <outline>1</outline>
            </PolyStyle>
        </Style>
        <Style id="656354">
            <LineStyle id="656356">
                <color>ffffffff</color>
                <colorMode>normal</colorMode>
                <width>1</width>
            </LineStyle>
            <PolyStyle id="656355">
                <colorMode>normal</colorMode>
                <fill>0</fill>
                <outline>1</outline>
            </PolyStyle>
        </Style>
        <Style id="656363">
            <LineStyle id="656365">
                <color>ffffffff</color>
                <colorMode>normal</colorMode>
                <width>1</width>
            </LineStyle>
            <PolyStyle id="656364">
                <colorMode>normal</colorMode>
                <fill>0</fill>
                <outline>1</outline>
            </PolyStyle>
        </Style>
        <Style id="656372">
            <LineStyle id="656374">
                <color>ffffffff</color>
                <colorMode>normal</colorMode>
                <width>1</width>
            </LineStyle>
            <PolyStyle id="656373">
                <colorMode>normal</colorMode>
                <fill>0</fill>
                <outline>1</outline>
            </PolyStyle>
        </Style>
        <Style id="656381">
            <LineStyle id="656383">
                <color>ffffffff</color>
                <colorMode>normal</colorMode>
                <width>1</width>
            </LineStyle>
            <PolyStyle id="656382">
                <colorMode>normal</colorMode>
                <fill>0</fill>
                <outline>1</outline>
            </PolyStyle>
        </Style>
        <Style id="656390">
            <LineStyle id="656392">
                <color>ffffffff</color>
                <colorMode>normal</colorMode>
                <width>1</width>
            </LineStyle>
            <PolyStyle id="656391">
                <colorMode>normal</colorMode>
                <fill>0</fill>
                <outline>1</outline>
            </PolyStyle>
        </Style>
        <Style id="656399">
            <LineStyle id="656401">
                <color>ffffffff</color>
                <colorMode>normal</colorMode>
                <width>1</width>
            </LineStyle>
            <PolyStyle id="656400">
                <colorMode>normal</colorMode>
                <fill>0</fill>
                <outline>1</outline>
            </PolyStyle>
        </Style>
        <Style id="656408">
            <LineStyle id="656410">
                <color>ffffffff</color>
                <colorMode>normal</colorMode>
                <width>1</width>
            </LineStyle>
            <PolyStyle id="656409">
                <colorMode>normal</colorMode>
                <fill>0</fill>
                <outline>1</outline>
            </PolyStyle>
        </Style>
        <Style id="656417">
            <LineStyle id="656419">
                <color>ffffffff</color>
                <colorMode>normal</colorMode>
                <width>1</width>
            </LineStyle>
            <PolyStyle id="656418">
                <colorMode>normal</colorMode>
                <fill>0</fill>
                <outline>1</outline>
            </PolyStyle>
        </Style>
        <Style id="656426">
            <LineStyle id="656428">
                <color>ffffffff</color>
                <colorMode>normal</colorMode>
                <width>1</width>
            </LineStyle>
            <PolyStyle id="656427">
                <colorMode>normal</colorMode>
                <fill>0</fill>
                <outline>1</outline>
            </PolyStyle>
        </Style>
        <Style id="656435">
            <LineStyle id="656437">
                <color>ffffffff</color>
                <colorMode>normal</colorMode>
                <width>1</width>
            </LineStyle>
            <PolyStyle id="656436">
                <colorMode>normal</colorMode>
                <fill>0</fill>
                <outline>1</outline>
            </PolyStyle>
        </Style>
        <Style id="656444">
            <LineStyle id="656446">
                <color>ffffffff</color>
                <colorMode>normal</colorMode>
                <width>1</width>
            </LineStyle>
            <PolyStyle id="656445">
                <colorMode>normal</colorMode>
                <fill>0</fill>
                <outline>1</outline>
            </PolyStyle>
        </Style>
        <Style id="656453">
            <LineStyle id="656455">
                <color>ffffffff</color>
                <colorMode>normal</colorMode>
                <width>1</width>
            </LineStyle>
            <PolyStyle id="656454">
                <colorMode>normal</colorMode>
                <fill>0</fill>
                <outline>1</outline>
            </PolyStyle>
        </Style>
        <Style id="656462">
            <LineStyle id="656464">
                <color>ffffffff</color>
                <colorMode>normal</colorMode>
                <width>1</width>
            </LineStyle>
            <PolyStyle id="656463">
                <colorMode>normal</colorMode>
                <fill>0</fill>
                <outline>1</outline>
            </PolyStyle>
        </Style>
        <Style id="656471">
            <LineStyle id="656473">
                <color>ffffffff</color>
                <colorMode>normal</colorMode>
                <width>1</width>
            </LineStyle>
            <PolyStyle id="656472">
                <colorMode>normal</colorMode>
                <fill>0</fill>
                <outline>1</outline>
            </PolyStyle>
        </Style>
        <Style id="656480">
            <LineStyle id="656482">
                <color>ffffffff</color>
                <colorMode>normal</colorMode>
                <width>1</width>
            </LineStyle>
            <PolyStyle id="656481">
                <colorMode>normal</colorMode>
                <fill>0</fill>
                <outline>1</outline>
            </PolyStyle>
        </Style>
        <Style id="656489">
            <LineStyle id="656491">
                <color>ffffffff</color>
                <colorMode>normal</colorMode>
                <width>1</width>
            </LineStyle>
            <PolyStyle id="656490">
                <colorMode>normal</colorMode>
                <fill>0</fill>
                <outline>1</outline>
            </PolyStyle>
        </Style>
        <Style id="656498">
            <LineStyle id="656500">
                <color>ffffffff</color>
                <colorMode>normal</colorMode>
                <width>1</width>
            </LineStyle>
            <PolyStyle id="656499">
                <colorMode>normal</colorMode>
                <fill>0</fill>
                <outline>1</outline>
            </PolyStyle>
        </Style>
        <Style id="656507">
            <LineStyle id="656509">
                <color>ffffffff</color>
                <colorMode>normal</colorMode>
                <width>1</width>
            </LineStyle>
            <PolyStyle id="656508">
                <colorMode>normal</colorMode>
                <fill>0</fill>
                <outline>1</outline>
            </PolyStyle>
        </Style>
        <Style id="656516">
            <LineStyle id="656518">
                <color>ffffffff</color>
                <colorMode>normal</colorMode>
                <width>1</width>
            </LineStyle>
            <PolyStyle id="656517">
                <colorMode>normal</colorMode>
                <fill>0</fill>
                <outline>1</outline>
            </PolyStyle>
        </Style>
        <Style id="656525">
            <LineStyle id="656527">
                <color>ffffffff</color>
                <colorMode>normal</colorMode>
                <width>1</width>
            </LineStyle>
            <PolyStyle id="656526">
                <colorMode>normal</colorMode>
                <fill>0</fill>
                <outline>1</outline>
            </PolyStyle>
        </Style>
        <Style id="656534">
            <LineStyle id="656536">
                <color>ffffffff</color>
                <colorMode>normal</colorMode>
                <width>1</width>
            </LineStyle>
            <PolyStyle id="656535">
                <colorMode>normal</colorMode>
                <fill>0</fill>
                <outline>1</outline>
            </PolyStyle>
        </Style>
        <Style id="656543">
            <LineStyle id="656545">
                <color>ffffffff</color>
                <colorMode>normal</colorMode>
                <width>1</width>
            </LineStyle>
            <PolyStyle id="656544">
                <colorMode>normal</colorMode>
                <fill>0</fill>
                <outline>1</outline>
            </PolyStyle>
        </Style>
        <Style id="656552">
            <LineStyle id="656554">
                <color>ffffffff</color>
                <colorMode>normal</colorMode>
                <width>1</width>
            </LineStyle>
            <PolyStyle id="656553">
                <colorMode>normal</colorMode>
                <fill>0</fill>
                <outline>1</outline>
            </PolyStyle>
        </Style>
        <Style id="656561">
            <LineStyle id="656563">
                <color>ffffffff</color>
                <colorMode>normal</colorMode>
                <width>1</width>
            </LineStyle>
            <PolyStyle id="656562">
                <colorMode>normal</colorMode>
                <fill>0</fill>
                <outline>1</outline>
            </PolyStyle>
        </Style>
        <Style id="656570">
            <LineStyle id="656572">
                <color>ffffffff</color>
                <colorMode>normal</colorMode>
                <width>1</width>
            </LineStyle>
            <PolyStyle id="656571">
                <colorMode>normal</colorMode>
                <fill>0</fill>
                <outline>1</outline>
            </PolyStyle>
        </Style>
        <Style id="656579">
            <LineStyle id="656581">
                <color>ffffffff</color>
                <colorMode>normal</colorMode>
                <width>1</width>
            </LineStyle>
            <PolyStyle id="656580">
                <colorMode>normal</colorMode>
                <fill>0</fill>
                <outline>1</outline>
            </PolyStyle>
        </Style>
        <Style id="656588">
            <LineStyle id="656590">
                <color>ffffffff</color>
                <colorMode>normal</colorMode>
                <width>1</width>
            </LineStyle>
            <PolyStyle id="656589">
                <colorMode>normal</colorMode>
                <fill>0</fill>
                <outline>1</outline>
            </PolyStyle>
        </Style>
        <Style id="656597">
            <LineStyle id="656599">
                <color>ffffffff</color>
                <colorMode>normal</colorMode>
                <width>1</width>
            </LineStyle>
            <PolyStyle id="656598">
                <colorMode>normal</colorMode>
                <fill>0</fill>
                <outline>1</outline>
            </PolyStyle>
        </Style>
        <Style id="656606">
            <LineStyle id="656608">
                <color>ffffffff</color>
                <colorMode>normal</colorMode>
                <width>1</width>
            </LineStyle>
            <PolyStyle id="656607">
                <colorMode>normal</colorMode>
                <fill>0</fill>
                <outline>1</outline>
            </PolyStyle>
        </Style>
        <Style id="656615">
            <LineStyle id="656617">
                <color>ffffffff</color>
                <colorMode>normal</colorMode>
                <width>1</width>
            </LineStyle>
            <PolyStyle id="656616">
                <colorMode>normal</colorMode>
                <fill>0</fill>
                <outline>1</outline>
            </PolyStyle>
        </Style>
        <Style id="656624">
            <LineStyle id="656626">
                <color>ffffffff</color>
                <colorMode>normal</colorMode>
                <width>1</width>
            </LineStyle>
            <PolyStyle id="656625">
                <colorMode>normal</colorMode>
                <fill>0</fill>
                <outline>1</outline>
            </PolyStyle>
        </Style>
        <Style id="656633">
            <LineStyle id="656635">
                <color>ffffffff</color>
                <colorMode>normal</colorMode>
                <width>1</width>
            </LineStyle>
            <PolyStyle id="656634">
                <colorMode>normal</colorMode>
                <fill>0</fill>
                <outline>1</outline>
            </PolyStyle>
        </Style>
        <Placemark id="655737">
            <name>Parcel_71700</name>
            <styleUrl>#655742</styleUrl>
            <Polygon id="655736">
                <outerBoundaryIs>
                    <LinearRing id="655740">
                        <coordinates>-78.64533608577848,33.83747332563872,0.0 -78.6454954343545,33.83742893186098,0.0 -78.64562857630195,33.83780140437394,0.0 -78.64562442272619,33.837802701807746,0.0 -78.64549305885636,33.83784779835742,0.0 -78.64548058310257,33.83785220087503,0.0 -78.64533608577848,33.83747332563872,0.0</coordinates>
                    </LinearRing>
                </outerBoundaryIs>
            </Polygon>
        </Placemark>
        <Placemark id="655746">
            <name>Parcel_71701</name>
            <styleUrl>#655751</styleUrl>
            <Polygon id="655745">
                <outerBoundaryIs>
                    <LinearRing id="655749">
                        <coordinates>-78.64406569333086,33.837456381504204,0.0 -78.64410780431275,33.83745254116841,0.0 -78.64414991303177,33.83744870438319,0.0 -78.64417493227039,33.837618257714276,0.0 -78.64409316904873,33.8376264957163,0.0 -78.64406569333086,33.837456381504204,0.0</coordinates>
                    </LinearRing>
                </outerBoundaryIs>
            </Polygon>
        </Placemark>
        <Placemark id="655755">
            <name>Parcel_71702</name>
            <styleUrl>#655760</styleUrl>
            <Polygon id="655754">
                <outerBoundaryIs>
                    <LinearRing id="655758">
                        <coordinates>-78.6438041715298,33.8390698377114,0.0 -78.64377622878531,33.838826514187225,0.0 -78.64384004782706,33.838811921491086,0.0 -78.64401502552039,33.838768341982934,0.0 -78.64402754999477,33.83906360526554,0.0 -78.64398956228966,33.83906734995927,0.0 -78.64383708457515,33.839071151282305,0.0 -78.6438041715298,33.8390698377114,0.0</coordinates>
                    </LinearRing>
                </outerBoundaryIs>
            </Polygon>
        </Placemark>
        <Placemark id="655764">
            <name>Parcel_71703</name>
            <styleUrl>#655769</styleUrl>
            <Polygon id="655763">
                <outerBoundaryIs>
                    <LinearRing id="655767">
                        <coordinates>-78.64327293161837,33.838949071483604,0.0 -78.64339149954125,33.838920228979184,0.0 -78.64354241104634,33.83888323561071,0.0 -78.64369911623317,33.83884532406091,0.0 -78.64377622878531,33.838826514187225,0.0 -78.6438041715298,33.8390698377114,0.0 -78.6437910127265,33.83906924367242,0.0 -78.64373520780354,33.83906182379385,0.0 -78.64327293161837,33.838949071483604,0.0</coordinates>
                    </LinearRing>
                </outerBoundaryIs>
            </Polygon>
        </Placemark>
        <Placemark id="655773">
            <name>Parcel_71704</name>
            <styleUrl>#655778</styleUrl>
            <Polygon id="655772">
                <outerBoundaryIs>
                    <LinearRing id="655776">
                        <coordinates>-78.64220911613285,33.83990101570143,0.0 -78.64229507808842,33.83967910687102,0.0 -78.64239315435958,33.83970691943811,0.0 -78.6424702188914,33.83972006901178,0.0 -78.64239723158569,33.83994944526621,0.0 -78.64220911613285,33.83990101570143,0.0</coordinates>
                    </LinearRing>
                </outerBoundaryIs>
            </Polygon>
        </Placemark>
        <Placemark id="655782">
            <name>Parcel_71705</name>
            <styleUrl>#655787</styleUrl>
            <Polygon id="655781">
                <outerBoundaryIs>
                    <LinearRing id="655785">
                        <coordinates>-78.64290214043828,33.83955732547307,0.0 -78.64299822854443,33.83929626041665,0.0 -78.64303995550574,33.83930650371995,0.0 -78.64315611887949,33.83933551954014,0.0 -78.64305999936553,33.839597789144925,0.0 -78.64293895884073,33.83956627484743,0.0 -78.64290214043828,33.83955732547307,0.0</coordinates>
                    </LinearRing>
                </outerBoundaryIs>
            </Polygon>
        </Placemark>
        <Placemark id="655791">
            <name>Parcel_71706</name>
            <styleUrl>#655796</styleUrl>
            <Polygon id="655790">
                <outerBoundaryIs>
                    <LinearRing id="655794">
                        <coordinates>-78.64302209206586,33.842792691684814,0.0 -78.64307867075998,33.84253087557304,0.0 -78.64308145975298,33.84251924362102,0.0 -78.6432719132947,33.84254262788876,0.0 -78.64326991540914,33.84258554713842,0.0 -78.64324859295428,33.84282329235067,0.0 -78.64302209206586,33.842792691684814,0.0</coordinates>
                    </LinearRing>
                </outerBoundaryIs>
            </Polygon>
        </Placemark>
        <Placemark id="655800">
            <name>Parcel_71707</name>
            <styleUrl>#655805</styleUrl>
            <Polygon id="655799">
                <outerBoundaryIs>
                    <LinearRing id="655803">
                        <coordinates>-78.64501024101276,33.84448656668945,0.0 -78.64504524771714,33.84444411191726,0.0 -78.64509367489262,33.8443900478288,0.0 -78.64511173582135,33.84437124064922,0.0 -78.64555727794064,33.844916403631096,0.0 -78.64554403607467,33.84495986765372,0.0 -78.64545260505328,33.844988385855,0.0 -78.64542837629753,33.844995942792664,0.0 -78.64501024101276,33.84448656668945,0.0</coordinates>
                    </LinearRing>
                </outerBoundaryIs>
            </Polygon>
        </Placemark>
        <Placemark id="655809">
            <name>Parcel_71708</name>
            <styleUrl>#655814</styleUrl>
            <Polygon id="655808">
                <outerBoundaryIs>
                    <LinearRing id="655812">
                        <coordinates>-78.64782628686571,33.83554572517042,0.0 -78.64776853850852,33.83538801432195,0.0 -78.64775235204424,33.83534382410896,0.0 -78.64814607618311,33.835243429094376,0.0 -78.6482427360822,33.835507413080514,0.0 -78.6481862891419,33.83552265402331,0.0 -78.64813046937651,33.835539429380994,0.0 -78.6480753389009,33.83555772049087,0.0 -78.64802095550898,33.835577508608395,0.0 -78.64796737706874,33.8355987722845,0.0 -78.64791466255302,33.835621489189144,0.0 -78.6478628677925,33.83564563332496,0.0 -78.64782628686571,33.83554572517042,0.0</coordinates>
                    </LinearRing>
                </outerBoundaryIs>
            </Polygon>
        </Placemark>
        <Placemark id="655818">
            <name>Parcel_71709</name>
            <styleUrl>#655823</styleUrl>
            <Polygon id="655817">
                <outerBoundaryIs>
                    <LinearRing id="655821">
                        <coordinates>-78.64719143689754,33.83570760077987,0.0 -78.64782628686571,33.83554572517042,0.0 -78.6478628677925,33.83564563332496,0.0 -78.6478611875336,33.8356464483578,0.0 -78.64748900872647,33.83582712141974,0.0 -78.64746919087541,33.835835534609835,0.0 -78.64744836593353,33.83584203632642,0.0 -78.64742679661407,33.83584654497124,0.0 -78.64740475795456,33.83584900263148,0.0 -78.64738252855149,33.83584937942335,0.0 -78.64736038852243,33.835847668943266,0.0 -78.64733861825354,33.83584389455814,0.0 -78.6473174942505,33.83583810301254,0.0 -78.64729728471879,33.83583036795268,0.0 -78.64727824315574,33.835820787098704,0.0 -78.64726061161572,33.83580948140466,0.0 -78.6472446142286,33.83579659493543,0.0 -78.64723045297674,33.83578229117856,0.0 -78.64721830671324,33.83576674941752,0.0 -78.64720832892742,33.83575016739525,0.0 -78.64720064791719,33.835732755003576,0.0 -78.64719143689754,33.83570760077987,0.0</coordinates>
                    </LinearRing>
                </outerBoundaryIs>
            </Polygon>
        </Placemark>
        <Placemark id="655827">
            <name>Parcel_71710</name>
            <styleUrl>#655832</styleUrl>
            <Polygon id="655826">
                <outerBoundaryIs>
                    <LinearRing id="655830">
                        <coordinates>-78.64837811068534,33.83525304048947,0.0 -78.64878604010839,33.835185947947906,0.0 -78.64882743451757,33.83536122934386,0.0 -78.6488283573218,33.83536837334182,0.0 -78.6488277792105,33.83537554295813,0.0 -78.64882571803972,33.83538251935281,0.0 -78.64882223684087,33.83538909175942,0.0 -78.64881744158684,33.8353950601485,0.0 -78.6488114766738,33.83540024235759,0.0 -78.64880452472487,33.83540448130347,0.0 -78.64879679566428,33.83540764928434,0.0 -78.64878852561237,33.83540964886081,0.0 -78.64842906276569,33.83546876845455,0.0 -78.64837811068534,33.83525304048947,0.0</coordinates>
                    </LinearRing>
                </outerBoundaryIs>
            </Polygon>
        </Placemark>
        <Placemark id="655836">
            <name>Parcel_71711</name>
            <styleUrl>#655841</styleUrl>
            <Polygon id="655835">
                <outerBoundaryIs>
                    <LinearRing id="655839">
                        <coordinates>-78.64799404097624,33.83903951655584,0.0 -78.64800249225371,33.83903159993303,0.0 -78.64801013538724,33.83902315473827,0.0 -78.64801779152927,33.83901419296088,0.0 -78.6480238185228,33.83900468521367,0.0 -78.64802902375635,33.83899498958119,0.0 -78.64803341981538,33.83898476355376,0.0 -78.64803699587557,33.838974522853164,0.0 -78.64803975597816,33.83896392119943,0.0 -78.64804086854708,33.83895328915445,0.0 -78.64839392417049,33.83899124693954,0.0 -78.64833850044133,33.83904403029876,0.0 -78.64832013790591,33.83906151893845,0.0 -78.64818882310536,33.83920593437092,0.0 -78.64799404097624,33.83903951655584,0.0</coordinates>
                    </LinearRing>
                </outerBoundaryIs>
            </Polygon>
        </Placemark>
        <Placemark id="655845">
            <name>Parcel_71712</name>
            <styleUrl>#655850</styleUrl>
            <Polygon id="655844">
                <outerBoundaryIs>
                    <LinearRing id="655848">
                        <coordinates>-78.64962572229328,33.83790929697112,0.0 -78.64989840181747,33.83749238900806,0.0 -78.65014448341589,33.837603680249615,0.0 -78.649910436419,33.83796439587124,0.0 -78.64987445053859,33.8379492119075,0.0 -78.64962572229328,33.83790929697112,0.0</coordinates>
                    </LinearRing>
                </outerBoundaryIs>
            </Polygon>
        </Placemark>
        <Placemark id="655854">
            <name>Parcel_71713</name>
            <styleUrl>#655859</styleUrl>
            <Polygon id="655853">
                <outerBoundaryIs>
                    <LinearRing id="655857">
                        <coordinates>-78.649910436419,33.83796439587124,0.0 -78.65014448341589,33.837603680249615,0.0 -78.65039056665546,33.837715013411284,0.0 -78.6501571370363,33.8380767802616,0.0 -78.649910436419,33.83796439587124,0.0</coordinates>
                    </LinearRing>
                </outerBoundaryIs>
            </Polygon>
        </Placemark>
        <Placemark id="655863">
            <name>Parcel_71714</name>
            <styleUrl>#655868</styleUrl>
            <Polygon id="655862">
                <outerBoundaryIs>
                    <LinearRing id="655866">
                        <coordinates>-78.64852322334686,33.83886847819877,0.0 -78.64874805483831,33.838656113133915,0.0 -78.64901612418905,33.83890665086921,0.0 -78.64900038723606,33.83891082225212,0.0 -78.64898551842205,33.83891681044915,0.0 -78.64897181606932,33.838924496652695,0.0 -78.64895955571642,33.83893372554394,0.0 -78.6489489867542,33.8389443097386,0.0 -78.64894032140134,33.83895603769545,0.0 -78.64893373369766,33.838968670991186,0.0 -78.6489293581043,33.838981956019445,0.0 -78.64892728086082,33.8389956238267,0.0 -78.64892522983962,33.83901086697241,0.0 -78.64892115557983,33.839025825465306,0.0 -78.64891510861644,33.83904031085089,0.0 -78.64885339788692,33.83909934748659,0.0 -78.64852322334686,33.83886847819877,0.0</coordinates>
                    </LinearRing>
                </outerBoundaryIs>
            </Polygon>
        </Placemark>
        <Placemark id="655872">
            <name>Parcel_71715</name>
            <styleUrl>#655877</styleUrl>
            <Polygon id="655871">
                <outerBoundaryIs>
                    <LinearRing id="655875">
                        <coordinates>-78.65089767983883,33.83861371796711,0.0 -78.65092083057912,33.83875094455461,0.0 -78.6510594987126,33.83897612633328,0.0 -78.65108064338581,33.839079160817484,0.0 -78.65072438951735,33.83930496821349,0.0 -78.65057725727445,33.83914004305186,0.0 -78.65057166649838,33.839132599447886,0.0 -78.65056756880495,33.83912450769483,0.0 -78.65056506773189,33.83911597450463,0.0 -78.6505642276051,33.83910721757075,0.0 -78.6505650693408,33.83909846097866,0.0 -78.65056757280223,33.83908992803494,0.0 -78.65057167257685,33.83908183757909,0.0 -78.65057726472862,33.83907439419024,0.0 -78.65058420566871,33.83906778996929,0.0 -78.65062095233888,33.839036507815194,0.0 -78.65065581710411,33.83900375942074,0.0 -78.65068871564877,33.838969624365134,0.0 -78.65071956901019,33.83893418413304,0.0 -78.6507483035049,33.83889752481906,0.0 -78.65077484972225,33.83885973440294,0.0 -78.65079914468473,33.83882090279017,0.0 -78.65082112745307,33.83878112443473,0.0 -78.65084074789173,33.83874049399553,0.0 -78.65089767983883,33.83861371796711,0.0</coordinates>
                    </LinearRing>
                </outerBoundaryIs>
            </Polygon>
        </Placemark>
        <Placemark id="655881">
            <name>Parcel_71716</name>
            <styleUrl>#655886</styleUrl>
            <Polygon id="655880">
                <outerBoundaryIs>
                    <LinearRing id="655884">
                        <coordinates>-78.64889488719051,33.83927245131626,0.0 -78.64899586219623,33.83917588953274,0.0 -78.64901008818917,33.83916386576999,0.0 -78.64902597328366,33.83915339061969,0.0 -78.64904328083247,33.839144620138995,0.0 -78.64906174558514,33.83913768909683,0.0 -78.64908109126802,33.839132700483965,0.0 -78.64910102393021,33.83912973170049,0.0 -78.6491212419126,33.83912882572546,0.0 -78.64914144107678,33.839129997530044,0.0 -78.64916131497763,33.83913322776674,0.0 -78.64918056438906,33.83913847016637,0.0 -78.64919889644513,33.83914564340378,0.0 -78.64921603522204,33.83915463941644,0.0 -78.64925444892047,33.83917661278161,0.0 -78.6492939724037,33.83919717036325,0.0 -78.64933452994966,33.83921627464404,0.0 -78.64937604475574,33.83923388808628,0.0 -78.64941843879146,33.83924997854078,0.0 -78.6493524996279,33.839378327346466,0.0 -78.64931772519697,33.8394115840059,0.0 -78.64921762562037,33.83950732022431,0.0 -78.6491114340173,33.83943004108555,0.0 -78.64889488719051,33.83927245131626,0.0</coordinates>
                    </LinearRing>
                </outerBoundaryIs>
            </Polygon>
        </Placemark>
        <Placemark id="655890">
            <name>Parcel_71717</name>
            <styleUrl>#655895</styleUrl>
            <Polygon id="655889">
                <outerBoundaryIs>
                    <LinearRing id="655893">
                        <coordinates>-78.64921762562037,33.83950732022431,0.0 -78.64931772519697,33.8394115840059,0.0 -78.6493524996279,33.839378327346466,0.0 -78.64941843879146,33.83924997854078,0.0 -78.64945974880126,33.83926392426266,0.0 -78.64950171867619,33.83927642400984,0.0 -78.6495442744609,33.83928745473063,0.0 -78.64958734531793,33.83929699794247,0.0 -78.64963085387875,33.839305036842745,0.0 -78.64964098560839,33.83930743807803,0.0 -78.64965052911353,33.83931115584791,0.0 -78.64965924053479,33.83931609532687,0.0 -78.64966689634326,33.83932212960433,0.0 -78.64967330291633,33.83932910527837,0.0 -78.64967829540785,33.839336844237984,0.0 -78.64968174629291,33.83934514743331,0.0 -78.6496835662023,33.83935380391116,0.0 -78.64968371038,33.839362591839254,0.0 -78.64968062298603,33.83940150557501,0.0 -78.64967574862285,33.83946291210263,0.0 -78.64967215355102,33.83949340622979,0.0 -78.64966623928402,33.83952364707981,0.0 -78.64965802860758,33.83955351241686,0.0 -78.64964755724708,33.839582881152644,0.0 -78.64963486520041,33.83961163408379,0.0 -78.64962000540513,33.83963965315443,0.0 -78.64960303710899,33.83966682674205,0.0 -78.64958403036356,33.83969304342928,0.0 -78.64956306155541,33.83971819733057,0.0 -78.64954021561577,33.83974218633061,0.0 -78.64921762562037,33.83950732022431,0.0</coordinates>
                    </LinearRing>
                </outerBoundaryIs>
            </Polygon>
        </Placemark>
        <Placemark id="655899">
            <name>Parcel_71718</name>
            <styleUrl>#655904</styleUrl>
            <Polygon id="655898">
                <outerBoundaryIs>
                    <LinearRing id="655902">
                        <coordinates>-78.65029059660075,33.83966991502832,0.0 -78.65064718605632,33.83944835267054,0.0 -78.65080745856334,33.839628029793076,0.0 -78.6508169255829,33.8396387633476,0.0 -78.6504576819239,33.83985720101425,0.0 -78.65029059660075,33.83966991502832,0.0</coordinates>
                    </LinearRing>
                </outerBoundaryIs>
            </Polygon>
        </Placemark>
        <Placemark id="655908">
            <name>Parcel_71719</name>
            <styleUrl>#655913</styleUrl>
            <Polygon id="655907">
                <outerBoundaryIs>
                    <LinearRing id="655911">
                        <coordinates>-78.64884955385415,33.83985946427817,0.0 -78.64903361552625,33.83968337212845,0.0 -78.64935620457308,33.83991827927286,0.0 -78.64917219607136,33.84009429082028,0.0 -78.64884955385415,33.83985946427817,0.0</coordinates>
                    </LinearRing>
                </outerBoundaryIs>
            </Polygon>
        </Placemark>
        <Placemark id="655917">
            <name>Parcel_71720</name>
            <styleUrl>#655922</styleUrl>
            <Polygon id="655916">
                <outerBoundaryIs>
                    <LinearRing id="655920">
                        <coordinates>-78.64722444212775,33.83929260206574,0.0 -78.64744334485273,33.83908816411995,0.0 -78.64755870321318,33.83917695484871,0.0 -78.64734880289606,33.839383627743565,0.0 -78.64734879231402,33.83938361942478,0.0 -78.64734878278776,33.83938361202799,0.0 -78.64722444212775,33.83929260206574,0.0</coordinates>
                    </LinearRing>
                </outerBoundaryIs>
            </Polygon>
        </Placemark>
        <Placemark id="655926">
            <name>Parcel_71721</name>
            <styleUrl>#655931</styleUrl>
            <Polygon id="655925">
                <outerBoundaryIs>
                    <LinearRing id="655929">
                        <coordinates>-78.65814204937944,33.83612986377108,0.0 -78.65835434109802,33.836046246919366,0.0 -78.65854267960086,33.83596509824187,0.0 -78.6584845397033,33.83637741191616,0.0 -78.65846399727711,33.83637564704985,0.0 -78.65845330866362,33.83637493080228,0.0 -78.65845001589837,33.836374868534854,0.0 -78.65844672783344,33.83637463317812,0.0 -78.65842696186591,33.83637460484806,0.0 -78.6584120417978,33.836378103755024,0.0 -78.65839546244726,33.83638208630631,0.0 -78.65837719014874,33.8363877523856,0.0 -78.65836138511465,33.83639347053266,0.0 -78.65834631127068,33.83640263179257,0.0 -78.65832866504884,33.83641553177239,0.0 -78.65831934411428,33.836425149082444,0.0 -78.65814204937944,33.83612986377108,0.0</coordinates>
                    </LinearRing>
                </outerBoundaryIs>
            </Polygon>
        </Placemark>
        <Placemark id="655935">
            <name>Parcel_71722</name>
            <styleUrl>#655940</styleUrl>
            <Polygon id="655934">
                <outerBoundaryIs>
                    <LinearRing id="655938">
                        <coordinates>-78.65837787966306,33.837787975940806,0.0 -78.65848011464186,33.83775365368556,0.0 -78.65867633403602,33.837685884774544,0.0 -78.6587737927946,33.83788824782371,0.0 -78.65878887775057,33.8379393932607,0.0 -78.65879243784491,33.837959906402325,0.0 -78.65879548602143,33.83799931332782,0.0 -78.6587946234087,33.838031083302006,0.0 -78.65879257235908,33.83804599465575,0.0 -78.6585374435836,33.838099419759104,0.0 -78.65837787966306,33.837787975940806,0.0</coordinates>
                    </LinearRing>
                </outerBoundaryIs>
            </Polygon>
        </Placemark>
        <Placemark id="655944">
            <name>Parcel_71723</name>
            <styleUrl>#655949</styleUrl>
            <Polygon id="655943">
                <outerBoundaryIs>
                    <LinearRing id="655947">
                        <coordinates>-78.65784248962674,33.838274427446606,0.0 -78.65801128993517,33.83818500689827,0.0 -78.65837699765098,33.838427150348174,0.0 -78.65819011234136,33.83851520112517,0.0 -78.65801812158188,33.83857036883912,0.0 -78.65784248962674,33.838274427446606,0.0</coordinates>
                    </LinearRing>
                </outerBoundaryIs>
            </Polygon>
        </Placemark>
        <Placemark id="655953">
            <name>Parcel_71724</name>
            <styleUrl>#655958</styleUrl>
            <Polygon id="655952">
                <outerBoundaryIs>
                    <LinearRing id="655956">
                        <coordinates>-79.069879599935,33.873365388187686,0.0 -79.07034865626281,33.873206726230656,0.0 -79.07038213582854,33.87327355629604,0.0 -79.07046064436898,33.873430277168914,0.0 -79.07046101433546,33.87343162133247,0.0 -79.0704614075067,33.87343303981219,0.0 -79.0704580900466,33.87343401629357,0.0 -79.0699833366046,33.87358949734426,0.0 -79.069879599935,33.873365388187686,0.0</coordinates>
                    </LinearRing>
                </outerBoundaryIs>
            </Polygon>
        </Placemark>
        <Placemark id="655962">
            <name>Parcel_71725</name>
            <styleUrl>#655967</styleUrl>
            <Polygon id="655961">
                <outerBoundaryIs>
                    <LinearRing id="655965">
                        <coordinates>-79.06961256209962,33.87371436067951,0.0 -79.0699833366046,33.87358949734426,0.0 -79.07007851884438,33.873790967428135,0.0 -79.06971552741301,33.87393331095506,0.0 -79.06971527977558,33.87393340900989,0.0 -79.06961225271229,33.87371446408511,0.0 -79.06961256209962,33.87371436067951,0.0</coordinates>
                    </LinearRing>
                </outerBoundaryIs>
            </Polygon>
        </Placemark>
        <Placemark id="655971">
            <name>Parcel_71726</name>
            <styleUrl>#655976</styleUrl>
            <Polygon id="655970">
                <outerBoundaryIs>
                    <LinearRing id="655974">
                        <coordinates>-79.0699833366046,33.87358949734426,0.0 -79.0704580900466,33.87343401629357,0.0 -79.0704614075067,33.87343303981219,0.0 -79.07046299217647,33.87343581164353,0.0 -79.0705481433451,33.873607057994924,0.0 -79.07007851884438,33.873790967428135,0.0 -79.0699833366046,33.87358949734426,0.0</coordinates>
                    </LinearRing>
                </outerBoundaryIs>
            </Polygon>
        </Placemark>
        <Placemark id="655980">
            <name>Parcel_71727</name>
            <styleUrl>#655985</styleUrl>
            <Polygon id="655979">
                <outerBoundaryIs>
                    <LinearRing id="655983">
                        <coordinates>-79.06940548001639,33.873273968894466,0.0 -79.06977732539254,33.87314954586191,0.0 -79.069879599935,33.873365388187686,0.0 -79.0695076904879,33.873490513105494,0.0 -79.06941785034603,33.87330028034186,0.0 -79.0694178441436,33.87330026761881,0.0 -79.0694054320751,33.873273985283234,0.0 -79.06940548001639,33.873273968894466,0.0</coordinates>
                    </LinearRing>
                </outerBoundaryIs>
            </Polygon>
        </Placemark>
        <Placemark id="655989">
            <name>Parcel_71728</name>
            <styleUrl>#655994</styleUrl>
            <Polygon id="655988">
                <outerBoundaryIs>
                    <LinearRing id="655992">
                        <coordinates>-78.64690683982869,33.83867709985677,0.0 -78.64680804847139,33.83861508354968,0.0 -78.64702787463769,33.83840688280879,0.0 -78.64704568999768,33.83841804589382,0.0 -78.64706519030197,33.83842786819334,0.0 -78.64708472490939,33.83843631473366,0.0 -78.64710594664523,33.83844341962696,0.0 -78.64712720476945,33.838449151506076,0.0 -78.64714932947237,33.83845334935922,0.0 -78.64717149410586,33.83845600469466,0.0 -78.64719370198367,33.83845711486942,0.0 -78.64693749025353,33.838700878296706,0.0 -78.64690683982869,33.83867709985677,0.0</coordinates>
                    </LinearRing>
                </outerBoundaryIs>
            </Polygon>
        </Placemark>
        <Placemark id="655998">
            <name>Parcel_71729</name>
            <styleUrl>#656003</styleUrl>
            <Polygon id="655997">
                <outerBoundaryIs>
                    <LinearRing id="656001">
                        <coordinates>-78.64622326914257,33.83855465558263,0.0 -78.64645199242767,33.8383524688314,0.0 -78.64655842473172,33.838436279773056,0.0 -78.64657051037348,33.838446131700685,0.0 -78.64635695650793,33.838635719636756,0.0 -78.64634598174722,33.83864547871621,0.0 -78.64622326914257,33.83855465558263,0.0</coordinates>
                    </LinearRing>
                </outerBoundaryIs>
            </Polygon>
        </Placemark>
        <Placemark id="656007">
            <name>Parcel_71730</name>
            <styleUrl>#656012</styleUrl>
            <Polygon id="656006">
                <outerBoundaryIs>
                    <LinearRing id="656010">
                        <coordinates>-78.6476143614393,33.83837455367028,0.0 -78.64773087137054,33.83863244420234,0.0 -78.64762282317334,33.83866819412314,0.0 -78.64754935983255,33.83861370397291,0.0 -78.64752996718379,33.838599932262305,0.0 -78.64751143737156,33.83858480323915,0.0 -78.64749458099443,33.8385686759548,0.0 -78.64747940279912,33.838551376419744,0.0 -78.64746590127925,33.83853307868637,0.0 -78.64745406279079,33.83851412434296,0.0 -78.64744389522272,33.83849434306742,0.0 -78.64743621605444,33.83847392086392,0.0 -78.647435497009,33.838470127042356,0.0 -78.64743560479046,33.83846617665315,0.0 -78.6474357078494,33.838462399352665,0.0 -78.64743581563083,33.838458448963465,0.0 -78.64743674081856,33.838454687282464,0.0 -78.64743848672735,33.838451111666835,0.0 -78.64744023622893,33.83844736474493,0.0 -78.64744199042826,33.838443445635754,0.0 -78.64744456097792,33.83843971431275,0.0 -78.64744795435978,33.83843617089903,0.0 -78.64745133512918,33.838432970896484,0.0 -78.64745471702787,33.83842976911139,0.0 -78.64745890696133,33.83842709950724,0.0 -78.64746309435729,33.838424602131205,0.0 -78.64746727132618,33.83842244730588,0.0 -78.64747226213264,33.83842065159322,0.0 -78.64747724243831,33.83841920113574,0.0 -78.64748221558261,33.83841809238897,0.0 -78.6476143614393,33.83837455367028,0.0</coordinates>
                    </LinearRing>
                </outerBoundaryIs>
            </Polygon>
        </Placemark>
        <Placemark id="656016">
            <name>Parcel_71731</name>
            <styleUrl>#656021</styleUrl>
            <Polygon id="656015">
                <outerBoundaryIs>
                    <LinearRing id="656019">
                        <coordinates>-78.64625658393369,33.83935582792437,0.0 -78.64626844651467,33.83934368197537,0.0 -78.6463969132347,33.83922378407624,0.0 -78.64651791129559,33.83931715224953,0.0 -78.64652597587315,33.83932348853699,0.0 -78.64658968926477,33.83937315514738,0.0 -78.64638278234582,33.83956046480683,0.0 -78.64625658393369,33.83935582792437,0.0</coordinates>
                    </LinearRing>
                </outerBoundaryIs>
            </Polygon>
        </Placemark>
        <Placemark id="656025">
            <name>Parcel_71732</name>
            <styleUrl>#656030</styleUrl>
            <Polygon id="656024">
                <outerBoundaryIs>
                    <LinearRing id="656028">
                        <coordinates>-78.6425229178581,33.83917827471857,0.0 -78.64240674443751,33.839149601755395,0.0 -78.64250903960881,33.838872503603874,0.0 -78.64266931188568,33.838914902482884,0.0 -78.6425679118926,33.83918944086438,0.0 -78.6425229178581,33.83917827471857,0.0</coordinates>
                    </LinearRing>
                </outerBoundaryIs>
            </Polygon>
        </Placemark>
        <Placemark id="656034">
            <name>Parcel_71733</name>
            <styleUrl>#656039</styleUrl>
            <Polygon id="656033">
                <outerBoundaryIs>
                    <LinearRing id="656037">
                        <coordinates>-78.64712755978147,33.83922100008573,0.0 -78.64734575071931,33.8390124249725,0.0 -78.64738369677846,33.83904046571993,0.0 -78.64738355257164,33.839040600981654,0.0 -78.64716390377683,33.839247463577536,0.0 -78.64712755978147,33.83922100008573,0.0</coordinates>
                    </LinearRing>
                </outerBoundaryIs>
            </Polygon>
        </Placemark>
        <Placemark id="656043">
            <name>Parcel_71734</name>
            <styleUrl>#656048</styleUrl>
            <Polygon id="656042">
                <outerBoundaryIs>
                    <LinearRing id="656046">
                        <coordinates>-78.64236502706811,33.839139012962974,0.0 -78.64223412976303,33.839106624786965,0.0 -78.64231599726116,33.83888377657549,0.0 -78.64242792913394,33.83885669917019,0.0 -78.64243871183355,33.83885398207544,0.0 -78.64250903960881,33.838872503603874,0.0 -78.64240674443751,33.839149601755395,0.0 -78.64236502706811,33.839139012962974,0.0</coordinates>
                    </LinearRing>
                </outerBoundaryIs>
            </Polygon>
        </Placemark>
        <Placemark id="656052">
            <name>Parcel_71735</name>
            <styleUrl>#656057</styleUrl>
            <Polygon id="656051">
                <outerBoundaryIs>
                    <LinearRing id="656055">
                        <coordinates>-78.6437372782264,33.83976978819393,0.0 -78.6437311540735,33.839632209399625,0.0 -78.64405355745984,33.83961910029417,0.0 -78.64405767833681,33.8396190037153,0.0 -78.64405760318444,33.8396217542004,0.0 -78.64406292295357,33.839698318239,0.0 -78.64407102838555,33.83982373283098,0.0 -78.64407212580721,33.83984385775094,0.0 -78.64407285047659,33.839847480325936,0.0 -78.64401547469332,33.839837283293214,0.0 -78.6437372782264,33.83976978819393,0.0</coordinates>
                    </LinearRing>
                </outerBoundaryIs>
            </Polygon>
        </Placemark>
        <Placemark id="656061">
            <name>Parcel_71736</name>
            <styleUrl>#656066</styleUrl>
            <Polygon id="656060">
                <outerBoundaryIs>
                    <LinearRing id="656064">
                        <coordinates>-78.64649476910824,33.83974266729959,0.0 -78.64657499430879,33.83967013572774,0.0 -78.646640171119,33.83963597748694,0.0 -78.6467744518857,33.83951429826858,0.0 -78.64688940396799,33.83958779168339,0.0 -78.64685137378127,33.839623151431255,0.0 -78.6465929269461,33.839858110851345,0.0 -78.64652639481201,33.8397910367612,0.0 -78.64652082443524,33.839783886497806,0.0 -78.64649476910824,33.83974266729959,0.0</coordinates>
                    </LinearRing>
                </outerBoundaryIs>
            </Polygon>
        </Placemark>
        <Placemark id="656070">
            <name>Parcel_71737</name>
            <styleUrl>#656075</styleUrl>
            <Polygon id="656069">
                <outerBoundaryIs>
                    <LinearRing id="656073">
                        <coordinates>-78.64240853329623,33.84188597052855,0.0 -78.64253858143505,33.84152778234591,0.0 -78.64253947980117,33.841525050239994,0.0 -78.64254275286444,33.84152580075593,0.0 -78.64273916547899,33.84157215348939,0.0 -78.64261010682928,33.84192434455316,0.0 -78.64260920954163,33.841927076679895,0.0 -78.64260593535755,33.84192632704671,0.0 -78.64240853329623,33.84188597052855,0.0</coordinates>
                    </LinearRing>
                </outerBoundaryIs>
            </Polygon>
        </Placemark>
        <Placemark id="656079">
            <name>Parcel_71738</name>
            <styleUrl>#656084</styleUrl>
            <Polygon id="656078">
                <outerBoundaryIs>
                    <LinearRing id="656082">
                        <coordinates>-78.64282512824428,33.84276643391131,0.0 -78.64288608090538,33.842495250280976,0.0 -78.64308145975298,33.84251924362102,0.0 -78.64307867075998,33.84253087557304,0.0 -78.64302209206586,33.842792691684814,0.0 -78.64282512824428,33.84276643391131,0.0</coordinates>
                    </LinearRing>
                </outerBoundaryIs>
            </Polygon>
        </Placemark>
        <Placemark id="656088">
            <name>Parcel_71739</name>
            <styleUrl>#656093</styleUrl>
            <Polygon id="656087">
                <outerBoundaryIs>
                    <LinearRing id="656091">
                        <coordinates>-78.64261254442734,33.84237749621534,0.0 -78.64261259604014,33.842375608470206,0.0 -78.64270597647834,33.842033044172325,0.0 -78.6427092506427,33.84203379470437,0.0 -78.64289766684124,33.84207140275772,0.0 -78.64280625871557,33.8424021465125,0.0 -78.64264043254018,33.842381808181194,0.0 -78.64261254442734,33.84237749621534,0.0</coordinates>
                    </LinearRing>
                </outerBoundaryIs>
            </Polygon>
        </Placemark>
        <Placemark id="656097">
            <name>Parcel_71740</name>
            <styleUrl>#656102</styleUrl>
            <Polygon id="656096">
                <outerBoundaryIs>
                    <LinearRing id="656100">
                        <coordinates>-78.6453978867982,33.8430830822479,0.0 -78.64565556873713,33.84284656471867,0.0 -78.64570953910554,33.84289106127585,0.0 -78.64580693452304,33.842974187659614,0.0 -78.64545586631998,33.843282471161366,0.0 -78.6453978867982,33.8430830822479,0.0</coordinates>
                    </LinearRing>
                </outerBoundaryIs>
            </Polygon>
        </Placemark>
        <Placemark id="656106">
            <name>Parcel_71741</name>
            <styleUrl>#656111</styleUrl>
            <Polygon id="656105">
                <outerBoundaryIs>
                    <LinearRing id="656109">
                        <coordinates>-78.64312100400727,33.84405595173699,0.0 -78.6431117575831,33.84403257796747,0.0 -78.64342461863623,33.84394729237524,0.0 -78.6435810871255,33.84422284903149,0.0 -78.6434060888751,33.84417323428339,0.0 -78.64328225388864,33.84415335142668,0.0 -78.643225433969,33.8441227169921,0.0 -78.64312100400727,33.84405595173699,0.0</coordinates>
                    </LinearRing>
                </outerBoundaryIs>
            </Polygon>
        </Placemark>
        <Placemark id="656115">
            <name>Parcel_71742</name>
            <styleUrl>#656120</styleUrl>
            <Polygon id="656114">
                <outerBoundaryIs>
                    <LinearRing id="656118">
                        <coordinates>-78.64279415592155,33.84368855346585,0.0 -78.64279423582522,33.843685630797104,0.0 -78.64275384781173,33.84332505856415,0.0 -78.64291817590218,33.843340042952875,0.0 -78.64294187048385,33.84355802589817,0.0 -78.64295715280923,33.84369199788837,0.0 -78.64281633809891,33.84369069125534,0.0 -78.64279744645735,33.843688786574404,0.0 -78.64279415592155,33.84368855346585,0.0</coordinates>
                    </LinearRing>
                </outerBoundaryIs>
            </Polygon>
        </Placemark>
        <Placemark id="656124">
            <name>Parcel_71743</name>
            <styleUrl>#656129</styleUrl>
            <Polygon id="656123">
                <outerBoundaryIs>
                    <LinearRing id="656127">
                        <coordinates>-78.64560728753567,33.836077237946576,0.0 -78.64570677789126,33.83605318441825,0.0 -78.64582875571654,33.83601993521742,0.0 -78.64585197373007,33.836014190021736,0.0 -78.64587417227285,33.83607595426274,0.0 -78.64594622783069,33.83627251896839,0.0 -78.6459754168446,33.836349709014,0.0 -78.64573561519873,33.836414739695954,0.0 -78.64560728753567,33.836077237946576,0.0</coordinates>
                    </LinearRing>
                </outerBoundaryIs>
            </Polygon>
        </Placemark>
        <Placemark id="656133">
            <name>Parcel_71744</name>
            <styleUrl>#656138</styleUrl>
            <Polygon id="656132">
                <outerBoundaryIs>
                    <LinearRing id="656136">
                        <coordinates>-78.64535356830999,33.83613925404073,0.0 -78.64560728753567,33.836077237946576,0.0 -78.64573561519873,33.836414739695954,0.0 -78.64560617755937,33.83644973750461,0.0 -78.64547092843004,33.83648634292936,0.0 -78.64536580713265,33.83617368052981,0.0 -78.64535356830999,33.83613925404073,0.0</coordinates>
                    </LinearRing>
                </outerBoundaryIs>
            </Polygon>
        </Placemark>
        <Placemark id="656142">
            <name>Parcel_71745</name>
            <styleUrl>#656147</styleUrl>
            <Polygon id="656141">
                <outerBoundaryIs>
                    <LinearRing id="656145">
                        <coordinates>-78.64397812652177,33.837285122129046,0.0 -78.64397042748138,33.837235317574084,0.0 -78.64396123689605,33.8371798148423,0.0 -78.64395066273445,33.83711466264439,0.0 -78.64394362372651,33.83707088589506,0.0 -78.64395756804062,33.837042799533904,0.0 -78.64395881625998,33.83699711675642,0.0 -78.6444148289547,33.83697692590868,0.0 -78.6444169994347,33.837018031273175,0.0 -78.64441747178232,33.8370309294371,0.0 -78.64442171157036,33.83708685297571,0.0 -78.6443300448723,33.837095763206435,0.0 -78.64427042910468,33.83704703379039,0.0 -78.64421014712467,33.83705275904747,0.0 -78.6441770948554,33.83705589684912,0.0 -78.64414078289198,33.837059343334076,0.0 -78.64407224181939,33.83706594414573,0.0 -78.64400700868742,33.83707209193169,0.0 -78.64405049957892,33.83731914512837,0.0 -78.64399597864883,33.83732498170129,0.0 -78.64400302564972,33.83736858631979,0.0 -78.6439534647805,33.83737383084827,0.0 -78.64397812652177,33.837285122129046,0.0</coordinates>
                    </LinearRing>
                </outerBoundaryIs>
            </Polygon>
        </Placemark>
        <Placemark id="656151">
            <name>Parcel_71746</name>
            <styleUrl>#656156</styleUrl>
            <Polygon id="656150">
                <outerBoundaryIs>
                    <LinearRing id="656154">
                        <coordinates>-78.64427042910468,33.83704703379039,0.0 -78.6443300448723,33.837095763206435,0.0 -78.64442171157036,33.83708685297571,0.0 -78.64442699289378,33.837164790910755,0.0 -78.64443790235096,33.83727806061634,0.0 -78.64431317150401,33.83729132433398,0.0 -78.64427042910468,33.83704703379039,0.0</coordinates>
                    </LinearRing>
                </outerBoundaryIs>
            </Polygon>
        </Placemark>
        <Placemark id="656160">
            <name>Parcel_71747</name>
            <styleUrl>#656165</styleUrl>
            <Polygon id="656159">
                <outerBoundaryIs>
                    <LinearRing id="656163">
                        <coordinates>-78.6477108062717,33.83523031456716,0.0 -78.64766432679501,33.83510332511656,0.0 -78.647653081195,33.835072597774705,0.0 -78.64804681037327,33.83497221491263,0.0 -78.64814607618311,33.835243429094376,0.0 -78.64775235204424,33.83534382410896,0.0 -78.6477108062717,33.83523031456716,0.0</coordinates>
                    </LinearRing>
                </outerBoundaryIs>
            </Polygon>
        </Placemark>
        <Placemark id="656169">
            <name>Parcel_71748</name>
            <styleUrl>#656174</styleUrl>
            <Polygon id="656168">
                <outerBoundaryIs>
                    <LinearRing id="656172">
                        <coordinates>-78.64705960809758,33.835224253773724,0.0 -78.64706547651251,33.83522241342238,0.0 -78.64731746387923,33.83515816287231,0.0 -78.64734633586014,33.83523702063254,0.0 -78.64744082791843,33.83521292939313,0.0 -78.6474786350109,33.835149060224474,0.0 -78.64766432679501,33.83510332511656,0.0 -78.6477108062717,33.83523031456716,0.0 -78.6470759458387,33.8353921749251,0.0 -78.64703263638746,33.835273894470745,0.0 -78.64703093618377,33.835267439221546,0.0 -78.64703049476901,33.83526084012614,0.0 -78.64703132264205,33.83525426695489,0.0 -78.647033397918,33.83524788796049,0.0 -78.64703666853755,33.83524186811645,0.0 -78.6470410503036,33.83523636186377,0.0 -78.6470464301711,33.835231511369685,0.0 -78.64705266966037,33.835227440278594,0.0 -78.64705960809758,33.835224253773724,0.0</coordinates>
                    </LinearRing>
                </outerBoundaryIs>
            </Polygon>
        </Placemark>
        <Placemark id="656178">
            <name>Parcel_71749</name>
            <styleUrl>#656183</styleUrl>
            <Polygon id="656177">
                <outerBoundaryIs>
                    <LinearRing id="656181">
                        <coordinates>-78.97792654434814,33.99540839599113,0.0 -78.97795771542107,33.99538107033417,0.0 -78.97828060610948,33.9955797877345,0.0 -78.97773089385261,33.99618957051575,0.0 -78.97773079493655,33.99618967893226,0.0 -78.97752874946374,33.99604094971765,0.0 -78.97747612224624,33.99600220847034,0.0 -78.9774547829614,33.995984636555356,0.0 -78.97735308976597,33.995900897995654,0.0 -78.97735321134851,33.99590079265456,0.0 -78.97792654434814,33.99540839599113,0.0</coordinates>
                    </LinearRing>
                </outerBoundaryIs>
            </Polygon>
        </Placemark>
        <Placemark id="656187">
            <name>Parcel_71750</name>
            <styleUrl>#656192</styleUrl>
            <Polygon id="656186">
                <outerBoundaryIs>
                    <LinearRing id="656190">
                        <coordinates>-78.92356344599195,33.994887371532684,0.0 -78.92367342349843,33.99456964609718,0.0 -78.9237647391346,33.99430710307673,0.0 -78.9245678436817,33.99443135754664,0.0 -78.92437357936352,33.994994221160155,0.0 -78.92356344599195,33.994887371532684,0.0</coordinates>
                    </LinearRing>
                </outerBoundaryIs>
            </Polygon>
        </Placemark>
        <Placemark id="656196">
            <name>Parcel_71751</name>
            <styleUrl>#656201</styleUrl>
            <Polygon id="656195">
                <outerBoundaryIs>
                    <LinearRing id="656199">
                        <coordinates>-79.19450536910581,33.99570518735764,0.0 -79.19474931478699,33.994616819300475,0.0 -79.19526614996386,33.994678454542814,0.0 -79.19571212575929,33.994735622911556,0.0 -79.19573513352151,33.994740080732704,0.0 -79.19576060488933,33.99474508842663,0.0 -79.19553151912123,33.995865231605336,0.0 -79.19476439383754,33.995745587580615,0.0 -79.19472578056173,33.99573956507986,0.0 -79.19450536910581,33.99570518735764,0.0</coordinates>
                    </LinearRing>
                </outerBoundaryIs>
            </Polygon>
        </Placemark>
        <Placemark id="656205">
            <name>Parcel_71752</name>
            <styleUrl>#656210</styleUrl>
            <Polygon id="656204">
                <outerBoundaryIs>
                    <LinearRing id="656208">
                        <coordinates>-79.19976861588192,33.9959311853203,0.0 -79.19989139409819,33.99538629459507,0.0 -79.19992756890495,33.99539243522265,0.0 -79.20006404149898,33.9954156003676,0.0 -79.19999545660984,33.99569687505945,0.0 -79.19993140372469,33.99595862838366,0.0 -79.19991578275463,33.99595599562943,0.0 -79.19976861588192,33.9959311853203,0.0</coordinates>
                    </LinearRing>
                </outerBoundaryIs>
            </Polygon>
        </Placemark>
        <Placemark id="656214">
            <name>Parcel_71753</name>
            <styleUrl>#656219</styleUrl>
            <Polygon id="656213">
                <outerBoundaryIs>
                    <LinearRing id="656217">
                        <coordinates>-78.7343987337816,33.935538092137314,0.0 -78.73442642780965,33.93545893673401,0.0 -78.73442988335478,33.93545912525348,0.0 -78.73449730141736,33.935462789825856,0.0 -78.73455804202662,33.93546612218652,0.0 -78.7345303470119,33.93554527850084,0.0 -78.7343987337816,33.935538092137314,0.0</coordinates>
                    </LinearRing>
                </outerBoundaryIs>
            </Polygon>
        </Placemark>
        <Placemark id="656223">
            <name>Parcel_71754</name>
            <styleUrl>#656228</styleUrl>
            <Polygon id="656222">
                <outerBoundaryIs>
                    <LinearRing id="656226">
                        <coordinates>-79.17734056581334,33.997124508945845,0.0 -79.17731634981155,33.99659260027555,0.0 -79.17816013921052,33.996721474819644,0.0 -79.17818591207622,33.99714104813261,0.0 -79.17734056581334,33.997124508945845,0.0</coordinates>
                    </LinearRing>
                </outerBoundaryIs>
            </Polygon>
        </Placemark>
        <Placemark id="656232">
            <name>Parcel_71755</name>
            <styleUrl>#656237</styleUrl>
            <Polygon id="656231">
                <outerBoundaryIs>
                    <LinearRing id="656235">
                        <coordinates>-79.20157756571311,34.003571271579595,0.0 -79.20140234782453,34.0035457114656,0.0 -79.20152529517742,34.002992751205845,0.0 -79.20180742704497,34.003035150437945,0.0 -79.20185019945217,34.00304161242153,0.0 -79.20172728642389,34.00359302681168,0.0 -79.20157756571311,34.003571271579595,0.0</coordinates>
                    </LinearRing>
                </outerBoundaryIs>
            </Polygon>
        </Placemark>
        <Placemark id="656241">
            <name>Parcel_71756</name>
            <styleUrl>#656246</styleUrl>
            <Polygon id="656240">
                <outerBoundaryIs>
                    <LinearRing id="656244">
                        <coordinates>-78.88235700341083,33.99162601905733,0.0 -78.88303118305693,33.99152247730821,0.0 -78.8830669783936,33.991657609204005,0.0 -78.88351596548546,33.99183413074802,0.0 -78.88346715341832,33.9919261217601,0.0 -78.88242605529865,33.99188805161853,0.0 -78.88236610029695,33.99166054010663,0.0 -78.88235700341083,33.99162601905733,0.0</coordinates>
                    </LinearRing>
                </outerBoundaryIs>
            </Polygon>
        </Placemark>
        <Placemark id="656250">
            <name>Parcel_71757</name>
            <styleUrl>#656255</styleUrl>
            <Polygon id="656249">
                <outerBoundaryIs>
                    <LinearRing id="656253">
                        <coordinates>-79.18367337780802,33.94141464131367,0.0 -79.1831715388111,33.94163370572326,0.0 -79.18304591333786,33.940920364919876,0.0 -79.18325233755223,33.94078921085443,0.0 -79.18333511908247,33.94073458724314,0.0 -79.18367337780802,33.94141464131367,0.0</coordinates>
                    </LinearRing>
                </outerBoundaryIs>
            </Polygon>
        </Placemark>
        <Placemark id="656259">
            <name>Parcel_71758</name>
            <styleUrl>#656264</styleUrl>
            <Polygon id="656258">
                <outerBoundaryIs>
                    <LinearRing id="656262">
                        <coordinates>-79.13108687314015,33.90950268052388,0.0 -79.13118467485238,33.910047752197315,0.0 -79.13008638849008,33.910103859537955,0.0 -79.13007472539087,33.90995764910328,0.0 -79.13004169498214,33.909542752981736,0.0 -79.13055729406317,33.90952201041964,0.0 -79.13108687314015,33.90950268052388,0.0</coordinates>
                    </LinearRing>
                </outerBoundaryIs>
            </Polygon>
        </Placemark>
        <Placemark id="656268">
            <name>Parcel_71759</name>
            <styleUrl>#656273</styleUrl>
            <Polygon id="656267">
                <outerBoundaryIs>
                    <LinearRing id="656271">
                        <coordinates>-79.02359335619526,33.94232359746632,0.0 -79.02431914869945,33.942316094720546,0.0 -79.0242648805637,33.94284852364974,0.0 -79.02413202339726,33.9428529351874,0.0 -79.02400989355718,33.94285700167177,0.0 -79.02357914673004,33.94287092525511,0.0 -79.02359335619526,33.94232359746632,0.0</coordinates>
                    </LinearRing>
                </outerBoundaryIs>
            </Polygon>
        </Placemark>
        <Placemark id="656277">
            <name>Parcel_71760</name>
            <styleUrl>#656282</styleUrl>
            <Polygon id="656276">
                <outerBoundaryIs>
                    <LinearRing id="656280">
                        <coordinates>-78.61018263390193,33.91025102552006,0.0 -78.61191489713897,33.90882213767423,0.0 -78.61210014152387,33.908978973363425,0.0 -78.6106830984701,33.91016955702074,0.0 -78.61086648723636,33.91030419476048,0.0 -78.6105531805966,33.91056586903396,0.0 -78.61018263390193,33.91025102552006,0.0</coordinates>
                    </LinearRing>
                </outerBoundaryIs>
            </Polygon>
        </Placemark>
        <Placemark id="656286">
            <name>Parcel_71761</name>
            <styleUrl>#656291</styleUrl>
            <Polygon id="656285">
                <outerBoundaryIs>
                    <LinearRing id="656289">
                        <coordinates>-78.86637793158042,33.93381469050035,0.0 -78.86679733067906,33.93345348863977,0.0 -78.86683128191953,33.93348182642186,0.0 -78.8672942668451,33.933868268745016,0.0 -78.8672965831831,33.933870203506224,0.0 -78.86730055865506,33.93387352147839,0.0 -78.86732162649622,33.93389110678172,0.0 -78.86729549579609,33.9339141186248,0.0 -78.86687404832898,33.934285280046346,0.0 -78.86682079436873,33.934332127043014,0.0 -78.8663368322772,33.93385008749586,0.0 -78.86637793158042,33.93381469050035,0.0</coordinates>
                    </LinearRing>
                </outerBoundaryIs>
            </Polygon>
        </Placemark>
        <Placemark id="656295">
            <name>Parcel_71762</name>
            <styleUrl>#656300</styleUrl>
            <Polygon id="656294">
                <outerBoundaryIs>
                    <LinearRing id="656298">
                        <coordinates>-78.72660759376666,33.92979856119143,0.0 -78.72700357902514,33.929730194432025,0.0 -78.72706833590509,33.92997795777435,0.0 -78.72668445675842,33.930041550039476,0.0 -78.72666573771595,33.929969730072045,0.0 -78.72663337235514,33.929852813738215,0.0 -78.72662331525015,33.92982771600067,0.0 -78.72661077227605,33.92980308767842,0.0 -78.72660759376666,33.92979856119143,0.0</coordinates>
                    </LinearRing>
                </outerBoundaryIs>
            </Polygon>
        </Placemark>
        <Placemark id="656304">
            <name>Parcel_71763</name>
            <styleUrl>#656309</styleUrl>
            <Polygon id="656303">
                <outerBoundaryIs>
                    <LinearRing id="656307">
                        <coordinates>-79.1693827823177,33.949562479820514,0.0 -79.16989870552379,33.95042962961113,0.0 -79.16939645844805,33.95050966434225,0.0 -79.16928796234356,33.950143838289854,0.0 -79.16912877046776,33.94960271120174,0.0 -79.1693827823177,33.949562479820514,0.0</coordinates>
                    </LinearRing>
                </outerBoundaryIs>
            </Polygon>
        </Placemark>
        <Placemark id="656313">
            <name>Parcel_71764</name>
            <styleUrl>#656318</styleUrl>
            <Polygon id="656312">
                <outerBoundaryIs>
                    <LinearRing id="656316">
                        <coordinates>-79.18832423269896,33.93697670934925,0.0 -79.18832318446246,33.93698734674947,0.0 -79.18826215508513,33.93753691415878,0.0 -79.18763611789142,33.9373916949639,0.0 -79.18771582055336,33.93685614592954,0.0 -79.18832423269896,33.93697670934925,0.0</coordinates>
                    </LinearRing>
                </outerBoundaryIs>
            </Polygon>
        </Placemark>
        <Placemark id="656322">
            <name>Parcel_71765</name>
            <styleUrl>#656327</styleUrl>
            <Polygon id="656321">
                <outerBoundaryIs>
                    <LinearRing id="656325">
                        <coordinates>-79.04340930458572,33.93178081571498,0.0 -79.04354878426751,33.93127166561082,0.0 -79.04355609676686,33.93124934675386,0.0 -79.04356563547145,33.93122762039137,0.0 -79.04357733198363,33.9312066396649,0.0 -79.04359110394779,33.93118655298625,0.0 -79.04409510119663,33.93176529010594,0.0 -79.04426852205945,33.93196446268485,0.0 -79.04432383308801,33.932248314383365,0.0 -79.04340930458572,33.93178081571498,0.0</coordinates>
                    </LinearRing>
                </outerBoundaryIs>
            </Polygon>
        </Placemark>
        <Placemark id="656331">
            <name>Parcel_71766</name>
            <styleUrl>#656336</styleUrl>
            <Polygon id="656330">
                <outerBoundaryIs>
                    <LinearRing id="656334">
                        <coordinates>-79.04775552231348,33.865318001901436,0.0 -79.04774840477972,33.865123056494575,0.0 -79.04843383558433,33.86508626425968,0.0 -79.04843966762873,33.86515611214449,0.0 -79.04844079429608,33.865251999302245,0.0 -79.04843761803954,33.865319472175116,0.0 -79.04843407430363,33.865366835164416,0.0 -79.04843321964442,33.86536819708616,0.0 -79.04775756788827,33.865373184893656,0.0 -79.04775552231348,33.865318001901436,0.0</coordinates>
                    </LinearRing>
                </outerBoundaryIs>
            </Polygon>
        </Placemark>
        <Placemark id="656340">
            <name>Parcel_71767</name>
            <styleUrl>#656345</styleUrl>
            <Polygon id="656339">
                <outerBoundaryIs>
                    <LinearRing id="656343">
                        <coordinates>-79.04710098111562,33.86486389808574,0.0 -79.04773497065524,33.864734036878126,0.0 -79.04773478397361,33.86474227994434,0.0 -79.04773882837604,33.864854707836294,0.0 -79.0477408788689,33.86490972045454,0.0 -79.04774536349278,33.86503899181868,0.0 -79.04715557762212,33.865108557661245,0.0 -79.04714532438983,33.86505204212988,0.0 -79.04714535941737,33.865050495935385,0.0 -79.04712821082994,33.86497102133113,0.0 -79.04710858611082,33.864891849502804,0.0 -79.04710098111562,33.86486389808574,0.0</coordinates>
                    </LinearRing>
                </outerBoundaryIs>
            </Polygon>
        </Placemark>
        <Placemark id="656349">
            <name>Parcel_71768</name>
            <styleUrl>#656354</styleUrl>
            <Polygon id="656348">
                <outerBoundaryIs>
                    <LinearRing id="656352">
                        <coordinates>-79.04072876501614,33.86620236570666,0.0 -79.04138328255658,33.866148800881454,0.0 -79.04142155122499,33.86642258508223,0.0 -79.04076364946172,33.86647987464618,0.0 -79.04072876501614,33.86620236570666,0.0</coordinates>
                    </LinearRing>
                </outerBoundaryIs>
            </Polygon>
        </Placemark>
        <Placemark id="656358">
            <name>Parcel_71769</name>
            <styleUrl>#656363</styleUrl>
            <Polygon id="656357">
                <outerBoundaryIs>
                    <LinearRing id="656361">
                        <coordinates>-79.04773497065524,33.864734036878126,0.0 -79.04773265955501,33.864690531913546,0.0 -79.04770595910645,33.86426900276779,0.0 -79.04775760762513,33.864280125414524,0.0 -79.04781012637335,33.86428919912457,0.0 -79.04786350750769,33.864296570100265,0.0 -79.047921064653,33.864301427448254,0.0 -79.04798031935726,33.86430408023681,0.0 -79.04803880888791,33.864304143328866,0.0 -79.04809735678252,33.86430162880057,0.0 -79.04815513663395,33.864296698597485,0.0 -79.04821296877888,33.86428936294073,0.0 -79.04821770276477,33.864298542143004,0.0 -79.04827421323293,33.86442245075605,0.0 -79.04830619010569,33.86450198656792,0.0 -79.04832488148205,33.864549700796005,0.0 -79.04773478397361,33.86474227994434,0.0 -79.04773497065524,33.864734036878126,0.0</coordinates>
                    </LinearRing>
                </outerBoundaryIs>
            </Polygon>
        </Placemark>
        <Placemark id="656367">
            <name>Parcel_71770</name>
            <styleUrl>#656372</styleUrl>
            <Polygon id="656366">
                <outerBoundaryIs>
                    <LinearRing id="656370">
                        <coordinates>-79.04862968111865,33.865714912354726,0.0 -79.04862815348022,33.86570956261327,0.0 -79.04909121980458,33.865775605727855,0.0 -79.04909130063692,33.865775616921724,0.0 -79.04906424060246,33.86631605122043,0.0 -79.04906394335569,33.866315761540974,0.0 -79.04857096576042,33.86583391117129,0.0 -79.04857598472303,33.86583055492791,0.0 -79.0485801890457,33.865826840425996,0.0 -79.04858521470275,33.865823140666585,0.0 -79.04858942290242,33.86581925486584,0.0 -79.04859363669576,33.865815026433914,0.0 -79.04859784769165,33.86581096931734,0.0 -79.04860124400689,33.86580655574565,0.0 -79.04860546171756,33.86580215421156,0.0 -79.04860803621146,33.86579755633383,0.0 -79.04861144030151,33.86579279926322,0.0 -79.04861484331042,33.86578804217549,0.0 -79.0486174266804,33.86578309991431,0.0 -79.04861918757373,33.86577814559847,0.0 -79.04862176988283,33.86577320241859,0.0 -79.04862353465343,33.865768076804116,0.0 -79.04862530116044,33.86576277895548,0.0 -79.0486270648703,33.86575765242234,0.0 -79.04862800892121,33.865752341617494,0.0 -79.0486289540936,33.86574702902648,0.0 -79.04862989814427,33.86574171822156,0.0 -79.0486300225363,33.865736223145,0.0 -79.04863014307101,33.865730898465344,0.0 -79.04863026358531,33.865725574687275,0.0 -79.04862956056351,33.865720237935975,0.0 -79.04862968111865,33.865714912354726,0.0</coordinates>
                    </LinearRing>
                </outerBoundaryIs>
            </Polygon>
        </Placemark>
        <Placemark id="656376">
            <name>Parcel_71771</name>
            <styleUrl>#656381</styleUrl>
            <Polygon id="656375">
                <outerBoundaryIs>
                    <LinearRing id="656379">
                        <coordinates>-79.04073267918238,33.86280417476402,0.0 -79.04073851788753,33.86280100315986,0.0 -79.04074602032125,33.8627971697255,0.0 -79.04112195195407,33.862603643322736,0.0 -79.04114694098868,33.86262774750695,0.0 -79.04135015976298,33.86289314538797,0.0 -79.04091034663246,33.863070027818516,0.0 -79.04083977096519,33.86294933118991,0.0 -79.04073347146154,33.862805561783105,0.0 -79.04073267918238,33.86280417476402,0.0</coordinates>
                    </LinearRing>
                </outerBoundaryIs>
            </Polygon>
        </Placemark>
        <Placemark id="656385">
            <name>Parcel_71772</name>
            <styleUrl>#656390</styleUrl>
            <Polygon id="656384">
                <outerBoundaryIs>
                    <LinearRing id="656388">
                        <coordinates>-79.0482083586718,33.866239514622706,0.0 -79.04786477792295,33.86613221646079,0.0 -79.04781613019486,33.8658429793917,0.0 -79.04831085022289,33.86575163981904,0.0 -79.04831237782196,33.86575699046599,0.0 -79.04831390325973,33.865762341078806,0.0 -79.04831542979883,33.865767690807075,0.0 -79.04831778487456,33.86577288042591,0.0 -79.04831931417084,33.86577806064172,0.0 -79.04832249556087,33.8657830928217,0.0 -79.04832485341458,33.86578811202643,0.0 -79.04832803866317,33.86579297380935,0.0 -79.0483312228518,33.86579783467356,0.0 -79.04833441202024,33.86580252335459,0.0 -79.04833842966447,33.865807054630736,0.0 -79.04834245014746,33.86581141278809,0.0 -79.04834647063088,33.86581577094529,0.0 -79.04835049499293,33.865819957803815,0.0 -79.04835534677065,33.86582398633872,0.0 -79.04836020138714,33.865827841754694,0.0 -79.0483650598414,33.86583152767513,0.0 -79.04836992935604,33.86583486834472,0.0 -79.04837479779026,33.86583820899706,0.0 -79.04838049253912,33.86584139221003,0.0 -79.04838618904591,33.86584440228708,0.0 -79.04839189545048,33.865847070702394,0.0 -79.04839760191666,33.86584973641276,0.0 -79.04840331611905,33.86585206042737,0.0 -79.04840985991909,33.86585422525034,0.0 -79.04841558189875,33.86585620576576,0.0 -79.04821900140426,33.866242431281385,0.0 -79.0482083586718,33.866239514622706,0.0</coordinates>
                    </LinearRing>
                </outerBoundaryIs>
            </Polygon>
        </Placemark>
        <Placemark id="656394">
            <name>Parcel_71773</name>
            <styleUrl>#656399</styleUrl>
            <Polygon id="656393">
                <outerBoundaryIs>
                    <LinearRing id="656397">
                        <coordinates>-79.04913779398703,33.86495818725211,0.0 -79.04913781023905,33.86495818570428,0.0 -79.04912179669381,33.86526530397212,0.0 -79.04912175130231,33.865265303257246,0.0 -79.04860526734448,33.865264899038245,0.0 -79.04860551615067,33.865253907982336,0.0 -79.0486045625501,33.865150462987664,0.0 -79.04859743212451,33.86506513260745,0.0 -79.04859139172645,33.8650043878606,0.0 -79.04913779398703,33.86495818725211,0.0</coordinates>
                    </LinearRing>
                </outerBoundaryIs>
            </Polygon>
        </Placemark>
        <Placemark id="656403">
            <name>Parcel_71774</name>
            <styleUrl>#656408</styleUrl>
            <Polygon id="656402">
                <outerBoundaryIs>
                    <LinearRing id="656406">
                        <coordinates>-79.04213200505046,33.86347110707247,0.0 -79.0425538383405,33.86365061550896,0.0 -79.04246851883882,33.863780015718305,0.0 -79.04238747767116,33.86390243878805,0.0 -79.04238662189117,33.863903798848256,0.0 -79.04236788096658,33.86389474076836,0.0 -79.04228143339763,33.86385609202839,0.0 -79.04212240782984,33.8637848542516,0.0 -79.04209794029099,33.86377398660495,0.0 -79.04201230869873,33.86373569328954,0.0 -79.04210422881741,33.86353337945394,0.0 -79.04213200505046,33.86347110707247,0.0</coordinates>
                    </LinearRing>
                </outerBoundaryIs>
            </Polygon>
        </Placemark>
        <Placemark id="656412">
            <name>Parcel_71775</name>
            <styleUrl>#656417</styleUrl>
            <Polygon id="656411">
                <outerBoundaryIs>
                    <LinearRing id="656415">
                        <coordinates>-79.19524476114731,34.000577785591595,0.0 -79.1952671159473,34.000474342349555,0.0 -79.19536537949091,34.00001964259561,0.0 -79.19549450164389,34.00003955921716,0.0 -79.19539888790352,34.00047625899939,0.0 -79.19537222829413,34.000598021853115,0.0 -79.19524476114731,34.000577785591595,0.0</coordinates>
                    </LinearRing>
                </outerBoundaryIs>
            </Polygon>
        </Placemark>
        <Placemark id="656421">
            <name>Parcel_71776</name>
            <styleUrl>#656426</styleUrl>
            <Polygon id="656420">
                <outerBoundaryIs>
                    <LinearRing id="656424">
                        <coordinates>-78.6435606434126,33.9386065214724,0.0 -78.64412472026926,33.938133569843345,0.0 -78.64410320262428,33.93873057810889,0.0 -78.64406873191417,33.9390378734433,0.0 -78.6435606434126,33.9386065214724,0.0</coordinates>
                    </LinearRing>
                </outerBoundaryIs>
            </Polygon>
        </Placemark>
        <Placemark id="656430">
            <name>Parcel_71777</name>
            <styleUrl>#656435</styleUrl>
            <Polygon id="656429">
                <outerBoundaryIs>
                    <LinearRing id="656433">
                        <coordinates>-79.0037328359981,34.00784880467844,0.0 -79.00402892001183,34.0067165572082,0.0 -79.00475036918745,34.00684876746127,0.0 -79.00496318598191,34.00688792601622,0.0 -79.00492403656888,34.00701048011505,0.0 -79.00479538251241,34.00746988241477,0.0 -79.00469449673407,34.00786427254469,0.0 -79.00458485479656,34.00829288205019,0.0 -79.0045516742939,34.00840694349788,0.0 -79.00362868142898,34.0082470933876,0.0 -79.0037328359981,34.00784880467844,0.0</coordinates>
                    </LinearRing>
                </outerBoundaryIs>
            </Polygon>
        </Placemark>
        <Placemark id="656439">
            <name>Parcel_71778</name>
            <styleUrl>#656444</styleUrl>
            <Polygon id="656438">
                <outerBoundaryIs>
                    <LinearRing id="656442">
                        <coordinates>-78.88830086405095,34.004832619069404,0.0 -78.88931924391609,34.00478077054546,0.0 -78.88920720581146,34.00522176536555,0.0 -78.88827038356376,34.00526968272616,0.0 -78.88830086405095,34.004832619069404,0.0</coordinates>
                    </LinearRing>
                </outerBoundaryIs>
            </Polygon>
        </Placemark>
        <Placemark id="656448">
            <name>Parcel_71779</name>
            <styleUrl>#656453</styleUrl>
            <Polygon id="656447">
                <outerBoundaryIs>
                    <LinearRing id="656451">
                        <coordinates>-78.8415558298225,34.0043977452856,0.0 -78.8415638380497,34.00430918922271,0.0 -78.84156724938472,34.004271490597716,0.0 -78.84162070146787,34.00379156256174,0.0 -78.84163967051289,34.00362123984734,0.0 -78.84282796996543,34.00371853378644,0.0 -78.84273904735078,34.00446780523617,0.0 -78.8415558298225,34.0043977452856,0.0</coordinates>
                    </LinearRing>
                </outerBoundaryIs>
            </Polygon>
        </Placemark>
        <Placemark id="656457">
            <name>Parcel_71780</name>
            <styleUrl>#656462</styleUrl>
            <Polygon id="656456">
                <outerBoundaryIs>
                    <LinearRing id="656460">
                        <coordinates>-79.19879608364552,34.00530764479401,0.0 -79.19885532068675,34.004998701589535,0.0 -79.19925635187266,34.005061546456744,0.0 -79.1991885297085,34.00535959277191,0.0 -79.19879608364552,34.00530764479401,0.0</coordinates>
                    </LinearRing>
                </outerBoundaryIs>
            </Polygon>
        </Placemark>
        <Placemark id="656466">
            <name>Parcel_71781</name>
            <styleUrl>#656471</styleUrl>
            <Polygon id="656465">
                <outerBoundaryIs>
                    <LinearRing id="656469">
                        <coordinates>-79.19502997816956,33.99862283277742,0.0 -79.1952635896176,33.99865681163489,0.0 -79.19514516563922,33.99918921835272,0.0 -79.19491901844023,33.99915328628626,0.0 -79.19502997816956,33.99862283277742,0.0</coordinates>
                    </LinearRing>
                </outerBoundaryIs>
            </Polygon>
        </Placemark>
        <Placemark id="656475">
            <name>Parcel_71782</name>
            <styleUrl>#656480</styleUrl>
            <Polygon id="656474">
                <outerBoundaryIs>
                    <LinearRing id="656478">
                        <coordinates>-79.20304644114113,33.99917763050009,0.0 -79.20225037086531,33.99905253957042,0.0 -79.20232410725797,33.99872186007742,0.0 -79.20248942694789,33.998746932958944,0.0 -79.20312109117393,33.998842671065255,0.0 -79.20306189765357,33.99910913422042,0.0 -79.20304644114113,33.99917763050009,0.0</coordinates>
                    </LinearRing>
                </outerBoundaryIs>
            </Polygon>
        </Placemark>
        <Placemark id="656484">
            <name>Parcel_71783</name>
            <styleUrl>#656489</styleUrl>
            <Polygon id="656483">
                <outerBoundaryIs>
                    <LinearRing id="656487">
                        <coordinates>-78.64628371968523,33.8355851588094,0.0 -78.64622970821591,33.83543775109602,0.0 -78.64681380890735,33.83528748763128,0.0 -78.64682222775139,33.835285978078474,0.0 -78.64683083317082,33.835285711379946,0.0 -78.64683936339212,33.835286695188536,0.0 -78.6468475587306,33.835288900215836,0.0 -78.6468551713624,33.83529225861413,0.0 -78.64686196947312,33.83529667036909,0.0 -78.64686774602335,33.83530199895636,0.0 -78.64687232596594,33.83530808410641,0.0 -78.64687557059202,33.83531474098501,0.0 -78.646919231414,33.83543293166334,0.0 -78.64628748981109,33.83559544981547,0.0 -78.64628371968523,33.8355851588094,0.0</coordinates>
                    </LinearRing>
                </outerBoundaryIs>
            </Polygon>
        </Placemark>
        <Placemark id="656493">
            <name>Parcel_71784</name>
            <styleUrl>#656498</styleUrl>
            <Polygon id="656492">
                <outerBoundaryIs>
                    <LinearRing id="656496">
                        <coordinates>-78.6505563951396,33.83747861278634,0.0 -78.65102036015664,33.83729245332399,0.0 -78.65114164848667,33.83750301189587,0.0 -78.65067521496903,33.83769016315422,0.0 -78.65061752144327,33.837660315510455,0.0 -78.65053847574708,33.83762461840986,0.0 -78.65052889589974,33.83761934411546,0.0 -78.65052055899965,33.83761276299763,0.0 -78.65051371688112,33.83760507375867,0.0 -78.65050857936812,33.83759650948054,0.0 -78.6505053003777,33.83758733194953,0.0 -78.65050398044886,33.837577818174466,0.0 -78.65050466031028,33.83756825846075,0.0 -78.65050731805657,33.83755894102331,0.0 -78.65051187349457,33.83755015116715,0.0 -78.65054685676945,33.83749613388024,0.0 -78.6505563951396,33.83747861278634,0.0</coordinates>
                    </LinearRing>
                </outerBoundaryIs>
            </Polygon>
        </Placemark>
        <Placemark id="656502">
            <name>Parcel_71785</name>
            <styleUrl>#656507</styleUrl>
            <Polygon id="656501">
                <outerBoundaryIs>
                    <LinearRing id="656505">
                        <coordinates>-78.65067521496903,33.83769016315422,0.0 -78.65114164848667,33.83750301189587,0.0 -78.65126298602326,33.83771357126165,0.0 -78.65086263577585,33.83787488510746,0.0 -78.6508457142364,33.83784776203012,0.0 -78.650826761722,33.8378215916847,0.0 -78.65080585427259,33.83779647923944,0.0 -78.65078307669333,33.83777252551909,0.0 -78.65075852142479,33.83774982878728,0.0 -78.65073228761024,33.837728479317015,0.0 -78.65070448205302,33.837708563918824,0.0 -78.65067521496903,33.83769016315422,0.0</coordinates>
                    </LinearRing>
                </outerBoundaryIs>
            </Polygon>
        </Placemark>
        <Placemark id="656511">
            <name>Parcel_71786</name>
            <styleUrl>#656516</styleUrl>
            <Polygon id="656510">
                <outerBoundaryIs>
                    <LinearRing id="656514">
                        <coordinates>-78.6492121025475,33.83891407866562,0.0 -78.64951635846897,33.8387101552971,0.0 -78.64954120245662,33.83873058568827,0.0 -78.64966876722416,33.838772687424374,0.0 -78.64951125854927,33.83914359602365,0.0 -78.64946706983343,33.83912775926123,0.0 -78.6494239510101,33.83910998732009,0.0 -78.64938202285681,33.83909033029854,0.0 -78.64934140381817,33.83906884456435,0.0 -78.6493022090235,33.83904558912849,0.0 -78.64929257868646,33.839038476469206,0.0 -78.64928439175917,33.83903019880555,0.0 -78.6492778502588,33.83902095840643,0.0 -78.64927311232526,33.83901098106091,0.0 -78.64927029455396,33.8390005098088,0.0 -78.6492660476023,33.838983545198246,0.0 -78.64925927496209,33.83896716221512,0.0 -78.649250086306,33.83895162000258,0.0 -78.64923862617209,33.83893716754199,0.0 -78.64922507641907,33.83892403287592,0.0 -78.64922503305937,33.8389239977779,0.0 -78.6492121025475,33.83891407866562,0.0</coordinates>
                    </LinearRing>
                </outerBoundaryIs>
            </Polygon>
        </Placemark>
        <Placemark id="656520">
            <name>Parcel_71787</name>
            <styleUrl>#656525</styleUrl>
            <Polygon id="656519">
                <outerBoundaryIs>
                    <LinearRing id="656523">
                        <coordinates>-78.64988806004067,33.838774605479735,0.0 -78.64996215337084,33.83877264552293,0.0 -78.65011228465573,33.838745162324216,0.0 -78.6503717359535,33.83903849704548,0.0 -78.65033410635296,33.83906028988121,0.0 -78.65029520530071,33.83908046750347,0.0 -78.65025513147768,33.83909897856739,0.0 -78.6502139867079,33.83911577539573,0.0 -78.6501718780946,33.83913081492135,0.0 -78.6501289115134,33.83914405946567,0.0 -78.65008519711247,33.8391554732354,0.0 -78.6500408480356,33.839165029513914,0.0 -78.6499959763217,33.83917270246563,0.0 -78.6499506970789,33.83917847262722,0.0 -78.64988806004067,33.838774605479735,0.0</coordinates>
                    </LinearRing>
                </outerBoundaryIs>
            </Polygon>
        </Placemark>
        <Placemark id="656529">
            <name>Parcel_71788</name>
            <styleUrl>#656534</styleUrl>
            <Polygon id="656528">
                <outerBoundaryIs>
                    <LinearRing id="656532">
                        <coordinates>-78.64951125854927,33.83914359602365,0.0 -78.64966876722416,33.838772687424374,0.0 -78.6496913968532,33.83878097130977,0.0 -78.64988806004067,33.838774605479735,0.0 -78.6499506970789,33.83917847262722,0.0 -78.64990150949555,33.839182689365295,0.0 -78.64985213288941,33.8391848784749,0.0 -78.64980268632209,33.83918503409769,0.0 -78.64975329086853,33.839183155825665,0.0 -78.64970406635132,33.83917924954098,0.0 -78.64965513254381,33.83917332292898,0.0 -78.64960660899813,33.83916539178874,0.0 -78.64955861195146,33.83915547456248,0.0 -78.64951125854927,33.83914359602365,0.0</coordinates>
                    </LinearRing>
                </outerBoundaryIs>
            </Polygon>
        </Placemark>
        <Placemark id="656538">
            <name>Parcel_71789</name>
            <styleUrl>#656543</styleUrl>
            <Polygon id="656537">
                <outerBoundaryIs>
                    <LinearRing id="656541">
                        <coordinates>-78.65196959450407,33.83917326422989,0.0 -78.65200860984058,33.83901864151315,0.0 -78.65200420103118,33.838860536377,0.0 -78.65200900139304,33.838845170340704,0.0 -78.65200230643644,33.83881674678792,0.0 -78.65243909240726,33.83892674617885,0.0 -78.65231122133821,33.83928528392924,0.0 -78.65229183939879,33.83928152685628,0.0 -78.65227205662191,33.83927974831816,0.0 -78.65225216094125,33.83927997271533,0.0 -78.65223244316275,33.839282198345614,0.0 -78.65221319063028,33.83928639187248,0.0 -78.65219468496677,33.83929249189012,0.0 -78.6521771955432,33.839300410603315,0.0 -78.6521609784719,33.83931003110259,0.0 -78.65214626995277,33.83932121355181,0.0 -78.65196959450407,33.83917326422989,0.0</coordinates>
                    </LinearRing>
                </outerBoundaryIs>
            </Polygon>
        </Placemark>
        <Placemark id="656547">
            <name>Parcel_71790</name>
            <styleUrl>#656552</styleUrl>
            <Polygon id="656546">
                <outerBoundaryIs>
                    <LinearRing id="656550">
                        <coordinates>-78.64852676875536,33.839624510567084,0.0 -78.6487108780941,33.83944846037905,0.0 -78.64878164728049,33.83949997085074,0.0 -78.64903361552625,33.83968337212845,0.0 -78.64884955385415,33.83985946427817,0.0 -78.64853723806102,33.83963213169276,0.0 -78.64852676875536,33.839624510567084,0.0</coordinates>
                    </LinearRing>
                </outerBoundaryIs>
            </Polygon>
        </Placemark>
        <Placemark id="656556">
            <name>Parcel_71791</name>
            <styleUrl>#656561</styleUrl>
            <Polygon id="656555">
                <outerBoundaryIs>
                    <LinearRing id="656559">
                        <coordinates>-78.65157410713509,33.83969151992378,0.0 -78.65152613635952,33.83946731033425,0.0 -78.6517176896442,33.83942918190645,0.0 -78.65198136003599,33.839811014989365,0.0 -78.65174064088617,33.83993031688865,0.0 -78.65157410713509,33.83969151992378,0.0</coordinates>
                    </LinearRing>
                </outerBoundaryIs>
            </Polygon>
        </Placemark>
        <Placemark id="656565">
            <name>Parcel_71792</name>
            <styleUrl>#656570</styleUrl>
            <Polygon id="656564">
                <outerBoundaryIs>
                    <LinearRing id="656568">
                        <coordinates>-78.64903361552625,33.83968337212845,0.0 -78.64921762562037,33.83950732022431,0.0 -78.64954021561577,33.83974218633061,0.0 -78.64953494567266,33.83974732133433,0.0 -78.64935620457308,33.83991827927286,0.0 -78.64903361552625,33.83968337212845,0.0</coordinates>
                    </LinearRing>
                </outerBoundaryIs>
            </Polygon>
        </Placemark>
        <Placemark id="656574">
            <name>Parcel_71793</name>
            <styleUrl>#656579</styleUrl>
            <Polygon id="656573">
                <outerBoundaryIs>
                    <LinearRing id="656577">
                        <coordinates>-78.65056973428744,33.839982777006846,0.0 -78.6504576819239,33.83985720101425,0.0 -78.6508169255829,33.8396387633476,0.0 -78.650845139697,33.839672152864345,0.0 -78.65087208899,33.83970626340652,0.0 -78.65089774522511,33.839741060164464,0.0 -78.65098627768492,33.83986544275334,0.0 -78.65071729019438,33.839998748904144,0.0 -78.65056973428744,33.839982777006846,0.0</coordinates>
                    </LinearRing>
                </outerBoundaryIs>
            </Polygon>
        </Placemark>
        <Placemark id="656583">
            <name>Parcel_71794</name>
            <styleUrl>#656588</styleUrl>
            <Polygon id="656582">
                <outerBoundaryIs>
                    <LinearRing id="656586">
                        <coordinates>-78.6584845397033,33.83637741191616,0.0 -78.65854267960086,33.83596509824187,0.0 -78.65871337286929,33.83589684572701,0.0 -78.65893031352357,33.83575788168136,0.0 -78.65893458914414,33.83575514296309,0.0 -78.65896717684537,33.835804427537866,0.0 -78.65904400893069,33.835920967789995,0.0 -78.65903473067974,33.83597842550312,0.0 -78.65901334435733,33.83611086229465,0.0 -78.6585786728893,33.83642919261156,0.0 -78.65857152887988,33.83641926394141,0.0 -78.65855620170069,33.83640746408381,0.0 -78.65855053270005,33.836403917677025,0.0 -78.65854729119405,33.83640196765798,0.0 -78.6585440543883,33.83639984454963,0.0 -78.65853271629153,33.83639275534071,0.0 -78.6585204849926,33.83638822887231,0.0 -78.6585115382385,33.836384107261445,0.0 -78.65849681187755,33.83638039318593,0.0 -78.6584845397033,33.83637741191616,0.0</coordinates>
                    </LinearRing>
                </outerBoundaryIs>
            </Polygon>
        </Placemark>
        <Placemark id="656592">
            <name>Parcel_71795</name>
            <styleUrl>#656597</styleUrl>
            <Polygon id="656591">
                <outerBoundaryIs>
                    <LinearRing id="656595">
                        <coordinates>-78.65784248962674,33.838274427446606,0.0 -78.65772684880699,33.83822601956122,0.0 -78.65760255693247,33.837950293319494,0.0 -78.65751688432262,33.83792049421393,0.0 -78.65720751282569,33.83781807283723,0.0 -78.6570588514095,33.837863373801866,0.0 -78.65682203622792,33.837939994191814,0.0 -78.65672608765557,33.83810656894366,0.0 -78.65666320828993,33.83814730433698,0.0 -78.65665317825818,33.83815261383036,0.0 -78.65653471144863,33.838117380517566,0.0 -78.65646597273688,33.8381009598746,0.0 -78.65653817554048,33.83804727016186,0.0 -78.65661560172983,33.83798969796762,0.0 -78.65678805528366,33.837856875992195,0.0 -78.65696043258473,33.83772680064034,0.0 -78.65713273578599,33.83759947285508,0.0 -78.65730331168673,33.83747503273313,0.0 -78.65707587421211,33.837176220325624,0.0 -78.65711272383481,33.83715372071609,0.0 -78.65718716904487,33.83711165705749,0.0 -78.65720450370354,33.837140509815335,0.0 -78.65737058621254,33.83742407066717,0.0 -78.65756518093016,33.837324999695994,0.0 -78.65775975762105,33.83722661538498,0.0 -78.65795686303485,33.83712604442575,0.0 -78.65807646599868,33.83708913043497,0.0 -78.6581209848731,33.83720887630911,0.0 -78.65812193779082,33.83721223432323,0.0 -78.65812211238153,33.837212850062244,0.0 -78.65812324101937,33.83721682203277,0.0 -78.65773698541082,33.83742825188221,0.0 -78.65760952733989,33.83766330495788,0.0 -78.65770205009503,33.83786540324935,0.0 -78.65784898423533,33.83806561097727,0.0 -78.65814700153224,33.83816162757098,0.0 -78.65832043032796,33.838144458874154,0.0 -78.6585374435836,33.838099419759104,0.0 -78.65879257235908,33.83804599465575,0.0 -78.65879037925856,33.8380660580755,0.0 -78.65877848021202,33.838109993490285,0.0 -78.65877138991077,33.83812841473388,0.0 -78.6587608969965,33.83815089634567,0.0 -78.65875827812944,33.838156346133346,0.0 -78.65875566753228,33.838161451525245,0.0 -78.6587049086882,33.838241250471086,0.0 -78.65865599098605,33.838283454070634,0.0 -78.65864840600025,33.838289839101506,0.0 -78.65863662457176,33.838299067162694,0.0 -78.65862904782944,33.838305108698115,0.0 -78.65860974561207,33.838318317449115,0.0 -78.65856876829535,33.83834108490411,0.0 -78.65837699765098,33.838427150348174,0.0 -78.65801128993517,33.83818500689827,0.0 -78.65784248962674,33.838274427446606,0.0</coordinates>
                    </LinearRing>
                </outerBoundaryIs>
            </Polygon>
        </Placemark>
        <Placemark id="656601">
            <name>Parcel_71796</name>
            <styleUrl>#656606</styleUrl>
            <Polygon id="656600">
                <outerBoundaryIs>
                    <LinearRing id="656604">
                        <coordinates>-78.658149094814,33.836567981580735,0.0 -78.65794126324643,33.83621438518925,0.0 -78.65800122324386,33.83619008916667,0.0 -78.65814204937944,33.83612986377108,0.0 -78.65831934411428,33.836425149082444,0.0 -78.65831257672693,33.83643172092874,0.0 -78.65830913934346,33.83643698385495,0.0 -78.65830487879215,33.836442230311725,0.0 -78.65829798076486,33.83645361259451,0.0 -78.65829272916902,33.83646502420973,0.0 -78.65822147051153,33.83657175593712,0.0 -78.65821248641578,33.836569009101716,0.0 -78.658149094814,33.836567981580735,0.0</coordinates>
                    </LinearRing>
                </outerBoundaryIs>
            </Polygon>
        </Placemark>
        <Placemark id="656610">
            <name>Parcel_71797</name>
            <styleUrl>#656615</styleUrl>
            <Polygon id="656609">
                <outerBoundaryIs>
                    <LinearRing id="656613">
                        <coordinates>-78.65820953198761,33.83783032726355,0.0 -78.65821363981443,33.837830746796975,0.0 -78.65822022075496,33.83783104443342,0.0 -78.65822681217749,33.83783099591167,0.0 -78.65823340136586,33.837830950053224,0.0 -78.6582400009872,33.83783055983961,0.0 -78.65824660314864,33.83782999649563,0.0 -78.65825322001517,33.83782909068119,0.0 -78.65825901045991,33.83782816833539,0.0 -78.6582656323329,33.83782691896476,0.0 -78.65827225993779,33.8378254983281,0.0 -78.65827889219418,33.837823906404914,0.0 -78.65828471064665,33.83782195273517,0.0 -78.65829053370162,33.83781982958196,0.0 -78.65829718571791,33.837817549829175,0.0 -78.658303015915,33.83781508406229,0.0 -78.6583088551827,33.837812443484715,0.0 -78.65831469475592,33.83780963244046,0.0 -78.65836457671938,33.83779253547515,0.0 -78.65837787966306,33.837787975940806,0.0 -78.6585374435836,33.838099419759104,0.0 -78.65832043032796,33.838144458874154,0.0 -78.65814700153224,33.83816162757098,0.0 -78.65820953198761,33.83783032726355,0.0</coordinates>
                    </LinearRing>
                </outerBoundaryIs>
            </Polygon>
        </Placemark>
        <Placemark id="656619">
            <name>Parcel_71798</name>
            <styleUrl>#656624</styleUrl>
            <Polygon id="656618">
                <outerBoundaryIs>
                    <LinearRing id="656622">
                        <coordinates>-79.07015112126318,33.87278824964724,0.0 -79.07015122691293,33.87278821521759,0.0 -79.07015641570761,33.87279840530824,0.0 -79.0701677997611,33.872820772693814,0.0 -79.07021126084359,33.87291436128798,0.0 -79.07021138055028,33.87291461658311,0.0 -79.07024639990937,33.87299002778973,0.0 -79.07024621030725,33.87299009337973,0.0 -79.06977732539254,33.87314954586191,0.0 -79.06968304228268,33.87294482737733,0.0 -79.07015112126318,33.87278824964724,0.0</coordinates>
                    </LinearRing>
                </outerBoundaryIs>
            </Polygon>
        </Placemark>
        <Placemark id="656628">
            <name>Parcel_71799</name>
            <styleUrl>#656633</styleUrl>
            <Polygon id="656627">
                <outerBoundaryIs>
                    <LinearRing id="656631">
                        <coordinates>-79.06989969695819,33.87261506370782,0.0 -79.07003666856406,33.87256909095086,0.0 -79.07003671000132,33.87256917186447,0.0 -79.07008920937726,33.87266959061885,0.0 -79.07015122691293,33.87278821521759,0.0 -79.07015112126318,33.87278824964724,0.0 -79.06968304228268,33.87294482737733,0.0 -79.06957437047029,33.87272046874984,0.0 -79.06957281511313,33.872718272767294,0.0 -79.06957277111076,33.87271820985135,0.0 -79.06957472906537,33.87271773350038,0.0 -79.06957608583816,33.872717402906154,0.0 -79.06968469363933,33.87268713865557,0.0 -79.06989969695819,33.87261506370782,0.0</coordinates>
                    </LinearRing>
                </outerBoundaryIs>
            </Polygon>
        </Placemark>
    </Document>
</kml>
