<?xml version="1.0" encoding="UTF-8"?>
<kml xmlns="http://www.opengis.net/kml/2.2" xmlns:gx="http://www.google.com/kml/ext/2.2">
    <Document id="2497990">
        <Style id="2497997">
            <LineStyle id="2497999">
                <color>ffffffff</color>
                <colorMode>normal</colorMode>
                <width>1</width>
            </LineStyle>
            <PolyStyle id="2497998">
                <colorMode>normal</colorMode>
                <fill>0</fill>
                <outline>1</outline>
            </PolyStyle>
        </Style>
        <Style id="2498006">
            <LineStyle id="2498008">
                <color>ffffffff</color>
                <colorMode>normal</colorMode>
                <width>1</width>
            </LineStyle>
            <PolyStyle id="2498007">
                <colorMode>normal</colorMode>
                <fill>0</fill>
                <outline>1</outline>
            </PolyStyle>
        </Style>
        <Style id="2498015">
            <LineStyle id="2498017">
                <color>ffffffff</color>
                <colorMode>normal</colorMode>
                <width>1</width>
            </LineStyle>
            <PolyStyle id="2498016">
                <colorMode>normal</colorMode>
                <fill>0</fill>
                <outline>1</outline>
            </PolyStyle>
        </Style>
        <Style id="2498024">
            <LineStyle id="2498026">
                <color>ffffffff</color>
                <colorMode>normal</colorMode>
                <width>1</width>
            </LineStyle>
            <PolyStyle id="2498025">
                <colorMode>normal</colorMode>
                <fill>0</fill>
                <outline>1</outline>
            </PolyStyle>
        </Style>
        <Style id="2498033">
            <LineStyle id="2498035">
                <color>ffffffff</color>
                <colorMode>normal</colorMode>
                <width>1</width>
            </LineStyle>
            <PolyStyle id="2498034">
                <colorMode>normal</colorMode>
                <fill>0</fill>
                <outline>1</outline>
            </PolyStyle>
        </Style>
        <Style id="2498042">
            <LineStyle id="2498044">
                <color>ffffffff</color>
                <colorMode>normal</colorMode>
                <width>1</width>
            </LineStyle>
            <PolyStyle id="2498043">
                <colorMode>normal</colorMode>
                <fill>0</fill>
                <outline>1</outline>
            </PolyStyle>
        </Style>
        <Style id="2498051">
            <LineStyle id="2498053">
                <color>ffffffff</color>
                <colorMode>normal</colorMode>
                <width>1</width>
            </LineStyle>
            <PolyStyle id="2498052">
                <colorMode>normal</colorMode>
                <fill>0</fill>
                <outline>1</outline>
            </PolyStyle>
        </Style>
        <Style id="2498060">
            <LineStyle id="2498062">
                <color>ffffffff</color>
                <colorMode>normal</colorMode>
                <width>1</width>
            </LineStyle>
            <PolyStyle id="2498061">
                <colorMode>normal</colorMode>
                <fill>0</fill>
                <outline>1</outline>
            </PolyStyle>
        </Style>
        <Style id="2498069">
            <LineStyle id="2498071">
                <color>ffffffff</color>
                <colorMode>normal</colorMode>
                <width>1</width>
            </LineStyle>
            <PolyStyle id="2498070">
                <colorMode>normal</colorMode>
                <fill>0</fill>
                <outline>1</outline>
            </PolyStyle>
        </Style>
        <Style id="2498078">
            <LineStyle id="2498080">
                <color>ffffffff</color>
                <colorMode>normal</colorMode>
                <width>1</width>
            </LineStyle>
            <PolyStyle id="2498079">
                <colorMode>normal</colorMode>
                <fill>0</fill>
                <outline>1</outline>
            </PolyStyle>
        </Style>
        <Style id="2498087">
            <LineStyle id="2498089">
                <color>ffffffff</color>
                <colorMode>normal</colorMode>
                <width>1</width>
            </LineStyle>
            <PolyStyle id="2498088">
                <colorMode>normal</colorMode>
                <fill>0</fill>
                <outline>1</outline>
            </PolyStyle>
        </Style>
        <Style id="2498096">
            <LineStyle id="2498098">
                <color>ffffffff</color>
                <colorMode>normal</colorMode>
                <width>1</width>
            </LineStyle>
            <PolyStyle id="2498097">
                <colorMode>normal</colorMode>
                <fill>0</fill>
                <outline>1</outline>
            </PolyStyle>
        </Style>
        <Style id="2498105">
            <LineStyle id="2498107">
                <color>ffffffff</color>
                <colorMode>normal</colorMode>
                <width>1</width>
            </LineStyle>
            <PolyStyle id="2498106">
                <colorMode>normal</colorMode>
                <fill>0</fill>
                <outline>1</outline>
            </PolyStyle>
        </Style>
        <Style id="2498114">
            <LineStyle id="2498116">
                <color>ffffffff</color>
                <colorMode>normal</colorMode>
                <width>1</width>
            </LineStyle>
            <PolyStyle id="2498115">
                <colorMode>normal</colorMode>
                <fill>0</fill>
                <outline>1</outline>
            </PolyStyle>
        </Style>
        <Style id="2498123">
            <LineStyle id="2498125">
                <color>ffffffff</color>
                <colorMode>normal</colorMode>
                <width>1</width>
            </LineStyle>
            <PolyStyle id="2498124">
                <colorMode>normal</colorMode>
                <fill>0</fill>
                <outline>1</outline>
            </PolyStyle>
        </Style>
        <Style id="2498132">
            <LineStyle id="2498134">
                <color>ffffffff</color>
                <colorMode>normal</colorMode>
                <width>1</width>
            </LineStyle>
            <PolyStyle id="2498133">
                <colorMode>normal</colorMode>
                <fill>0</fill>
                <outline>1</outline>
            </PolyStyle>
        </Style>
        <Style id="2498141">
            <LineStyle id="2498143">
                <color>ffffffff</color>
                <colorMode>normal</colorMode>
                <width>1</width>
            </LineStyle>
            <PolyStyle id="2498142">
                <colorMode>normal</colorMode>
                <fill>0</fill>
                <outline>1</outline>
            </PolyStyle>
        </Style>
        <Style id="2498150">
            <LineStyle id="2498152">
                <color>ffffffff</color>
                <colorMode>normal</colorMode>
                <width>1</width>
            </LineStyle>
            <PolyStyle id="2498151">
                <colorMode>normal</colorMode>
                <fill>0</fill>
                <outline>1</outline>
            </PolyStyle>
        </Style>
        <Style id="2498159">
            <LineStyle id="2498161">
                <color>ffffffff</color>
                <colorMode>normal</colorMode>
                <width>1</width>
            </LineStyle>
            <PolyStyle id="2498160">
                <colorMode>normal</colorMode>
                <fill>0</fill>
                <outline>1</outline>
            </PolyStyle>
        </Style>
        <Style id="2498168">
            <LineStyle id="2498170">
                <color>ffffffff</color>
                <colorMode>normal</colorMode>
                <width>1</width>
            </LineStyle>
            <PolyStyle id="2498169">
                <colorMode>normal</colorMode>
                <fill>0</fill>
                <outline>1</outline>
            </PolyStyle>
        </Style>
        <Style id="2498177">
            <LineStyle id="2498179">
                <color>ffffffff</color>
                <colorMode>normal</colorMode>
                <width>1</width>
            </LineStyle>
            <PolyStyle id="2498178">
                <colorMode>normal</colorMode>
                <fill>0</fill>
                <outline>1</outline>
            </PolyStyle>
        </Style>
        <Style id="2498186">
            <LineStyle id="2498188">
                <color>ffffffff</color>
                <colorMode>normal</colorMode>
                <width>1</width>
            </LineStyle>
            <PolyStyle id="2498187">
                <colorMode>normal</colorMode>
                <fill>0</fill>
                <outline>1</outline>
            </PolyStyle>
        </Style>
        <Style id="2498195">
            <LineStyle id="2498197">
                <color>ffffffff</color>
                <colorMode>normal</colorMode>
                <width>1</width>
            </LineStyle>
            <PolyStyle id="2498196">
                <colorMode>normal</colorMode>
                <fill>0</fill>
                <outline>1</outline>
            </PolyStyle>
        </Style>
        <Style id="2498204">
            <LineStyle id="2498206">
                <color>ffffffff</color>
                <colorMode>normal</colorMode>
                <width>1</width>
            </LineStyle>
            <PolyStyle id="2498205">
                <colorMode>normal</colorMode>
                <fill>0</fill>
                <outline>1</outline>
            </PolyStyle>
        </Style>
        <Style id="2498213">
            <LineStyle id="2498215">
                <color>ffffffff</color>
                <colorMode>normal</colorMode>
                <width>1</width>
            </LineStyle>
            <PolyStyle id="2498214">
                <colorMode>normal</colorMode>
                <fill>0</fill>
                <outline>1</outline>
            </PolyStyle>
        </Style>
        <Style id="2498222">
            <LineStyle id="2498224">
                <color>ffffffff</color>
                <colorMode>normal</colorMode>
                <width>1</width>
            </LineStyle>
            <PolyStyle id="2498223">
                <colorMode>normal</colorMode>
                <fill>0</fill>
                <outline>1</outline>
            </PolyStyle>
        </Style>
        <Style id="2498231">
            <LineStyle id="2498233">
                <color>ffffffff</color>
                <colorMode>normal</colorMode>
                <width>1</width>
            </LineStyle>
            <PolyStyle id="2498232">
                <colorMode>normal</colorMode>
                <fill>0</fill>
                <outline>1</outline>
            </PolyStyle>
        </Style>
        <Style id="2498240">
            <LineStyle id="2498242">
                <color>ffffffff</color>
                <colorMode>normal</colorMode>
                <width>1</width>
            </LineStyle>
            <PolyStyle id="2498241">
                <colorMode>normal</colorMode>
                <fill>0</fill>
                <outline>1</outline>
            </PolyStyle>
        </Style>
        <Style id="2498249">
            <LineStyle id="2498251">
                <color>ffffffff</color>
                <colorMode>normal</colorMode>
                <width>1</width>
            </LineStyle>
            <PolyStyle id="2498250">
                <colorMode>normal</colorMode>
                <fill>0</fill>
                <outline>1</outline>
            </PolyStyle>
        </Style>
        <Style id="2498258">
            <LineStyle id="2498260">
                <color>ffffffff</color>
                <colorMode>normal</colorMode>
                <width>1</width>
            </LineStyle>
            <PolyStyle id="2498259">
                <colorMode>normal</colorMode>
                <fill>0</fill>
                <outline>1</outline>
            </PolyStyle>
        </Style>
        <Style id="2498267">
            <LineStyle id="2498269">
                <color>ffffffff</color>
                <colorMode>normal</colorMode>
                <width>1</width>
            </LineStyle>
            <PolyStyle id="2498268">
                <colorMode>normal</colorMode>
                <fill>0</fill>
                <outline>1</outline>
            </PolyStyle>
        </Style>
        <Style id="2498276">
            <LineStyle id="2498278">
                <color>ffffffff</color>
                <colorMode>normal</colorMode>
                <width>1</width>
            </LineStyle>
            <PolyStyle id="2498277">
                <colorMode>normal</colorMode>
                <fill>0</fill>
                <outline>1</outline>
            </PolyStyle>
        </Style>
        <Style id="2498285">
            <LineStyle id="2498287">
                <color>ffffffff</color>
                <colorMode>normal</colorMode>
                <width>1</width>
            </LineStyle>
            <PolyStyle id="2498286">
                <colorMode>normal</colorMode>
                <fill>0</fill>
                <outline>1</outline>
            </PolyStyle>
        </Style>
        <Style id="2498294">
            <LineStyle id="2498296">
                <color>ffffffff</color>
                <colorMode>normal</colorMode>
                <width>1</width>
            </LineStyle>
            <PolyStyle id="2498295">
                <colorMode>normal</colorMode>
                <fill>0</fill>
                <outline>1</outline>
            </PolyStyle>
        </Style>
        <Style id="2498303">
            <LineStyle id="2498305">
                <color>ffffffff</color>
                <colorMode>normal</colorMode>
                <width>1</width>
            </LineStyle>
            <PolyStyle id="2498304">
                <colorMode>normal</colorMode>
                <fill>0</fill>
                <outline>1</outline>
            </PolyStyle>
        </Style>
        <Style id="2498312">
            <LineStyle id="2498314">
                <color>ffffffff</color>
                <colorMode>normal</colorMode>
                <width>1</width>
            </LineStyle>
            <PolyStyle id="2498313">
                <colorMode>normal</colorMode>
                <fill>0</fill>
                <outline>1</outline>
            </PolyStyle>
        </Style>
        <Style id="2498321">
            <LineStyle id="2498323">
                <color>ffffffff</color>
                <colorMode>normal</colorMode>
                <width>1</width>
            </LineStyle>
            <PolyStyle id="2498322">
                <colorMode>normal</colorMode>
                <fill>0</fill>
                <outline>1</outline>
            </PolyStyle>
        </Style>
        <Style id="2498330">
            <LineStyle id="2498332">
                <color>ffffffff</color>
                <colorMode>normal</colorMode>
                <width>1</width>
            </LineStyle>
            <PolyStyle id="2498331">
                <colorMode>normal</colorMode>
                <fill>0</fill>
                <outline>1</outline>
            </PolyStyle>
        </Style>
        <Style id="2498339">
            <LineStyle id="2498341">
                <color>ffffffff</color>
                <colorMode>normal</colorMode>
                <width>1</width>
            </LineStyle>
            <PolyStyle id="2498340">
                <colorMode>normal</colorMode>
                <fill>0</fill>
                <outline>1</outline>
            </PolyStyle>
        </Style>
        <Style id="2498348">
            <LineStyle id="2498350">
                <color>ffffffff</color>
                <colorMode>normal</colorMode>
                <width>1</width>
            </LineStyle>
            <PolyStyle id="2498349">
                <colorMode>normal</colorMode>
                <fill>0</fill>
                <outline>1</outline>
            </PolyStyle>
        </Style>
        <Style id="2498357">
            <LineStyle id="2498359">
                <color>ffffffff</color>
                <colorMode>normal</colorMode>
                <width>1</width>
            </LineStyle>
            <PolyStyle id="2498358">
                <colorMode>normal</colorMode>
                <fill>0</fill>
                <outline>1</outline>
            </PolyStyle>
        </Style>
        <Style id="2498366">
            <LineStyle id="2498368">
                <color>ffffffff</color>
                <colorMode>normal</colorMode>
                <width>1</width>
            </LineStyle>
            <PolyStyle id="2498367">
                <colorMode>normal</colorMode>
                <fill>0</fill>
                <outline>1</outline>
            </PolyStyle>
        </Style>
        <Style id="2498375">
            <LineStyle id="2498377">
                <color>ffffffff</color>
                <colorMode>normal</colorMode>
                <width>1</width>
            </LineStyle>
            <PolyStyle id="2498376">
                <colorMode>normal</colorMode>
                <fill>0</fill>
                <outline>1</outline>
            </PolyStyle>
        </Style>
        <Style id="2498384">
            <LineStyle id="2498386">
                <color>ffffffff</color>
                <colorMode>normal</colorMode>
                <width>1</width>
            </LineStyle>
            <PolyStyle id="2498385">
                <colorMode>normal</colorMode>
                <fill>0</fill>
                <outline>1</outline>
            </PolyStyle>
        </Style>
        <Style id="2498393">
            <LineStyle id="2498395">
                <color>ffffffff</color>
                <colorMode>normal</colorMode>
                <width>1</width>
            </LineStyle>
            <PolyStyle id="2498394">
                <colorMode>normal</colorMode>
                <fill>0</fill>
                <outline>1</outline>
            </PolyStyle>
        </Style>
        <Style id="2498402">
            <LineStyle id="2498404">
                <color>ffffffff</color>
                <colorMode>normal</colorMode>
                <width>1</width>
            </LineStyle>
            <PolyStyle id="2498403">
                <colorMode>normal</colorMode>
                <fill>0</fill>
                <outline>1</outline>
            </PolyStyle>
        </Style>
        <Style id="2498411">
            <LineStyle id="2498413">
                <color>ffffffff</color>
                <colorMode>normal</colorMode>
                <width>1</width>
            </LineStyle>
            <PolyStyle id="2498412">
                <colorMode>normal</colorMode>
                <fill>0</fill>
                <outline>1</outline>
            </PolyStyle>
        </Style>
        <Style id="2498420">
            <LineStyle id="2498422">
                <color>ffffffff</color>
                <colorMode>normal</colorMode>
                <width>1</width>
            </LineStyle>
            <PolyStyle id="2498421">
                <colorMode>normal</colorMode>
                <fill>0</fill>
                <outline>1</outline>
            </PolyStyle>
        </Style>
        <Style id="2498429">
            <LineStyle id="2498431">
                <color>ffffffff</color>
                <colorMode>normal</colorMode>
                <width>1</width>
            </LineStyle>
            <PolyStyle id="2498430">
                <colorMode>normal</colorMode>
                <fill>0</fill>
                <outline>1</outline>
            </PolyStyle>
        </Style>
        <Style id="2498438">
            <LineStyle id="2498440">
                <color>ffffffff</color>
                <colorMode>normal</colorMode>
                <width>1</width>
            </LineStyle>
            <PolyStyle id="2498439">
                <colorMode>normal</colorMode>
                <fill>0</fill>
                <outline>1</outline>
            </PolyStyle>
        </Style>
        <Style id="2498447">
            <LineStyle id="2498449">
                <color>ffffffff</color>
                <colorMode>normal</colorMode>
                <width>1</width>
            </LineStyle>
            <PolyStyle id="2498448">
                <colorMode>normal</colorMode>
                <fill>0</fill>
                <outline>1</outline>
            </PolyStyle>
        </Style>
        <Style id="2498456">
            <LineStyle id="2498458">
                <color>ffffffff</color>
                <colorMode>normal</colorMode>
                <width>1</width>
            </LineStyle>
            <PolyStyle id="2498457">
                <colorMode>normal</colorMode>
                <fill>0</fill>
                <outline>1</outline>
            </PolyStyle>
        </Style>
        <Style id="2498465">
            <LineStyle id="2498467">
                <color>ffffffff</color>
                <colorMode>normal</colorMode>
                <width>1</width>
            </LineStyle>
            <PolyStyle id="2498466">
                <colorMode>normal</colorMode>
                <fill>0</fill>
                <outline>1</outline>
            </PolyStyle>
        </Style>
        <Style id="2498474">
            <LineStyle id="2498476">
                <color>ffffffff</color>
                <colorMode>normal</colorMode>
                <width>1</width>
            </LineStyle>
            <PolyStyle id="2498475">
                <colorMode>normal</colorMode>
                <fill>0</fill>
                <outline>1</outline>
            </PolyStyle>
        </Style>
        <Style id="2498483">
            <LineStyle id="2498485">
                <color>ffffffff</color>
                <colorMode>normal</colorMode>
                <width>1</width>
            </LineStyle>
            <PolyStyle id="2498484">
                <colorMode>normal</colorMode>
                <fill>0</fill>
                <outline>1</outline>
            </PolyStyle>
        </Style>
        <Style id="2498492">
            <LineStyle id="2498494">
                <color>ffffffff</color>
                <colorMode>normal</colorMode>
                <width>1</width>
            </LineStyle>
            <PolyStyle id="2498493">
                <colorMode>normal</colorMode>
                <fill>0</fill>
                <outline>1</outline>
            </PolyStyle>
        </Style>
        <Style id="2498501">
            <LineStyle id="2498503">
                <color>ffffffff</color>
                <colorMode>normal</colorMode>
                <width>1</width>
            </LineStyle>
            <PolyStyle id="2498502">
                <colorMode>normal</colorMode>
                <fill>0</fill>
                <outline>1</outline>
            </PolyStyle>
        </Style>
        <Style id="2498510">
            <LineStyle id="2498512">
                <color>ffffffff</color>
                <colorMode>normal</colorMode>
                <width>1</width>
            </LineStyle>
            <PolyStyle id="2498511">
                <colorMode>normal</colorMode>
                <fill>0</fill>
                <outline>1</outline>
            </PolyStyle>
        </Style>
        <Style id="2498519">
            <LineStyle id="2498521">
                <color>ffffffff</color>
                <colorMode>normal</colorMode>
                <width>1</width>
            </LineStyle>
            <PolyStyle id="2498520">
                <colorMode>normal</colorMode>
                <fill>0</fill>
                <outline>1</outline>
            </PolyStyle>
        </Style>
        <Style id="2498528">
            <LineStyle id="2498530">
                <color>ffffffff</color>
                <colorMode>normal</colorMode>
                <width>1</width>
            </LineStyle>
            <PolyStyle id="2498529">
                <colorMode>normal</colorMode>
                <fill>0</fill>
                <outline>1</outline>
            </PolyStyle>
        </Style>
        <Style id="2498537">
            <LineStyle id="2498539">
                <color>ffffffff</color>
                <colorMode>normal</colorMode>
                <width>1</width>
            </LineStyle>
            <PolyStyle id="2498538">
                <colorMode>normal</colorMode>
                <fill>0</fill>
                <outline>1</outline>
            </PolyStyle>
        </Style>
        <Style id="2498546">
            <LineStyle id="2498548">
                <color>ffffffff</color>
                <colorMode>normal</colorMode>
                <width>1</width>
            </LineStyle>
            <PolyStyle id="2498547">
                <colorMode>normal</colorMode>
                <fill>0</fill>
                <outline>1</outline>
            </PolyStyle>
        </Style>
        <Style id="2498555">
            <LineStyle id="2498557">
                <color>ffffffff</color>
                <colorMode>normal</colorMode>
                <width>1</width>
            </LineStyle>
            <PolyStyle id="2498556">
                <colorMode>normal</colorMode>
                <fill>0</fill>
                <outline>1</outline>
            </PolyStyle>
        </Style>
        <Style id="2498564">
            <LineStyle id="2498566">
                <color>ffffffff</color>
                <colorMode>normal</colorMode>
                <width>1</width>
            </LineStyle>
            <PolyStyle id="2498565">
                <colorMode>normal</colorMode>
                <fill>0</fill>
                <outline>1</outline>
            </PolyStyle>
        </Style>
        <Style id="2498573">
            <LineStyle id="2498575">
                <color>ffffffff</color>
                <colorMode>normal</colorMode>
                <width>1</width>
            </LineStyle>
            <PolyStyle id="2498574">
                <colorMode>normal</colorMode>
                <fill>0</fill>
                <outline>1</outline>
            </PolyStyle>
        </Style>
        <Style id="2498582">
            <LineStyle id="2498584">
                <color>ffffffff</color>
                <colorMode>normal</colorMode>
                <width>1</width>
            </LineStyle>
            <PolyStyle id="2498583">
                <colorMode>normal</colorMode>
                <fill>0</fill>
                <outline>1</outline>
            </PolyStyle>
        </Style>
        <Style id="2498591">
            <LineStyle id="2498593">
                <color>ffffffff</color>
                <colorMode>normal</colorMode>
                <width>1</width>
            </LineStyle>
            <PolyStyle id="2498592">
                <colorMode>normal</colorMode>
                <fill>0</fill>
                <outline>1</outline>
            </PolyStyle>
        </Style>
        <Style id="2498600">
            <LineStyle id="2498602">
                <color>ffffffff</color>
                <colorMode>normal</colorMode>
                <width>1</width>
            </LineStyle>
            <PolyStyle id="2498601">
                <colorMode>normal</colorMode>
                <fill>0</fill>
                <outline>1</outline>
            </PolyStyle>
        </Style>
        <Style id="2498609">
            <LineStyle id="2498611">
                <color>ffffffff</color>
                <colorMode>normal</colorMode>
                <width>1</width>
            </LineStyle>
            <PolyStyle id="2498610">
                <colorMode>normal</colorMode>
                <fill>0</fill>
                <outline>1</outline>
            </PolyStyle>
        </Style>
        <Style id="2498618">
            <LineStyle id="2498620">
                <color>ffffffff</color>
                <colorMode>normal</colorMode>
                <width>1</width>
            </LineStyle>
            <PolyStyle id="2498619">
                <colorMode>normal</colorMode>
                <fill>0</fill>
                <outline>1</outline>
            </PolyStyle>
        </Style>
        <Style id="2498627">
            <LineStyle id="2498629">
                <color>ffffffff</color>
                <colorMode>normal</colorMode>
                <width>1</width>
            </LineStyle>
            <PolyStyle id="2498628">
                <colorMode>normal</colorMode>
                <fill>0</fill>
                <outline>1</outline>
            </PolyStyle>
        </Style>
        <Style id="2498636">
            <LineStyle id="2498638">
                <color>ffffffff</color>
                <colorMode>normal</colorMode>
                <width>1</width>
            </LineStyle>
            <PolyStyle id="2498637">
                <colorMode>normal</colorMode>
                <fill>0</fill>
                <outline>1</outline>
            </PolyStyle>
        </Style>
        <Style id="2498645">
            <LineStyle id="2498647">
                <color>ffffffff</color>
                <colorMode>normal</colorMode>
                <width>1</width>
            </LineStyle>
            <PolyStyle id="2498646">
                <colorMode>normal</colorMode>
                <fill>0</fill>
                <outline>1</outline>
            </PolyStyle>
        </Style>
        <Style id="2498654">
            <LineStyle id="2498656">
                <color>ffffffff</color>
                <colorMode>normal</colorMode>
                <width>1</width>
            </LineStyle>
            <PolyStyle id="2498655">
                <colorMode>normal</colorMode>
                <fill>0</fill>
                <outline>1</outline>
            </PolyStyle>
        </Style>
        <Style id="2498663">
            <LineStyle id="2498665">
                <color>ffffffff</color>
                <colorMode>normal</colorMode>
                <width>1</width>
            </LineStyle>
            <PolyStyle id="2498664">
                <colorMode>normal</colorMode>
                <fill>0</fill>
                <outline>1</outline>
            </PolyStyle>
        </Style>
        <Style id="2498672">
            <LineStyle id="2498674">
                <color>ffffffff</color>
                <colorMode>normal</colorMode>
                <width>1</width>
            </LineStyle>
            <PolyStyle id="2498673">
                <colorMode>normal</colorMode>
                <fill>0</fill>
                <outline>1</outline>
            </PolyStyle>
        </Style>
        <Style id="2498681">
            <LineStyle id="2498683">
                <color>ffffffff</color>
                <colorMode>normal</colorMode>
                <width>1</width>
            </LineStyle>
            <PolyStyle id="2498682">
                <colorMode>normal</colorMode>
                <fill>0</fill>
                <outline>1</outline>
            </PolyStyle>
        </Style>
        <Style id="2498690">
            <LineStyle id="2498692">
                <color>ffffffff</color>
                <colorMode>normal</colorMode>
                <width>1</width>
            </LineStyle>
            <PolyStyle id="2498691">
                <colorMode>normal</colorMode>
                <fill>0</fill>
                <outline>1</outline>
            </PolyStyle>
        </Style>
        <Style id="2498699">
            <LineStyle id="2498701">
                <color>ffffffff</color>
                <colorMode>normal</colorMode>
                <width>1</width>
            </LineStyle>
            <PolyStyle id="2498700">
                <colorMode>normal</colorMode>
                <fill>0</fill>
                <outline>1</outline>
            </PolyStyle>
        </Style>
        <Style id="2498708">
            <LineStyle id="2498710">
                <color>ffffffff</color>
                <colorMode>normal</colorMode>
                <width>1</width>
            </LineStyle>
            <PolyStyle id="2498709">
                <colorMode>normal</colorMode>
                <fill>0</fill>
                <outline>1</outline>
            </PolyStyle>
        </Style>
        <Style id="2498717">
            <LineStyle id="2498719">
                <color>ffffffff</color>
                <colorMode>normal</colorMode>
                <width>1</width>
            </LineStyle>
            <PolyStyle id="2498718">
                <colorMode>normal</colorMode>
                <fill>0</fill>
                <outline>1</outline>
            </PolyStyle>
        </Style>
        <Style id="2498726">
            <LineStyle id="2498728">
                <color>ffffffff</color>
                <colorMode>normal</colorMode>
                <width>1</width>
            </LineStyle>
            <PolyStyle id="2498727">
                <colorMode>normal</colorMode>
                <fill>0</fill>
                <outline>1</outline>
            </PolyStyle>
        </Style>
        <Style id="2498735">
            <LineStyle id="2498737">
                <color>ffffffff</color>
                <colorMode>normal</colorMode>
                <width>1</width>
            </LineStyle>
            <PolyStyle id="2498736">
                <colorMode>normal</colorMode>
                <fill>0</fill>
                <outline>1</outline>
            </PolyStyle>
        </Style>
        <Style id="2498744">
            <LineStyle id="2498746">
                <color>ffffffff</color>
                <colorMode>normal</colorMode>
                <width>1</width>
            </LineStyle>
            <PolyStyle id="2498745">
                <colorMode>normal</colorMode>
                <fill>0</fill>
                <outline>1</outline>
            </PolyStyle>
        </Style>
        <Style id="2498753">
            <LineStyle id="2498755">
                <color>ffffffff</color>
                <colorMode>normal</colorMode>
                <width>1</width>
            </LineStyle>
            <PolyStyle id="2498754">
                <colorMode>normal</colorMode>
                <fill>0</fill>
                <outline>1</outline>
            </PolyStyle>
        </Style>
        <Style id="2498762">
            <LineStyle id="2498764">
                <color>ffffffff</color>
                <colorMode>normal</colorMode>
                <width>1</width>
            </LineStyle>
            <PolyStyle id="2498763">
                <colorMode>normal</colorMode>
                <fill>0</fill>
                <outline>1</outline>
            </PolyStyle>
        </Style>
        <Style id="2498771">
            <LineStyle id="2498773">
                <color>ffffffff</color>
                <colorMode>normal</colorMode>
                <width>1</width>
            </LineStyle>
            <PolyStyle id="2498772">
                <colorMode>normal</colorMode>
                <fill>0</fill>
                <outline>1</outline>
            </PolyStyle>
        </Style>
        <Style id="2498780">
            <LineStyle id="2498782">
                <color>ffffffff</color>
                <colorMode>normal</colorMode>
                <width>1</width>
            </LineStyle>
            <PolyStyle id="2498781">
                <colorMode>normal</colorMode>
                <fill>0</fill>
                <outline>1</outline>
            </PolyStyle>
        </Style>
        <Style id="2498789">
            <LineStyle id="2498791">
                <color>ffffffff</color>
                <colorMode>normal</colorMode>
                <width>1</width>
            </LineStyle>
            <PolyStyle id="2498790">
                <colorMode>normal</colorMode>
                <fill>0</fill>
                <outline>1</outline>
            </PolyStyle>
        </Style>
        <Style id="2498798">
            <LineStyle id="2498800">
                <color>ffffffff</color>
                <colorMode>normal</colorMode>
                <width>1</width>
            </LineStyle>
            <PolyStyle id="2498799">
                <colorMode>normal</colorMode>
                <fill>0</fill>
                <outline>1</outline>
            </PolyStyle>
        </Style>
        <Style id="2498807">
            <LineStyle id="2498809">
                <color>ffffffff</color>
                <colorMode>normal</colorMode>
                <width>1</width>
            </LineStyle>
            <PolyStyle id="2498808">
                <colorMode>normal</colorMode>
                <fill>0</fill>
                <outline>1</outline>
            </PolyStyle>
        </Style>
        <Style id="2498816">
            <LineStyle id="2498818">
                <color>ffffffff</color>
                <colorMode>normal</colorMode>
                <width>1</width>
            </LineStyle>
            <PolyStyle id="2498817">
                <colorMode>normal</colorMode>
                <fill>0</fill>
                <outline>1</outline>
            </PolyStyle>
        </Style>
        <Style id="2498825">
            <LineStyle id="2498827">
                <color>ffffffff</color>
                <colorMode>normal</colorMode>
                <width>1</width>
            </LineStyle>
            <PolyStyle id="2498826">
                <colorMode>normal</colorMode>
                <fill>0</fill>
                <outline>1</outline>
            </PolyStyle>
        </Style>
        <Style id="2498834">
            <LineStyle id="2498836">
                <color>ffffffff</color>
                <colorMode>normal</colorMode>
                <width>1</width>
            </LineStyle>
            <PolyStyle id="2498835">
                <colorMode>normal</colorMode>
                <fill>0</fill>
                <outline>1</outline>
            </PolyStyle>
        </Style>
        <Style id="2498843">
            <LineStyle id="2498845">
                <color>ffffffff</color>
                <colorMode>normal</colorMode>
                <width>1</width>
            </LineStyle>
            <PolyStyle id="2498844">
                <colorMode>normal</colorMode>
                <fill>0</fill>
                <outline>1</outline>
            </PolyStyle>
        </Style>
        <Style id="2498852">
            <LineStyle id="2498854">
                <color>ffffffff</color>
                <colorMode>normal</colorMode>
                <width>1</width>
            </LineStyle>
            <PolyStyle id="2498853">
                <colorMode>normal</colorMode>
                <fill>0</fill>
                <outline>1</outline>
            </PolyStyle>
        </Style>
        <Style id="2498861">
            <LineStyle id="2498863">
                <color>ffffffff</color>
                <colorMode>normal</colorMode>
                <width>1</width>
            </LineStyle>
            <PolyStyle id="2498862">
                <colorMode>normal</colorMode>
                <fill>0</fill>
                <outline>1</outline>
            </PolyStyle>
        </Style>
        <Style id="2498870">
            <LineStyle id="2498872">
                <color>ffffffff</color>
                <colorMode>normal</colorMode>
                <width>1</width>
            </LineStyle>
            <PolyStyle id="2498871">
                <colorMode>normal</colorMode>
                <fill>0</fill>
                <outline>1</outline>
            </PolyStyle>
        </Style>
        <Style id="2498879">
            <LineStyle id="2498881">
                <color>ffffffff</color>
                <colorMode>normal</colorMode>
                <width>1</width>
            </LineStyle>
            <PolyStyle id="2498880">
                <colorMode>normal</colorMode>
                <fill>0</fill>
                <outline>1</outline>
            </PolyStyle>
        </Style>
        <Style id="2498888">
            <LineStyle id="2498890">
                <color>ffffffff</color>
                <colorMode>normal</colorMode>
                <width>1</width>
            </LineStyle>
            <PolyStyle id="2498889">
                <colorMode>normal</colorMode>
                <fill>0</fill>
                <outline>1</outline>
            </PolyStyle>
        </Style>
        <Placemark id="2497992">
            <name>Parcel_270600</name>
            <styleUrl>#2497997</styleUrl>
            <Polygon id="2497991">
                <outerBoundaryIs>
                    <LinearRing id="2497995">
                        <coordinates>-79.08302693402078,33.86671829659416,0.0 -79.08341580985501,33.86672037983688,0.0 -79.08341434351078,33.86690138206998,0.0 -79.08301065145565,33.866899220167745,0.0 -79.08301204513471,33.8667182177036,0.0 -79.08302693402078,33.86671829659416,0.0</coordinates>
                    </LinearRing>
                </outerBoundaryIs>
            </Polygon>
        </Placemark>
        <Placemark id="2498001">
            <name>Parcel_270601</name>
            <styleUrl>#2498006</styleUrl>
            <Polygon id="2498000">
                <outerBoundaryIs>
                    <LinearRing id="2498004">
                        <coordinates>-79.08092131389701,33.868723147994245,0.0 -79.08093306209639,33.868544765413304,0.0 -79.08133442861238,33.86856315896639,0.0 -79.08132268124099,33.86874154158465,0.0 -79.08092131389701,33.868723147994245,0.0</coordinates>
                    </LinearRing>
                </outerBoundaryIs>
            </Polygon>
        </Placemark>
        <Placemark id="2498010">
            <name>Parcel_270602</name>
            <styleUrl>#2498015</styleUrl>
            <Polygon id="2498009">
                <outerBoundaryIs>
                    <LinearRing id="2498013">
                        <coordinates>-79.08040454994861,33.867951784192144,0.0 -79.08041629911214,33.867773401629485,0.0 -79.08081766300745,33.86779179687661,0.0 -79.08080591359112,33.86797017945983,0.0 -79.08040454994861,33.867951784192144,0.0</coordinates>
                    </LinearRing>
                </outerBoundaryIs>
            </Polygon>
        </Placemark>
        <Placemark id="2498019">
            <name>Parcel_270603</name>
            <styleUrl>#2498024</styleUrl>
            <Polygon id="2498018">
                <outerBoundaryIs>
                    <LinearRing id="2498022">
                        <coordinates>-79.07877357032827,33.86740733457214,0.0 -79.07921228855318,33.863768701393795,0.0 -79.07921385213201,33.86371099758429,0.0 -79.07979652418334,33.86375292502972,0.0 -79.0797965348501,33.863752931508266,0.0 -79.08241402950772,33.86560552009217,0.0 -79.08341908575534,33.86631619309454,0.0 -79.08341580985501,33.86672037983688,0.0 -79.08302693402078,33.86671829659416,0.0 -79.08304718878888,33.86671656996841,0.0 -79.08306703230039,33.86671277165431,0.0 -79.08308616273511,33.86670695830976,0.0 -79.08310428723816,33.86669922100335,0.0 -79.08312112754466,33.866689675380584,0.0 -79.08313642736441,33.86667846989485,0.0 -79.08314995154213,33.86666577497224,0.0 -79.0831614946834,33.86665178404629,0.0 -79.08317087903326,33.86663671172167,0.0 -79.08317796216183,33.86662078848186,0.0 -79.08318263486288,33.86660425795056,0.0 -79.08318482665794,33.866587372467635,0.0 -79.08318450369457,33.86657039035093,0.0 -79.0831816699075,33.866553572306586,0.0 -79.08317636936016,33.86653717334837,0.0 -79.0831686829225,33.866521446353865,0.0 -79.08315872853099,33.866506630343686,0.0 -79.08314665898735,33.86649295225172,0.0 -79.08313265773538,33.86648062234993,0.0 -79.08311693900137,33.8664698279377,0.0 -79.08309974345093,33.86646073417625,0.0 -79.08308133394608,33.866453480415835,0.0 -79.0830619912824,33.86644817742385,0.0 -79.08304201310835,33.8664449073682,0.0 -79.08302170323788,33.866443718240774,0.0 -79.08300137261095,33.86644462928363,0.0 -79.0829813328895,33.866447627282,0.0 -79.08296188893178,33.86645266464458,0.0 -79.08294333973339,33.86645966573089,0.0 -79.08292596769948,33.8664685230779,0.0 -79.08291003962546,33.86647910192436,0.0 -79.08289579807104,33.86649123917564,0.0 -79.08288346119969,33.86650475061626,0.0 -79.08287321743498,33.86651942812124,0.0 -79.08286522309854,33.86653504863871,0.0 -79.08285960136931,33.86655137236968,0.0 -79.08284800350226,33.866627275157626,0.0 -79.08284695602259,33.866606948451945,0.0 -79.08284351183879,33.86658680741951,0.0 -79.08283770444855,33.866567047386035,0.0 -79.08282959118647,33.86654786134045,0.0 -79.08281924898128,33.86652943626172,0.0 -79.08280678090055,33.86651195051416,0.0 -79.08279230636343,33.8664955764021,0.0 -79.08277596782582,33.86648047125422,0.0 -79.08275792415533,33.86646678363428,0.0 -79.08270851566907,33.86643286374421,0.0 -79.08244557500842,33.86668661619483,0.0 -79.08241315672828,33.86666436084797,0.0 -79.08222342027318,33.866899935715196,0.0 -79.08221152117856,33.86688598689888,0.0 -79.08219763535294,33.86687337999534,0.0 -79.08218197896248,33.86686231225624,0.0 -79.08216479473346,33.86685295338604,0.0 -79.08214634862944,33.86684544909804,0.0 -79.08212692670968,33.8668399165565,0.0 -79.08210683088588,33.866836440703246,0.0 -79.08208637347875,33.86683507597729,0.0 -79.08206587185383,33.86683584442809,0.0 -79.08204564309851,33.866838732025435,0.0 -79.08202600169973,33.86684369583872,0.0 -79.08200725319992,33.8668506576255,0.0 -79.08198968647125,33.86685951092672,0.0 -79.08197357597757,33.86687011659253,0.0 -79.08195917186696,33.866882310745765,0.0 -79.0819466967492,33.86689590383,0.0 -79.0819363434144,33.86691068598553,0.0 -79.08192827375161,33.86692642703274,0.0 -79.08192261320487,33.8669428826993,0.0 -79.08191944853101,33.866959798192866,0.0 -79.08191882992129,33.86697691003784,0.0 -79.08192076541665,33.866993954105894,0.0 -79.08192522741247,33.86701066481468,0.0 -79.08193214385139,33.86702678220655,0.0 -79.08194140997192,33.867042058443886,0.0 -79.08195288080256,33.867056254987006,0.0 -79.0819663774661,33.867069150809,0.0 -79.08198169246309,33.8670805478888,0.0 -79.08199858650977,33.8670902675548,0.0 -79.08201679804415,33.86709816055274,0.0 -79.08203604548842,33.86710410257138,0.0 -79.08205602814868,33.86710800237357,0.0 -79.08207643814428,33.867109800177026,0.0 -79.08209695718517,33.8671094667027,0.0 -79.08211726725982,33.86710700875152,0.0 -79.08213705295704,33.86710246202528,0.0 -79.08215600777059,33.867095899341095,0.0 -79.08217383754203,33.86708742166613,0.0 -79.08219026580436,33.86707716090552,0.0 -79.08220503712505,33.867065275445036,0.0 -79.08221792248972,33.86705195113592,0.0 -79.08222872272496,33.86703739323118,0.0 -79.08222600057518,33.86737270061159,0.0 -79.08220673464268,33.867372591742246,0.0 -79.08216052920625,33.86737123515881,0.0 -79.08211449134079,33.86736769227292,0.0 -79.08206876893658,33.86736197349149,0.0 -79.08202350860236,33.867354098220545,0.0 -79.08197885896782,33.867344092210914,0.0 -79.0819349609767,33.8673319865059,0.0 -79.08189195861418,33.867317821215,0.0 -79.08184999036091,33.86730164087204,0.0 -79.08180919125421,33.867283498976704,0.0 -79.08176969298847,33.86726345348625,0.0 -79.08173162277397,33.86724156950394,0.0 -79.08169510445786,33.86721791749228,0.0 -79.08162209706204,33.86716779639308,0.0 -79.08145673471357,33.86705427084587,0.0 -79.0813086195718,33.86695258522577,0.0 -79.08127772673873,33.86696968450601,0.0 -79.08130002570763,33.86699935205077,0.0 -79.08132046083314,33.867029940409545,0.0 -79.08133897773945,33.867061366669304,0.0 -79.08135552853523,33.86709354801744,0.0 -79.08137006649,33.867126398051695,0.0 -79.08138255570087,33.86715982963557,0.0 -79.08139296136558,33.86719375474759,0.0 -79.08140125632752,33.86722808187715,0.0 -79.08140741883376,33.86726271959722,0.0 -79.08100841769195,33.86730337059333,0.0 -79.08100333438169,33.86727713261032,0.0 -79.08099583537995,33.86725130093299,0.0 -79.08098596483117,33.86722602956555,0.0 -79.08097378205059,33.86720147094339,0.0 -79.08095935946311,33.86717777139155,0.0 -79.0809427847245,33.86715507296159,0.0 -79.08092520710684,33.8671346380615,0.0 -79.08090588426502,33.867115331438946,0.0 -79.08088491986781,33.86709725571053,0.0 -79.0808624274311,33.86708050823409,0.0 -79.08083146961127,33.867059097618515,0.0 -79.08080098934188,33.86703721639334,0.0 -79.08080659203105,33.867020698550306,0.0 -79.08080969220238,33.867003727969404,0.0 -79.08081024184568,33.866986567258174,0.0 -79.08080823287952,33.86696948234798,0.0 -79.0808036950898,33.86695273795322,0.0 -79.08079670053304,33.86693659403159,0.0 -79.08078735721217,33.86692129847116,0.0 -79.08077580793554,33.8669070897784,0.0 -79.08076223375987,33.866894188112774,0.0 -79.08074684434342,33.86688279152948,0.0 -79.08072987682515,33.866873077766286,0.0 -79.08071159490453,33.86686519701395,0.0 -79.08069228129615,33.866859270897706,0.0 -79.08067223450759,33.86685539152521,0.0 -79.08065176563738,33.86685361963331,0.0 -79.0806311919706,33.866853980881416,0.0 -79.08061083037394,33.866856471160396,0.0 -79.08059099741644,33.86686105118297,0.0 -79.08057200064276,33.86686764995626,0.0 -79.0805541320488,33.86687616648439,0.0 -79.08053767030334,33.866886467097,0.0 -79.08052286973962,33.86689839429785,0.0 -79.08050995829439,33.86691176222315,0.0 -79.08049913842771,33.866926363870974,0.0 -79.08049057409377,33.86694197360487,0.0 -79.08048440150819,33.86695834912458,0.0 -79.08048071385655,33.86697523844415,0.0 -79.0804795688999,33.866992378205744,0.0 -79.08048098332982,33.86700950441516,0.0 -79.08048493821236,33.867026350722135,0.0 -79.0804913690602,33.86704265728546,0.0 -79.08050017878159,33.86705817187563,0.0 -79.08051122895414,33.86707265334715,0.0 -79.08052434941077,33.867085878100205,0.0 -79.08053933711906,33.867097641867325,0.0 -79.08055596048406,33.86710776068185,0.0 -79.08057396130931,33.86711607992718,0.0 -79.0805930613817,33.867122469929676,0.0 -79.08061296451271,33.867126831401464,0.0 -79.0806333640439,33.86712909826225,0.0 -79.0806539418664,33.86712923311512,0.0 -79.08067438118974,33.86712723646295,0.0 -79.08037698314196,33.867354883123156,0.0 -79.08043979729331,33.86741663647965,0.0 -79.08043168866435,33.86753976002533,0.0 -79.07877357032827,33.86740733457214,0.0</coordinates>
                    </LinearRing>
                </outerBoundaryIs>
            </Polygon>
        </Placemark>
        <Placemark id="2498028">
            <name>Parcel_270604</name>
            <styleUrl>#2498033</styleUrl>
            <Polygon id="2498027">
                <outerBoundaryIs>
                    <LinearRing id="2498031">
                        <coordinates>-79.08263323856536,33.870861833153846,0.0 -79.0826718999085,33.870853675116244,0.0 -79.08270222008647,33.870846233038435,0.0 -79.08273176766853,33.87083687421259,0.0 -79.08276036737662,33.87082565274536,0.0 -79.0827878512178,33.87081263548276,0.0 -79.082814057484,33.87079789838699,0.0 -79.08309957310436,33.871123482841426,0.0 -79.08273586213659,33.87120023082725,0.0 -79.08263323856536,33.870861833153846,0.0</coordinates>
                    </LinearRing>
                </outerBoundaryIs>
            </Polygon>
        </Placemark>
        <Placemark id="2498037">
            <name>Parcel_270605</name>
            <styleUrl>#2498042</styleUrl>
            <Polygon id="2498036">
                <outerBoundaryIs>
                    <LinearRing id="2498040">
                        <coordinates>-79.08133307758963,33.87057584592183,0.0 -79.08131866808704,33.87039759938388,0.0 -79.08130425866412,33.87021935193561,0.0 -79.0812898492807,33.870041105380096,0.0 -79.08128400238614,33.869968772807376,0.0 -79.08149860207341,33.86996993734441,0.0 -79.08171276719825,33.86997109838792,0.0 -79.08171537900176,33.86963579037408,0.0 -79.08178035356745,33.86963614262914,0.0 -79.08177774093585,33.86997145062763,0.0 -79.08199190496731,33.86997261207344,0.0 -79.08220607010539,33.86997377226425,0.0 -79.08242023416845,33.86997493206814,0.0 -79.08241955916012,33.8700625759532,0.0 -79.08241818196453,33.870241223725856,0.0 -79.0824168047432,33.870419872392915,0.0 -79.082390162313,33.87042549450419,0.0 -79.08218253247827,33.870469306470795,0.0 -79.08197490243248,33.870513118088965,0.0 -79.08176727217572,33.87055692935877,0.0 -79.08155964062705,33.87060074026346,0.0 -79.08133885594384,33.870647326940734,0.0 -79.08133307758963,33.87057584592183,0.0</coordinates>
                    </LinearRing>
                </outerBoundaryIs>
            </Polygon>
        </Placemark>
        <Placemark id="2498046">
            <name>Parcel_270606</name>
            <styleUrl>#2498051</styleUrl>
            <Polygon id="2498045">
                <outerBoundaryIs>
                    <LinearRing id="2498049">
                        <coordinates>-79.08221265939768,33.870950579244436,0.0 -79.0824229496402,33.87090620593537,0.0 -79.08252557133791,33.871244604664476,0.0 -79.08231528140354,33.871288978161026,0.0 -79.08221265939768,33.870950579244436,0.0</coordinates>
                    </LinearRing>
                </outerBoundaryIs>
            </Polygon>
        </Placemark>
        <Placemark id="2498055">
            <name>Parcel_270607</name>
            <styleUrl>#2498060</styleUrl>
            <Polygon id="2498054">
                <outerBoundaryIs>
                    <LinearRing id="2498058">
                        <coordinates>-79.0397257402702,34.25836509223838,0.0 -79.03991289237251,34.25818294217409,0.0 -79.04048649119822,34.2576936757875,0.0 -79.0408480353374,34.257392985003726,0.0 -79.04158671800332,34.25799822993421,0.0 -79.0404459312285,34.258922752474014,0.0 -79.04044550520206,34.25892309746576,0.0 -79.0397257402702,34.25836509223838,0.0</coordinates>
                    </LinearRing>
                </outerBoundaryIs>
            </Polygon>
        </Placemark>
        <Placemark id="2498064">
            <name>Parcel_270608</name>
            <styleUrl>#2498069</styleUrl>
            <Polygon id="2498063">
                <outerBoundaryIs>
                    <LinearRing id="2498067">
                        <coordinates>-79.08300368297283,33.86780423237912,0.0 -79.08340700847475,33.86780639217435,0.0 -79.08340554209357,33.86798739436367,0.0 -79.08300229033948,33.8679852348162,0.0 -79.08300368297283,33.86780423237912,0.0</coordinates>
                    </LinearRing>
                </outerBoundaryIs>
            </Polygon>
        </Placemark>
        <Placemark id="2498073">
            <name>Parcel_270609</name>
            <styleUrl>#2498078</styleUrl>
            <Polygon id="2498072">
                <outerBoundaryIs>
                    <LinearRing id="2498076">
                        <coordinates>-79.08176727217572,33.87055692935877,0.0 -79.08197490243248,33.870513118088965,0.0 -79.08207348165361,33.870838194234466,0.0 -79.08186585066395,33.870882005666274,0.0 -79.08176727217572,33.87055692935877,0.0</coordinates>
                    </LinearRing>
                </outerBoundaryIs>
            </Polygon>
        </Placemark>
        <Placemark id="2498082">
            <name>Parcel_270610</name>
            <styleUrl>#2498087</styleUrl>
            <Polygon id="2498081">
                <outerBoundaryIs>
                    <LinearRing id="2498085">
                        <coordinates>-79.08128743883509,33.86927668939022,0.0 -79.08129507270812,33.86916076096649,0.0 -79.08150923579997,33.86916192326362,0.0 -79.08150662212817,33.86949723129182,0.0 -79.08127299825235,33.86949596058559,0.0 -79.0812874374934,33.869276701093945,0.0 -79.08128743883509,33.86927668939022,0.0</coordinates>
                    </LinearRing>
                </outerBoundaryIs>
            </Polygon>
        </Placemark>
        <Placemark id="2498091">
            <name>Parcel_270611</name>
            <styleUrl>#2498096</styleUrl>
            <Polygon id="2498090">
                <outerBoundaryIs>
                    <LinearRing id="2498094">
                        <coordinates>-79.0809175976147,33.870420158858906,0.0 -79.08131866808704,33.87039759938388,0.0 -79.08133307758963,33.87057584592183,0.0 -79.0809320062918,33.870598405442614,0.0 -79.0809175976147,33.870420158858906,0.0</coordinates>
                    </LinearRing>
                </outerBoundaryIs>
            </Polygon>
        </Placemark>
        <Placemark id="2498100">
            <name>Parcel_270612</name>
            <styleUrl>#2498105</styleUrl>
            <Polygon id="2498099">
                <outerBoundaryIs>
                    <LinearRing id="2498103">
                        <coordinates>-79.08242023416845,33.86997493206814,0.0 -79.08242093526918,33.86988392815662,0.0 -79.08282290509621,33.86988608314719,0.0 -79.0828215298201,33.870064730948116,0.0 -79.08241955916012,33.8700625759532,0.0 -79.08242023416845,33.86997493206814,0.0</coordinates>
                    </LinearRing>
                </outerBoundaryIs>
            </Polygon>
        </Placemark>
        <Placemark id="2498109">
            <name>Parcel_270613</name>
            <styleUrl>#2498114</styleUrl>
            <Polygon id="2498108">
                <outerBoundaryIs>
                    <LinearRing id="2498112">
                        <coordinates>-79.0824341111535,33.868174142602626,0.0 -79.08283607302877,33.86817629664968,0.0 -79.08283464175099,33.86836213168769,0.0 -79.08243267902934,33.868359976734475,0.0 -79.0824341111535,33.868174142602626,0.0</coordinates>
                    </LinearRing>
                </outerBoundaryIs>
            </Polygon>
        </Placemark>
        <Placemark id="2498118">
            <name>Parcel_270614</name>
            <styleUrl>#2498123</styleUrl>
            <Polygon id="2498117">
                <outerBoundaryIs>
                    <LinearRing id="2498121">
                        <coordinates>-79.0808723011527,33.86985979233427,0.0 -79.08127336794908,33.86983723298632,0.0 -79.08127337914996,33.86983736122771,0.0 -79.08128400238614,33.869968772807376,0.0 -79.0812898492807,33.870041105380096,0.0 -79.08088878154014,33.87006366478039,0.0 -79.0808723011527,33.86985979233427,0.0</coordinates>
                    </LinearRing>
                </outerBoundaryIs>
            </Polygon>
        </Placemark>
        <Placemark id="2498127">
            <name>Parcel_270615</name>
            <styleUrl>#2498132</styleUrl>
            <Polygon id="2498126">
                <outerBoundaryIs>
                    <LinearRing id="2498130">
                        <coordinates>-79.08039280073649,33.86813016674654,0.0 -79.08040454994861,33.867951784192144,0.0 -79.08080591359112,33.86797017945983,0.0 -79.08079416520697,33.86814856205156,0.0 -79.08039280073649,33.86813016674654,0.0</coordinates>
                    </LinearRing>
                </outerBoundaryIs>
            </Polygon>
        </Placemark>
        <Placemark id="2498136">
            <name>Parcel_270616</name>
            <styleUrl>#2498141</styleUrl>
            <Polygon id="2498135">
                <outerBoundaryIs>
                    <LinearRing id="2498139">
                        <coordinates>-79.08298556527342,33.87015726509221,0.0 -79.08338793855377,33.870159419963386,0.0 -79.08338647209247,33.870340422057396,0.0 -79.08298417148322,33.87033826741731,0.0 -79.08298556527342,33.87015726509221,0.0</coordinates>
                    </LinearRing>
                </outerBoundaryIs>
            </Polygon>
        </Placemark>
        <Placemark id="2498145">
            <name>Parcel_270617</name>
            <styleUrl>#2498150</styleUrl>
            <Polygon id="2498144">
                <outerBoundaryIs>
                    <LinearRing id="2498148">
                        <coordinates>-79.08139182411801,33.87130254428743,0.0 -79.08137519741688,33.87109687496703,0.0 -79.08141560388728,33.87109460209769,0.0 -79.08147159997148,33.871090688413275,0.0 -79.08152741459622,33.87108526033212,0.0 -79.08158298817254,33.8710783232449,0.0 -79.0816870663638,33.87142153427401,0.0 -79.0814062339231,33.871480790780765,0.0 -79.08139183425845,33.87130267161045,0.0 -79.08139182411801,33.87130254428743,0.0</coordinates>
                    </LinearRing>
                </outerBoundaryIs>
            </Polygon>
        </Placemark>
        <Placemark id="2498154">
            <name>Parcel_270618</name>
            <styleUrl>#2498159</styleUrl>
            <Polygon id="2498153">
                <outerBoundaryIs>
                    <LinearRing id="2498157">
                        <coordinates>-79.08200236893869,33.87099495219612,0.0 -79.08221265939768,33.870950579244436,0.0 -79.08231528140354,33.871288978161026,0.0 -79.08210499019191,33.871333350381974,0.0 -79.08200236893869,33.87099495219612,0.0</coordinates>
                    </LinearRing>
                </outerBoundaryIs>
            </Polygon>
        </Placemark>
        <Placemark id="2498163">
            <name>Parcel_270619</name>
            <styleUrl>#2498168</styleUrl>
            <Polygon id="2498162">
                <outerBoundaryIs>
                    <LinearRing id="2498166">
                        <coordinates>-79.08088606790628,33.86925829657267,0.0 -79.08128743883509,33.86927668939022,0.0 -79.0812874374934,33.869276701093945,0.0 -79.08127299825235,33.86949596058559,0.0 -79.08124726220862,33.869495261636004,0.0 -79.08093739360531,33.869481061347166,0.0 -79.08092714575234,33.86947991412488,0.0 -79.08091723767824,33.8694774427845,0.0 -79.08090791558404,33.86947370976276,0.0 -79.0808994088163,33.86946880609577,0.0 -79.08089192658436,33.86946285317191,0.0 -79.08088565161601,33.86945599632024,0.0 -79.0808807412183,33.86944840572885,0.0 -79.08087731342751,33.86944026721146,0.0 -79.0808754545752,33.86943178232442,0.0 -79.08087521084225,33.86942315921719,0.0 -79.08088606790628,33.86925829657267,0.0</coordinates>
                    </LinearRing>
                </outerBoundaryIs>
            </Polygon>
        </Placemark>
        <Placemark id="2498172">
            <name>Parcel_270620</name>
            <styleUrl>#2498177</styleUrl>
            <Polygon id="2498171">
                <outerBoundaryIs>
                    <LinearRing id="2498175">
                        <coordinates>-79.0739485312312,33.60244566868947,0.0 -79.07387403061105,33.60238808545173,0.0 -79.07392974884641,33.60233760842492,0.0 -79.07381969866609,33.602247617155385,0.0 -79.07373348920116,33.60218154079356,0.0 -79.07372162153325,33.60217237604083,0.0 -79.07369847428156,33.602154742977255,0.0 -79.0736727575087,33.602136333850645,0.0 -79.07367261844941,33.602136237880586,0.0 -79.07365417253652,33.60212374339411,0.0 -79.0736502315964,33.60212114658798,0.0 -79.07364685317728,33.602118941877634,0.0 -79.07364541654842,33.60211801663344,0.0 -79.07364161364359,33.602115561779705,0.0 -79.07364119388929,33.60211529276964,0.0 -79.07364083045739,33.602115059813485,0.0 -79.07364055313528,33.60211488051266,0.0 -79.07363905459593,33.6021139281466,0.0 -79.07359901740213,33.60208962787404,0.0 -79.0735576653035,33.602066922435476,0.0 -79.073515087701,33.60204586283061,0.0 -79.07347137846594,33.60202649291345,0.0 -79.07342663360417,33.60200885747339,0.0 -79.07342657895475,33.602008843091824,0.0 -79.07342659248697,33.602008816244954,0.0 -79.07342667242212,33.6020086632617,0.0 -79.07345317581527,33.60195630109744,0.0 -79.07345714224414,33.60194846475951,0.0 -79.07358781528397,33.60169286104267,0.0 -79.07362683401821,33.601703553321784,0.0 -79.07390397888331,33.60178020766901,0.0 -79.07379794790974,33.60204864814727,0.0 -79.07386637538914,33.60208335481727,0.0 -79.0739365998712,33.602118972467395,0.0 -79.07396043175586,33.60208419137761,0.0 -79.07398221379151,33.60204848089052,0.0 -79.07400189662347,33.602011927724845,0.0 -79.07401943309253,33.60197461682959,0.0 -79.07403478134674,33.601936636844066,0.0 -79.07404141473228,33.601917602208204,0.0 -79.07404722346102,33.6018983788338,0.0 -79.07412663352875,33.60191597924002,0.0 -79.07467769892634,33.602038110891904,0.0 -79.07472375870746,33.60191847072399,0.0 -79.07487445730735,33.60207515595701,0.0 -79.07494298778195,33.60219753499225,0.0 -79.07502557209061,33.60234501013509,0.0 -79.07504763265037,33.602378209579314,0.0 -79.07491838259271,33.602425140799085,0.0 -79.07495226210699,33.60251022322374,0.0 -79.07504159455962,33.6024241581639,0.0 -79.07511658325721,33.60237206709884,0.0 -79.07525142805238,33.60237172556501,0.0 -79.07556356195245,33.602537599372276,0.0 -79.075776219257,33.60270923522975,0.0 -79.0760609337403,33.60293377503039,0.0 -79.07612426374229,33.60300209084477,0.0 -79.07475701075735,33.60303318226117,0.0 -79.07413859466219,33.60304723957818,0.0 -79.07382777864328,33.60305430377836,0.0 -79.07377216834352,33.602933562433705,0.0 -79.07402591322546,33.60249912989402,0.0 -79.07399933639692,33.60248211353704,0.0 -79.07397353000903,33.602464284824705,0.0 -79.0739485312312,33.60244566868947,0.0</coordinates>
                    </LinearRing>
                </outerBoundaryIs>
            </Polygon>
        </Placemark>
        <Placemark id="2498181">
            <name>Parcel_270621</name>
            <styleUrl>#2498186</styleUrl>
            <Polygon id="2498180">
                <outerBoundaryIs>
                    <LinearRing id="2498184">
                        <coordinates>-79.08038598530027,33.870870507240376,0.0 -79.08078705800696,33.87084794948855,0.0 -79.08080146648567,33.871026196070375,0.0 -79.08040039295345,33.87104875386791,0.0 -79.08038598530027,33.870870507240376,0.0</coordinates>
                    </LinearRing>
                </outerBoundaryIs>
            </Polygon>
        </Placemark>
        <Placemark id="2498190">
            <name>Parcel_270622</name>
            <styleUrl>#2498195</styleUrl>
            <Polygon id="2498189">
                <outerBoundaryIs>
                    <LinearRing id="2498193">
                        <coordinates>-79.08300089661952,33.86816623722921,0.0 -79.08340407462538,33.868168396528915,0.0 -79.08340260823184,33.86834939870354,0.0 -79.08299950289367,33.86834723963492,0.0 -79.08300089661952,33.86816623722921,0.0</coordinates>
                    </LinearRing>
                </outerBoundaryIs>
            </Polygon>
        </Placemark>
        <Placemark id="2498199">
            <name>Parcel_270623</name>
            <styleUrl>#2498204</styleUrl>
            <Polygon id="2498198">
                <outerBoundaryIs>
                    <LinearRing id="2498202">
                        <coordinates>-79.08094481024716,33.868366382824114,0.0 -79.0809565583493,33.86818800022675,0.0 -79.08135792320931,33.868206393705165,0.0 -79.08134617593515,33.868384776339894,0.0 -79.08094481024716,33.868366382824114,0.0</coordinates>
                    </LinearRing>
                </outerBoundaryIs>
            </Polygon>
        </Placemark>
        <Placemark id="2498208">
            <name>Parcel_270624</name>
            <styleUrl>#2498213</styleUrl>
            <Polygon id="2498207">
                <outerBoundaryIs>
                    <LinearRing id="2498211">
                        <coordinates>-79.08155964062705,33.87060074026346,0.0 -79.08176727217572,33.87055692935877,0.0 -79.08186585066395,33.870882005666274,0.0 -79.08168302514642,33.870920583022524,0.0 -79.08165816811321,33.87092564639994,0.0 -79.08155964062705,33.87060074026346,0.0</coordinates>
                    </LinearRing>
                </outerBoundaryIs>
            </Polygon>
        </Placemark>
        <Placemark id="2498217">
            <name>Parcel_270625</name>
            <styleUrl>#2498222</styleUrl>
            <Polygon id="2498216">
                <outerBoundaryIs>
                    <LinearRing id="2498220">
                        <coordinates>-79.08088878154014,33.87006366478039,0.0 -79.0812898492807,33.870041105380096,0.0 -79.08130425866412,33.87021935193561,0.0 -79.080903190078,33.87024191228318,0.0 -79.08088878154014,33.87006366478039,0.0</coordinates>
                    </LinearRing>
                </outerBoundaryIs>
            </Polygon>
        </Placemark>
        <Placemark id="2498226">
            <name>Parcel_270626</name>
            <styleUrl>#2498231</styleUrl>
            <Polygon id="2498225">
                <outerBoundaryIs>
                    <LinearRing id="2498229">
                        <coordinates>-79.0829883528563,33.86979525951846,0.0 -79.08339087253866,33.86979741577007,0.0 -79.08338940608971,33.86997841787878,0.0 -79.08298695907783,33.86997626185822,0.0 -79.0829883528563,33.86979525951846,0.0</coordinates>
                    </LinearRing>
                </outerBoundaryIs>
            </Polygon>
        </Placemark>
        <Placemark id="2498235">
            <name>Parcel_270627</name>
            <styleUrl>#2498240</styleUrl>
            <Polygon id="2498234">
                <outerBoundaryIs>
                    <LinearRing id="2498238">
                        <coordinates>-79.08199451678607,33.86963730316904,0.0 -79.08220868107115,33.86963846425695,0.0 -79.08220607010539,33.86997377226425,0.0 -79.08199190496731,33.86997261207344,0.0 -79.08199451678607,33.86963730316904,0.0</coordinates>
                    </LinearRing>
                </outerBoundaryIs>
            </Polygon>
        </Placemark>
        <Placemark id="2498244">
            <name>Parcel_270628</name>
            <styleUrl>#2498249</styleUrl>
            <Polygon id="2498243">
                <outerBoundaryIs>
                    <LinearRing id="2498247">
                        <coordinates>-79.08242646155648,33.86916689402757,0.0 -79.0824269515317,33.86910331410298,0.0 -79.08282891771911,33.86910546907441,0.0 -79.08282748641052,33.86929130407381,0.0 -79.08242862954147,33.869289165675745,0.0 -79.08242551935666,33.869289149097845,0.0 -79.08242646155648,33.86916689402757,0.0</coordinates>
                    </LinearRing>
                </outerBoundaryIs>
            </Polygon>
        </Placemark>
        <Placemark id="2498253">
            <name>Parcel_270629</name>
            <styleUrl>#2498258</styleUrl>
            <Polygon id="2498252">
                <outerBoundaryIs>
                    <LinearRing id="2498256">
                        <coordinates>-79.08222872272496,33.86703739323118,0.0 -79.08244286217912,33.86703860233241,0.0 -79.0824412717218,33.86724497002459,0.0 -79.08244127148114,33.86724498084349,0.0 -79.08244027814173,33.867373910940564,0.0 -79.08222600057518,33.86737270061159,0.0 -79.08222872272496,33.86703739323118,0.0</coordinates>
                    </LinearRing>
                </outerBoundaryIs>
            </Polygon>
        </Placemark>
        <Placemark id="2498262">
            <name>Parcel_270630</name>
            <styleUrl>#2498267</styleUrl>
            <Polygon id="2498261">
                <outerBoundaryIs>
                    <LinearRing id="2498265">
                        <coordinates>-79.08137519741688,33.87109687496703,0.0 -79.08139182411801,33.87130254428743,0.0 -79.08099075053545,33.87132510401143,0.0 -79.0809785584655,33.871174279387105,0.0 -79.0809786737137,33.87116565462948,0.0 -79.08098040591831,33.87115715051972,0.0 -79.08098371147233,33.87114897742374,0.0 -79.08098850914017,33.87114133610549,0.0 -79.08099468119933,33.87113441503923,0.0 -79.08100207466137,33.87112838411516,0.0 -79.08101050779723,33.8711233929368,0.0 -79.08101977354016,33.871119563658524,0.0 -79.08102964382937,33.87111699015126,0.0 -79.081039873973,33.87111573626583,0.0 -79.08137519741688,33.87109687496703,0.0</coordinates>
                    </LinearRing>
                </outerBoundaryIs>
            </Polygon>
        </Placemark>
        <Placemark id="2498271">
            <name>Parcel_270631</name>
            <styleUrl>#2498276</styleUrl>
            <Polygon id="2498270">
                <outerBoundaryIs>
                    <LinearRing id="2498274">
                        <coordinates>-79.08220868107115,33.86963846425695,0.0 -79.08242281836178,33.8696396236549,0.0 -79.08242093526918,33.86988392815662,0.0 -79.08242023416845,33.86997493206814,0.0 -79.08220607010539,33.86997377226425,0.0 -79.08220868107115,33.86963846425695,0.0</coordinates>
                    </LinearRing>
                </outerBoundaryIs>
            </Polygon>
        </Placemark>
        <Placemark id="2498280">
            <name>Parcel_270632</name>
            <styleUrl>#2498285</styleUrl>
            <Polygon id="2498279">
                <outerBoundaryIs>
                    <LinearRing id="2498283">
                        <coordinates>-79.08094641502849,33.8707766520175,0.0 -79.08134748715182,33.87075409245097,0.0 -79.08134749727209,33.87075422067558,0.0 -79.08136411372074,33.87095976179091,0.0 -79.0810287908078,33.87097862306029,0.0 -79.0810184501793,33.87097852691297,0.0 -79.08100825634732,33.87097708201296,0.0 -79.0809984571803,33.87097432466787,0.0 -79.0809892976824,33.870970322706974,0.0 -79.08098100055861,33.870965174278425,0.0 -79.08097377055816,33.870959007014335,0.0 -79.08096778702921,33.87095197250455,0.0 -79.08096319533219,33.870944243457416,0.0 -79.08096011016285,33.870936010144234,0.0 -79.08095860698596,33.87092747665846,0.0 -79.08094641502849,33.8707766520175,0.0</coordinates>
                    </LinearRing>
                </outerBoundaryIs>
            </Polygon>
        </Placemark>
        <Placemark id="2498289">
            <name>Parcel_270633</name>
            <styleUrl>#2498294</styleUrl>
            <Polygon id="2498288">
                <outerBoundaryIs>
                    <LinearRing id="2498292">
                        <coordinates>-79.08036930216629,33.86848693183075,0.0 -79.08038105147567,33.868308549292735,0.0 -79.08078241677414,33.868326944635086,0.0 -79.08077066829273,33.868505327210464,0.0 -79.08036930216629,33.86848693183075,0.0</coordinates>
                    </LinearRing>
                </outerBoundaryIs>
            </Polygon>
        </Placemark>
        <Placemark id="2498298">
            <name>Parcel_270634</name>
            <styleUrl>#2498303</styleUrl>
            <Polygon id="2498297">
                <outerBoundaryIs>
                    <LinearRing id="2498301">
                        <coordinates>-79.08243554329157,33.867988307561525,0.0 -79.08283750428035,33.867990462505595,0.0 -79.08283607302877,33.86817629664968,0.0 -79.0824341111535,33.868174142602626,0.0 -79.08243554329157,33.867988307561525,0.0</coordinates>
                    </LinearRing>
                </outerBoundaryIs>
            </Polygon>
        </Placemark>
        <Placemark id="2498307">
            <name>Parcel_270635</name>
            <styleUrl>#2498312</styleUrl>
            <Polygon id="2498306">
                <outerBoundaryIs>
                    <LinearRing id="2498310">
                        <coordinates>-79.08298417148322,33.87033826741731,0.0 -79.08338647209247,33.870340422057396,0.0 -79.08338500024075,33.87052200667919,0.0 -79.08298275078732,33.87052281282946,0.0 -79.08298417148322,33.87033826741731,0.0</coordinates>
                    </LinearRing>
                </outerBoundaryIs>
            </Polygon>
        </Placemark>
        <Placemark id="2498316">
            <name>Parcel_270636</name>
            <styleUrl>#2498321</styleUrl>
            <Polygon id="2498315">
                <outerBoundaryIs>
                    <LinearRing id="2498319">
                        <coordinates>-79.08032230336168,33.869200461883906,0.0 -79.0803340539464,33.86902207939548,0.0 -79.08073542255681,33.86904047488714,0.0 -79.08072367388093,33.86921885742967,0.0 -79.08032230336168,33.869200461883906,0.0</coordinates>
                    </LinearRing>
                </outerBoundaryIs>
            </Polygon>
        </Placemark>
        <Placemark id="2498325">
            <name>Parcel_270637</name>
            <styleUrl>#2498330</styleUrl>
            <Polygon id="2498324">
                <outerBoundaryIs>
                    <LinearRing id="2498328">
                        <coordinates>-79.08241955916012,33.8700625759532,0.0 -79.0828215298201,33.870064730948116,0.0 -79.08282015345749,33.87024337872514,0.0 -79.08241818196453,33.870241223725856,0.0 -79.08241955916012,33.8700625759532,0.0</coordinates>
                    </LinearRing>
                </outerBoundaryIs>
            </Polygon>
        </Placemark>
        <Placemark id="2498334">
            <name>Parcel_270638</name>
            <styleUrl>#2498339</styleUrl>
            <Polygon id="2498333">
                <outerBoundaryIs>
                    <LinearRing id="2498337">
                        <coordinates>-79.08298974662895,33.869614257171364,0.0 -79.08339233898148,33.86961641365406,0.0 -79.08339087253866,33.86979741577007,0.0 -79.0829883528563,33.86979525951846,0.0 -79.08298974662895,33.869614257171364,0.0</coordinates>
                    </LinearRing>
                </outerBoundaryIs>
            </Polygon>
        </Placemark>
        <Placemark id="2498343">
            <name>Parcel_270639</name>
            <styleUrl>#2498348</styleUrl>
            <Polygon id="2498342">
                <outerBoundaryIs>
                    <LinearRing id="2498346">
                        <coordinates>-79.08096830640282,33.86800961762119,0.0 -79.08098005440773,33.86783123500742,0.0 -79.08138141761184,33.867849628411186,0.0 -79.08136967043485,33.86802801106228,0.0 -79.08096830640282,33.86800961762119,0.0</coordinates>
                    </LinearRing>
                </outerBoundaryIs>
            </Polygon>
        </Placemark>
        <Placemark id="2498352">
            <name>Parcel_270640</name>
            <styleUrl>#2498357</styleUrl>
            <Polygon id="2498351">
                <outerBoundaryIs>
                    <LinearRing id="2498355">
                        <coordinates>-79.08300647038352,33.867442227516506,0.0 -79.08340994227945,33.86744438869215,0.0 -79.0834084759306,33.86762538999448,0.0 -79.08300507668109,33.86762322995148,0.0 -79.08300647038352,33.867442227516506,0.0</coordinates>
                    </LinearRing>
                </outerBoundaryIs>
            </Polygon>
        </Placemark>
        <Placemark id="2498361">
            <name>Parcel_270641</name>
            <styleUrl>#2498366</styleUrl>
            <Polygon id="2498360">
                <outerBoundaryIs>
                    <LinearRing id="2498364">
                        <coordinates>-79.08134748715182,33.87075409245097,0.0 -79.08133885594384,33.870647326940734,0.0 -79.08155964062705,33.87060074026346,0.0 -79.08165816811321,33.87092564639994,0.0 -79.08159539714582,33.87093685613118,0.0 -79.08153212706027,33.87094590980813,0.0 -79.0814684652646,33.87095279105567,0.0 -79.08140451904639,33.87095748890839,0.0 -79.08136411372074,33.87095976179091,0.0 -79.08134749727209,33.87075422067558,0.0 -79.08134748715182,33.87075409245097,0.0</coordinates>
                    </LinearRing>
                </outerBoundaryIs>
            </Polygon>
        </Placemark>
        <Placemark id="2498370">
            <name>Parcel_270642</name>
            <styleUrl>#2498375</styleUrl>
            <Polygon id="2498369">
                <outerBoundaryIs>
                    <LinearRing id="2498373">
                        <coordinates>-79.08041629911214,33.867773401629485,0.0 -79.08042804822703,33.86759501905867,0.0 -79.08082941129442,33.867613414268455,0.0 -79.08081766300745,33.86779179687661,0.0 -79.08041629911214,33.867773401629485,0.0</coordinates>
                    </LinearRing>
                </outerBoundaryIs>
            </Polygon>
        </Placemark>
        <Placemark id="2498379">
            <name>Parcel_270643</name>
            <styleUrl>#2498384</styleUrl>
            <Polygon id="2498378">
                <outerBoundaryIs>
                    <LinearRing id="2498382">
                        <coordinates>-79.08293825764238,33.870675940081476,0.0 -79.08295151326223,33.87065186914352,0.0 -79.08296250599847,33.87062701732646,0.0 -79.08297116983647,33.870601533322365,0.0 -79.08297745493418,33.8705755678773,0.0 -79.08298132325855,33.87054927552748,0.0 -79.08298275078732,33.87052281282946,0.0 -79.08338500024075,33.87052200667919,0.0 -79.08338223099857,33.870863665011015,0.0 -79.08293825764238,33.870675940081476,0.0</coordinates>
                    </LinearRing>
                </outerBoundaryIs>
            </Polygon>
        </Placemark>
        <Placemark id="2498388">
            <name>Parcel_270644</name>
            <styleUrl>#2498393</styleUrl>
            <Polygon id="2498387">
                <outerBoundaryIs>
                    <LinearRing id="2498391">
                        <coordinates>-79.08243697540334,33.867802473414194,0.0 -79.0828389355257,33.86780462835374,0.0 -79.08283750428035,33.867990462505595,0.0 -79.08243554329157,33.867988307561525,0.0 -79.08243697540334,33.867802473414194,0.0</coordinates>
                    </LinearRing>
                </outerBoundaryIs>
            </Polygon>
        </Placemark>
        <Placemark id="2498397">
            <name>Parcel_270645</name>
            <styleUrl>#2498402</styleUrl>
            <Polygon id="2498396">
                <outerBoundaryIs>
                    <LinearRing id="2498400">
                        <coordinates>-79.08127336794908,33.86983723298632,0.0 -79.08125687005625,33.86963313665542,0.0 -79.0812740680689,33.869633396718285,0.0 -79.08150121579072,33.86963462935173,0.0 -79.08149860207341,33.86996993734441,0.0 -79.08128400238614,33.869968772807376,0.0 -79.08127337914996,33.86983736122771,0.0 -79.08127336794908,33.86983723298632,0.0</coordinates>
                    </LinearRing>
                </outerBoundaryIs>
            </Polygon>
        </Placemark>
        <Placemark id="2498406">
            <name>Parcel_270646</name>
            <styleUrl>#2498411</styleUrl>
            <Polygon id="2498405">
                <outerBoundaryIs>
                    <LinearRing id="2498409">
                        <coordinates>-79.08298695907783,33.86997626185822,0.0 -79.08338940608971,33.86997841787878,0.0 -79.08338793855377,33.870159419963386,0.0 -79.08298556527342,33.87015726509221,0.0 -79.08298695907783,33.86997626185822,0.0</coordinates>
                    </LinearRing>
                </outerBoundaryIs>
            </Polygon>
        </Placemark>
        <Placemark id="2498415">
            <name>Parcel_270647</name>
            <styleUrl>#2498420</styleUrl>
            <Polygon id="2498414">
                <outerBoundaryIs>
                    <LinearRing id="2498418">
                        <coordinates>-79.08029880420807,33.869557226869524,0.0 -79.08070017638327,33.869575622489975,0.0 -79.08069549691176,33.869646667363526,0.0 -79.08069445415012,33.869671842706815,0.0 -79.08069464253326,33.869697032615115,0.0 -79.0806960597433,33.86972219556571,0.0 -79.08070060840609,33.86977846891165,0.0 -79.08029954173323,33.86980102640577,0.0 -79.08029028715328,33.86968653457493,0.0 -79.08029880420807,33.869557226869524,0.0</coordinates>
                    </LinearRing>
                </outerBoundaryIs>
            </Polygon>
        </Placemark>
        <Placemark id="2498424">
            <name>Parcel_270648</name>
            <styleUrl>#2498429</styleUrl>
            <Polygon id="2498423">
                <outerBoundaryIs>
                    <LinearRing id="2498427">
                        <coordinates>-79.08125687005625,33.86963313665542,0.0 -79.08127336794908,33.86983723298632,0.0 -79.0808723011527,33.86985979233427,0.0 -79.08085869125155,33.86969142472514,0.0 -79.0808589432614,33.8696701504172,0.0 -79.08086021993047,33.869661564392835,0.0 -79.080863114358,33.86965325595905,0.0 -79.08086755049298,33.86964543588092,0.0 -79.08087341906028,33.86963830178238,0.0 -79.08088056899456,33.86963203440592,0.0 -79.0808888205306,33.86962679240418,0.0 -79.08089796420265,33.86962270871681,0.0 -79.0809077685104,33.869619886179954,0.0 -79.08091798534318,33.869618396708276,0.0 -79.08092835652509,33.869618278690815,0.0 -79.08123822562006,33.86963247900181,0.0 -79.08125687005625,33.86963313665542,0.0</coordinates>
                    </LinearRing>
                </outerBoundaryIs>
            </Polygon>
        </Placemark>
        <Placemark id="2498433">
            <name>Parcel_270649</name>
            <styleUrl>#2498438</styleUrl>
            <Polygon id="2498432">
                <outerBoundaryIs>
                    <LinearRing id="2498436">
                        <coordinates>-79.0809320062918,33.870598405442614,0.0 -79.08133307758963,33.87057584592183,0.0 -79.08133885594384,33.870647326940734,0.0 -79.08134748715182,33.87075409245097,0.0 -79.08094641502849,33.8707766520175,0.0 -79.0809320062918,33.870598405442614,0.0</coordinates>
                    </LinearRing>
                </outerBoundaryIs>
            </Polygon>
        </Placemark>
        <Placemark id="2498442">
            <name>Parcel_270650</name>
            <styleUrl>#2498447</styleUrl>
            <Polygon id="2498441">
                <outerBoundaryIs>
                    <LinearRing id="2498445">
                        <coordinates>-79.08093306209639,33.868544765413304,0.0 -79.08094481024716,33.868366382824114,0.0 -79.08134617593515,33.868384776339894,0.0 -79.08133442861238,33.86856315896639,0.0 -79.08093306209639,33.868544765413304,0.0</coordinates>
                    </LinearRing>
                </outerBoundaryIs>
            </Polygon>
        </Placemark>
        <Placemark id="2498451">
            <name>Parcel_270651</name>
            <styleUrl>#2498456</styleUrl>
            <Polygon id="2498450">
                <outerBoundaryIs>
                    <LinearRing id="2498454">
                        <coordinates>-79.08100355027173,33.86747446975524,0.0 -79.08101083446203,33.86736386603476,0.0 -79.08101145158516,33.86734367242165,0.0 -79.0810106447153,33.86732348380563,0.0 -79.08100841769195,33.86730337059333,0.0 -79.08140741883376,33.86726271959722,0.0 -79.08141098312116,33.867292509115465,0.0 -79.08141296988147,33.86732240136674,0.0 -79.0814133739327,33.86735233764823,0.0 -79.0814121965776,33.86738225935744,0.0 -79.08140491290064,33.86749286310107,0.0 -79.08100355027173,33.86747446975524,0.0</coordinates>
                    </LinearRing>
                </outerBoundaryIs>
            </Polygon>
        </Placemark>
        <Placemark id="2498460">
            <name>Parcel_270652</name>
            <styleUrl>#2498465</styleUrl>
            <Polygon id="2498459">
                <outerBoundaryIs>
                    <LinearRing id="2498463">
                        <coordinates>-79.08299392791177,33.86907125008608,0.0 -79.08339674043455,33.86907340729544,0.0 -79.08339527292941,33.86925440941672,0.0 -79.08299253415669,33.86925225245518,0.0 -79.08299392791177,33.86907125008608,0.0</coordinates>
                    </LinearRing>
                </outerBoundaryIs>
            </Polygon>
        </Placemark>
        <Placemark id="2498469">
            <name>Parcel_270653</name>
            <styleUrl>#2498474</styleUrl>
            <Polygon id="2498468">
                <outerBoundaryIs>
                    <LinearRing id="2498472">
                        <coordinates>-79.08035755280828,33.86866531436054,0.0 -79.08036930216629,33.86848693183075,0.0 -79.08077066829273,33.868505327210464,0.0 -79.08075891976272,33.86868370977757,0.0 -79.08035755280828,33.86866531436054,0.0</coordinates>
                    </LinearRing>
                </outerBoundaryIs>
            </Polygon>
        </Placemark>
        <Placemark id="2498478">
            <name>Parcel_270654</name>
            <styleUrl>#2498483</styleUrl>
            <Polygon id="2498477">
                <outerBoundaryIs>
                    <LinearRing id="2498481">
                        <coordinates>-79.08045384932531,33.871710094017466,0.0 -79.08086537745041,33.871623263599396,0.0 -79.0810250957074,33.871589564037436,0.0 -79.08338037493107,33.87109257915286,0.0 -79.08337998861595,33.871140344271915,0.0 -79.08045752739775,33.871755596158486,0.0 -79.08045384932531,33.871710094017466,0.0</coordinates>
                    </LinearRing>
                </outerBoundaryIs>
            </Polygon>
        </Placemark>
        <Placemark id="2498487">
            <name>Parcel_270655</name>
            <styleUrl>#2498492</styleUrl>
            <Polygon id="2498486">
                <outerBoundaryIs>
                    <LinearRing id="2498490">
                        <coordinates>-79.082998109162,33.868528242033314,0.0 -79.08340114075138,33.86853040085413,0.0 -79.08339967434551,33.86871140301415,0.0 -79.08299671542449,33.86870924442437,0.0 -79.082998109162,33.868528242033314,0.0</coordinates>
                    </LinearRing>
                </outerBoundaryIs>
            </Polygon>
        </Placemark>
        <Placemark id="2498496">
            <name>Parcel_270656</name>
            <styleUrl>#2498501</styleUrl>
            <Polygon id="2498495">
                <outerBoundaryIs>
                    <LinearRing id="2498499">
                        <coordinates>-79.08300507668109,33.86762322995148,0.0 -79.0834084759306,33.86762538999448,0.0 -79.08340700847475,33.86780639217435,0.0 -79.08300368297283,33.86780423237912,0.0 -79.08300507668109,33.86762322995148,0.0</coordinates>
                    </LinearRing>
                </outerBoundaryIs>
            </Polygon>
        </Placemark>
        <Placemark id="2498505">
            <name>Parcel_270657</name>
            <styleUrl>#2498510</styleUrl>
            <Polygon id="2498504">
                <outerBoundaryIs>
                    <LinearRing id="2498508">
                        <coordinates>-79.08242551935666,33.869289149097845,0.0 -79.08242862954147,33.869289165675745,0.0 -79.08282748641052,33.86929130407381,0.0 -79.08282626861657,33.86944940665779,0.0 -79.08282539090499,33.86945800157977,0.0 -79.08282291252215,33.869466376921956,0.0 -79.08281889324097,33.86947432437159,0.0 -79.08281343358446,33.869481650676946,0.0 -79.0828066673603,33.8694881730218,0.0 -79.0827987602592,33.86949373343467,0.0 -79.08278990891453,33.86949819246032,0.0 -79.08278032873254,33.869501441598445,0.0 -79.08277025825585,33.86950340156718,0.0 -79.08275994403203,33.86950402206893,0.0 -79.08242387739155,33.8695022024763,0.0 -79.08242551935666,33.869289149097845,0.0</coordinates>
                    </LinearRing>
                </outerBoundaryIs>
            </Polygon>
        </Placemark>
        <Placemark id="2498514">
            <name>Parcel_270658</name>
            <styleUrl>#2498519</styleUrl>
            <Polygon id="2498513">
                <outerBoundaryIs>
                    <LinearRing id="2498517">
                        <coordinates>-79.08243840750899,33.86761663925922,0.0 -79.08284036678498,33.867618793292664,0.0 -79.0828389355257,33.86780462835374,0.0 -79.08243697540334,33.867802473414194,0.0 -79.08243840750899,33.86761663925922,0.0</coordinates>
                    </LinearRing>
                </outerBoundaryIs>
            </Polygon>
        </Placemark>
        <Placemark id="2498523">
            <name>Parcel_270659</name>
            <styleUrl>#2498528</styleUrl>
            <Polygon id="2498522">
                <outerBoundaryIs>
                    <LinearRing id="2498526">
                        <coordinates>-79.08041480066622,33.871227000486684,0.0 -79.08081587502392,33.87120444264339,0.0 -79.08083028360171,33.87138269010918,0.0 -79.08042920841854,33.87140524799825,0.0 -79.08041480066622,33.871227000486684,0.0</coordinates>
                    </LinearRing>
                </outerBoundaryIs>
            </Polygon>
        </Placemark>
        <Placemark id="2498532">
            <name>Parcel_270660</name>
            <styleUrl>#2498537</styleUrl>
            <Polygon id="2498531">
                <outerBoundaryIs>
                    <LinearRing id="2498535">
                        <coordinates>-79.0824229496402,33.87090620593537,0.0 -79.08263323856536,33.870861833153846,0.0 -79.08273586213659,33.87120023082725,0.0 -79.08252557133791,33.871244604664476,0.0 -79.0824229496402,33.87090620593537,0.0</coordinates>
                    </LinearRing>
                </outerBoundaryIs>
            </Polygon>
        </Placemark>
        <Placemark id="2498541">
            <name>Parcel_270661</name>
            <styleUrl>#2498546</styleUrl>
            <Polygon id="2498540">
                <outerBoundaryIs>
                    <LinearRing id="2498544">
                        <coordinates>-79.08218253247827,33.870469306470795,0.0 -79.082390162313,33.87042549450419,0.0 -79.0824887440806,33.870750570342366,0.0 -79.08228111351303,33.87079438247096,0.0 -79.08218253247827,33.870469306470795,0.0</coordinates>
                    </LinearRing>
                </outerBoundaryIs>
            </Polygon>
        </Placemark>
        <Placemark id="2498550">
            <name>Parcel_270662</name>
            <styleUrl>#2498555</styleUrl>
            <Polygon id="2498549">
                <outerBoundaryIs>
                    <LinearRing id="2498553">
                        <coordinates>-79.08242981582326,33.86873164589332,0.0 -79.08283178029784,33.868733799954065,0.0 -79.08283034900153,33.8689196349689,0.0 -79.08242838368058,33.86891748000202,0.0 -79.08242981582326,33.86873164589332,0.0</coordinates>
                    </LinearRing>
                </outerBoundaryIs>
            </Polygon>
        </Placemark>
        <Placemark id="2498559">
            <name>Parcel_270663</name>
            <styleUrl>#2498564</styleUrl>
            <Polygon id="2498558">
                <outerBoundaryIs>
                    <LinearRing id="2498562">
                        <coordinates>-79.08301065145565,33.866899220167745,0.0 -79.08341434351078,33.86690138206998,0.0 -79.08341287607958,33.86708238427916,0.0 -79.0830092577708,33.867080222624644,0.0 -79.08301065145565,33.866899220167745,0.0</coordinates>
                    </LinearRing>
                </outerBoundaryIs>
            </Polygon>
        </Placemark>
        <Placemark id="2498568">
            <name>Parcel_270664</name>
            <styleUrl>#2498573</styleUrl>
            <Polygon id="2498567">
                <outerBoundaryIs>
                    <LinearRing id="2498571">
                        <coordinates>-79.08158298817254,33.8710783232449,0.0 -79.08163006582015,33.871071232923676,0.0 -79.08167688968398,33.871063059998754,0.0 -79.08172342611624,33.87105381026275,0.0 -79.08179473753532,33.87103876350722,0.0 -79.08189735802571,33.87137716186175,0.0 -79.0816870663638,33.87142153427401,0.0 -79.08158298817254,33.8710783232449,0.0</coordinates>
                    </LinearRing>
                </outerBoundaryIs>
            </Polygon>
        </Placemark>
        <Placemark id="2498577">
            <name>Parcel_270665</name>
            <styleUrl>#2498582</styleUrl>
            <Polygon id="2498576">
                <outerBoundaryIs>
                    <LinearRing id="2498580">
                        <coordinates>-79.08242281836178,33.8696396236549,0.0 -79.0827588941644,33.86964144428572,0.0 -79.08277033044486,33.86964234098645,0.0 -79.0827814058258,33.86964488074894,0.0 -79.08279178469867,33.869648986228356,0.0 -79.08280115089137,33.869654532580704,0.0 -79.08280921947683,33.86966135125331,0.0 -79.08281574748094,33.869669234659796,0.0 -79.08282053478278,33.86967794431095,0.0 -79.08282343590345,33.86968721550655,0.0 -79.08282436306796,33.86969676549985,0.0 -79.08282290509621,33.86988608314719,0.0 -79.08242093526918,33.86988392815662,0.0 -79.08242281836178,33.8696396236549,0.0</coordinates>
                    </LinearRing>
                </outerBoundaryIs>
            </Polygon>
        </Placemark>
        <Placemark id="2498586">
            <name>Parcel_270666</name>
            <styleUrl>#2498591</styleUrl>
            <Polygon id="2498585">
                <outerBoundaryIs>
                    <LinearRing id="2498589">
                        <coordinates>-79.08197490243248,33.870513118088965,0.0 -79.08218253247827,33.870469306470795,0.0 -79.08228111351303,33.87079438247096,0.0 -79.08207348165361,33.870838194234466,0.0 -79.08197490243248,33.870513118088965,0.0</coordinates>
                    </LinearRing>
                </outerBoundaryIs>
            </Polygon>
        </Placemark>
        <Placemark id="2498595">
            <name>Parcel_270667</name>
            <styleUrl>#2498600</styleUrl>
            <Polygon id="2498594">
                <outerBoundaryIs>
                    <LinearRing id="2498598">
                        <coordinates>-79.08178035356745,33.86963614262914,0.0 -79.08199451678607,33.86963730316904,0.0 -79.08199190496731,33.86997261207344,0.0 -79.08177774093585,33.86997145062763,0.0 -79.08178035356745,33.86963614262914,0.0</coordinates>
                    </LinearRing>
                </outerBoundaryIs>
            </Polygon>
        </Placemark>
        <Placemark id="2498604">
            <name>Parcel_270668</name>
            <styleUrl>#2498609</styleUrl>
            <Polygon id="2498603">
                <outerBoundaryIs>
                    <LinearRing id="2498607">
                        <coordinates>-79.08089781733229,33.8690799140331,0.0 -79.08090956564898,33.868901530566994,0.0 -79.08131093382093,33.86891992419471,0.0 -79.08129918635231,33.86909830679659,0.0 -79.08089781733229,33.8690799140331,0.0</coordinates>
                    </LinearRing>
                </outerBoundaryIs>
            </Polygon>
        </Placemark>
        <Placemark id="2498613">
            <name>Parcel_270669</name>
            <styleUrl>#2498618</styleUrl>
            <Polygon id="2498612">
                <outerBoundaryIs>
                    <LinearRing id="2498616">
                        <coordinates>-79.08031055380918,33.86937884438083,0.0 -79.08032230336168,33.869200461883906,0.0 -79.08072367388093,33.86921885742967,0.0 -79.08071192515638,33.86939723996393,0.0 -79.08031055380918,33.86937884438083,0.0</coordinates>
                    </LinearRing>
                </outerBoundaryIs>
            </Polygon>
        </Placemark>
        <Placemark id="2498622">
            <name>Parcel_270670</name>
            <styleUrl>#2498627</styleUrl>
            <Polygon id="2498621">
                <outerBoundaryIs>
                    <LinearRing id="2498625">
                        <coordinates>-79.08088606790628,33.86925829657267,0.0 -79.08089781733229,33.8690799140331,0.0 -79.08129918635231,33.86909830679659,0.0 -79.08129507270812,33.86916076096649,0.0 -79.08128743883509,33.86927668939022,0.0 -79.08088606790628,33.86925829657267,0.0</coordinates>
                    </LinearRing>
                </outerBoundaryIs>
            </Polygon>
        </Placemark>
        <Placemark id="2498631">
            <name>Parcel_270671</name>
            <styleUrl>#2498636</styleUrl>
            <Polygon id="2498630">
                <outerBoundaryIs>
                    <LinearRing id="2498634">
                        <coordinates>-79.08043979729331,33.86741663647965,0.0 -79.08037698314196,33.867354883123156,0.0 -79.08067438118974,33.86712723646295,0.0 -79.08071161989446,33.867154452476,0.0 -79.08053810399882,33.867287271604035,0.0 -79.08064948531774,33.8673885269777,0.0 -79.08082252609815,33.86725607101091,0.0 -79.08083207454885,33.867275120693584,0.0 -79.08083929046865,33.867294871982004,0.0 -79.08084410261718,33.86731512535776,0.0 -79.08084646140975,33.867335679834,0.0 -79.08084634228024,33.86735632759624,0.0 -79.08084115953274,33.86743503165211,0.0 -79.08043979729331,33.86741663647965,0.0</coordinates>
                    </LinearRing>
                </outerBoundaryIs>
            </Polygon>
        </Placemark>
        <Placemark id="2498640">
            <name>Parcel_270672</name>
            <styleUrl>#2498645</styleUrl>
            <Polygon id="2498639">
                <outerBoundaryIs>
                    <LinearRing id="2498643">
                        <coordinates>-79.08242838368058,33.86891748000202,0.0 -79.08283034900153,33.8689196349689,0.0 -79.08282891771911,33.86910546907441,0.0 -79.0824269515317,33.86910331410298,0.0 -79.08242838368058,33.86891748000202,0.0</coordinates>
                    </LinearRing>
                </outerBoundaryIs>
            </Polygon>
        </Placemark>
        <Placemark id="2498649">
            <name>Parcel_270673</name>
            <styleUrl>#2498654</styleUrl>
            <Polygon id="2498648">
                <outerBoundaryIs>
                    <LinearRing id="2498652">
                        <coordinates>-79.08150121579072,33.86963462935173,0.0 -79.08171537900176,33.86963579037408,0.0 -79.08171276719825,33.86997109838792,0.0 -79.08149860207341,33.86996993734441,0.0 -79.08150121579072,33.86963462935173,0.0</coordinates>
                    </LinearRing>
                </outerBoundaryIs>
            </Polygon>
        </Placemark>
        <Placemark id="2498658">
            <name>Parcel_270674</name>
            <styleUrl>#2498663</styleUrl>
            <Polygon id="2498657">
                <outerBoundaryIs>
                    <LinearRing id="2498661">
                        <coordinates>-79.082814057484,33.87079789838699,0.0 -79.0828393295081,33.870781171696954,0.0 -79.08286295580878,33.8707628466438,0.0 -79.0828847890085,33.8707430354873,0.0 -79.08290469668134,33.87072185883549,0.0 -79.0829225558886,33.870699448265945,0.0 -79.08293825764238,33.870675940081476,0.0 -79.08338223099857,33.870863665011015,0.0 -79.08338060525372,33.871064180523184,0.0 -79.08309957310436,33.871123482841426,0.0 -79.082814057484,33.87079789838699,0.0</coordinates>
                    </LinearRing>
                </outerBoundaryIs>
            </Polygon>
        </Placemark>
        <Placemark id="2498667">
            <name>Parcel_270675</name>
            <styleUrl>#2498672</styleUrl>
            <Polygon id="2498666">
                <outerBoundaryIs>
                    <LinearRing id="2498670">
                        <coordinates>-79.08299114039573,33.86943325481694,0.0 -79.0833938064989,33.86943541154743,0.0 -79.08339233898148,33.86961641365406,0.0 -79.08298974662895,33.869614257171364,0.0 -79.08299114039573,33.86943325481694,0.0</coordinates>
                    </LinearRing>
                </outerBoundaryIs>
            </Polygon>
        </Placemark>
        <Placemark id="2498676">
            <name>Parcel_270676</name>
            <styleUrl>#2498681</styleUrl>
            <Polygon id="2498675">
                <outerBoundaryIs>
                    <LinearRing id="2498679">
                        <coordinates>-79.08244286217912,33.86703860233241,0.0 -79.08277894559228,33.867040499845025,0.0 -79.0827903793062,33.867041399215765,0.0 -79.08280145107115,33.86704394073086,0.0 -79.08281182636948,33.86704804706239,0.0 -79.0828211901193,33.86705359338297,0.0 -79.08282925630135,33.867060412024784,0.0 -79.08283578194879,33.867068295401346,0.0 -79.08284056696677,33.86707700412173,0.0 -79.08284346698143,33.86708627260079,0.0 -79.08284439414022,33.86709582169789,0.0 -79.08284322924493,33.86724712495042,0.0 -79.0824412717218,33.86724497002459,0.0 -79.08244286217912,33.86703860233241,0.0</coordinates>
                    </LinearRing>
                </outerBoundaryIs>
            </Polygon>
        </Placemark>
        <Placemark id="2498685">
            <name>Parcel_270677</name>
            <styleUrl>#2498690</styleUrl>
            <Polygon id="2498684">
                <outerBoundaryIs>
                    <LinearRing id="2498688">
                        <coordinates>-79.08299253415669,33.86925225245518,0.0 -79.08339527292941,33.86925440941672,0.0 -79.0833938064989,33.86943541154743,0.0 -79.08299114039573,33.86943325481694,0.0 -79.08299253415669,33.86925225245518,0.0</coordinates>
                    </LinearRing>
                </outerBoundaryIs>
            </Polygon>
        </Placemark>
        <Placemark id="2498694">
            <name>Parcel_270678</name>
            <styleUrl>#2498699</styleUrl>
            <Polygon id="2498693">
                <outerBoundaryIs>
                    <LinearRing id="2498697">
                        <coordinates>-79.08035213192608,33.870451671440314,0.0 -79.08034276271827,33.8703357664034,0.0 -79.08074383294841,33.87031320878881,0.0 -79.0807582412283,33.87049145629857,0.0 -79.08035717017265,33.870514013958875,0.0 -79.08035213192608,33.870451671440314,0.0</coordinates>
                    </LinearRing>
                </outerBoundaryIs>
            </Polygon>
        </Placemark>
        <Placemark id="2498703">
            <name>Parcel_270679</name>
            <styleUrl>#2498708</styleUrl>
            <Polygon id="2498702">
                <outerBoundaryIs>
                    <LinearRing id="2498706">
                        <coordinates>-79.08243983962852,33.867430804194974,0.0 -79.08284179801804,33.867432959125374,0.0 -79.08284036678498,33.867618793292664,0.0 -79.08243840750899,33.86761663925922,0.0 -79.08243983962852,33.867430804194974,0.0</coordinates>
                    </LinearRing>
                </outerBoundaryIs>
            </Polygon>
        </Placemark>
        <Placemark id="2498712">
            <name>Parcel_270680</name>
            <styleUrl>#2498717</styleUrl>
            <Polygon id="2498711">
                <outerBoundaryIs>
                    <LinearRing id="2498715">
                        <coordinates>-79.08179473753532,33.87103876350722,0.0 -79.08200236893869,33.87099495219612,0.0 -79.08210499019191,33.871333350381974,0.0 -79.08189735802571,33.87137716186175,0.0 -79.08179473753532,33.87103876350722,0.0</coordinates>
                    </LinearRing>
                </outerBoundaryIs>
            </Polygon>
        </Placemark>
        <Placemark id="2498721">
            <name>Parcel_270681</name>
            <styleUrl>#2498726</styleUrl>
            <Polygon id="2498720">
                <outerBoundaryIs>
                    <LinearRing id="2498724">
                        <coordinates>-79.08299671542449,33.86870924442437,0.0 -79.08339967434551,33.86871140301415,0.0 -79.08339820685269,33.86889240515009,0.0 -79.08299532166104,33.86889024770968,0.0 -79.08299671542449,33.86870924442437,0.0</coordinates>
                    </LinearRing>
                </outerBoundaryIs>
            </Polygon>
        </Placemark>
        <Placemark id="2498730">
            <name>Parcel_270682</name>
            <styleUrl>#2498735</styleUrl>
            <Polygon id="2498729">
                <outerBoundaryIs>
                    <LinearRing id="2498733">
                        <coordinates>-79.08098005440773,33.86783123500742,0.0 -79.08099180236407,33.8676528523854,0.0 -79.08139316582091,33.86767124576858,0.0 -79.08138141761184,33.867849628411186,0.0 -79.08098005440773,33.86783123500742,0.0</coordinates>
                    </LinearRing>
                </outerBoundaryIs>
            </Polygon>
        </Placemark>
        <Placemark id="2498739">
            <name>Parcel_270683</name>
            <styleUrl>#2498744</styleUrl>
            <Polygon id="2498738">
                <outerBoundaryIs>
                    <LinearRing id="2498742">
                        <coordinates>-79.08035717017265,33.870514013958875,0.0 -79.0807582412283,33.87049145629857,0.0 -79.08077264958781,33.87066970289794,0.0 -79.08037157770667,33.870692260604024,0.0 -79.08036531967953,33.87061482685918,0.0 -79.08035717017265,33.870514013958875,0.0</coordinates>
                    </LinearRing>
                </outerBoundaryIs>
            </Polygon>
        </Placemark>
        <Placemark id="2498748">
            <name>Parcel_270684</name>
            <styleUrl>#2498753</styleUrl>
            <Polygon id="2498747">
                <outerBoundaryIs>
                    <LinearRing id="2498751">
                        <coordinates>-79.08300786408007,33.86726122507422,0.0 -79.08341140972298,33.86726338649769,0.0 -79.08340994227945,33.86744438869215,0.0 -79.08300647038352,33.867442227516506,0.0 -79.08300786408007,33.86726122507422,0.0</coordinates>
                    </LinearRing>
                </outerBoundaryIs>
            </Polygon>
        </Placemark>
        <Placemark id="2498757">
            <name>Parcel_270685</name>
            <styleUrl>#2498762</styleUrl>
            <Polygon id="2498756">
                <outerBoundaryIs>
                    <LinearRing id="2498760">
                        <coordinates>-79.08045159623128,33.87168221877694,0.0 -79.08085727877959,33.87159662177911,0.0 -79.08086537745041,33.871623263599396,0.0 -79.08045384932531,33.871710094017466,0.0 -79.08045159623128,33.87168221877694,0.0</coordinates>
                    </LinearRing>
                </outerBoundaryIs>
            </Polygon>
        </Placemark>
        <Placemark id="2498766">
            <name>Parcel_270686</name>
            <styleUrl>#2498771</styleUrl>
            <Polygon id="2498765">
                <outerBoundaryIs>
                    <LinearRing id="2498769">
                        <coordinates>-79.08284800350226,33.866627275157626,0.0 -79.08284629957384,33.866848462712156,0.0 -79.08284542185069,33.86685705944236,0.0 -79.08284294244375,33.86686543567463,0.0 -79.08283892216481,33.86687338491598,0.0 -79.08283346051311,33.86688071119299,0.0 -79.082826692313,33.86688723441089,0.0 -79.08281878331024,33.86689279389321,0.0 -79.0828099289913,33.8668972528727,0.0 -79.08280034803839,33.86690050109597,0.0 -79.08279027466376,33.86690245921412,0.0 -79.08277995971055,33.866903077897994,0.0 -79.08222342027318,33.866899935715196,0.0 -79.08241315672828,33.86666436084797,0.0 -79.08244557500842,33.86668661619483,0.0 -79.08270851566907,33.86643286374421,0.0 -79.08275792415533,33.86646678363428,0.0 -79.08277596782582,33.86648047125422,0.0 -79.08279230636343,33.8664955764021,0.0 -79.08280678090055,33.86651195051416,0.0 -79.08281924898128,33.86652943626172,0.0 -79.08282959118647,33.86654786134045,0.0 -79.08283770444855,33.866567047386035,0.0 -79.08284351183879,33.86658680741951,0.0 -79.08284695602259,33.866606948451945,0.0 -79.08284800350226,33.866627275157626,0.0</coordinates>
                    </LinearRing>
                </outerBoundaryIs>
            </Polygon>
        </Placemark>
        <Placemark id="2498775">
            <name>Parcel_270687</name>
            <styleUrl>#2498780</styleUrl>
            <Polygon id="2498774">
                <outerBoundaryIs>
                    <LinearRing id="2498778">
                        <coordinates>-79.04243644575796,33.65513352684444,0.0 -79.04255780896132,33.65502897844095,0.0 -79.04272724701222,33.655166533412654,0.0 -79.04260853001318,33.655274673893764,0.0 -79.04243644575796,33.65513352684444,0.0</coordinates>
                    </LinearRing>
                </outerBoundaryIs>
            </Polygon>
        </Placemark>
        <Placemark id="2498784">
            <name>Parcel_270688</name>
            <styleUrl>#2498789</styleUrl>
            <Polygon id="2498783">
                <outerBoundaryIs>
                    <LinearRing id="2498787">
                        <coordinates>-79.08299532166104,33.86889024770968,0.0 -79.08339820685269,33.86889240515009,0.0 -79.08339674043455,33.86907340729544,0.0 -79.08299392791177,33.86907125008608,0.0 -79.08299532166104,33.86889024770968,0.0</coordinates>
                    </LinearRing>
                </outerBoundaryIs>
            </Polygon>
        </Placemark>
        <Placemark id="2498793">
            <name>Parcel_270689</name>
            <styleUrl>#2498798</styleUrl>
            <Polygon id="2498792">
                <outerBoundaryIs>
                    <LinearRing id="2498796">
                        <coordinates>-79.082390162313,33.87042549450419,0.0 -79.0824168047432,33.870419872392915,0.0 -79.08281877708917,33.8704220264951,0.0 -79.0828180082052,33.870521930057116,0.0 -79.08281658147865,33.87054276409479,0.0 -79.08281263628051,33.87056337156397,0.0 -79.08280621408929,33.87058354026121,0.0 -79.08279738112248,33.87060306377707,0.0 -79.08278622615472,33.87062174236446,0.0 -79.08277286480103,33.87063938480839,0.0 -79.08275743301202,33.870655809227436,0.0 -79.08274008911509,33.87067084851664,0.0 -79.08272101277387,33.870684348527654,0.0 -79.08270039630142,33.87069616973811,0.0 -79.08267845428746,33.87070619191005,0.0 -79.08265540850687,33.870714312052684,0.0 -79.08263149758679,33.87072044727773,0.0 -79.0824887440806,33.870750570342366,0.0 -79.082390162313,33.87042549450419,0.0</coordinates>
                    </LinearRing>
                </outerBoundaryIs>
            </Polygon>
        </Placemark>
        <Placemark id="2498802">
            <name>Parcel_270690</name>
            <styleUrl>#2498807</styleUrl>
            <Polygon id="2498801">
                <outerBoundaryIs>
                    <LinearRing id="2498805">
                        <coordinates>-79.08241818196453,33.870241223725856,0.0 -79.08282015345749,33.87024337872514,0.0 -79.08281877708917,33.8704220264951,0.0 -79.0824168047432,33.870419872392915,0.0 -79.08241818196453,33.870241223725856,0.0</coordinates>
                    </LinearRing>
                </outerBoundaryIs>
            </Polygon>
        </Placemark>
        <Placemark id="2498811">
            <name>Parcel_270691</name>
            <styleUrl>#2498816</styleUrl>
            <Polygon id="2498810">
                <outerBoundaryIs>
                    <LinearRing id="2498814">
                        <coordinates>-79.08199815908687,33.86916457350386,0.0 -79.08221232111681,33.86916573456894,0.0 -79.08220971017955,33.86950104261168,0.0 -79.08199554731664,33.86949988154225,0.0 -79.08199815908687,33.86916457350386,0.0</coordinates>
                    </LinearRing>
                </outerBoundaryIs>
            </Polygon>
        </Placemark>
        <Placemark id="2498820">
            <name>Parcel_270692</name>
            <styleUrl>#2498825</styleUrl>
            <Polygon id="2498819">
                <outerBoundaryIs>
                    <LinearRing id="2498823">
                        <coordinates>-79.08150923579997,33.86916192326362,0.0 -79.08129507270812,33.86916076096649,0.0 -79.08129918635231,33.86909830679659,0.0 -79.08131093382093,33.86891992419471,0.0 -79.08132268124099,33.86874154158465,0.0 -79.08133442861238,33.86856315896639,0.0 -79.08134617593515,33.868384776339894,0.0 -79.08135792320931,33.868206393705165,0.0 -79.08136967043485,33.86802801106228,0.0 -79.08138141761184,33.867849628411186,0.0 -79.08139316582091,33.86767124576858,0.0 -79.08140491290064,33.86749286310107,0.0 -79.0814121965776,33.86738225935744,0.0 -79.0814133739327,33.86735233764823,0.0 -79.08141296988147,33.86732240136674,0.0 -79.08141098312116,33.867292509115465,0.0 -79.08140741883376,33.86726271959722,0.0 -79.08140125632752,33.86722808187715,0.0 -79.08139296136558,33.86719375474759,0.0 -79.08138255570087,33.86715982963557,0.0 -79.08137006649,33.867126398051695,0.0 -79.08135552853523,33.86709354801744,0.0 -79.08133897773945,33.867061366669304,0.0 -79.08132046083314,33.867029940409545,0.0 -79.08130002570763,33.86699935205077,0.0 -79.08127772673873,33.86696968450601,0.0 -79.0813086195718,33.86695258522577,0.0 -79.08145673471357,33.86705427084587,0.0 -79.08162209706204,33.86716779639308,0.0 -79.08169510445786,33.86721791749228,0.0 -79.08173162277397,33.86724156950394,0.0 -79.08176969298847,33.86726345348625,0.0 -79.08180919125421,33.867283498976704,0.0 -79.08184999036091,33.86730164087204,0.0 -79.08189195861418,33.867317821215,0.0 -79.0819349609767,33.8673319865059,0.0 -79.08197885896782,33.867344092210914,0.0 -79.08202350860236,33.867354098220545,0.0 -79.08206876893658,33.86736197349149,0.0 -79.08211449134079,33.86736769227292,0.0 -79.08216052920625,33.86737123515881,0.0 -79.08220673464268,33.867372591742246,0.0 -79.08222600057518,33.86737270061159,0.0 -79.08244027814173,33.867373910940564,0.0 -79.08243983962852,33.867430804194974,0.0 -79.08243840750899,33.86761663925922,0.0 -79.08243697540334,33.867802473414194,0.0 -79.08243554329157,33.867988307561525,0.0 -79.0824341111535,33.868174142602626,0.0 -79.08243267902934,33.868359976734475,0.0 -79.082431246899,33.86854581085861,0.0 -79.08242981582326,33.86873164589332,0.0 -79.08242838368058,33.86891748000202,0.0 -79.0824269515317,33.86910331410298,0.0 -79.08242646155648,33.86916689402757,0.0 -79.08221232111681,33.86916573456894,0.0 -79.08199815908687,33.86916457350386,0.0 -79.0817839970426,33.86916341297023,0.0 -79.08178138443944,33.86949872100412,0.0 -79.08172078499798,33.86949839230493,0.0 -79.08172339783683,33.86916308427228,0.0 -79.08150923579997,33.86916192326362,0.0</coordinates>
                    </LinearRing>
                </outerBoundaryIs>
            </Polygon>
        </Placemark>
        <Placemark id="2498829">
            <name>Parcel_270693</name>
            <styleUrl>#2498834</styleUrl>
            <Polygon id="2498828">
                <outerBoundaryIs>
                    <LinearRing id="2498832">
                        <coordinates>-79.08042804822703,33.86759501905867,0.0 -79.08043168866435,33.86753976002533,0.0 -79.08043979729331,33.86741663647965,0.0 -79.08084115953274,33.86743503165211,0.0 -79.08082941129442,33.867613414268455,0.0 -79.08042804822703,33.86759501905867,0.0</coordinates>
                    </LinearRing>
                </outerBoundaryIs>
            </Polygon>
        </Placemark>
        <Placemark id="2498838">
            <name>Parcel_270694</name>
            <styleUrl>#2498843</styleUrl>
            <Polygon id="2498837">
                <outerBoundaryIs>
                    <LinearRing id="2498841">
                        <coordinates>-79.08040039295345,33.87104875386791,0.0 -79.08080146648567,33.871026196070375,0.0 -79.08081587502392,33.87120444264339,0.0 -79.08041480066622,33.871227000486684,0.0 -79.08040039295345,33.87104875386791,0.0</coordinates>
                    </LinearRing>
                </outerBoundaryIs>
            </Polygon>
        </Placemark>
        <Placemark id="2498847">
            <name>Parcel_270695</name>
            <styleUrl>#2498852</styleUrl>
            <Polygon id="2498846">
                <outerBoundaryIs>
                    <LinearRing id="2498850">
                        <coordinates>-79.08244027814173,33.867373910940564,0.0 -79.08244127148114,33.86724498084349,0.0 -79.0824412717218,33.86724497002459,0.0 -79.08284322924493,33.86724712495042,0.0 -79.08284179801804,33.867432959125374,0.0 -79.08243983962852,33.867430804194974,0.0 -79.08244027814173,33.867373910940564,0.0</coordinates>
                    </LinearRing>
                </outerBoundaryIs>
            </Polygon>
        </Placemark>
        <Placemark id="2498856">
            <name>Parcel_270696</name>
            <styleUrl>#2498861</styleUrl>
            <Polygon id="2498855">
                <outerBoundaryIs>
                    <LinearRing id="2498859">
                        <coordinates>-79.08099075053545,33.87132510401143,0.0 -79.08139182411801,33.87130254428743,0.0 -79.08139183425845,33.87130267161045,0.0 -79.0814062339231,33.871480790780765,0.0 -79.0810169959698,33.87156291950593,0.0 -79.08101294308115,33.87154958727238,0.0 -79.08100843348726,33.8715313209593,0.0 -79.08100592245766,33.87151278978611,0.0 -79.08099075053545,33.87132510401143,0.0</coordinates>
                    </LinearRing>
                </outerBoundaryIs>
            </Polygon>
        </Placemark>
        <Placemark id="2498865">
            <name>Parcel_270697</name>
            <styleUrl>#2498870</styleUrl>
            <Polygon id="2498864">
                <outerBoundaryIs>
                    <LinearRing id="2498868">
                        <coordinates>-79.08221232111681,33.86916573456894,0.0 -79.08242646155648,33.86916689402757,0.0 -79.08242551935666,33.869289149097845,0.0 -79.08242387739155,33.8695022024763,0.0 -79.08220971017955,33.86950104261168,0.0 -79.08221232111681,33.86916573456894,0.0</coordinates>
                    </LinearRing>
                </outerBoundaryIs>
            </Polygon>
        </Placemark>
        <Placemark id="2498874">
            <name>Parcel_270698</name>
            <styleUrl>#2498879</styleUrl>
            <Polygon id="2498873">
                <outerBoundaryIs>
                    <LinearRing id="2498877">
                        <coordinates>-79.08038105147567,33.868308549292735,0.0 -79.08039280073649,33.86813016674654,0.0 -79.08079416520697,33.86814856205156,0.0 -79.08078241677414,33.868326944635086,0.0 -79.08038105147567,33.868308549292735,0.0</coordinates>
                    </LinearRing>
                </outerBoundaryIs>
            </Polygon>
        </Placemark>
        <Placemark id="2498883">
            <name>Parcel_270699</name>
            <styleUrl>#2498888</styleUrl>
            <Polygon id="2498882">
                <outerBoundaryIs>
                    <LinearRing id="2498886">
                        <coordinates>-79.0830092577708,33.867080222624644,0.0 -79.08341287607958,33.86708238427916,0.0 -79.08341140972298,33.86726338649769,0.0 -79.08300786408007,33.86726122507422,0.0 -79.0830092577708,33.867080222624644,0.0</coordinates>
                    </LinearRing>
                </outerBoundaryIs>
            </Polygon>
        </Placemark>
    </Document>
</kml>
