<?xml version="1.0" encoding="UTF-8"?>
<kml xmlns="http://www.opengis.net/kml/2.2" xmlns:gx="http://www.google.com/kml/ext/2.2">
    <Document id="350434">
        <Style id="350441">
            <LineStyle id="350443">
                <colorMode>normal</colorMode>
                <width>1</width>
            </LineStyle>
            <PolyStyle id="350442">
                <color>80ee82ee</color>
                <colorMode>normal</colorMode>
                <fill>1</fill>
                <outline>1</outline>
            </PolyStyle>
        </Style>
        <Style id="350450">
            <LineStyle id="350452">
                <colorMode>normal</colorMode>
                <width>1</width>
            </LineStyle>
            <PolyStyle id="350451">
                <color>80ee82ee</color>
                <colorMode>normal</colorMode>
                <fill>1</fill>
                <outline>1</outline>
            </PolyStyle>
        </Style>
        <Style id="350459">
            <LineStyle id="350461">
                <colorMode>normal</colorMode>
                <width>1</width>
            </LineStyle>
            <PolyStyle id="350460">
                <color>80ee82ee</color>
                <colorMode>normal</colorMode>
                <fill>1</fill>
                <outline>1</outline>
            </PolyStyle>
        </Style>
        <Style id="350468">
            <LineStyle id="350470">
                <colorMode>normal</colorMode>
                <width>1</width>
            </LineStyle>
            <PolyStyle id="350469">
                <color>80ee82ee</color>
                <colorMode>normal</colorMode>
                <fill>1</fill>
                <outline>1</outline>
            </PolyStyle>
        </Style>
        <Style id="350477">
            <LineStyle id="350479">
                <colorMode>normal</colorMode>
                <width>1</width>
            </LineStyle>
            <PolyStyle id="350478">
                <color>80ee82ee</color>
                <colorMode>normal</colorMode>
                <fill>1</fill>
                <outline>1</outline>
            </PolyStyle>
        </Style>
        <Style id="350486">
            <LineStyle id="350488">
                <colorMode>normal</colorMode>
                <width>1</width>
            </LineStyle>
            <PolyStyle id="350487">
                <color>80ee82ee</color>
                <colorMode>normal</colorMode>
                <fill>1</fill>
                <outline>1</outline>
            </PolyStyle>
        </Style>
        <Style id="350495">
            <LineStyle id="350497">
                <colorMode>normal</colorMode>
                <width>1</width>
            </LineStyle>
            <PolyStyle id="350496">
                <color>80ee82ee</color>
                <colorMode>normal</colorMode>
                <fill>1</fill>
                <outline>1</outline>
            </PolyStyle>
        </Style>
        <Style id="350504">
            <LineStyle id="350506">
                <colorMode>normal</colorMode>
                <width>1</width>
            </LineStyle>
            <PolyStyle id="350505">
                <color>80ee82ee</color>
                <colorMode>normal</colorMode>
                <fill>1</fill>
                <outline>1</outline>
            </PolyStyle>
        </Style>
        <Style id="350513">
            <LineStyle id="350515">
                <colorMode>normal</colorMode>
                <width>1</width>
            </LineStyle>
            <PolyStyle id="350514">
                <color>80ee82ee</color>
                <colorMode>normal</colorMode>
                <fill>1</fill>
                <outline>1</outline>
            </PolyStyle>
        </Style>
        <Style id="350522">
            <LineStyle id="350524">
                <colorMode>normal</colorMode>
                <width>1</width>
            </LineStyle>
            <PolyStyle id="350523">
                <color>80ee82ee</color>
                <colorMode>normal</colorMode>
                <fill>1</fill>
                <outline>1</outline>
            </PolyStyle>
        </Style>
        <Style id="350531">
            <LineStyle id="350533">
                <colorMode>normal</colorMode>
                <width>1</width>
            </LineStyle>
            <PolyStyle id="350532">
                <color>80ee82ee</color>
                <colorMode>normal</colorMode>
                <fill>1</fill>
                <outline>1</outline>
            </PolyStyle>
        </Style>
        <Style id="350540">
            <LineStyle id="350542">
                <colorMode>normal</colorMode>
                <width>1</width>
            </LineStyle>
            <PolyStyle id="350541">
                <color>80ee82ee</color>
                <colorMode>normal</colorMode>
                <fill>1</fill>
                <outline>1</outline>
            </PolyStyle>
        </Style>
        <Style id="350549">
            <LineStyle id="350551">
                <colorMode>normal</colorMode>
                <width>1</width>
            </LineStyle>
            <PolyStyle id="350550">
                <color>80ee82ee</color>
                <colorMode>normal</colorMode>
                <fill>1</fill>
                <outline>1</outline>
            </PolyStyle>
        </Style>
        <Style id="350558">
            <LineStyle id="350560">
                <colorMode>normal</colorMode>
                <width>1</width>
            </LineStyle>
            <PolyStyle id="350559">
                <color>80ee82ee</color>
                <colorMode>normal</colorMode>
                <fill>1</fill>
                <outline>1</outline>
            </PolyStyle>
        </Style>
        <Style id="350567">
            <LineStyle id="350569">
                <colorMode>normal</colorMode>
                <width>1</width>
            </LineStyle>
            <PolyStyle id="350568">
                <color>80ee82ee</color>
                <colorMode>normal</colorMode>
                <fill>1</fill>
                <outline>1</outline>
            </PolyStyle>
        </Style>
        <Style id="350576">
            <LineStyle id="350578">
                <colorMode>normal</colorMode>
                <width>1</width>
            </LineStyle>
            <PolyStyle id="350577">
                <color>80ee82ee</color>
                <colorMode>normal</colorMode>
                <fill>1</fill>
                <outline>1</outline>
            </PolyStyle>
        </Style>
        <Style id="350585">
            <LineStyle id="350587">
                <colorMode>normal</colorMode>
                <width>1</width>
            </LineStyle>
            <PolyStyle id="350586">
                <color>80ee82ee</color>
                <colorMode>normal</colorMode>
                <fill>1</fill>
                <outline>1</outline>
            </PolyStyle>
        </Style>
        <Style id="350594">
            <LineStyle id="350596">
                <colorMode>normal</colorMode>
                <width>1</width>
            </LineStyle>
            <PolyStyle id="350595">
                <color>80ee82ee</color>
                <colorMode>normal</colorMode>
                <fill>1</fill>
                <outline>1</outline>
            </PolyStyle>
        </Style>
        <Style id="350603">
            <LineStyle id="350605">
                <colorMode>normal</colorMode>
                <width>1</width>
            </LineStyle>
            <PolyStyle id="350604">
                <color>80ee82ee</color>
                <colorMode>normal</colorMode>
                <fill>1</fill>
                <outline>1</outline>
            </PolyStyle>
        </Style>
        <Style id="350612">
            <LineStyle id="350614">
                <colorMode>normal</colorMode>
                <width>1</width>
            </LineStyle>
            <PolyStyle id="350613">
                <color>80ee82ee</color>
                <colorMode>normal</colorMode>
                <fill>1</fill>
                <outline>1</outline>
            </PolyStyle>
        </Style>
        <Style id="350621">
            <LineStyle id="350623">
                <colorMode>normal</colorMode>
                <width>1</width>
            </LineStyle>
            <PolyStyle id="350622">
                <color>80ee82ee</color>
                <colorMode>normal</colorMode>
                <fill>1</fill>
                <outline>1</outline>
            </PolyStyle>
        </Style>
        <Style id="350630">
            <LineStyle id="350632">
                <colorMode>normal</colorMode>
                <width>1</width>
            </LineStyle>
            <PolyStyle id="350631">
                <color>80ee82ee</color>
                <colorMode>normal</colorMode>
                <fill>1</fill>
                <outline>1</outline>
            </PolyStyle>
        </Style>
        <Style id="350639">
            <LineStyle id="350641">
                <colorMode>normal</colorMode>
                <width>1</width>
            </LineStyle>
            <PolyStyle id="350640">
                <color>80ee82ee</color>
                <colorMode>normal</colorMode>
                <fill>1</fill>
                <outline>1</outline>
            </PolyStyle>
        </Style>
        <Style id="350648">
            <LineStyle id="350650">
                <colorMode>normal</colorMode>
                <width>1</width>
            </LineStyle>
            <PolyStyle id="350649">
                <color>80ee82ee</color>
                <colorMode>normal</colorMode>
                <fill>1</fill>
                <outline>1</outline>
            </PolyStyle>
        </Style>
        <Style id="350657">
            <LineStyle id="350659">
                <colorMode>normal</colorMode>
                <width>1</width>
            </LineStyle>
            <PolyStyle id="350658">
                <color>80ee82ee</color>
                <colorMode>normal</colorMode>
                <fill>1</fill>
                <outline>1</outline>
            </PolyStyle>
        </Style>
        <Style id="350666">
            <LineStyle id="350668">
                <colorMode>normal</colorMode>
                <width>1</width>
            </LineStyle>
            <PolyStyle id="350667">
                <color>80ee82ee</color>
                <colorMode>normal</colorMode>
                <fill>1</fill>
                <outline>1</outline>
            </PolyStyle>
        </Style>
        <Style id="350675">
            <LineStyle id="350677">
                <colorMode>normal</colorMode>
                <width>1</width>
            </LineStyle>
            <PolyStyle id="350676">
                <color>80ee82ee</color>
                <colorMode>normal</colorMode>
                <fill>1</fill>
                <outline>1</outline>
            </PolyStyle>
        </Style>
        <Style id="350684">
            <LineStyle id="350686">
                <colorMode>normal</colorMode>
                <width>1</width>
            </LineStyle>
            <PolyStyle id="350685">
                <color>80ee82ee</color>
                <colorMode>normal</colorMode>
                <fill>1</fill>
                <outline>1</outline>
            </PolyStyle>
        </Style>
        <Style id="350693">
            <LineStyle id="350695">
                <colorMode>normal</colorMode>
                <width>1</width>
            </LineStyle>
            <PolyStyle id="350694">
                <color>80ee82ee</color>
                <colorMode>normal</colorMode>
                <fill>1</fill>
                <outline>1</outline>
            </PolyStyle>
        </Style>
        <Style id="350702">
            <LineStyle id="350704">
                <colorMode>normal</colorMode>
                <width>1</width>
            </LineStyle>
            <PolyStyle id="350703">
                <color>80ee82ee</color>
                <colorMode>normal</colorMode>
                <fill>1</fill>
                <outline>1</outline>
            </PolyStyle>
        </Style>
        <Style id="350711">
            <LineStyle id="350713">
                <colorMode>normal</colorMode>
                <width>1</width>
            </LineStyle>
            <PolyStyle id="350712">
                <color>80ee82ee</color>
                <colorMode>normal</colorMode>
                <fill>1</fill>
                <outline>1</outline>
            </PolyStyle>
        </Style>
        <Style id="350720">
            <LineStyle id="350722">
                <colorMode>normal</colorMode>
                <width>1</width>
            </LineStyle>
            <PolyStyle id="350721">
                <color>80ee82ee</color>
                <colorMode>normal</colorMode>
                <fill>1</fill>
                <outline>1</outline>
            </PolyStyle>
        </Style>
        <Style id="350729">
            <LineStyle id="350731">
                <colorMode>normal</colorMode>
                <width>1</width>
            </LineStyle>
            <PolyStyle id="350730">
                <color>80ee82ee</color>
                <colorMode>normal</colorMode>
                <fill>1</fill>
                <outline>1</outline>
            </PolyStyle>
        </Style>
        <Style id="350738">
            <LineStyle id="350740">
                <colorMode>normal</colorMode>
                <width>1</width>
            </LineStyle>
            <PolyStyle id="350739">
                <color>80ee82ee</color>
                <colorMode>normal</colorMode>
                <fill>1</fill>
                <outline>1</outline>
            </PolyStyle>
        </Style>
        <Style id="350747">
            <LineStyle id="350749">
                <colorMode>normal</colorMode>
                <width>1</width>
            </LineStyle>
            <PolyStyle id="350748">
                <color>80ee82ee</color>
                <colorMode>normal</colorMode>
                <fill>1</fill>
                <outline>1</outline>
            </PolyStyle>
        </Style>
        <Style id="350756">
            <LineStyle id="350758">
                <colorMode>normal</colorMode>
                <width>1</width>
            </LineStyle>
            <PolyStyle id="350757">
                <color>80ee82ee</color>
                <colorMode>normal</colorMode>
                <fill>1</fill>
                <outline>1</outline>
            </PolyStyle>
        </Style>
        <Style id="350765">
            <LineStyle id="350767">
                <colorMode>normal</colorMode>
                <width>1</width>
            </LineStyle>
            <PolyStyle id="350766">
                <color>80ee82ee</color>
                <colorMode>normal</colorMode>
                <fill>1</fill>
                <outline>1</outline>
            </PolyStyle>
        </Style>
        <Style id="350774">
            <LineStyle id="350776">
                <colorMode>normal</colorMode>
                <width>1</width>
            </LineStyle>
            <PolyStyle id="350775">
                <color>80ee82ee</color>
                <colorMode>normal</colorMode>
                <fill>1</fill>
                <outline>1</outline>
            </PolyStyle>
        </Style>
        <Style id="350783">
            <LineStyle id="350785">
                <colorMode>normal</colorMode>
                <width>1</width>
            </LineStyle>
            <PolyStyle id="350784">
                <color>80ee82ee</color>
                <colorMode>normal</colorMode>
                <fill>1</fill>
                <outline>1</outline>
            </PolyStyle>
        </Style>
        <Style id="350792">
            <LineStyle id="350794">
                <colorMode>normal</colorMode>
                <width>1</width>
            </LineStyle>
            <PolyStyle id="350793">
                <color>80ee82ee</color>
                <colorMode>normal</colorMode>
                <fill>1</fill>
                <outline>1</outline>
            </PolyStyle>
        </Style>
        <Style id="350801">
            <LineStyle id="350803">
                <colorMode>normal</colorMode>
                <width>1</width>
            </LineStyle>
            <PolyStyle id="350802">
                <color>80ee82ee</color>
                <colorMode>normal</colorMode>
                <fill>1</fill>
                <outline>1</outline>
            </PolyStyle>
        </Style>
        <Style id="350810">
            <LineStyle id="350812">
                <colorMode>normal</colorMode>
                <width>1</width>
            </LineStyle>
            <PolyStyle id="350811">
                <color>80ee82ee</color>
                <colorMode>normal</colorMode>
                <fill>1</fill>
                <outline>1</outline>
            </PolyStyle>
        </Style>
        <Style id="350819">
            <LineStyle id="350821">
                <colorMode>normal</colorMode>
                <width>1</width>
            </LineStyle>
            <PolyStyle id="350820">
                <color>80ee82ee</color>
                <colorMode>normal</colorMode>
                <fill>1</fill>
                <outline>1</outline>
            </PolyStyle>
        </Style>
        <Style id="350828">
            <LineStyle id="350830">
                <colorMode>normal</colorMode>
                <width>1</width>
            </LineStyle>
            <PolyStyle id="350829">
                <color>80ee82ee</color>
                <colorMode>normal</colorMode>
                <fill>1</fill>
                <outline>1</outline>
            </PolyStyle>
        </Style>
        <Style id="350837">
            <LineStyle id="350839">
                <colorMode>normal</colorMode>
                <width>1</width>
            </LineStyle>
            <PolyStyle id="350838">
                <color>80ee82ee</color>
                <colorMode>normal</colorMode>
                <fill>1</fill>
                <outline>1</outline>
            </PolyStyle>
        </Style>
        <Style id="350846">
            <LineStyle id="350848">
                <colorMode>normal</colorMode>
                <width>1</width>
            </LineStyle>
            <PolyStyle id="350847">
                <color>80ee82ee</color>
                <colorMode>normal</colorMode>
                <fill>1</fill>
                <outline>1</outline>
            </PolyStyle>
        </Style>
        <Style id="350855">
            <LineStyle id="350857">
                <colorMode>normal</colorMode>
                <width>1</width>
            </LineStyle>
            <PolyStyle id="350856">
                <color>80ee82ee</color>
                <colorMode>normal</colorMode>
                <fill>1</fill>
                <outline>1</outline>
            </PolyStyle>
        </Style>
        <Style id="350864">
            <LineStyle id="350866">
                <colorMode>normal</colorMode>
                <width>1</width>
            </LineStyle>
            <PolyStyle id="350865">
                <color>80ee82ee</color>
                <colorMode>normal</colorMode>
                <fill>1</fill>
                <outline>1</outline>
            </PolyStyle>
        </Style>
        <Style id="350873">
            <LineStyle id="350875">
                <colorMode>normal</colorMode>
                <width>1</width>
            </LineStyle>
            <PolyStyle id="350874">
                <color>80ee82ee</color>
                <colorMode>normal</colorMode>
                <fill>1</fill>
                <outline>1</outline>
            </PolyStyle>
        </Style>
        <Style id="350882">
            <LineStyle id="350884">
                <colorMode>normal</colorMode>
                <width>1</width>
            </LineStyle>
            <PolyStyle id="350883">
                <color>80ee82ee</color>
                <colorMode>normal</colorMode>
                <fill>1</fill>
                <outline>1</outline>
            </PolyStyle>
        </Style>
        <Style id="350891">
            <LineStyle id="350893">
                <colorMode>normal</colorMode>
                <width>1</width>
            </LineStyle>
            <PolyStyle id="350892">
                <color>80ee82ee</color>
                <colorMode>normal</colorMode>
                <fill>1</fill>
                <outline>1</outline>
            </PolyStyle>
        </Style>
        <Style id="350900">
            <LineStyle id="350902">
                <colorMode>normal</colorMode>
                <width>1</width>
            </LineStyle>
            <PolyStyle id="350901">
                <color>80ee82ee</color>
                <colorMode>normal</colorMode>
                <fill>1</fill>
                <outline>1</outline>
            </PolyStyle>
        </Style>
        <Style id="350909">
            <LineStyle id="350911">
                <colorMode>normal</colorMode>
                <width>1</width>
            </LineStyle>
            <PolyStyle id="350910">
                <color>80ee82ee</color>
                <colorMode>normal</colorMode>
                <fill>1</fill>
                <outline>1</outline>
            </PolyStyle>
        </Style>
        <Style id="350918">
            <LineStyle id="350920">
                <colorMode>normal</colorMode>
                <width>1</width>
            </LineStyle>
            <PolyStyle id="350919">
                <color>80ee82ee</color>
                <colorMode>normal</colorMode>
                <fill>1</fill>
                <outline>1</outline>
            </PolyStyle>
        </Style>
        <Style id="350927">
            <LineStyle id="350929">
                <colorMode>normal</colorMode>
                <width>1</width>
            </LineStyle>
            <PolyStyle id="350928">
                <color>80ee82ee</color>
                <colorMode>normal</colorMode>
                <fill>1</fill>
                <outline>1</outline>
            </PolyStyle>
        </Style>
        <Style id="350936">
            <LineStyle id="350938">
                <colorMode>normal</colorMode>
                <width>1</width>
            </LineStyle>
            <PolyStyle id="350937">
                <color>80ee82ee</color>
                <colorMode>normal</colorMode>
                <fill>1</fill>
                <outline>1</outline>
            </PolyStyle>
        </Style>
        <Style id="350945">
            <LineStyle id="350947">
                <colorMode>normal</colorMode>
                <width>1</width>
            </LineStyle>
            <PolyStyle id="350946">
                <color>80ee82ee</color>
                <colorMode>normal</colorMode>
                <fill>1</fill>
                <outline>1</outline>
            </PolyStyle>
        </Style>
        <Style id="350954">
            <LineStyle id="350956">
                <colorMode>normal</colorMode>
                <width>1</width>
            </LineStyle>
            <PolyStyle id="350955">
                <color>80ee82ee</color>
                <colorMode>normal</colorMode>
                <fill>1</fill>
                <outline>1</outline>
            </PolyStyle>
        </Style>
        <Style id="350963">
            <LineStyle id="350965">
                <colorMode>normal</colorMode>
                <width>1</width>
            </LineStyle>
            <PolyStyle id="350964">
                <color>80ee82ee</color>
                <colorMode>normal</colorMode>
                <fill>1</fill>
                <outline>1</outline>
            </PolyStyle>
        </Style>
        <Style id="350972">
            <LineStyle id="350974">
                <colorMode>normal</colorMode>
                <width>1</width>
            </LineStyle>
            <PolyStyle id="350973">
                <color>80ee82ee</color>
                <colorMode>normal</colorMode>
                <fill>1</fill>
                <outline>1</outline>
            </PolyStyle>
        </Style>
        <Style id="350981">
            <LineStyle id="350983">
                <colorMode>normal</colorMode>
                <width>1</width>
            </LineStyle>
            <PolyStyle id="350982">
                <color>80ee82ee</color>
                <colorMode>normal</colorMode>
                <fill>1</fill>
                <outline>1</outline>
            </PolyStyle>
        </Style>
        <Style id="350990">
            <LineStyle id="350992">
                <colorMode>normal</colorMode>
                <width>1</width>
            </LineStyle>
            <PolyStyle id="350991">
                <color>80ee82ee</color>
                <colorMode>normal</colorMode>
                <fill>1</fill>
                <outline>1</outline>
            </PolyStyle>
        </Style>
        <Style id="350999">
            <LineStyle id="351001">
                <colorMode>normal</colorMode>
                <width>1</width>
            </LineStyle>
            <PolyStyle id="351000">
                <color>80ee82ee</color>
                <colorMode>normal</colorMode>
                <fill>1</fill>
                <outline>1</outline>
            </PolyStyle>
        </Style>
        <Style id="351008">
            <LineStyle id="351010">
                <colorMode>normal</colorMode>
                <width>1</width>
            </LineStyle>
            <PolyStyle id="351009">
                <color>80ee82ee</color>
                <colorMode>normal</colorMode>
                <fill>1</fill>
                <outline>1</outline>
            </PolyStyle>
        </Style>
        <Style id="351017">
            <LineStyle id="351019">
                <colorMode>normal</colorMode>
                <width>1</width>
            </LineStyle>
            <PolyStyle id="351018">
                <color>80ee82ee</color>
                <colorMode>normal</colorMode>
                <fill>1</fill>
                <outline>1</outline>
            </PolyStyle>
        </Style>
        <Style id="351026">
            <LineStyle id="351028">
                <colorMode>normal</colorMode>
                <width>1</width>
            </LineStyle>
            <PolyStyle id="351027">
                <color>80ee82ee</color>
                <colorMode>normal</colorMode>
                <fill>1</fill>
                <outline>1</outline>
            </PolyStyle>
        </Style>
        <Style id="351035">
            <LineStyle id="351037">
                <colorMode>normal</colorMode>
                <width>1</width>
            </LineStyle>
            <PolyStyle id="351036">
                <color>80ee82ee</color>
                <colorMode>normal</colorMode>
                <fill>1</fill>
                <outline>1</outline>
            </PolyStyle>
        </Style>
        <Style id="351044">
            <LineStyle id="351046">
                <colorMode>normal</colorMode>
                <width>1</width>
            </LineStyle>
            <PolyStyle id="351045">
                <color>80ee82ee</color>
                <colorMode>normal</colorMode>
                <fill>1</fill>
                <outline>1</outline>
            </PolyStyle>
        </Style>
        <Style id="351053">
            <LineStyle id="351055">
                <colorMode>normal</colorMode>
                <width>1</width>
            </LineStyle>
            <PolyStyle id="351054">
                <color>80ee82ee</color>
                <colorMode>normal</colorMode>
                <fill>1</fill>
                <outline>1</outline>
            </PolyStyle>
        </Style>
        <Style id="351062">
            <LineStyle id="351064">
                <colorMode>normal</colorMode>
                <width>1</width>
            </LineStyle>
            <PolyStyle id="351063">
                <color>80ee82ee</color>
                <colorMode>normal</colorMode>
                <fill>1</fill>
                <outline>1</outline>
            </PolyStyle>
        </Style>
        <Style id="351071">
            <LineStyle id="351073">
                <colorMode>normal</colorMode>
                <width>1</width>
            </LineStyle>
            <PolyStyle id="351072">
                <color>80ee82ee</color>
                <colorMode>normal</colorMode>
                <fill>1</fill>
                <outline>1</outline>
            </PolyStyle>
        </Style>
        <Style id="351080">
            <LineStyle id="351082">
                <colorMode>normal</colorMode>
                <width>1</width>
            </LineStyle>
            <PolyStyle id="351081">
                <color>80ee82ee</color>
                <colorMode>normal</colorMode>
                <fill>1</fill>
                <outline>1</outline>
            </PolyStyle>
        </Style>
        <Style id="351089">
            <LineStyle id="351091">
                <colorMode>normal</colorMode>
                <width>1</width>
            </LineStyle>
            <PolyStyle id="351090">
                <color>80ee82ee</color>
                <colorMode>normal</colorMode>
                <fill>1</fill>
                <outline>1</outline>
            </PolyStyle>
        </Style>
        <Style id="351098">
            <LineStyle id="351100">
                <colorMode>normal</colorMode>
                <width>1</width>
            </LineStyle>
            <PolyStyle id="351099">
                <color>80ee82ee</color>
                <colorMode>normal</colorMode>
                <fill>1</fill>
                <outline>1</outline>
            </PolyStyle>
        </Style>
        <Style id="351107">
            <LineStyle id="351109">
                <colorMode>normal</colorMode>
                <width>1</width>
            </LineStyle>
            <PolyStyle id="351108">
                <color>80ee82ee</color>
                <colorMode>normal</colorMode>
                <fill>1</fill>
                <outline>1</outline>
            </PolyStyle>
        </Style>
        <Style id="351116">
            <LineStyle id="351118">
                <colorMode>normal</colorMode>
                <width>1</width>
            </LineStyle>
            <PolyStyle id="351117">
                <color>80ee82ee</color>
                <colorMode>normal</colorMode>
                <fill>1</fill>
                <outline>1</outline>
            </PolyStyle>
        </Style>
        <Style id="351125">
            <LineStyle id="351127">
                <colorMode>normal</colorMode>
                <width>1</width>
            </LineStyle>
            <PolyStyle id="351126">
                <color>80ee82ee</color>
                <colorMode>normal</colorMode>
                <fill>1</fill>
                <outline>1</outline>
            </PolyStyle>
        </Style>
        <Style id="351134">
            <LineStyle id="351136">
                <colorMode>normal</colorMode>
                <width>1</width>
            </LineStyle>
            <PolyStyle id="351135">
                <color>80ee82ee</color>
                <colorMode>normal</colorMode>
                <fill>1</fill>
                <outline>1</outline>
            </PolyStyle>
        </Style>
        <Style id="351143">
            <LineStyle id="351145">
                <colorMode>normal</colorMode>
                <width>1</width>
            </LineStyle>
            <PolyStyle id="351144">
                <color>80ee82ee</color>
                <colorMode>normal</colorMode>
                <fill>1</fill>
                <outline>1</outline>
            </PolyStyle>
        </Style>
        <Style id="351152">
            <LineStyle id="351154">
                <colorMode>normal</colorMode>
                <width>1</width>
            </LineStyle>
            <PolyStyle id="351153">
                <color>80ee82ee</color>
                <colorMode>normal</colorMode>
                <fill>1</fill>
                <outline>1</outline>
            </PolyStyle>
        </Style>
        <Placemark id="350436">
            <name>Wetland_38000</name>
            <styleUrl>#350441</styleUrl>
            <Polygon id="350435">
                <outerBoundaryIs>
                    <LinearRing id="350439">
                        <coordinates>-78.781395884837,33.937884012626476,0.0 -78.78137890253561,33.93778607443976,0.0 -78.78138143432129,33.93768848728607,0.0 -78.78140348012111,33.93759125116428,0.0 -78.78144503927338,33.937494368704115,0.0 -78.78152478103955,33.93743071682527,0.0 -78.78162403624872,33.93736741765413,0.0 -78.78164608126349,33.93727018320703,0.0 -78.78170672977724,33.937189915216045,0.0 -78.78182381340056,33.93719202566979,0.0 -78.78194089254637,33.93719413624025,0.0 -78.7820579729667,33.937196245973304,0.0 -78.78217505300067,33.93719835734833,0.0 -78.78229297941223,33.93716793843372,0.0 -78.78237271995873,33.93710428682576,0.0 -78.782490220962,33.9370901320322,0.0 -78.78260772426283,33.93707597656136,0.0 -78.78268746533483,33.93701232577105,0.0 -78.78274811472308,33.936932057532225,0.0 -78.7828656164714,33.936917902516164,0.0 -78.782982696503,33.93692001131504,0.0 -78.78310020013818,33.93690585726332,0.0 -78.78317993995653,33.93684220419901,0.0 -78.78324058724266,33.93676193728479,0.0 -78.78330123713698,33.93668166801249,0.0 -78.78332327987249,33.9365844331639,0.0 -78.78336483650325,33.93648754813326,0.0 -78.78344457528684,33.93642389661388,0.0 -78.7835434061088,33.93637685966657,0.0 -78.78362314463412,33.936313208015456,0.0 -78.78368379144753,33.936232939055344,0.0 -78.7837058357245,33.93613570440122,0.0 -78.7837278771237,33.93603846748664,0.0 -78.78369138121954,33.935940177319424,0.0 -78.78363494901234,33.93585780113979,0.0 -78.78359845096931,33.93575951147782,0.0 -78.7835789356452,33.93575915871923,0.0 -78.78348263793984,33.93570860877286,0.0 -78.78346685791901,33.935666113966235,0.0 -78.78344614035426,33.93561031816329,0.0 -78.7834486694892,33.93551273069559,0.0 -78.78341217184142,33.93541444093053,0.0 -78.78337567555361,33.93531615042243,0.0 -78.78335869132994,33.93521821220597,0.0 -78.7833022601907,33.935135834905964,0.0 -78.78326576417108,33.93503754432744,0.0 -78.78322926677875,33.93493925532413,0.0 -78.783192771139,33.934840963817244,0.0 -78.78313633810687,33.934758586953365,0.0 -78.78309984227562,33.934660297154444,0.0 -78.78306334673245,33.93456200645122,0.0 -78.78304636413569,33.934464068254215,0.0 -78.78300986855501,33.934365778389214,0.0 -78.78293350352654,33.934299314030575,0.0 -78.78291652241762,33.93420137506208,0.0 -78.78295807701758,33.934104490600674,0.0 -78.78303781263004,33.93404083900853,0.0 -78.78313706231076,33.93397753827274,0.0 -78.78321679998801,33.93391388598966,0.0 -78.78329653948282,33.93385023484931,0.0 -78.78337627495306,33.93378658124362,0.0 -78.78345601204451,33.933722929660895,0.0 -78.78351665702024,33.93364266052385,0.0 -78.78351918687898,33.93354507384924,0.0 -78.7835217156596,33.93344748700108,0.0 -78.78352424463024,33.9333498992604,0.0 -78.78352677447003,33.93325231254887,0.0 -78.7835293023562,33.933154724622376,0.0 -78.78353183237968,33.93305713700602,0.0 -78.7835343620042,33.93295955113777,0.0 -78.78353688987147,33.932861963174325,0.0 -78.783539419876,33.9327643755211,0.0 -78.78354194840975,33.93266678945472,0.0 -78.78356399010664,33.93256955229979,0.0 -78.78362463173696,33.93248928354643,0.0 -78.78370437051863,33.932425632172475,0.0 -78.78378410507953,33.93236197921344,0.0 -78.78386384038612,33.93229832723591,0.0 -78.78394357488368,33.932234673276774,0.0 -78.78402373155897,33.93215475626185,0.0 -78.78410346645913,33.932091104102916,0.0 -78.78420229247978,33.93204406650155,0.0 -78.78431936632099,33.93204617413447,0.0 -78.78434374122185,33.93204661288969,0.0 -78.78436141359019,33.93205624817181,0.0 -78.78447239603243,33.93211852138771,0.0 -78.78466392953248,33.932192911063325,0.0 -78.78487872164318,33.93222522008686,0.0 -78.78492228915373,33.93220503753076,0.0 -78.7849777301625,33.93225329153456,0.0 -78.78503416332649,33.932335667765834,0.0 -78.785070660308,33.93243395812682,0.0 -78.78514702318768,33.93250042091228,0.0 -78.78520303551943,33.93259906106645,0.0 -78.78527939867284,33.93266552374993,0.0 -78.78537485771855,33.93274860231048,0.0 -78.78545122223592,33.932815065028585,0.0 -78.78550765396427,33.932897441525704,0.0 -78.78558401981174,33.93296390430414,0.0 -78.7856404498401,33.93304627951772,0.0 -78.78563792459244,33.933143867499595,0.0 -78.78567442290655,33.933242156685786,0.0 -78.785671897695,33.933339744643796,0.0 -78.78570839614326,33.933438033794225,0.0 -78.78572538272726,33.933535972766194,0.0 -78.78576188240618,33.93363426203592,0.0 -78.78579838090873,33.93373255200052,0.0 -78.78585439280121,33.93383119135776,0.0 -78.78585186672345,33.933928779084155,0.0 -78.78586885252194,33.9340267178115,0.0 -78.78590535134218,33.934125007692195,0.0 -78.78598171872669,33.93419147010069,0.0 -78.7860576628808,33.93427419701067,0.0 -78.7861140975694,33.93435657233557,0.0 -78.78619004416767,33.934439299463016,0.0 -78.78619962707536,33.934465103908096,0.0 -78.78623601536172,33.93448994449014,0.0 -78.78633322791781,33.93460557510781,0.0 -78.7865208156132,33.93495235846415,0.0 -78.78669177222149,33.935288868773796,0.0 -78.78675313956275,33.93543795854358,0.0 -78.78671903466345,33.935542841702336,0.0 -78.78670814464337,33.93554120844115,0.0 -78.78645168928279,33.935502712082965,0.0 -78.7861984400825,33.93548188524089,0.0 -78.78584551958372,33.935540624678126,0.0 -78.78549918381968,33.93557757422858,0.0 -78.78536098595947,33.93565592579846,0.0 -78.78527175403944,33.93575905567583,0.0 -78.78526482197192,33.93579013819551,0.0 -78.78531024185116,33.93585643470621,0.0 -78.7852881996483,33.93595366969749,0.0 -78.78526616021361,33.93605090691655,0.0 -78.78522460636744,33.936147791799925,0.0 -78.7851830511501,33.93624467737543,0.0 -78.78510331289283,33.93630832994356,0.0 -78.78502357538125,33.93637198349314,0.0 -78.78496292681623,33.936452251775044,0.0 -78.78488318991914,33.93651590625801,0.0 -78.78480345221297,33.93657955875938,0.0 -78.78472371310878,33.9366432119198,0.0 -78.78468215827554,33.93674009653616,0.0 -78.78460241998076,33.9368037497615,0.0 -78.78452268068052,33.93686740188546,0.0 -78.78442384875574,33.936914439478215,0.0 -78.78436320236982,33.93699470787524,0.0 -78.78430255459116,33.93707497695133,0.0 -78.78424190688429,33.937155245107384,0.0 -78.7842198636658,33.93725248165717,0.0 -78.78415921788012,33.93733275007437,0.0 -78.7840412919461,33.937363170883465,0.0 -78.78396155142217,33.93742682345694,0.0 -78.7838818116439,33.93749047701184,0.0 -78.78382116445096,33.937570744186736,0.0 -78.78376051479337,33.93765101187953,0.0 -78.78371895696264,33.9377478967463,0.0 -78.78369691546307,33.9378451316857,0.0 -78.78361717504269,33.93790878502512,0.0 -78.78351834232849,33.93795582194585,0.0 -78.7834797176653,33.93798665325013,0.0 -78.78347260828367,33.93798652545651,0.0 -78.78340410158147,33.93798529094316,0.0 -78.78328701887129,33.93798318241489,0.0 -78.78316993957941,33.93798107337167,0.0 -78.78305285620267,33.93797896268478,0.0 -78.78293577565523,33.93797685412362,0.0 -78.78281869082655,33.93797474479899,0.0 -78.78268209743851,33.9379722844569,0.0 -78.78256543692669,33.93795390952651,0.0 -78.78244835535804,33.9379518003108,0.0 -78.78233169493173,33.93793342514415,0.0 -78.78221461359635,33.93793131481163,0.0 -78.78209710913518,33.93794546898975,0.0 -78.78198002759176,33.937943359300164,0.0 -78.78186294625104,33.93794124861192,0.0 -78.78174586472026,33.93793913868538,0.0 -78.7816287823203,33.93793702759895,0.0 -78.78151170080218,33.93793491743549,0.0 -78.781395884837,33.937884012626476,0.0</coordinates>
                    </LinearRing>
                </outerBoundaryIs>
            </Polygon>
        </Placemark>
        <Placemark id="350445">
            <name>Wetland_38001</name>
            <styleUrl>#350450</styleUrl>
            <Polygon id="350444">
                <outerBoundaryIs>
                    <LinearRing id="350448">
                        <coordinates>-78.79073349998062,33.940483665174746,0.0 -78.79068765916537,33.94045054988076,0.0 -78.79069520240908,33.94041671826945,0.0 -78.79072978052352,33.940355396202094,0.0 -78.79074563529784,33.94034914018511,0.0 -78.7908384222763,33.94028995777148,0.0 -78.79087726589876,33.94019938212996,0.0 -78.79091610709108,33.94010880702286,0.0 -78.79100889579908,33.940049624777274,0.0 -78.79108383142803,33.9399749082896,0.0 -78.79117661770628,33.939915725577464,0.0 -78.79128646836996,33.93990248550272,0.0 -78.79139631899648,33.93988924532352,0.0 -78.79150577629282,33.93989121037142,0.0 -78.7916152337909,33.93989317443558,0.0 -78.79172469343841,33.93989513871848,0.0 -78.79183414860738,33.939897103133475,0.0 -78.79194360719391,33.939899067048174,0.0 -78.79205267386743,33.939916235473,0.0 -78.79216212907423,33.93991819957768,0.0 -78.79227158877046,33.93992016334311,0.0 -78.79238104740026,33.939922126843996,0.0 -78.79249050369546,33.93992409079919,0.0 -78.79259996233627,33.939926054092936,0.0 -78.79270942098253,33.93992801728312,0.0 -78.79281848640021,33.939945186584545,0.0 -78.79281652501301,33.940021211095484,0.0 -78.79281416824234,33.940112441488125,0.0 -78.79273923218761,33.940187157877986,0.0 -78.79264605671675,33.94026154851233,0.0 -78.7926436999361,33.94035277799343,0.0 -78.79260485828401,33.94044335420675,0.0 -78.79249540125896,33.94044139036218,0.0 -78.79240261535517,33.94050057409103,0.0 -78.79240026023086,33.94059180474212,0.0 -78.79242866264413,33.940622738873714,0.0 -78.7923629883589,33.94062156012785,0.0 -78.79225352875025,33.9406195966133,0.0 -78.7921440691471,33.94061763299524,0.0 -78.79203460954946,33.94061566927365,0.0 -78.79192515444132,33.940613705212876,0.0 -78.79181608614334,33.94059653476324,0.0 -78.79170662765539,33.94059457089247,0.0 -78.79159756137972,33.94057740143885,0.0 -78.79148810399602,33.94057543752244,0.0 -78.79137903799125,33.9405582669821,0.0 -78.79126997056997,33.940541097937924,0.0 -78.79116090660864,33.94052392839364,0.0 -78.7910518407476,33.940506757543574,0.0 -78.79094238240458,33.94050479294957,0.0 -78.79083331408185,33.940487623331144,0.0 -78.79074065392369,33.94048595890025,0.0 -78.79073349998062,33.940483665174746,0.0</coordinates>
                    </LinearRing>
                </outerBoundaryIs>
            </Polygon>
        </Placemark>
        <Placemark id="350454">
            <name>Wetland_38002</name>
            <styleUrl>#350459</styleUrl>
            <Polygon id="350453">
                <outerBoundaryIs>
                    <LinearRing id="350457">
                        <coordinates>-78.79247137153763,33.94233675087855,0.0 -78.79250654988017,33.94229833572051,0.0 -78.79261092651413,33.94233150702164,0.0 -78.7926478188405,33.94235220181853,0.0 -78.79265250959857,33.942359044926015,0.0 -78.79275495973546,33.94241280933881,0.0 -78.79281500390336,33.94250043175437,0.0 -78.79291745414103,33.94255419689327,0.0 -78.7930199068598,33.94260796137964,0.0 -78.79312280530038,33.942644426008314,0.0 -78.79324691109893,33.94266395978918,0.0 -78.7932984717757,33.942679319454314,0.0 -78.79331843963678,33.9426913546638,0.0 -78.79337501712595,33.942747935914404,0.0 -78.79336174992923,33.94285520462079,0.0 -78.79326375952442,33.94293662573119,0.0 -78.79305979884424,33.94311138014675,0.0 -78.7929717224961,33.943143677669916,0.0 -78.7929645463489,33.94314354959472,0.0 -78.79283954495881,33.943158616303585,0.0 -78.79274981675962,33.94318667892759,0.0 -78.79272483288983,33.94316494058564,0.0 -78.79269468445464,33.94313870780129,0.0 -78.7926138830041,33.9430507142816,0.0 -78.79254925423403,33.94300568855082,0.0 -78.79251187931065,33.94297964843645,0.0 -78.7924190074067,33.942914946931126,0.0 -78.79240987385495,33.9429085812921,0.0 -78.79240648881964,33.942889073603524,0.0 -78.792391794465,33.94280440296077,0.0 -78.79239447517223,33.942700596253474,0.0 -78.79243822491472,33.94261483632047,0.0 -78.79244090662581,33.94251102974813,0.0 -78.79244175350102,33.94247817565967,0.0 -78.79245345832196,33.94241709827592,0.0 -78.79247137153763,33.94233675087855,0.0</coordinates>
                    </LinearRing>
                </outerBoundaryIs>
            </Polygon>
        </Placemark>
        <Placemark id="350463">
            <name>Wetland_38003</name>
            <styleUrl>#350468</styleUrl>
            <Polygon id="350462">
                <outerBoundaryIs>
                    <LinearRing id="350466">
                        <coordinates>-78.79468671723991,33.9405760175221,0.0 -78.79479459920759,33.94058922601987,0.0 -78.79490160779409,33.94063624239728,0.0 -78.79499549845967,33.9406675226941,0.0 -78.79499451693032,33.9407055583014,0.0 -78.79499422609601,33.940716827974256,0.0 -78.79496514747841,33.940795232470784,0.0 -78.79485581287254,33.94083837369401,0.0 -78.79474792840679,33.940825164935866,0.0 -78.79461358444266,33.94078893184507,0.0 -78.79450628403984,33.940753183840414,0.0 -78.79449508538332,33.94066278276051,0.0 -78.79459090243675,33.94061940034322,0.0 -78.79468671723991,33.9405760175221,0.0</coordinates>
                    </LinearRing>
                </outerBoundaryIs>
            </Polygon>
        </Placemark>
        <Placemark id="350472">
            <name>Wetland_38004</name>
            <styleUrl>#350477</styleUrl>
            <Polygon id="350471">
                <outerBoundaryIs>
                    <LinearRing id="350475">
                        <coordinates>-78.77962036827306,33.90540562106276,0.0 -78.77992146611822,33.905038278922596,0.0 -78.78024947294945,33.90442738885736,0.0 -78.7803102958364,33.90421066390207,0.0 -78.78038740225071,33.904095511449604,0.0 -78.78050793022875,33.903595946401644,0.0 -78.7805800292497,33.90323165068487,0.0 -78.78059290884204,33.90272338697312,0.0 -78.78048492307917,33.90242952215566,0.0 -78.78040904138618,33.902155496567055,0.0 -78.780280890711,33.901911115867506,0.0 -78.78016555478277,33.901691174080696,0.0 -78.78014873129342,33.90168143880559,0.0 -78.78013446145697,33.90154393607165,0.0 -78.78023913821121,33.90140213062859,0.0 -78.78048444079447,33.901243977201446,0.0 -78.78064597541595,33.901215771035076,0.0 -78.78074316445259,33.90123040019097,0.0 -78.78085378118111,33.901389606995835,0.0 -78.78098193211295,33.901633985302404,0.0 -78.78106651524003,33.90199185443084,0.0 -78.78116216207832,33.90246393235096,0.0 -78.7811744446992,33.90281842151624,0.0 -78.78111266996326,33.90325930136153,0.0 -78.78096240151201,33.90376939458411,0.0 -78.78087708710886,33.90435679012848,0.0 -78.78064641502168,33.90489979946387,0.0 -78.78046369527601,33.905104888494535,0.0 -78.78046019076666,33.90528443243371,0.0 -78.78059583285084,33.90537237553384,0.0 -78.78088094505779,33.90544530015106,0.0 -78.78142567234238,33.90545976002185,0.0 -78.78193356998032,33.90539364550735,0.0 -78.78223513483327,33.905228948388505,0.0 -78.7823704335229,33.90503172654285,0.0 -78.78252589765603,33.90478501802161,0.0 -78.782737348946,33.90469679380668,0.0 -78.78302744748004,33.90466542271611,0.0 -78.78304237572222,33.90466766933313,0.0 -78.78324834655152,33.904698666580714,0.0 -78.78339120729667,33.90479519555007,0.0 -78.78340358677423,33.904822275239916,0.0 -78.78348328632292,33.90499662605406,0.0 -78.78358905529055,33.90517760740455,0.0 -78.78372780591228,33.90533354059501,0.0 -78.78372680223187,33.9054609375977,0.0 -78.78365540097649,33.905518843601314,0.0 -78.78364876319883,33.905524223240924,0.0 -78.78300832737484,33.90557040014365,0.0 -78.78216216591235,33.905638131656936,0.0 -78.78142453034734,33.90566967143344,0.0 -78.78019902606931,33.90580034130925,0.0 -78.77989124878795,33.90582904506945,0.0 -78.77962691026691,33.905826771076896,0.0 -78.77951628738856,33.90577898381013,0.0 -78.7794936280595,33.9057691944579,0.0 -78.77947609091069,33.905684021520756,0.0 -78.77950199249571,33.90556787255537,0.0 -78.77962036827306,33.90540562106276,0.0</coordinates>
                    </LinearRing>
                </outerBoundaryIs>
            </Polygon>
        </Placemark>
        <Placemark id="350481">
            <name>Wetland_38005</name>
            <styleUrl>#350486</styleUrl>
            <Polygon id="350480">
                <outerBoundaryIs>
                    <LinearRing id="350484">
                        <coordinates>-78.78505125817207,33.90291249687927,0.0 -78.78526588499133,33.90294057322224,0.0 -78.78544431846366,33.90299274560238,0.0 -78.78550517632429,33.903020250993485,0.0 -78.78555105179804,33.90305259458678,0.0 -78.7855892685137,33.90310582353862,0.0 -78.78560580322144,33.903152624717656,0.0 -78.78559587899402,33.90321443725828,0.0 -78.78555886359467,33.90325951262848,0.0 -78.78547978825883,33.90332041602541,0.0 -78.78544525344157,33.90333815881417,0.0 -78.78542513892107,33.903341126669744,0.0 -78.78526515773773,33.903404706951505,0.0 -78.7850483222267,33.90347353774509,0.0 -78.78494047797442,33.90352466572759,0.0 -78.78481027040033,33.90355571552631,0.0 -78.78470946449008,33.90357008883609,0.0 -78.78461779473325,33.90360625169125,0.0 -78.7845563651811,33.90360877392484,0.0 -78.78452281690471,33.90360372547187,0.0 -78.78450013817984,33.90358448688377,0.0 -78.78449173992756,33.90353574290835,0.0 -78.78449341651425,33.90352090541251,0.0 -78.78449805872414,33.903504512654294,0.0 -78.78454392110164,33.90336792193732,0.0 -78.78457976700824,33.90327624689627,0.0 -78.78463906457576,33.90321764367078,0.0 -78.78469289920957,33.90318354056368,0.0 -78.78478572987677,33.90306667834861,0.0 -78.78490838211438,33.902954302767434,0.0 -78.78505125817207,33.90291249687927,0.0</coordinates>
                    </LinearRing>
                </outerBoundaryIs>
            </Polygon>
        </Placemark>
        <Placemark id="350490">
            <name>Wetland_38006</name>
            <styleUrl>#350495</styleUrl>
            <Polygon id="350489">
                <outerBoundaryIs>
                    <LinearRing id="350493">
                        <coordinates>-78.78339120729667,33.90479519555007,0.0 -78.78324834655152,33.904698666580714,0.0 -78.78304237572222,33.90466766933313,0.0 -78.78302051941733,33.904615452355976,0.0 -78.78303209960205,33.90453278729777,0.0 -78.78329599346412,33.90417859888301,0.0 -78.78353318764177,33.9039441883457,0.0 -78.78373517529054,33.90386766955861,0.0 -78.78389852003995,33.90384160578656,0.0 -78.78408276000427,33.90393685815249,0.0 -78.7841295111246,33.904095826862886,0.0 -78.78416654962928,33.904298353066,0.0 -78.78404940067549,33.904455166227095,0.0 -78.78388231620073,33.90455944731059,0.0 -78.78367491370902,33.90462952551404,0.0 -78.78350782836254,33.904733806034535,0.0 -78.78340358677423,33.904822275239916,0.0 -78.78339120729667,33.90479519555007,0.0</coordinates>
                    </LinearRing>
                </outerBoundaryIs>
            </Polygon>
        </Placemark>
        <Placemark id="350499">
            <name>Wetland_38007</name>
            <styleUrl>#350504</styleUrl>
            <Polygon id="350498">
                <outerBoundaryIs>
                    <LinearRing id="350502">
                        <coordinates>-78.77795172087347,33.90351422722968,0.0 -78.77796686191117,33.90337723126322,0.0 -78.77798294010672,33.90328785715564,0.0 -78.77803658687976,33.903267944998646,0.0 -78.7780375466135,33.90326758908741,0.0 -78.77808128076882,33.90326151300361,0.0 -78.7781344634329,33.903282179102476,0.0 -78.77816963056276,33.90333178785975,0.0 -78.7781776522001,33.903399468339764,0.0 -78.77818710035844,33.90342621229013,0.0 -78.77821891174305,33.90345632371103,0.0 -78.77827078610973,33.90344830685903,0.0 -78.77831116360797,33.903422732337674,0.0 -78.77837669551866,33.903353463770664,0.0 -78.77845546157961,33.90327669182102,0.0 -78.7785111200576,33.90323442550242,0.0 -78.77861312932879,33.90324345040558,0.0 -78.77872011624525,33.90331653216406,0.0 -78.77873018949415,33.90337502486797,0.0 -78.77872470147952,33.90339249847272,0.0 -78.77870361281296,33.90345965334661,0.0 -78.77861602696693,33.90354142904881,0.0 -78.77851825451258,33.903634331131286,0.0 -78.7783967479446,33.90372999158434,0.0 -78.77830344406992,33.90378558382556,0.0 -78.77819187272851,33.90381943210048,0.0 -78.77810104417199,33.903812089178764,0.0 -78.77803127202493,33.903779429220364,0.0 -78.77800051517198,33.90372731919409,0.0 -78.77796440862393,33.90363008822717,0.0 -78.77795172087347,33.90351422722968,0.0</coordinates>
                    </LinearRing>
                </outerBoundaryIs>
            </Polygon>
        </Placemark>
        <Placemark id="350508">
            <name>Wetland_38008</name>
            <styleUrl>#350513</styleUrl>
            <Polygon id="350507">
                <outerBoundaryIs>
                    <LinearRing id="350511">
                        <coordinates>-78.77766344420776,33.909630776528495,0.0 -78.77759091644778,33.90958219138992,0.0 -78.77738931953135,33.909411164267965,0.0 -78.77728237870222,33.90921499432686,0.0 -78.77728997423291,33.90899667643055,0.0 -78.77725482207215,33.90875504206859,0.0 -78.77720985429224,33.90861884578936,0.0 -78.7772650535576,33.908402066786145,0.0 -78.77731053813699,33.908228842132424,0.0 -78.7773319451958,33.90804073866362,0.0 -78.7773221997237,33.908023856882146,0.0 -78.77760806446194,33.90796975914748,0.0 -78.77781193789029,33.90785414282031,0.0 -78.77805512800202,33.907654406530675,0.0 -78.77822222344663,33.907550134654926,0.0 -78.77833974349578,33.90754531573771,0.0 -78.77851680391912,33.90761135819165,0.0 -78.7786373069807,33.907623871085825,0.0 -78.7787223472801,33.907580399213224,0.0 -78.77879732263251,33.90742849478612,0.0 -78.77884578856272,33.90727260087341,0.0 -78.77892870537522,33.907054366668135,0.0 -78.77896877378572,33.90687469937011,0.0 -78.77891120744572,33.90670284381051,0.0 -78.7788130165962,33.906682437213675,0.0 -78.77865629259888,33.906709489665985,0.0 -78.77853260129869,33.90680341516927,0.0 -78.77837213205983,33.90690868746923,0.0 -78.77819375660869,33.90690997174754,0.0 -78.77805347892296,33.90683258239217,0.0 -78.7780218643131,33.906636497172286,0.0 -78.77813958638767,33.90650791093587,0.0 -78.7783904050779,33.90642749463579,0.0 -78.77868771377797,33.90629217697527,0.0 -78.77881337750291,33.90609725957486,0.0 -78.77883113662733,33.90592548904406,0.0 -78.77875616318532,33.905876571325706,0.0 -78.77951038527445,33.905779905899756,0.0 -78.77951628738856,33.90577898381013,0.0 -78.77962691026691,33.905826771076896,0.0 -78.77989124878795,33.90582904506945,0.0 -78.78019902606931,33.90580034130925,0.0 -78.78142453034734,33.90566967143344,0.0 -78.78216216591235,33.905638131656936,0.0 -78.78300832737484,33.90557040014365,0.0 -78.78364876319883,33.905524223240924,0.0 -78.78365540097649,33.905518843601314,0.0 -78.7838776458524,33.90553849684243,0.0 -78.78406346655578,33.90559709707232,0.0 -78.7840654957932,33.905600964264025,0.0 -78.7840390698161,33.905643017481616,0.0 -78.7840408687696,33.90573406788482,0.0 -78.7840416519905,33.905773605095725,0.0 -78.78398654539946,33.90583061988043,0.0 -78.7838015528798,33.90593554427684,0.0 -78.7835410053238,33.906100584239326,0.0 -78.78348271769258,33.90630627561742,0.0 -78.78357157152902,33.906440453299524,0.0 -78.78199956896735,33.90631052635017,0.0 -78.78199767058149,33.9063104034956,0.0 -78.781995766922,33.906310348991525,0.0 -78.78199386227467,33.906310363482994,0.0 -78.78199196024646,33.90631044569322,0.0 -78.78199006512313,33.90631059626718,0.0 -78.78198817924381,33.906310814647256,0.0 -78.78198630689441,33.90631110147835,0.0 -78.78198445187793,33.906311454603454,0.0 -78.78198261653371,33.90631187346493,0.0 -78.78198080641522,33.90631235798868,0.0 -78.78197902279008,33.906312907455764,0.0 -78.78197727033675,33.90631352075074,0.0 -78.78197555178691,33.906314195555254,0.0 -78.78197387162263,33.90631493163411,0.0 -78.78197223237932,33.90631572754933,0.0 -78.78197063659249,33.90631658186289,0.0 -78.78196908699381,33.906317492256576,0.0 -78.78196758826164,33.90631845761484,0.0 -78.78196614205626,33.906319475458226,0.0 -78.78196475198453,33.906320544509995,0.0 -78.78196341970677,33.90632166229061,0.0 -78.78196214775836,33.906322827362104,0.0 -78.78196093906735,33.90632403652591,0.0 -78.78195979616918,33.90632528834414,0.0 -78.78195872092037,33.90632657945697,0.0 -78.78137205644713,33.90706508165514,0.0 -78.78130171448045,33.906841351368406,0.0 -78.78105559906658,33.90662424038387,0.0 -78.7806780539526,33.90644361684345,0.0 -78.78043528082763,33.9063958222191,0.0 -78.78015497325468,33.90645492190613,0.0 -78.77986550554347,33.906585795236154,0.0 -78.77978335099145,33.90670848313594,0.0 -78.77983363483848,33.906913003416285,0.0 -78.77980449555376,33.90704367107672,0.0 -78.77967650696631,33.907187595480956,0.0 -78.77949008601784,33.90731709745644,0.0 -78.77932476062834,33.90744414745735,0.0 -78.77910313018168,33.90773153831748,0.0 -78.77898388679067,33.90805122275682,0.0 -78.7789177623192,33.9083170029939,0.0 -78.77890233013288,33.90853976797304,0.0 -78.77889848175853,33.90867986939615,0.0 -78.7789585806201,33.908778949826534,0.0 -78.77905313440424,33.90881569143952,0.0 -78.77917905359904,33.908834644864044,0.0 -78.77919559429128,33.90883377651653,0.0 -78.77917163523458,33.908961055922525,0.0 -78.77897238953868,33.90906985901424,0.0 -78.7786447157433,33.909341287513755,0.0 -78.7783460787244,33.909543931337865,0.0 -78.77811867273455,33.909672889673274,0.0 -78.77782332538047,33.90970721235714,0.0 -78.77768845463335,33.909636265453116,0.0 -78.77766344420776,33.909630776528495,0.0</coordinates>
                    </LinearRing>
                </outerBoundaryIs>
            </Polygon>
        </Placemark>
        <Placemark id="350517">
            <name>Wetland_38009</name>
            <styleUrl>#350522</styleUrl>
            <Polygon id="350516">
                <outerBoundaryIs>
                    <LinearRing id="350520">
                        <coordinates>-78.78197537223495,33.90762925575497,0.0 -78.78183827109137,33.90744543396722,0.0 -78.78151616846372,33.907261904166624,0.0 -78.78141915194684,33.90713678498252,0.0 -78.78201721199518,33.90638393798203,0.0 -78.78362197744119,33.90651657216967,0.0 -78.78367801049826,33.90660118820888,0.0 -78.78397393014075,33.90689081788798,0.0 -78.78402608867776,33.907102916854065,0.0 -78.78389343347756,33.90730762778835,0.0 -78.78369200736864,33.90743050415559,0.0 -78.78328629318094,33.90741029997036,0.0 -78.78311451679535,33.90745593650898,0.0 -78.78304318389554,33.907608600763915,0.0 -78.78303548265302,33.90773865883614,0.0 -78.78296413795849,33.907710531690206,0.0 -78.7827800066072,33.90768739629742,0.0 -78.7827375987176,33.907682067852335,0.0 -78.78259832825688,33.90772300730653,0.0 -78.78251273274341,33.90773826200706,0.0 -78.78235368033724,33.907714325695196,0.0 -78.78221627914273,33.907716156675065,0.0 -78.78206142385301,33.90770410569452,0.0 -78.78197537223495,33.90762925575497,0.0</coordinates>
                    </LinearRing>
                </outerBoundaryIs>
            </Polygon>
        </Placemark>
        <Placemark id="350526">
            <name>Wetland_38010</name>
            <styleUrl>#350531</styleUrl>
            <Polygon id="350525">
                <outerBoundaryIs>
                    <LinearRing id="350529">
                        <coordinates>-78.77889848175853,33.90867986939615,0.0 -78.77890233013288,33.90853976797304,0.0 -78.7789177623192,33.9083170029939,0.0 -78.77898388679067,33.90805122275682,0.0 -78.77910313018168,33.90773153831748,0.0 -78.77932476062834,33.90744414745735,0.0 -78.77949008601784,33.90731709745644,0.0 -78.77967650696631,33.907187595480956,0.0 -78.77980449555376,33.90704367107672,0.0 -78.77983363483848,33.906913003416285,0.0 -78.77978335099145,33.90670848313594,0.0 -78.77986550554347,33.906585795236154,0.0 -78.78015497325468,33.90645492190613,0.0 -78.78043528082763,33.9063958222191,0.0 -78.7806780539526,33.90644361684345,0.0 -78.78105559906658,33.90662424038387,0.0 -78.78130171448045,33.906841351368406,0.0 -78.78137205644713,33.90706508165514,0.0 -78.78123152292372,33.90724198252912,0.0 -78.78123055670166,33.907243256384206,0.0 -78.78122965648528,33.907244562008344,0.0 -78.78122882393488,33.90724589692229,0.0 -78.78122805924677,33.90724726024569,0.0 -78.78122736534903,33.90724864878004,0.0 -78.7812267430267,33.907250059004376,0.0 -78.78122619354765,33.90725149019974,0.0 -78.7812257176969,33.907252938845026,0.0 -78.78122531479569,33.907254403018534,0.0 -78.78122498777196,33.90725587952185,0.0 -78.78122473721461,33.907257365714095,0.0 -78.78122456137329,33.90725885951233,0.0 -78.78122446317604,33.90726035771807,0.0 -78.78122444087253,33.90726185824821,0.0 -78.78122449505165,33.907263358462124,0.0 -78.78125237788166,33.90771531008491,0.0 -78.78122974278375,33.9077477519448,0.0 -78.7810995261174,33.90777880005145,0.0 -78.78094523093426,33.907794967197965,0.0 -78.78085356372291,33.907837442233166,0.0 -78.78070614917911,33.90806847958645,0.0 -78.78026288791308,33.90864326478965,0.0 -78.78005648149879,33.90883166026882,0.0 -78.77996425735942,33.908845914723315,0.0 -78.77988417233175,33.90880572551408,0.0 -78.77981911343979,33.90879030525865,0.0 -78.77975461294184,33.90880310527616,0.0 -78.7796364341992,33.908841590098014,0.0 -78.77945805328913,33.9088428761686,0.0 -78.77931766865807,33.90882737372779,0.0 -78.77919559429128,33.90883377651653,0.0 -78.77917905359904,33.908834644864044,0.0 -78.77905313440424,33.90881569143952,0.0 -78.7789585806201,33.908778949826534,0.0 -78.77889848175853,33.90867986939615,0.0</coordinates>
                    </LinearRing>
                </outerBoundaryIs>
            </Polygon>
        </Placemark>
        <Placemark id="350535">
            <name>Wetland_38011</name>
            <styleUrl>#350540</styleUrl>
            <Polygon id="350534">
                <outerBoundaryIs>
                    <LinearRing id="350538">
                        <coordinates>-78.78119071439433,33.90784598276996,0.0 -78.78126109393209,33.90785657515522,0.0 -78.78127389955498,33.908064161738054,0.0 -78.78127429769376,33.90806751146495,0.0 -78.78141991716289,33.90888842116215,0.0 -78.78138904435927,33.908922488201576,0.0 -78.78097613435688,33.90936116423927,0.0 -78.78078971252255,33.9094906682725,0.0 -78.78061907255511,33.909549393784914,0.0 -78.78046244417165,33.90951456611335,0.0 -78.78035959430952,33.90939216956728,0.0 -78.78032964453051,33.9092807449838,0.0 -78.78034122825007,33.90919808068823,0.0 -78.78032984592141,33.909156976291285,0.0 -78.78030222303103,33.90909654816474,0.0 -78.7802234531927,33.908989029712586,0.0 -78.7802285133136,33.90884348397507,0.0 -78.78033672223602,33.90863468334162,0.0 -78.78084028601005,33.90803521059061,0.0 -78.78098395747185,33.907882389587925,0.0 -78.78119071439433,33.90784598276996,0.0</coordinates>
                    </LinearRing>
                </outerBoundaryIs>
            </Polygon>
        </Placemark>
        <Placemark id="350544">
            <name>Wetland_38012</name>
            <styleUrl>#350549</styleUrl>
            <Polygon id="350543">
                <outerBoundaryIs>
                    <LinearRing id="350547">
                        <coordinates>-78.78136082745281,33.90805884771223,0.0 -78.78134972085319,33.90787882245372,0.0 -78.78144972947852,33.90791310058527,0.0 -78.78167784397945,33.90808811107799,0.0 -78.78186497636699,33.90826258120308,0.0 -78.78187206257404,33.908353683214536,0.0 -78.78176152683889,33.90851149012636,0.0 -78.78149357032225,33.90880715403734,0.0 -78.78136082745281,33.90805884771223,0.0</coordinates>
                    </LinearRing>
                </outerBoundaryIs>
            </Polygon>
        </Placemark>
        <Placemark id="350553">
            <name>Wetland_38013</name>
            <styleUrl>#350558</styleUrl>
            <Polygon id="350552">
                <outerBoundaryIs>
                    <LinearRing id="350556">
                        <coordinates>-78.78489479582365,33.90967842255588,0.0 -78.78494043932872,33.909681069906775,0.0 -78.78500050585967,33.90971120849508,0.0 -78.78512777420907,33.90983164681247,0.0 -78.78537419029388,33.910062859993126,0.0 -78.78540303120846,33.910117842450916,0.0 -78.78537089473775,33.91014677005306,0.0 -78.78531936876155,33.910147458305275,0.0 -78.78525118213645,33.910107657238804,0.0 -78.78511488315621,33.90998163992853,0.0 -78.78495555055972,33.909843716537864,0.0 -78.78488246767726,33.90975675312956,0.0 -78.78486265827404,33.909707349872015,0.0 -78.78489479582365,33.90967842255588,0.0</coordinates>
                    </LinearRing>
                </outerBoundaryIs>
            </Polygon>
        </Placemark>
        <Placemark id="350562">
            <name>Wetland_38014</name>
            <styleUrl>#350567</styleUrl>
            <Polygon id="350561">
                <outerBoundaryIs>
                    <LinearRing id="350565">
                        <coordinates>-78.77686535053107,33.909579886164096,0.0 -78.77694022749358,33.90948986757226,0.0 -78.7769511328639,33.90948626699769,0.0 -78.77708071751994,33.9094434896788,0.0 -78.77722828935194,33.90948821394432,0.0 -78.77731706142221,33.90954039741595,0.0 -78.77733123697281,33.9095487288677,0.0 -78.77752519916352,33.90960043604971,0.0 -78.77766344420776,33.909630776528495,0.0 -78.77768845463335,33.909636265453116,0.0 -78.77782332538047,33.90970721235714,0.0 -78.77811867273455,33.909672889673274,0.0 -78.7783460787244,33.909543931337865,0.0 -78.7786447157433,33.909341287513755,0.0 -78.77897238953868,33.90906985901424,0.0 -78.77917163523458,33.908961055922525,0.0 -78.77919857945749,33.90894634250516,0.0 -78.77939208619385,33.90890794216512,0.0 -78.77961984279142,33.908930969223874,0.0 -78.77983070093339,33.9089683326607,0.0 -78.77996946894504,33.90923681638286,0.0 -78.78006473106818,33.90957753230706,0.0 -78.78007414144079,33.90971962793754,0.0 -78.78002577557584,33.90981363821195,0.0 -78.77986231887243,33.90990158015353,0.0 -78.77941787970737,33.91008228239636,0.0 -78.77863558996789,33.91048786274636,0.0 -78.77816939196424,33.91070467717376,0.0 -78.77791314549958,33.91077864965769,0.0 -78.77772879383775,33.91074527158934,0.0 -78.77760353184323,33.910692652580096,0.0 -78.7774868746383,33.910540040289085,0.0 -78.77739009777068,33.910390418602304,0.0 -78.77731740033391,33.91025567568971,0.0 -78.77724647797082,33.91014371005568,0.0 -78.77718759476075,33.910039183738334,0.0 -78.77710397089882,33.90995344045177,0.0 -78.77699616446604,33.909914702354456,0.0 -78.7769106683273,33.90986806849822,0.0 -78.77683863400173,33.90969966405764,0.0 -78.77686535053107,33.909579886164096,0.0</coordinates>
                    </LinearRing>
                </outerBoundaryIs>
            </Polygon>
        </Placemark>
        <Placemark id="350571">
            <name>Wetland_38015</name>
            <styleUrl>#350576</styleUrl>
            <Polygon id="350570">
                <outerBoundaryIs>
                    <LinearRing id="350574">
                        <coordinates>-78.78153513152493,33.90959125181385,0.0 -78.78139717213672,33.909564863075744,0.0 -78.78132992080701,33.90955984756536,0.0 -78.78138047537486,33.90945543267686,0.0 -78.78145954594721,33.9093772980955,0.0 -78.78150104997127,33.909345780834,0.0 -78.78154660035422,33.90960255519128,0.0 -78.78153513152493,33.90959125181385,0.0</coordinates>
                    </LinearRing>
                </outerBoundaryIs>
            </Polygon>
        </Placemark>
        <Placemark id="350580">
            <name>Wetland_38016</name>
            <styleUrl>#350585</styleUrl>
            <Polygon id="350579">
                <outerBoundaryIs>
                    <LinearRing id="350583">
                        <coordinates>-78.78151820957841,33.91074227603421,0.0 -78.78136046262549,33.91065100949675,0.0 -78.78125740993735,33.91065238240589,0.0 -78.78116098472336,33.91065475173811,0.0 -78.78105737317489,33.910627904234495,0.0 -78.78099671267252,33.91050060417909,0.0 -78.78094930600241,33.910375297844766,0.0 -78.78095977569073,33.91023619463152,0.0 -78.7810131962151,33.909996637983134,0.0 -78.7811172439805,33.90976755928885,0.0 -78.78112085112707,33.90975961746777,0.0 -78.78121626185695,33.90963892580942,0.0 -78.78132305597477,33.90955933481317,0.0 -78.78132992080701,33.90955984756536,0.0 -78.78139717213672,33.909564863075744,0.0 -78.78153513152493,33.90959125181385,0.0 -78.78154660035422,33.90960255519128,0.0 -78.7815649749603,33.90970613606054,0.0 -78.78153477280706,33.910759067850684,0.0 -78.78151820957841,33.91074227603421,0.0</coordinates>
                    </LinearRing>
                </outerBoundaryIs>
            </Polygon>
        </Placemark>
        <Placemark id="350589">
            <name>Wetland_38017</name>
            <styleUrl>#350594</styleUrl>
            <Polygon id="350588">
                <outerBoundaryIs>
                    <LinearRing id="350592">
                        <coordinates>-78.78161947880727,33.91084494708529,0.0 -78.78164865483876,33.909827736830294,0.0 -78.78173279663473,33.90996425747315,0.0 -78.78193850462642,33.9102090481439,0.0 -78.78230681342748,33.91052332409504,0.0 -78.7825358518979,33.910878540206376,0.0 -78.7825469388597,33.91110529417625,0.0 -78.78245851386062,33.91137897209948,0.0 -78.78227618826693,33.91158224809992,0.0 -78.78194992915206,33.91172447350844,0.0 -78.78173017652942,33.91173600702682,0.0 -78.78160480989334,33.9113563517286,0.0 -78.78161382883411,33.91104189914862,0.0 -78.78163953071012,33.91099687513948,0.0 -78.78163553167796,33.910861221735566,0.0 -78.78161947880727,33.91084494708529,0.0</coordinates>
                    </LinearRing>
                </outerBoundaryIs>
            </Polygon>
        </Placemark>
        <Placemark id="350598">
            <name>Wetland_38018</name>
            <styleUrl>#350603</styleUrl>
            <Polygon id="350597">
                <outerBoundaryIs>
                    <LinearRing id="350601">
                        <coordinates>-78.78138113092164,33.91203277634238,0.0 -78.78125363705522,33.911867282804366,0.0 -78.78088284167853,33.91122625362039,0.0 -78.78051847894429,33.91070998684171,0.0 -78.7802927908579,33.9105240865101,0.0 -78.78004423662536,33.91031786098083,0.0 -78.77993840157164,33.91017813377158,0.0 -78.77998378190003,33.91006679299573,0.0 -78.78048973410408,33.90985595658622,0.0 -78.78090933300975,33.909755919822565,0.0 -78.7811172439805,33.90976755928885,0.0 -78.7810131962151,33.909996637983134,0.0 -78.78095977569073,33.91023619463152,0.0 -78.78094930600241,33.910375297844766,0.0 -78.78099671267252,33.91050060417909,0.0 -78.78105737317489,33.910627904234495,0.0 -78.78116098472336,33.91065475173811,0.0 -78.78125740993735,33.91065238240589,0.0 -78.78136046262549,33.91065100949675,0.0 -78.78151820957841,33.91074227603421,0.0 -78.78153477280706,33.910759067850684,0.0 -78.78152194100039,33.91120641439801,0.0 -78.7815144239089,33.91122001530703,0.0 -78.7814835125645,33.91132790765973,0.0 -78.78143393782071,33.91142736241618,0.0 -78.78141395451848,33.91148625332472,0.0 -78.78143373515293,33.911551129380335,0.0 -78.78154807547402,33.91165274413947,0.0 -78.7816239905891,33.911687894201435,0.0 -78.78169517975249,33.91190347689606,0.0 -78.78169572576527,33.91190499652816,0.0 -78.78169635297616,33.9119064947178,0.0 -78.78169706090243,33.91190796866286,0.0 -78.78169784672217,33.911909416119116,0.0 -78.78169871034527,33.911910832524164,0.0 -78.78169964962869,33.9119122175554,0.0 -78.78170066126778,33.91191356616662,0.0 -78.78170174565507,33.91191487659727,0.0 -78.78170289996861,33.9119161466032,0.0 -78.78170412051114,33.91191737289856,0.0 -78.78170540660373,33.91191855356157,0.0 -78.78170675522807,33.9119196872283,0.0 -78.78170816288319,33.911920769732745,0.0 -78.78170962742608,33.911921800752346,0.0 -78.78171114730253,33.91192277732384,0.0 -78.78171271735117,33.91192369776075,0.0 -78.78171433475005,33.91192455981875,0.0 -78.78171599842761,33.91192536333668,0.0 -78.78171770254355,33.911926104706225,0.0 -78.78171944622258,33.911926782885814,0.0 -78.78172122391089,33.91192739794957,0.0 -78.78172303278636,33.91192794765308,0.0 -78.78172486983075,33.91192843063238,0.0 -78.7820506712594,33.912007631401295,0.0 -78.78205249849012,33.912008039205276,0.0 -78.7820543463888,33.91200837915632,0.0 -78.78205621174078,33.91200865077055,0.0 -78.78205808918855,33.912008853241716,0.0 -78.78205997678518,33.91200898536711,0.0 -78.78206186858424,33.91200904898116,0.0 -78.78206376283521,33.91200904200093,0.0 -78.78206565378792,33.91200896538059,0.0 -78.78206753929922,33.91200881879773,0.0 -78.78206941488682,33.9120086024875,0.0 -78.78207358586201,33.91201080682441,0.0 -78.78205248622344,33.91203251968479,0.0 -78.781899295819,33.91210512757698,0.0 -78.7816606022213,33.91213110665871,0.0 -78.78148165677308,33.91210417688126,0.0 -78.78138113092164,33.91203277634238,0.0</coordinates>
                    </LinearRing>
                </outerBoundaryIs>
            </Polygon>
        </Placemark>
        <Placemark id="350607">
            <name>Wetland_38019</name>
            <styleUrl>#350612</styleUrl>
            <Polygon id="350606">
                <outerBoundaryIs>
                    <LinearRing id="350610">
                        <coordinates>-78.78471086079101,33.9108376998212,0.0 -78.78492658261693,33.91085327745558,0.0 -78.78508199972745,33.91089354305875,0.0 -78.78518429968209,33.91098771511472,0.0 -78.78524431395331,33.91114867744286,0.0 -78.78520734201976,33.91128379310217,0.0 -78.78508476593667,33.91143416269623,0.0 -78.78484775222731,33.911544806511856,0.0 -78.78466694145624,33.911556991744156,0.0 -78.78448136995998,33.911529069554675,0.0 -78.784319323628,33.91148780492525,0.0 -78.78420609350488,33.91144263230128,0.0 -78.78412544796053,33.91137422662535,0.0 -78.78408821095968,33.91129546975497,0.0 -78.78410641944298,33.911213802691215,0.0 -78.78418250116063,33.91111833581644,0.0 -78.78426875623158,33.91106941482583,0.0 -78.78440924669584,33.91102302933221,0.0 -78.78448346046306,33.91096667028017,0.0 -78.78453779315602,33.91090731973652,0.0 -78.78471086079101,33.9108376998212,0.0</coordinates>
                    </LinearRing>
                </outerBoundaryIs>
            </Polygon>
        </Placemark>
        <Placemark id="350616">
            <name>Wetland_38020</name>
            <styleUrl>#350621</styleUrl>
            <Polygon id="350615">
                <outerBoundaryIs>
                    <LinearRing id="350619">
                        <coordinates>-78.78044011856124,33.91146067682089,0.0 -78.7803100639882,33.911388582819825,0.0 -78.78021285919493,33.91137395302917,0.0 -78.78007133934364,33.911435185020544,0.0 -78.77992098119626,33.91149508754687,0.0 -78.77979726807831,33.91147646770823,0.0 -78.77966883304812,33.91139711361613,0.0 -78.77935672071163,33.91111754628285,0.0 -78.77923725955621,33.91095701137271,0.0 -78.77912191234822,33.91073707009568,0.0 -78.77910127396883,33.91058390527711,0.0 -78.77926869676958,33.91040652533676,0.0 -78.77946411432386,33.91030839030681,0.0 -78.77964246127547,33.91032773086531,0.0 -78.77999180881928,33.91044033315103,0.0 -78.7801981518626,33.91053891595962,0.0 -78.78042041687542,33.91072993018066,0.0 -78.78064888760426,33.91105692956209,0.0 -78.78102172027043,33.91155571111241,0.0 -78.78114813701046,33.91188985859734,0.0 -78.78115360230632,33.91198821664685,0.0 -78.78110132468836,33.91201786415699,0.0 -78.78097848678478,33.91195435938061,0.0 -78.78071850870636,33.91172766210305,0.0 -78.78044011856124,33.91146067682089,0.0</coordinates>
                    </LinearRing>
                </outerBoundaryIs>
            </Polygon>
        </Placemark>
        <Placemark id="350625">
            <name>Wetland_38021</name>
            <styleUrl>#350630</styleUrl>
            <Polygon id="350624">
                <outerBoundaryIs>
                    <LinearRing id="350628">
                        <coordinates>-78.78161382883411,33.91104189914862,0.0 -78.78161947880727,33.91084494708529,0.0 -78.78163553167796,33.910861221735566,0.0 -78.78163953071012,33.91099687513948,0.0 -78.78161382883411,33.91104189914862,0.0</coordinates>
                    </LinearRing>
                </outerBoundaryIs>
            </Polygon>
        </Placemark>
        <Placemark id="350634">
            <name>Wetland_38022</name>
            <styleUrl>#350639</styleUrl>
            <Polygon id="350633">
                <outerBoundaryIs>
                    <LinearRing id="350637">
                        <coordinates>-78.7815144239089,33.91122001530703,0.0 -78.78152194100039,33.91120641439801,0.0 -78.78151753030232,33.91136016243208,0.0 -78.78151813682514,33.91136668499516,0.0 -78.78151904343859,33.91137007392369,0.0 -78.7816239905891,33.911687894201435,0.0 -78.78154807547402,33.91165274413947,0.0 -78.78143373515293,33.911551129380335,0.0 -78.78141395451848,33.91148625332472,0.0 -78.78143393782071,33.91142736241618,0.0 -78.7814835125645,33.91132790765973,0.0 -78.7815144239089,33.91122001530703,0.0</coordinates>
                    </LinearRing>
                </outerBoundaryIs>
            </Polygon>
        </Placemark>
        <Placemark id="350643">
            <name>Wetland_38023</name>
            <styleUrl>#350648</styleUrl>
            <Polygon id="350642">
                <outerBoundaryIs>
                    <LinearRing id="350646">
                        <coordinates>-78.78319102765312,33.91163475934006,0.0 -78.78327842367969,33.91162460001522,0.0 -78.78332018049193,33.91166002201083,0.0 -78.78332442819185,33.91173642068645,0.0 -78.78324175923971,33.91191629640835,0.0 -78.78313346544768,33.91211562477561,0.0 -78.78307457905514,33.91225245730332,0.0 -78.78303183246626,33.91244416567589,0.0 -78.7829598977884,33.91254406716126,0.0 -78.78286806193448,33.91256183004533,0.0 -78.7828412760064,33.912567010878846,0.0 -78.78276268177471,33.91253770164995,0.0 -78.78270729685224,33.91243612358012,0.0 -78.78266563823891,33.912336611912075,0.0 -78.78254355097178,33.91218420329545,0.0 -78.78244205724134,33.912034891626455,0.0 -78.78242601986857,33.911915924816945,0.0 -78.78242867851704,33.911911953385555,0.0 -78.78250047026688,33.911804746888095,0.0 -78.78260169483268,33.91173256284369,0.0 -78.78277339186859,33.9116942949857,0.0 -78.78319102765312,33.91163475934006,0.0</coordinates>
                    </LinearRing>
                </outerBoundaryIs>
            </Polygon>
        </Placemark>
        <Placemark id="350652">
            <name>Wetland_38024</name>
            <styleUrl>#350657</styleUrl>
            <Polygon id="350651">
                <outerBoundaryIs>
                    <LinearRing id="350655">
                        <coordinates>-78.78263375277506,33.912557296399136,0.0 -78.7824823524133,33.91223309460653,0.0 -78.78248173936089,33.91223187058065,0.0 -78.78248105289742,33.91223067280881,0.0 -78.78248029457716,33.91222950425428,0.0 -78.78247946809736,33.91222836820266,0.0 -78.78247857306549,33.912227266414575,0.0 -78.78247761405409,33.91222620321723,0.0 -78.78247659067056,33.91222518037102,0.0 -78.78247550807635,33.912224199562566,0.0 -78.78228437292167,33.91205926470525,0.0 -78.78228187545588,33.91205732313342,0.0 -78.78227838590755,33.91205519678596,0.0 -78.78227352634777,33.91205262863735,0.0 -78.782288539244,33.91202344568952,0.0 -78.78234046168977,33.911949670640325,0.0 -78.78242867851704,33.911911953385555,0.0 -78.78242601986857,33.911915924816945,0.0 -78.78244205724134,33.912034891626455,0.0 -78.78254355097178,33.91218420329545,0.0 -78.78266563823891,33.912336611912075,0.0 -78.78270729685224,33.91243612358012,0.0 -78.78276268177471,33.91253770164995,0.0 -78.7828412760064,33.912567010878846,0.0 -78.78286806193448,33.91256183004533,0.0 -78.78288989847411,33.912603466077925,0.0 -78.78291715036649,33.91273577718044,0.0 -78.78287691745743,33.912916209409005,0.0 -78.78279801317642,33.91307916626887,0.0 -78.78277331532321,33.91309209242783,0.0 -78.78277418375937,33.91306198829408,0.0 -78.78277373022037,33.913057093647744,0.0 -78.78277336171053,33.91305557253456,0.0 -78.78263509239822,33.91256090421742,0.0 -78.78263402297759,33.91255789748627,0.0 -78.78263375277506,33.912557296399136,0.0</coordinates>
                    </LinearRing>
                </outerBoundaryIs>
            </Polygon>
        </Placemark>
        <Placemark id="350661">
            <name>Wetland_38025</name>
            <styleUrl>#350666</styleUrl>
            <Polygon id="350660">
                <outerBoundaryIs>
                    <LinearRing id="350664">
                        <coordinates>-78.78270693239672,33.9131268317601,0.0 -78.78270873850263,33.913064306680646,0.0 -78.78257190236465,33.91257476036275,0.0 -78.78242366523479,33.91225733291538,0.0 -78.78224675205381,33.912104672272555,0.0 -78.78223973716457,33.91209861827425,0.0 -78.78207358586201,33.91201080682441,0.0 -78.78206941488682,33.9120086024875,0.0 -78.7820713332357,33.912008333476244,0.0 -78.7820732350354,33.91200799465041,0.0 -78.78207511687495,33.91200758640642,0.0 -78.78207697427202,33.91200710897956,0.0 -78.7820788046909,33.91200656380793,0.0 -78.7820806023814,33.91200595184555,0.0 -78.7820823658794,33.91200527469185,0.0 -78.7820840905063,33.91200453346222,0.0 -78.78208577265482,33.91200372943342,0.0 -78.78208740852156,33.91200286476245,0.0 -78.78208899683874,33.912001940168345,0.0 -78.782090532535,33.91200095852702,0.0 -78.78209201414634,33.911999921437705,0.0 -78.78209343699409,33.911998830016024,0.0 -78.78209479902517,33.911997688501806,0.0 -78.78209609790034,33.911996497452925,0.0 -78.78209733069139,33.911995260067755,0.0 -78.78209849466634,33.91199397866466,0.0 -78.78209958709336,33.91199265556173,0.0 -78.78210060718727,33.91199129428009,0.0 -78.78210155134094,33.91198989609637,0.0 -78.78210241876921,33.91198846453169,0.0 -78.78210320761542,33.91198700294567,0.0 -78.78210391621916,33.9119855138178,0.0 -78.7821045416523,33.91198400034667,0.0 -78.78210508566526,33.91198246461521,0.0 -78.78210554493737,33.911980911582425,0.0 -78.78210591820077,33.911979341967296,0.0 -78.78210620661704,33.91197776049356,0.0 -78.7821064083296,33.91197617052095,0.0 -78.78210652382106,33.91197457485141,0.0 -78.78210655143113,33.91197297596456,0.0 -78.78210649251768,33.911971377703814,0.0 -78.78210634629554,33.911969783590145,0.0 -78.78210611324745,33.91196819642554,0.0 -78.78210579385612,33.91196661901206,0.0 -78.78210538947936,33.911965055193136,0.0 -78.78210489952838,33.91196350760948,0.0 -78.78211457501202,33.91196862098178,0.0 -78.78227352634777,33.91205262863735,0.0 -78.78227838590755,33.91205519678596,0.0 -78.78228187545588,33.91205732313342,0.0 -78.78228437292167,33.91205926470525,0.0 -78.78247550807635,33.912224199562566,0.0 -78.78247659067056,33.91222518037102,0.0 -78.78247761405409,33.91222620321723,0.0 -78.78247857306549,33.912227266414575,0.0 -78.78247946809736,33.91222836820266,0.0 -78.78248029457716,33.91222950425428,0.0 -78.78248105289742,33.91223067280881,0.0 -78.78248173936089,33.91223187058065,0.0 -78.7824823524133,33.91223309460653,0.0 -78.78263375277506,33.912557296399136,0.0 -78.78263402297759,33.91255789748627,0.0 -78.78263509239822,33.91256090421742,0.0 -78.78277336171053,33.91305557253456,0.0 -78.78277373022037,33.913057093647744,0.0 -78.78277418375937,33.91306198829408,0.0 -78.78277331532321,33.91309209242783,0.0 -78.78276751694716,33.91329301972138,0.0 -78.7827674436952,33.913294286943184,0.0 -78.78276729727557,33.9132955495233,0.0 -78.78276707827705,33.913296804820995,0.0 -78.78276678816378,33.913298051237014,0.0 -78.78276642684558,33.91329928420892,0.0 -78.78276599471508,33.913300501976146,0.0 -78.7827654936289,33.91330170117903,0.0 -78.78276492271173,33.91330288077603,0.0 -78.78276428635601,33.913304035969425,0.0 -78.78262575451905,33.91354023622139,0.0 -78.78262450580179,33.91354216083078,0.0 -78.78262188868914,33.91354529514703,0.0 -78.78218022321713,33.91400143137541,0.0 -78.782179542008,33.914002112188754,0.0 -78.78217758472547,33.91400384191961,0.0 -78.78170938638738,33.91438284396569,0.0 -78.78170728700553,33.914384401282945,0.0 -78.78170571790075,33.91438540337044,0.0 -78.7808871530429,33.914876291723175,0.0 -78.78077809736533,33.9150329816033,0.0 -78.78085469640159,33.915347321588435,0.0 -78.78085487276219,33.915348105069086,0.0 -78.78085532260639,33.91535190833811,0.0 -78.78086179009519,33.91556070893601,0.0 -78.78086179157545,33.91556201833703,0.0 -78.78086171568981,33.91556332701262,0.0 -78.78086156127655,33.91556463023899,0.0 -78.78086132999616,33.9155659255368,0.0 -78.78086102224134,33.915567211145444,0.0 -78.78086063918988,33.915568481783495,0.0 -78.78086018103808,33.91556973657077,0.0 -78.78085964876746,33.91557097110606,0.0 -78.78085904296701,33.91557218274858,0.0 -78.78085836763664,33.9155733684612,0.0 -78.78085762102579,33.9155745261609,0.0 -78.78085680840232,33.915575652091476,0.0 -78.78085592908732,33.91557674433131,0.0 -78.7808549858128,33.91557780056212,0.0 -78.78085398043557,33.91557881742415,0.0 -78.7808529167593,33.915579792760525,0.0 -78.78085179644451,33.91558072409178,0.0 -78.78059082796733,33.91578728405033,0.0 -78.78053849563842,33.915855214318285,0.0 -78.78053199243523,33.91606760260154,0.0 -78.78053191004894,33.91606895032915,0.0 -78.78053174445562,33.916070293722775,0.0 -78.78053149790472,33.91607162766221,0.0 -78.7805311697173,33.916072950225775,0.0 -78.78053076087492,33.916074257012255,0.0 -78.7805302717702,33.91607554626118,0.0 -78.78052970572416,33.91607681301365,0.0 -78.78052906225419,33.916078054467604,0.0 -78.78052834409232,33.91607926830489,0.0 -78.78052755202388,33.91608045100457,0.0 -78.7804417323673,33.91620134580157,0.0 -78.78043841556884,33.91620518813306,0.0 -78.78043481263532,33.91620816313948,0.0 -78.78017751816174,33.91638965315961,0.0 -78.78017624197268,33.91639049370415,0.0 -78.7801749157871,33.91639128032539,0.0 -78.78017354321231,33.91639201174684,0.0 -78.78017212805197,33.916392685811395,0.0 -78.780170672842,33.91639330108128,0.0 -78.78016918245766,33.916393855560784,0.0 -78.78016766050625,33.91639434797321,0.0 -78.7801661095237,33.916394776880665,0.0 -78.78016453506424,33.916395142209176,0.0 -78.78016294093155,33.91639544180188,0.0 -78.78016132946507,33.916395675101114,0.0 -78.78015970621915,33.91639584203291,0.0 -78.78015807460483,33.91639594220085,0.0 -78.78015643910476,33.91639597536983,0.0 -78.77959391374533,33.91639577740072,0.0 -78.77882449019344,33.916868297525404,0.0 -78.77882107330522,33.91687013505871,0.0 -78.77881907073458,33.91687099454616,0.0 -78.77869387009345,33.91692039496005,0.0 -78.77869233347076,33.9169209679381,0.0 -78.7786907628526,33.91692147484388,0.0 -78.77868916291806,33.91692191456211,0.0 -78.7786875372745,33.91692228581621,0.0 -78.77868589060098,33.91692258749077,0.0 -78.7786842263086,33.916922819189416,0.0 -78.77868255014802,33.916922979958045,0.0 -78.77868086660195,33.916923069561626,0.0 -78.77867917908141,33.91692308760368,0.0 -78.7786774931408,33.91692303401042,0.0 -78.77867581306644,33.91692290942703,0.0 -78.77867414226938,33.91692271345707,0.0 -78.77867248610765,33.916922446906945,0.0 -78.77867084993916,33.91692211058308,0.0 -78.77866923590712,33.91692170480798,0.0 -78.77866765024469,33.91692123142969,0.0 -78.77866609597038,33.916920691812216,0.0 -78.7786645773705,33.91692008660063,0.0 -78.77866309960665,33.9169194174817,0.0 -78.77866166530461,33.91691868757995,0.0 -78.77866027875079,33.91691789754045,0.0 -78.77865894403513,33.9169170488886,0.0 -78.77865766465865,33.91691614579051,0.0 -78.77865644363989,33.916915189610215,0.0 -78.77865528380083,33.91691418259201,0.0 -78.77865418883886,33.91691312802185,0.0 -78.77865316157606,33.91691202814392,0.0 -78.77865220570978,33.91691088624413,0.0 -78.77865132172265,33.91690970512437,0.0 -78.77865051331194,33.91690848807064,0.0 -78.77864978290714,33.91690723908759,0.0 -78.77864913225869,33.91690596025836,0.0 -78.7786485616529,33.91690465526518,0.0 -78.77864807459069,33.916903328273946,0.0 -78.77864767135834,33.916901982967104,0.0 -78.7786473537064,33.91690062142759,0.0 -78.7786471215284,33.91689924909807,0.0 -78.77864697550322,33.916897867900346,0.0 -78.77864691786401,33.91689648271944,0.0 -78.77864694568215,33.916895096753706,0.0 -78.77864706138715,33.91689371400795,0.0 -78.77864726419362,33.91689233800314,0.0 -78.77864755224462,33.916890972098884,0.0 -78.77864792689799,33.91688962013872,0.0 -78.77864838502882,33.91688828620125,0.0 -78.77864892585183,33.91688697380744,0.0 -78.77864954984956,33.91688568575925,0.0 -78.77865025282557,33.91688442597404,0.0 -78.77865103419084,33.91688319709244,0.0 -78.7786518929637,33.91688200351576,0.0 -78.7786528240724,33.916880848119646,0.0 -78.77865382692801,33.916879733544945,0.0 -78.77865489860193,33.91687866299,0.0 -78.77865603616569,33.91687763965312,0.0 -78.77865723708342,33.91687666497227,0.0 -78.77865849715867,33.91687574286481,0.0 -78.77865981258768,33.916874875487515,0.0 -78.77866118170981,33.9168740653198,0.0 -78.77866259964975,33.916873314357424,0.0 -78.77866406387166,33.91687262403809,0.0 -78.77866556823219,33.9168719970764,0.0 -78.77878789427609,33.9168237307047,0.0 -78.7795634813874,33.916347425762865,0.0 -78.77956479790136,33.916346657707415,0.0 -78.7795661597324,33.91634594469077,0.0 -78.77956756239792,33.916345286948065,0.0 -78.77956900296944,33.91634468767777,0.0 -78.77957047803586,33.916344147276256,0.0 -78.77957198291826,33.9163436668589,0.0 -78.77957351595602,33.91634324890511,0.0 -78.7795750715949,33.916342893488824,0.0 -78.7795766464239,33.916342601006406,0.0 -78.77957823771084,33.9163423737761,0.0 -78.77957984009778,33.91634221099137,0.0 -78.77958145124528,33.916342113210085,0.0 -78.77958306540276,33.91634208138627,0.0 -78.78014435015233,33.91634227835688,0.0 -78.78038805967617,33.916170366450004,0.0 -78.7804668577082,33.91605936330972,0.0 -78.7804733783108,33.91584645085474,0.0 -78.78047345752431,33.91584513722093,0.0 -78.78047361546194,33.9158438281564,0.0 -78.78047385133846,33.915842527181965,0.0 -78.78047416456495,33.915841236938434,0.0 -78.78047455435613,33.915839960946734,0.0 -78.78047501885513,33.915838702566504,0.0 -78.78047555874097,33.915837463719576,0.0 -78.78047617196047,33.91583624864584,0.0 -78.78047685578153,33.91583505966348,0.0 -78.78047760961522,33.915833899413265,0.0 -78.78047843287256,33.915832770535886,0.0 -78.78053770056165,33.91575583726933,0.0 -78.78054042144832,33.915752799573276,0.0 -78.78054263921847,33.915750860692405,0.0 -78.78079607987007,33.915550259723496,0.0 -78.7807900500252,33.91535558293232,0.0 -78.78071160218681,33.915033657250724,0.0 -78.78071131606461,33.91503230319221,0.0 -78.7807111143425,33.91503093818095,0.0 -78.78071099818197,33.91502956694069,0.0 -78.78071096679783,33.91502819299228,0.0 -78.78071102194065,33.91502681841879,0.0 -78.78071116223614,33.91502544938198,0.0 -78.78071138855968,33.915024086923275,0.0 -78.78071169866179,33.91502273616284,0.0 -78.78071209282882,33.915021400782955,0.0 -78.78071256959657,33.915020082382824,0.0 -78.78071312759089,33.91501878712411,0.0 -78.7807137666154,33.91501751588709,0.0 -78.78071448315289,33.91501627451092,0.0 -78.78071527593546,33.91501506371456,0.0 -78.78083396408071,33.91484453729224,0.0 -78.78083474940146,33.91484347912591,0.0 -78.78083559303691,33.91484245248014,0.0 -78.78083649352283,33.91484145895407,0.0 -78.7808374493951,33.914840500146965,0.0 -78.78083845772527,33.91483957925723,0.0 -78.78083951724558,33.914838697003916,0.0 -78.78084062502764,33.914837856585336,0.0 -78.78084177873194,33.91483705855935,0.0 -78.78084297669811,33.91483630540529,0.0 -78.78166522239121,33.914343209173005,0.0 -78.782130298637,33.91396673520422,0.0 -78.78256845465718,33.913514224188624,0.0 -78.78270233818742,33.91328595197584,0.0 -78.78270693239672,33.9131268317601,0.0</coordinates>
                    </LinearRing>
                </outerBoundaryIs>
            </Polygon>
        </Placemark>
        <Placemark id="350670">
            <name>Wetland_38026</name>
            <styleUrl>#350675</styleUrl>
            <Polygon id="350669">
                <outerBoundaryIs>
                    <LinearRing id="350673">
                        <coordinates>-78.77726194973808,33.91130945543812,0.0 -78.77730358806693,33.91127633194241,0.0 -78.77739413399087,33.9112623396452,0.0 -78.77757490073834,33.91133827537684,0.0 -78.7776941952679,33.911356232588865,0.0 -78.77777512846993,33.91133887243419,0.0 -78.77787951296246,33.91135458508276,0.0 -78.77802987989094,33.91144052528014,0.0 -78.77828182216292,33.91160084018335,0.0 -78.77850037668146,33.911726585159315,0.0 -78.77901314270386,33.91214561657631,0.0 -78.77938821796332,33.912467955280306,0.0 -78.7794368605725,33.9125723455589,0.0 -78.77938567332994,33.91264060879185,0.0 -78.77928485490943,33.91265497634592,0.0 -78.77915561850503,33.91263552479007,0.0 -78.77857135946428,33.91226059886619,0.0 -78.77837898546139,33.912155675327156,0.0 -78.77803035892518,33.911968146260364,0.0 -78.77771163955278,33.91173869455739,0.0 -78.77731479162276,33.91146793804409,0.0 -78.77728089483855,33.91142318121806,0.0 -78.77724980603939,33.91136389913792,0.0 -78.77726194973808,33.91130945543812,0.0</coordinates>
                    </LinearRing>
                </outerBoundaryIs>
            </Polygon>
        </Placemark>
        <Placemark id="350679">
            <name>Wetland_38027</name>
            <styleUrl>#350684</styleUrl>
            <Polygon id="350678">
                <outerBoundaryIs>
                    <LinearRing id="350682">
                        <coordinates>-78.78223845301086,33.912120806647806,0.0 -78.78224675205381,33.912104672272555,0.0 -78.78242366523479,33.91225733291538,0.0 -78.78257190236465,33.91257476036275,0.0 -78.78270873850263,33.913064306680646,0.0 -78.78270693239672,33.9131268317601,0.0 -78.78268557617596,33.913138008127675,0.0 -78.78260446705382,33.913119974774,0.0 -78.78247425952246,33.91297217071835,0.0 -78.78225057194832,33.91273454056509,0.0 -78.78194693679968,33.912537327732764,0.0 -78.7817373535831,33.912459165054884,0.0 -78.78164262141901,33.91237497633753,0.0 -78.78165335909516,33.91229500448734,0.0 -78.78176579848221,33.912236165812594,0.0 -78.7819299518472,33.91223173044889,0.0 -78.78215472486717,33.91217814009749,0.0 -78.78223845301086,33.912120806647806,0.0</coordinates>
                    </LinearRing>
                </outerBoundaryIs>
            </Polygon>
        </Placemark>
        <Placemark id="350688">
            <name>Wetland_38028</name>
            <styleUrl>#350693</styleUrl>
            <Polygon id="350687">
                <outerBoundaryIs>
                    <LinearRing id="350691">
                        <coordinates>-78.77843128212366,33.91357413946961,0.0 -78.77833067167549,33.913536020959114,0.0 -78.77821461066777,33.913533925326014,0.0 -78.77814942385955,33.913519081433364,0.0 -78.77811031880859,33.91350550490785,0.0 -78.7780864565495,33.913494336432834,0.0 -78.77802852679004,33.91343375876674,0.0 -78.77796831423419,33.91339004978106,0.0 -78.77794363083024,33.913349359586874,0.0 -78.77794420551008,33.913327234447664,0.0 -78.77796866502602,33.91330280448915,0.0 -78.77801494045225,33.91330180560137,0.0 -78.77806829015685,33.91327996921027,0.0 -78.77811162967203,33.913248660845355,0.0 -78.77815219592765,33.91321892657019,0.0 -78.77817740375009,33.91319285422739,0.0 -78.77817145768354,33.913176030608525,0.0 -78.7781342068556,33.913136573935425,0.0 -78.77808628544967,33.91310148569991,0.0 -78.7780366400992,33.91307581994525,0.0 -78.77803238611841,33.91307147041232,0.0 -78.77800576471505,33.913049544074724,0.0 -78.77800406156796,33.913039652114165,0.0 -78.77800987451437,33.91303408758382,0.0 -78.77802508942563,33.91298763658959,0.0 -78.778046637478,33.91296410395987,0.0 -78.77808907980332,33.91295854595294,0.0 -78.7781503631694,33.91296266006373,0.0 -78.77815683119205,33.912964134017464,0.0 -78.77825712633494,33.91301434835273,0.0 -78.77835710820843,33.91307665840212,0.0 -78.77844227081619,33.91315080041208,0.0 -78.77851292333314,33.91322468252671,0.0 -78.77861353346968,33.91326280089461,0.0 -78.77869900947692,33.91332484865632,0.0 -78.77878448435189,33.913386897068634,0.0 -78.77880424901437,33.9133967935989,0.0 -78.77885832818696,33.913434411319926,0.0 -78.77887413865356,33.91344911136669,0.0 -78.77888106479406,33.913466954009145,0.0 -78.77887722775134,33.91353917691456,0.0 -78.7788682650275,33.91359158735725,0.0 -78.77885826443082,33.913618082723836,0.0 -78.77884169130945,33.91363126756655,0.0 -78.77881827773534,33.91364454369181,0.0 -78.77877567318444,33.91365829117072,0.0 -78.7787512025172,33.913657968770444,0.0 -78.77871528845901,33.913654018878624,0.0 -78.77864732300162,33.91363854327277,0.0 -78.77853189266997,33.913612257890605,0.0 -78.77843128212366,33.91357413946961,0.0</coordinates>
                    </LinearRing>
                </outerBoundaryIs>
            </Polygon>
        </Placemark>
        <Placemark id="350697">
            <name>Wetland_38029</name>
            <styleUrl>#350702</styleUrl>
            <Polygon id="350696">
                <outerBoundaryIs>
                    <LinearRing id="350700">
                        <coordinates>-78.7793218718467,33.91328878720226,0.0 -78.77935747814104,33.91329215474181,0.0 -78.77939922572536,33.91332233189111,0.0 -78.77941834394694,33.91336702231235,0.0 -78.77940889158856,33.91340940415125,0.0 -78.77938001341953,33.91346280020412,0.0 -78.77935602800075,33.91352688846663,0.0 -78.77935017203997,33.91358574016215,0.0 -78.77938617304451,33.91360907870414,0.0 -78.77940314960644,33.9136322514298,0.0 -78.77941404548565,33.91364712330202,0.0 -78.77942143785884,33.913690048862456,0.0 -78.77941902251064,33.9137334889016,0.0 -78.77943962570794,33.913782386739676,0.0 -78.77947734560385,33.91379801874176,0.0 -78.77954488802563,33.91383207715068,0.0 -78.77959750138476,33.91386787256532,0.0 -78.77961470611253,33.913910283369226,0.0 -78.77960740210334,33.913943032721555,0.0 -78.77957367539221,33.91396384194598,0.0 -78.77952653923438,33.91396869410814,0.0 -78.77948284023265,33.91395813500284,0.0 -78.77941701329709,33.9139163695757,0.0 -78.77932152730966,33.913888060276,0.0 -78.77925629233219,33.91387625126273,0.0 -78.77921325974182,33.91385185438512,0.0 -78.77916771504847,33.91379522133076,0.0 -78.7791704023485,33.91371797261929,0.0 -78.77917295092472,33.913629979343234,0.0 -78.77917402008265,33.91359307729249,0.0 -78.7791757726464,33.91356347452796,0.0 -78.77918413375482,33.913536856121645,0.0 -78.77921426376957,33.91349957800363,0.0 -78.77924138397569,33.913475784838305,0.0 -78.77926999174589,33.91345619679568,0.0 -78.77927624035536,33.91341731490957,0.0 -78.77926032496005,33.91336912436764,0.0 -78.77924097581432,33.91333634467799,0.0 -78.77923823762194,33.91331602182412,0.0 -78.77927047569005,33.91329100650818,0.0 -78.7793218718467,33.91328878720226,0.0</coordinates>
                    </LinearRing>
                </outerBoundaryIs>
            </Polygon>
        </Placemark>
        <Placemark id="350706">
            <name>Wetland_38030</name>
            <styleUrl>#350711</styleUrl>
            <Polygon id="350705">
                <outerBoundaryIs>
                    <LinearRing id="350709">
                        <coordinates>-78.78020420106239,33.91389467678505,0.0 -78.78034702399401,33.91389929136288,0.0 -78.78044401101147,33.91392514179004,0.0 -78.78056321036082,33.91400497914189,0.0 -78.78062938689416,33.91407683844856,0.0 -78.78061471704616,33.9142040540485,0.0 -78.78058203362438,33.91428917042399,0.0 -78.78053675277171,33.914338626976004,0.0 -78.78041978042275,33.91437166716089,0.0 -78.7802992684294,33.914359158333326,0.0 -78.78013002997851,33.91428867100535,0.0 -78.78001447772989,33.914192500129815,0.0 -78.77998751155326,33.91409840648093,0.0 -78.7800135677945,33.914012293676095,0.0 -78.78007695784173,33.913943052797926,0.0 -78.78020420106239,33.91389467678505,0.0</coordinates>
                    </LinearRing>
                </outerBoundaryIs>
            </Polygon>
        </Placemark>
        <Placemark id="350715">
            <name>Wetland_38031</name>
            <styleUrl>#350720</styleUrl>
            <Polygon id="350714">
                <outerBoundaryIs>
                    <LinearRing id="350718">
                        <coordinates>-78.78282592224922,33.91494758874204,0.0 -78.78289164278996,33.91492934119174,0.0 -78.78299161825278,33.91497252160155,0.0 -78.78304995635033,33.91504882558004,0.0 -78.78307813879269,33.915137471994214,0.0 -78.78305750030874,33.915230027115115,0.0 -78.78301520896451,33.91529681704256,0.0 -78.78294528672582,33.91530317665965,0.0 -78.78285249682393,33.915289214295804,0.0 -78.78278024669984,33.91524457969901,0.0 -78.7827363789912,33.915164826930365,0.0 -78.78274796318159,33.91508216334786,0.0 -78.78278185752826,33.9149916019761,0.0 -78.78282592224922,33.91494758874204,0.0</coordinates>
                    </LinearRing>
                </outerBoundaryIs>
            </Polygon>
        </Placemark>
        <Placemark id="350724">
            <name>Wetland_38032</name>
            <styleUrl>#350729</styleUrl>
            <Polygon id="350723">
                <outerBoundaryIs>
                    <LinearRing id="350727">
                        <coordinates>-78.77946366561488,33.91454289259312,0.0 -78.77956971135325,33.91455885297524,0.0 -78.77963775900977,33.914591602535,0.0 -78.77966958119355,33.914663917149745,0.0 -78.77965667867956,33.91481390961921,0.0 -78.77961726492894,33.91495991023062,0.0 -78.77954845851633,33.915022706924105,0.0 -78.77935802338503,33.91501655465217,0.0 -78.77926047801385,33.914962484307495,0.0 -78.77921054397459,33.91490995083665,0.0 -78.77918413418772,33.914844078616795,0.0 -78.77920842034847,33.91473518953805,0.0 -78.779264631025,33.91463673325404,0.0 -78.77937198988585,33.91458536521781,0.0 -78.77946366561488,33.91454289259312,0.0</coordinates>
                    </LinearRing>
                </outerBoundaryIs>
            </Polygon>
        </Placemark>
        <Placemark id="350733">
            <name>Wetland_38033</name>
            <styleUrl>#350738</styleUrl>
            <Polygon id="350732">
                <outerBoundaryIs>
                    <LinearRing id="350736">
                        <coordinates>-78.78307465766116,33.916566235712864,0.0 -78.78313430793035,33.9165752111885,0.0 -78.78319628854499,33.91663518097416,0.0 -78.78326246991969,33.9167070376426,0.0 -78.78337084874593,33.91677398865871,0.0 -78.78347082488459,33.91681716734449,0.0 -78.78352253484215,33.91689247332354,0.0 -78.78350918063293,33.91695236158942,0.0 -78.78345727418761,33.91700082306513,0.0 -78.78339640867081,33.916997291026156,0.0 -78.78330726087144,33.91696699646488,0.0 -78.78316508526358,33.916928721990736,0.0 -78.78303439464092,33.916869668448086,0.0 -78.78293927590698,33.916804712338966,0.0 -78.78286646585663,33.91673185804483,0.0 -78.78285452350762,33.91666253549811,0.0 -78.782898586986,33.91661852200741,0.0 -78.78296132515686,33.91658294545945,0.0 -78.78307465766116,33.916566235712864,0.0</coordinates>
                    </LinearRing>
                </outerBoundaryIs>
            </Polygon>
        </Placemark>
        <Placemark id="350742">
            <name>Wetland_38034</name>
            <styleUrl>#350747</styleUrl>
            <Polygon id="350741">
                <outerBoundaryIs>
                    <LinearRing id="350745">
                        <coordinates>-78.77784461785403,33.91608402058583,0.0 -78.7777863730074,33.916045712034595,0.0 -78.77765712708614,33.91602625825342,0.0 -78.77758844790974,33.91601169934903,0.0 -78.7775315291189,33.915990470455654,0.0 -78.77746011509244,33.91598816225968,0.0 -78.77742706241415,33.91602117085272,0.0 -78.77740884583653,33.91610283637084,0.0 -78.77741581554201,33.91619251343473,0.0 -78.77736983311003,33.916185592151045,0.0 -78.77733594968443,33.91617627239853,0.0 -78.77731117277504,33.91612611824712,0.0 -78.77733800394434,33.916028867362144,0.0 -78.77736119141144,33.91594795097174,0.0 -78.77740600698077,33.915908271020704,0.0 -78.77745529796553,33.915894589585086,0.0 -78.77757460048934,33.91591254696458,0.0 -78.77780326149137,33.91594696458045,0.0 -78.77794062237184,33.915976080657735,0.0 -78.77797086568324,33.9160017343699,0.0 -78.7779680567443,33.91606039593864,0.0 -78.77793112964261,33.91624897564803,0.0 -78.77787637330097,33.9162871586231,0.0 -78.7778388435935,33.916294170416215,0.0 -78.77781750827877,33.91627939570453,0.0 -78.77783436739314,33.916268174550744,0.0 -78.77785258356491,33.916186508983714,0.0 -78.77784461785403,33.91608402058583,0.0</coordinates>
                    </LinearRing>
                </outerBoundaryIs>
            </Polygon>
        </Placemark>
        <Placemark id="350751">
            <name>Wetland_38035</name>
            <styleUrl>#350756</styleUrl>
            <Polygon id="350750">
                <outerBoundaryIs>
                    <LinearRing id="350754">
                        <coordinates>-78.77742706241415,33.91602117085272,0.0 -78.77746011509244,33.91598816225968,0.0 -78.7775315291189,33.915990470455654,0.0 -78.77758844790974,33.91601169934903,0.0 -78.77765712708614,33.91602625825342,0.0 -78.7777863730074,33.916045712034595,0.0 -78.77784461785403,33.91608402058583,0.0 -78.77785258356491,33.916186508983714,0.0 -78.77783436739314,33.916268174550744,0.0 -78.77781750827877,33.91627939570453,0.0 -78.77776196656181,33.91631636230991,0.0 -78.77767829459044,33.916345972416465,0.0 -78.77757299369426,33.91633434326757,0.0 -78.77747589142975,33.91628596440037,0.0 -78.77741681419305,33.91620532528109,0.0 -78.77741581554201,33.91619251343473,0.0 -78.77740884583653,33.91610283637084,0.0 -78.77742706241415,33.91602117085272,0.0</coordinates>
                    </LinearRing>
                </outerBoundaryIs>
            </Polygon>
        </Placemark>
        <Placemark id="350760">
            <name>Wetland_38036</name>
            <styleUrl>#350765</styleUrl>
            <Polygon id="350759">
                <outerBoundaryIs>
                    <LinearRing id="350763">
                        <coordinates>-78.78205032925102,33.9181245417791,0.0 -78.78209374004174,33.91811419395945,0.0 -78.78212895588109,33.918140593506976,0.0 -78.78212292332096,33.91823675362344,0.0 -78.78209427625963,33.91834217131673,0.0 -78.78207830351569,33.91843683477167,0.0 -78.78203383176215,33.91854409261751,0.0 -78.7819532346773,33.918629032689864,0.0 -78.78186682897442,33.91867089498593,0.0 -78.78181935793705,33.918676413157236,0.0 -78.7817832338363,33.918654095524374,0.0 -78.78175124152686,33.91859019682078,0.0 -78.78172646189638,33.91854004481875,0.0 -78.7817572734997,33.91849403660556,0.0 -78.78179943030972,33.91842019506629,0.0 -78.78181308976168,33.918358945378515,0.0 -78.78184075239922,33.918304022382785,0.0 -78.7819004781693,33.91826658639737,0.0 -78.7819711335791,33.91818015039701,0.0 -78.78205032925102,33.9181245417791,0.0</coordinates>
                    </LinearRing>
                </outerBoundaryIs>
            </Polygon>
        </Placemark>
        <Placemark id="350769">
            <name>Wetland_38037</name>
            <styleUrl>#350774</styleUrl>
            <Polygon id="350768">
                <outerBoundaryIs>
                    <LinearRing id="350772">
                        <coordinates>-78.77949471679395,33.918318146115865,0.0 -78.77955934347638,33.91832787220776,0.0 -78.77956697109717,33.91836278306948,0.0 -78.77953251213746,33.918425122993284,0.0 -78.77951604516393,33.918545034148416,0.0 -78.77958689032393,33.918619001414676,0.0 -78.77963015038571,33.918701478633004,0.0 -78.77963397791723,33.918740997867225,0.0 -78.77962728714232,33.91874087797822,0.0 -78.77959918579792,33.91874036987764,0.0 -78.77957108513284,33.918739863692025,0.0 -78.77954298037801,33.91873935597424,0.0 -78.77952893077793,33.91873910207582,0.0 -78.77951487971367,33.91873884977494,0.0 -78.77950082777421,33.918738596430835,0.0 -78.77948677710279,33.91873834236602,0.0 -78.77947272643145,33.91873808829949,0.0 -78.77945867215269,33.91873783550798,0.0 -78.77944462469641,33.918737581921896,0.0 -78.77943057382899,33.91873732873055,0.0 -78.77941652208644,33.918737074495986,0.0 -78.77940247102288,33.91873682218137,0.0 -78.7793884214237,33.918736568265935,0.0 -78.7793743694851,33.91873631490642,0.0 -78.7793603164749,33.91873606138399,0.0 -78.77934626667967,33.918735808343655,0.0 -78.77933221600925,33.9187355542601,0.0 -78.77930411320443,33.918735047687065,0.0 -78.77929006126632,33.918734794317366,0.0 -78.77927379664438,33.918734499981774,0.0 -78.7792767109713,33.91867360923573,0.0 -78.77930039093425,33.91856744324069,0.0 -78.77932448810695,33.91848244243404,0.0 -78.77939465219404,33.91842125560464,0.0 -78.77944584281987,33.91835299463175,0.0 -78.77949471679395,33.918318146115865,0.0</coordinates>
                    </LinearRing>
                </outerBoundaryIs>
            </Polygon>
        </Placemark>
        <Placemark id="350778">
            <name>Wetland_38038</name>
            <styleUrl>#350783</styleUrl>
            <Polygon id="350777">
                <outerBoundaryIs>
                    <LinearRing id="350781">
                        <coordinates>-78.77483706318814,33.91889911898176,0.0 -78.77493150936508,33.918912115666785,0.0 -78.77505501298116,33.91895329290728,0.0 -78.77513114840366,33.919019578761,0.0 -78.77512878722553,33.91911040878378,0.0 -78.77509529511028,33.91920067569335,0.0 -78.77503101495894,33.91927740382457,0.0 -78.774981959304,33.91936738944181,0.0 -78.77496403330086,33.919457938892805,0.0 -78.77496166996852,33.91954876765824,0.0 -78.77495930857755,33.91963959761581,0.0 -78.77495694844907,33.91973042684381,0.0 -78.77490789349639,33.919820412538996,0.0 -78.7747986050663,33.919831420046854,0.0 -78.77468965236757,33.91982944981361,0.0 -78.77458137707501,33.91980152781067,0.0 -78.77448934106401,33.91974793782928,0.0 -78.77439730323233,33.91969434656779,0.0 -78.7743996652777,33.919603516627,0.0 -78.77440202604961,33.91951268739447,0.0 -78.77443551929511,33.919422419840195,0.0 -78.77451502595972,33.91935894892502,0.0 -78.77456442094554,33.919255987221035,0.0 -78.77461347593943,33.91916600160586,0.0 -78.77467775553366,33.91908927265354,0.0 -78.7747420390918,33.91901254518359,0.0 -78.77480632077335,33.91893581558747,0.0 -78.77483706318814,33.91889911898176,0.0</coordinates>
                    </LinearRing>
                </outerBoundaryIs>
            </Polygon>
        </Placemark>
        <Placemark id="350787">
            <name>Wetland_38039</name>
            <styleUrl>#350792</styleUrl>
            <Polygon id="350786">
                <outerBoundaryIs>
                    <LinearRing id="350790">
                        <coordinates>-78.77633791926978,33.95786530340876,0.0 -78.77778781505086,33.95797558708686,0.0 -78.7778084762674,33.95808199869498,0.0 -78.77777065309863,33.958293865860796,0.0 -78.7773518948188,33.95974600157272,0.0 -78.77723822717276,33.96000084893075,0.0 -78.77710820351183,33.960074527810505,0.0 -78.77683837720593,33.96009609660304,0.0 -78.77591244227098,33.96008889193672,0.0 -78.7755135022899,33.96013765348441,0.0 -78.77542422962215,33.960240771715156,0.0 -78.77533557938104,33.96046830142235,0.0 -78.7753156434027,33.96066270768214,0.0 -78.77530281485537,33.96070183702275,0.0 -78.77525989221732,33.96079125984881,0.0 -78.77525754587698,33.960881417829825,0.0 -78.77525519738691,33.960971575477764,0.0 -78.7752663730895,33.96106197737096,0.0 -78.77526402674852,33.961152135320845,0.0 -78.77526167845426,33.961242292057484,0.0 -78.77524580590968,33.961332204527295,0.0 -78.7752454461204,33.96134601847231,0.0 -78.77469853324912,33.96007109965638,0.0 -78.7747388666411,33.96001513887337,0.0 -78.77480854382924,33.95993747324126,0.0 -78.77486469562143,33.95985956397688,0.0 -78.77496083573291,33.95980492778661,0.0 -78.7750566806613,33.959761561583825,0.0 -78.77515252548332,33.95971819529937,0.0 -78.77524837039549,33.95967482805321,0.0 -78.7753709691724,33.9596432194503,0.0 -78.77546710934307,33.959588584747095,0.0 -78.77557706419458,33.95952292258007,0.0 -78.77567320339392,33.95946828577612,0.0 -78.77575611027449,33.959402134129384,0.0 -78.77579903177836,33.95931271008227,0.0 -78.77584224450796,33.959212017205125,0.0 -78.77587163853154,33.959122349316324,0.0 -78.77587398732712,33.959032191605,0.0 -78.77591690634864,33.958942767149786,0.0 -78.77593277763589,33.95885285431492,0.0 -78.77596217268908,33.95876318564345,0.0 -78.7760183235598,33.95868527586689,0.0 -78.77607447324641,33.95860736589418,0.0 -78.77613062496538,33.95852945620932,0.0 -78.77621382299903,33.95845203462298,0.0 -78.77627056059492,33.95835158594432,0.0 -78.77631347771684,33.958262161104194,0.0 -78.77632934840967,33.95817224813758,0.0 -78.77633169645223,33.95808209118838,0.0 -78.77633404361369,33.957991933187245,0.0 -78.77633668308961,33.95789050651273,0.0 -78.77635538241499,33.9578889010292,0.0 -78.77633791926978,33.95786530340876,0.0</coordinates>
                    </LinearRing>
                </outerBoundaryIs>
            </Polygon>
        </Placemark>
        <Placemark id="350796">
            <name>Wetland_38040</name>
            <styleUrl>#350801</styleUrl>
            <Polygon id="350795">
                <outerBoundaryIs>
                    <LinearRing id="350799">
                        <coordinates>-78.77757530696309,33.95784375138142,0.0 -78.77761573550457,33.95784323467505,0.0 -78.77773647265336,33.95791778808902,0.0 -78.77629566536112,33.95780821130381,0.0 -78.77629124739433,33.9578022428647,0.0 -78.77631987096736,33.95777940504831,0.0 -78.7763361154989,33.95776644149717,0.0 -78.77757530696309,33.95784375138142,0.0</coordinates>
                    </LinearRing>
                </outerBoundaryIs>
            </Polygon>
        </Placemark>
        <Placemark id="350805">
            <name>Wetland_38041</name>
            <styleUrl>#350810</styleUrl>
            <Polygon id="350804">
                <outerBoundaryIs>
                    <LinearRing id="350808">
                        <coordinates>-78.77061794166518,33.954897158593724,0.0 -78.7704172131033,33.95482861298245,0.0 -78.77002726673318,33.95484750946375,0.0 -78.77002198723605,33.954842915738666,0.0 -78.76993057541732,33.954763350661274,0.0 -78.7699054097382,33.95474144621685,0.0 -78.76990913994331,33.954001557970685,0.0 -78.76999884186466,33.9535488241028,0.0 -78.77002253861497,33.95323769249386,0.0 -78.77000257005623,33.952808934562675,0.0 -78.770007988008,33.95260132602041,0.0 -78.77001408211066,33.95236776550233,0.0 -78.77012611921899,33.95225295944458,0.0 -78.77011867737052,33.951941264746075,0.0 -78.770109197026,33.95170742150167,0.0 -78.77003777965294,33.95145947523701,0.0 -78.77004252038176,33.951277817250144,0.0 -78.77008168697053,33.95130977960649,0.0 -78.77027675186712,33.95146895875551,0.0 -78.7702865645136,33.95147696589694,0.0 -78.77052991046817,33.95159337162348,0.0 -78.77062504778539,33.951638880479464,0.0 -78.7708548763182,33.95178584301664,0.0 -78.77106981473494,33.951906572742615,0.0 -78.77139374555401,33.95202927628763,0.0 -78.77146723895699,33.95205533233452,0.0 -78.77145252127842,33.95212125546478,0.0 -78.77149067592018,33.952204697216345,0.0 -78.77157873437237,33.95231895991023,0.0 -78.77204128409892,33.95253620087129,0.0 -78.77265216527204,33.952682521364245,0.0 -78.77309152048622,33.95283410612105,0.0 -78.7732986109567,33.9529662788143,0.0 -78.77365206225758,33.95320594590093,0.0 -78.77402367694027,33.95353381385291,0.0 -78.77413608987356,33.95364015164943,0.0 -78.77413169917068,33.95364743583683,0.0 -78.77400270796143,33.95403449407382,0.0 -78.77392959497406,33.95433817726434,0.0 -78.77392136568982,33.95449428120753,0.0 -78.77395218487146,33.95454699609901,0.0 -78.77400832970675,33.954581667671775,0.0 -78.77412490534378,33.95460794941729,0.0 -78.77412847560583,33.954608267374866,0.0 -78.77413049919126,33.95461025216536,0.0 -78.77431667022006,33.95463958375955,0.0 -78.77468868166264,33.95471122110632,0.0 -78.77487485635768,33.954740552282125,0.0 -78.7750920986009,33.95478238588594,0.0 -78.77547513648446,33.95490288807961,0.0 -78.7756586709761,33.954939244174305,0.0 -78.77586237645816,33.95495677986509,0.0 -78.77592375128262,33.95494415982771,0.0 -78.77600451511775,33.95482082319769,0.0 -78.77610587189207,33.954662584635756,0.0 -78.77613980615818,33.954620625221374,0.0 -78.77619428415528,33.95432303025064,0.0 -78.77632323952655,33.95415659849261,0.0 -78.77643257173258,33.95414559298895,0.0 -78.7765571387882,33.95414784458292,0.0 -78.77668170370684,33.954150095720294,0.0 -78.7768086333155,33.95406151596498,0.0 -78.77680872704902,33.95405793839159,0.0 -78.77691286005441,33.954030671867024,0.0 -78.77701281483523,33.95400685870222,0.0 -78.77704495470233,33.95400689499927,0.0 -78.77726641700507,33.95410692730083,0.0 -78.77754025862761,33.954191829661404,0.0 -78.77780474702251,33.95427095381433,0.0 -78.7780336118704,33.954366571263954,0.0 -78.77825072097889,33.954491013469486,0.0 -78.7783241249259,33.95456761530613,0.0 -78.7783571351614,33.95461307182404,0.0 -78.77655557328993,33.95600420154019,0.0 -78.77644323283172,33.9561431088818,0.0 -78.77116987867048,33.95569704769532,0.0 -78.77089720153779,33.95553832239821,0.0 -78.77065314443816,33.95533917538026,0.0 -78.77067311630279,33.95517077415012,0.0 -78.77061794166518,33.954897158593724,0.0</coordinates>
                    </LinearRing>
                </outerBoundaryIs>
            </Polygon>
        </Placemark>
        <Placemark id="350814">
            <name>Wetland_38042</name>
            <styleUrl>#350819</styleUrl>
            <Polygon id="350813">
                <outerBoundaryIs>
                    <LinearRing id="350817">
                        <coordinates>-78.77505608390851,33.9615507419757,0.0 -78.77508501959808,33.96142112324238,0.0 -78.77509454028282,33.96142530753538,0.0 -78.77509674281438,33.961340783807834,0.0 -78.7750855649273,33.96125038248785,0.0 -78.77506086324456,33.96115973511785,0.0 -78.77502292994168,33.96105757483511,0.0 -78.77499822605168,33.96096692798672,0.0 -78.77496000234268,33.96087603747761,0.0 -78.77492177463033,33.96078514541973,0.0 -78.7748697322797,33.96070527885982,0.0 -78.77480445651736,33.96061389813687,0.0 -78.77475241420413,33.96053403238649,0.0 -78.77470036878071,33.96045416612039,0.0 -78.77467566994073,33.960363518897275,0.0 -78.77467491978139,33.960357467240755,0.0 -78.7746644905361,33.960273117099895,0.0 -78.77466684056233,33.960182960423744,0.0 -78.77466985377602,33.960165888490685,0.0 -78.77524147998139,33.96149841180401,0.0 -78.77524132229276,33.96150446968993,0.0 -78.7752450843343,33.96150681420142,0.0 -78.77577586583692,33.96274407892409,0.0 -78.77573776902321,33.9627053743949,0.0 -78.77568572475653,33.96262550752136,0.0 -78.77562015467502,33.962545398003236,0.0 -78.7755407648143,33.9624763114494,0.0 -78.77546137577313,33.96240722675644,0.0 -78.77536787496334,33.96236043639193,0.0 -78.77528848658572,33.962291349809355,0.0 -78.77524285187707,33.96228203002334,0.0 -78.77515121344788,33.96214217312023,0.0 -78.77512834193054,33.962068182018974,0.0 -78.77509075511026,33.96194660111365,0.0 -78.77504555091956,33.96159792486338,0.0 -78.77505608390851,33.9615507419757,0.0</coordinates>
                    </LinearRing>
                </outerBoundaryIs>
            </Polygon>
        </Placemark>
        <Placemark id="350823">
            <name>Wetland_38043</name>
            <styleUrl>#350828</styleUrl>
            <Polygon id="350822">
                <outerBoundaryIs>
                    <LinearRing id="350826">
                        <coordinates>-78.77290904504083,33.96091403899649,0.0 -78.77302155394635,33.960824275465974,0.0 -78.77308358330137,33.96083669355887,0.0 -78.77326862061575,33.96088604558976,0.0 -78.77342591846072,33.96094064582496,0.0 -78.77359026259424,33.96098962118973,0.0 -78.77376120584263,33.96105021860174,0.0 -78.77393244759311,33.96109931872636,0.0 -78.77408944763425,33.961165412270766,0.0 -78.77423984601425,33.961219886540924,0.0 -78.77440419104852,33.961268861611074,0.0 -78.77457543562986,33.96131796197219,0.0 -78.77475297915905,33.96139017644155,0.0 -78.77491057763274,33.96143328039584,0.0 -78.77503234016591,33.961527486736934,0.0 -78.77505608390851,33.9615507419757,0.0 -78.77504555091956,33.96159792486338,0.0 -78.77509075511026,33.96194660111365,0.0 -78.77512834193054,33.962068182018974,0.0 -78.77501617669039,33.962148224822464,0.0 -78.77484958307596,33.96218546352671,0.0 -78.77470293353437,33.96225181295379,0.0 -78.77455583588456,33.96233540806938,0.0 -78.77442927999256,33.96242512293399,0.0 -78.77433646278017,33.96254419822718,0.0 -78.77422340438456,33.962645657809226,0.0 -78.77415113458196,33.962770856503994,0.0 -78.7740856093144,33.96290192698472,0.0 -78.7739861952087,33.96300938473651,0.0 -78.7738663855557,33.963104971249784,0.0 -78.77370698586402,33.963130837556356,0.0 -78.77352779484127,33.963121845018,0.0 -78.77344112055764,33.963005269577465,0.0 -78.77358792022154,33.96293317262558,0.0 -78.77374806789898,33.96287856937472,0.0 -78.773868175406,33.96277148683157,0.0 -78.7739199037666,33.962640167403286,0.0 -78.7739992240875,33.96250934569036,0.0 -78.77407149496385,33.962384147209825,0.0 -78.7741778054376,33.96227681452867,0.0 -78.77430436245034,33.962187100083156,0.0 -78.77441742095316,33.96208564140531,0.0 -78.7744965892898,33.96196056708819,0.0 -78.77449343315412,33.96181675264003,0.0 -78.77442775136174,33.96168905947217,0.0 -78.7743062883652,33.961583356531705,0.0 -78.77416323360954,33.96151176522882,0.0 -78.77400533735859,33.96148015640547,0.0 -78.77384788845985,33.96143130498945,0.0 -78.77369793505898,33.96135958752547,0.0 -78.77354798622204,33.96128787050555,0.0 -78.7733975835117,33.96123339645579,0.0 -78.77323968793628,33.96120178745561,0.0 -78.77308239076802,33.96114718714761,0.0 -78.77293198992163,33.96109271176328,0.0 -78.77279598647122,33.961015495473674,0.0 -78.77290904504083,33.96091403899649,0.0</coordinates>
                    </LinearRing>
                </outerBoundaryIs>
            </Polygon>
        </Placemark>
        <Placemark id="350832">
            <name>Wetland_38044</name>
            <styleUrl>#350837</styleUrl>
            <Polygon id="350831">
                <outerBoundaryIs>
                    <LinearRing id="350835">
                        <coordinates>-78.77416767868009,33.95600463057519,0.0 -78.77634864254685,33.95618908522354,0.0 -78.77617646644836,33.95620505684895,0.0 -78.77416767868009,33.95600463057519,0.0</coordinates>
                    </LinearRing>
                </outerBoundaryIs>
            </Polygon>
        </Placemark>
        <Placemark id="350841">
            <name>Wetland_38045</name>
            <styleUrl>#350846</styleUrl>
            <Polygon id="350840">
                <outerBoundaryIs>
                    <LinearRing id="350844">
                        <coordinates>-78.77356432631989,33.958894262077436,0.0 -78.77362211511107,33.95889349760419,0.0 -78.77367395599342,33.958912113663025,0.0 -78.77372978428359,33.95897189427491,0.0 -78.7737525769673,33.95903211180022,0.0 -78.77374551379116,33.959093245607406,0.0 -78.77371556464793,33.9591536397275,0.0 -78.77369365123911,33.95917498123417,0.0 -78.7736371789615,33.95919468187922,0.0 -78.77356184952592,33.95920893424106,0.0 -78.77350740638512,33.95920074258385,0.0 -78.77344223231796,33.959182824087186,0.0 -78.77336930042276,33.9591258783,0.0 -78.77333084160337,33.95907682501746,0.0 -78.77333315583205,33.95903997736083,0.0 -78.77335757393743,33.95902049657304,0.0 -78.7734404801586,33.95895434622173,0.0 -78.773536324691,33.95891098211096,0.0 -78.77356432631989,33.958894262077436,0.0</coordinates>
                    </LinearRing>
                </outerBoundaryIs>
            </Polygon>
        </Placemark>
        <Placemark id="350850">
            <name>Wetland_38046</name>
            <styleUrl>#350855</styleUrl>
            <Polygon id="350849">
                <outerBoundaryIs>
                    <LinearRing id="350853">
                        <coordinates>-78.77196188799365,33.963744389800745,0.0 -78.77204553103557,33.96374635676608,0.0 -78.77216727030255,33.96378506075889,0.0 -78.772157177468,33.96378659978383,0.0 -78.77215462623911,33.96378707652918,0.0 -78.77184655537253,33.963855375243504,0.0 -78.77184789983976,33.963849353991634,0.0 -78.77186109018994,33.96379028041193,0.0 -78.77190525424194,33.96375179696583,0.0 -78.77196188799365,33.963744389800745,0.0</coordinates>
                    </LinearRing>
                </outerBoundaryIs>
            </Polygon>
        </Placemark>
        <Placemark id="350859">
            <name>Wetland_38047</name>
            <styleUrl>#350864</styleUrl>
            <Polygon id="350858">
                <outerBoundaryIs>
                    <LinearRing id="350862">
                        <coordinates>-78.77188096103332,33.96184952499184,0.0 -78.77206053091042,33.961833218436446,0.0 -78.77225438310526,33.96191052817746,0.0 -78.77232739272655,33.96205630784606,0.0 -78.77229761721115,33.96226846039329,0.0 -78.77222982270243,33.96238823919393,0.0 -78.77211049104388,33.96247619326824,0.0 -78.77204733014895,33.962601483577096,0.0 -78.77204497448452,33.96276962096184,0.0 -78.77205197817337,33.9628958409668,0.0 -78.77201775179725,33.96299660151814,0.0 -78.77188612323077,33.96303456427268,0.0 -78.77170919654634,33.96301275466711,0.0 -78.77161954857637,33.96294149646967,0.0 -78.77156516736996,33.96276482166159,0.0 -78.7715009408267,33.96231707597955,0.0 -78.77154319816742,33.962049032676326,0.0 -78.77154922747266,33.96203882557134,0.0 -78.77164536830361,33.96193923929532,0.0 -78.77188096103332,33.96184952499184,0.0</coordinates>
                    </LinearRing>
                </outerBoundaryIs>
            </Polygon>
        </Placemark>
        <Placemark id="350868">
            <name>Wetland_38048</name>
            <styleUrl>#350873</styleUrl>
            <Polygon id="350867">
                <outerBoundaryIs>
                    <LinearRing id="350871">
                        <coordinates>-78.77152012878389,33.96046423551056,0.0 -78.7721761574642,33.95995567467243,0.0 -78.77222008832088,33.959968345809955,0.0 -78.77227383426064,33.960037620828516,0.0 -78.7723092962045,33.96015235658848,0.0 -78.77230740423585,33.96022484432619,0.0 -78.77230498303476,33.96031781905479,0.0 -78.77226220353772,33.96040160694999,0.0 -78.77215062863945,33.960399585971466,0.0 -78.77207124256013,33.960330498439,0.0 -78.77198127144196,33.96027813125212,0.0 -78.7718785169716,33.960327008429566,0.0 -78.7718255971013,33.96041061223787,0.0 -78.77182317210477,33.96050358645123,0.0 -78.77178039520605,33.96058737463345,0.0 -78.7716674949027,33.960636066864616,0.0 -78.77156894215271,33.96066820721466,0.0 -78.7715074122808,33.96065655572922,0.0 -78.77144989013071,33.96060419383834,0.0 -78.77145658121849,33.96052653029857,0.0 -78.77146805527806,33.96050340259664,0.0 -78.77152012878389,33.96046423551056,0.0</coordinates>
                    </LinearRing>
                </outerBoundaryIs>
            </Polygon>
        </Placemark>
        <Placemark id="350877">
            <name>Wetland_38049</name>
            <styleUrl>#350882</styleUrl>
            <Polygon id="350876">
                <outerBoundaryIs>
                    <LinearRing id="350880">
                        <coordinates>-78.77168599843054,33.95875911905224,0.0 -78.77172422321969,33.95873543618587,0.0 -78.77183836958095,33.95875342161232,0.0 -78.77195964657685,33.9587725308648,0.0 -78.77205975477753,33.95882508104091,0.0 -78.7721186328761,33.958902252880534,0.0 -78.7721567815186,33.9589959632274,0.0 -78.77216450011326,33.95908912112,0.0 -78.77216207770525,33.959182095819685,0.0 -78.77215943276822,33.9592835222401,0.0 -78.77215700586297,33.959376497151425,0.0 -78.77214443916232,33.95946928815009,0.0 -78.77215215759247,33.9595624468672,0.0 -78.7721646892031,33.95959029036888,0.0 -78.77200848195444,33.95971083180614,0.0 -78.77127399206174,33.96029374980717,0.0 -78.77124700961797,33.96023379546048,0.0 -78.77125471009455,33.96021917556324,0.0 -78.7712996509718,33.96005286780884,0.0 -78.77140729030955,33.95978061700436,0.0 -78.77144224697076,33.95971501790264,0.0 -78.77152062744535,33.95965248251228,0.0 -78.77157354585984,33.95956887948137,0.0 -78.77158611754292,33.95947608920069,0.0 -78.77158854084175,33.95938311366671,0.0 -78.7715709003657,33.9592813192804,0.0 -78.77157332435569,33.95918834564525,0.0 -78.7715656053837,33.959095187562646,0.0 -78.77155788555446,33.95900202842677,0.0 -78.77155016983573,33.95890887080478,0.0 -78.77160308918033,33.95882526608264,0.0 -78.77168599843054,33.95875911905224,0.0</coordinates>
                    </LinearRing>
                </outerBoundaryIs>
            </Polygon>
        </Placemark>
        <Placemark id="350886">
            <name>Wetland_38050</name>
            <styleUrl>#350891</styleUrl>
            <Polygon id="350885">
                <outerBoundaryIs>
                    <LinearRing id="350889">
                        <coordinates>-78.76682996342991,33.960514523018524,0.0 -78.76694153981987,33.960516547525955,0.0 -78.76705267629396,33.96053547719302,0.0 -78.7671644753934,33.960529051536426,0.0 -78.76726701343472,33.960488629865004,0.0 -78.76738961671573,33.9604570297404,0.0 -78.76748223279847,33.96040797384023,0.0 -78.76754530149141,33.96032455695999,0.0 -78.76764783653,33.96028413637894,0.0 -78.76774067564273,33.960226626787744,0.0 -78.76784321347175,33.96018620739333,0.0 -78.76793626974934,33.96012024599661,0.0 -78.76804851062016,33.96009691188679,0.0 -78.76815126679003,33.96004803985155,0.0 -78.76826372809876,33.96001625437179,0.0 -78.76837574607393,33.960001375341236,0.0 -78.7684683603187,33.959952316703685,0.0 -78.7685609761984,33.959903260072224,0.0 -78.76867277232172,33.95989683175256,0.0 -78.76878412820402,33.95990730669009,0.0 -78.76889504439981,33.959934687687024,0.0 -78.76899537402032,33.95997878767587,0.0 -78.76908533743244,33.96003115640048,0.0 -78.7691878766504,33.95999073524898,0.0 -78.76926086379696,33.95991595199693,0.0 -78.76935370089231,33.95985844284803,0.0 -78.76944631503292,33.95980938534209,0.0 -78.76956825331335,33.959803138857325,0.0 -78.76967983285068,33.95980516225446,0.0 -78.76977266775492,33.959747650679084,0.0 -78.76979970278215,33.95970081873004,0.0 -78.76984128117618,33.95966033122021,0.0 -78.76990448494428,33.95965702372564,0.0 -78.76995799547589,33.95969712543958,0.0 -78.7699876061455,33.959777672306174,0.0 -78.76999317316607,33.95985312422741,0.0 -78.77000088819435,33.95994628200477,0.0 -78.77003925561418,33.96003154000473,0.0 -78.77014579323618,33.96004718091636,0.0 -78.77017783359693,33.96007635125451,0.0 -78.77023336082604,33.96014239664359,0.0 -78.77021460411405,33.96026136399216,0.0 -78.77016223023536,33.960356042895086,0.0 -78.77001854631074,33.96042860710637,0.0 -78.76996802751503,33.960427691114006,0.0 -78.76986747506737,33.96039204387257,0.0 -78.76975656129488,33.960364663428884,0.0 -78.76964520463065,33.96035418943422,0.0 -78.76953428972101,33.960326809494795,0.0 -78.76942271051487,33.960324786121326,0.0 -78.76931113453107,33.96032276312436,0.0 -78.76919911607679,33.96033764393453,0.0 -78.76909657835722,33.96037806628165,0.0 -78.76899403965601,33.960418487494536,0.0 -78.76889150192092,33.96045890877601,0.0 -78.76879888948577,33.96050796804356,0.0 -78.76867628367474,33.96053956829358,0.0 -78.76856360208153,33.96057980634945,0.0 -78.76846106410873,33.96062022636185,0.0 -78.76835852690546,33.9606606473231,0.0 -78.76825598705867,33.960701069629195,0.0 -78.76814396912998,33.96071594869354,0.0 -78.76805135309768,33.96076500510374,0.0 -78.7679585178627,33.960822515550575,0.0 -78.767865678399,33.96088002439334,0.0 -78.76776292056351,33.96092889788544,0.0 -78.76766986103242,33.96099485875356,0.0 -78.76757680563288,33.96106082018705,0.0 -78.76747382327176,33.96111814495459,0.0 -78.76738098670987,33.96117565211183,0.0 -78.76730799424723,33.96125043462029,0.0 -78.76722507972103,33.961316578475895,0.0 -78.76712231769447,33.96136545088953,0.0 -78.76701029927676,33.96138033076793,0.0 -78.76695142562427,33.96130315585103,0.0 -78.76693356853627,33.9612098137426,0.0 -78.76690556721124,33.96111628661501,0.0 -78.76681582497251,33.96105546424284,0.0 -78.7667989387925,33.96104999769383,0.0 -78.76677446849911,33.960980743850506,0.0 -78.76676943708631,33.96072358472459,0.0 -78.76678618313936,33.96057867308415,0.0 -78.76679971630651,33.96054550892119,0.0 -78.76682996342991,33.960514523018524,0.0</coordinates>
                    </LinearRing>
                </outerBoundaryIs>
            </Polygon>
        </Placemark>
        <Placemark id="350895">
            <name>Wetland_38051</name>
            <styleUrl>#350900</styleUrl>
            <Polygon id="350894">
                <outerBoundaryIs>
                    <LinearRing id="350898">
                        <coordinates>-78.76645904456704,33.962183223988276,0.0 -78.76657865956543,33.96213712702819,0.0 -78.76668165066187,33.962165449293714,0.0 -78.76674875923543,33.962284520591496,0.0 -78.76675883100656,33.96241423812746,0.0 -78.7667783417739,33.962641525449456,0.0 -78.76671639249213,33.96270912073975,0.0 -78.76662573648068,33.96269547552046,0.0 -78.76647553192387,33.96256389679054,0.0 -78.766359697631,33.96241826079201,0.0 -78.76636196611996,33.962303222656814,0.0 -78.76645904456704,33.962183223988276,0.0</coordinates>
                    </LinearRing>
                </outerBoundaryIs>
            </Polygon>
        </Placemark>
        <Placemark id="350904">
            <name>Wetland_38052</name>
            <styleUrl>#350909</styleUrl>
            <Polygon id="350903">
                <outerBoundaryIs>
                    <LinearRing id="350907">
                        <coordinates>-78.76410243497035,33.96120067151775,0.0 -78.76401291413367,33.96113139375239,0.0 -78.76398852579145,33.961130950980454,0.0 -78.76396125905845,33.96113045515853,0.0 -78.76390133586972,33.96112936626384,0.0 -78.76379019951106,33.96111043270569,0.0 -78.763748822864,33.9610823884825,0.0 -78.76372323411488,33.96106504444801,0.0 -78.76370045755918,33.961049607591185,0.0 -78.76369274846647,33.96095645111246,0.0 -78.76377566492107,33.960890307830404,0.0 -78.76386850506553,33.96083280282091,0.0 -78.76395208524899,33.96074130244973,0.0 -78.76399487149985,33.96065751820464,0.0 -78.76390534991529,33.96058824190569,0.0 -78.76379421412852,33.96056930921721,0.0 -78.7636724937407,33.960567095507486,0.0 -78.76356091736331,33.960565067849416,0.0 -78.76343919571993,33.960562854613116,0.0 -78.76332761721032,33.960560826407324,0.0 -78.76321537914241,33.960584153934605,0.0 -78.7631033587598,33.960599030604044,0.0 -78.7629913385312,33.96061390628473,0.0 -78.76286961916881,33.96061169189245,0.0 -78.76275737747807,33.96063501937042,0.0 -78.7626349902414,33.96065816207805,0.0 -78.76250312943395,33.960655764164684,0.0 -78.76239155208476,33.96065373433831,0.0 -78.76225968914791,33.96065133582482,0.0 -78.76214810966711,33.960649305440974,0.0 -78.76203631046556,33.96065572905484,0.0 -78.76191437044989,33.96066196672201,0.0 -78.76178250536948,33.96065956734209,0.0 -78.76173813187212,33.96065876061034,0.0 -78.76162925145573,33.960625769243826,0.0 -78.76149604559163,33.960592892492464,0.0 -78.76128188688182,33.96050295605608,0.0 -78.76112324716571,33.960479069673404,0.0 -78.76091588347286,33.96042861684254,0.0 -78.76078620953761,33.960344989264506,0.0 -78.76075977374026,33.96029293392048,0.0 -78.76074745032224,33.96013402984572,0.0 -78.76076169953268,33.96000545283424,0.0 -78.76079996889843,33.9599688637676,0.0 -78.76111737804518,33.9599461465627,0.0 -78.76135033751915,33.959957067363845,0.0 -78.7613543568539,33.95995836761553,0.0 -78.76146548776781,33.95997730305938,0.0 -78.76158720971213,33.95997951765552,0.0 -78.76170892951907,33.95998173180072,0.0 -78.76182050608776,33.95998376140822,0.0 -78.7619323028804,33.95997733959765,0.0 -78.76203484377928,33.95993692357047,0.0 -78.76213760135477,33.95988805653461,0.0 -78.76224940159415,33.95988163314125,0.0 -78.76236119820544,33.95987521091597,0.0 -78.76247344019207,33.959851883082294,0.0 -78.7625850163986,33.95985391283371,0.0 -78.76269659387972,33.95985594175879,0.0 -78.76281831098807,33.95985815617559,0.0 -78.7629298872125,33.95986018559457,0.0 -78.76305160687164,33.95986239832863,0.0 -78.76316318330481,33.959864426642504,0.0 -78.76327475954716,33.95986645572902,0.0 -78.7633964792258,33.959868668100356,0.0 -78.76350849791595,33.95985379377565,0.0 -78.76362095976107,33.95982201263436,0.0 -78.763723497242,33.95978159566245,0.0 -78.76383529592997,33.9597751714558,0.0 -78.7639468711868,33.959777198853345,0.0 -78.76406858967326,33.959779410357065,0.0 -78.76419119635136,33.95974781407512,0.0 -78.76430365737312,33.9597160340273,0.0 -78.7644158949417,33.95969270558294,0.0 -78.76452791465094,33.959677828670245,0.0 -78.76465007558004,33.959663134608874,0.0 -78.76475239221155,33.9596311689177,0.0 -78.76487455477658,33.9596164767018,0.0 -78.76498635186498,33.95961005210156,0.0 -78.76507609316464,33.959670876332346,0.0 -78.76516561473613,33.95974015180732,0.0 -78.76526594307471,33.95978425520465,0.0 -78.76537685611218,33.95981163749601,0.0 -78.76545623253031,33.95988072919138,0.0 -78.76552524795751,33.95995808926078,0.0 -78.76555324614371,33.96005161670291,0.0 -78.76554067256636,33.9601444070787,0.0 -78.76550781024147,33.96023682894728,0.0 -78.76548509133406,33.960329434004834,0.0 -78.76541209716873,33.960404213478895,0.0 -78.76540944664706,33.96050564008479,0.0 -78.76539687175377,33.96059843023007,0.0 -78.76539443910384,33.96069140429874,0.0 -78.7654949896998,33.960727056294715,0.0 -78.76560612310296,33.96074598598117,0.0 -78.76571770154278,33.96074801375016,0.0 -78.76582927911281,33.960750040370044,0.0 -78.7659408577608,33.960752067043764,0.0 -78.76603082255377,33.96080443665462,0.0 -78.76613137231672,33.96084008881069,0.0 -78.76624317144525,33.960833661243626,0.0 -78.76635496909007,33.960827235167535,0.0 -78.76636440698424,33.96084821190598,0.0 -78.76639333403728,33.9609124944469,0.0 -78.76634918568848,33.96097088665179,0.0 -78.76633026344375,33.9609959115197,0.0 -78.76619773672336,33.96101887357142,0.0 -78.76608615768784,33.96101684714662,0.0 -78.76596399530602,33.961031540940745,0.0 -78.76585241606185,33.9610295151709,0.0 -78.76573069557801,33.96102730554963,0.0 -78.76561911761472,33.96102527883607,0.0 -78.76549761522847,33.961014615580986,0.0 -78.76537589517105,33.96101240382616,0.0 -78.7652643181138,33.961010377812165,0.0 -78.76515340253901,33.96098299441614,0.0 -78.76503256501414,33.9609469738807,0.0 -78.76491150643328,33.960919405241484,0.0 -78.76479000752467,33.960908741726016,0.0 -78.76468746804431,33.96094915942439,0.0 -78.76458492504482,33.96098957742598,0.0 -78.76449208952991,33.961047083643564,0.0 -78.7644091724431,33.96111322726335,0.0 -78.76438860839426,33.96115349704133,0.0 -78.76430385059948,33.9612015113007,0.0 -78.76422893579276,33.96122228436509,0.0 -78.76410529442177,33.96121649148078,0.0 -78.76410205082917,33.96121536453086,0.0 -78.76410243497035,33.96120067151775,0.0</coordinates>
                    </LinearRing>
                </outerBoundaryIs>
            </Polygon>
        </Placemark>
        <Placemark id="350913">
            <name>Wetland_38053</name>
            <styleUrl>#350918</styleUrl>
            <Polygon id="350912">
                <outerBoundaryIs>
                    <LinearRing id="350916">
                        <coordinates>-78.75962147931318,33.959713766896044,0.0 -78.75954513414854,33.959680201184256,0.0 -78.75943355894776,33.959678170423665,0.0 -78.7593217602335,33.959684589500306,0.0 -78.75920952203168,33.95970791404991,0.0 -78.75909772520409,33.959714334113066,0.0 -78.75898570548117,33.95972920593362,0.0 -78.75887412954616,33.9597271727123,0.0 -78.75876255449246,33.95972514042502,0.0 -78.75865164194767,33.95969775058636,0.0 -78.75854050850326,33.959678813708635,0.0 -78.75842937852575,33.9596598763279,0.0 -78.75833941926844,33.95960749968088,0.0 -78.75826004580958,33.959538404346745,0.0 -78.75825539332028,33.95953384261743,0.0 -78.75826026769235,33.959529952319095,0.0 -78.75835355441708,33.959455545811295,0.0 -78.7584558733519,33.95942358567314,0.0 -78.75856855721261,33.959383358109484,0.0 -78.75867131876507,33.95933449267616,0.0 -78.75877363955577,33.95930253257557,0.0 -78.75889624333765,33.959270941234294,0.0 -78.75901796196479,33.95927315821293,0.0 -78.75912998102794,33.95925828635355,0.0 -78.75924155649686,33.959260318450475,0.0 -78.75936327277638,33.95926253562329,0.0 -78.75947484932952,33.95926456765677,0.0 -78.75958642461977,33.95926660030128,0.0 -78.75969755558715,33.95928553586258,0.0 -78.75981838720895,33.95932156101014,0.0 -78.75991871199267,33.959365669071175,0.0 -78.76001903708625,33.95940977616239,0.0 -78.76011935975554,33.95945388460146,0.0 -78.76021990781847,33.95948953964335,0.0 -78.7603409603853,33.95951711292261,0.0 -78.76045143017075,33.95956140433088,0.0 -78.76054138844941,33.95961377989475,0.0 -78.76061039916942,33.95969114116869,0.0 -78.76067940748844,33.959768503831064,0.0 -78.76068904241097,33.95977503567155,0.0 -78.76069648649344,33.95983789974971,0.0 -78.76068147443213,33.96014973638848,0.0 -78.76065221408915,33.96023293377448,0.0 -78.76060159948473,33.96023880246936,0.0 -78.76048596684646,33.96020827935279,0.0 -78.76024878254086,33.96005455588677,0.0 -78.75990962313838,33.959833027038584,0.0 -78.759642392369,33.95971848363548,0.0 -78.75962147931318,33.959713766896044,0.0</coordinates>
                    </LinearRing>
                </outerBoundaryIs>
            </Polygon>
        </Placemark>
        <Placemark id="350922">
            <name>Wetland_38054</name>
            <styleUrl>#350927</styleUrl>
            <Polygon id="350921">
                <outerBoundaryIs>
                    <LinearRing id="350925">
                        <coordinates>-78.75752301795687,33.9559141706333,0.0 -78.75748488972137,33.95582045890731,0.0 -78.75745712105468,33.95571847819724,0.0 -78.75744942012554,33.95562531977368,0.0 -78.75744193815504,33.95552370790424,0.0 -78.75742409140314,33.95543036417491,0.0 -78.757396327046,33.95532838492501,0.0 -78.75738884410086,33.95522677285186,0.0 -78.75739128571009,33.95513380004594,0.0 -78.75739372449064,33.955040824984124,0.0 -78.75739616521284,33.95494785111432,0.0 -78.75739860466052,33.954854877952094,0.0 -78.7574111866594,33.95476208957806,0.0 -78.75739258678314,33.95469992868975,0.0 -78.75746695382749,33.95463689341575,0.0 -78.75754186626342,33.9546161248825,0.0 -78.7575427784559,33.95461592565441,0.0 -78.75763787410703,33.95463092079619,0.0 -78.75774877803471,33.95465831163492,0.0 -78.75783828756741,33.954727592360875,0.0 -78.75789714746543,33.95480477170475,0.0 -78.75794564339557,33.95489021657647,0.0 -78.75798399664895,33.954975477550335,0.0 -78.75799170029538,33.95506863633792,0.0 -78.75799940396014,33.955161795113824,0.0 -78.7579969626801,33.9552547696884,0.0 -78.75809750564177,33.95529042605734,0.0 -78.75821921697549,33.95529264373593,0.0 -78.7583224170958,33.95522687421651,0.0 -78.7583587148005,33.95521553550197,0.0 -78.7583608751029,33.95521383205572,0.0 -78.75846398983526,33.95517166919946,0.0 -78.75858484884458,33.95518987120579,0.0 -78.75877029545799,33.9551985693377,0.0 -78.75899565620662,33.955168409055254,0.0 -78.75912219165743,33.95509131209457,0.0 -78.75929744699046,33.95504078211066,0.0 -78.75945607511089,33.955064671180885,0.0 -78.7594785310749,33.95507152832465,0.0 -78.75957440425248,33.95508055606468,0.0 -78.7596963382848,33.955074319394306,0.0 -78.7597889517455,33.9550252691522,0.0 -78.75984187957523,33.95494167097383,0.0 -78.75984453908035,33.95484024496423,0.0 -78.75986726307501,33.95474764035433,0.0 -78.75990012868944,33.95465521926869,0.0 -78.75989242261254,33.954562061442616,0.0 -78.75983378116007,33.95447643260602,0.0 -78.75974471522356,33.95439024675253,0.0 -78.75964505954151,33.95432078342731,0.0 -78.75953349004111,33.95431875153347,0.0 -78.75942192142193,33.95431672057367,0.0 -78.7592997682594,33.95433140744612,0.0 -78.75920671051362,33.95439736222831,0.0 -78.75914385928057,33.954472324001586,0.0 -78.7590706472224,33.95455555188766,0.0 -78.75897759008848,33.95462150662894,0.0 -78.75888497445287,33.954670555924416,0.0 -78.7587919191695,33.954736510830095,0.0 -78.75866887539522,33.95478500678824,0.0 -78.75855642200025,33.954816783799444,0.0 -78.75845410699304,33.95484874388215,0.0 -78.7583986795553,33.95484773348103,0.0 -78.7583279370424,33.954837079131174,0.0 -78.75826272539712,33.95481443714676,0.0 -78.75818656199988,33.95477091571644,0.0 -78.75817159024801,33.95469814851245,0.0 -78.75820169451238,33.95463274060497,0.0 -78.75830751027443,33.95463466773154,0.0 -78.75841974447992,33.95461134528098,0.0 -78.75853220085105,33.954579568879026,0.0 -78.7586353999632,33.954513798142266,0.0 -78.7587086124457,33.95443057052634,0.0 -78.75878160851762,33.95435579486726,0.0 -78.75885482323388,33.9542725657051,0.0 -78.75884711863718,33.954179406881465,0.0 -78.75876797312614,33.95410185948076,0.0 -78.75867802003872,33.95404948271387,0.0 -78.75858851053826,33.95398020257697,0.0 -78.75859094726874,33.95388722999537,0.0 -78.75870340145639,33.95385545323789,0.0 -78.75881497047055,33.95385748505402,0.0 -78.75892609570462,33.953876421822976,0.0 -78.7590264131925,33.95392053009717,0.0 -78.75912695344216,33.95395618723383,0.0 -78.75924799764383,33.95398375922575,0.0 -78.75935956431789,33.9539857919537,0.0 -78.75947135634321,33.95397937120825,0.0 -78.75957366979651,33.95394741019332,0.0 -78.75967642357386,33.953898543540234,0.0 -78.75976903779802,33.9538494935653,0.0 -78.75988060361523,33.95385152386991,0.0 -78.7599921724577,33.95385355543149,0.0 -78.76009515053765,33.953796237673195,0.0 -78.76015821983164,33.95371282290402,0.0 -78.76017102129873,33.9536115812862,0.0 -78.7602038835389,33.95351916141857,0.0 -78.76024688936054,33.95342692536356,0.0 -78.76024932663857,33.95333395124693,0.0 -78.7602720495191,33.953241347260445,0.0 -78.76027448568932,33.95314837295981,0.0 -78.76030734975656,33.953055953331365,0.0 -78.76038056163064,33.95297272307014,0.0 -78.76047339486857,33.95291522021156,0.0 -78.76057371112053,33.952959326158116,0.0 -78.7605611327728,33.95305211684391,0.0 -78.76055869821519,33.95314509044279,0.0 -78.76055626131105,33.95323806458782,0.0 -78.76057410701469,33.95333140744539,0.0 -78.76058181592683,33.953424565694775,0.0 -78.76057937884485,33.95351754068709,0.0 -78.76055665819561,33.95361014590374,0.0 -78.76053349230436,33.95371965409123,0.0 -78.76053105856846,33.95381262865164,0.0 -78.76052862073523,33.953905601675025,0.0 -78.76047569394834,33.953989202036325,0.0 -78.76044282968779,33.95408162160237,0.0 -78.76048096364102,33.95417533392286,0.0 -78.76054996949958,33.95425269577986,0.0 -78.76055767291683,33.954345853993644,0.0 -78.76056538064071,33.95443901284156,0.0 -78.76056294477627,33.95453198699403,0.0 -78.7605706514527,33.9546251456579,0.0 -78.76057835814753,33.95471830431014,0.0 -78.76059620723505,33.95481164835107,0.0 -78.7606039107625,33.954904806494916,0.0 -78.76060147600141,33.95499778075406,0.0 -78.7605988185452,33.9550992069204,0.0 -78.76057609745925,33.95519181195385,0.0 -78.76054323281171,33.95528423140658,0.0 -78.76052028676332,33.955385287999555,0.0 -78.76051784974364,33.95547826187695,0.0 -78.76052555860376,33.955571420753685,0.0 -78.76048277249032,33.9556552044252,0.0 -78.76041992254174,33.955730166931644,0.0 -78.76029577229436,33.95582092436032,0.0 -78.76017272794267,33.955869420970714,0.0 -78.76005057210136,33.955884110370306,0.0 -78.75993900055553,33.95588207799496,0.0 -78.75982765120051,33.95587159624392,0.0 -78.75975864502092,33.95579423235771,0.0 -78.75970000493469,33.955708603912754,0.0 -78.75958976421379,33.95565585788841,0.0 -78.7594781928091,33.95565382594791,0.0 -78.75936617897806,33.955668698204285,0.0 -78.7592532810663,33.955717380000074,0.0 -78.75916044360254,33.95577488168053,0.0 -78.75906760775305,33.95583238536572,0.0 -78.75897476981945,33.95588988776933,0.0 -78.75887245572268,33.955921848502854,0.0 -78.75876021850173,33.95594517207473,0.0 -78.75864776240265,33.95597694896863,0.0 -78.75852471785495,33.95602544398119,0.0 -78.75841270223782,33.95604031514752,0.0 -78.75829098973436,33.95603809767649,0.0 -78.75817986372498,33.956019160677954,0.0 -78.75804867081365,33.95599140241915,0.0 -78.75793732000224,33.955980915887665,0.0 -78.75782508670575,33.95600423919758,0.0 -78.75770270740408,33.9560273771413,0.0 -78.75760238795914,33.95598326784224,0.0 -78.75752301795687,33.9559141706333,0.0</coordinates>
                    </LinearRing>
                </outerBoundaryIs>
            </Polygon>
        </Placemark>
        <Placemark id="350931">
            <name>Wetland_38055</name>
            <styleUrl>#350936</styleUrl>
            <Polygon id="350930">
                <outerBoundaryIs>
                    <LinearRing id="350934">
                        <coordinates>-78.7604831165697,33.95167505137506,0.0 -78.76051271095979,33.95167558973713,0.0 -78.76060461860375,33.95170284064471,0.0 -78.76073645372023,33.95182759231319,0.0 -78.76089267031232,33.951938531304734,0.0 -78.76089952918107,33.95202697911194,0.0 -78.76077573997516,33.95210449358752,0.0 -78.76065384488433,33.95217355297968,0.0 -78.76058713616258,33.952281516019895,0.0 -78.7605691875014,33.95236185927019,0.0 -78.76049501110833,33.95245558600052,0.0 -78.76046717228273,33.95246578358138,0.0 -78.76041374499445,33.95246481126363,0.0 -78.76029157870568,33.95248287022333,0.0 -78.76016994246183,33.952480655359395,0.0 -78.76004777823604,33.95249871438443,0.0 -78.75992667194221,33.95247622645108,0.0 -78.75983043043479,33.952433908853564,0.0 -78.7597093251793,33.952411421732215,0.0 -78.75963846900122,33.95232900018356,0.0 -78.75956761384792,33.95224657962422,0.0 -78.75954594598777,33.95214477285656,0.0 -78.75954860332719,33.95204340707513,0.0 -78.75957558712906,33.95194248612211,0.0 -78.75962636570438,33.95186227984599,0.0 -78.75972526651907,33.95180323319381,0.0 -78.75977604679773,33.951723028041144,0.0 -78.75987441734745,33.951684254085144,0.0 -78.75999658141241,33.9516661953877,0.0 -78.76011821570522,33.95166840851646,0.0 -78.76023984853957,33.95167062311624,0.0 -78.7603614835249,33.95167283791108,0.0 -78.7604831165697,33.95167505137506,0.0</coordinates>
                    </LinearRing>
                </outerBoundaryIs>
            </Polygon>
        </Placemark>
        <Placemark id="350940">
            <name>Wetland_38056</name>
            <styleUrl>#350945</styleUrl>
            <Polygon id="350939">
                <outerBoundaryIs>
                    <LinearRing id="350943">
                        <coordinates>-78.75197896801383,33.965196681195955,0.0 -78.75203514205336,33.9651187828421,0.0 -78.7521313031266,33.96506416754268,0.0 -78.75222716649178,33.965020818581245,0.0 -78.75233566293278,33.965011525902455,0.0 -78.75244267579563,33.965058581323426,0.0 -78.75256440325361,33.96506080505675,0.0 -78.75267289951327,33.96505151294249,0.0 -78.75279462482237,33.96505373611075,0.0 -78.7529028251226,33.96505571316668,0.0 -78.7530242556122,33.9650692056407,0.0 -78.75314598310325,33.965071428762414,0.0 -78.75320963105143,33.96507259165999,0.0 -78.75332462528888,33.96508991336295,0.0 -78.75346892634757,33.965073187806354,0.0 -78.75357829435397,33.965003124998084,0.0 -78.75371183455596,33.964955932084315,0.0 -78.7539045810533,33.96493208150157,0.0 -78.75392873017562,33.9649278749112,0.0 -78.75401573976384,33.964929463917876,0.0 -78.7541248307698,33.96489763038509,0.0 -78.75423421507537,33.96485452791376,0.0 -78.7543436005292,33.96481142461828,0.0 -78.75445239641451,33.96479086120721,0.0 -78.75457530301657,33.9647480047689,0.0 -78.7546976235205,33.96472768779525,0.0 -78.75479348378045,33.964684337411825,0.0 -78.75490168469196,33.96468631276273,0.0 -78.75500988473348,33.96468828697096,0.0 -78.75511808565597,33.964690262119625,0.0 -78.75522628590512,33.96469223524539,0.0 -78.75530565830607,33.964761333475494,0.0 -78.75530299325136,33.96486276002439,0.0 -78.75522006473274,33.9649288949984,0.0 -78.7551233182828,33.965006055819266,0.0 -78.75504038926337,33.96507219153306,0.0 -78.75497069039118,33.96514984335736,0.0 -78.75488746740092,33.96522724954131,0.0 -78.75483129291,33.96530514877931,0.0 -78.75477482372568,33.96539431752947,0.0 -78.7547051230334,33.96547196988142,0.0 -78.75463542327479,33.965549622345414,0.0 -78.754525149002,33.96562653298065,0.0 -78.7544163541169,33.96564709676295,0.0 -78.75430815061843,33.96564512168165,0.0 -78.75421466074624,33.96559831473595,0.0 -78.75410794143437,33.96553999336705,0.0 -78.754014746696,33.965481915829095,0.0 -78.75390743311469,33.96544613166753,0.0 -78.75380012157935,33.96541034860783,0.0 -78.75369191969321,33.96540837223074,0.0 -78.75359605793409,33.96545172166441,0.0 -78.75349990149975,33.96550633967867,0.0 -78.75338962148821,33.965583250352545,0.0 -78.75328023569682,33.96562635198811,0.0 -78.75315850840985,33.96562412917206,0.0 -78.75305030731617,33.965622152357895,0.0 -78.75294210495899,33.965620176161124,0.0 -78.75283360774513,33.96562946940233,0.0 -78.7527254053833,33.96562749300306,0.0 -78.7526036774316,33.965625267681816,0.0 -78.75249547702904,33.96562329227087,0.0 -78.7523728619633,33.96565487587821,0.0 -78.75223701682084,33.96567494287586,0.0 -78.75210146725539,33.96568374209913,0.0 -78.75199296897785,33.965693033510355,0.0 -78.75188417420934,33.96571359595419,0.0 -78.75177538084931,33.965734156696655,0.0 -78.75168172333471,33.96573244442229,0.0 -78.75159737957141,33.96571973852293,0.0 -78.75152244927196,33.96570123976202,0.0 -78.75148931066909,33.96565297859791,0.0 -78.7515101832266,33.96559258232513,0.0 -78.75159136624634,33.965527845051724,0.0 -78.75168752530999,33.96547322790331,0.0 -78.75178338688518,33.96542988076801,0.0 -78.7518795456941,33.96537526345374,0.0 -78.75193572317765,33.96529736565006,0.0 -78.75197896801383,33.965196681195955,0.0</coordinates>
                    </LinearRing>
                </outerBoundaryIs>
            </Polygon>
        </Placemark>
        <Placemark id="350949">
            <name>Wetland_38057</name>
            <styleUrl>#350954</styleUrl>
            <Polygon id="350948">
                <outerBoundaryIs>
                    <LinearRing id="350952">
                        <coordinates>-78.74948276923803,33.96815869995835,0.0 -78.74943959816085,33.96814751052097,0.0 -78.74937129414296,33.968146591534335,0.0 -78.74935320398114,33.968112094827184,0.0 -78.74934728003109,33.968100797200265,0.0 -78.74938254811656,33.96804518922091,0.0 -78.74942886636141,33.96799124695047,0.0 -78.74946154793139,33.96797273939342,0.0 -78.74945432647377,33.9679307368934,0.0 -78.74945410298402,33.96792944136095,0.0 -78.74942456564234,33.96788281581282,0.0 -78.74943921077283,33.96784284584443,0.0 -78.74943728694808,33.9678003786985,0.0 -78.74941474208866,33.96777355168074,0.0 -78.74937608078808,33.96776772697902,0.0 -78.74931375240006,33.96779114044283,0.0 -78.74929019516428,33.96776884622649,0.0 -78.74930235924708,33.96771444457215,0.0 -78.74926380251576,33.96765708662881,0.0 -78.74923324975175,33.96761499335774,0.0 -78.74915795687794,33.96759427705294,0.0 -78.74911128965564,33.96757318724356,0.0 -78.74906867833388,33.96753396340176,0.0 -78.74901456738834,33.96746957651071,0.0 -78.74897443807228,33.96744478537931,0.0 -78.74898503087786,33.96742294906349,0.0 -78.74900114307977,33.9674019461412,0.0 -78.74898209126638,33.96738501598845,0.0 -78.74887963790397,33.96738363961203,0.0 -78.74880829556606,33.96739632124501,0.0 -78.74875103676759,33.9673970677479,0.0 -78.7487068505505,33.96739041036572,0.0 -78.74859897914949,33.96733666838359,0.0 -78.74856031919909,33.96733084356822,0.0 -78.74854319014443,33.96735637860629,0.0 -78.74852446595946,33.967347916828615,0.0 -78.74851208045638,33.967342319715726,0.0 -78.74850380987424,33.9673251751915,0.0 -78.74859873364234,33.96721010191889,0.0 -78.74868654440074,33.96725144981558,0.0 -78.74874729739177,33.96726060327965,0.0 -78.74884062826996,33.96730278182372,0.0 -78.74891795033506,33.96731443157791,0.0 -78.74899922232785,33.967359481209286,0.0 -78.74903932697994,33.967376620111196,0.0 -78.74906696472027,33.967388431716216,0.0 -78.74913764558111,33.96745531597078,0.0 -78.74912750862046,33.96750065141699,0.0 -78.74914351960271,33.967531181296714,0.0 -78.74919469419277,33.96755763554575,0.0 -78.74924992445551,33.96756595663279,0.0 -78.74928351613173,33.967594448943245,0.0 -78.74929648612915,33.96763857943337,0.0 -78.74933458827414,33.96767243753794,0.0 -78.74934755743801,33.967716566976314,0.0 -78.74938768359944,33.96774135836566,0.0 -78.74944291508531,33.96774967952035,0.0 -78.74947605333917,33.9677546721036,0.0 -78.74946591673334,33.96780000668225,0.0 -78.7494758460226,33.96785773689693,0.0 -78.74952093740191,33.96791139386114,0.0 -78.74952534368778,33.96796829196923,0.0 -78.7494986368268,33.968011130094176,0.0 -78.74943924686903,33.96807247736736,0.0 -78.74943068508622,33.96808524534364,0.0 -78.7494808471326,33.96811623491355,0.0 -78.74954058526329,33.968129920293016,0.0 -78.7496087851616,33.96818237147281,0.0 -78.74962829112374,33.96822280027644,0.0 -78.74961972808636,33.96823556898287,0.0 -78.74958309302491,33.96822067622257,0.0 -78.74954600398804,33.96818228555895,0.0 -78.74948276923803,33.96815869995835,0.0</coordinates>
                    </LinearRing>
                </outerBoundaryIs>
            </Polygon>
        </Placemark>
        <Placemark id="350958">
            <name>Wetland_38058</name>
            <styleUrl>#350963</styleUrl>
            <Polygon id="350957">
                <outerBoundaryIs>
                    <LinearRing id="350961">
                        <coordinates>-78.74750393194265,33.96231784217769,0.0 -78.74729086853458,33.96213853120339,0.0 -78.74708880514217,33.96200562796221,0.0 -78.74690399084619,33.96187532449662,0.0 -78.74693881833416,33.961719573759545,0.0 -78.74713487734881,33.961719846123515,0.0 -78.7471742894416,33.961623332070424,0.0 -78.74727177828228,33.961506296343416,0.0 -78.74716370499073,33.96143146557796,0.0 -78.74710912748895,33.96127687872833,0.0 -78.74724285621727,33.96107748762892,0.0 -78.74737341835241,33.96089225503008,0.0 -78.74757439198734,33.960790813455255,0.0 -78.74761638587074,33.960749942577195,0.0 -78.74857806186348,33.96053723160577,0.0 -78.74855986885746,33.960506782648594,0.0 -78.74821390876171,33.959927764983924,0.0 -78.7479332536439,33.95939249929613,0.0 -78.74769610370481,33.959110274959386,0.0 -78.74768170779083,33.959113001178316,0.0 -78.74768820923437,33.959040871905685,0.0 -78.74759134908034,33.9590169521344,0.0 -78.74724875970736,33.95897464886976,0.0 -78.74693599843171,33.959002099973155,0.0 -78.7468841982051,33.95892903240809,0.0 -78.74690749458297,33.95877405365028,0.0 -78.7471384165835,33.95870629993762,0.0 -78.74729222085794,33.95872947798073,0.0 -78.74784667798832,33.95873844904967,0.0 -78.74823140569401,33.95869387057882,0.0 -78.74847171285629,33.95843174721264,0.0 -78.74870436690394,33.95800065851074,0.0 -78.74879691571415,33.957688300640015,0.0 -78.74882847772695,33.957496341616185,0.0 -78.74902114453968,33.95658375533087,0.0 -78.74914796807793,33.95611807241782,0.0 -78.7492766289673,33.95523779256304,0.0 -78.74936321161341,33.954643766380634,0.0 -78.7494821762929,33.95471924543513,0.0 -78.74958655133662,33.9547800307865,0.0 -78.74973946094599,33.954868877222346,0.0 -78.74973946129266,33.95487429872786,0.0 -78.74974069307672,33.954875401408664,0.0 -78.75024417276629,33.95514612847946,0.0 -78.75067943822303,33.955311087690276,0.0 -78.75087050477154,33.955209912989176,0.0 -78.75127782701246,33.955243526347665,0.0 -78.75177449040196,33.95546193747685,0.0 -78.75198799764749,33.95570134039904,0.0 -78.75210322135867,33.95609594981606,0.0 -78.7519032076161,33.956537131471954,0.0 -78.75151350051823,33.95702718048536,0.0 -78.75134624755347,33.957416626748284,0.0 -78.75099136140366,33.957776475480465,0.0 -78.75063440454079,33.95821478537381,0.0 -78.75040574787111,33.958550773479615,0.0 -78.75011293826343,33.958937921769866,0.0 -78.74999949325175,33.95966851881273,0.0 -78.74998571800427,33.960191604588275,0.0 -78.74997745286686,33.960505454444245,0.0 -78.7500530189866,33.96121334129663,0.0 -78.74998611159383,33.961369118748486,0.0 -78.74995328334016,33.96155246519914,0.0 -78.74994387311764,33.96162680693711,0.0 -78.74988167100389,33.96172502160479,0.0 -78.74983616318384,33.96175523690647,0.0 -78.74973949849796,33.96179769873788,0.0 -78.74973949805381,33.961815179268164,0.0 -78.74972484915862,33.96180413448359,0.0 -78.74946055336561,33.9616048530362,0.0 -78.74928348876648,33.96151962948847,0.0 -78.74920848834718,33.961376603707514,0.0 -78.74914015029553,33.961044312620416,0.0 -78.74904790662261,33.96089868747584,0.0 -78.74899332360977,33.96074410108128,0.0 -78.74901406469411,33.96057159193014,0.0 -78.7490992123598,33.96035024261568,0.0 -78.74912137193387,33.96025112861689,0.0 -78.74893481058403,33.96020838109158,0.0 -78.74867260241953,33.960344505880926,0.0 -78.7487553465413,33.960532608400385,0.0 -78.7487328587849,33.96079267163429,0.0 -78.74857129786669,33.96079759986986,0.0 -78.74841748566082,33.960847604573864,0.0 -78.74847839922495,33.96097387286686,0.0 -78.74865229641252,33.96107325468121,0.0 -78.74883569188272,33.9611301610371,0.0 -78.74899408979788,33.961139392386045,0.0 -78.74898743250654,33.96132865927366,0.0 -78.74892902813619,33.96151012994158,0.0 -78.74884104133513,33.96158468942736,0.0 -78.74874988760358,33.96167340740817,0.0 -78.7486193274328,33.96185864137699,0.0 -78.7485405095128,33.96205167175304,0.0 -78.74843494690295,33.96228458120792,0.0 -78.74840328813599,33.962426172699104,0.0 -78.7484000072283,33.96244084628434,0.0 -78.7480665551103,33.96233737872844,0.0 -78.74765259842071,33.96227500167245,0.0 -78.74750393194265,33.96231784217769,0.0</coordinates>
                    </LinearRing>
                </outerBoundaryIs>
            </Polygon>
        </Placemark>
        <Placemark id="350967">
            <name>Wetland_38059</name>
            <styleUrl>#350972</styleUrl>
            <Polygon id="350966">
                <outerBoundaryIs>
                    <LinearRing id="350970">
                        <coordinates>-78.75019845856126,33.94875953983158,0.0 -78.75051595961797,33.948768046830125,0.0 -78.75071912214545,33.94881177423069,0.0 -78.75080785098021,33.94893878470756,0.0 -78.75084771936058,33.94914148054041,0.0 -78.75088451974054,33.94923881529175,0.0 -78.75088052528437,33.9492497159457,0.0 -78.75084354997846,33.949350653295305,0.0 -78.75068234024575,33.94940503759712,0.0 -78.75049211687823,33.94944630651064,0.0 -78.75029726684937,33.949460653022896,0.0 -78.75015117749967,33.94944737990896,0.0 -78.75003187851796,33.949385693865885,0.0 -78.74997826044363,33.9492683426168,0.0 -78.7499627729239,33.949051836663806,0.0 -78.75004754731269,33.94881547326617,0.0 -78.75004969204339,33.94881467741281,0.0 -78.75019845856126,33.94875953983158,0.0</coordinates>
                    </LinearRing>
                </outerBoundaryIs>
            </Polygon>
        </Placemark>
        <Placemark id="350976">
            <name>Wetland_38060</name>
            <styleUrl>#350981</styleUrl>
            <Polygon id="350975">
                <outerBoundaryIs>
                    <LinearRing id="350979">
                        <coordinates>-78.74625685050518,33.95309246710439,0.0 -78.74631167196902,33.95306827439771,0.0 -78.74640552069337,33.95309053267592,0.0 -78.7463965631298,33.95321900292897,0.0 -78.74639891760116,33.95334106448321,0.0 -78.74641864093503,33.95347385738815,0.0 -78.74639114580764,33.95359682792352,0.0 -78.74631740214703,33.95366144343752,0.0 -78.746261794278,33.953644947866906,0.0 -78.74624188744124,33.953601378663244,0.0 -78.74625943786826,33.95352288603452,0.0 -78.74622743045921,33.953445038649335,0.0 -78.74623620566683,33.95340579232952,0.0 -78.74626761165075,33.95335372876957,0.0 -78.7462477046884,33.9533101604309,0.0 -78.74622525999904,33.95323375337787,0.0 -78.74623579037727,33.953186657077026,0.0 -78.74626544088729,33.95314244435411,0.0 -78.74625685050518,33.95309246710439,0.0</coordinates>
                    </LinearRing>
                </outerBoundaryIs>
            </Polygon>
        </Placemark>
        <Placemark id="350985">
            <name>Wetland_38061</name>
            <styleUrl>#350990</styleUrl>
            <Polygon id="350984">
                <outerBoundaryIs>
                    <LinearRing id="350988">
                        <coordinates>-78.75460225591384,33.951598970976136,0.0 -78.75450194370534,33.95155485960765,0.0 -78.75438023722523,33.95155263783868,0.0 -78.75426867161622,33.9515506017365,0.0 -78.75414652034293,33.95156528481608,0.0 -78.75403473474567,33.95157170003812,0.0 -78.75392272533547,33.95158656885719,0.0 -78.75381182583814,33.95155917495415,0.0 -78.75373246455423,33.95149007578313,0.0 -78.75369411852375,33.95140481405091,0.0 -78.75370692564447,33.951303573392586,0.0 -78.75378014251174,33.95122034887071,0.0 -78.75386305702607,33.951154211867134,0.0 -78.75393605145757,33.9510794384626,0.0 -78.75397884081475,33.950995657430845,0.0 -78.7540117114204,33.95090323932423,0.0 -78.75395329913798,33.95080915553431,0.0 -78.75385299084667,33.95076504211913,0.0 -78.75374209234263,33.95073764899868,0.0 -78.75363053005746,33.95073561260037,0.0 -78.75351874346036,33.95074202700603,0.0 -78.75340762252699,33.95072308655905,0.0 -78.75329605919933,33.950721049676815,0.0 -78.75318449821818,33.95071901212986,0.0 -78.75323742999853,33.95063541738333,0.0 -78.7533498806122,33.95060364553703,0.0 -78.75345219127445,33.95057168875608,0.0 -78.75354480351514,33.95052264234897,0.0 -78.75362771709513,33.950456507215975,0.0 -78.75364052414645,33.95035526644198,0.0 -78.75366325204311,33.950262662184684,0.0 -78.75366569685647,33.95016968869713,0.0 -78.75371863009093,33.950086093115885,0.0 -78.7537413574234,33.949993490571885,0.0 -78.75369309060085,33.949899590224156,0.0 -78.75360336537454,33.94983875941066,0.0 -78.7535006109935,33.94988762060144,0.0 -78.7533780188734,33.949919205545704,0.0 -78.75327526531777,33.94996806669333,0.0 -78.75316236950567,33.950016743454086,0.0 -78.75304022061819,33.950031424511295,0.0 -78.75292865828726,33.95002938727145,0.0 -78.75281709489012,33.95002734976257,0.0 -78.75270553257083,33.950025312307645,0.0 -78.75259263564267,33.95007398658809,0.0 -78.75245968018967,33.950113839532655,0.0 -78.75235736864894,33.950145795293245,0.0 -78.75224469256794,33.95018601782744,0.0 -78.7521421628117,33.95022642527909,0.0 -78.75204932624513,33.950283923419086,0.0 -78.75195671461765,33.95033296792707,0.0 -78.75185396070164,33.95038182795084,0.0 -78.75175098214919,33.9504391387922,0.0 -78.75163853219433,33.950470909254044,0.0 -78.75154591755008,33.950519954859686,0.0 -78.75144360851695,33.95055190940181,0.0 -78.75132190114796,33.95054968584872,0.0 -78.75121033831887,33.95054764607502,0.0 -78.75108863350059,33.95054542083943,0.0 -78.75097707048694,33.950543381721026,0.0 -78.75086506304066,33.950558247760874,0.0 -78.75077244712914,33.95060729082119,0.0 -78.75065052149752,33.95061351843972,0.0 -78.7505394027106,33.950594574515996,0.0 -78.75043909408386,33.950550459563786,0.0 -78.75033856051596,33.95051479719065,0.0 -78.75024883885627,33.95045396134275,0.0 -78.7501591210339,33.950393128706985,0.0 -78.75014128268475,33.950299784823606,0.0 -78.75015387256518,33.950206996683804,0.0 -78.75015631726295,33.95011402261075,0.0 -78.75007718429354,33.95003646972305,0.0 -78.74999805128441,33.9499589176536,0.0 -78.7499597079271,33.9498736542117,0.0 -78.74997229795693,33.94978086603232,0.0 -78.75007505226397,33.94973200762308,0.0 -78.75018705935503,33.9497171442555,0.0 -78.75029884408133,33.94971073113921,0.0 -78.75043069073163,33.949713141904546,0.0 -78.75054247289476,33.949706729990226,0.0 -78.75065403684698,33.94970876985473,0.0 -78.75076537706775,33.94971926157111,0.0 -78.75088708098397,33.9497214853908,0.0 -78.75099886419358,33.94971507319738,0.0 -78.75111064865358,33.94970866017733,0.0 -78.75121317846065,33.949668252732614,0.0 -78.75131571371831,33.94962784512271,0.0 -78.75140876815593,33.94956189563349,0.0 -78.7515117468756,33.94950458519513,0.0 -78.7516142772796,33.94946417754691,0.0 -78.75172695157251,33.949423955428855,0.0 -78.7518299277332,33.949366644374884,0.0 -78.75194215670076,33.94934332629646,0.0 -78.75205371802683,33.94934536449053,0.0 -78.75216528043072,33.94934740273865,0.0 -78.75226781136267,33.94930699466575,0.0 -78.7523705634104,33.94925813509012,0.0 -78.75248256958264,33.94924326861381,0.0 -78.75259413185198,33.94924530644908,0.0 -78.7527056919832,33.94924734385371,0.0 -78.75282784097693,33.94923266241804,0.0 -78.75293962440026,33.94922624850918,0.0 -78.75304215496973,33.94918583886482,0.0 -78.75314446156139,33.949153882857765,0.0 -78.75325624738345,33.94914746720538,0.0 -78.75336847648609,33.94912414878026,0.0 -78.75347078198833,33.949092191440926,0.0 -78.75358234513982,33.94909422848587,0.0 -78.75369346233462,33.949113170407216,0.0 -78.75380435744495,33.949140563473684,0.0 -78.75389385970077,33.94920984631881,0.0 -78.75394234758716,33.94929529437375,0.0 -78.75396018790548,33.94938863834161,0.0 -78.75401904268827,33.94946581788129,0.0 -78.75409840022313,33.94953491583511,0.0 -78.7542090757285,33.949570761829264,0.0 -78.75430938415359,33.949614873406794,0.0 -78.75437838007491,33.94969223853171,0.0 -78.75444737613277,33.9497696036076,0.0 -78.75450600600965,33.94985523538215,0.0 -78.75457500340971,33.94993260052683,0.0 -78.75468545638259,33.94997689800915,0.0 -78.75479635199392,33.95000428993074,0.0 -78.75490702760864,33.95004013419271,0.0 -78.75502806854556,33.95006771139428,0.0 -78.75516961223782,33.95008720673602,0.0 -78.75529064992762,33.95011478405675,0.0 -78.75540199134888,33.95012527130552,0.0 -78.75551355280909,33.95012730599937,0.0 -78.75563526139011,33.95012952723027,0.0 -78.75574682286246,33.95013156169925,0.0 -78.75585838648462,33.950133596383665,0.0 -78.75597061320742,33.95011027409933,0.0 -78.75609298717063,33.95008713742996,0.0 -78.75619529369463,33.95005517876331,0.0 -78.75628790447747,33.950006131174376,0.0 -78.75638051446545,33.94995708158663,0.0 -78.75650288465481,33.94993394487568,0.0 -78.7566054141137,33.949893532993286,0.0 -78.75668854538996,33.94981894332829,0.0 -78.75679085492877,33.949786982849375,0.0 -78.75689316291862,33.949755023877685,0.0 -78.75700516981784,33.949740154076245,0.0 -78.75712620908314,33.949767727890745,0.0 -78.75722674332134,33.94980338599786,0.0 -78.75733830436957,33.94980541893439,0.0 -78.75743839486482,33.949857981117546,0.0 -78.75752789969764,33.949927262680944,0.0 -78.75758675606792,33.950004440903854,0.0 -78.75762488500133,33.95009815290372,0.0 -78.75764273077571,33.95019149724194,0.0 -78.75761978588518,33.95029255352772,0.0 -78.75754679571232,33.950367329323726,0.0 -78.75745396402611,33.95042483194327,0.0 -78.7573710505011,33.950490969330026,0.0 -78.7572782206828,33.95054847212296,0.0 -78.75716599089833,33.950571793417666,0.0 -78.75704428333587,33.950569575882064,0.0 -78.75693271945396,33.950567540582604,0.0 -78.75681101619277,33.95056532344756,0.0 -78.75669900914617,33.95058019320885,0.0 -78.75658677767797,33.950603515540195,0.0 -78.75646440753724,33.95062665248316,0.0 -78.7563526222039,33.95063307066761,0.0 -78.75623091710646,33.95063085083963,0.0 -78.75611935188961,33.95062881547516,0.0 -78.75601926197295,33.95057625412539,0.0 -78.75592931264055,33.950523874652944,0.0 -78.75583958817342,33.950463046110194,0.0 -78.75573949924718,33.95041048186616,0.0 -78.75563896685397,33.95037482369835,0.0 -78.7555278470009,33.950355885439414,0.0 -78.75541672759506,33.950336945312976,0.0 -78.75530516262221,33.95033491004237,0.0 -78.755193822184,33.950324421985066,0.0 -78.7550730051362,33.950288393167455,0.0 -78.75496210795286,33.95026100136022,0.0 -78.75487216076363,33.95020862120478,0.0 -78.7547822143735,33.95015624289756,0.0 -78.75467176177101,33.95011194744011,0.0 -78.7545615319428,33.950059197990385,0.0 -78.75446099839478,33.95002353845873,0.0 -78.75434943711006,33.95002150274992,0.0 -78.75426652353016,33.9500876382735,0.0 -78.75425393728219,33.95018042758537,0.0 -78.75429228351936,33.95026568838586,0.0 -78.75438156375448,33.95034342447008,0.0 -78.7544710664338,33.950412708357696,0.0 -78.75454006448804,33.95049007258693,0.0 -78.7545680499449,33.95058360169133,0.0 -78.75457552683139,33.950685213355264,0.0 -78.75460350830923,33.950778740901384,0.0 -78.7546112096572,33.95087190074542,0.0 -78.75460876594649,33.95096487416742,0.0 -78.75460632222996,33.95105784757827,0.0 -78.75460388279564,33.95115082162399,0.0 -78.75461135890765,33.951252432169895,0.0 -78.75467021534338,33.951329612950886,0.0 -78.75477008375915,33.95139062944797,0.0 -78.75487039590823,33.95143474059348,0.0 -78.75498151479498,33.95145368001225,0.0 -78.75509263461085,33.95147262036546,0.0 -78.755204201202,33.95147465583528,0.0 -78.755336050782,33.95147706188242,0.0 -78.75545775717161,33.951479282646766,0.0 -78.75556976506401,33.95146441217949,0.0 -78.75566237790903,33.951415365176274,0.0 -78.75575498976248,33.95136631705448,0.0 -78.75586810890263,33.95130918677777,0.0 -78.75597086133175,33.95126032413095,0.0 -78.75606347387993,33.951211275914666,0.0 -78.75616600524148,33.95117086448455,0.0 -78.75627801323587,33.951155995248754,0.0 -78.75638957833397,33.951158029416106,0.0 -78.75650069699874,33.95117696826337,0.0 -78.7566115981647,33.95120435888423,0.0 -78.75672293790248,33.9512148452406,0.0 -78.75683450416814,33.95121687914021,0.0 -78.75694606829562,33.95121891260931,0.0 -78.75705763310754,33.95122094789266,0.0 -78.7571691972466,33.951222981146714,0.0 -78.75725228804653,33.95121820903463,0.0 -78.75735767826664,33.95126449199322,0.0 -78.75741607734841,33.95137585176346,0.0 -78.75734137461231,33.95146289363039,0.0 -78.75725426725761,33.951461305563825,0.0 -78.7571420381027,33.951484628013326,0.0 -78.75625522355172,33.951637582363546,0.0 -78.75615246846372,33.9516864457969,0.0 -78.75605963525717,33.95174394736666,0.0 -78.75595688097911,33.95179281078167,0.0 -78.75586426894371,33.95184185815863,0.0 -78.75576129248022,33.95189917262034,0.0 -78.7556587597574,33.95193958453627,0.0 -78.75554652924302,33.95196290630651,0.0 -78.75542481888185,33.95196068515367,0.0 -78.75530333392462,33.95195001225272,0.0 -78.75519243537519,33.95192262089004,0.0 -78.75509256595001,33.9518616048007,0.0 -78.75499247661067,33.95180904104874,0.0 -78.7548822429041,33.95175629274227,0.0 -78.75479251588979,33.95169546228184,0.0 -78.75470278813984,33.95163463070522,0.0 -78.75460225591384,33.951598970976136,0.0</coordinates>
                    </LinearRing>
                </outerBoundaryIs>
            </Polygon>
        </Placemark>
        <Placemark id="350994">
            <name>Wetland_38062</name>
            <styleUrl>#350999</styleUrl>
            <Polygon id="350993">
                <outerBoundaryIs>
                    <LinearRing id="350997">
                        <coordinates>-78.77351978074758,33.95751413812285,0.0 -78.77361859063933,33.95751592711867,0.0 -78.77374986048311,33.9575366083796,0.0 -78.77404557608075,33.95756941782226,0.0 -78.77438496810902,33.95761217130322,0.0 -78.77455033056202,33.95762667115705,0.0 -78.77449804670964,33.957671473475884,0.0 -78.77362251773121,33.9576048653631,0.0 -78.77362037696773,33.95760465606124,0.0 -78.7736175458492,33.957604511188,0.0 -78.77344930753982,33.95759117840209,0.0 -78.77344149861374,33.95756763909908,0.0 -78.77351978074758,33.95751413812285,0.0</coordinates>
                    </LinearRing>
                </outerBoundaryIs>
            </Polygon>
        </Placemark>
        <Placemark id="351003">
            <name>Wetland_38063</name>
            <styleUrl>#351008</styleUrl>
            <Polygon id="351002">
                <outerBoundaryIs>
                    <LinearRing id="351006">
                        <coordinates>-78.77366511392614,33.957661954779866,0.0 -78.77444031789068,33.95772093957599,0.0 -78.7740469769993,33.95805798115626,0.0 -78.77388366459743,33.95817146200379,0.0 -78.77366511392614,33.957661954779866,0.0</coordinates>
                    </LinearRing>
                </outerBoundaryIs>
            </Polygon>
        </Placemark>
        <Placemark id="351012">
            <name>Wetland_38064</name>
            <styleUrl>#351017</styleUrl>
            <Polygon id="351011">
                <outerBoundaryIs>
                    <LinearRing id="351015">
                        <coordinates>-78.77346765500513,33.95764647607803,0.0 -78.7735934088029,33.957656434917205,0.0 -78.77383024869921,33.95820857927271,0.0 -78.77377812207067,33.95824480063403,0.0 -78.77371802771441,33.9582598014394,0.0 -78.77363674893213,33.9580837421182,0.0 -78.77347204922442,33.957659722703426,0.0 -78.77346765500513,33.95764647607803,0.0</coordinates>
                    </LinearRing>
                </outerBoundaryIs>
            </Polygon>
        </Placemark>
        <Placemark id="351021">
            <name>Wetland_38065</name>
            <styleUrl>#351026</styleUrl>
            <Polygon id="351020">
                <outerBoundaryIs>
                    <LinearRing id="351024">
                        <coordinates>-78.76113882387688,33.96326267676823,0.0 -78.76103816317163,33.96322454199204,0.0 -78.76092203800944,33.963222427917195,0.0 -78.76089196268667,33.96322187978501,0.0 -78.7608820083644,33.963218169358946,0.0 -78.76082073930414,33.96319815081141,0.0 -78.76076816358852,33.96316864773596,0.0 -78.76075608353382,33.96313444765855,0.0 -78.76078396889207,33.963068489909524,0.0 -78.76079204491312,33.96306082570147,0.0 -78.76082486753246,33.96305124518691,0.0 -78.76092742802898,33.96301680969329,0.0 -78.76102998629078,33.96298237378456,0.0 -78.76113286628362,33.96293584272397,0.0 -78.76122186216958,33.96286485643343,0.0 -78.76133862034423,33.96284278039367,0.0 -78.7614411807341,33.96280834267626,0.0 -78.76155793915568,33.962786264653644,0.0 -78.76167469819016,33.96276418843451,0.0 -78.76179145949972,33.96274211153982,0.0 -78.76189465184798,33.96268348343252,0.0 -78.76196944820352,33.962600138557775,0.0 -78.76205844294738,33.96252915159556,0.0 -78.76216131939027,33.962482620153274,0.0 -78.76224999900596,33.9624237273122,0.0 -78.76232447651262,33.96235247685736,0.0 -78.7624134704553,33.9622814904808,0.0 -78.76251634568193,33.96223495678744,0.0 -78.76261890650628,33.96220052008516,0.0 -78.76272178237951,33.96215398724635,0.0 -78.76279626046781,33.96208273574577,0.0 -78.76287073822365,33.96201148507112,0.0 -78.7629310144394,33.96192787422787,0.0 -78.76300549406916,33.96185662377567,0.0 -78.76305157379255,33.961760654431075,0.0 -78.76312605227747,33.96168940284496,0.0 -78.76320052955445,33.961618151043254,0.0 -78.76327500562346,33.961546899025905,0.0 -78.76333528640926,33.961463288730776,0.0 -78.7634239625183,33.96140439651592,0.0 -78.76351263742153,33.96134550406748,0.0 -78.76357291477787,33.96126189226338,0.0 -78.76361867650972,33.961178017480414,0.0 -78.7636931535292,33.96110676723836,0.0 -78.76370095887708,33.96109594165511,0.0 -78.76371601484202,33.96108929535213,0.0 -78.763748822864,33.9610823884825,0.0 -78.76379019951106,33.96111043270569,0.0 -78.76390133586972,33.96112936626384,0.0 -78.76396125905845,33.96113045515853,0.0 -78.76396188062931,33.9611308625995,0.0 -78.76397574326907,33.9611557180975,0.0 -78.76397624478916,33.96118141880545,0.0 -78.7639212851723,33.96126822579538,0.0 -78.76383261066469,33.96132711856199,0.0 -78.76378684693081,33.96141099309044,0.0 -78.7637697966964,33.961507490931126,0.0 -78.7636950052542,33.96159083828364,0.0 -78.76360601238643,33.9616618246633,0.0 -78.76351670414581,33.9617449079013,0.0 -78.76342802947141,33.96180380224524,0.0 -78.76338226541745,33.96188767480345,0.0 -78.76329358833539,33.961946568711284,0.0 -78.7632187940174,33.962029914507795,0.0 -78.76313011811624,33.962088806681194,0.0 -78.76306983857617,33.9621724180067,0.0 -78.76303827305966,33.96226865103975,0.0 -78.76299251006633,33.96235252547826,0.0 -78.76297545884236,33.96244902220747,0.0 -78.76291518100344,33.962532633737425,0.0 -78.76284070259484,33.96260388527406,0.0 -78.76276590716482,33.962687230709655,0.0 -78.76272014343743,33.96277110587667,0.0 -78.76264566589256,33.96284235654796,0.0 -78.7625427881923,33.962888888238155,0.0 -78.7624683091047,33.962960139503835,0.0 -78.76245125904867,33.963056637285106,0.0 -78.76237677991442,33.9631278875968,0.0 -78.76228810173959,33.96318678080591,0.0 -78.76215746112972,33.9631844031037,0.0 -78.7620413345314,33.963182291750286,0.0 -78.76192520726046,33.96318017835865,0.0 -78.761822645917,33.96321461456717,0.0 -78.76170588800247,33.96323669300704,0.0 -78.76158912700204,33.9632587699642,0.0 -78.76147236827669,33.96328084624568,0.0 -78.76136980728047,33.96331528397092,0.0 -78.76125368090226,33.96331317006774,0.0 -78.76113882387688,33.96326267676823,0.0</coordinates>
                    </LinearRing>
                </outerBoundaryIs>
            </Polygon>
        </Placemark>
        <Placemark id="351030">
            <name>Wetland_38066</name>
            <styleUrl>#351035</styleUrl>
            <Polygon id="351029">
                <outerBoundaryIs>
                    <LinearRing id="351033">
                        <coordinates>-78.7759960072422,33.957751141451354,0.0 -78.7762592617854,33.95776505319201,0.0 -78.77631987096736,33.95777940504831,0.0 -78.77629124739433,33.9578022428647,0.0 -78.77629566536112,33.95780821130381,0.0 -78.77499706613744,33.95770943495244,0.0 -78.7750834672293,33.9576734199074,0.0 -78.77517401790601,33.95768136023325,0.0 -78.77541507590328,33.95770402585877,0.0 -78.77573299004624,33.9577280791296,0.0 -78.7759960072422,33.957751141451354,0.0</coordinates>
                    </LinearRing>
                </outerBoundaryIs>
            </Polygon>
        </Placemark>
        <Placemark id="351039">
            <name>Wetland_38067</name>
            <styleUrl>#351044</styleUrl>
            <Polygon id="351038">
                <outerBoundaryIs>
                    <LinearRing id="351042">
                        <coordinates>-78.77488779206837,33.9577549843095,0.0 -78.77633791926978,33.95786530340876,0.0 -78.77635538241499,33.9578889010292,0.0 -78.77633668308961,33.95789050651273,0.0 -78.77633404361369,33.957991933187245,0.0 -78.77633169645223,33.95808209118838,0.0 -78.77632934840967,33.95817224813758,0.0 -78.77631347771684,33.958262161104194,0.0 -78.77627056059492,33.95835158594432,0.0 -78.77621382299903,33.95845203462298,0.0 -78.77613062496538,33.95852945620932,0.0 -78.77607447324641,33.95860736589418,0.0 -78.7760183235598,33.95868527586689,0.0 -78.77596217268908,33.95876318564345,0.0 -78.77593277763589,33.95885285431492,0.0 -78.77591690634864,33.958942767149786,0.0 -78.77587398732712,33.959032191605,0.0 -78.77587163853154,33.959122349316324,0.0 -78.77584224450796,33.959212017205125,0.0 -78.77579903177836,33.95931271008227,0.0 -78.77575611027449,33.959402134129384,0.0 -78.77567320339392,33.95946828577612,0.0 -78.77557706419458,33.95952292258007,0.0 -78.77546710934307,33.959588584747095,0.0 -78.7753709691724,33.9596432194503,0.0 -78.77524837039549,33.95967482805321,0.0 -78.77515252548332,33.95971819529937,0.0 -78.7750566806613,33.959761561583825,0.0 -78.77496083573291,33.95980492778661,0.0 -78.77486469562143,33.95985956397688,0.0 -78.77480854382924,33.95993747324126,0.0 -78.7747388666411,33.96001513887337,0.0 -78.77469853324912,33.96007109965638,0.0 -78.77401599443652,33.9584799610293,0.0 -78.77423013186107,33.95831863712518,0.0 -78.77488056734754,33.95775799572309,0.0 -78.77488779206837,33.9577549843095,0.0</coordinates>
                    </LinearRing>
                </outerBoundaryIs>
            </Polygon>
        </Placemark>
        <Placemark id="351048">
            <name>Wetland_38068</name>
            <styleUrl>#351053</styleUrl>
            <Polygon id="351047">
                <outerBoundaryIs>
                    <LinearRing id="351051">
                        <coordinates>-78.77393999165722,33.95853721777787,0.0 -78.77396359052037,33.958519439491866,0.0 -78.77466985377602,33.960165888490685,0.0 -78.77466684056233,33.960182960423744,0.0 -78.7746644905361,33.960273117099895,0.0 -78.77467491978139,33.960357467240755,0.0 -78.77460155772003,33.960261312606654,0.0 -78.77449724617573,33.96004890518628,0.0 -78.7742057960071,33.95943038052413,0.0 -78.77398500722819,33.959051111771295,0.0 -78.77390141805515,33.95866845709547,0.0 -78.77393999165722,33.95853721777787,0.0</coordinates>
                    </LinearRing>
                </outerBoundaryIs>
            </Polygon>
        </Placemark>
        <Placemark id="351057">
            <name>Wetland_38069</name>
            <styleUrl>#351062</styleUrl>
            <Polygon id="351056">
                <outerBoundaryIs>
                    <LinearRing id="351060">
                        <coordinates>-78.76608558888664,33.95334316833072,0.0 -78.76614082585648,33.953351483783216,0.0 -78.76618480052039,33.95339055509207,0.0 -78.7662025036133,33.953429276842805,0.0 -78.76621087702426,33.95349996972869,0.0 -78.76619923704983,33.95358587965553,0.0 -78.7662272361007,33.953679407143206,0.0 -78.76623494729989,33.953772565197916,0.0 -78.7662325182001,33.95386553953779,0.0 -78.76623008568171,33.95395851426249,0.0 -78.76622765442616,33.95405148825739,0.0 -78.76622589975322,33.95411877228112,0.0 -78.76620198955243,33.954139519065,0.0 -78.76616912863285,33.95414899470387,0.0 -78.76613218684432,33.95413443412149,0.0 -78.76612446270651,33.95411726402978,0.0 -78.76610660824763,33.95402392093036,0.0 -78.76606824660111,33.95393866255794,0.0 -78.76607067931138,33.95384568783392,0.0 -78.76607332962458,33.95374426139088,0.0 -78.76605547297129,33.9536509187961,0.0 -78.76602747735235,33.953557391747275,0.0 -78.76600377181893,33.95352631541167,0.0 -78.7659906908093,33.95347311000851,0.0 -78.76600471395167,33.95341031933542,0.0 -78.76603417593503,33.95335706183684,0.0 -78.76608558888664,33.95334316833072,0.0</coordinates>
                    </LinearRing>
                </outerBoundaryIs>
            </Polygon>
        </Placemark>
        <Placemark id="351066">
            <name>Wetland_38070</name>
            <styleUrl>#351071</styleUrl>
            <Polygon id="351065">
                <outerBoundaryIs>
                    <LinearRing id="351069">
                        <coordinates>-78.76682952526987,33.95902114366026,0.0 -78.7669628573111,33.9589835235837,0.0 -78.767127665245,33.95901473987872,0.0 -78.76724979050256,33.959097223579974,0.0 -78.76725570455955,33.95924554524399,0.0 -78.76721088232426,33.95934135912796,0.0 -78.76706445501826,33.95940264993595,0.0 -78.7669658611041,33.959390887244055,0.0 -78.76689109693082,33.95934021661392,0.0 -78.7667907727304,33.959296114365976,0.0 -78.7667729162928,33.95920277199189,0.0 -78.76677534491573,33.959109798277204,0.0 -78.76678810458048,33.95905778757642,0.0 -78.76682952526987,33.95902114366026,0.0</coordinates>
                    </LinearRing>
                </outerBoundaryIs>
            </Polygon>
        </Placemark>
        <Placemark id="351075">
            <name>Wetland_38071</name>
            <styleUrl>#351080</styleUrl>
            <Polygon id="351074">
                <outerBoundaryIs>
                    <LinearRing id="351078">
                        <coordinates>-78.76120976779794,33.959068952230794,0.0 -78.76116421400023,33.9588185073559,0.0 -78.76123474199612,33.95857272173905,0.0 -78.76139439990496,33.958417279335926,0.0 -78.76149022654099,33.958232993090796,0.0 -78.76143988788334,33.9579690081064,0.0 -78.76144167086608,33.95775133158481,0.0 -78.7615009803089,33.95762565087001,0.0 -78.76161719333066,33.957559817364356,0.0 -78.76179169530008,33.95754763017376,0.0 -78.7619867120202,33.957583405000854,0.0 -78.76226746499529,33.95768977957777,0.0 -78.76284295458863,33.95777001637223,0.0 -78.76333950958114,33.957819137230345,0.0 -78.76407225002397,33.957929453682056,0.0 -78.7651266662589,33.958312543349926,0.0 -78.76572569933715,33.95867194331856,0.0 -78.76603579254689,33.95889169393312,0.0 -78.76605593113054,33.95915112815558,0.0 -78.76586669011635,33.95933417329118,0.0 -78.76548331037026,33.959372613702136,0.0 -78.76500878190639,33.959294769744105,0.0 -78.7646707256645,33.95934003042798,0.0 -78.76425297455965,33.95939252216451,0.0 -78.76387928983098,33.959387545674616,0.0 -78.76335804963173,33.95930907250927,0.0 -78.76298110082763,33.95921385979286,0.0 -78.76265211394298,33.95918355957565,0.0 -78.76236970794797,33.95922437013172,0.0 -78.7618756536461,33.95930382628602,0.0 -78.76141069549818,33.95925304970744,0.0 -78.76120976779794,33.959068952230794,0.0</coordinates>
                    </LinearRing>
                </outerBoundaryIs>
            </Polygon>
        </Placemark>
        <Placemark id="351084">
            <name>Wetland_38072</name>
            <styleUrl>#351089</styleUrl>
            <Polygon id="351083">
                <outerBoundaryIs>
                    <LinearRing id="351087">
                        <coordinates>-78.77096743368058,33.95573389308946,0.0 -78.77097129984546,33.95573422109867,0.0 -78.77096997870186,33.95573436616285,0.0 -78.77096743368058,33.95573389308946,0.0</coordinates>
                    </LinearRing>
                </outerBoundaryIs>
            </Polygon>
        </Placemark>
        <Placemark id="351093">
            <name>Wetland_38073</name>
            <styleUrl>#351098</styleUrl>
            <Polygon id="351092">
                <outerBoundaryIs>
                    <LinearRing id="351096">
                        <coordinates>-78.76991556246631,33.95494933801106,0.0 -78.76991894947619,33.954819582437146,0.0 -78.76993057541732,33.954763350661274,0.0 -78.77002198723605,33.954842915738666,0.0 -78.77002726673318,33.95484750946375,0.0 -78.7704172131033,33.95482861298245,0.0 -78.77061794166518,33.954897158593724,0.0 -78.77067311630279,33.95517077415012,0.0 -78.77065314443816,33.95533917538026,0.0 -78.77089720153779,33.95553832239821,0.0 -78.77116987867048,33.95569704769532,0.0 -78.77044966007769,33.95563610697568,0.0 -78.77044803500553,33.95563600523736,0.0 -78.77044640718366,33.95563597040714,0.0 -78.7704447778806,33.955636001766045,0.0 -78.77044315265346,33.95563609924066,0.0 -78.77044153559406,33.95563626435665,0.0 -78.7704399315804,33.95563649511877,0.0 -78.77043834188115,33.95563679080824,0.0 -78.77043677312544,33.95563715151306,0.0 -78.77043522785046,33.95563757579542,0.0 -78.77043371054124,33.95563806342061,0.0 -78.77043222520011,33.95563861135199,0.0 -78.7704307748469,33.955639220953756,0.0 -78.77042936260843,33.95563988814774,0.0 -78.77042799296963,33.955640612699156,0.0 -78.77042666866429,33.955641392290154,0.0 -78.7704253945704,33.95564222492561,0.0 -78.77042417108102,33.95564310884515,0.0 -78.77042300414622,33.95564404221506,0.0 -78.7704218945521,33.95564502151452,0.0 -78.77042084590808,33.9556460454673,0.0 -78.77041986114446,33.955647110875375,0.0 -78.77041894192281,33.95564821525955,0.0 -78.77041809097709,33.955649356302004,0.0 -78.77041731016543,33.95565053064334,0.0 -78.77041660241805,33.95565173508558,0.0 -78.77030246054093,33.95564438042996,0.0 -78.77005468025914,33.95558796364457,0.0 -78.76997953453245,33.95548274726169,0.0 -78.76998698224722,33.955197284997574,0.0 -78.76998134648525,33.95517771583527,0.0 -78.76991556246631,33.95494933801106,0.0</coordinates>
                    </LinearRing>
                </outerBoundaryIs>
            </Polygon>
        </Placemark>
        <Placemark id="351102">
            <name>Wetland_38074</name>
            <styleUrl>#351107</styleUrl>
            <Polygon id="351101">
                <outerBoundaryIs>
                    <LinearRing id="351105">
                        <coordinates>-78.76537780253379,33.96266139741942,0.0 -78.76546113845,33.96267394178185,0.0 -78.76552112218317,33.962726150673966,0.0 -78.76556062629498,33.96278678156633,0.0 -78.7655513000304,33.96282853468654,0.0 -78.7654804096258,33.96290119374649,0.0 -78.76537728867733,33.96294336156594,0.0 -78.7652790790308,33.96292857827169,0.0 -78.76519535042416,33.96288392401355,0.0 -78.76517429897,33.96284791569711,0.0 -78.76517344425679,33.962842166566055,0.0 -78.76521071634706,33.96274521669629,0.0 -78.76528777557093,33.96267989467577,0.0 -78.76537780253379,33.96266139741942,0.0</coordinates>
                    </LinearRing>
                </outerBoundaryIs>
            </Polygon>
        </Placemark>
        <Placemark id="351111">
            <name>Wetland_38075</name>
            <styleUrl>#351116</styleUrl>
            <Polygon id="351110">
                <outerBoundaryIs>
                    <LinearRing id="351114">
                        <coordinates>-78.76228424880803,33.953125749022284,0.0 -78.7621731238277,33.95310681545856,0.0 -78.76206155579781,33.95310478687567,0.0 -78.76192904013088,33.95312774409123,0.0 -78.76182672958909,33.95315970825988,0.0 -78.76173389685978,33.95321721306478,0.0 -78.76161218758615,33.95321499890931,0.0 -78.7614803348817,33.95321260002186,0.0 -78.76137802511742,33.953244563952325,0.0 -78.76129511084963,33.9533107037488,0.0 -78.76120250250973,33.95335975562175,0.0 -78.7611978736156,33.9533652777929,0.0 -78.76116893382685,33.953373919642566,0.0 -78.76108446001457,33.95336760934347,0.0 -78.76101924772475,33.95334496870722,0.0 -78.76097567099194,33.95329311895329,0.0 -78.760971439318,33.95327099011518,0.0 -78.76096373229736,33.95317783131685,0.0 -78.7609560252951,33.95308467250681,0.0 -78.7609483183112,33.95299151368519,0.0 -78.76104093105573,33.95294246087829,0.0 -78.76116153086866,33.95298693687368,0.0 -78.7612931614498,33.95299778910955,0.0 -78.76140495170662,33.952991367371375,0.0 -78.76146779743627,33.9529164039107,0.0 -78.76151057972598,33.95283262030391,0.0 -78.76147244753412,33.95273890760493,0.0 -78.76139330087706,33.95266136185807,0.0 -78.76140587797741,33.952568571917205,0.0 -78.76148900985834,33.952493978505984,0.0 -78.76156199931773,33.952419200592445,0.0 -78.7616546095338,33.952370148859224,0.0 -78.7617474382959,33.95231264269255,0.0 -78.76185922733887,33.95230622139177,0.0 -78.76197101548804,33.95229979894143,0.0 -78.76208324564101,33.952276471115916,0.0 -78.76220451273942,33.95229558932992,0.0 -78.76230505040128,33.95233124257847,0.0 -78.7624260930109,33.95235881218685,0.0 -78.76253744160513,33.95236929389922,0.0 -78.76264834296859,33.952396679963975,0.0 -78.76270029391355,33.952405530477456,0.0 -78.76280336120647,33.95245337933922,0.0 -78.76287058475437,33.952501962883915,0.0 -78.76292873944686,33.952626101154856,0.0 -78.7630123218039,33.952800885750754,0.0 -78.7630220301158,33.95285165440971,0.0 -78.76311132178947,33.95292938436333,0.0 -78.76322222454185,33.952956768096634,0.0 -78.76328529176881,33.95287335274345,0.0 -78.7632877241468,33.952780379221636,0.0 -78.76325973088271,33.952686852111896,0.0 -78.76323173681016,33.95259332394246,0.0 -78.76326459714741,33.95250090341482,0.0 -78.76333780535268,33.95241767122995,0.0 -78.76344077908745,33.952360350396965,0.0 -78.76353383083533,33.95229439204855,0.0 -78.76362643771857,33.95224533752913,0.0 -78.76373778182733,33.95225581832283,0.0 -78.7638588280416,33.95228338691925,0.0 -78.76398053807236,33.95228559904019,0.0 -78.76406404718121,33.952293458850434,0.0 -78.76410158334633,33.95231316722009,0.0 -78.76419153953486,33.95236553828717,0.0 -78.7642918567861,33.95240964280044,0.0 -78.76439195275438,33.952462200219216,0.0 -78.76450263624888,33.95249803517979,0.0 -78.76460251363564,33.952559043966765,0.0 -78.76469224907859,33.95261986762091,0.0 -78.76469995727182,33.95271302574617,0.0 -78.76461660919003,33.952796073872314,0.0 -78.76454340199209,33.95287930682387,0.0 -78.76449047737121,33.9529629068781,0.0 -78.76439764663881,33.95302041471041,0.0 -78.76431429576398,33.953103462264394,0.0 -78.7642613707463,33.95318706219051,0.0 -78.76419852679936,33.953262025216034,0.0 -78.76412554082621,33.953336806791626,0.0 -78.76405233084797,33.95342003729343,0.0 -78.76396898025214,33.95350308471894,0.0 -78.76387614849448,33.95356059209481,0.0 -78.7638130813436,33.95364400769635,0.0 -78.76375023640274,33.95371897131603,0.0 -78.76371737271484,33.9538113922331,0.0 -78.76367414842365,33.95391208146215,0.0 -78.76361130400947,33.95398704602283,0.0 -78.76353787479428,33.954078728712105,0.0 -78.76346488353133,33.95415350738912,0.0 -78.76338175177102,33.95422810206049,0.0 -78.76330876236338,33.95430288094804,0.0 -78.76323577388816,33.9543776599441,0.0 -78.76320269119732,33.95447853321375,0.0 -78.76317997123262,33.95457113850371,0.0 -78.76313718851209,33.9546549232582,0.0 -78.76308426332902,33.95473852280643,0.0 -78.76301105053584,33.954821754264486,0.0 -78.76294798339163,33.95490517046593,0.0 -78.76289483539603,33.954997221824925,0.0 -78.76283198828986,33.95507218569951,0.0 -78.76276913891897,33.9551471492101,0.0 -78.76266594284237,33.95521292181405,0.0 -78.76256274639545,33.95527869520095,0.0 -78.76246043242188,33.955310658804194,0.0 -78.76237751882586,33.95537680040594,0.0 -78.76231444968221,33.95546021516319,0.0 -78.76222954457566,33.955602427429056,0.0 -78.76203218404687,33.95577641787269,0.0 -78.76195919190219,33.95585119576539,0.0 -78.76189612066058,33.955934610964064,0.0 -78.76183327184283,33.95600957420918,0.0 -78.76177042329775,33.956084535652785,0.0 -78.76167780768122,33.95613358709082,0.0 -78.7615754939776,33.95616555196253,0.0 -78.76154373211277,33.956180656048666,0.0 -78.7614494376545,33.956172527494786,0.0 -78.76138900704957,33.956163428016126,0.0 -78.76134305544498,33.95612898180029,0.0 -78.7613453088148,33.95604297661112,0.0 -78.7613477429203,33.95595000158209,0.0 -78.76135040157777,33.955848575833535,0.0 -78.76135305808417,33.95574714974893,0.0 -78.76135549304668,33.955654175726124,0.0 -78.76136807087013,33.95556138526432,0.0 -78.76132971578203,33.95547612580523,0.0 -78.76132200704488,33.95538296713369,0.0 -78.76132466357227,33.95528154098916,0.0 -78.76132732330905,33.95518011531567,0.0 -78.76132270638124,33.9551243079525,0.0 -78.7613277866728,33.95510935482008,0.0 -78.76141994911892,33.9550463105473,0.0 -78.76152797776892,33.95494719383656,0.0 -78.7615457913507,33.95486745361689,0.0 -78.761548732018,33.954862807157475,0.0 -78.76154821867623,33.95485658799121,0.0 -78.76155014401975,33.95484796942436,0.0 -78.76154684247453,33.954839940282106,0.0 -78.76154102434901,33.95476964770886,0.0 -78.76147201724976,33.95469228561618,0.0 -78.7613716993389,33.95464818071211,0.0 -78.76136399082999,33.954555021064266,0.0 -78.76136664834682,33.95445359497271,0.0 -78.76136908412829,33.95436062183722,0.0 -78.76137152010061,33.95426764781041,0.0 -78.7613739551917,33.954174672730915,0.0 -78.76137639095579,33.95408169956199,0.0 -78.76133803463713,33.95399643873979,0.0 -78.76122735261582,33.95396060114592,0.0 -78.76120949975272,33.95386725661709,0.0 -78.7612119382402,33.95377428197728,0.0 -78.76123465776752,33.953681678413034,0.0 -78.76131756965705,33.95361553644594,0.0 -78.76142936099198,33.95360911380762,0.0 -78.76154070674882,33.9536195966937,0.0 -78.7616531602276,33.953587818103856,0.0 -78.76174577196765,33.95353876548885,0.0 -78.76186880865482,33.95349026570461,0.0 -78.76197133980762,33.95344985013046,0.0 -78.76211400054723,33.9534270775858,0.0 -78.76221631151807,33.95339511229366,0.0 -78.76232854297392,33.95337178514076,0.0 -78.76243085339146,33.9533398214173,0.0 -78.7624434302447,33.95324703248789,0.0 -78.76238456488667,33.95316985498428,0.0 -78.76228424880803,33.953125749022284,0.0</coordinates>
                    </LinearRing>
                </outerBoundaryIs>
            </Polygon>
        </Placemark>
        <Placemark id="351120">
            <name>Wetland_38076</name>
            <styleUrl>#351125</styleUrl>
            <Polygon id="351119">
                <outerBoundaryIs>
                    <LinearRing id="351123">
                        <coordinates>-78.74768170779083,33.959113001178316,0.0 -78.74769610370481,33.959110274959386,0.0 -78.7479332536439,33.95939249929613,0.0 -78.74821390876171,33.959927764983924,0.0 -78.74855986885746,33.960506782648594,0.0 -78.74857806186348,33.96053723160577,0.0 -78.74761638587074,33.960749942577195,0.0 -78.74589633012921,33.96113037330877,0.0 -78.74584792434646,33.96114107944871,0.0 -78.74565620326379,33.96095962824763,0.0 -78.74553762874723,33.96081851394408,0.0 -78.7454768277057,33.96041907759013,0.0 -78.74534785010141,33.95998882637255,0.0 -78.74541894860991,33.959670889525924,0.0 -78.74576472355027,33.95957921679369,0.0 -78.74672942336741,33.95929324839744,0.0 -78.74768170779083,33.959113001178316,0.0</coordinates>
                    </LinearRing>
                </outerBoundaryIs>
            </Polygon>
        </Placemark>
        <Placemark id="351129">
            <name>Wetland_38077</name>
            <styleUrl>#351134</styleUrl>
            <Polygon id="351128">
                <outerBoundaryIs>
                    <LinearRing id="351132">
                        <coordinates>-78.76197474881651,33.9568070317163,0.0 -78.76196470844043,33.9567893442415,0.0 -78.76211903753655,33.95683683878697,0.0 -78.7620953572679,33.95685150683062,0.0 -78.76197474881651,33.9568070317163,0.0</coordinates>
                    </LinearRing>
                </outerBoundaryIs>
            </Polygon>
        </Placemark>
        <Placemark id="351138">
            <name>Wetland_38078</name>
            <styleUrl>#351143</styleUrl>
            <Polygon id="351137">
                <outerBoundaryIs>
                    <LinearRing id="351141">
                        <coordinates>-78.76371421316318,33.95742214136633,0.0 -78.7636963271606,33.95738238928448,0.0 -78.76374490808112,33.957399197648634,0.0 -78.76393522675107,33.95747562515463,0.0 -78.76391552401665,33.95748499436001,0.0 -78.76380417370345,33.95747451310108,0.0 -78.76371421316318,33.95742214136633,0.0</coordinates>
                    </LinearRing>
                </outerBoundaryIs>
            </Polygon>
        </Placemark>
        <Placemark id="351147">
            <name>Wetland_38079</name>
            <styleUrl>#351152</styleUrl>
            <Polygon id="351146">
                <outerBoundaryIs>
                    <LinearRing id="351150">
                        <coordinates>-78.76506632959583,33.95732832472827,0.0 -78.76504847439847,33.95723498256758,0.0 -78.76501033494152,33.95714127053182,0.0 -78.76497219537944,33.9570475593523,0.0 -78.76491377038704,33.95695347898942,0.0 -78.76485512183588,33.95686785209094,0.0 -78.76478610960396,33.956790492190436,0.0 -78.76469637398137,33.956729667827425,0.0 -78.76459582762351,33.956694015665065,0.0 -78.76447455545679,33.95667489951895,0.0 -78.76436276105936,33.95668132524119,0.0 -78.76427014850681,33.95673037903714,0.0 -78.76421722313016,33.95681397888138,0.0 -78.76421479007031,33.95690695441954,0.0 -78.76419207274304,33.95699955994205,0.0 -78.764149066395,33.957091796551786,0.0 -78.76410628333353,33.957175581394345,0.0 -78.76409370782218,33.95726837003508,0.0 -78.76408113081561,33.957361160262444,0.0 -78.76401828294644,33.95743612455526,0.0 -78.76400336581216,33.95744321930791,0.0 -78.76377280956413,33.957350633790576,0.0 -78.76377114155608,33.95735000966209,0.0 -78.76367178771605,33.95731563440711,0.0 -78.76365800126061,33.9572435396366,0.0 -78.76363022549926,33.9571415590087,0.0 -78.76360245283013,33.95703957972518,0.0 -78.7636048853538,33.95694660493321,0.0 -78.76358703286449,33.95685326354005,0.0 -78.76353852994248,33.95676781949869,0.0 -78.76344923453107,33.9566900904264,0.0 -78.76333854724503,33.9566542521809,0.0 -78.76322719672741,33.956643771952685,0.0 -78.76312466183761,33.95668418935981,0.0 -78.76301242479097,33.95670751703157,0.0 -78.7629123243136,33.95665495871322,0.0 -78.76287396378804,33.95656969940467,0.0 -78.76287639930786,33.956476724893506,0.0 -78.76293924750081,33.95640176112796,0.0 -78.76304156270686,33.95636979714418,0.0 -78.76313417453115,33.956320744146545,0.0 -78.76322678838334,33.9562716913948,0.0 -78.7633194012438,33.956222637524455,0.0 -78.76343163769916,33.956199308661716,0.0 -78.76355379300436,33.95618461746061,0.0 -78.76366624955165,33.95615283613466,0.0 -78.76375908414934,33.95609533087316,0.0 -78.76387131814644,33.95607200125798,0.0 -78.76398266793592,33.956082480875494,0.0 -78.76409247081018,33.95615212699182,0.0 -78.76420271653821,33.95620486796944,0.0 -78.76431384534266,33.95622379934007,0.0 -78.76442630124404,33.95619201903808,0.0 -78.76446908449617,33.956108234134476,0.0 -78.76447151703204,33.956015259376535,0.0 -78.76446380537263,33.95592210202645,0.0 -78.7643848751998,33.95583610497435,0.0 -78.76429513650018,33.95577528045815,0.0 -78.76420517778325,33.955722908108086,0.0 -78.76408434970298,33.95568688736764,0.0 -78.76397344189932,33.955659503521474,0.0 -78.7638942878561,33.955581958580986,0.0 -78.76380477451467,33.95551268118682,0.0 -78.76371481623197,33.95546030931719,0.0 -78.7636039080038,33.955432924066685,0.0 -78.76348219522706,33.95543071188953,0.0 -78.76337966098835,33.955471129421056,0.0 -78.76329652901399,33.95554572318893,0.0 -78.76321361567949,33.95561186624908,0.0 -78.763110858645,33.95566073545064,0.0 -78.76304801267783,33.955735697780355,0.0 -78.76303543574862,33.95582848823929,0.0 -78.76304314335559,33.95592164625587,0.0 -78.76313288037349,33.95598247069102,0.0 -78.76314059093487,33.956075630927096,0.0 -78.76305767944373,33.956141772394275,0.0 -78.7629648438816,33.95619927885109,0.0 -78.76289185009009,33.956274056967736,0.0 -78.76278909520016,33.956322926328205,0.0 -78.76267796594519,33.95630399157405,0.0 -78.76256639333852,33.95630196349361,0.0 -78.76249318301439,33.956385194226186,0.0 -78.76244025470214,33.956468794016445,0.0 -78.7624073917219,33.95656121384442,0.0 -78.76235446407418,33.95664481461848,0.0 -78.76228124891483,33.95672804453569,0.0 -78.76218819190362,33.956794001674176,0.0 -78.76217959955171,33.956799322855474,0.0 -78.76214920268204,33.95678880614267,0.0 -78.76214798078827,33.95678840745744,0.0 -78.76192657196259,33.95672026934571,0.0 -78.76194896868886,33.95662898203782,0.0 -78.76199197523442,33.956536745864085,0.0 -78.76206518750293,33.956453514744815,0.0 -78.76214832503094,33.95637892154865,0.0 -78.76222131641539,33.95630414342527,0.0 -78.76229430873232,33.95622936541043,0.0 -78.76237788544266,33.956137867401736,0.0 -78.76246124161091,33.95605482155644,0.0 -78.76252408986277,33.95597985797567,0.0 -78.76257746056538,33.95587935394615,0.0 -78.76264030963678,33.955804390447305,0.0 -78.76272344251257,33.955729797173966,0.0 -78.76279643420592,33.95565501702878,0.0 -78.76288993403716,33.95557215635417,0.0 -78.76297306555222,33.95549756183859,0.0 -78.76304627794676,33.95541433031412,0.0 -78.76311926757137,33.95533955153506,0.0 -78.76317219526813,33.955255952357426,0.0 -78.76323504219579,33.955180988316066,0.0 -78.76332787274018,33.95512348284593,0.0 -78.76343107175111,33.95505770836929,0.0 -78.76351398392056,33.95499156686803,0.0 -78.76357683137986,33.95491660277804,0.0 -78.76366944348707,33.9548675487069,0.0 -78.76377175424209,33.95483558369578,0.0 -78.76389346502822,33.95483779541031,0.0 -78.76398342466177,33.95489016838683,0.0 -78.76408396734779,33.95492582100647,0.0 -78.76417370296026,33.95498664455145,0.0 -78.76427402463759,33.95503074908793,0.0 -78.76437456549284,33.955066401125315,0.0 -78.76448525247051,33.95510223685706,0.0 -78.7645966031049,33.95511271622195,0.0 -78.76470817260135,33.95511474395031,0.0 -78.76483010481189,33.95510850347188,0.0 -78.76493241774835,33.955076536887724,0.0 -78.7649643731644,33.95505104434469,0.0 -78.76497365291222,33.95505191645761,0.0 -78.76508544326707,33.95504549261501,0.0 -78.76519657190562,33.955064422449865,0.0 -78.76530748016887,33.95509180618726,0.0 -78.76541838636568,33.95511918949453,0.0 -78.76550834305647,33.95517156061924,0.0 -78.76559786200207,33.95524083648985,0.0 -78.76565628800297,33.9553349151157,0.0 -78.76564371316265,33.955427705739154,0.0 -78.76555110163073,33.955476761353644,0.0 -78.7654487896921,33.955508727749944,0.0 -78.76540600996253,33.9555925134005,0.0 -78.76539343517673,33.955685302206334,0.0 -78.76539100481989,33.95577827718251,0.0 -78.76544987082251,33.95585545224542,0.0 -78.76556144266999,33.955857478428854,0.0 -78.76567345559246,33.955842600182564,0.0 -78.76578458491701,33.95586153207205,0.0 -78.76585359751348,33.95593889058887,0.0 -78.76591202180667,33.956032970437725,0.0 -78.76594994310317,33.95613513382901,0.0 -78.7659777195859,33.95623711282434,0.0 -78.76593493895253,33.95632089843057,0.0 -78.76582226115448,33.95636113298617,0.0 -78.76571950710682,33.95641000389807,0.0 -78.765636372954,33.95648459965054,0.0 -78.76560351549743,33.95657702246086,0.0 -78.76557065387132,33.95666944372533,0.0 -78.76552787149285,33.95675322897438,0.0 -78.76551529861263,33.95684601885842,0.0 -78.76551413876564,33.956890418054286,0.0 -78.76549044500895,33.95696349776509,0.0 -78.76547029582309,33.95708866546339,0.0 -78.76552166026522,33.95717331908696,0.0 -78.7656067671989,33.95721177073817,0.0 -78.7656966602329,33.957263763154344,0.0 -78.76574940996329,33.957342215871826,0.0 -78.76582419495776,33.95739193383819,0.0 -78.76590728731686,33.957404442144195,0.0 -78.76598358507243,33.95737746743315,0.0 -78.76606882094404,33.95734542798946,0.0 -78.7661412697788,33.95733342342612,0.0 -78.76618183867666,33.957357040521536,0.0 -78.76627180293964,33.95740941066312,0.0 -78.76628943609172,33.957511206112876,0.0 -78.76631743665666,33.95760473310578,0.0 -78.76637630368094,33.95768190823198,0.0 -78.76639416036953,33.9577752510118,0.0 -78.76640187431602,33.95786840888822,0.0 -78.76635909217231,33.95795219431537,0.0 -78.76632623280908,33.95804461683397,0.0 -78.76631365940021,33.95813740736878,0.0 -78.76631122704191,33.95823038070625,0.0 -78.76626844674716,33.95831416638433,0.0 -78.76616613138765,33.95834613330408,0.0 -78.7660549982414,33.95832720272733,0.0 -78.76595511556633,33.95826619614275,0.0 -78.76584552912104,33.9581880999342,0.0 -78.76576637065968,33.95811055653227,0.0 -78.76568699683725,33.958041465051835,0.0 -78.76559703457943,33.95798909394132,0.0 -78.76549737076967,33.95791963351191,0.0 -78.76541799396598,33.957850542225394,0.0 -78.76535912542012,33.95777336718453,0.0 -78.76529011423062,33.95769600711902,0.0 -78.7652314668543,33.95761038081709,0.0 -78.76516267599361,33.95752456843614,0.0 -78.76510424934324,33.95743048806641,0.0 -78.76506632959583,33.95732832472827,0.0</coordinates>
                    </LinearRing>
                </outerBoundaryIs>
            </Polygon>
        </Placemark>
    </Document>
</kml>
