<?xml version="1.0" encoding="UTF-8"?>
<kml xmlns="http://www.opengis.net/kml/2.2" xmlns:gx="http://www.google.com/kml/ext/2.2">
    <Document id="418498">
        <Style id="418505">
            <LineStyle id="418507">
                <colorMode>normal</colorMode>
                <width>1</width>
            </LineStyle>
            <PolyStyle id="418506">
                <color>80ee82ee</color>
                <colorMode>normal</colorMode>
                <fill>1</fill>
                <outline>1</outline>
            </PolyStyle>
        </Style>
        <Style id="418514">
            <LineStyle id="418516">
                <colorMode>normal</colorMode>
                <width>1</width>
            </LineStyle>
            <PolyStyle id="418515">
                <color>80ee82ee</color>
                <colorMode>normal</colorMode>
                <fill>1</fill>
                <outline>1</outline>
            </PolyStyle>
        </Style>
        <Style id="418523">
            <LineStyle id="418525">
                <colorMode>normal</colorMode>
                <width>1</width>
            </LineStyle>
            <PolyStyle id="418524">
                <color>80ee82ee</color>
                <colorMode>normal</colorMode>
                <fill>1</fill>
                <outline>1</outline>
            </PolyStyle>
        </Style>
        <Style id="418532">
            <LineStyle id="418534">
                <colorMode>normal</colorMode>
                <width>1</width>
            </LineStyle>
            <PolyStyle id="418533">
                <color>80ee82ee</color>
                <colorMode>normal</colorMode>
                <fill>1</fill>
                <outline>1</outline>
            </PolyStyle>
        </Style>
        <Style id="418541">
            <LineStyle id="418543">
                <colorMode>normal</colorMode>
                <width>1</width>
            </LineStyle>
            <PolyStyle id="418542">
                <color>80ee82ee</color>
                <colorMode>normal</colorMode>
                <fill>1</fill>
                <outline>1</outline>
            </PolyStyle>
        </Style>
        <Style id="418550">
            <LineStyle id="418552">
                <colorMode>normal</colorMode>
                <width>1</width>
            </LineStyle>
            <PolyStyle id="418551">
                <color>80ee82ee</color>
                <colorMode>normal</colorMode>
                <fill>1</fill>
                <outline>1</outline>
            </PolyStyle>
        </Style>
        <Style id="418559">
            <LineStyle id="418561">
                <colorMode>normal</colorMode>
                <width>1</width>
            </LineStyle>
            <PolyStyle id="418560">
                <color>80ee82ee</color>
                <colorMode>normal</colorMode>
                <fill>1</fill>
                <outline>1</outline>
            </PolyStyle>
        </Style>
        <Style id="418568">
            <LineStyle id="418570">
                <colorMode>normal</colorMode>
                <width>1</width>
            </LineStyle>
            <PolyStyle id="418569">
                <color>80ee82ee</color>
                <colorMode>normal</colorMode>
                <fill>1</fill>
                <outline>1</outline>
            </PolyStyle>
        </Style>
        <Style id="418577">
            <LineStyle id="418579">
                <colorMode>normal</colorMode>
                <width>1</width>
            </LineStyle>
            <PolyStyle id="418578">
                <color>80ee82ee</color>
                <colorMode>normal</colorMode>
                <fill>1</fill>
                <outline>1</outline>
            </PolyStyle>
        </Style>
        <Style id="418586">
            <LineStyle id="418588">
                <colorMode>normal</colorMode>
                <width>1</width>
            </LineStyle>
            <PolyStyle id="418587">
                <color>80ee82ee</color>
                <colorMode>normal</colorMode>
                <fill>1</fill>
                <outline>1</outline>
            </PolyStyle>
        </Style>
        <Style id="418595">
            <LineStyle id="418597">
                <colorMode>normal</colorMode>
                <width>1</width>
            </LineStyle>
            <PolyStyle id="418596">
                <color>80ee82ee</color>
                <colorMode>normal</colorMode>
                <fill>1</fill>
                <outline>1</outline>
            </PolyStyle>
        </Style>
        <Style id="418604">
            <LineStyle id="418606">
                <colorMode>normal</colorMode>
                <width>1</width>
            </LineStyle>
            <PolyStyle id="418605">
                <color>80ee82ee</color>
                <colorMode>normal</colorMode>
                <fill>1</fill>
                <outline>1</outline>
            </PolyStyle>
        </Style>
        <Style id="418613">
            <LineStyle id="418615">
                <colorMode>normal</colorMode>
                <width>1</width>
            </LineStyle>
            <PolyStyle id="418614">
                <color>80ee82ee</color>
                <colorMode>normal</colorMode>
                <fill>1</fill>
                <outline>1</outline>
            </PolyStyle>
        </Style>
        <Style id="418622">
            <LineStyle id="418624">
                <colorMode>normal</colorMode>
                <width>1</width>
            </LineStyle>
            <PolyStyle id="418623">
                <color>80ee82ee</color>
                <colorMode>normal</colorMode>
                <fill>1</fill>
                <outline>1</outline>
            </PolyStyle>
        </Style>
        <Style id="418631">
            <LineStyle id="418633">
                <colorMode>normal</colorMode>
                <width>1</width>
            </LineStyle>
            <PolyStyle id="418632">
                <color>80ee82ee</color>
                <colorMode>normal</colorMode>
                <fill>1</fill>
                <outline>1</outline>
            </PolyStyle>
        </Style>
        <Style id="418640">
            <LineStyle id="418642">
                <colorMode>normal</colorMode>
                <width>1</width>
            </LineStyle>
            <PolyStyle id="418641">
                <color>80ee82ee</color>
                <colorMode>normal</colorMode>
                <fill>1</fill>
                <outline>1</outline>
            </PolyStyle>
        </Style>
        <Style id="418649">
            <LineStyle id="418651">
                <colorMode>normal</colorMode>
                <width>1</width>
            </LineStyle>
            <PolyStyle id="418650">
                <color>80ee82ee</color>
                <colorMode>normal</colorMode>
                <fill>1</fill>
                <outline>1</outline>
            </PolyStyle>
        </Style>
        <Style id="418658">
            <LineStyle id="418660">
                <colorMode>normal</colorMode>
                <width>1</width>
            </LineStyle>
            <PolyStyle id="418659">
                <color>80ee82ee</color>
                <colorMode>normal</colorMode>
                <fill>1</fill>
                <outline>1</outline>
            </PolyStyle>
        </Style>
        <Style id="418667">
            <LineStyle id="418669">
                <colorMode>normal</colorMode>
                <width>1</width>
            </LineStyle>
            <PolyStyle id="418668">
                <color>80ee82ee</color>
                <colorMode>normal</colorMode>
                <fill>1</fill>
                <outline>1</outline>
            </PolyStyle>
        </Style>
        <Style id="418676">
            <LineStyle id="418678">
                <colorMode>normal</colorMode>
                <width>1</width>
            </LineStyle>
            <PolyStyle id="418677">
                <color>80ee82ee</color>
                <colorMode>normal</colorMode>
                <fill>1</fill>
                <outline>1</outline>
            </PolyStyle>
        </Style>
        <Style id="418685">
            <LineStyle id="418687">
                <colorMode>normal</colorMode>
                <width>1</width>
            </LineStyle>
            <PolyStyle id="418686">
                <color>80ee82ee</color>
                <colorMode>normal</colorMode>
                <fill>1</fill>
                <outline>1</outline>
            </PolyStyle>
        </Style>
        <Style id="418694">
            <LineStyle id="418696">
                <colorMode>normal</colorMode>
                <width>1</width>
            </LineStyle>
            <PolyStyle id="418695">
                <color>80ee82ee</color>
                <colorMode>normal</colorMode>
                <fill>1</fill>
                <outline>1</outline>
            </PolyStyle>
        </Style>
        <Style id="418703">
            <LineStyle id="418705">
                <colorMode>normal</colorMode>
                <width>1</width>
            </LineStyle>
            <PolyStyle id="418704">
                <color>80ee82ee</color>
                <colorMode>normal</colorMode>
                <fill>1</fill>
                <outline>1</outline>
            </PolyStyle>
        </Style>
        <Style id="418712">
            <LineStyle id="418714">
                <colorMode>normal</colorMode>
                <width>1</width>
            </LineStyle>
            <PolyStyle id="418713">
                <color>80ee82ee</color>
                <colorMode>normal</colorMode>
                <fill>1</fill>
                <outline>1</outline>
            </PolyStyle>
        </Style>
        <Style id="418721">
            <LineStyle id="418723">
                <colorMode>normal</colorMode>
                <width>1</width>
            </LineStyle>
            <PolyStyle id="418722">
                <color>80ee82ee</color>
                <colorMode>normal</colorMode>
                <fill>1</fill>
                <outline>1</outline>
            </PolyStyle>
        </Style>
        <Style id="418730">
            <LineStyle id="418732">
                <colorMode>normal</colorMode>
                <width>1</width>
            </LineStyle>
            <PolyStyle id="418731">
                <color>80ee82ee</color>
                <colorMode>normal</colorMode>
                <fill>1</fill>
                <outline>1</outline>
            </PolyStyle>
        </Style>
        <Style id="418739">
            <LineStyle id="418741">
                <colorMode>normal</colorMode>
                <width>1</width>
            </LineStyle>
            <PolyStyle id="418740">
                <color>80ee82ee</color>
                <colorMode>normal</colorMode>
                <fill>1</fill>
                <outline>1</outline>
            </PolyStyle>
        </Style>
        <Style id="418748">
            <LineStyle id="418750">
                <colorMode>normal</colorMode>
                <width>1</width>
            </LineStyle>
            <PolyStyle id="418749">
                <color>80ee82ee</color>
                <colorMode>normal</colorMode>
                <fill>1</fill>
                <outline>1</outline>
            </PolyStyle>
        </Style>
        <Style id="418757">
            <LineStyle id="418759">
                <colorMode>normal</colorMode>
                <width>1</width>
            </LineStyle>
            <PolyStyle id="418758">
                <color>80ee82ee</color>
                <colorMode>normal</colorMode>
                <fill>1</fill>
                <outline>1</outline>
            </PolyStyle>
        </Style>
        <Style id="418766">
            <LineStyle id="418768">
                <colorMode>normal</colorMode>
                <width>1</width>
            </LineStyle>
            <PolyStyle id="418767">
                <color>80ee82ee</color>
                <colorMode>normal</colorMode>
                <fill>1</fill>
                <outline>1</outline>
            </PolyStyle>
        </Style>
        <Style id="418775">
            <LineStyle id="418777">
                <colorMode>normal</colorMode>
                <width>1</width>
            </LineStyle>
            <PolyStyle id="418776">
                <color>80ee82ee</color>
                <colorMode>normal</colorMode>
                <fill>1</fill>
                <outline>1</outline>
            </PolyStyle>
        </Style>
        <Style id="418784">
            <LineStyle id="418786">
                <colorMode>normal</colorMode>
                <width>1</width>
            </LineStyle>
            <PolyStyle id="418785">
                <color>80ee82ee</color>
                <colorMode>normal</colorMode>
                <fill>1</fill>
                <outline>1</outline>
            </PolyStyle>
        </Style>
        <Style id="418793">
            <LineStyle id="418795">
                <colorMode>normal</colorMode>
                <width>1</width>
            </LineStyle>
            <PolyStyle id="418794">
                <color>80ee82ee</color>
                <colorMode>normal</colorMode>
                <fill>1</fill>
                <outline>1</outline>
            </PolyStyle>
        </Style>
        <Style id="418802">
            <LineStyle id="418804">
                <colorMode>normal</colorMode>
                <width>1</width>
            </LineStyle>
            <PolyStyle id="418803">
                <color>80ee82ee</color>
                <colorMode>normal</colorMode>
                <fill>1</fill>
                <outline>1</outline>
            </PolyStyle>
        </Style>
        <Style id="418811">
            <LineStyle id="418813">
                <colorMode>normal</colorMode>
                <width>1</width>
            </LineStyle>
            <PolyStyle id="418812">
                <color>80ee82ee</color>
                <colorMode>normal</colorMode>
                <fill>1</fill>
                <outline>1</outline>
            </PolyStyle>
        </Style>
        <Style id="418820">
            <LineStyle id="418822">
                <colorMode>normal</colorMode>
                <width>1</width>
            </LineStyle>
            <PolyStyle id="418821">
                <color>80ee82ee</color>
                <colorMode>normal</colorMode>
                <fill>1</fill>
                <outline>1</outline>
            </PolyStyle>
        </Style>
        <Style id="418829">
            <LineStyle id="418831">
                <colorMode>normal</colorMode>
                <width>1</width>
            </LineStyle>
            <PolyStyle id="418830">
                <color>80ee82ee</color>
                <colorMode>normal</colorMode>
                <fill>1</fill>
                <outline>1</outline>
            </PolyStyle>
        </Style>
        <Style id="418838">
            <LineStyle id="418840">
                <colorMode>normal</colorMode>
                <width>1</width>
            </LineStyle>
            <PolyStyle id="418839">
                <color>80ee82ee</color>
                <colorMode>normal</colorMode>
                <fill>1</fill>
                <outline>1</outline>
            </PolyStyle>
        </Style>
        <Style id="418847">
            <LineStyle id="418849">
                <colorMode>normal</colorMode>
                <width>1</width>
            </LineStyle>
            <PolyStyle id="418848">
                <color>80ee82ee</color>
                <colorMode>normal</colorMode>
                <fill>1</fill>
                <outline>1</outline>
            </PolyStyle>
        </Style>
        <Style id="418856">
            <LineStyle id="418858">
                <colorMode>normal</colorMode>
                <width>1</width>
            </LineStyle>
            <PolyStyle id="418857">
                <color>80ee82ee</color>
                <colorMode>normal</colorMode>
                <fill>1</fill>
                <outline>1</outline>
            </PolyStyle>
        </Style>
        <Style id="418865">
            <LineStyle id="418867">
                <colorMode>normal</colorMode>
                <width>1</width>
            </LineStyle>
            <PolyStyle id="418866">
                <color>80ee82ee</color>
                <colorMode>normal</colorMode>
                <fill>1</fill>
                <outline>1</outline>
            </PolyStyle>
        </Style>
        <Style id="418874">
            <LineStyle id="418876">
                <colorMode>normal</colorMode>
                <width>1</width>
            </LineStyle>
            <PolyStyle id="418875">
                <color>80ee82ee</color>
                <colorMode>normal</colorMode>
                <fill>1</fill>
                <outline>1</outline>
            </PolyStyle>
        </Style>
        <Style id="418883">
            <LineStyle id="418885">
                <colorMode>normal</colorMode>
                <width>1</width>
            </LineStyle>
            <PolyStyle id="418884">
                <color>80ee82ee</color>
                <colorMode>normal</colorMode>
                <fill>1</fill>
                <outline>1</outline>
            </PolyStyle>
        </Style>
        <Style id="418892">
            <LineStyle id="418894">
                <colorMode>normal</colorMode>
                <width>1</width>
            </LineStyle>
            <PolyStyle id="418893">
                <color>80ee82ee</color>
                <colorMode>normal</colorMode>
                <fill>1</fill>
                <outline>1</outline>
            </PolyStyle>
        </Style>
        <Style id="418901">
            <LineStyle id="418903">
                <colorMode>normal</colorMode>
                <width>1</width>
            </LineStyle>
            <PolyStyle id="418902">
                <color>80ee82ee</color>
                <colorMode>normal</colorMode>
                <fill>1</fill>
                <outline>1</outline>
            </PolyStyle>
        </Style>
        <Style id="418910">
            <LineStyle id="418912">
                <colorMode>normal</colorMode>
                <width>1</width>
            </LineStyle>
            <PolyStyle id="418911">
                <color>80ee82ee</color>
                <colorMode>normal</colorMode>
                <fill>1</fill>
                <outline>1</outline>
            </PolyStyle>
        </Style>
        <Style id="418919">
            <LineStyle id="418921">
                <colorMode>normal</colorMode>
                <width>1</width>
            </LineStyle>
            <PolyStyle id="418920">
                <color>80ee82ee</color>
                <colorMode>normal</colorMode>
                <fill>1</fill>
                <outline>1</outline>
            </PolyStyle>
        </Style>
        <Style id="418928">
            <LineStyle id="418930">
                <colorMode>normal</colorMode>
                <width>1</width>
            </LineStyle>
            <PolyStyle id="418929">
                <color>80ee82ee</color>
                <colorMode>normal</colorMode>
                <fill>1</fill>
                <outline>1</outline>
            </PolyStyle>
        </Style>
        <Style id="418937">
            <LineStyle id="418939">
                <colorMode>normal</colorMode>
                <width>1</width>
            </LineStyle>
            <PolyStyle id="418938">
                <color>80ee82ee</color>
                <colorMode>normal</colorMode>
                <fill>1</fill>
                <outline>1</outline>
            </PolyStyle>
        </Style>
        <Style id="418946">
            <LineStyle id="418948">
                <colorMode>normal</colorMode>
                <width>1</width>
            </LineStyle>
            <PolyStyle id="418947">
                <color>80ee82ee</color>
                <colorMode>normal</colorMode>
                <fill>1</fill>
                <outline>1</outline>
            </PolyStyle>
        </Style>
        <Style id="418955">
            <LineStyle id="418957">
                <colorMode>normal</colorMode>
                <width>1</width>
            </LineStyle>
            <PolyStyle id="418956">
                <color>80ee82ee</color>
                <colorMode>normal</colorMode>
                <fill>1</fill>
                <outline>1</outline>
            </PolyStyle>
        </Style>
        <Style id="418964">
            <LineStyle id="418966">
                <colorMode>normal</colorMode>
                <width>1</width>
            </LineStyle>
            <PolyStyle id="418965">
                <color>80ee82ee</color>
                <colorMode>normal</colorMode>
                <fill>1</fill>
                <outline>1</outline>
            </PolyStyle>
        </Style>
        <Style id="418973">
            <LineStyle id="418975">
                <colorMode>normal</colorMode>
                <width>1</width>
            </LineStyle>
            <PolyStyle id="418974">
                <color>80ee82ee</color>
                <colorMode>normal</colorMode>
                <fill>1</fill>
                <outline>1</outline>
            </PolyStyle>
        </Style>
        <Style id="418982">
            <LineStyle id="418984">
                <colorMode>normal</colorMode>
                <width>1</width>
            </LineStyle>
            <PolyStyle id="418983">
                <color>80ee82ee</color>
                <colorMode>normal</colorMode>
                <fill>1</fill>
                <outline>1</outline>
            </PolyStyle>
        </Style>
        <Style id="418991">
            <LineStyle id="418993">
                <colorMode>normal</colorMode>
                <width>1</width>
            </LineStyle>
            <PolyStyle id="418992">
                <color>80ee82ee</color>
                <colorMode>normal</colorMode>
                <fill>1</fill>
                <outline>1</outline>
            </PolyStyle>
        </Style>
        <Style id="419000">
            <LineStyle id="419002">
                <colorMode>normal</colorMode>
                <width>1</width>
            </LineStyle>
            <PolyStyle id="419001">
                <color>80ee82ee</color>
                <colorMode>normal</colorMode>
                <fill>1</fill>
                <outline>1</outline>
            </PolyStyle>
        </Style>
        <Style id="419009">
            <LineStyle id="419011">
                <colorMode>normal</colorMode>
                <width>1</width>
            </LineStyle>
            <PolyStyle id="419010">
                <color>80ee82ee</color>
                <colorMode>normal</colorMode>
                <fill>1</fill>
                <outline>1</outline>
            </PolyStyle>
        </Style>
        <Style id="419018">
            <LineStyle id="419020">
                <colorMode>normal</colorMode>
                <width>1</width>
            </LineStyle>
            <PolyStyle id="419019">
                <color>80ee82ee</color>
                <colorMode>normal</colorMode>
                <fill>1</fill>
                <outline>1</outline>
            </PolyStyle>
        </Style>
        <Style id="419027">
            <LineStyle id="419029">
                <colorMode>normal</colorMode>
                <width>1</width>
            </LineStyle>
            <PolyStyle id="419028">
                <color>80ee82ee</color>
                <colorMode>normal</colorMode>
                <fill>1</fill>
                <outline>1</outline>
            </PolyStyle>
        </Style>
        <Style id="419036">
            <LineStyle id="419038">
                <colorMode>normal</colorMode>
                <width>1</width>
            </LineStyle>
            <PolyStyle id="419037">
                <color>80ee82ee</color>
                <colorMode>normal</colorMode>
                <fill>1</fill>
                <outline>1</outline>
            </PolyStyle>
        </Style>
        <Style id="419045">
            <LineStyle id="419047">
                <colorMode>normal</colorMode>
                <width>1</width>
            </LineStyle>
            <PolyStyle id="419046">
                <color>80ee82ee</color>
                <colorMode>normal</colorMode>
                <fill>1</fill>
                <outline>1</outline>
            </PolyStyle>
        </Style>
        <Style id="419054">
            <LineStyle id="419056">
                <colorMode>normal</colorMode>
                <width>1</width>
            </LineStyle>
            <PolyStyle id="419055">
                <color>80ee82ee</color>
                <colorMode>normal</colorMode>
                <fill>1</fill>
                <outline>1</outline>
            </PolyStyle>
        </Style>
        <Style id="419063">
            <LineStyle id="419065">
                <colorMode>normal</colorMode>
                <width>1</width>
            </LineStyle>
            <PolyStyle id="419064">
                <color>80ee82ee</color>
                <colorMode>normal</colorMode>
                <fill>1</fill>
                <outline>1</outline>
            </PolyStyle>
        </Style>
        <Style id="419072">
            <LineStyle id="419074">
                <colorMode>normal</colorMode>
                <width>1</width>
            </LineStyle>
            <PolyStyle id="419073">
                <color>80ee82ee</color>
                <colorMode>normal</colorMode>
                <fill>1</fill>
                <outline>1</outline>
            </PolyStyle>
        </Style>
        <Style id="419081">
            <LineStyle id="419083">
                <colorMode>normal</colorMode>
                <width>1</width>
            </LineStyle>
            <PolyStyle id="419082">
                <color>80ee82ee</color>
                <colorMode>normal</colorMode>
                <fill>1</fill>
                <outline>1</outline>
            </PolyStyle>
        </Style>
        <Style id="419090">
            <LineStyle id="419092">
                <colorMode>normal</colorMode>
                <width>1</width>
            </LineStyle>
            <PolyStyle id="419091">
                <color>80ee82ee</color>
                <colorMode>normal</colorMode>
                <fill>1</fill>
                <outline>1</outline>
            </PolyStyle>
        </Style>
        <Style id="419099">
            <LineStyle id="419101">
                <colorMode>normal</colorMode>
                <width>1</width>
            </LineStyle>
            <PolyStyle id="419100">
                <color>80ee82ee</color>
                <colorMode>normal</colorMode>
                <fill>1</fill>
                <outline>1</outline>
            </PolyStyle>
        </Style>
        <Style id="419108">
            <LineStyle id="419110">
                <colorMode>normal</colorMode>
                <width>1</width>
            </LineStyle>
            <PolyStyle id="419109">
                <color>80ee82ee</color>
                <colorMode>normal</colorMode>
                <fill>1</fill>
                <outline>1</outline>
            </PolyStyle>
        </Style>
        <Style id="419117">
            <LineStyle id="419119">
                <colorMode>normal</colorMode>
                <width>1</width>
            </LineStyle>
            <PolyStyle id="419118">
                <color>80ee82ee</color>
                <colorMode>normal</colorMode>
                <fill>1</fill>
                <outline>1</outline>
            </PolyStyle>
        </Style>
        <Style id="419126">
            <LineStyle id="419128">
                <colorMode>normal</colorMode>
                <width>1</width>
            </LineStyle>
            <PolyStyle id="419127">
                <color>80ee82ee</color>
                <colorMode>normal</colorMode>
                <fill>1</fill>
                <outline>1</outline>
            </PolyStyle>
        </Style>
        <Style id="419135">
            <LineStyle id="419137">
                <colorMode>normal</colorMode>
                <width>1</width>
            </LineStyle>
            <PolyStyle id="419136">
                <color>80ee82ee</color>
                <colorMode>normal</colorMode>
                <fill>1</fill>
                <outline>1</outline>
            </PolyStyle>
        </Style>
        <Style id="419144">
            <LineStyle id="419146">
                <colorMode>normal</colorMode>
                <width>1</width>
            </LineStyle>
            <PolyStyle id="419145">
                <color>80ee82ee</color>
                <colorMode>normal</colorMode>
                <fill>1</fill>
                <outline>1</outline>
            </PolyStyle>
        </Style>
        <Style id="419153">
            <LineStyle id="419155">
                <colorMode>normal</colorMode>
                <width>1</width>
            </LineStyle>
            <PolyStyle id="419154">
                <color>80ee82ee</color>
                <colorMode>normal</colorMode>
                <fill>1</fill>
                <outline>1</outline>
            </PolyStyle>
        </Style>
        <Style id="419162">
            <LineStyle id="419164">
                <colorMode>normal</colorMode>
                <width>1</width>
            </LineStyle>
            <PolyStyle id="419163">
                <color>80ee82ee</color>
                <colorMode>normal</colorMode>
                <fill>1</fill>
                <outline>1</outline>
            </PolyStyle>
        </Style>
        <Style id="419171">
            <LineStyle id="419173">
                <colorMode>normal</colorMode>
                <width>1</width>
            </LineStyle>
            <PolyStyle id="419172">
                <color>80ee82ee</color>
                <colorMode>normal</colorMode>
                <fill>1</fill>
                <outline>1</outline>
            </PolyStyle>
        </Style>
        <Style id="419180">
            <LineStyle id="419182">
                <colorMode>normal</colorMode>
                <width>1</width>
            </LineStyle>
            <PolyStyle id="419181">
                <color>80ee82ee</color>
                <colorMode>normal</colorMode>
                <fill>1</fill>
                <outline>1</outline>
            </PolyStyle>
        </Style>
        <Style id="419189">
            <LineStyle id="419191">
                <colorMode>normal</colorMode>
                <width>1</width>
            </LineStyle>
            <PolyStyle id="419190">
                <color>80ee82ee</color>
                <colorMode>normal</colorMode>
                <fill>1</fill>
                <outline>1</outline>
            </PolyStyle>
        </Style>
        <Style id="419198">
            <LineStyle id="419200">
                <colorMode>normal</colorMode>
                <width>1</width>
            </LineStyle>
            <PolyStyle id="419199">
                <color>80ee82ee</color>
                <colorMode>normal</colorMode>
                <fill>1</fill>
                <outline>1</outline>
            </PolyStyle>
        </Style>
        <Style id="419207">
            <LineStyle id="419209">
                <colorMode>normal</colorMode>
                <width>1</width>
            </LineStyle>
            <PolyStyle id="419208">
                <color>80ee82ee</color>
                <colorMode>normal</colorMode>
                <fill>1</fill>
                <outline>1</outline>
            </PolyStyle>
        </Style>
        <Style id="419216">
            <LineStyle id="419218">
                <colorMode>normal</colorMode>
                <width>1</width>
            </LineStyle>
            <PolyStyle id="419217">
                <color>80ee82ee</color>
                <colorMode>normal</colorMode>
                <fill>1</fill>
                <outline>1</outline>
            </PolyStyle>
        </Style>
        <Placemark id="418500">
            <name>Wetland_45440</name>
            <styleUrl>#418505</styleUrl>
            <Polygon id="418499">
                <outerBoundaryIs>
                    <LinearRing id="418503">
                        <coordinates>-79.06858101799493,33.80309567848546,0.0 -79.0686305641293,33.8030964538613,0.0 -79.06868607342318,33.80310766878825,0.0 -79.06870221715566,33.803216541887,0.0 -79.06870082170299,33.80327858719625,0.0 -79.0686980336173,33.80340268003703,0.0 -79.06869582578942,33.80350092055592,0.0 -79.06866988854243,33.80355223833217,0.0 -79.06862115257438,33.80351526655361,0.0 -79.06858515484221,33.80346298131595,0.0 -79.06857989114883,33.80342151889463,0.0 -79.06856328262042,33.80333332973647,0.0 -79.06854586460612,33.803281332593805,0.0 -79.06854118194659,33.80321401977063,0.0 -79.06853638371578,33.80315187620233,0.0 -79.06858101799493,33.80309567848546,0.0</coordinates>
                    </LinearRing>
                </outerBoundaryIs>
            </Polygon>
        </Placemark>
        <Placemark id="418509">
            <name>Wetland_45441</name>
            <styleUrl>#418514</styleUrl>
            <Polygon id="418508">
                <outerBoundaryIs>
                    <LinearRing id="418512">
                        <coordinates>-79.06029756642167,33.7995420533068,0.0 -79.06034407812243,33.79952736169066,0.0 -79.06038066337199,33.79954335976279,0.0 -79.0604165554101,33.79959019120098,0.0 -79.06045209577783,33.79965243992001,0.0 -79.06053415118159,33.79969999740966,0.0 -79.06056986792397,33.799754535675355,0.0 -79.06061551139443,33.7997783878922,0.0 -79.06067021461942,33.79981009182288,0.0 -79.06065993804076,33.799856197230476,0.0 -79.0605662136849,33.79991641294018,0.0 -79.06050158009771,33.79991539627094,0.0 -79.06044653001267,33.799899107546864,0.0 -79.06040123338693,33.799859839984634,0.0 -79.06039321796091,33.799805735652775,0.0 -79.06039478350974,33.799736360743154,0.0 -79.06037753400959,33.7996821116898,0.0 -79.06032352697652,33.799619571915144,0.0 -79.06029756642167,33.7995420533068,0.0</coordinates>
                    </LinearRing>
                </outerBoundaryIs>
            </Polygon>
        </Placemark>
        <Placemark id="418518">
            <name>Wetland_45442</name>
            <styleUrl>#418523</styleUrl>
            <Polygon id="418517">
                <outerBoundaryIs>
                    <LinearRing id="418521">
                        <coordinates>-79.04601324561439,33.79737190596124,0.0 -79.04601032541044,33.79724547166839,0.0 -79.04649780293275,33.796971366407845,0.0 -79.04651127482285,33.79696811575268,0.0 -79.04651927784673,33.79704803677125,0.0 -79.04637403558236,33.797157711112426,0.0 -79.04607616193483,33.7973234754692,0.0 -79.04612052414264,33.79732480794599,0.0 -79.04646498877239,33.797150209544576,0.0 -79.04674169969068,33.7970810358294,0.0 -79.04686110863192,33.79697277695042,0.0 -79.0467785638625,33.79697102749386,0.0 -79.04665064191582,33.79703078420556,0.0 -79.04655168688888,33.79695836506284,0.0 -79.0466711995422,33.79690785962801,0.0 -79.04681714824163,33.79688227193291,0.0 -79.04691044731906,33.79693967144461,0.0 -79.04698578976323,33.796986025257056,0.0 -79.04751337641403,33.79684909071331,0.0 -79.0473978144586,33.79691067999577,0.0 -79.04646964936587,33.797245382840416,0.0 -79.04538064204922,33.79808111037093,0.0 -79.0453154138158,33.79802944168168,0.0 -79.04602987641539,33.797505571080244,0.0 -79.04601518942673,33.79745615198585,0.0 -79.04601324561439,33.79737190596124,0.0</coordinates>
                    </LinearRing>
                </outerBoundaryIs>
            </Polygon>
        </Placemark>
        <Placemark id="418527">
            <name>Wetland_45443</name>
            <styleUrl>#418532</styleUrl>
            <Polygon id="418526">
                <outerBoundaryIs>
                    <LinearRing id="418530">
                        <coordinates>-79.06636315605017,33.803275151882225,0.0 -79.06617931345731,33.803101253082076,0.0 -79.06611244880723,33.80297461707115,0.0 -79.06618637805282,33.80295264793709,0.0 -79.06628468687114,33.8029522494639,0.0 -79.06631375314139,33.80296902809111,0.0 -79.06635959958135,33.80304765439677,0.0 -79.06650935972249,33.8032055279817,0.0 -79.06661271722741,33.80322084261657,0.0 -79.0666388554433,33.803057105496265,0.0 -79.06669748240596,33.803121662314304,0.0 -79.0668050470061,33.80331718077427,0.0 -79.06685577171038,33.80348432547624,0.0 -79.06685612912038,33.80365996934456,0.0 -79.06681540566666,33.804001125734445,0.0 -79.06678051565758,33.80427131436785,0.0 -79.06674967869854,33.80443435325522,0.0 -79.06669158705617,33.804633263535095,0.0 -79.06669699718341,33.804985245584604,0.0 -79.06663946154046,33.80524808721555,0.0 -79.06663999596486,33.80551155179089,0.0 -79.06661741659323,33.80574764856554,0.0 -79.06660753150949,33.80592576400118,0.0 -79.06654576402181,33.806207932739156,0.0 -79.06646941252593,33.80666752049719,0.0 -79.06641759681331,33.80672455792982,0.0 -79.06639911426903,33.80674489944127,0.0 -79.06630514938242,33.806730977041,0.0 -79.06625121899306,33.806667117470994,0.0 -79.06625706956672,33.80663491261513,0.0 -79.06644039945282,33.80562564289216,0.0 -79.0665033905846,33.80531572083092,0.0 -79.06654966121498,33.80497139624258,0.0 -79.06659586380442,33.80448888311483,0.0 -79.06664380572686,33.80428647551843,0.0 -79.06667723769965,33.804034029054385,0.0 -79.06671399409446,33.80368330617757,0.0 -79.06667947663,33.80355847076451,0.0 -79.06647414084384,33.80336642177978,0.0 -79.06636315605017,33.803275151882225,0.0</coordinates>
                    </LinearRing>
                </outerBoundaryIs>
            </Polygon>
        </Placemark>
        <Placemark id="418536">
            <name>Wetland_45444</name>
            <styleUrl>#418541</styleUrl>
            <Polygon id="418535">
                <outerBoundaryIs>
                    <LinearRing id="418539">
                        <coordinates>-79.06656807640618,33.811063767886594,0.0 -79.06663084789892,33.81105671118256,0.0 -79.06665112239311,33.81106364721434,0.0 -79.06668129134925,33.81107122158597,0.0 -79.06672238074547,33.81107777748104,0.0 -79.06677184624367,33.811081883933376,0.0 -79.06682350292144,33.81108257096494,0.0 -79.06687049457639,33.811079521236394,0.0 -79.06690860935844,33.81107302289543,0.0 -79.06693754776484,33.811063802756095,0.0 -79.0669597378621,33.81105281802724,0.0 -79.0669781999613,33.81104108273618,0.0 -79.06699526230292,33.81102946472507,0.0 -79.06701246282792,33.81101847284884,0.0 -79.06703084769113,33.811008145692256,0.0 -79.06705108406845,33.81099811193424,0.0 -79.06707345182075,33.81098784556583,0.0 -79.06709799698534,33.8109769696368,0.0 -79.06712472767505,33.810965502626686,0.0 -79.06715359980987,33.810953923626684,0.0 -79.06718430898003,33.81094303237563,0.0 -79.06721625603939,33.81093368225388,0.0 -79.0672487117713,33.81092650275583,0.0 -79.06728104493978,33.8109216404471,0.0 -79.06731273995568,33.810918546961744,0.0 -79.06734331618023,33.81091601433641,0.0 -79.0673723149524,33.81091254230745,0.0 -79.06739942439819,33.81090693973054,0.0 -79.06742460909574,33.810898777576284,0.0 -79.06744804296119,33.81088840263175,0.0 -79.0674699164284,33.810876530621265,0.0 -79.06749021267629,33.81086369287504,0.0 -79.06750873361636,33.81084990551786,0.0 -79.06752530104761,33.81083482113034,0.0 -79.06753997998263,33.81081825382237,0.0 -79.06755314428206,33.810800631837026,0.0 -79.06756534714253,33.81078295290088,0.0 -79.06757718929916,33.81076623997082,0.0 -79.06758924516252,33.81075091917109,0.0 -79.06760203941172,33.81073660352457,0.0 -79.06761596265014,33.81072243785399,0.0 -79.0676312234352,33.81070776736403,0.0 -79.06764790181153,33.81069262028186,0.0 -79.0676661623944,33.81067764848417,0.0 -79.06768638729942,33.81066360609343,0.0 -79.0677090577102,33.81065077446679,0.0 -79.06773443217742,33.81063882086848,0.0 -79.06776233314444,33.81062714242923,0.0 -79.0677920528685,33.81061535147378,0.0 -79.06782246798754,33.81060352984831,0.0 -79.067852296471,33.81059206509912,0.0 -79.06788049596767,33.810581300253034,0.0 -79.06790662194851,33.81057127131023,0.0 -79.06793091026215,33.81056167855008,0.0 -79.06795408019447,33.8105519883099,0.0 -79.06797708017773,33.810541564462035,0.0 -79.06800100837137,33.81052980397229,0.0 -79.06802705414148,33.810516308292385,0.0 -79.068056298561,33.81050111298601,0.0 -79.06808940645314,33.810484842176145,0.0 -79.06812653918853,33.81046874837235,0.0 -79.06816750339063,33.81045448259552,0.0 -79.06821180461752,33.810443697645155,0.0 -79.06825836164796,33.81043756562208,0.0 -79.06830523263376,33.81043648363755,0.0 -79.06835007576926,33.81044008021994,0.0 -79.06839120704176,33.810447503874634,0.0 -79.06842834288433,33.81045775226584,0.0 -79.06846223908181,33.81046991791559,0.0 -79.068493618952,33.81048334771585,0.0 -79.0685223601079,33.81049781801283,0.0 -79.06854752145189,33.81051364864495,0.0 -79.06856793417239,33.810531533131496,0.0 -79.0685828560058,33.81055204448026,0.0 -79.0685923503598,33.81057516571389,0.0 -79.06859729422277,33.81060020828539,0.0 -79.06859891315749,33.810626158790555,0.0 -79.06859801693825,33.81065200952674,0.0 -79.06859438335984,33.8106767908909,0.0 -79.0685868451239,33.810699472394056,0.0 -79.06857410870565,33.81071911033889,0.0 -79.06855569851832,33.810735261415964,0.0 -79.06853237824758,33.81074825973911,0.0 -79.06850576495106,33.81075904054824,0.0 -79.06847749582187,33.81076872485696,0.0 -79.06844846582625,33.81077831463391,0.0 -79.06841863771673,33.81078862646233,0.0 -79.06838740385095,33.81080035059516,0.0 -79.06835421339058,33.8108140238256,0.0 -79.06831909667389,33.81082992164923,0.0 -79.06828285821821,33.810847934076094,0.0 -79.06824700622604,33.810867544276086,0.0 -79.06821334441054,33.81088794089889,0.0 -79.06818335370289,33.810908307520926,0.0 -79.0681576194455,33.810928086089945,0.0 -79.06813572753724,33.81094710795294,0.0 -79.06811660814786,33.810965508363346,0.0 -79.06809912346469,33.810983536181716,0.0 -79.06808253493644,33.81100139392429,0.0 -79.06806665198219,33.81101919977244,0.0 -79.06805165735238,33.81103700262524,0.0 -79.06803775679987,33.81105482205057,0.0 -79.06802493304193,33.811072676404834,0.0 -79.06801292245812,33.81109060848133,0.0 -79.06800139475526,33.81110874850271,0.0 -79.06799007391416,33.811127357501356,0.0 -79.06797880521944,33.81114681906134,0.0 -79.06796750890634,33.81116752787008,0.0 -79.06795610385656,33.811189692895844,0.0 -79.06794442544388,33.81121318244064,0.0 -79.06793215239593,33.811237590604925,0.0 -79.06791877419536,33.81126252255815,0.0 -79.0679036833504,33.811287890123445,0.0 -79.06788641253863,33.81131395964024,0.0 -79.06786689941154,33.81134103106909,0.0 -79.06784560922313,33.81136892324704,0.0 -79.06782341255999,33.811396663855575,0.0 -79.06780119198844,33.811422761262556,0.0 -79.06777941358149,33.81144590949356,0.0 -79.06775791080248,33.81146561189629,0.0 -79.06773603014304,33.811482212718836,0.0 -79.06771294065747,33.811496417329145,0.0 -79.06768793878399,33.811508839018266,0.0 -79.06766058059638,33.81151985944704,0.0 -79.06763071701877,33.81152976572668,0.0 -79.06759839736927,33.81153878705623,0.0 -79.06756380396789,33.8115469995513,0.0 -79.06752708832383,33.811554211035656,0.0 -79.06748815588406,33.811560055559816,0.0 -79.06744648713963,33.81156435612341,0.0 -79.06740132202953,33.811567554860076,0.0 -79.06735231925734,33.811570781611685,0.0 -79.06730030391428,33.81157537266472,0.0 -79.06724729805072,33.8115821150195,0.0 -79.067213925622,33.811587739162185,0.0 -79.06719557115792,33.81159083199173,0.0 -79.06714632250225,33.81160062542657,0.0 -79.06709912645609,33.811610495583004,0.0 -79.06705256201002,33.81161977814815,0.0 -79.0670052556655,33.81162810685519,0.0 -79.06695651188147,33.8116351140212,0.0 -79.06690640706977,33.81164018802147,0.0 -79.06685587468726,33.81164258956968,0.0 -79.0668067311534,33.81164180295259,0.0 -79.06676115641696,33.811637828295865,0.0 -79.0667411546239,33.81163453396249,0.0 -79.06672060031346,33.81163114776511,0.0 -79.06668493591202,33.8116224118831,0.0 -79.06665266566972,33.81161212904181,0.0 -79.06662204287663,33.81160063794313,0.0 -79.06659214985979,33.811588302805106,0.0 -79.06656315109173,33.81157565999144,0.0 -79.06653574981569,33.811563324777886,0.0 -79.06651052641313,33.81155174145824,0.0 -79.06648764437465,33.81154101155562,0.0 -79.06646698716136,33.81153091500822,0.0 -79.06644836358315,33.81152103244658,0.0 -79.06643146740007,33.811510833786954,0.0 -79.06641579063404,33.81149968539437,0.0 -79.06640071052608,33.81148692753407,0.0 -79.06638577272211,33.811472120943435,0.0 -79.0663708551901,33.81145535849012,0.0 -79.06635598816376,33.81143744129383,0.0 -79.06634102441784,33.81141966800143,0.0 -79.06632549396456,33.811403296715895,0.0 -79.06630881220312,33.811389018367876,0.0 -79.06629066140523,33.81137677951765,0.0 -79.0662711406576,33.811366016461996,0.0 -79.06625064895861,33.81135602259374,0.0 -79.06622967943989,33.811346156179226,0.0 -79.06620871192753,33.811335836262856,0.0 -79.06618837039073,33.811324495060575,0.0 -79.06616956512437,33.81131168087216,0.0 -79.06615346590308,33.81129735238972,0.0 -79.06614110171438,33.811282055841176,0.0 -79.06613284964621,33.81126676014208,0.0 -79.06612829266587,33.8112523502003,0.0 -79.06612665099522,33.811239146092156,0.0 -79.06612741655593,33.811226847918135,0.0 -79.06613058238204,33.81121494719668,0.0 -79.06613634496945,33.81120331389407,0.0 -79.06613957443643,33.81119915620595,0.0 -79.06623893844473,33.81117713498998,0.0 -79.06633936638798,33.81113129752235,0.0 -79.0664823758671,33.81108612854418,0.0 -79.06656807640618,33.811063767886594,0.0</coordinates>
                    </LinearRing>
                </outerBoundaryIs>
            </Polygon>
        </Placemark>
        <Placemark id="418545">
            <name>Wetland_45445</name>
            <styleUrl>#418550</styleUrl>
            <Polygon id="418544">
                <outerBoundaryIs>
                    <LinearRing id="418548">
                        <coordinates>-79.06410898782381,33.8121296235467,0.0 -79.06406171126322,33.81212165073005,0.0 -79.06399700693478,33.81211660109126,0.0 -79.06391442295794,33.812114443110616,0.0 -79.06381788607509,33.812114429046865,0.0 -79.06371518474528,33.81211504746384,0.0 -79.06361571035227,33.812114403341845,0.0 -79.06352736328647,33.81211084273725,0.0 -79.06345398532949,33.81210350626688,0.0 -79.06339451782982,33.812092533554086,0.0 -79.06334424185884,33.812078882308896,0.0 -79.06329733200931,33.81206392374656,0.0 -79.06324926791982,33.81204898600975,0.0 -79.06319797720847,33.81203502154059,0.0 -79.06314338769972,33.81202248616793,0.0 -79.06308617945305,33.81201150521565,0.0 -79.0630267817232,33.81200213774208,0.0 -79.06296544285587,33.8119945369504,0.0 -79.06290310936116,33.81198878762328,0.0 -79.06284195100288,33.811984562878095,0.0 -79.06278468117259,33.81198097162159,0.0 -79.06273320952047,33.811976799952454,0.0 -79.06268791216218,33.81197097139511,0.0 -79.06264817174886,33.81196279153185,0.0 -79.06261346125511,33.811951870340394,0.0 -79.06258385483952,33.81193796508814,0.0 -79.06255959646343,33.811921077373405,0.0 -79.0625401039934,33.811901639299066,0.0 -79.06252328508548,33.81188045210736,0.0 -79.06251720717516,33.81187272809692,0.0 -79.06250591902435,33.811858386273265,0.0 -79.06250179573172,33.811853978443075,0.0 -79.06253892832531,33.811853929137,0.0 -79.0627956314513,33.81180462495204,0.0 -79.06292391641426,33.81178293429928,0.0 -79.06318731333002,33.81175151356992,0.0 -79.06347187131745,33.81172635086781,0.0 -79.0637139811242,33.8116945947274,0.0 -79.0639559821647,33.8116592443675,0.0 -79.06396569999026,33.81166233581701,0.0 -79.06399626198697,33.81166412707146,0.0 -79.06402833798718,33.811660679825735,0.0 -79.06406083241023,33.811654256229936,0.0 -79.06409262848848,33.81164644778799,0.0 -79.06412347579992,33.811638110435524,0.0 -79.06415435968174,33.81162962116651,0.0 -79.06418730730195,33.81162112757574,0.0 -79.06422478638885,33.81161269884902,0.0 -79.0642688303132,33.81160437345601,0.0 -79.06431990636928,33.81159615788105,0.0 -79.0643760819182,33.811588023112336,0.0 -79.06443320800214,33.811579899115934,0.0 -79.06448651595957,33.811571698614145,0.0 -79.0645327847305,33.81156332447413,0.0 -79.06457151174567,33.81155464858231,0.0 -79.06460441774985,33.81154548120982,0.0 -79.06463397989188,33.81153559101205,0.0 -79.06466226221255,33.81152483093651,0.0 -79.06469073027765,33.81151328809265,0.0 -79.06472065474306,33.8115012935316,0.0 -79.06475329855022,33.81148921353674,0.0 -79.06478956967518,33.811477182640814,0.0 -79.0648294886772,33.81146502109551,0.0 -79.06487217751533,33.81145243237653,0.0 -79.06491642911175,33.81143924945199,0.0 -79.0649613207929,33.811425531132066,0.0 -79.06500639328611,33.811411486736446,0.0 -79.06505152916083,33.81139736986967,0.0 -79.06509709253538,33.81138351185197,0.0 -79.0651442294268,33.811370444429876,0.0 -79.06519448717955,33.81135895160597,0.0 -79.0652484602552,33.81134985262014,0.0 -79.06530420164901,33.81134351739954,0.0 -79.06535702700346,33.81133938283689,0.0 -79.06540119949808,33.81133589142002,0.0 -79.06543252210666,33.8113309862606,0.0 -79.06545002820849,33.81132290722103,0.0 -79.06545581240245,33.81131078696773,0.0 -79.06545352670894,33.81129480920378,0.0 -79.06544677413174,33.81127599248021,0.0 -79.0654383306982,33.8112558202982,0.0 -79.06543022070834,33.81123591759596,0.0 -79.06542410197761,33.81121780590478,0.0 -79.06542144991897,33.811202744193885,0.0 -79.06542332247952,33.81119150488473,0.0 -79.0654299819133,33.81118418776489,0.0 -79.06544072461193,33.81118028025886,0.0 -79.0654541524587,33.811179119599956,0.0 -79.06546865733758,33.81118042659777,0.0 -79.0654827488499,33.81118443967911,0.0 -79.06549515927074,33.81119155667167,0.0 -79.06550493503693,33.811201957313116,0.0 -79.06551165438927,33.81121558366147,0.0 -79.06551559472244,33.81123237041626,0.0 -79.06551760447016,33.811252168643584,0.0 -79.06551885226132,33.811274321202,0.0 -79.06552080022713,33.81129740597167,0.0 -79.06552529260797,33.81131964912288,0.0 -79.06553426280509,33.81133972291447,0.0 -79.06554893959802,33.81135721556155,0.0 -79.06556914578738,33.81137241637222,0.0 -79.06559342172953,33.81138585752145,0.0 -79.06561987515389,33.81139807801968,0.0 -79.0656471271805,33.811409705675935,0.0 -79.0656746716141,33.81142151760638,0.0 -79.06570271622908,33.811434342146136,0.0 -79.06573184523904,33.81144878785298,0.0 -79.06576259265589,33.8114649856819,0.0 -79.06579496822006,33.81148245690664,0.0 -79.06582814701756,33.81150022809969,0.0 -79.06586071350526,33.8115171555706,0.0 -79.06589142815615,33.81153237725359,0.0 -79.06591982895073,33.81154561007763,0.0 -79.06594619837936,33.81155714416706,0.0 -79.06597099171485,33.81156758625538,0.0 -79.06599452070186,33.81157759274429,0.0 -79.06601716318286,33.81158773524949,0.0 -79.0660397429192,33.811598462296274,0.0 -79.0660634219043,33.811610020614964,0.0 -79.06608901387702,33.81162232887842,0.0 -79.06611634649875,33.81163495231825,0.0 -79.06614433930145,33.81164729706631,0.0 -79.06617173713828,33.81165891070659,0.0 -79.0661978922601,33.81166967180772,0.0 -79.06622289628123,33.811679747633804,0.0 -79.06624709667074,33.8116894142892,0.0 -79.06627045097837,33.811698901021714,0.0 -79.066292377703,33.81170836449062,0.0 -79.06631219784039,33.81171796236986,0.0 -79.0663297720162,33.811727922279665,0.0 -79.06634578888448,33.8117385272209,0.0 -79.06636142066117,33.81174997723737,0.0 -79.06637762175765,33.811762220026466,0.0 -79.06639453498396,33.8117749466312,0.0 -79.06641132515203,33.81178778595529,0.0 -79.06642641313456,33.811800558608056,0.0 -79.06643795836061,33.811813340203905,0.0 -79.06644432514902,33.81182628036476,0.0 -79.06644436072007,33.811839408371924,0.0 -79.06644340322119,33.81184120173131,0.0 -79.06643731187084,33.81185261991057,0.0 -79.0664224260677,33.811865757108905,0.0 -79.06639849363307,33.81187862437559,0.0 -79.06636361252797,33.8118909317241,0.0 -79.06631553636724,33.81190231086407,0.0 -79.06625286981965,33.811912429554674,0.0 -79.06617690522326,33.8119210754646,0.0 -79.06613965523047,33.811924196897124,0.0 -79.06609295555391,33.811928111767166,0.0 -79.06600965368712,33.8119334260831,0.0 -79.06593582324902,33.81193705981665,0.0 -79.06587666326276,33.81193949771526,0.0 -79.0658318315587,33.81194183313986,0.0 -79.06579655378022,33.811945554957134,0.0 -79.06576462108379,33.811952089543325,0.0 -79.06573116608483,33.81196235086192,0.0 -79.0656940140708,33.811976526882425,0.0 -79.06565361049833,33.81199402700924,0.0 -79.06561199521833,33.812013612930535,0.0 -79.06557147546985,33.81203374401619,0.0 -79.06553357104006,33.81205306307257,0.0 -79.0655261722184,33.812056829450654,0.0 -79.06549877087458,33.812070775879455,0.0 -79.06546704551192,33.812086698920744,0.0 -79.06543845497539,33.8121010629872,0.0 -79.06541308104487,33.81211427215243,0.0 -79.06539047210225,33.81212680878728,0.0 -79.06536932631035,33.812139100224904,0.0 -79.06534787907587,33.81215135972828,0.0 -79.06532466932134,33.812163464487476,0.0 -79.06529901508063,33.81217507064677,0.0 -79.06527093801569,33.81218591768572,0.0 -79.06525082452897,33.81219268098341,0.0 -79.06524076812681,33.81219606359108,0.0 -79.06520880254065,33.81220591342001,0.0 -79.06517515618742,33.81221600256251,0.0 -79.06513986068947,33.81222671674464,0.0 -79.06510302611832,33.81223806317982,0.0 -79.065064996,33.812249664434276,0.0 -79.06502637712008,33.8122609656415,0.0 -79.06498797018412,33.812271546159415,0.0 -79.06495064408499,33.81228131010536,0.0 -79.064915064985,33.81229043621162,0.0 -79.06488138785353,33.812299191162545,0.0 -79.06484894515276,33.8123077761569,0.0 -79.06481614364677,33.812316257962166,0.0 -79.06478039788857,33.812324544507405,0.0 -79.06473812795855,33.81233232452551,0.0 -79.0646854637766,33.812339006394765,0.0 -79.06462039786607,33.812343741551736,0.0 -79.06454546302191,33.81234564572875,0.0 -79.06446836824021,33.81234409053618,0.0 -79.06439893355893,33.81233882314972,0.0 -79.06434410677706,33.812329783580346,0.0 -79.0643050522205,33.81231682425735,0.0 -79.06427825981616,33.812299718838524,0.0 -79.06425888888548,33.812278643114695,0.0 -79.06424323906538,33.812254709377214,0.0 -79.06422919943162,33.81222993475281,0.0 -79.06421553554229,33.8122064835175,0.0 -79.06420128884885,33.81218574963341,0.0 -79.06418545911183,33.8121680350493,0.0 -79.06416665180578,33.81215296852883,0.0 -79.06414243563513,33.81214016798899,0.0 -79.06410898782381,33.8121296235467,0.0</coordinates>
                    </LinearRing>
                </outerBoundaryIs>
            </Polygon>
        </Placemark>
        <Placemark id="418554">
            <name>Wetland_45446</name>
            <styleUrl>#418559</styleUrl>
            <Polygon id="418553">
                <outerBoundaryIs>
                    <LinearRing id="418557">
                        <coordinates>-79.06950031237525,33.81491966534807,0.0 -79.06926776163236,33.814743550730434,0.0 -79.06926530701237,33.81474153749579,0.0 -79.0690827649573,33.814579394716205,0.0 -79.06873873262195,33.81427380515783,0.0 -79.06813008500261,33.81379077475737,0.0 -79.06812783332539,33.81378884975194,0.0 -79.0679918173298,33.813663487657145,0.0 -79.06786403524758,33.81354571634602,0.0 -79.06739192124262,33.81311057811844,0.0 -79.06738537560796,33.81311065423973,0.0 -79.06650537922695,33.81305963146572,0.0 -79.06630523856026,33.813048026397894,0.0 -79.06491703730173,33.812967522808464,0.0 -79.06491287932138,33.812967114992276,0.0 -79.06290042361245,33.81268863239392,0.0 -79.05799895373671,33.81280619940851,0.0 -79.05798871501028,33.81280544565522,0.0 -79.05590353766823,33.81244402460135,0.0 -79.05408367802612,33.81220250929821,0.0 -79.05394867852831,33.81220092317089,0.0 -79.0539229809895,33.812200621683346,0.0 -79.05392106511795,33.8122005613446,0.0 -79.05391915553989,33.812200431913034,0.0 -79.05391725351903,33.8122002326665,0.0 -79.053915364409,33.81219996439879,0.0 -79.05391349122885,33.812199628466956,0.0 -79.05391163845455,33.812199224625225,0.0 -79.0539098091052,33.81219875423068,0.0 -79.053908006393,33.8121982177595,0.0 -79.0539062344078,33.81219761672756,0.0 -79.05390449636175,33.81219695161112,0.0 -79.05390279527407,33.81219622376724,0.0 -79.05390113630534,33.812195434870404,0.0 -79.05389952014033,33.8121945868411,0.0 -79.05389795086889,33.812193681195176,0.0 -79.05389643151024,33.81219271928957,0.0 -79.05389496596126,33.81219170352105,0.0 -79.05389355617044,33.81219063508778,0.0 -79.05389220496392,33.812189516227846,0.0 -79.05389091497494,33.812188350059785,0.0 -79.05388968815201,33.81218713778198,0.0 -79.05388852819898,33.81218588267194,0.0 -79.05388743706432,33.812184585927874,0.0 -79.05388641611758,33.81218325139059,0.0 -79.0538854671142,33.812181881139246,0.0 -79.05388459395108,33.81218047757049,0.0 -79.05388379604936,33.812179043326694,0.0 -79.0538830758492,33.81217758240742,0.0 -79.05388243422837,33.81217609585226,0.0 -79.05388187343408,33.81217458854156,0.0 -79.0538813943441,33.81217306151479,0.0 -79.05388099725728,33.81217151845407,0.0 -79.05388068354304,33.81216996320011,0.0 -79.05388045281545,33.81216839751462,0.0 -79.05387908556781,33.812167911966036,0.0 -79.0538765513523,33.81216684415313,0.0 -79.05387410602482,33.812165643101395,0.0 -79.05387176059138,33.81216431408025,0.0 -79.05386952877826,33.81216286003437,0.0 -79.0538674140093,33.81216129056572,0.0 -79.05386543088854,33.8121596096583,0.0 -79.0538635853672,33.81215782547009,0.0 -79.05386188446711,33.812155946317525,0.0 -79.05386033773763,33.81215397907296,0.0 -79.05385894967324,33.812151933497134,0.0 -79.05385772729583,33.812149817906594,0.0 -79.05385667762727,33.81214764061788,0.0 -79.05385580068624,33.81214541163743,0.0 -79.05385510544312,33.81214314048009,0.0 -79.05385459103879,33.81214083611288,0.0 -79.05385423503171,33.812138257847664,0.0 -79.05384561183163,33.81203622197096,0.0 -79.05384551585941,33.812034384338254,0.0 -79.05384555712519,33.81203204140393,0.0 -79.05384578553551,33.81202970711895,0.0 -79.0538461982828,33.812027389251824,0.0 -79.05384679519277,33.812025098689894,0.0 -79.0538475718082,33.81202284568544,0.0 -79.05384852746306,33.8120206383246,0.0 -79.05384965448802,33.81201848638327,0.0 -79.05385095270877,33.81201640074889,0.0 -79.05385241270052,33.81201438911826,0.0 -79.05385402912837,33.81201246070417,0.0 -79.05385579577975,33.81201062367971,0.0 -79.0538577044935,33.8120088850197,0.0 -79.05385974779334,33.81200725361941,0.0 -79.05386191556973,33.812005735255326,0.0 -79.05386420092533,33.81200433618023,0.0 -79.05386659122323,33.81200306361477,0.0 -79.05386907888125,33.812001921891266,0.0 -79.05387164950712,33.812000916151334,0.0 -79.05387429746708,33.81200005192559,0.0 -79.05387700680627,33.811999331395654,0.0 -79.0538797678012,33.81199875857635,0.0 -79.05388256897278,33.8119983354035,0.0 -79.05388539796432,33.81199806277322,0.0 -79.05388824271779,33.811997945263805,0.0 -79.0538910907707,33.811997979208535,0.0 -79.05389392830953,33.81199816710648,0.0 -79.05389674589092,33.811998506648166,0.0 -79.05389953028035,33.81199899769009,0.0 -79.05390226901524,33.81199963656567,0.0 -79.05390495226618,33.81200042272699,0.0 -79.05390756814954,33.81200134986495,0.0 -79.05390844142215,33.81200171852129,0.0 -79.05391010343085,33.81200241783613,0.0 -79.05391254875376,33.81200361888741,0.0 -79.05391489291937,33.812004948630054,0.0 -79.05391712599254,33.812006401953234,0.0 -79.05391923949463,33.812007972143405,0.0 -79.05392122261267,33.81200965305019,0.0 -79.05392306813185,33.81201143723788,0.0 -79.05392476903022,33.812013316389915,0.0 -79.05392631575859,33.81201528363393,0.0 -79.05392770382231,33.812017329209354,0.0 -79.05392892619955,33.81201944479951,0.0 -79.0539299769391,33.81202162224668,0.0 -79.05393085281013,33.81202385106818,0.0 -79.05393154912511,33.81202612238414,0.0 -79.05393206246028,33.81202842659266,0.0 -79.05393241720569,33.812031005580025,0.0 -79.05394071936747,33.81212922425721,0.0 -79.05408810200002,33.81213095394554,0.0 -79.05409441266984,33.812131405777166,0.0 -79.05437922862079,33.81216920725052,0.0 -79.05516494286175,33.81227348391815,0.0 -79.05591880731335,33.81237352799807,0.0 -79.05592045566578,33.81237378509407,0.0 -79.05800159688962,33.81273450602081,0.0 -79.06290215877199,33.812616960507924,0.0 -79.0629035893163,33.81261694513954,0.0 -79.06291064634947,33.81261744159774,0.0 -79.06492525047594,33.812896221715796,0.0 -79.06630149596768,33.8129760326681,0.0 -79.06646707558257,33.81298563402175,0.0 -79.06738408077008,33.813038801423296,0.0 -79.06739313533943,33.81303683893654,0.0 -79.06739551342946,33.81303625727772,0.0 -79.06740005416293,33.813035381243665,0.0 -79.0685527510991,33.812774443060604,0.0 -79.06862253055414,33.812758647160216,0.0 -79.06882452093515,33.8126103030173,0.0 -79.06882564945859,33.81260950076522,0.0 -79.06882968477274,33.81260704475234,0.0 -79.07027573445032,33.81182921237583,0.0 -79.07113683620581,33.811366007452825,0.0 -79.07114285335564,33.81136278909976,0.0 -79.07265477592816,33.81055137642404,0.0 -79.07272331727235,33.81051459167632,0.0 -79.07272955178502,33.810511192649095,0.0 -79.07283290878186,33.81045813140421,0.0 -79.07440104448786,33.80965306557994,0.0 -79.07440303709483,33.80965207750397,0.0 -79.07440728335092,33.8096501309152,0.0 -79.07440839206934,33.80964967125766,0.0 -79.07441008349855,33.809649089640985,0.0 -79.0744118017166,33.809648567464485,0.0 -79.07441354672358,33.80964810472829,0.0 -79.07441531385099,33.80964770255967,0.0 -79.07441709930856,33.809647363125656,0.0 -79.07441890007684,33.809647085069564,0.0 -79.07442071382164,33.80964686895527,0.0 -79.07442253782322,33.80964671710817,0.0 -79.0744243669209,33.80964662785455,0.0 -79.07442619985102,33.80964660191679,0.0 -79.0744281376258,33.809646642431275,0.0 -79.07443007214485,33.809646753396486,0.0 -79.07443199873983,33.80964693593986,0.0 -79.07443391332053,33.80964718854626,0.0 -79.07443581160415,33.809647510581456,0.0 -79.07443769144918,33.80964790172831,0.0 -79.07443954857276,33.80964836135266,0.0 -79.07444137869199,33.80964888882021,0.0 -79.0744431779095,33.80964948173497,0.0 -79.0744449438911,33.8096501406607,0.0 -79.07444667273936,33.809650863201526,0.0 -79.07444836017139,33.8096516487231,0.0 -79.07445000336055,33.809652494988136,0.0 -79.07445159928734,33.80965340064001,0.0 -79.07445314512513,33.80965436344136,0.0 -79.07445463766173,33.80965538291652,0.0 -79.07445607231449,33.8096564547493,0.0 -79.07445744908343,33.80965757893969,0.0 -79.07445876212235,33.80965875189375,0.0 -79.07446001181684,33.80965997184974,0.0 -79.07446119446215,33.809661235530925,0.0 -79.07446230684614,33.80966254246164,0.0 -79.07446334779107,33.809663887920415,0.0 -79.07446431427749,33.809665270550774,0.0 -79.07446520581288,33.8096666875516,0.0 -79.07446601995602,33.80966813492377,0.0 -79.07446675368755,33.80966961131075,0.0 -79.07446740797107,33.809671112308294,0.0 -79.07446798085789,33.809672636718474,0.0 -79.07446847009956,33.80967417966126,0.0 -79.07446887588881,33.80967574025586,0.0 -79.07446919616989,33.809677312741506,0.0 -79.07446943220624,33.80967889639577,0.0 -79.07446958174944,33.80968048633882,0.0 -79.07446964518488,33.80968208080889,0.0 -79.07446962221287,33.80968367612411,0.0 -79.07446951360433,33.80968526876092,0.0 -79.07446931886672,33.80968685591833,0.0 -79.0744690377003,33.809688433914246,0.0 -79.07446867175398,33.80969000026476,0.0 -79.07446822286944,33.80969155160504,0.0 -79.07446768929077,33.809693085856175,0.0 -79.07446707324503,33.80969459789159,0.0 -79.07446637618844,33.80969608610828,0.0 -79.07446559977001,33.8096975480221,0.0 -79.07446474495336,33.80969897922882,0.0 -79.0744638131947,33.809700378125314,0.0 -79.0744628072137,33.80970174238618,0.0 -79.07446172797403,33.809703067607046,0.0 -79.0744605781954,33.8097043514626,0.0 -79.07445936021196,33.80970559338898,0.0 -79.07445807732161,33.80970678841831,0.0 -79.07445672971708,33.80970793566962,0.0 -79.07445532245221,33.809709032253814,0.0 -79.07445385698318,33.809710076567704,0.0 -79.07445233602976,33.809711066285885,0.0 -79.0744507633822,33.809711999241465,0.0 -79.07444914156753,33.80971287398983,0.0 -79.07444489233272,33.80971479376675,0.0 -79.07283272030256,33.81054260467762,0.0 -79.07277433758134,33.810572576636346,0.0 -79.07275127685627,33.81058495391958,0.0 -79.07124788284108,33.811391833538956,0.0 -79.07118723820147,33.81142438081332,0.0 -79.07116534878966,33.81143615651915,0.0 -79.07032947435546,33.81188581431311,0.0 -79.06888004350044,33.81266550641947,0.0 -79.06867288410392,33.81281764742251,0.0 -79.06867150009771,33.81281862189998,0.0 -79.0686700682109,33.812819547452285,0.0 -79.06866859077772,33.81282042351582,0.0 -79.0686670694474,33.81282124760663,0.0 -79.06866550781785,33.81282201843894,0.0 -79.06866390822337,33.8128227354491,0.0 -79.06866227338388,33.81282339631179,0.0 -79.06866060563381,33.812824000463415,0.0 -79.0686589098345,33.812824545895964,0.0 -79.06865718793463,33.81282503380751,0.0 -79.06865544177637,33.81282546083318,0.0 -79.06848040220115,33.812865058561464,0.0 -79.06748621751481,33.81308996011186,0.0 -79.06799307265635,33.81355711628075,0.0 -79.068110502349,33.81366534657651,0.0 -79.06819169651769,33.81374018120347,0.0 -79.06880005316724,33.814222979966864,0.0 -79.06880176787108,33.814224418911095,0.0 -79.0692107528212,33.81458770290349,0.0 -79.06932798860383,33.81469183760353,0.0 -79.06949712579434,33.81481992622481,0.0 -79.06968119598159,33.81495932578687,0.0 -79.06987347002533,33.815087768697815,0.0 -79.06994099997374,33.81511327804722,0.0 -79.06994270808764,33.81511395937281,0.0 -79.06994437749883,33.81511470135172,0.0 -79.06994600732925,33.815115502944636,0.0 -79.06994759261059,33.81511636159686,0.0 -79.06994913013054,33.8151172768325,0.0 -79.06995061832585,33.81511824569195,0.0 -79.06995205398422,33.81511926769935,0.0 -79.06995343447164,33.81512033973651,0.0 -79.06995475569782,33.81512146028796,0.0 -79.06995601697756,33.81512262743353,0.0 -79.06995721548405,33.815123838935754,0.0 -79.06995834751261,33.815125091517785,0.0 -79.06995941325603,33.81512638429862,0.0 -79.06996040900955,33.815127714001434,0.0 -79.06996133320997,33.815129077666505,0.0 -79.06996218410137,33.81513047321492,0.0 -79.06996296119138,33.81513189784563,0.0 -79.06996366165316,33.81513334932108,0.0 -79.06996428392361,33.81513482468162,0.0 -79.06996482770307,33.81513632024522,0.0 -79.06996529763663,33.81513787034759,0.0 -79.06996568235489,33.815139436019464,0.0 -79.06996598243629,33.81514101461839,0.0 -79.06996619543973,33.815142602145116,0.0 -79.06996632301434,33.81514419611583,0.0 -79.06996636359699,33.81514579357074,0.0 -79.06996631688803,33.815147390827946,0.0 -79.06996618472952,33.81514898452265,0.0 -79.06996596448751,33.81515057153646,0.0 -79.06996565995273,33.81515214970282,0.0 -79.06996526887683,33.815153714141665,0.0 -79.069964793787,33.815155263408414,0.0 -79.06996423457645,33.81515679294039,0.0 -79.0699635937724,33.81515830129311,0.0 -79.06996287126805,33.81515978390374,0.0 -79.06996206871257,33.81516123828835,0.0 -79.06996118775517,33.81516266196306,0.0 -79.06996023111583,33.81516405260248,0.0 -79.06995919975859,33.815165405802496,0.0 -79.06995809513984,33.815166719960025,0.0 -79.06995692124315,33.81516799202744,0.0 -79.06995567845408,33.81516922024312,0.0 -79.06995437075629,33.815170401559485,0.0 -79.06995300086976,33.81517153365127,0.0 -79.0699515706364,33.815172613153656,0.0 -79.06995008219793,33.815173640383804,0.0 -79.0699485397306,33.81517461141343,0.0 -79.0699469468325,33.815175524956636,0.0 -79.06994530515276,33.81517637852945,0.0 -79.0699436193601,33.815177171004564,0.0 -79.06994189198188,33.81517790093761,0.0 -79.06994012661593,33.815178567042665,0.0 -79.06993832705302,33.815179167152955,0.0 -79.06993649669847,33.81517970086355,0.0 -79.06993463915009,33.815180166888545,0.0 -79.06993275800599,33.815180563941986,0.0 -79.06993085774205,33.81518089177751,0.0 -79.06992894088553,33.815181148950614,0.0 -79.06992704493472,33.815181351018786,0.0 -79.06992514095765,33.81518148369335,0.0 -79.06992323148144,33.81518154552987,0.0 -79.06992131971855,33.81518153700411,0.0 -79.06991941102284,33.81518145890909,0.0 -79.06991750792156,33.8151813098003,0.0 -79.06991561469788,33.815181090312215,0.0 -79.0699137363201,33.81518080299948,0.0 -79.06991187443741,33.81518044537815,0.0 -79.06991003508901,33.8151800201616,0.0 -79.06990821934568,33.81517952750833,0.0 -79.06990643236853,33.81517896909228,0.0 -79.06990467863353,33.81517834466694,0.0 -79.06983214421817,33.81515094548874,0.0 -79.0698284075379,33.815149349852895,0.0 -79.06982286917373,33.815146202378514,0.0 -79.06962493921596,33.81501397702302,0.0 -79.06962322774099,33.81501275046517,0.0 -79.06950031237525,33.81491966534807,0.0</coordinates>
                    </LinearRing>
                </outerBoundaryIs>
            </Polygon>
        </Placemark>
        <Placemark id="418563">
            <name>Wetland_45447</name>
            <styleUrl>#418568</styleUrl>
            <Polygon id="418562">
                <outerBoundaryIs>
                    <LinearRing id="418566">
                        <coordinates>-79.05458592958534,33.80792387894246,0.0 -79.05458592941406,33.80711267722504,0.0 -79.05461125150076,33.806938691293716,0.0 -79.0547456682698,33.80668748388159,0.0 -79.05504697608221,33.806288501626156,0.0 -79.05504781363057,33.80628734259795,0.0 -79.05515919833978,33.80612319577672,0.0 -79.05543322936428,33.805774660878676,0.0 -79.05583925563317,33.80539754658041,0.0 -79.05583991075726,33.805396922530875,0.0 -79.05584226656661,33.80539441346302,0.0 -79.05600686699384,33.8052020124016,0.0 -79.05600888529558,33.8051994241901,0.0 -79.05601009848712,33.805197589666804,0.0 -79.05613529775489,33.80499432217832,0.0 -79.05613644094048,33.80499231266766,0.0 -79.0563189705485,33.804643953542204,0.0 -79.05634934616046,33.80460860841809,0.0 -79.05635141821925,33.80460595632735,0.0 -79.0563530928832,33.804603347175345,0.0 -79.05664936133758,33.80409214665413,0.0 -79.05665091743305,33.80408910976619,0.0 -79.05665133039655,33.80408814787963,0.0 -79.05675013007342,33.8038463465865,0.0 -79.0567517079013,33.80384128761256,0.0 -79.05675235245694,33.803836553174975,0.0 -79.05679848524251,33.8029957526767,0.0 -79.05679852987916,33.80299415596271,0.0 -79.0567984872378,33.80299255904099,0.0 -79.05679835868801,33.80299096575234,0.0 -79.05679814472163,33.80298937889804,0.0 -79.05679784368927,33.80298780096178,0.0 -79.05679745803101,33.80298623594312,0.0 -79.05679698716816,33.80298468648452,0.0 -79.05676405348551,33.80288568643804,0.0 -79.0567630283224,33.80288301895317,0.0 -79.05676060912207,33.802878495075326,0.0 -79.05670810507293,33.80279621543399,0.0 -79.05648238707454,33.80243003978484,0.0 -79.05647603712094,33.8021709205799,0.0 -79.05650220400969,33.801942158407115,0.0 -79.05650232032342,33.801940900623585,0.0 -79.05653503946107,33.801482315937214,0.0 -79.0565587198084,33.80139805267037,0.0 -79.05659403582635,33.80135387639082,0.0 -79.05659502501578,33.8013525797773,0.0 -79.05659594554447,33.80135124842905,0.0 -79.05659679644788,33.80134988675025,0.0 -79.05659757626957,33.80134849634381,0.0 -79.05659828228964,33.80134707953483,0.0 -79.05659891392932,33.80134563896576,0.0 -79.05659947041696,33.80134417815999,0.0 -79.0566322916009,33.80125109900692,0.0 -79.05670433026641,33.801059793063125,0.0 -79.05689958812987,33.800603090942424,0.0 -79.05693910816628,33.800552586161935,0.0 -79.05714571946746,33.80061955075717,0.0 -79.05851460368139,33.80106320585517,0.0 -79.0586273296182,33.801099738270516,0.0 -79.05878503666705,33.801285079473296,0.0 -79.05895352235572,33.801414934938954,0.0 -79.0590275272738,33.80151150500147,0.0 -79.05916763046177,33.801632963659216,0.0 -79.0591711341337,33.80165035845462,0.0 -79.05919332087753,33.8017605738102,0.0 -79.05926606919623,33.80191277453555,0.0 -79.05929786750647,33.80219153521162,0.0 -79.05935193642996,33.80232754169646,0.0 -79.05932894833526,33.802502086734926,0.0 -79.05937403473011,33.80261410039537,0.0 -79.0593600270769,33.80281263868592,0.0 -79.05935859439799,33.80287621824839,0.0 -79.0594035023369,33.80299618013584,0.0 -79.05951702440196,33.803029767082414,0.0 -79.05965012356249,33.80303981151437,0.0 -79.05970760271913,33.80302481674313,0.0 -79.05985058193298,33.803019115466746,0.0 -79.05995530180638,33.8030207621809,0.0 -79.06010744231762,33.803031106750204,0.0 -79.06028652853715,33.80311342585258,0.0 -79.06031643134095,33.80313934804849,0.0 -79.06039861571516,33.80321059275924,0.0 -79.06047298240142,33.80329126524145,0.0 -79.06055704843975,33.803364140099525,0.0 -79.06065872013032,33.8035008943319,0.0 -79.06069446978672,33.80360481056237,0.0 -79.06073111468984,33.80366899020446,0.0 -79.06078608351726,33.803765258473035,0.0 -79.06080225213583,33.80389271744842,0.0 -79.06092189073726,33.804077456390424,0.0 -79.06092872159032,33.80419681783376,0.0 -79.06092423745068,33.8043955055526,0.0 -79.06092118813356,33.80453061337659,0.0 -79.0608698226836,33.80469676201039,0.0 -79.06083946795178,33.80477578805829,0.0 -79.06078913571722,33.80482632821884,0.0 -79.06076151490173,33.80485406504267,0.0 -79.06070277991599,33.804924693916746,0.0 -79.06061404762468,33.80505845408402,0.0 -79.06054471621523,33.80517661850095,0.0 -79.06048544087359,33.80527109053442,0.0 -79.0603974272591,33.80537305994736,0.0 -79.0603004321484,33.80545103700451,0.0 -79.06020307742554,33.80554491019166,0.0 -79.06003782360594,33.80569336549325,0.0 -79.05992142609253,33.80578693864095,0.0 -79.05979568802483,33.80587241380816,0.0 -79.05965989306921,33.80598158105957,0.0 -79.0596517157065,33.80599105378812,0.0 -79.05957187543652,33.806083549430085,0.0 -79.05943572129436,33.806208612749735,0.0 -79.05942404636063,33.80630383329713,0.0 -79.05940321089419,33.80638300785397,0.0 -79.0594006989349,33.80649427290819,0.0 -79.05939854402855,33.80658964319551,0.0 -79.05939657017447,33.806677064652206,0.0 -79.05940429478703,33.80675668938498,0.0 -79.05940250141376,33.80683616464807,0.0 -79.05941004644781,33.80692373657695,0.0 -79.05947238214937,33.80711552609582,0.0 -79.05947022964762,33.80721089574291,0.0 -79.05948729732718,33.807298616832604,0.0 -79.05941850015124,33.80739293755932,0.0 -79.0592929374929,33.80747046463141,0.0 -79.05919647628436,33.807524599647614,0.0 -79.05908097145786,33.807578433613905,0.0 -79.05900301492241,33.80765670927976,0.0 -79.05898217935368,33.80773588553951,0.0 -79.05900840631257,33.807839651579876,0.0 -79.05909229390815,33.807920474832514,0.0 -79.05914923913733,33.80792932132097,0.0 -79.05922414788856,33.80798615250088,0.0 -79.05945928880742,33.80811705886091,0.0 -79.0595437184629,33.80817403871213,0.0 -79.0595611430841,33.80824586672501,0.0 -79.05952144598936,33.808316795250114,0.0 -79.05937773882671,33.80835428398946,0.0 -79.05921606967324,33.80834378993461,0.0 -79.05907487567957,33.808270014562346,0.0 -79.05881889713328,33.80821828242789,0.0 -79.05873339275311,33.80820898748104,0.0 -79.05862848646476,33.80821528598661,0.0 -79.05854226246701,33.80823777865183,0.0 -79.05840843772566,33.808259522999634,0.0 -79.05817886734762,33.80830360955326,0.0 -79.0580638998904,33.80833360085814,0.0 -79.05788211283179,33.80837048849212,0.0 -79.05764086527317,33.808509795122184,0.0 -79.05740177230831,33.80855373003406,0.0 -79.0571718393785,33.808613710556536,0.0 -79.05702741310552,33.80868298632041,0.0 -79.05691226800214,33.808720924130604,0.0 -79.05679676197599,33.80877475604471,0.0 -79.05665179698019,33.80886787585029,0.0 -79.05655533260375,33.80892200679885,0.0 -79.05651972237588,33.80892373020212,0.0 -79.0564569723711,33.80892676573964,0.0 -79.05621183303177,33.80892148327574,0.0 -79.05605086134186,33.808900782672005,0.0 -79.05594824025853,33.80885549207456,0.0 -79.05546524283662,33.80856122703849,0.0 -79.05528250181261,33.808425014036736,0.0 -79.0552813798103,33.80842420653903,0.0 -79.05528046513439,33.80842358802059,0.0 -79.05506326452324,33.80828065490622,0.0 -79.0550585145696,33.80827793445321,0.0 -79.05488044654984,33.808189805663325,0.0 -79.05487490254467,33.80818752586086,0.0 -79.05455202369821,33.808077739473404,0.0 -79.05458522224696,33.807930246491736,0.0 -79.05458592958534,33.80792387894246,0.0</coordinates>
                    </LinearRing>
                </outerBoundaryIs>
            </Polygon>
        </Placemark>
        <Placemark id="418572">
            <name>Wetland_45448</name>
            <styleUrl>#418577</styleUrl>
            <Polygon id="418571">
                <outerBoundaryIs>
                    <LinearRing id="418575">
                        <coordinates>-79.05849095188326,33.81215935431551,0.0 -79.05846196708916,33.812081935218615,0.0 -79.05830874087773,33.81206241971507,0.0 -79.05830660786029,33.81206263919334,0.0 -79.05832972378623,33.81203120932841,0.0 -79.05843849230862,33.811936498807974,0.0 -79.05847964802834,33.81188701719751,0.0 -79.05849329516664,33.811870608832024,0.0 -79.05855748315955,33.81178261326041,0.0 -79.05864865372536,33.8116802068431,0.0 -79.05870429428647,33.811577243860604,0.0 -79.0587775317012,33.811481972791775,0.0 -79.05887724903744,33.81139453713614,0.0 -79.05902799382152,33.81133227209417,0.0 -79.05901853076494,33.811433846717215,0.0 -79.05905154873632,33.81154562297491,0.0 -79.05915746848045,33.811576959031946,0.0 -79.05933511726258,33.81157975607251,0.0 -79.05940600882275,33.81158828823808,0.0 -79.05942310466804,33.81161822657849,0.0 -79.05948310441512,33.8117155933023,0.0 -79.05960561882738,33.811799110943575,0.0 -79.05970248821268,33.81183772173931,0.0 -79.0598883514004,33.81187031378898,0.0 -79.06000516322247,33.8118128144263,0.0 -79.0601057159332,33.81168830470094,0.0 -79.06023342066302,33.81154196984866,0.0 -79.06041341315603,33.81144096157395,0.0 -79.06057497183174,33.811369329832004,0.0 -79.06071038278178,33.81127503680169,0.0 -79.06081043448025,33.811172770394755,0.0 -79.06085802413811,33.81103259248108,0.0 -79.06095857789151,33.81090808148005,0.0 -79.06108677653135,33.81073950206318,0.0 -79.0611615201943,33.810577500047295,0.0 -79.06117341351816,33.810444177850364,0.0 -79.06123022060046,33.810289309203085,0.0 -79.06130362232085,33.81018662323112,0.0 -79.0614056775694,33.809995381365816,0.0 -79.0615001280637,33.80981838973026,0.0 -79.06159232547004,33.809789732059365,0.0 -79.06167630998509,33.80967772586293,0.0 -79.06173714816117,33.809628818646644,0.0 -79.06180833100767,33.809602739408504,0.0 -79.06199514676452,33.80950594719046,0.0 -79.06209900415251,33.80947584877535,0.0 -79.06223020775285,33.809437112911226,0.0 -79.06237257398374,33.80938495304701,0.0 -79.06252508256401,33.809364683312396,0.0 -79.06268311866461,33.8093399688292,0.0 -79.06284679081517,33.80930627494572,0.0 -79.06304774754557,33.80930489926508,0.0 -79.06315590794333,33.80932472978279,0.0 -79.06343153195851,33.80938345574213,0.0 -79.06363177290868,33.809413798813594,0.0 -79.06380548529866,33.80941652656333,0.0 -79.06404393009011,33.809438403208794,0.0 -79.06409197017588,33.80947542152157,0.0 -79.06415629377346,33.80951269556648,0.0 -79.06424274299563,33.80953218611085,0.0 -79.06427836587997,33.809532745724034,0.0 -79.06427329878936,33.80954238311476,0.0 -79.06437368381835,33.8095895594279,0.0 -79.06450608456772,33.80962872328249,0.0 -79.06468373056941,33.80963151050126,0.0 -79.06486187725166,33.809612056481576,0.0 -79.0650046623846,33.809584628010136,0.0 -79.06509465398429,33.80953411970004,0.0 -79.06518514681404,33.80946136682205,0.0 -79.06532776296453,33.80944135285963,0.0 -79.06544323337722,33.80944316478557,0.0 -79.06559473095724,33.80942328967737,0.0 -79.0657562824696,33.809351652575955,0.0 -79.06592721613995,33.80925791076693,0.0 -79.06609814959317,33.809164167812376,0.0 -79.06630444437907,33.80907839662646,0.0 -79.06641136422077,33.80906523871599,0.0 -79.06654643399375,33.80898576758683,0.0 -79.06663658897116,33.80892784351942,0.0 -79.06674468056264,33.80886278341938,0.0 -79.06687891228242,33.80882038448424,0.0 -79.06705755864216,33.80877868181307,0.0 -79.06725346910743,33.808759501797894,0.0 -79.06741535004002,33.80867303271058,0.0 -79.06758611312249,33.80858670256556,0.0 -79.06771146267174,33.808544162746145,0.0 -79.06783698326466,33.80849421009876,0.0 -79.06799031359394,33.808392772445366,0.0 -79.06815219295186,33.80830630228338,0.0 -79.06821603429987,33.80823312862285,0.0 -79.06821344407093,33.808224564766476,0.0 -79.0682400332531,33.8082031841177,0.0 -79.06829878648361,33.808155946851066,0.0 -79.06833753441495,33.808117893740516,0.0 -79.06836380841398,33.808109961988926,0.0 -79.06875095575998,33.80803896339649,0.0 -79.06901274128197,33.8079886671679,0.0 -79.06911710411609,33.80793590370077,0.0 -79.06922146554582,33.807883140857854,0.0 -79.06934774273655,33.80782165486651,0.0 -79.06949050996579,33.80775136126328,0.0 -79.06962252344975,33.8076763661617,0.0 -79.06973763894277,33.80762830342768,0.0 -79.06985879344944,33.80755313729616,0.0 -79.06995300960605,33.807468484180525,0.0 -79.07004301677173,33.80732936706495,0.0 -79.07002887058957,33.807233951971014,0.0 -79.06986170976336,33.80718147125576,0.0 -79.06969129455302,33.80727399867153,0.0 -79.06942747468429,33.80741492720049,0.0 -79.06928430229509,33.807503346974194,0.0 -79.069129107205,33.80754384862333,0.0 -79.06909359590462,33.8075320930056,0.0 -79.06905600349911,33.80751337130921,0.0 -79.0690403312364,33.80748592723858,0.0 -79.06904104197297,33.8074542059982,0.0 -79.06902557242334,33.807417699695336,0.0 -79.06902608222529,33.8073950427595,0.0 -79.06903775247561,33.807358960254255,0.0 -79.06903913669237,33.80735648437977,0.0 -79.06905434348815,33.80734562164917,0.0 -79.06920406534081,33.80720744018125,0.0 -79.0693755005729,33.80706959870182,0.0 -79.0695623048015,33.806972796316046,0.0 -79.06972647736188,33.80691643634798,0.0 -79.06992925822361,33.80683348143309,0.0 -79.07004990395457,33.80678097229813,0.0 -79.07023589158234,33.806720419748096,0.0 -79.07042371074564,33.80657830079565,0.0 -79.07048792599852,33.80647119711874,0.0 -79.0705576438323,33.806437743748226,0.0 -79.0706571779495,33.806357712044765,0.0 -79.07071263373965,33.80626215429941,0.0 -79.07087583722243,33.80611636398243,0.0 -79.07101089930913,33.806036888520154,0.0 -79.07115450872608,33.80597238010682,0.0 -79.07123627741561,33.80589206916332,0.0 -79.07136112323293,33.80587177017527,0.0 -79.0714765885121,33.80587357607788,0.0 -79.07162741482945,33.805883351421365,0.0 -79.071643682246,33.8059503614351,0.0 -79.07169564354699,33.806010510584926,0.0 -79.07175648355997,33.80607079985144,0.0 -79.0717546530321,33.806152361462686,0.0 -79.07169065269608,33.80623294918796,0.0 -79.07158306924124,33.80627577056664,0.0 -79.0713022359425,33.806516146800114,0.0 -79.07122951610604,33.80658918063319,0.0 -79.0711479115039,33.806662076072314,0.0 -79.07106314854374,33.80687584877178,0.0 -79.07108796211958,33.80695782670017,0.0 -79.07112954512975,33.807084568563475,0.0 -79.07101008096251,33.8072607126923,0.0 -79.07088357050311,33.80735515794622,0.0 -79.0707927498523,33.807442742732725,0.0 -79.07067545272626,33.807522497913446,0.0 -79.07057541860775,33.80762477335969,0.0 -79.07058180191208,33.80773613059911,0.0 -79.07053689235094,33.80775767985308,0.0 -79.07051696412663,33.80785379210503,0.0 -79.07054177889631,33.80793576844179,0.0 -79.07057480827079,33.808047543209625,0.0 -79.07055739859763,33.80810137290412,0.0 -79.0705366178055,33.808165620641134,0.0 -79.07036336161262,33.80836317370761,0.0 -79.07024589366426,33.8084503422468,0.0 -79.07002955681267,33.80858788412324,0.0 -79.06972339799972,33.80876852060389,0.0 -79.06948107661862,33.808875985296936,0.0 -79.06932052818628,33.80890314107978,0.0 -79.06910535461621,33.808988778610974,0.0 -79.06886220422668,33.80913331408758,0.0 -79.0686999899218,33.80923461354786,0.0 -79.06850174548639,33.80935760101099,0.0 -79.06835929520255,33.8093702043802,0.0 -79.06819003127899,33.80938980365458,0.0 -79.06800116842103,33.80949068661989,0.0 -79.06783023779968,33.809584431628046,0.0 -79.06759729652964,33.80966978811027,0.0 -79.0674003838891,33.80973345607644,0.0 -79.06715889249486,33.80980384304251,0.0 -79.06705063511338,33.80987631707577,0.0 -79.06694271402866,33.809933962939176,0.0 -79.06672803680422,33.80999735247767,0.0 -79.06660351761491,33.8100028179699,0.0 -79.06635481208903,33.809998917216035,0.0 -79.06618537973635,33.8100259296445,0.0 -79.06597991584117,33.81007462734013,0.0 -79.06587299240464,33.81008778451615,0.0 -79.06570205899575,33.81018152645929,0.0 -79.06542336760222,33.810325498050354,0.0 -79.06517148834804,33.81046247341879,0.0 -79.06495647369302,33.81054068710144,0.0 -79.06458995703683,33.81063877593608,0.0 -79.06422360796905,33.81072944957596,0.0 -79.06392864986502,33.81080640771475,0.0 -79.06360838149507,33.81082362939761,0.0 -79.06343894659841,33.810850636887125,0.0 -79.06323398249063,33.81087708727882,0.0 -79.06307393168264,33.810881991061116,0.0 -79.0629138812403,33.810886892859905,0.0 -79.0627360648694,33.81089151709744,0.0 -79.06260249469376,33.81090425305102,0.0 -79.06246925666427,33.810902159146366,0.0 -79.06227367704219,33.81090650296371,0.0 -79.06217563567807,33.81091979644785,0.0 -79.06197804730806,33.811013115752026,0.0 -79.06185135239119,33.811114963932624,0.0 -79.06177023985914,33.811165608354926,0.0 -79.06165292560576,33.8112453545426,0.0 -79.06157198176388,33.81128858392644,0.0 -79.06151634372948,33.811391549933056,0.0 -79.06156746590945,33.811488778196264,0.0 -79.0616908156241,33.811535220267835,0.0 -79.06183159797031,33.81159677009644,0.0 -79.06201645694901,33.81167384756411,0.0 -79.06214952776757,33.81168335511492,0.0 -79.06234276921764,33.81178281533916,0.0 -79.06249193200085,33.81186674905836,0.0 -79.06251720717516,33.81187272809692,0.0 -79.06252328508548,33.81188045210736,0.0 -79.0625401039934,33.811901639299066,0.0 -79.06255959646343,33.811921077373405,0.0 -79.06258385483952,33.81193796508814,0.0 -79.06261346125511,33.811951870340394,0.0 -79.06264817174886,33.81196279153185,0.0 -79.06268791216218,33.81197097139511,0.0 -79.06273320952047,33.811976799952454,0.0 -79.06278468117259,33.81198097162159,0.0 -79.06284195100288,33.811984562878095,0.0 -79.06290310936116,33.81198878762328,0.0 -79.06296544285587,33.8119945369504,0.0 -79.0630267817232,33.81200213774208,0.0 -79.06308617945305,33.81201150521565,0.0 -79.06314338769972,33.81202248616793,0.0 -79.06319797720847,33.81203502154059,0.0 -79.06324926791982,33.81204898600975,0.0 -79.06329733200931,33.81206392374656,0.0 -79.06334424185884,33.812078882308896,0.0 -79.06339451782982,33.812092533554086,0.0 -79.06345398532949,33.81210350626688,0.0 -79.06352736328647,33.81211084273725,0.0 -79.06361571035227,33.812114403341845,0.0 -79.06371518474528,33.81211504746384,0.0 -79.06381788607509,33.812114429046865,0.0 -79.06391442295794,33.812114443110616,0.0 -79.06399700693478,33.81211660109126,0.0 -79.06406171126322,33.81212165073005,0.0 -79.06410898782381,33.8121296235467,0.0 -79.06414243563513,33.81214016798899,0.0 -79.06416665180578,33.81215296852883,0.0 -79.06418545911183,33.8121680350493,0.0 -79.06420128884885,33.81218574963341,0.0 -79.06421553554229,33.8122064835175,0.0 -79.06422919943162,33.81222993475281,0.0 -79.06424323906538,33.812254709377214,0.0 -79.06425888888548,33.812278643114695,0.0 -79.06427825981616,33.812299718838524,0.0 -79.0643050522205,33.81231682425735,0.0 -79.06434410677706,33.812329783580346,0.0 -79.06439893355893,33.81233882314972,0.0 -79.06446836824021,33.81234409053618,0.0 -79.06454546302191,33.81234564572875,0.0 -79.06462039786607,33.812343741551736,0.0 -79.0646854637766,33.812339006394765,0.0 -79.06473812795855,33.81233232452551,0.0 -79.06478039788857,33.812324544507405,0.0 -79.06481614364677,33.812316257962166,0.0 -79.06484894515276,33.8123077761569,0.0 -79.06488138785353,33.812299191162545,0.0 -79.064915064985,33.81229043621162,0.0 -79.06495064408499,33.81228131010536,0.0 -79.06498797018412,33.812271546159415,0.0 -79.06502637712008,33.8122609656415,0.0 -79.065064996,33.812249664434276,0.0 -79.06510302611832,33.81223806317982,0.0 -79.06513986068947,33.81222671674464,0.0 -79.06517515618742,33.81221600256251,0.0 -79.06520880254065,33.81220591342001,0.0 -79.06524076812681,33.81219606359108,0.0 -79.06525082452897,33.81219268098341,0.0 -79.06527093801569,33.81218591768572,0.0 -79.06529901508063,33.81217507064677,0.0 -79.06532466932134,33.812163464487476,0.0 -79.06534787907587,33.81215135972828,0.0 -79.06536932631035,33.812139100224904,0.0 -79.06539047210225,33.81212680878728,0.0 -79.06541308104487,33.81211427215243,0.0 -79.06543845497539,33.8121010629872,0.0 -79.06546704551192,33.812086698920744,0.0 -79.06549877087458,33.812070775879455,0.0 -79.0655261722184,33.812056829450654,0.0 -79.06553357104006,33.81205306307257,0.0 -79.06557147546985,33.81203374401619,0.0 -79.06561199521833,33.812013612930535,0.0 -79.06565361049833,33.81199402700924,0.0 -79.0656940140708,33.811976526882425,0.0 -79.06573116608483,33.81196235086192,0.0 -79.06576462108379,33.811952089543325,0.0 -79.06579655378022,33.811945554957134,0.0 -79.0658318315587,33.81194183313986,0.0 -79.06587666326276,33.81193949771526,0.0 -79.06593582324902,33.81193705981665,0.0 -79.06600965368712,33.8119334260831,0.0 -79.06609295555391,33.811928111767166,0.0 -79.06613965523047,33.811924196897124,0.0 -79.06611333848942,33.81204227391364,0.0 -79.06607613883207,33.812115862731154,0.0 -79.06604732128677,33.812211833482756,0.0 -79.0660632505106,33.81229367293322,0.0 -79.0661061602744,33.812361099685056,0.0 -79.06628935614121,33.812512316910954,0.0 -79.0663852310682,33.81259541047906,0.0 -79.06644407206069,33.812744676592594,0.0 -79.06646788444027,33.8128711415134,0.0 -79.06646538019311,33.812982359983735,0.0 -79.06646707558257,33.81298563402175,0.0 -79.06630149596768,33.8129760326681,0.0 -79.0663110085211,33.81291504494626,0.0 -79.06628182564502,33.812846176334624,0.0 -79.06620105161468,33.812793600712,0.0 -79.06609902604022,33.81277489658015,0.0 -79.06595545766159,33.81278119740023,0.0 -79.06578078416044,33.812804111474414,0.0 -79.06570871324706,33.812820083700515,0.0 -79.06556380077215,33.812886222133805,0.0 -79.06549114928907,33.81292783989213,0.0 -79.06535820931371,33.81291720192817,0.0 -79.06528806185027,33.81284768996757,0.0 -79.065249215821,33.812753014380704,0.0 -79.06512651737361,33.81274253759032,0.0 -79.06493232303875,33.81272238682734,0.0 -79.06489155110167,33.81271319560753,0.0 -79.06477000820206,33.81265142893851,0.0 -79.06464750128319,33.81263240334955,0.0 -79.06449427264135,33.81261289518325,0.0 -79.0643715732515,33.81260241831132,0.0 -79.06426935682558,33.81259226172815,0.0 -79.06414704060279,33.81256468627915,0.0 -79.06403439132718,33.81256291799623,0.0 -79.06387072808171,33.812551796301626,0.0 -79.06374880002933,33.8125071255271,0.0 -79.06362590968217,33.81250519526923,0.0 -79.06353335481684,33.81252084457155,0.0 -79.06335925980683,33.81251811076416,0.0 -79.06323636818846,33.812516180814114,0.0 -79.06309299493392,33.8125139293869,0.0 -79.06297068158312,33.81248635212615,0.0 -79.06282788737705,33.812458455261876,0.0 -79.06273571650499,33.8124570075106,0.0 -79.06260277751268,33.812446367250196,0.0 -79.0624199818126,33.81237508339907,0.0 -79.06234829819522,33.8123739567168,0.0 -79.06220492522718,33.81237170418707,0.0 -79.06200029837687,33.812359936662624,0.0 -79.06189788970778,33.812358326987166,0.0 -79.06168302072936,33.812346397001136,0.0 -79.06157037270201,33.81234462735458,0.0 -79.06148863837284,33.8123347908049,0.0 -79.06139685653706,33.81231624532485,0.0 -79.06130468605211,33.81231479555074,0.0 -79.06111030402326,33.812303187836584,0.0 -79.06092596718818,33.81230028927314,0.0 -79.06079244905632,33.81231529203069,0.0 -79.06063902811465,33.81230432671116,0.0 -79.06053739191411,33.81226852348114,0.0 -79.06036368218658,33.81224868874596,0.0 -79.06017915264448,33.81225433711736,0.0 -79.06000505834554,33.81225159825426,0.0 -79.05967754231175,33.81223789237273,0.0 -79.05956489341546,33.81223612061169,0.0 -79.05943175888058,33.81223402522962,0.0 -79.05923718436459,33.81223096248793,0.0 -79.05904260752945,33.81222789998195,0.0 -79.0589289891865,33.812268868469324,0.0 -79.05874465679622,33.812265967059886,0.0 -79.05860128218173,33.81226370885928,0.0 -79.05854099721978,33.812211452063444,0.0 -79.05849095188326,33.81215935431551,0.0</coordinates>
                    </LinearRing>
                </outerBoundaryIs>
            </Polygon>
        </Placemark>
        <Placemark id="418581">
            <name>Wetland_45449</name>
            <styleUrl>#418586</styleUrl>
            <Polygon id="418580">
                <outerBoundaryIs>
                    <LinearRing id="418584">
                        <coordinates>-79.07167368325926,33.81044726990965,0.0 -79.07169304189675,33.81043539849575,0.0 -79.07171137991163,33.81042383152339,0.0 -79.07172992034737,33.81041241547947,0.0 -79.07174970778696,33.81040076671285,0.0 -79.07177075817674,33.81038855474472,0.0 -79.07179167327389,33.81037558703147,0.0 -79.07180996801938,33.81036168193885,0.0 -79.07182292171403,33.810346537449725,0.0 -79.07182849449427,33.810329927831766,0.0 -79.07182588694154,33.81031216210127,0.0 -79.07181558456607,33.81029441617623,0.0 -79.07180256720302,33.810282014626424,0.0 -79.0718281412485,33.81026489166705,0.0 -79.07199471654953,33.81019859395863,0.0 -79.07209304207501,33.81010825849279,0.0 -79.07220615092754,33.809972220805506,0.0 -79.0722505017655,33.80983510807239,0.0 -79.07228083773198,33.809709260507994,0.0 -79.0722834151096,33.809594461375475,0.0 -79.07229509815186,33.8095946439179,0.0 -79.07235217573134,33.80959553674258,0.0 -79.07240461069183,33.80971119559226,0.0 -79.07241630225587,33.80980324866766,0.0 -79.07248429169769,33.809838763222054,0.0 -79.07263582252243,33.80982964851345,0.0 -79.07273466643032,33.80971635344198,0.0 -79.07283299332057,33.80962601952596,0.0 -79.07291782297223,33.809523990585355,0.0 -79.07304365329212,33.80943408587591,0.0 -79.07326497764348,33.80938012464256,0.0 -79.07348630130373,33.80932616474298,0.0 -79.07366688266721,33.80924859662242,0.0 -79.07384772228346,33.809159550815465,0.0 -79.0740843383998,33.809036924407486,0.0 -79.07411154658638,33.80901673375722,0.0 -79.07423206276827,33.80892729964032,0.0 -79.074266206557,33.808901959440206,0.0 -79.07440707283607,33.80875486754193,0.0 -79.07449241514671,33.80862987867607,0.0 -79.07468777699265,33.80850660565554,0.0 -79.07482812562912,33.808382474469894,0.0 -79.07484380905291,33.80836360986224,0.0 -79.07491295239757,33.808280444054596,0.0 -79.07506525587013,33.80823688581668,0.0 -79.07521730252203,33.80820480686804,0.0 -79.07538412718426,33.808127024597006,0.0 -79.07560544621874,33.80807305878541,0.0 -79.07572972787169,33.80805203012153,0.0 -79.07581163297743,33.80801942723009,0.0 -79.07589629641085,33.80798572586977,0.0 -79.0760478275281,33.80797660729664,0.0 -79.07607007266557,33.80797167489797,0.0 -79.07614460572111,33.80795514863191,0.0 -79.07623166312973,33.80790756315576,0.0 -79.07644259578962,33.80779226799685,0.0 -79.07645100659249,33.80778767055659,0.0 -79.07657683112392,33.80769776194982,0.0 -79.07668941689005,33.80758467860712,0.0 -79.0767729144961,33.80748895983662,0.0 -79.076788251698,33.807471381491716,0.0 -79.07684670843624,33.807369136638926,0.0 -79.07684183583264,33.807586867027936,0.0 -79.07686888401159,33.80767619592385,0.0 -79.07686743721962,33.80774083419254,0.0 -79.07689538893722,33.807789765173396,0.0 -79.07693247794624,33.807863084932464,0.0 -79.0769892851871,33.8079205480714,0.0 -79.07705613174137,33.80796200367213,0.0 -79.07722818181232,33.808061675947634,0.0 -79.07726617345983,33.80809459753742,0.0 -79.0772849894149,33.808119138926166,0.0 -79.0773212025961,33.808144263752745,0.0 -79.07727671729234,33.80818573204636,0.0 -79.07727207006144,33.80819107868,0.0 -79.07716762332643,33.808338233058635,0.0 -79.07694651497053,33.80859892154152,0.0 -79.07677731242978,33.80874998281784,0.0 -79.07669019578088,33.80877901563612,0.0 -79.07658017933551,33.80877729944784,0.0 -79.07649121745,33.80877591162002,0.0 -79.07643252760762,33.808774995734886,0.0 -79.07642890534444,33.80877493953992,0.0 -79.07623637469314,33.80877193678961,0.0 -79.0761676136718,33.80877086357499,0.0 -79.07601582537123,33.80879146282029,0.0 -79.0759177606376,33.808870321101224,0.0 -79.07580568649351,33.80896044293179,0.0 -79.07572188490765,33.8090165530273,0.0 -79.07562381959504,33.80909541103518,0.0 -79.07556424163852,33.80915015183563,0.0 -79.07552549766847,33.80918574754912,0.0 -79.07546894674906,33.809253768105904,0.0 -79.07545779812645,33.809261834102266,0.0 -79.07509473850139,33.8093797001158,0.0 -79.07509193625262,33.8093807056266,0.0 -79.07440839206934,33.80964967125766,0.0 -79.07440728335092,33.8096501309152,0.0 -79.07440303709483,33.80965207750397,0.0 -79.07440104448786,33.80965306557994,0.0 -79.07283290878186,33.81045813140421,0.0 -79.07282873770437,33.81038540664534,0.0 -79.0727814281075,33.810336172189764,0.0 -79.07277374441765,33.81024714459192,0.0 -79.07273575235266,33.81021422234059,0.0 -79.07265832003455,33.81021301155496,0.0 -79.07251276975465,33.81022690072486,0.0 -79.0724338881853,33.81029032706254,0.0 -79.07234460198259,33.81038592104623,0.0 -79.0723915453897,33.81045131513679,0.0 -79.07245784967914,33.81051701119634,0.0 -79.07249584138877,33.81054993528762,0.0 -79.07257273101197,33.81057538395847,0.0 -79.07263948660776,33.8105518566102,0.0 -79.0726410289066,33.81055220415854,0.0 -79.07265477592816,33.81055137642404,0.0 -79.07114285335564,33.81136278909976,0.0 -79.07113683620581,33.811366007452825,0.0 -79.07027573445032,33.81182921237583,0.0 -79.0702681810432,33.811821256693364,0.0 -79.07017082437541,33.81173688598555,0.0 -79.0701013587357,33.81166478739286,0.0 -79.0701597772189,33.81161768147347,0.0 -79.0702026927357,33.81158307606508,0.0 -79.07030179617361,33.81145830519237,0.0 -79.0703041180621,33.81135498564469,0.0 -79.07022289110483,33.811296294662554,0.0 -79.0701293366688,33.81127520924517,0.0 -79.07013321271721,33.81125865662851,0.0 -79.07014046336384,33.81123070617379,0.0 -79.07015235691466,33.81120330611842,0.0 -79.07016751042308,33.81118321944619,0.0 -79.07017207006942,33.81117717526918,0.0 -79.07020062584742,33.81115274070374,0.0 -79.07023654458884,33.81113020702715,0.0 -79.07027663432571,33.81110975347372,0.0 -79.07031732049582,33.8110915699061,0.0 -79.07035581574291,33.81107564359331,0.0 -79.07039060893648,33.81106154518234,0.0 -79.07042125221244,33.81104854811336,0.0 -79.07044781309007,33.81103603581304,0.0 -79.07047048005568,33.81102381885585,0.0 -79.07048953468504,33.81101206535738,0.0 -79.07050549850763,33.811000938051826,0.0 -79.07051916983963,33.81099024417163,0.0 -79.07053148510691,33.8109793366987,0.0 -79.07054330905324,33.810967305183325,0.0 -79.07055537526784,33.810953388897886,0.0 -79.07056828750795,33.81093742536644,0.0 -79.07058252433607,33.81092002111026,0.0 -79.07059841148775,33.81090231929498,0.0 -79.07061616606565,33.81088539879723,0.0 -79.07063599389886,33.81086978390797,0.0 -79.07065811068374,33.81085536288963,0.0 -79.07068260572356,33.81084170245295,0.0 -79.07070930341814,33.81082840282327,0.0 -79.0707376958443,33.810815198701754,0.0 -79.07076712590073,33.81080186998973,0.0 -79.07079704711794,33.81078814567992,0.0 -79.07082725613432,33.810773752840774,0.0 -79.07085785397005,33.81075855820269,0.0 -79.0708888627369,33.81074271327288,0.0 -79.07091982787752,33.810726719098646,0.0 -79.07094984942036,33.81071124810788,0.0 -79.07097803867279,33.81069673431819,0.0 -79.07100392349655,33.81068294592608,0.0 -79.071027481585,33.810668984779205,0.0 -79.07104892741751,33.810653875940666,0.0 -79.07106860903518,33.81063746361873,0.0 -79.07108695012872,33.81062096368865,0.0 -79.07110440962411,33.81060666851747,0.0 -79.07112145469438,33.810596858052335,0.0 -79.07113854787065,33.810592520204416,0.0 -79.07115607450402,33.81059263168244,0.0 -79.0711741598009,33.81059447373683,0.0 -79.07119261121697,33.81059484495222,0.0 -79.07121120045463,33.810591550780366,0.0 -79.07123021821069,33.810584283249526,0.0 -79.07125084064182,33.81057434058347,0.0 -79.07127497615592,33.81056353414478,0.0 -79.07130449781121,33.8105531498815,0.0 -79.07134021182777,33.81054361548833,0.0 -79.07138121930821,33.81053476508292,0.0 -79.07142506213557,33.81052627368552,0.0 -79.07146857732482,33.81051788015874,0.0 -79.07150905795716,33.81050940637882,0.0 -79.07154505747712,33.810500683566836,0.0 -79.07157653552946,33.81049149204093,0.0 -79.07160435402648,33.81048157569692,0.0 -79.0716295079246,33.810470782709146,0.0 -79.07165257243973,33.810459217372205,0.0 -79.07167368325926,33.81044726990965,0.0</coordinates>
                    </LinearRing>
                </outerBoundaryIs>
            </Polygon>
        </Placemark>
        <Placemark id="418590">
            <name>Wetland_45450</name>
            <styleUrl>#418595</styleUrl>
            <Polygon id="418589">
                <outerBoundaryIs>
                    <LinearRing id="418593">
                        <coordinates>-79.07626115288592,33.807402998929945,0.0 -79.07647927508096,33.80741192412052,0.0 -79.07668355187863,33.80744824677824,0.0 -79.0767729144961,33.80748895983662,0.0 -79.07668941689005,33.80758467860712,0.0 -79.07657683112392,33.80769776194982,0.0 -79.07645100659249,33.80778767055659,0.0 -79.07644259578962,33.80779226799685,0.0 -79.07623166312973,33.80790756315576,0.0 -79.07614460572111,33.80795514863191,0.0 -79.07607007266557,33.80797167489797,0.0 -79.0760478275281,33.80797660729664,0.0 -79.07589629641085,33.80798572586977,0.0 -79.07581163297743,33.80801942723009,0.0 -79.07572972787169,33.80805203012153,0.0 -79.07560544621874,33.80807305878541,0.0 -79.07538412718426,33.808127024597006,0.0 -79.07521730252203,33.80820480686804,0.0 -79.07506525587013,33.80823688581668,0.0 -79.07491295239757,33.808280444054596,0.0 -79.07484380905291,33.80836360986224,0.0 -79.07482812562912,33.808382474469894,0.0 -79.07468777699265,33.80850660565554,0.0 -79.07449241514671,33.80862987867607,0.0 -79.07440707283607,33.80875486754193,0.0 -79.074266206557,33.808901959440206,0.0 -79.07423206276827,33.80892729964032,0.0 -79.07411154658638,33.80901673375722,0.0 -79.07421174845736,33.80881244092451,0.0 -79.07431516000713,33.80862628383947,0.0 -79.07442518216905,33.808440228997966,0.0 -79.07448155397383,33.808286473461976,0.0 -79.07452235044578,33.80823740555161,0.0 -79.07459683120729,33.80816125057848,0.0 -79.0746845380638,33.80808530179931,0.0 -79.07485198030588,33.807994028951086,0.0 -79.07501280642863,33.807902654628634,0.0 -79.07510700438075,33.80783232932333,0.0 -79.07524137574998,33.807740540179836,0.0 -79.07546994412321,33.80757842524395,0.0 -79.07576390529057,33.8074504670349,0.0 -79.07594198770818,33.80742361502933,0.0 -79.07596664759156,33.8074198968926,0.0 -79.07602943222318,33.807410428563166,0.0 -79.07614847537918,33.80741228726889,0.0 -79.07626115288592,33.807402998929945,0.0</coordinates>
                    </LinearRing>
                </outerBoundaryIs>
            </Polygon>
        </Placemark>
        <Placemark id="418599">
            <name>Wetland_45451</name>
            <styleUrl>#418604</styleUrl>
            <Polygon id="418598">
                <outerBoundaryIs>
                    <LinearRing id="418602">
                        <coordinates>-79.07353574698017,33.81692296996846,0.0 -79.07362760800393,33.816924405144945,0.0 -79.0737004095454,33.81695622242282,0.0 -79.0738283274016,33.816988901503954,0.0 -79.07384626683573,33.817001348401526,0.0 -79.07396405474731,33.81708306558802,0.0 -79.07410862592393,33.8171927063419,0.0 -79.07432651522726,33.817311160790666,0.0 -79.07446902627902,33.81751281310749,0.0 -79.07449194378556,33.81772026542229,0.0 -79.07442420217549,33.81787261115564,0.0 -79.07430117083386,33.81803176399447,0.0 -79.07418887349279,33.81812205149304,0.0 -79.07406756250055,33.818204528494846,0.0 -79.07392684561877,33.81833272401761,0.0 -79.0738051882874,33.81843053633807,0.0 -79.07366481545394,33.81854339484981,0.0 -79.07362964422414,33.81856408887589,0.0 -79.07336407801793,33.81801016241914,0.0 -79.07336264900255,33.81800758913209,0.0 -79.07330434196605,33.817915700601034,0.0 -79.07322606272973,33.81774144039177,0.0 -79.07322570669656,33.817740682894275,0.0 -79.07296108914207,33.81720223776266,0.0 -79.07303748549278,33.817194948437624,0.0 -79.07307025091193,33.81719182241275,0.0 -79.07318031169052,33.81720121289505,0.0 -79.0732272755668,33.817155925800556,0.0 -79.07331235592494,33.81704987224658,0.0 -79.07342448289866,33.81696725192964,0.0 -79.07353574698017,33.81692296996846,0.0</coordinates>
                    </LinearRing>
                </outerBoundaryIs>
            </Polygon>
        </Placemark>
        <Placemark id="418608">
            <name>Wetland_45452</name>
            <styleUrl>#418613</styleUrl>
            <Polygon id="418607">
                <outerBoundaryIs>
                    <LinearRing id="418611">
                        <coordinates>-79.0727920863283,33.817302527394176,0.0 -79.07290225247439,33.817225800040404,0.0 -79.07316500074678,33.81776043919653,0.0 -79.07324382684023,33.817935918083194,0.0 -79.07324550701223,33.81793903600254,0.0 -79.07330397598714,33.81803117953235,0.0 -79.07357490679925,33.818596296640926,0.0 -79.07352512981464,33.818625584998806,0.0 -79.07348180408297,33.81866673762255,0.0 -79.0734218458652,33.8187236841736,0.0 -79.0733020793256,33.81873715312385,0.0 -79.0732299645814,33.81867466485509,0.0 -79.07317673930777,33.81858945991873,0.0 -79.07314612996664,33.81851913312558,0.0 -79.07313304390664,33.81848906526148,0.0 -79.07314412251547,33.81840486692042,0.0 -79.07319228687926,33.81830590639017,0.0 -79.07319521366601,33.81817555989468,0.0 -79.07313297120255,33.8180825438011,0.0 -79.07312046521977,33.818011757580734,0.0 -79.07311666591087,33.817990246316114,0.0 -79.07307158287654,33.817943334454114,0.0 -79.07302686671157,33.8178968024516,0.0 -79.07292771169682,33.81781087957547,0.0 -79.0728282107831,33.817740293113125,0.0 -79.07276511287206,33.8176856143877,0.0 -79.07273060267036,33.81758536365224,0.0 -79.07270734626678,33.81739324602285,0.0 -79.0727920863283,33.817302527394176,0.0</coordinates>
                    </LinearRing>
                </outerBoundaryIs>
            </Polygon>
        </Placemark>
        <Placemark id="418617">
            <name>Wetland_45453</name>
            <styleUrl>#418622</styleUrl>
            <Polygon id="418616">
                <outerBoundaryIs>
                    <LinearRing id="418620">
                        <coordinates>-79.07512808981059,33.80944584837856,0.0 -79.07524844246979,33.80940677592568,0.0 -79.07518952928426,33.809444632993326,0.0 -79.07506267217686,33.80958045937093,0.0 -79.0749101072427,33.80963549668088,0.0 -79.07475883485331,33.809633135064004,0.0 -79.07463454935443,33.80965416248036,0.0 -79.0745227291721,33.80973280438533,0.0 -79.07437016784327,33.80978784160526,0.0 -79.0743329152198,33.80985680532885,0.0 -79.07432710867018,33.809867554789044,0.0 -79.07442183238672,33.80993793742884,0.0 -79.07444513603686,33.810007481411816,0.0 -79.07440040256837,33.81001459610584,0.0 -79.0743534354568,33.8100243055331,0.0 -79.07431580341289,33.81003498085105,0.0 -79.0742853443569,33.81004667201391,0.0 -79.07425945980188,33.81005930159693,0.0 -79.0742357086756,33.81007300736605,0.0 -79.0742122432757,33.81008837780541,0.0 -79.07418834731317,33.81010628171253,0.0 -79.07417528732799,33.81011783764326,0.0 -79.0741282986781,33.81013595025247,0.0 -79.07412118946955,33.81017977611628,0.0 -79.0741070960677,33.81020237456981,0.0 -79.07409330857998,33.81022839945674,0.0 -79.0740809582382,33.810254656266146,0.0 -79.0740725751868,33.81027387621854,0.0 -79.07406925640105,33.810281485634476,0.0 -79.07405777000184,33.8103087752312,0.0 -79.07404633758392,33.81033587366352,0.0 -79.07403487645576,33.81036201206872,0.0 -79.07403116583367,33.810369911755224,0.0 -79.07402321539136,33.81038684134538,0.0 -79.07401089705596,33.81041055203506,0.0 -79.07399707999458,33.8104335897175,0.0 -79.07398063590401,33.81045622563038,0.0 -79.07396064917641,33.81047835509991,0.0 -79.07393704929717,33.81049958300786,0.0 -79.07391088664318,33.810519418323274,0.0 -79.07388391641462,33.81053746802764,0.0 -79.07385774099396,33.810553592928954,0.0 -79.07383320369158,33.81056803613575,0.0 -79.07381038925787,33.810581435863654,0.0 -79.07378901652469,33.81059464259176,0.0 -79.0737688093155,33.8106083374813,0.0 -79.07374964149443,33.81062269282621,0.0 -79.07373154287849,33.81063731472739,0.0 -79.07371464927192,33.81065154215958,0.0 -79.07369908341244,33.81066493041735,0.0 -79.07368473552563,33.81067765785505,0.0 -79.07367114095865,33.810690595066994,0.0 -79.07365756640198,33.81070498663645,0.0 -79.07364334677762,33.81072181079467,0.0 -79.0736281288663,33.81074116619204,0.0 -79.07361190996595,33.810762100290944,0.0 -79.0735947755089,33.81078309613976,0.0 -79.07357673545586,33.81080297663667,0.0 -79.07355783957934,33.8108215345349,0.0 -79.07353846673624,33.8108394279601,0.0 -79.07351933060094,33.810857441921,0.0 -79.07350106042112,33.81087582783997,0.0 -79.07349169324976,33.81088575805105,0.0 -79.07348823154936,33.81088358847684,0.0 -79.07283272030256,33.81054260467762,0.0 -79.07444489233272,33.80971479376675,0.0 -79.07444914156753,33.80971287398983,0.0 -79.07512808981059,33.80944584837856,0.0</coordinates>
                    </LinearRing>
                </outerBoundaryIs>
            </Polygon>
        </Placemark>
        <Placemark id="418626">
            <name>Wetland_45454</name>
            <styleUrl>#418631</styleUrl>
            <Polygon id="418625">
                <outerBoundaryIs>
                    <LinearRing id="418629">
                        <coordinates>-79.07124788284108,33.811391833538956,0.0 -79.07275127685627,33.81058495391958,0.0 -79.07343637157047,33.81094132662234,0.0 -79.07343120296751,33.81094609849367,0.0 -79.07341255398983,33.81096231032249,0.0 -79.07339367978304,33.81097767215671,0.0 -79.07337430597089,33.81099169503048,0.0 -79.07335323602497,33.81100418901279,0.0 -79.07332879403194,33.8110154979254,0.0 -79.07329995799239,33.81102633161105,0.0 -79.07326743218029,33.81103735637306,0.0 -79.07326302868948,33.81103885404876,0.0 -79.07321218555562,33.811020019709936,0.0 -79.07318836642892,33.811037135484256,0.0 -79.07316842066578,33.81107357390087,0.0 -79.07314590586965,33.81108277920783,0.0 -79.07312088674898,33.811092739461955,0.0 -79.0730959317992,33.81110203262429,0.0 -79.07307071929769,33.811110926609125,0.0 -79.07304568558803,33.81111965518524,0.0 -79.07302137665936,33.811128395608016,0.0 -79.0729980182414,33.81113731862689,0.0 -79.07297549385207,33.81114665343792,0.0 -79.07295356723397,33.81115668152222,0.0 -79.07293198553475,33.811167613698565,0.0 -79.07291022271788,33.81117945936409,0.0 -79.07288693262662,33.81119200005806,0.0 -79.07285955580237,33.81120490401634,0.0 -79.07282469477802,33.81121780448509,0.0 -79.07277965509866,33.81123017327728,0.0 -79.072724405437,33.811241138177834,0.0 -79.07266265450822,33.81124956786889,0.0 -79.0726007755552,33.811254601978426,0.0 -79.07254491770824,33.8112562981847,0.0 -79.0725388719343,33.81125624308073,0.0 -79.07248283491394,33.81123402650256,0.0 -79.07244968389331,33.81122498901846,0.0 -79.07243646094584,33.811239545320554,0.0 -79.07240100178272,33.811257724349076,0.0 -79.07238532444813,33.811258991885836,0.0 -79.07234260481896,33.81126422888193,0.0 -79.07229481072983,33.81127101873083,0.0 -79.07224486812454,33.81127868530565,0.0 -79.07219691337676,33.8112867799518,0.0 -79.07215404525722,33.8112950895694,0.0 -79.07211696645898,33.81130352999101,0.0 -79.07208427025802,33.811312093855626,0.0 -79.07205379757536,33.81132088790282,0.0 -79.07202397028718,33.81133025860079,0.0 -79.07200635482016,33.81133658357037,0.0 -79.07200373042325,33.81133646770107,0.0 -79.07193130182793,33.811346382086214,0.0 -79.0719154532084,33.811372935461726,0.0 -79.07185546577125,33.81141772084081,0.0 -79.07184895074407,33.811470427665476,0.0 -79.07187996058708,33.81151217660413,0.0 -79.07191800061806,33.81153239458599,0.0 -79.07192936167655,33.81154821836013,0.0 -79.07194302433572,33.81156970935373,0.0 -79.07195647879706,33.81159344482094,0.0 -79.07197011691761,33.81161830603762,0.0 -79.07198416732335,33.81164227344505,0.0 -79.07199842994805,33.81166344769174,0.0 -79.07201245930804,33.81168094979848,0.0 -79.07202603766034,33.81169512309812,0.0 -79.07203961349398,33.811707120744316,0.0 -79.07205444047167,33.811718387016086,0.0 -79.07207230965031,33.81173029482196,0.0 -79.07209492391326,33.81174393300983,0.0 -79.07212307091129,33.81175981927432,0.0 -79.07215608036974,33.81177767246094,0.0 -79.0721920141629,33.811796473457505,0.0 -79.07222858022274,33.8118149615801,0.0 -79.07226413497514,33.811832256833036,0.0 -79.0722980065065,33.81184813602796,0.0 -79.072330055715,33.811862810461605,0.0 -79.07236013825249,33.81187649520091,0.0 -79.07238797666156,33.81188922554519,0.0 -79.07241341737254,33.811900996031206,0.0 -79.07243662456601,33.81191200103319,0.0 -79.07245799806587,33.81192269171668,0.0 -79.07246714723584,33.81192770066739,0.0 -79.0724890710021,33.81195492563173,0.0 -79.07124788284108,33.811391833538956,0.0</coordinates>
                    </LinearRing>
                </outerBoundaryIs>
            </Polygon>
        </Placemark>
        <Placemark id="418635">
            <name>Wetland_45455</name>
            <styleUrl>#418640</styleUrl>
            <Polygon id="418634">
                <outerBoundaryIs>
                    <LinearRing id="418638">
                        <coordinates>-79.07322084983642,33.803371575064936,0.0 -79.07318997716358,33.80316341117413,0.0 -79.07318358944651,33.80305205324744,0.0 -79.07313462011724,33.80285844028993,0.0 -79.07306639375864,33.80273128264513,0.0 -79.07309436824501,33.80267238148627,0.0 -79.07318517970387,33.80258479417843,0.0 -79.07318850262287,33.80243650204163,0.0 -79.07315530492396,33.802332143227595,0.0 -79.07307387732195,33.80227914202102,0.0 -79.07377891508733,33.80237578658604,0.0 -79.0739149639028,33.80245108465599,0.0 -79.0740010582785,33.80252037534623,0.0 -79.07410605052445,33.80258473488237,0.0 -79.0741612054779,33.80263786274592,0.0 -79.07417149928115,33.802737330146186,0.0 -79.07417848372995,33.80279230042545,0.0 -79.0741996255255,33.80285875705555,0.0 -79.07421132436079,33.80286486938823,0.0 -79.07435621385743,33.80287610719274,0.0 -79.07448682244878,33.80291473265639,0.0 -79.07457210492001,33.803020596903295,0.0 -79.07460129175801,33.80311513226279,0.0 -79.07464784855347,33.80327265806361,0.0 -79.07465778864756,33.80338780005793,0.0 -79.07461269142446,33.80344458932554,0.0 -79.07452366543532,33.80350591835672,0.0 -79.07447359704611,33.80350513641536,0.0 -79.07441147983374,33.80348326066197,0.0 -79.07433766424525,33.80342461484169,0.0 -79.07427601252039,33.803381838917524,0.0 -79.07420184496013,33.803338867159304,0.0 -79.07418284971284,33.80332240375968,0.0 -79.0741495548409,33.80332188419632,0.0 -79.07409071694046,33.80332096549344,0.0 -79.07398846867137,33.803361667650016,0.0 -79.07395588689204,33.803418652484936,0.0 -79.07392272029195,33.80350176062347,0.0 -79.07397705808619,33.80359146275018,0.0 -79.07408216713644,33.80365059659647,0.0 -79.07415019330215,33.803688245489916,0.0 -79.07436193348121,33.80373859198538,0.0 -79.07443668416406,33.80375543911014,0.0 -79.0744864029331,33.80377189465192,0.0 -79.07452939491425,33.80380915322102,0.0 -79.07458987334044,33.803904176727535,0.0 -79.07463771822115,33.80400423062188,0.0 -79.07461753896548,33.804066634481025,0.0 -79.07450915189935,33.80415379604018,0.0 -79.07445849742533,33.804179137230996,0.0 -79.07438871390406,33.80421986163657,0.0 -79.0743126725738,33.804260486783,0.0 -79.07427395004484,33.8043121488873,0.0 -79.07427798520034,33.80441151756338,0.0 -79.07437034321572,33.80448090661087,0.0 -79.07452423576714,33.8045982955951,0.0 -79.07454774886804,33.804666608130155,0.0 -79.07459039015092,33.80471954180099,0.0 -79.07463058417727,33.80479799365658,0.0 -79.0746188844098,33.804814825477685,0.0 -79.07460971807664,33.80484968305257,0.0 -79.07458711000359,33.80486583607604,0.0 -79.07449890196887,33.80489059111005,0.0 -79.07440385157315,33.804941374699055,0.0 -79.07422047653246,33.80502213759587,0.0 -79.07408196396801,33.805056559942415,0.0 -79.07399410437212,33.805065640869806,0.0 -79.0739311685279,33.805080338190216,0.0 -79.0738169876865,33.805146501622254,0.0 -79.0737652774982,33.805218866023736,0.0 -79.07369973931631,33.80534172222478,0.0 -79.07364110268473,33.80534080604595,0.0 -79.07357673317614,33.80537019234187,0.0 -79.07350343073195,33.80539184158357,0.0 -79.07333966000455,33.8053892836484,0.0 -79.07326686916605,33.80538814523386,0.0 -79.07317588519795,33.8053867239658,0.0 -79.07310309631282,33.8053855866461,0.0 -79.07302877418859,33.80545280754553,0.0 -79.07298141057585,33.80553564793513,0.0 -79.07292528333396,33.805603152790816,0.0 -79.07288786878759,33.805648157765326,0.0 -79.07282281728622,33.8057079258866,0.0 -79.07278297353089,33.80571558289815,0.0 -79.07283213338624,33.805649999890726,0.0 -79.07286965555559,33.805561580508964,0.0 -79.07293465663963,33.80543650340053,0.0 -79.07293731482781,33.80531786896216,0.0 -79.07292976479876,33.80525841432457,0.0 -79.07290528089408,33.80516160780093,0.0 -79.0728997234128,33.80501317756519,0.0 -79.07290072253471,33.80496868928494,0.0 -79.07291110141905,33.804902096713256,0.0 -79.07298448185726,33.80479940154654,0.0 -79.07306624812475,33.80471909110295,0.0 -79.07313074826189,33.804616257377305,0.0 -79.07316893521573,33.804498178851084,0.0 -79.07319874080314,33.80435771894578,0.0 -79.07320123393013,33.804246499784526,0.0 -79.0732038927439,33.804127865312154,0.0 -79.07322448192225,33.80400209493849,0.0 -79.0732789372222,33.80395102448423,0.0 -79.0732802669087,33.80389170818641,0.0 -79.07328176334961,33.80382497674468,0.0 -79.0732738790035,33.80378035037182,0.0 -79.07323179651848,33.803675852705204,0.0 -79.07319021229856,33.8035491092663,0.0 -79.07319220978759,33.803460134287796,0.0 -79.07322084983642,33.803371575064936,0.0</coordinates>
                    </LinearRing>
                </outerBoundaryIs>
            </Polygon>
        </Placemark>
        <Placemark id="418644">
            <name>Wetland_45456</name>
            <styleUrl>#418649</styleUrl>
            <Polygon id="418643">
                <outerBoundaryIs>
                    <LinearRing id="418647">
                        <coordinates>-79.06991720689719,33.81427851940306,0.0 -79.06996986528003,33.81413106487468,0.0 -79.0699424915049,33.81403178362708,0.0 -79.0699153007145,33.81392426757151,0.0 -79.06986911795029,33.81378350265428,0.0 -79.06984192715439,33.81367598742708,0.0 -79.0698433963908,33.81361054192704,0.0 -79.07058534558458,33.813531106154656,0.0 -79.07094087074826,33.813520193340516,0.0 -79.07123849512521,33.81345070890621,0.0 -79.0712407115435,33.81344867365489,0.0 -79.0712976886198,33.81345163512306,0.0 -79.07160369838014,33.813448183491374,0.0 -79.0719195781579,33.81344488602412,0.0 -79.07217607745204,33.81344889611979,0.0 -79.07231430507846,33.81345105778313,0.0 -79.0723733862831,33.81345198136722,0.0 -79.07256082936578,33.813454911992515,0.0 -79.07270677839858,33.81354780835494,0.0 -79.0725846974112,33.81371065443629,0.0 -79.0724337601575,33.81384009811897,0.0 -79.07234688661956,33.813932059143816,0.0 -79.0722113610689,33.81407551532108,0.0 -79.07203865683616,33.814295232503255,0.0 -79.07186909634768,33.814374958265525,0.0 -79.0716911489771,33.814388651898504,0.0 -79.07158262838911,33.81438695540701,0.0 -79.0714737380187,33.81440172775122,0.0 -79.071365032705,33.81440826464314,0.0 -79.07122713833859,33.814446479492965,0.0 -79.07118391065866,33.814439411514215,0.0 -79.07091683345638,33.81446591467348,0.0 -79.07075998557461,33.81449414123155,0.0 -79.07052029185334,33.814528741563215,0.0 -79.0702998318899,33.8145252919268,0.0 -79.07008786916883,33.81455265403391,0.0 -79.06981229573657,33.81454833998853,0.0 -79.0696192201612,33.814552989289176,0.0 -79.06946128971181,33.814587247736064,0.0 -79.06954682043624,33.81451161412334,0.0 -79.06974709100346,33.814382946649815,0.0 -79.06991720689719,33.81427851940306,0.0</coordinates>
                    </LinearRing>
                </outerBoundaryIs>
            </Polygon>
        </Placemark>
        <Placemark id="418653">
            <name>Wetland_45457</name>
            <styleUrl>#418658</styleUrl>
            <Polygon id="418652">
                <outerBoundaryIs>
                    <LinearRing id="418656">
                        <coordinates>-79.07284834673415,33.807213027018165,0.0 -79.07274952664457,33.80718658609386,0.0 -79.07268033235204,33.80716890804221,0.0 -79.0725715756931,33.80714231206917,0.0 -79.0724622624509,33.807140602083905,0.0 -79.0724414350824,33.807140277363885,0.0 -79.07244583915558,33.807131754698574,0.0 -79.07245971941626,33.80710796803931,0.0 -79.07247123146664,33.80708806297845,0.0 -79.07247819060284,33.80707170320718,0.0 -79.07247820764395,33.80705908777946,0.0 -79.0724695350753,33.807050943661075,0.0 -79.07245237791368,33.807047869591614,0.0 -79.07242941725544,33.80704962062976,0.0 -79.0724047387018,33.807054802121016,0.0 -79.07238171801627,33.807061277697315,0.0 -79.07236154283268,33.80706716619445,0.0 -79.07234475810363,33.80707151797498,0.0 -79.07238099848598,33.80703215119578,0.0 -79.07245689604324,33.806966762616476,0.0 -79.07252728461461,33.806910166804094,0.0 -79.07262806562689,33.80692061831064,0.0 -79.07271722117753,33.80697527085822,0.0 -79.07281740893472,33.80701234252667,0.0 -79.07287616993513,33.80699994644369,0.0 -79.07293100983846,33.80692535219977,0.0 -79.07293210310051,33.80687654922287,0.0 -79.07289599495908,33.806827164495665,0.0 -79.07284865859603,33.80680423363934,0.0 -79.07277425241125,33.80680307048373,0.0 -79.07270575718512,33.80677536973681,0.0 -79.0726691513643,33.806748167897474,0.0 -79.07267545891209,33.80670388572858,0.0 -79.07269821198246,33.80663766641184,0.0 -79.07276338148539,33.80657654986078,0.0 -79.0728286507036,33.80651099652909,0.0 -79.07289382233303,33.80644987933044,0.0 -79.07296281551025,33.8064553952417,0.0 -79.07299420464061,33.80647807763939,0.0 -79.07303483284655,33.80656303920532,0.0 -79.07308037733246,33.80666583015821,0.0 -79.0731841847905,33.80677840868258,0.0 -79.07331496502125,33.806873654550984,0.0 -79.07340531803297,33.806875067487624,0.0 -79.07350679650092,33.806854460907935,0.0 -79.07359804210607,33.80681594226226,0.0 -79.07367195287163,33.806839288171204,0.0 -79.07370766350844,33.80690641976352,0.0 -79.07378479945193,33.807023018375325,0.0 -79.07381420081256,33.80713443357002,0.0 -79.07396946958389,33.80732326564541,0.0 -79.07395162419576,33.807371940189626,0.0 -79.07387575115648,33.80728752153019,0.0 -79.07375196090369,33.80722036003178,0.0 -79.07372077116446,33.80725225780324,0.0 -79.07371596762609,33.8072571710399,0.0 -79.07368386222504,33.80725666860714,0.0 -79.07359265485505,33.80728645278978,0.0 -79.07358868542589,33.80728086048994,0.0 -79.07358421053888,33.80727455220449,0.0 -79.07355678269965,33.8072902322922,0.0 -79.07350057404415,33.807322365132684,0.0 -79.07347518044675,33.807314204638786,0.0 -79.0733934342507,33.80728793399824,0.0 -79.0733043675869,33.80726994593226,0.0 -79.07313542539018,33.80726730625494,0.0 -79.07306586051114,33.80726621833491,0.0 -79.07294697782031,33.80724776269163,0.0 -79.07284834673415,33.807213027018165,0.0</coordinates>
                    </LinearRing>
                </outerBoundaryIs>
            </Polygon>
        </Placemark>
        <Placemark id="418662">
            <name>Wetland_45458</name>
            <styleUrl>#418667</styleUrl>
            <Polygon id="418661">
                <outerBoundaryIs>
                    <LinearRing id="418665">
                        <coordinates>-79.07287606356338,33.81209732256317,0.0 -79.07291190466827,33.8120917404923,0.0 -79.07287105246608,33.812128232846256,0.0 -79.0728257277363,33.81210766303901,0.0 -79.07287606356338,33.81209732256317,0.0</coordinates>
                    </LinearRing>
                </outerBoundaryIs>
            </Polygon>
        </Placemark>
        <Placemark id="418671">
            <name>Wetland_45459</name>
            <styleUrl>#418676</styleUrl>
            <Polygon id="418670">
                <outerBoundaryIs>
                    <LinearRing id="418674">
                        <coordinates>-79.0698694893179,33.81240548232971,0.0 -79.06990148185106,33.81236585879636,0.0 -79.07003825765,33.81227331633268,0.0 -79.07011634376339,33.81226862155882,0.0 -79.07020125347981,33.8122758684294,0.0 -79.07025794976873,33.81227675553977,0.0 -79.07036465044149,33.81226067276154,0.0 -79.07040154590587,33.81219615665502,0.0 -79.07041824358083,33.812083980997194,0.0 -79.07041997127747,33.81200707890095,0.0 -79.07036513466048,33.81192337453544,0.0 -79.07032947435546,33.81188581431311,0.0 -79.07116534878966,33.81143615651915,0.0 -79.07260732022185,33.81209033873615,0.0 -79.07260902392258,33.81209107030388,0.0 -79.07261076456658,33.81209173913813,0.0 -79.07261254020513,33.812092344040956,0.0 -79.07261434674795,33.81209288349717,0.0 -79.0726161797193,33.81209335775333,0.0 -79.07261803755591,33.81209376384972,0.0 -79.07261991451857,33.812094102755125,0.0 -79.07262180758775,33.81209437311302,0.0 -79.0726237137439,33.812094573566775,0.0 -79.07262562831856,33.81209470524381,0.0 -79.07262754917012,33.81209476782694,0.0 -79.07262947006689,33.81209475948388,0.0 -79.07263138955258,33.81209468181771,0.0 -79.0726333033442,33.8120945341942,0.0 -79.0726352069659,33.81209431685981,0.0 -79.07263709681995,33.812094031100536,0.0 -79.07263896950126,33.81209367732156,0.0 -79.07264082179763,33.81209325504703,0.0 -79.07264264884773,33.81209276628524,0.0 -79.07264444831723,33.81209221159991,0.0 -79.07264621660843,33.812091592276914,0.0 -79.07264794924548,33.81209090856289,0.0 -79.07264964350863,33.81209016278321,0.0 -79.07265129687077,33.8120893563824,0.0 -79.07265290466344,33.81208849048785,0.0 -79.07265446416677,33.812087567424925,0.0 -79.07265597285372,33.81208658863821,0.0 -79.07265742819735,33.81208555557221,0.0 -79.07265882533622,33.81208447023519,0.0 -79.07266016349936,33.812083336150536,0.0 -79.07266143928173,33.8120821537234,0.0 -79.07266265084152,33.81208092631855,0.0 -79.07269892656068,33.812104116475915,0.0 -79.07270947838032,33.812106297568334,0.0 -79.0727088732201,33.812108613296395,0.0 -79.07270846103177,33.812110931230734,0.0 -79.07270823299184,33.812113266433656,0.0 -79.07270819229144,33.812115609374516,0.0 -79.07270833569729,33.81211794957109,0.0 -79.07270866785679,33.81212027588947,0.0 -79.07270918281687,33.81212258017287,0.0 -79.07270987948564,33.81212485225623,0.0 -79.07271075608611,33.81212708005427,0.0 -79.07271180715756,33.81212925821123,0.0 -79.07271303023775,33.812131372721566,0.0 -79.07271441753169,33.81213341879321,0.0 -79.07271596580605,33.812135385943975,0.0 -79.07271766715893,33.812137264819086,0.0 -79.07271951311016,33.81213904870621,0.0 -79.07272149556509,33.81214072913146,0.0 -79.07272361071203,33.812142298255054,0.0 -79.07272584413882,33.81214375121451,0.0 -79.07272818862864,33.81214508057513,0.0 -79.07273065927913,33.81214629311987,0.0 -79.0727863578639,33.81217149397466,0.0 -79.07270680589822,33.812184950977596,0.0 -79.07257082512662,33.812113921744455,0.0 -79.07247455619984,33.81211241771987,0.0 -79.07236401972592,33.8121336570992,0.0 -79.07226023842928,33.81213203518867,0.0 -79.07224024400166,33.81213172213555,0.0 -79.0721439743741,33.81213021591521,0.0 -79.07196622029448,33.812081501423506,0.0 -79.07187098168885,33.81203407670433,0.0 -79.07174952681447,33.81192882363346,0.0 -79.0716257505518,33.81192688697154,0.0 -79.07156893793409,33.81200638583851,0.0 -79.07156532917062,33.81216710389156,0.0 -79.07149476183943,33.81224638707208,0.0 -79.07139849403372,33.812244881428754,0.0 -79.07123268687825,33.81227673911031,0.0 -79.0711348714736,33.812344112823546,0.0 -79.07113306790318,33.81242447108946,0.0 -79.07115954213648,33.81247082108238,0.0 -79.07110375811214,33.81250440022985,0.0 -79.07098597070792,33.812477853243685,0.0 -79.0709394978372,33.81246737880348,0.0 -79.07074799011384,33.81241844779911,0.0 -79.07061097882485,33.81239333540333,0.0 -79.07047293652914,33.812414143002044,0.0 -79.07035051074412,33.812412228689624,0.0 -79.07026664478106,33.812410914877226,0.0 -79.07012859807965,33.81243172142963,0.0 -79.06999029903315,33.812464008906694,0.0 -79.0698694893179,33.81240548232971,0.0</coordinates>
                    </LinearRing>
                </outerBoundaryIs>
            </Polygon>
        </Placemark>
        <Placemark id="418680">
            <name>Wetland_45460</name>
            <styleUrl>#418685</styleUrl>
            <Polygon id="418679">
                <outerBoundaryIs>
                    <LinearRing id="418683">
                        <coordinates>-79.07190146051374,33.81266743851667,0.0 -79.0718560814907,33.81265506670324,0.0 -79.07173331255282,33.81265101239273,0.0 -79.07167342398145,33.81264214254643,0.0 -79.07156522847541,33.81266567683853,0.0 -79.07143194447828,33.81269397353863,0.0 -79.07139764015136,33.81272330254717,0.0 -79.07128763170583,33.81268456175566,0.0 -79.07116144337793,33.812575205063226,0.0 -79.071033532597,33.81254252356302,0.0 -79.07098597070792,33.812477853243685,0.0 -79.07110375811214,33.81250440022985,0.0 -79.07115954213648,33.81247082108238,0.0 -79.07113306790318,33.81242447108946,0.0 -79.0711348714736,33.812344112823546,0.0 -79.07123268687825,33.81227673911031,0.0 -79.07139849403372,33.812244881428754,0.0 -79.07149476183943,33.81224638707208,0.0 -79.07156532917062,33.81216710389156,0.0 -79.07156893793409,33.81200638583851,0.0 -79.0716257505518,33.81192688697154,0.0 -79.07174952681447,33.81192882363346,0.0 -79.07187098168885,33.81203407670433,0.0 -79.07196622029448,33.812081501423506,0.0 -79.0721439743741,33.81213021591521,0.0 -79.07224024400166,33.81213172213555,0.0 -79.07226023842928,33.81213203518867,0.0 -79.07227232113287,33.812209067188085,0.0 -79.07240666447997,33.8123645708555,0.0 -79.072459026402,33.81248811352578,0.0 -79.07247447276592,33.81261874772496,0.0 -79.07250932281289,33.81270366475018,0.0 -79.07251644287501,33.812795817868725,0.0 -79.07245737406978,33.81297130874354,0.0 -79.07235546982967,33.81300806690727,0.0 -79.0721804268227,33.81302834122012,0.0 -79.07207672852792,33.813031961547665,0.0 -79.0720739244271,33.81300945613003,0.0 -79.07209089702128,33.812884815387754,0.0 -79.07207559591984,33.81279777903621,0.0 -79.07202156752976,33.812699355156575,0.0 -79.07190146051374,33.81266743851667,0.0</coordinates>
                    </LinearRing>
                </outerBoundaryIs>
            </Polygon>
        </Placemark>
        <Placemark id="418689">
            <name>Wetland_45461</name>
            <styleUrl>#418694</styleUrl>
            <Polygon id="418688">
                <outerBoundaryIs>
                    <LinearRing id="418692">
                        <coordinates>-79.07249584138877,33.81054993528762,0.0 -79.07245784967914,33.81051701119634,0.0 -79.0723915453897,33.81045131513679,0.0 -79.07234460198259,33.81038592104623,0.0 -79.0724338881853,33.81029032706254,0.0 -79.07251276975465,33.81022690072486,0.0 -79.07265832003455,33.81021301155496,0.0 -79.07273575235266,33.81021422234059,0.0 -79.07277374441765,33.81024714459192,0.0 -79.0727814281075,33.810336172189764,0.0 -79.07282873770437,33.81038540664534,0.0 -79.07283290878186,33.81045813140421,0.0 -79.07272955178502,33.810511192649095,0.0 -79.07272331727235,33.81051459167632,0.0 -79.07265477592816,33.81055137642404,0.0 -79.0726410289066,33.81055220415854,0.0 -79.07263948660776,33.8105518566102,0.0 -79.07257273101197,33.81057538395847,0.0 -79.07249584138877,33.81054993528762,0.0</coordinates>
                    </LinearRing>
                </outerBoundaryIs>
            </Polygon>
        </Placemark>
        <Placemark id="418698">
            <name>Wetland_45462</name>
            <styleUrl>#418703</styleUrl>
            <Polygon id="418697">
                <outerBoundaryIs>
                    <LinearRing id="418701">
                        <coordinates>-79.07279456995896,33.80723906116431,0.0 -79.07278196131305,33.80723477017611,0.0 -79.07276005114693,33.80723723160705,0.0 -79.07273042886068,33.80724752205175,0.0 -79.07269575236259,33.80726455283952,0.0 -79.07265848168925,33.80728490157228,0.0 -79.07262017955658,33.807303952590836,0.0 -79.07258181250751,33.80731773855336,0.0 -79.07254454201905,33.8073242907534,0.0 -79.07251008657991,33.80732373730885,0.0 -79.07248022566492,33.80731739759406,0.0 -79.07245591115706,33.807306771241485,0.0 -79.07243678662137,33.80729314864866,0.0 -79.07242138882413,33.807277841802104,0.0 -79.07240771300853,33.80726242987324,0.0 -79.07240384743815,33.80725857076235,0.0 -79.07240351848623,33.80724892057655,0.0 -79.07240861536627,33.8072210120429,0.0 -79.07241847330278,33.80719016288058,0.0 -79.07243148562661,33.807159532649365,0.0 -79.0724414350824,33.807140277363885,0.0 -79.0724622624509,33.807140602083905,0.0 -79.0725715756931,33.80714231206917,0.0 -79.07268033235204,33.80716890804221,0.0 -79.07274952664457,33.80718658609386,0.0 -79.07284834673415,33.807213027018165,0.0 -79.07294697782031,33.80724776269163,0.0 -79.07306586051114,33.80726621833491,0.0 -79.07313542539018,33.80726730625494,0.0 -79.0733043675869,33.80726994593226,0.0 -79.0733934342507,33.80728793399824,0.0 -79.07347518044675,33.807314204638786,0.0 -79.07350057404415,33.807322365132684,0.0 -79.07349243860575,33.80732701680191,0.0 -79.0733800468536,33.80738798234613,0.0 -79.07335281025966,33.80739240688324,0.0 -79.07331906286224,33.80739856443,0.0 -79.07328640081357,33.80740675334663,0.0 -79.07325837825195,33.80741719445398,0.0 -79.07323754746008,33.80742964554529,0.0 -79.07322493162445,33.80744379527639,0.0 -79.07322003686436,33.80745943045655,0.0 -79.07322126324839,33.80747643690025,0.0 -79.07322491012435,33.80748954492358,0.0 -79.07322500865385,33.807491044566525,0.0 -79.07323034216023,33.807517242204156,0.0 -79.07323681874873,33.80754746044289,0.0 -79.07324257975043,33.80757946879803,0.0 -79.07324650471871,33.80760591525015,0.0 -79.0732467733166,33.80763101172672,0.0 -79.07324522176783,33.80766721977382,0.0 -79.07324115530852,33.80770137751241,0.0 -79.0732333300719,33.807729798624585,0.0 -79.07322069470324,33.807749644672775,0.0 -79.07320339497984,33.80775963316663,0.0 -79.07318312032896,33.80776018164235,0.0 -79.07316243828943,33.80775300899408,0.0 -79.07314366403928,33.80774045696703,0.0 -79.07312810989684,33.80772476243256,0.0 -79.07311609567756,33.807707570573534,0.0 -79.07310740342854,33.80768967029985,0.0 -79.07310146930432,33.80767080440947,0.0 -79.0730971547416,33.80764954839588,0.0 -79.07309249425865,33.80762368505407,0.0 -79.07309186315744,33.80762097705994,0.0 -79.0730902585532,33.80761063961301,0.0 -79.0730844765627,33.80758170281648,0.0 -79.07307711532972,33.80755171366519,0.0 -79.07306854038868,33.807523093464894,0.0 -79.07305847261367,33.80749802708758,0.0 -79.07304590171036,33.80747758531951,0.0 -79.07303007099654,33.80746179613963,0.0 -79.07301451059489,33.807452086319906,0.0 -79.07300633781351,33.807441652749745,0.0 -79.07298103127957,33.807417065805986,0.0 -79.07295731044401,33.807398841246346,0.0 -79.07293554373668,33.80738441638442,0.0 -79.07291500293628,33.80737149171229,0.0 -79.0728945222871,33.80735880238489,0.0 -79.07287327393753,33.80734608028794,0.0 -79.07285144351799,33.807333542978945,0.0 -79.0728303874193,33.80732135679102,0.0 -79.07281232377704,33.8073093719014,0.0 -79.07279955176155,33.80729724496581,0.0 -79.07279343910056,33.80728475204753,0.0 -79.07279339594392,33.8072719922143,0.0 -79.07279655337747,33.80725943722896,0.0 -79.07279844766008,33.80724797196078,0.0 -79.07279456995896,33.80723906116431,0.0</coordinates>
                    </LinearRing>
                </outerBoundaryIs>
            </Polygon>
        </Placemark>
        <Placemark id="418707">
            <name>Wetland_45463</name>
            <styleUrl>#418712</styleUrl>
            <Polygon id="418706">
                <outerBoundaryIs>
                    <LinearRing id="418710">
                        <coordinates>-79.07173331255282,33.81265101239273,0.0 -79.0718560814907,33.81265506670324,0.0 -79.07190146051374,33.81266743851667,0.0 -79.07202156752976,33.812699355156575,0.0 -79.07207559591984,33.81279777903621,0.0 -79.07209089702128,33.812884815387754,0.0 -79.0720739244271,33.81300945613003,0.0 -79.07207672852792,33.813031961547665,0.0 -79.07209760276571,33.81319945717922,0.0 -79.07203172703323,33.81321795761926,0.0 -79.07194103121304,33.81322430472784,0.0 -79.07151749012505,33.8132604750629,0.0 -79.07144489279942,33.81324689652047,0.0 -79.07144143526497,33.81323557535132,0.0 -79.07141688366579,33.813155153291845,0.0 -79.0714252636859,33.81311946020628,0.0 -79.07140071585066,33.8130877686967,0.0 -79.07141485468269,33.81305267481118,0.0 -79.07141090626864,33.81304239949117,0.0 -79.07140041124062,33.813009202641226,0.0 -79.07139594418292,33.81298953828237,0.0 -79.0713753694093,33.812968161194256,0.0 -79.07137317500762,33.81293110201247,0.0 -79.07139004637155,33.81291580390343,0.0 -79.071390659781,33.812896049897525,0.0 -79.07139088814469,33.81286927652065,0.0 -79.0713901560566,33.81284325482908,0.0 -79.07139015761597,33.81284246479418,0.0 -79.07136659337824,33.8128199274158,0.0 -79.07135528459389,33.812761738921864,0.0 -79.07138123579043,33.812737325733224,0.0 -79.07139764015136,33.81272330254717,0.0 -79.07143194447828,33.81269397353863,0.0 -79.07156522847541,33.81266567683853,0.0 -79.07167342398145,33.81264214254643,0.0 -79.07173331255282,33.81265101239273,0.0</coordinates>
                    </LinearRing>
                </outerBoundaryIs>
            </Polygon>
        </Placemark>
        <Placemark id="418716">
            <name>Wetland_45464</name>
            <styleUrl>#418721</styleUrl>
            <Polygon id="418715">
                <outerBoundaryIs>
                    <LinearRing id="418719">
                        <coordinates>-79.07250957708337,33.80224681149159,0.0 -79.07273289099524,33.80223478290152,0.0 -79.07275735715471,33.80224316844255,0.0 -79.07273081658491,33.8022439198379,0.0 -79.07262373730265,33.80226449751513,0.0 -79.07256845369848,33.80235264064982,0.0 -79.07259260538792,33.802464275581755,0.0 -79.07259027593717,33.80256808040456,0.0 -79.07262297505928,33.8026946833525,0.0 -79.07269170246576,33.80279959966057,0.0 -79.0727250672367,33.80289654531607,0.0 -79.07273161914623,33.80300048694629,0.0 -79.07272978970772,33.80308204890383,0.0 -79.07272779744062,33.803171022949805,0.0 -79.07272513686621,33.80328965740246,0.0 -79.07272297437542,33.803386046972015,0.0 -79.07272097956607,33.803475022426795,0.0 -79.07271831790035,33.803593656673065,0.0 -79.0727071091481,33.80369732111364,0.0 -79.0726868522651,33.80380826381099,0.0 -79.07263894961541,33.80396327565752,0.0 -79.07254797232841,33.804058277987814,0.0 -79.07250106839645,33.80416880228261,0.0 -79.07242751932093,33.804278910282584,0.0 -79.07233620683706,33.80438874163217,0.0 -79.07230839694465,33.804440227183306,0.0 -79.07221724882265,33.80454264296735,0.0 -79.07206310075952,33.80468116111011,0.0 -79.07200847659225,33.80473964414999,0.0 -79.07190878136421,33.80482709175327,0.0 -79.07181780111375,33.804922093241125,0.0 -79.07155806289607,33.80501445560161,0.0 -79.07144193172833,33.80504230763562,0.0 -79.07130870666647,33.805040224387746,0.0 -79.07127951811127,33.805044878482384,0.0 -79.07113504773777,33.804966663456725,0.0 -79.07107016601923,33.804820823543984,0.0 -79.07108603519121,33.80466590134351,0.0 -79.07119914497035,33.80459525744681,0.0 -79.07138120025134,33.804489485782966,0.0 -79.07153638865354,33.80447639599738,0.0 -79.07170478049133,33.80442730584773,0.0 -79.07181146269401,33.80436690600095,0.0 -79.07197563140039,33.80422981877506,0.0 -79.07207073966083,33.804133031471245,0.0 -79.0721659655531,33.804031073373345,0.0 -79.07224915110012,33.8039134088076,0.0 -79.07231479860029,33.8037489202464,0.0 -79.0723374381923,33.80356824250875,0.0 -79.07238369179176,33.80343965565179,0.0 -79.07241628410797,33.80336775201993,0.0 -79.0724750408053,33.803234190160964,0.0 -79.07249067692065,33.80308960789385,0.0 -79.07248095616475,33.80297049265038,0.0 -79.07247216282677,33.80281001123401,0.0 -79.07247459905237,33.8027014305716,0.0 -79.0724333312938,33.80260768387052,0.0 -79.0723738287036,33.80249813342409,0.0 -79.07235184010977,33.802373654220716,0.0 -79.07238512675728,33.802270727101735,0.0 -79.07250957708337,33.80224681149159,0.0</coordinates>
                    </LinearRing>
                </outerBoundaryIs>
            </Polygon>
        </Placemark>
        <Placemark id="418725">
            <name>Wetland_45465</name>
            <styleUrl>#418730</styleUrl>
            <Polygon id="418724">
                <outerBoundaryIs>
                    <LinearRing id="418728">
                        <coordinates>-79.06799307265635,33.81355711628075,0.0 -79.06802789999506,33.81355766119071,0.0 -79.0680785277138,33.81358410929918,0.0 -79.06808600676781,33.8136076203277,0.0 -79.06809516852803,33.81360869832885,0.0 -79.06827298949982,33.81360406658219,0.0 -79.06836813991565,33.81359945521621,0.0 -79.06842353128513,33.813554923448706,0.0 -79.0684348782554,33.81348919949916,0.0 -79.06845646049884,33.81340716019066,0.0 -79.0684726324313,33.81337516314523,0.0 -79.06846859871617,33.813349421582345,0.0 -79.06847112339794,33.81323702616642,0.0 -79.06840933844911,33.81314729347369,0.0 -79.06837483577391,33.813105329846024,0.0 -79.06835026411288,33.81307327748911,0.0 -79.06835466462866,33.81302598478434,0.0 -79.06840637279471,33.81296379977131,0.0 -79.06848040220115,33.812865058561464,0.0 -79.06865544177637,33.81282546083318,0.0 -79.06865718793463,33.81282503380751,0.0 -79.0686589098345,33.812824545895964,0.0 -79.06866060563381,33.812824000463415,0.0 -79.06866227338388,33.81282339631179,0.0 -79.06866390822337,33.8128227354491,0.0 -79.06866550781785,33.81282201843894,0.0 -79.0686670694474,33.81282124760663,0.0 -79.06866859077772,33.81282042351582,0.0 -79.0686700682109,33.812819547452285,0.0 -79.06867150009771,33.81281862189998,0.0 -79.06867288410392,33.81281764742251,0.0 -79.06888004350044,33.81266550641947,0.0 -79.07032947435546,33.81188581431311,0.0 -79.07036513466048,33.81192337453544,0.0 -79.07041997127747,33.81200707890095,0.0 -79.07041824358083,33.812083980997194,0.0 -79.07040154590587,33.81219615665502,0.0 -79.07036465044149,33.81226067276154,0.0 -79.07025794976873,33.81227675553977,0.0 -79.07020125347981,33.8122758684294,0.0 -79.07011634376339,33.81226862155882,0.0 -79.07003825765,33.81227331633268,0.0 -79.06990148185106,33.81236585879636,0.0 -79.0698694893179,33.81240548232971,0.0 -79.06982126930272,33.81246520347882,0.0 -79.06977019967749,33.812529498763965,0.0 -79.06971204303538,33.81259368186978,0.0 -79.06965441683916,33.81263420363748,0.0 -79.06955360698552,33.81270363718569,0.0 -79.06949531571252,33.812773736835624,0.0 -79.0694585544317,33.81283233697547,0.0 -79.06945709151125,33.812897408845984,0.0 -79.06945496492122,33.812992057947014,0.0 -79.0694889371467,33.813057684310316,0.0 -79.06957291578823,33.813106340436605,0.0 -79.06962907871524,33.813130889548106,0.0 -79.06969232992488,33.81315555006205,0.0 -79.06971934682544,33.81321515073214,0.0 -79.06971775019304,33.81328613747564,0.0 -79.06972304864266,33.81335468890067,0.0 -79.06973057221899,33.81336121059496,0.0 -79.06975905971302,33.81341108295505,0.0 -79.06981695410134,33.81346965255128,0.0 -79.06981129602264,33.813489840681235,0.0 -79.06981769491382,33.81348994002194,0.0 -79.06982170314845,33.81349000172695,0.0 -79.06984396255446,33.81358540452601,0.0 -79.06984386419353,33.81358973779164,0.0 -79.06975498764967,33.81359224862634,0.0 -79.06939964924445,33.813594923632984,0.0 -79.0691033162338,33.813606758004525,0.0 -79.06856984296311,33.81363135472355,0.0 -79.06820389975806,33.813666809631194,0.0 -79.068110502349,33.81366534657651,0.0 -79.06799307265635,33.81355711628075,0.0</coordinates>
                    </LinearRing>
                </outerBoundaryIs>
            </Polygon>
        </Placemark>
        <Placemark id="418734">
            <name>Wetland_45466</name>
            <styleUrl>#418739</styleUrl>
            <Polygon id="418733">
                <outerBoundaryIs>
                    <LinearRing id="418737">
                        <coordinates>-79.07083418224713,33.80891196812216,0.0 -79.0709036504036,33.80888590263884,0.0 -79.07089599052408,33.80889580455917,0.0 -79.07088276270268,33.80892015698332,0.0 -79.07087914383642,33.808944001123336,0.0 -79.07089018237781,33.80896461448023,0.0 -79.07091751265008,33.80898015113754,0.0 -79.0709569972001,33.80899099949528,0.0 -79.07099956147283,33.808999630363125,0.0 -79.07103518368596,33.809009054492684,0.0 -79.0710573489503,33.809021093318634,0.0 -79.07106497525062,33.80903553383672,0.0 -79.07106110880385,33.809050478268325,0.0 -79.07105013107936,33.80906356456289,0.0 -79.07103559031225,33.809073363975884,0.0 -79.07101942093092,33.809080139388016,0.0 -79.07100214246421,33.80908557284534,0.0 -79.0709834773739,33.80909180125652,0.0 -79.07096308990977,33.809100671902314,0.0 -79.07094125000539,33.80911358795857,0.0 -79.07091929060161,33.809131545315324,0.0 -79.07089950136401,33.80915484037688,0.0 -79.07088441041476,33.809182533524535,0.0 -79.07087579253285,33.80921237950922,0.0 -79.07087395348277,33.809241632666165,0.0 -79.07087788172956,33.80926822250865,0.0 -79.0708784467438,33.80926983308474,0.0 -79.07082691071564,33.80923584688777,0.0 -79.07074336803542,33.809167966166434,0.0 -79.0707074568881,33.80910970698496,0.0 -79.07071938258049,33.80905219585775,0.0 -79.07079036962146,33.808968980289855,0.0 -79.07083418224713,33.80891196812216,0.0</coordinates>
                    </LinearRing>
                </outerBoundaryIs>
            </Polygon>
        </Placemark>
        <Placemark id="418743">
            <name>Wetland_45467</name>
            <styleUrl>#418748</styleUrl>
            <Polygon id="418742">
                <outerBoundaryIs>
                    <LinearRing id="418746">
                        <coordinates>-79.07000233877326,33.81166323657968,0.0 -79.0701013587357,33.81166478739286,0.0 -79.07017082437541,33.81173688598555,0.0 -79.0702681810432,33.811821256693364,0.0 -79.07027573445032,33.81182921237583,0.0 -79.06882968477274,33.81260704475234,0.0 -79.06882564945859,33.81260950076522,0.0 -79.06882452093515,33.8126103030173,0.0 -79.06862253055414,33.812758647160216,0.0 -79.0685527510991,33.812774443060604,0.0 -79.06858926451655,33.8127122060693,0.0 -79.06859799202401,33.812677512055295,0.0 -79.06862040501821,33.81258842329599,0.0 -79.06862200156223,33.81251743634398,0.0 -79.06869512750947,33.81241798100992,0.0 -79.06873202549694,33.81235346560888,0.0 -79.06873375592943,33.81227656372415,0.0 -79.06874925943366,33.81221763026057,0.0 -79.06882132190215,33.81216549904019,0.0 -79.06887868323736,33.81213680884068,0.0 -79.06897842982616,33.812114700948605,0.0 -79.06907202033616,33.81205107264805,0.0 -79.0691800499278,33.81197583481239,0.0 -79.06926655109538,33.811912093840895,0.0 -79.06931735760733,33.811859631987964,0.0 -79.06946028727361,33.81180861015378,0.0 -79.06951156461166,33.811791526397975,0.0 -79.06959600093595,33.81176339344973,0.0 -79.06973197799448,33.81170634611958,0.0 -79.0698598064839,33.81169651179478,0.0 -79.07000233877326,33.81166323657968,0.0</coordinates>
                    </LinearRing>
                </outerBoundaryIs>
            </Polygon>
        </Placemark>
        <Placemark id="418752">
            <name>Wetland_45468</name>
            <styleUrl>#418757</styleUrl>
            <Polygon id="418751">
                <outerBoundaryIs>
                    <LinearRing id="418755">
                        <coordinates>-79.07684670843624,33.807369136638926,0.0 -79.07685983731106,33.80734617597712,0.0 -79.07701367890252,33.80723373572779,0.0 -79.0771135373942,33.80707451918855,0.0 -79.07717111346538,33.80696057724322,0.0 -79.07738073311371,33.80681455531649,0.0 -79.07753200333957,33.80681691398337,0.0 -79.07758418692337,33.806944049384505,0.0 -79.07760680964945,33.80716259689692,0.0 -79.07760013396484,33.80746107333821,0.0 -79.07759648973878,33.80762394250628,0.0 -79.0775962817055,33.80763327117115,0.0 -79.07760592431636,33.807817164820015,0.0 -79.0775967012364,33.80783658701769,0.0 -79.0775626117672,33.80790836052349,0.0 -79.07746654925361,33.80804488891618,0.0 -79.07740137917187,33.80807305208888,0.0 -79.07739984247597,33.80807375032011,0.0 -79.0773983411146,33.80807449925278,0.0 -79.07739687761465,33.80807529744213,0.0 -79.07739545450285,33.808076143443614,0.0 -79.07739407304265,33.808077036534826,0.0 -79.07739273828773,33.80807797382654,0.0 -79.07739144916732,33.808078955160155,0.0 -79.07739020947164,33.80807997836872,0.0 -79.07738902172757,33.808081042007565,0.0 -79.0773212025961,33.808144263752745,0.0 -79.0772849894149,33.808119138926166,0.0 -79.07726617345983,33.80809459753742,0.0 -79.07722818181232,33.808061675947634,0.0 -79.07705613174137,33.80796200367213,0.0 -79.0769892851871,33.8079205480714,0.0 -79.07693247794624,33.807863084932464,0.0 -79.07689538893722,33.807789765173396,0.0 -79.07686743721962,33.80774083419254,0.0 -79.07686888401159,33.80767619592385,0.0 -79.07684183583264,33.807586867027936,0.0 -79.07684670843624,33.807369136638926,0.0</coordinates>
                    </LinearRing>
                </outerBoundaryIs>
            </Polygon>
        </Placemark>
        <Placemark id="418761">
            <name>Wetland_45469</name>
            <styleUrl>#418766</styleUrl>
            <Polygon id="418760">
                <outerBoundaryIs>
                    <LinearRing id="418764">
                        <coordinates>-79.06984396255446,33.81358540452601,0.0 -79.06982170314845,33.81349000172695,0.0 -79.06981769491382,33.81348994002194,0.0 -79.06981129602264,33.813489840681235,0.0 -79.06981695410134,33.81346965255128,0.0 -79.06975905971302,33.81341108295505,0.0 -79.06973057221899,33.81336121059496,0.0 -79.06972304864266,33.81335468890067,0.0 -79.06971775019304,33.81328613747564,0.0 -79.06971934682544,33.81321515073214,0.0 -79.06969232992488,33.81315555006205,0.0 -79.06962907871524,33.813130889548106,0.0 -79.06957291578823,33.813106340436605,0.0 -79.0694889371467,33.813057684310316,0.0 -79.06945496492122,33.812992057947014,0.0 -79.06945709151125,33.812897408845984,0.0 -79.0694585544317,33.81283233697547,0.0 -79.06949531571252,33.812773736835624,0.0 -79.06955360698552,33.81270363718569,0.0 -79.06965441683916,33.81263420363748,0.0 -79.06971204303538,33.81259368186978,0.0 -79.06977019967749,33.812529498763965,0.0 -79.06982126930272,33.81246520347882,0.0 -79.0698694893179,33.81240548232971,0.0 -79.06999029903315,33.812464008906694,0.0 -79.07012859807965,33.81243172142963,0.0 -79.07026664478106,33.812410914877226,0.0 -79.07035051074412,33.812412228689624,0.0 -79.07047293652914,33.812414143002044,0.0 -79.07061097882485,33.81239333540333,0.0 -79.07074799011384,33.81241844779911,0.0 -79.0709394978372,33.81246737880348,0.0 -79.07098597070792,33.812477853243685,0.0 -79.071033532597,33.81254252356302,0.0 -79.07116144337793,33.812575205063226,0.0 -79.07128763170583,33.81268456175566,0.0 -79.07139764015136,33.81272330254717,0.0 -79.07138123579043,33.812737325733224,0.0 -79.07135528459389,33.812761738921864,0.0 -79.07136659337824,33.8128199274158,0.0 -79.07139015761597,33.81284246479418,0.0 -79.0713901560566,33.81284325482908,0.0 -79.07139088814469,33.81286927652065,0.0 -79.071390659781,33.812896049897525,0.0 -79.07139004637155,33.81291580390343,0.0 -79.07137317500762,33.81293110201247,0.0 -79.0713753694093,33.812968161194256,0.0 -79.07139594418292,33.81298953828237,0.0 -79.07140041124062,33.813009202641226,0.0 -79.07141090626864,33.81304239949117,0.0 -79.07141485468269,33.81305267481118,0.0 -79.07140071585066,33.8130877686967,0.0 -79.0714252636859,33.81311946020628,0.0 -79.07141688366579,33.813155153291845,0.0 -79.07144143526497,33.81323557535132,0.0 -79.07139379174593,33.813276826140374,0.0 -79.07133870272557,33.81330718725528,0.0 -79.07130903315812,33.81338591088182,0.0 -79.0712407115435,33.81344867365489,0.0 -79.07123849512521,33.81345070890621,0.0 -79.07094087074826,33.813520193340516,0.0 -79.07058534558458,33.813531106154656,0.0 -79.0698433963908,33.81361054192704,0.0 -79.06984386419353,33.81358973779164,0.0 -79.06984396255446,33.81358540452601,0.0</coordinates>
                    </LinearRing>
                </outerBoundaryIs>
            </Polygon>
        </Placemark>
        <Placemark id="418770">
            <name>Wetland_45470</name>
            <styleUrl>#418775</styleUrl>
            <Polygon id="418769">
                <outerBoundaryIs>
                    <LinearRing id="418773">
                        <coordinates>-79.0692107528212,33.81458770290349,0.0 -79.06935179476265,33.81459482258743,0.0 -79.06939525943872,33.81460157079185,0.0 -79.069442100441,33.81460884364044,0.0 -79.06946168316308,33.8146118843167,0.0 -79.06949515107686,33.81475814024864,0.0 -79.06949712579434,33.81481992622481,0.0 -79.06932798860383,33.81469183760353,0.0 -79.0692107528212,33.81458770290349,0.0</coordinates>
                    </LinearRing>
                </outerBoundaryIs>
            </Polygon>
        </Placemark>
        <Placemark id="418779">
            <name>Wetland_45471</name>
            <styleUrl>#418784</styleUrl>
            <Polygon id="418778">
                <outerBoundaryIs>
                    <LinearRing id="418782">
                        <coordinates>-79.06727761241922,33.81529866450333,0.0 -79.06709682679917,33.81516543736459,0.0 -79.0669981967641,33.81505650840556,0.0 -79.06688085204293,33.814962626570995,0.0 -79.06687703323432,33.81495745744363,0.0 -79.06680059577837,33.81485398664907,0.0 -79.06680092665592,33.81483929061697,0.0 -79.06680249365803,33.814769643369694,0.0 -79.06693247326047,33.81471032042372,0.0 -79.06711636304043,33.81470553241595,0.0 -79.06727286799578,33.81469264592183,0.0 -79.06744826151292,33.81465704502014,0.0 -79.0676505223566,33.81465254410826,0.0 -79.0678990571852,33.81463342854928,0.0 -79.06802765892104,33.81463544408758,0.0 -79.06816579129944,33.814622268366676,0.0 -79.0683505402308,33.814579140812974,0.0 -79.06855297346722,33.814566971283085,0.0 -79.06873686368859,33.81456218173434,0.0 -79.06892057913554,33.81456505861406,0.0 -79.0690827649573,33.814579394716205,0.0 -79.06926530701237,33.81474153749579,0.0 -79.06926776163236,33.814743550730434,0.0 -79.06950031237525,33.81491966534807,0.0 -79.06950054662192,33.81492696886013,0.0 -79.0696451098828,33.81503661494523,0.0 -79.06973558993003,33.815099392454556,0.0 -79.06981705731465,33.81515436002901,0.0 -79.06987041381592,33.815237131852676,0.0 -79.06989697354089,33.81527833467988,0.0 -79.06987825839265,33.815293380462975,0.0 -79.06990581599756,33.81529381188097,0.0 -79.06997248262753,33.81530043245897,0.0 -79.0699731910188,33.81530087295013,0.0 -79.0700508211078,33.8153597516114,0.0 -79.07016698978798,33.81546042221924,0.0 -79.07024406471842,33.81554400586307,0.0 -79.070390566911,33.81561220017907,0.0 -79.07044846875708,33.81567077008231,0.0 -79.07049557673118,33.81577036095983,0.0 -79.07040475174226,33.81585955405733,0.0 -79.07031595805304,33.81585816483977,0.0 -79.07021804328352,33.81582368125672,0.0 -79.07011081571937,33.815764338542245,0.0 -79.07002294991918,33.81572177539496,0.0 -79.06990604166742,33.81565404352756,0.0 -79.06976884740604,33.81561070600805,0.0 -79.06962160500728,33.815575450477986,0.0 -79.0695474362189,33.81555351646882,0.0 -79.06953318312011,33.81555759102992,0.0 -79.06952733320797,33.81555871521544,0.0 -79.06944829558392,33.81561646793496,0.0 -79.06926268064699,33.815697933045506,0.0 -79.06914188618552,33.81575740317709,0.0 -79.06900237230357,33.81583192097479,0.0 -79.06894570372134,33.81590006373064,0.0 -79.06891573439115,33.816006977542756,0.0 -79.06887726630421,33.816083077063986,0.0 -79.06884694942643,33.8162053245589,0.0 -79.06872580733452,33.816280128979805,0.0 -79.0685861228809,33.81636231283824,0.0 -79.0684277197067,33.81645954436905,0.0 -79.06832408366287,33.81657297282466,0.0 -79.06816447461667,33.81672387635616,0.0 -79.06811647472894,33.81681516574341,0.0 -79.06810470171018,33.81693003479104,0.0 -79.06808391531258,33.817037091044256,0.0 -79.06810021805994,33.81712938806834,0.0 -79.06816262451609,33.81721473878014,0.0 -79.06837217980826,33.81729472421143,0.0 -79.06833302181056,33.81740149265652,0.0 -79.06813718253557,33.81752881710709,0.0 -79.06808068573876,33.8175892924379,0.0 -79.06799559555259,33.81769534174493,0.0 -79.06791033436771,33.817809059176675,0.0 -79.06780618042913,33.817945490211635,0.0 -79.06768503464369,33.81802029336898,0.0 -79.06750200165597,33.81798674372871,0.0 -79.06732052242766,33.81788418693739,0.0 -79.06716573761666,33.81782039957522,0.0 -79.06703920223121,33.817726373286106,0.0 -79.06702238093885,33.81765707792059,0.0 -79.06702497005162,33.817542066046954,0.0 -79.06698977693033,33.81747248264414,0.0 -79.06698503747809,33.81745215754186,0.0 -79.06696463603093,33.817364705797154,0.0 -79.06696722307737,33.8172496935633,0.0 -79.06699667762778,33.81716578426144,0.0 -79.06708992088217,33.817105884877606,0.0 -79.06720136211295,33.81705393937287,0.0 -79.06728645229283,33.81694789232294,0.0 -79.0673543778349,33.816787882380545,0.0 -79.06736528858974,33.81671135126208,0.0 -79.06739543200462,33.81659677077766,0.0 -79.06741186330285,33.81658027388077,0.0 -79.06747064705446,33.816521248893196,0.0 -79.06747801768853,33.816513714185184,0.0 -79.06757410811664,33.816415488618325,0.0 -79.06761240596433,33.81634705674175,0.0 -79.06763319087555,33.81623999927807,0.0 -79.06764530781942,33.81610979581534,0.0 -79.06763871160949,33.81599464085367,0.0 -79.06764129868942,33.81587962855556,0.0 -79.06762551320885,33.815764328163375,0.0 -79.06759049523824,33.8156870780728,0.0 -79.06755495783351,33.81563282976292,0.0 -79.06743864549125,33.815492943287204,0.0 -79.06737607038568,33.815415260216774,0.0 -79.06732512506451,33.81535492978775,0.0 -79.06727761241922,33.81529866450333,0.0</coordinates>
                    </LinearRing>
                </outerBoundaryIs>
            </Polygon>
        </Placemark>
        <Placemark id="418788">
            <name>Wetland_45472</name>
            <styleUrl>#418793</styleUrl>
            <Polygon id="418787">
                <outerBoundaryIs>
                    <LinearRing id="418791">
                        <coordinates>-79.0680785277138,33.81358410929918,0.0 -79.06802789999506,33.81355766119071,0.0 -79.06799307265635,33.81355711628075,0.0 -79.06748621751481,33.81308996011186,0.0 -79.06848040220115,33.812865058561464,0.0 -79.06840637279471,33.81296379977131,0.0 -79.06835466462866,33.81302598478434,0.0 -79.06835026411288,33.81307327748911,0.0 -79.06837483577391,33.813105329846024,0.0 -79.06840933844911,33.81314729347369,0.0 -79.06847112339794,33.81323702616642,0.0 -79.06846859871617,33.813349421582345,0.0 -79.0684726324313,33.81337516314523,0.0 -79.06845646049884,33.81340716019066,0.0 -79.0684348782554,33.81348919949916,0.0 -79.06842353128513,33.813554923448706,0.0 -79.06836813991565,33.81359945521621,0.0 -79.06827298949982,33.81360406658219,0.0 -79.06809516852803,33.81360869832885,0.0 -79.06808600676781,33.8136076203277,0.0 -79.0680785277138,33.81358410929918,0.0</coordinates>
                    </LinearRing>
                </outerBoundaryIs>
            </Polygon>
        </Placemark>
        <Placemark id="418797">
            <name>Wetland_45473</name>
            <styleUrl>#418802</styleUrl>
            <Polygon id="418796">
                <outerBoundaryIs>
                    <LinearRing id="418800">
                        <coordinates>-79.06876362107357,33.81379467595673,0.0 -79.06889144729945,33.813796676803925,0.0 -79.06894588789447,33.81381277827321,0.0 -79.0690098014627,33.813813779133426,0.0 -79.06907388528818,33.81380715894501,0.0 -79.0691021332478,33.81376948082901,0.0 -79.06909385841361,33.813731230713245,0.0 -79.06909471649105,33.813693124832156,0.0 -79.06912330616397,33.81364020395338,0.0 -79.0691693005218,33.813625676057306,0.0 -79.06921272684588,33.81372546850854,0.0 -79.06923926152278,33.813764004355036,0.0 -79.06930163342466,33.81383359731106,0.0 -79.0692546114153,33.81389385406329,0.0 -79.06920810171128,33.81393124527144,0.0 -79.06912524235577,33.813960444822975,0.0 -79.0690234367035,33.81401984179568,0.0 -79.068913526004,33.81403336931189,0.0 -79.06883049634303,33.814070188777606,0.0 -79.06875728108938,33.81407666664447,0.0 -79.06869490947822,33.81400707341683,0.0 -79.06869610784652,33.81395372272924,0.0 -79.06869764893975,33.81388513033156,0.0 -79.06870798003054,33.81383192478393,0.0 -79.06876362107357,33.81379467595673,0.0</coordinates>
                    </LinearRing>
                </outerBoundaryIs>
            </Polygon>
        </Placemark>
        <Placemark id="418806">
            <name>Wetland_45474</name>
            <styleUrl>#418811</styleUrl>
            <Polygon id="418805">
                <outerBoundaryIs>
                    <LinearRing id="418809">
                        <coordinates>-79.06973361170759,33.8184589020209,0.0 -79.06973550650945,33.818374559093385,0.0 -79.06985734118075,33.81826908493067,0.0 -79.06997813917269,33.81820961336756,0.0 -79.07009704131295,33.81823448535424,0.0 -79.07018718326384,33.818312598488475,0.0 -79.0702931108421,33.8185060114226,0.0 -79.07038462959427,33.81852278421563,0.0 -79.07048567602695,33.81852436434975,0.0 -79.07057840047366,33.818487465022955,0.0 -79.07063610391178,33.81837331600279,0.0 -79.07059275504801,33.818257584270754,0.0 -79.07051231904155,33.81815661367974,0.0 -79.07050588807006,33.81803378994827,0.0 -79.07051714102782,33.81794192376315,0.0 -79.07059235367036,33.81786639805951,0.0 -79.07071280716058,33.81782226267243,0.0 -79.0708140261967,33.817816175671055,0.0 -79.07096066233613,33.81783381056193,0.0 -79.07105045432364,33.81792725716699,0.0 -79.07104804674391,33.81803460254276,0.0 -79.0710369648585,33.81811880056483,0.0 -79.07101704315407,33.81818752199609,0.0 -79.07109782591786,33.81827315750111,0.0 -79.07118015799026,33.818289785906195,0.0 -79.07124583858977,33.81822945182677,0.0 -79.07127529144292,33.818145540097156,0.0 -79.0713416606847,33.818054536005235,0.0 -79.07145206847343,33.81804859338761,0.0 -79.07159852855429,33.818073893836036,0.0 -79.0716997497962,33.81806780725876,0.0 -79.07174688632097,33.81801485365172,0.0 -79.0718576378043,33.81799357559081,0.0 -79.0720226456604,33.81801149533452,0.0 -79.0720949311339,33.81806631740329,0.0 -79.07200065735914,33.81817222471272,0.0 -79.07194295820425,33.818286374762216,0.0 -79.07183169284248,33.818330658069016,0.0 -79.07166496349723,33.818389411221474,0.0 -79.07150655916685,33.81848664567458,0.0 -79.07135785731913,33.81856102159584,0.0 -79.07114605623097,33.818580719376314,0.0 -79.07102766764037,33.818532845238806,0.0 -79.07089056163146,33.818500020225194,0.0 -79.0707784329924,33.81858263839082,0.0 -79.07077430006501,33.81876665630236,0.0 -79.0707803849947,33.81890481637931,0.0 -79.07079669238699,33.81899711295509,0.0 -79.0707757363033,33.81911183815877,0.0 -79.07069185387358,33.819164216437336,0.0 -79.0705417727101,33.819299931189214,0.0 -79.07036499152711,33.81939687722626,0.0 -79.07035464924458,33.81940240145873,0.0 -79.07022547377076,33.81947139453976,0.0 -79.07010398361047,33.81956153598352,0.0 -79.0699842173568,33.819575001796274,0.0 -79.06988488888986,33.81949674317182,0.0 -79.06977672074203,33.819403008684304,0.0 -79.06965936654254,33.819309128445944,0.0 -79.06948723871295,33.819199050921284,0.0 -79.06945238993126,33.8191141347506,0.0 -79.0694915476435,33.81900736440511,0.0 -79.06951598518474,33.81898771709041,0.0 -79.06961320893696,33.81890955726622,0.0 -79.06969622978316,33.81889551665382,0.0 -79.0697882645188,33.81888928772522,0.0 -79.06988047409988,33.81887539116341,0.0 -79.06993610890433,33.81885325019755,0.0 -79.07005794190948,33.81874777557264,0.0 -79.07002291912686,33.81867052636364,0.0 -79.0699230768423,33.818615271795196,0.0 -79.06975910311492,33.818551343389856,0.0 -79.06973361170759,33.8184589020209,0.0</coordinates>
                    </LinearRing>
                </outerBoundaryIs>
            </Polygon>
        </Placemark>
        <Placemark id="418815">
            <name>Wetland_45475</name>
            <styleUrl>#418820</styleUrl>
            <Polygon id="418814">
                <outerBoundaryIs>
                    <LinearRing id="418818">
                        <coordinates>-79.06843909482248,33.810958732716074,0.0 -79.06856344906492,33.81096068135452,0.0 -79.06868730353293,33.810984871682344,0.0 -79.06880110870475,33.81106082606112,0.0 -79.06885240458821,33.81115063664683,0.0 -79.06899219133308,33.811256666698704,0.0 -79.06904198541253,33.8114132067021,0.0 -79.06907451619348,33.81154722527321,0.0 -79.06908273268981,33.811577024003014,0.0 -79.06912564573571,33.81164444985596,0.0 -79.06922252089532,33.811683051955065,0.0 -79.06929224823466,33.81174348231873,0.0 -79.06946923193671,33.81177592167266,0.0 -79.06951156461166,33.811791526397975,0.0 -79.06946028727361,33.81180861015378,0.0 -79.06931735760733,33.811859631987964,0.0 -79.06926655109538,33.811912093840895,0.0 -79.0691800499278,33.81197583481239,0.0 -79.06907202033616,33.81205107264805,0.0 -79.06897842982616,33.812114700948605,0.0 -79.06887868323736,33.81213680884068,0.0 -79.06882132190215,33.81216549904019,0.0 -79.06874925943366,33.81221763026057,0.0 -79.06873375592943,33.81227656372415,0.0 -79.06873202549694,33.81235346560888,0.0 -79.06869512750947,33.81241798100992,0.0 -79.06862200156223,33.81251743634398,0.0 -79.06862040501821,33.81258842329599,0.0 -79.06859799202401,33.812677512055295,0.0 -79.06846343310532,33.812642816052055,0.0 -79.06829649543636,33.81255861172373,0.0 -79.06814715910112,33.81248209989967,0.0 -79.06805078490991,33.81242125355865,0.0 -79.06798977358677,33.81236837669512,0.0 -79.06792004631134,33.81230794735683,0.0 -79.067851151994,33.81221044401165,0.0 -79.06783522198579,33.81212860495701,0.0 -79.06783738879754,33.81203221539426,0.0 -79.06783989106194,33.81192099675449,0.0 -79.06782512565243,33.81178725678666,0.0 -79.06780969744213,33.81168317340064,0.0 -79.06782057983132,33.81159433799761,0.0 -79.06783528477362,33.811580550921526,0.0 -79.06792950352528,33.81149220342831,0.0 -79.06799401669502,33.8113893754128,0.0 -79.06803188182646,33.811286127275885,0.0 -79.06806957725695,33.81119029473576,0.0 -79.06815218902618,33.81107291459167,0.0 -79.06826094538285,33.810978194859935,0.0 -79.06843909482248,33.810958732716074,0.0</coordinates>
                    </LinearRing>
                </outerBoundaryIs>
            </Polygon>
        </Placemark>
        <Placemark id="418824">
            <name>Wetland_45476</name>
            <styleUrl>#418829</styleUrl>
            <Polygon id="418823">
                <outerBoundaryIs>
                    <LinearRing id="418827">
                        <coordinates>-79.07369973931631,33.80534172222478,0.0 -79.07372299077427,33.80534208478494,0.0 -79.07372571464704,33.80534685241816,0.0 -79.07374050474921,33.80537275098046,0.0 -79.07375751078924,33.805426203393004,0.0 -79.0737822539431,33.80554056209309,0.0 -79.07378999036055,33.805601466461184,0.0 -79.07377833668261,33.805715257238944,0.0 -79.07370469681825,33.80575209732367,0.0 -79.07359534340827,33.80575798659066,0.0 -79.07351260519746,33.80579468494116,0.0 -79.07343947551136,33.80580873808158,0.0 -79.07331141426496,33.80583712956614,0.0 -79.07325754564033,33.80587562174818,0.0 -79.07322816539691,33.805896614477554,0.0 -79.07317255032179,33.805941334733916,0.0 -79.07308879094818,33.80602360541992,0.0 -79.07301446820502,33.80609082625343,0.0 -79.07295851557029,33.80615073711021,0.0 -79.07291182879702,33.806203193642816,0.0 -79.07286531354283,33.80624805659382,0.0 -79.07276301552746,33.80634523287071,0.0 -79.07271461227106,33.806399031120534,0.0 -79.07264166626935,33.80648010218177,0.0 -79.07251070460548,33.80663761503312,0.0 -79.07242728372088,33.80670469301692,0.0 -79.07234380013769,33.806744754233065,0.0 -79.07233527682382,33.80674884456752,0.0 -79.07224360745647,33.80677780446154,0.0 -79.07216086879501,33.80681450107187,0.0 -79.07207812752898,33.806851199065626,0.0 -79.07202251364356,33.80689591726719,0.0 -79.07189257599254,33.80700785650864,0.0 -79.07179971128576,33.80708998464657,0.0 -79.0717394217708,33.807127638930226,0.0 -79.07171663132867,33.80714187113924,0.0 -79.07157963991938,33.80716252342746,0.0 -79.0715767373234,33.807162477267845,0.0 -79.07162610985117,33.80712942091526,0.0 -79.07164437258731,33.80710745566171,0.0 -79.07168139575508,33.8070412784712,0.0 -79.07170082481323,33.80696741170988,0.0 -79.07175774053665,33.80690270861591,0.0 -79.07181023838197,33.80684302945406,0.0 -79.07190172117274,33.80672578464871,0.0 -79.07200141883035,33.80663833727122,0.0 -79.07212976101643,33.80646233064331,0.0 -79.07224000351573,33.80630087537868,0.0 -79.07228640891397,33.80621259508343,0.0 -79.07231505119032,33.80612403552658,0.0 -79.07235157812943,33.806080104175955,0.0 -79.0724150819899,33.806021759409866,0.0 -79.07248846627222,33.805919065027545,0.0 -79.07255196882902,33.80586072001522,0.0 -79.07267764883728,33.80580334681081,0.0 -79.07277717890537,33.805723313054486,0.0 -79.07278297353089,33.80571558289815,0.0 -79.07282281728622,33.8057079258866,0.0 -79.07288786878759,33.805648157765326,0.0 -79.07292528333396,33.805603152790816,0.0 -79.07298141057585,33.80553564793513,0.0 -79.07302877418859,33.80545280754553,0.0 -79.07310309631282,33.8053855866461,0.0 -79.07317588519795,33.8053867239658,0.0 -79.07326686916605,33.80538814523386,0.0 -79.07333966000455,33.8053892836484,0.0 -79.07350343073195,33.80539184158357,0.0 -79.07357673317614,33.80537019234187,0.0 -79.07364110268473,33.80534080604595,0.0 -79.07369973931631,33.80534172222478,0.0</coordinates>
                    </LinearRing>
                </outerBoundaryIs>
            </Polygon>
        </Placemark>
        <Placemark id="418833">
            <name>Wetland_45477</name>
            <styleUrl>#418838</styleUrl>
            <Polygon id="418832">
                <outerBoundaryIs>
                    <LinearRing id="418836">
                        <coordinates>-79.07018053118513,33.81533646382277,0.0 -79.07009854635857,33.815304500417454,0.0 -79.06999750234067,33.81530291785985,0.0 -79.06997248262753,33.81530043245897,0.0 -79.06990581599756,33.81529381188097,0.0 -79.06987825839265,33.815293380462975,0.0 -79.06989697354089,33.81527833467988,0.0 -79.06987041381592,33.815237131852676,0.0 -79.06981705731465,33.81515436002901,0.0 -79.06973558993003,33.815099392454556,0.0 -79.0696451098828,33.81503661494523,0.0 -79.06950054662192,33.81492696886013,0.0 -79.06950031237525,33.81491966534807,0.0 -79.06962322774099,33.81501275046517,0.0 -79.06962493921596,33.81501397702302,0.0 -79.06982286917373,33.815146202378514,0.0 -79.0698284075379,33.815149349852895,0.0 -79.06983214421817,33.81515094548874,0.0 -79.06990467863353,33.81517834466694,0.0 -79.06990643236853,33.81517896909228,0.0 -79.06990821934568,33.81517952750833,0.0 -79.06991003508901,33.8151800201616,0.0 -79.06991187443741,33.81518044537815,0.0 -79.0699137363201,33.81518080299948,0.0 -79.06991561469788,33.815181090312215,0.0 -79.06991750792156,33.8151813098003,0.0 -79.06991941102284,33.81518145890909,0.0 -79.06992131971855,33.81518153700411,0.0 -79.06992323148144,33.81518154552987,0.0 -79.06992514095765,33.81518148369335,0.0 -79.06992704493472,33.815181351018786,0.0 -79.06992894088553,33.815181148950614,0.0 -79.07017910994315,33.81531543087759,0.0 -79.07026234196591,33.815379197726955,0.0 -79.07018053118513,33.81533646382277,0.0</coordinates>
                    </LinearRing>
                </outerBoundaryIs>
            </Polygon>
        </Placemark>
        <Placemark id="418842">
            <name>Wetland_45478</name>
            <styleUrl>#418847</styleUrl>
            <Polygon id="418841">
                <outerBoundaryIs>
                    <LinearRing id="418845">
                        <coordinates>-79.06996482770307,33.81513632024522,0.0 -79.06996428392361,33.81513482468162,0.0 -79.06996366165316,33.81513334932108,0.0 -79.06996296119138,33.81513189784563,0.0 -79.06996218410137,33.81513047321492,0.0 -79.06996133320997,33.815129077666505,0.0 -79.06996040900955,33.815127714001434,0.0 -79.06995941325603,33.81512638429862,0.0 -79.06995834751261,33.815125091517785,0.0 -79.06995721548405,33.815123838935754,0.0 -79.06995601697756,33.81512262743353,0.0 -79.06995475569782,33.81512146028796,0.0 -79.06995343447164,33.81512033973651,0.0 -79.06995205398422,33.81511926769935,0.0 -79.06995061832585,33.81511824569195,0.0 -79.06994913013054,33.8151172768325,0.0 -79.06994759261059,33.81511636159686,0.0 -79.06994600732925,33.815115502944636,0.0 -79.06994437749883,33.81511470135172,0.0 -79.06994270808764,33.81511395937281,0.0 -79.06994099997374,33.81511327804722,0.0 -79.06987347002533,33.815087768697815,0.0 -79.06968119598159,33.81495932578687,0.0 -79.06949712579434,33.81481992622481,0.0 -79.06949515107686,33.81475814024864,0.0 -79.06946168316308,33.8146118843167,0.0 -79.069442100441,33.81460884364044,0.0 -79.06939525943872,33.81460157079185,0.0 -79.06946128971181,33.814587247736064,0.0 -79.0696192201612,33.814552989289176,0.0 -79.06981229573657,33.81454833998853,0.0 -79.07008786916883,33.81455265403391,0.0 -79.0702998318899,33.8145252919268,0.0 -79.07052029185334,33.814528741563215,0.0 -79.07075998557461,33.81449414123155,0.0 -79.07091683345638,33.81446591467348,0.0 -79.07118391065866,33.814439411514215,0.0 -79.07122713833859,33.814446479492965,0.0 -79.07133955323218,33.81446485664168,0.0 -79.07127318829984,33.81455586044109,0.0 -79.07116071860807,33.814653814054104,0.0 -79.07105743606168,33.81475191058942,0.0 -79.07094445072184,33.81487286539962,0.0 -79.07083215258555,33.81496315161432,0.0 -79.07074793192382,33.81503086461122,0.0 -79.07065590142268,33.815037096098536,0.0 -79.07061031571736,33.81502104126421,0.0 -79.07055606226147,33.81498184165484,0.0 -79.07046316911769,33.81502640993269,0.0 -79.07046196346022,33.81508008214309,0.0 -79.07046092831276,33.815126086116585,0.0 -79.07045920809689,33.8152027616606,0.0 -79.07047499657367,33.81531806159304,0.0 -79.07048280576731,33.81537954478631,0.0 -79.07042631503063,33.81543143805134,0.0 -79.07022155223385,33.81527456225386,0.0 -79.07022037693464,33.81527370431034,0.0 -79.07021714324196,33.81527172485308,0.0 -79.06996482770307,33.81513632024522,0.0</coordinates>
                    </LinearRing>
                </outerBoundaryIs>
            </Polygon>
        </Placemark>
        <Placemark id="418851">
            <name>Wetland_45479</name>
            <styleUrl>#418856</styleUrl>
            <Polygon id="418850">
                <outerBoundaryIs>
                    <LinearRing id="418854">
                        <coordinates>-79.07372077116446,33.80725225780324,0.0 -79.07375196090369,33.80722036003178,0.0 -79.07387575115648,33.80728752153019,0.0 -79.07395162419576,33.807371940189626,0.0 -79.0740613668284,33.807494043946946,0.0 -79.07407184169918,33.80750644526318,0.0 -79.07380152021199,33.807596619320904,0.0 -79.07373254133125,33.807369392833316,0.0 -79.07370098822307,33.80727248946449,0.0 -79.07371596762609,33.8072571710399,0.0 -79.07372077116446,33.80725225780324,0.0</coordinates>
                    </LinearRing>
                </outerBoundaryIs>
            </Polygon>
        </Placemark>
        <Placemark id="418860">
            <name>Wetland_45480</name>
            <styleUrl>#418865</styleUrl>
            <Polygon id="418859">
                <outerBoundaryIs>
                    <LinearRing id="418863">
                        <coordinates>-79.07202986849335,33.80760377695541,0.0 -79.07203167576283,33.807588673922766,0.0 -79.07204109588082,33.80757490943625,0.0 -79.07205660347371,33.80756178103984,0.0 -79.0720740486362,33.80754755733041,0.0 -79.07208834535541,33.80752998085141,0.0 -79.07209575075309,33.80750764239675,0.0 -79.0720951110896,33.80748123774299,0.0 -79.07208751266596,33.80745372328594,0.0 -79.07207496964342,33.80742914954081,0.0 -79.07205936763897,33.807410825919476,0.0 -79.07204224015808,33.80739990259795,0.0 -79.07202511249636,33.80739505678193,0.0 -79.07200976837568,33.80739333520084,0.0 -79.07199812855653,33.807391567528065,0.0 -79.07199182552753,33.807387622928744,0.0 -79.0719917502368,33.807380910391004,0.0 -79.07199785398493,33.807372011085235,0.0 -79.07200939761081,33.80736183769882,0.0 -79.07202553618261,33.807350978055766,0.0 -79.07204593154837,33.807339517570334,0.0 -79.07204542058362,33.807336589094255,0.0 -79.0720473867635,33.80731658245218,0.0 -79.07205600238197,33.80729570459359,0.0 -79.07207008820122,33.807274328316545,0.0 -79.07208831694443,33.80725299273849,0.0 -79.07210966481347,33.80723222918077,0.0 -79.07213313885724,33.80721233708935,0.0 -79.07215747478226,33.807193310175656,0.0 -79.07218132881704,33.80717491939881,0.0 -79.07220391247493,33.80715687336893,0.0 -79.07222530670664,33.807139029478115,0.0 -79.07224610061705,33.807121675958385,0.0 -79.07226673895795,33.8071057253369,0.0 -79.07228715407874,33.80709246167307,0.0 -79.07230687878464,33.80708279246763,0.0 -79.07232552601323,33.8070764457731,0.0 -79.07234335797177,33.80707187988479,0.0 -79.07234475810363,33.80707151797498,0.0 -79.07236154283268,33.80706716619445,0.0 -79.07238171801627,33.807061277697315,0.0 -79.0724047387018,33.807054802121016,0.0 -79.07242941725544,33.80704962062976,0.0 -79.07245237791368,33.807047869591614,0.0 -79.0724695350753,33.807050943661075,0.0 -79.07247820764395,33.80705908777946,0.0 -79.07247819060284,33.80707170320718,0.0 -79.07247123146664,33.80708806297845,0.0 -79.07245971941626,33.80710796803931,0.0 -79.07244583915558,33.807131754698574,0.0 -79.0724414350824,33.807140277363885,0.0 -79.07243148562661,33.807159532649365,0.0 -79.07241847330278,33.80719016288058,0.0 -79.07240861536627,33.8072210120429,0.0 -79.07240351848623,33.80724892057655,0.0 -79.07240384743815,33.80725857076235,0.0 -79.07240771300853,33.80726242987324,0.0 -79.07242138882413,33.807277841802104,0.0 -79.07243678662137,33.80729314864866,0.0 -79.07245591115706,33.807306771241485,0.0 -79.07248022566492,33.80731739759406,0.0 -79.07251008657991,33.80732373730885,0.0 -79.07254454201905,33.8073242907534,0.0 -79.07258181250751,33.80731773855336,0.0 -79.07262017955658,33.807303952590836,0.0 -79.07265848168925,33.80728490157228,0.0 -79.07269575236259,33.80726455283952,0.0 -79.07273042886068,33.80724752205175,0.0 -79.07276005114693,33.80723723160705,0.0 -79.07278196131305,33.80723477017611,0.0 -79.07279456995896,33.80723906116431,0.0 -79.07279844766008,33.80724797196078,0.0 -79.07279655337747,33.80725943722896,0.0 -79.07279339594392,33.8072719922143,0.0 -79.07279343910056,33.80728475204753,0.0 -79.07279955176155,33.80729724496581,0.0 -79.07281232377704,33.8073093719014,0.0 -79.0728303874193,33.80732135679102,0.0 -79.07285144351799,33.807333542978945,0.0 -79.07287327393753,33.80734608028794,0.0 -79.0728945222871,33.80735880238489,0.0 -79.07291500293628,33.80737149171229,0.0 -79.07293554373668,33.80738441638442,0.0 -79.07295731044401,33.807398841246346,0.0 -79.07298103127957,33.807417065805986,0.0 -79.07300633781351,33.807441652749745,0.0 -79.07301451059489,33.807452086319906,0.0 -79.07303007099654,33.80746179613963,0.0 -79.07304590171036,33.80747758531951,0.0 -79.07305847261367,33.80749802708758,0.0 -79.07306854038868,33.807523093464894,0.0 -79.07307711532972,33.80755171366519,0.0 -79.0730844765627,33.80758170281648,0.0 -79.0730902585532,33.80761063961301,0.0 -79.07309186315744,33.80762097705994,0.0 -79.07309249425865,33.80762368505407,0.0 -79.0730971547416,33.80764954839588,0.0 -79.07310146930432,33.80767080440947,0.0 -79.07310740342854,33.80768967029985,0.0 -79.07311609567756,33.807707570573534,0.0 -79.07312810989684,33.80772476243256,0.0 -79.07314366403928,33.80774045696703,0.0 -79.07316243828943,33.80775300899408,0.0 -79.07318312032896,33.80776018164235,0.0 -79.07320339497984,33.80775963316663,0.0 -79.07322069470324,33.807749644672775,0.0 -79.0732333300719,33.807729798624585,0.0 -79.07324115530852,33.80770137751241,0.0 -79.07324522176783,33.80766721977382,0.0 -79.0732467733166,33.80763101172672,0.0 -79.07324650471871,33.80760591525015,0.0 -79.07324257975043,33.80757946879803,0.0 -79.07323681874873,33.80754746044289,0.0 -79.07323034216023,33.807517242204156,0.0 -79.07322500865385,33.807491044566525,0.0 -79.07322491012435,33.80748954492358,0.0 -79.07322126324839,33.80747643690025,0.0 -79.07322003686436,33.80745943045655,0.0 -79.07322493162445,33.80744379527639,0.0 -79.07323754746008,33.80742964554529,0.0 -79.07325837825195,33.80741719445398,0.0 -79.07328640081357,33.80740675334663,0.0 -79.07331906286224,33.80739856443,0.0 -79.07335281025966,33.80739240688324,0.0 -79.0733800468536,33.80738798234613,0.0 -79.07349243860575,33.80732701680191,0.0 -79.07350057404415,33.807322365132684,0.0 -79.07355678269965,33.8072902322922,0.0 -79.07358421053888,33.80727455220449,0.0 -79.07358868542589,33.80728086048994,0.0 -79.07359265485505,33.80728645278978,0.0 -79.07364033434997,33.80735442479561,0.0 -79.073654977724,33.80759329467832,0.0 -79.07367688199724,33.80764608092501,0.0 -79.07357396186084,33.80771891386804,0.0 -79.07342982030897,33.80779665193326,0.0 -79.0733491953758,33.8078287489811,0.0 -79.07331447506877,33.80783713417586,0.0 -79.07328632067602,33.807851243397245,0.0 -79.07325254387041,33.80786820844776,0.0 -79.07321928111584,33.80788595622581,0.0 -79.07318817398044,33.80790477441278,0.0 -79.07315978929725,33.807925320791,0.0 -79.07313841852987,33.80794409317135,0.0 -79.07308748597592,33.80801568041742,0.0 -79.07307581858343,33.80806899931432,0.0 -79.07299817271861,33.808118052077766,0.0 -79.07296199396181,33.80812447331968,0.0 -79.07296042632936,33.80812574711307,0.0 -79.0729477917448,33.80813620825071,0.0 -79.07293412981988,33.80814801501536,0.0 -79.07291956392919,33.8081615785399,0.0 -79.0729046053043,33.80817712368131,0.0 -79.07288995857509,33.808194622935474,0.0 -79.07287617910303,33.808213771149624,0.0 -79.072863536082,33.808233944331086,0.0 -79.07285216584123,33.80825422144218,0.0 -79.0728424149563,33.80827361982497,0.0 -79.07283499863844,33.80829145240932,0.0 -79.0728333269606,33.808297929837615,0.0 -79.07283246407064,33.80831002619195,0.0 -79.07283567344652,33.80833582739089,0.0 -79.07283834832896,33.80834345601,0.0 -79.07284220304462,33.80835039089081,0.0 -79.07285309663503,33.808364126579725,0.0 -79.07286650364917,33.80837786348068,0.0 -79.07288143914383,33.80839164214533,0.0 -79.07289654897414,33.8084054930063,0.0 -79.07291050252726,33.8084194854485,0.0 -79.07292267399059,33.80843378687563,0.0 -79.07292715311137,33.808440020322,0.0 -79.07292861991704,33.808441455247255,0.0 -79.07293296192441,33.808446946322974,0.0 -79.07294527923383,33.808451508762,0.0 -79.07299725358835,33.80851975777711,0.0 -79.07305069187643,33.808703908213445,0.0 -79.07311636819969,33.80886217527353,0.0 -79.07300463252632,33.80894471149809,0.0 -79.07262638422947,33.809174934972326,0.0 -79.072393838451,33.809228568914854,0.0 -79.07230306703238,33.809239369607475,0.0 -79.07227017481542,33.80924328190729,0.0 -79.07218578793096,33.809131231507074,0.0 -79.07217685171952,33.80911936621016,0.0 -79.07218856697466,33.80900944975578,0.0 -79.07218699542221,33.80900229555039,0.0 -79.07217647205471,33.808945225339,0.0 -79.07216636801533,33.808892517780386,0.0 -79.07215597875035,33.80884581639228,0.0 -79.07214514515971,33.80880433280587,0.0 -79.07213419554408,33.80876644053114,0.0 -79.0721239260286,33.808730825177165,0.0 -79.07211527701256,33.80869652838118,0.0 -79.07210869962785,33.80866244838155,0.0 -79.07210370772,33.80862714452652,0.0 -79.07209907878416,33.808589252619804,0.0 -79.07209359678322,33.80854798507305,0.0 -79.07208667499933,33.8085031740492,0.0 -79.07207845324542,33.80845490300342,0.0 -79.07206942335854,33.80840333390219,0.0 -79.07206004474087,33.80834893856105,0.0 -79.0720506007279,33.808292680167945,0.0 -79.07204129700062,33.80823565955143,0.0 -79.07203248519124,33.80817860356809,0.0 -79.072024859246,33.80812195784463,0.0 -79.07201949899493,33.80806657164455,0.0 -79.0720176617338,33.808014074410956,0.0 -79.07202028323795,33.80796627167918,0.0 -79.07202742584315,33.80792403024941,0.0 -79.07203795946891,33.807886669840734,0.0 -79.07204972946933,33.8078523326152,0.0 -79.07206017222384,33.80781897375349,0.0 -79.07206711718044,33.80778531325995,0.0 -79.07206940715488,33.8077513352485,0.0 -79.07206705285424,33.807718243533564,0.0 -79.07206093203362,33.80768782596075,0.0 -79.072052344253,33.80766144813958,0.0 -79.07204284405077,33.80763929030037,0.0 -79.07203446816342,33.80762044551602,0.0 -79.07202986849335,33.80760377695541,0.0</coordinates>
                    </LinearRing>
                </outerBoundaryIs>
            </Polygon>
        </Placemark>
        <Placemark id="418869">
            <name>Wetland_45481</name>
            <styleUrl>#418874</styleUrl>
            <Polygon id="418868">
                <outerBoundaryIs>
                    <LinearRing id="418872">
                        <coordinates>-79.07113072210457,33.808718907785455,0.0 -79.07115618284388,33.80870594782328,0.0 -79.07118398234309,33.80869313056455,0.0 -79.07121401849832,33.808681700406304,0.0 -79.07124511995681,33.808673251725814,0.0 -79.07127525947101,33.80866924394303,0.0 -79.07130234843794,33.80867041169254,0.0 -79.071325141619,33.80867646959036,0.0 -79.07134371459702,33.808686380293224,0.0 -79.0713593907466,33.80869893570068,0.0 -79.07137427366132,33.80871307510441,0.0 -79.07139056801557,33.80872763454426,0.0 -79.07140986957576,33.80874090880628,0.0 -79.07143248157362,33.8087505829051,0.0 -79.07145722712802,33.80875435179603,0.0 -79.07148197416791,33.80875087569862,0.0 -79.07150470521903,33.80874038233769,0.0 -79.07152443418029,33.80872450353791,0.0 -79.07153276773516,33.80871516971163,0.0 -79.07155504550803,33.808653483557926,0.0 -79.0715649672787,33.80853935544282,0.0 -79.07152238800752,33.80845873518726,0.0 -79.07148865881156,33.808383554423614,0.0 -79.07148461164059,33.80837164018972,0.0 -79.07148025490633,33.80837045469965,0.0 -79.07147189433223,33.808362531343455,0.0 -79.07146069998211,33.80835068614853,0.0 -79.07144140983017,33.808337567253915,0.0 -79.07141011593784,33.80832613612381,0.0 -79.07136725675228,33.80831875847789,0.0 -79.07131805650785,33.80831658551079,0.0 -79.07126978024277,33.80831946924846,0.0 -79.07122785690717,33.80832641320773,0.0 -79.07119373779703,33.80833615003484,0.0 -79.071165634526,33.8083475627314,0.0 -79.07114080040841,33.80835989252426,0.0 -79.07111732448044,33.808372920931035,0.0 -79.07109454968989,33.8083870944527,0.0 -79.07107261214072,33.8084032862692,0.0 -79.0710518240611,33.808422090088875,0.0 -79.07103220444716,33.80844305038715,0.0 -79.07101302044754,33.80846446988736,0.0 -79.07099254730204,33.808483966023616,0.0 -79.0709827879098,33.80849014215838,0.0 -79.070975154005,33.808505663491445,0.0 -79.07094783648525,33.808538775389216,0.0 -79.0708811443928,33.80854540979696,0.0 -79.07083778547148,33.80851421707074,0.0 -79.07078208474283,33.808493580472025,0.0 -79.07079064425655,33.80846623850772,0.0 -79.07078790607764,33.808464612502114,0.0 -79.07075188528674,33.80843832252856,0.0 -79.0707175311336,33.80841177650739,0.0 -79.07068540313844,33.80838769095098,0.0 -79.07065772228101,33.80836722149044,0.0 -79.0706377001902,33.808350204540154,0.0 -79.07062778463195,33.808336097822874,0.0 -79.07062814815649,33.8083248705182,0.0 -79.07063651874469,33.8083172164396,0.0 -79.07064944927419,33.80831395089363,0.0 -79.07066401851552,33.808315117701284,0.0 -79.07067881257167,33.80831943433342,0.0 -79.07069382139089,33.80832450211306,0.0 -79.07070979145693,33.808327586998004,0.0 -79.07072778167608,33.80832645683429,0.0 -79.07074909332516,33.808319852963,0.0 -79.0707698751134,33.8083100131551,0.0 -79.07077028207686,33.808307971804645,0.0 -79.0707815828256,33.80828121139222,0.0 -79.07079767956064,33.808254720314686,0.0 -79.07081689606638,33.808229657131676,0.0 -79.07083779812311,33.808206943427535,0.0 -79.0708594123085,33.808187011577225,0.0 -79.07088118001852,33.808169827946294,0.0 -79.07090275351834,33.80815489541956,0.0 -79.07092376311078,33.8081411707152,0.0 -79.07094376316348,33.80812722008288,0.0 -79.0709623148819,33.80811185632439,0.0 -79.0709792153179,33.80809481475324,0.0 -79.07099470334778,33.80807683735906,0.0 -79.07100938904138,33.808059025763356,0.0 -79.07102394897835,33.808042132224436,0.0 -79.0710387490504,33.808026353715036,0.0 -79.07105379409826,33.80801167822045,0.0 -79.07106900736414,33.80799829989624,0.0 -79.07108452604517,33.807986682852885,0.0 -79.07109227193517,33.807982100032646,0.0 -79.07110069694876,33.807977111266794,0.0 -79.07111784296636,33.80796899365421,0.0 -79.07113615148178,33.807960498949996,0.0 -79.07115504565128,33.80794942916777,0.0 -79.07115724396704,33.80794746581572,0.0 -79.07117526566832,33.80792962906706,0.0 -79.07119097820583,33.80791132751295,0.0 -79.07120474180515,33.8078921880007,0.0 -79.07121749566619,33.80787174762044,0.0 -79.07123034017658,33.807849847433104,0.0 -79.07124436323902,33.8078271532976,0.0 -79.07126053198816,33.80780544357228,0.0 -79.07127950029533,33.8077873168758,0.0 -79.07130137535755,33.80777536451451,0.0 -79.07132562945998,33.80777115434122,0.0 -79.07135124832162,33.80777455794482,0.0 -79.07137704758925,33.80778377934196,0.0 -79.07140196794366,33.807796138033524,0.0 -79.071425285147,33.8078094023816,0.0 -79.07144663748292,33.80782295225225,0.0 -79.07146602123093,33.80783798659797,0.0 -79.07148373232364,33.807856471729764,0.0 -79.07150021884205,33.80787947163137,0.0 -79.07151589424646,33.807906152691125,0.0 -79.07153098349602,33.80793418378259,0.0 -79.0715456497352,33.80796103637758,0.0 -79.07156031122058,33.807984915427724,0.0 -79.07157580778234,33.80800455939718,0.0 -79.07159309172782,33.80801847059569,0.0 -79.07161184601192,33.80802450134437,0.0 -79.07161343373397,33.808027282838204,0.0 -79.0716500080303,33.80809131650583,0.0 -79.07167371832988,33.80816100465023,0.0 -79.07166900262138,33.808224482677524,0.0 -79.07171031373973,33.80833381494621,0.0 -79.07170700546278,33.808440666167215,0.0 -79.07171155997587,33.808511361038796,0.0 -79.07171491387136,33.80851356292672,0.0 -79.07172634846481,33.808527790834006,0.0 -79.07173425801199,33.808544836861635,0.0 -79.0717408243979,33.80856385832564,0.0 -79.0717489379122,33.80858448304495,0.0 -79.07176090787735,33.80860640738642,0.0 -79.07177760721221,33.80862897127892,0.0 -79.07179823123866,33.80865121979661,0.0 -79.07182060237575,33.80867252121218,0.0 -79.07184182020751,33.80869310707048,0.0 -79.07185031532502,33.80870325470136,0.0 -79.07185201784134,33.80870424893697,0.0 -79.07187405759544,33.80872022036284,0.0 -79.07189130512246,33.808739400603706,0.0 -79.0719025813235,33.808762980033514,0.0 -79.07190838395852,33.80879120971157,0.0 -79.07191073686613,33.80882300437615,0.0 -79.07191235135375,33.808856162899545,0.0 -79.07191533927625,33.80888813709767,0.0 -79.07192028806713,33.80891702056983,0.0 -79.07192612667481,33.80894221180273,0.0 -79.07193062602978,33.80896451648709,0.0 -79.07193113854458,33.80898562228471,0.0 -79.07192893886365,33.80899380483841,0.0 -79.07192666889858,33.809022755875155,0.0 -79.07191665669023,33.80905425236257,0.0 -79.0719000024128,33.809079726094225,0.0 -79.07187802752549,33.80909956376584,0.0 -79.07185228413492,33.80911537118316,0.0 -79.07182418205583,33.809129111388,0.0 -79.0717949760806,33.809142324326395,0.0 -79.07176587122458,33.80915578231406,0.0 -79.07173794745096,33.80916960165613,0.0 -79.07171196960537,33.809183555521145,0.0 -79.0716883172273,33.80919738456301,0.0 -79.07166693623132,33.80921095709374,0.0 -79.0716471765003,33.80922426867275,0.0 -79.07162748761392,33.809237307009134,0.0 -79.07160560663536,33.80924995154939,0.0 -79.07157952665646,33.809262088740205,0.0 -79.07154881833077,33.8092738923402,0.0 -79.07151518509738,33.8092860038738,0.0 -79.07148165015128,33.80929933309415,0.0 -79.07145092319422,33.8093145250687,0.0 -79.07142419352347,33.8093314440281,0.0 -79.07140100268509,33.80934909357233,0.0 -79.07137996459389,33.80936610436917,0.0 -79.07135970104825,33.809381480197835,0.0 -79.07133949171794,33.80939509799711,0.0 -79.07131935297235,33.80940766588661,0.0 -79.07129954181892,33.80942021681817,0.0 -79.07127983878758,33.809433475815986,0.0 -79.07125932783254,33.80944744633707,0.0 -79.07123686390031,33.80946131947056,0.0 -79.07121185944975,33.809473698653015,0.0 -79.07118458472956,33.809482965163355,0.0 -79.07115586144593,33.80948769290766,0.0 -79.07112668276761,33.80948697044682,0.0 -79.0710981617697,33.809480596157066,0.0 -79.07107158224487,33.80946913395484,0.0 -79.07104806359149,33.809453828194194,0.0 -79.07102794492299,33.809436402404486,0.0 -79.07101046228765,33.80941868045731,0.0 -79.07099413561532,33.80940205094979,0.0 -79.07097763082295,33.809387028341106,0.0 -79.07096043265929,33.809373188921256,0.0 -79.07094294678829,33.8093595478741,0.0 -79.0709260670796,33.8093451272195,0.0 -79.07091063746843,33.80932926805689,0.0 -79.07089717083215,33.80931153617946,0.0 -79.07088603400632,33.809291412091,0.0 -79.0708784467438,33.80926983308474,0.0 -79.07087788172956,33.80926822250865,0.0 -79.07087395348277,33.809241632666165,0.0 -79.07087579253285,33.80921237950922,0.0 -79.07088441041476,33.809182533524535,0.0 -79.07089950136401,33.80915484037688,0.0 -79.07091929060161,33.809131545315324,0.0 -79.07094125000539,33.80911358795857,0.0 -79.07096308990977,33.809100671902314,0.0 -79.0709834773739,33.80909180125652,0.0 -79.07100214246421,33.80908557284534,0.0 -79.07101942093092,33.809080139388016,0.0 -79.07103559031225,33.809073363975884,0.0 -79.07105013107936,33.80906356456289,0.0 -79.07106110880385,33.809050478268325,0.0 -79.07106497525062,33.80903553383672,0.0 -79.0710573489503,33.809021093318634,0.0 -79.07103518368596,33.809009054492684,0.0 -79.07099956147283,33.808999630363125,0.0 -79.0709569972001,33.80899099949528,0.0 -79.07091751265008,33.80898015113754,0.0 -79.07089018237781,33.80896461448023,0.0 -79.07087914383642,33.808944001123336,0.0 -79.07088276270268,33.80892015698332,0.0 -79.07089599052408,33.80889580455917,0.0 -79.0709036504036,33.80888590263884,0.0 -79.0709137217439,33.80887287671307,0.0 -79.07093283021396,33.80885185344687,0.0 -79.07095232597528,33.80883233349402,0.0 -79.0709723979222,33.80881395379054,0.0 -79.07099342176303,33.8087968109091,0.0 -79.07101544705381,33.8087812441214,0.0 -79.0710381438368,33.80876739734676,0.0 -79.07106105108194,33.80875494766454,0.0 -79.07108391753171,33.80874318944765,0.0 -79.07110692565601,33.80873133944593,0.0 -79.07113072210457,33.808718907785455,0.0</coordinates>
                    </LinearRing>
                </outerBoundaryIs>
            </Polygon>
        </Placemark>
        <Placemark id="418878">
            <name>Wetland_45482</name>
            <styleUrl>#418883</styleUrl>
            <Polygon id="418877">
                <outerBoundaryIs>
                    <LinearRing id="418881">
                        <coordinates>-79.07266265084152,33.81208092631855,0.0 -79.07266379924945,33.8120796540945,0.0 -79.07266487906593,33.812078341702176,0.0 -79.07266588650046,33.81207699130833,0.0 -79.07266682097465,33.812075605555435,0.0 -79.07266767850527,33.81207418749127,0.0 -79.07266845977755,33.812072739036026,0.0 -79.07266916294958,33.812071263554536,0.0 -79.07266978510889,33.81206976425304,0.0 -79.07267032567718,33.81206824377408,0.0 -79.07267078407612,33.812066704760184,0.0 -79.07267115972742,33.81206514985397,0.0 -79.07267145147453,33.812063584340414,0.0 -79.07267165805395,33.81206200894184,0.0 -79.0726717797653,33.8120604273403,0.0 -79.0726718169084,33.81205884321761,0.0 -79.07267176783404,33.81205725905777,0.0 -79.07267163391278,33.812055678701434,0.0 -79.07267141475909,33.812054103910135,0.0 -79.07267111155066,33.81205253940542,0.0 -79.07267072390191,33.81205098694886,0.0 -79.0726702531833,33.81204945038107,0.0 -79.07266970095809,33.81204793266168,0.0 -79.07266906664793,33.81204643643327,0.0 -79.07266835288685,33.81204496481412,0.0 -79.07266756016728,33.81204352060538,0.0 -79.07266669112313,33.812042106925205,0.0 -79.07266574643971,33.812040725694004,0.0 -79.07266472855815,33.81203938091079,0.0 -79.0726636383565,33.81203807361507,0.0 -79.0726624804174,33.81203680812301,0.0 -79.07266125435532,33.812035586196416,0.0 -79.07265996426061,33.81203440935035,0.0 -79.07265861150357,33.81203328142545,0.0 -79.07265720036727,33.812032203055935,0.0 -79.07265573115141,33.812031177923735,0.0 -79.07265420920974,33.81203020682188,0.0 -79.07265263629823,33.81202929182913,0.0 -79.07265101612158,33.812028436222306,0.0 -79.07264935101406,33.812027639437666,0.0 -79.0724890710021,33.81195492563173,0.0 -79.07246714723584,33.81192770066739,0.0 -79.07245799806587,33.81192269171668,0.0 -79.07243662456601,33.81191200103319,0.0 -79.07241341737254,33.811900996031206,0.0 -79.07238797666156,33.81188922554519,0.0 -79.07236013825249,33.81187649520091,0.0 -79.072330055715,33.811862810461605,0.0 -79.0722980065065,33.81184813602796,0.0 -79.07226413497514,33.811832256833036,0.0 -79.07222858022274,33.8118149615801,0.0 -79.0721920141629,33.811796473457505,0.0 -79.07215608036974,33.81177767246094,0.0 -79.07212307091129,33.81175981927432,0.0 -79.07209492391326,33.81174393300983,0.0 -79.07207230965031,33.81173029482196,0.0 -79.07205444047167,33.811718387016086,0.0 -79.07203961349398,33.811707120744316,0.0 -79.07202603766034,33.81169512309812,0.0 -79.07201245930804,33.81168094979848,0.0 -79.07199842994805,33.81166344769174,0.0 -79.07198416732335,33.81164227344505,0.0 -79.07197011691761,33.81161830603762,0.0 -79.07195647879706,33.81159344482094,0.0 -79.07194302433572,33.81156970935373,0.0 -79.07192936167655,33.81154821836013,0.0 -79.07191800061806,33.81153239458599,0.0 -79.07187996058708,33.81151217660413,0.0 -79.07184895074407,33.811470427665476,0.0 -79.07185546577125,33.81141772084081,0.0 -79.0719154532084,33.811372935461726,0.0 -79.07193130182793,33.811346382086214,0.0 -79.07200373042325,33.81133646770107,0.0 -79.07200635482016,33.81133658357037,0.0 -79.07202397028718,33.81133025860079,0.0 -79.07205379757536,33.81132088790282,0.0 -79.07208427025802,33.811312093855626,0.0 -79.07211696645898,33.81130352999101,0.0 -79.07215404525722,33.8112950895694,0.0 -79.07219691337676,33.8112867799518,0.0 -79.07224486812454,33.81127868530565,0.0 -79.07229481072983,33.81127101873083,0.0 -79.07234260481896,33.81126422888193,0.0 -79.07238532444813,33.811258991885836,0.0 -79.07240100178272,33.811257724349076,0.0 -79.07243646094584,33.811239545320554,0.0 -79.07244968389331,33.81122498901846,0.0 -79.07248283491394,33.81123402650256,0.0 -79.0725388719343,33.81125624308073,0.0 -79.07254491770824,33.8112562981847,0.0 -79.0726007755552,33.811254601978426,0.0 -79.07266265450822,33.81124956786889,0.0 -79.072724405437,33.811241138177834,0.0 -79.07277965509866,33.81123017327728,0.0 -79.07282469477802,33.81121780448509,0.0 -79.07285955580237,33.81120490401634,0.0 -79.07288693262662,33.81119200005806,0.0 -79.07291022271788,33.81117945936409,0.0 -79.07293198553475,33.811167613698565,0.0 -79.07295356723397,33.81115668152222,0.0 -79.07297549385207,33.81114665343792,0.0 -79.0729980182414,33.81113731862689,0.0 -79.07302137665936,33.811128395608016,0.0 -79.07304568558803,33.81111965518524,0.0 -79.07307071929769,33.811110926609125,0.0 -79.0730959317992,33.81110203262429,0.0 -79.07312088674898,33.811092739461955,0.0 -79.07314590586965,33.81108277920783,0.0 -79.07316842066578,33.81107357390087,0.0 -79.07318836642892,33.811037135484256,0.0 -79.07321218555562,33.811020019709936,0.0 -79.07326302868948,33.81103885404876,0.0 -79.07326743218029,33.81103735637306,0.0 -79.07329995799239,33.81102633161105,0.0 -79.07332879403194,33.8110154979254,0.0 -79.07335323602497,33.81100418901279,0.0 -79.07337430597089,33.81099169503048,0.0 -79.07339367978304,33.81097767215671,0.0 -79.07341255398983,33.81096231032249,0.0 -79.07343120296751,33.81094609849367,0.0 -79.07343637157047,33.81094132662234,0.0 -79.0734417150655,33.810944105900035,0.0 -79.07344337193423,33.81094492510072,0.0 -79.07344507090592,33.81094568324127,0.0 -79.07344681041744,33.81094637736204,0.0 -79.07344858472948,33.81094700843185,0.0 -79.07345039120823,33.81094757333246,0.0 -79.07345222771208,33.81094807174669,0.0 -79.07345408800941,33.81094850184235,0.0 -79.07345597083672,33.810948864341604,0.0 -79.0734578701551,33.810949156531436,0.0 -79.073459784701,33.810949379134094,0.0 -79.07346170892804,33.81094953223754,0.0 -79.07346363874592,33.81094961432674,0.0 -79.07346557201323,33.81094962508445,0.0 -79.07346750406148,33.81094956563816,0.0 -79.07346943041497,33.81094943623437,0.0 -79.07347134805424,33.810949235516574,0.0 -79.07347325231082,33.8109489646122,0.0 -79.07347514065766,33.810948624965846,0.0 -79.07347700881188,33.81094821594316,0.0 -79.07347885298297,33.81094773971094,0.0 -79.07348066995873,33.81094719579364,0.0 -79.0734824548779,33.810946586199435,0.0 -79.07348420540627,33.810945911492055,0.0 -79.07348591775336,33.81094517383831,0.0 -79.07348758851424,33.81094437364338,0.0 -79.07348921477632,33.81094351411352,0.0 -79.073490792064,33.81094259549532,0.0 -79.07349231892096,33.810941619391826,0.0 -79.07349379136399,33.81094058885087,0.0 -79.07349520579537,33.81093950515835,0.0 -79.0734965614441,33.810938371837686,0.0 -79.07349785276375,33.810937188976936,0.0 -79.07349908005399,33.81093596025801,0.0 -79.07350023952436,33.81093468784773,0.0 -79.0735013295259,33.810933374230146,0.0 -79.07350234626809,33.810932021572135,0.0 -79.07350329005071,33.81093063355552,0.0 -79.07350415708326,33.81092921234732,0.0 -79.07350494678751,33.810927760589955,0.0 -79.07350565625092,33.8109262814897,0.0 -79.07350628577328,33.81092477872859,0.0 -79.07350683302032,33.81092325287037,0.0 -79.07350729790629,33.81092170935858,0.0 -79.07350767878216,33.81092015067727,0.0 -79.07350797399899,33.81091857931049,0.0 -79.07350818512,33.8109169982178,0.0 -79.07350831011065,33.81091541164493,0.0 -79.07350834858545,33.810913821353665,0.0 -79.07350830172214,33.810912232065284,0.0 -79.07350816806449,33.81091064538295,0.0 -79.07350795005368,33.810909065305786,0.0 -79.07350764584795,33.810907495198606,0.0 -79.07350725720332,33.81090593714029,0.0 -79.07350678441948,33.810904394812766,0.0 -79.07350622886692,33.81090287205657,0.0 -79.07350559230161,33.810901370950575,0.0 -79.0735048741453,33.810899894137286,0.0 -79.07350432772789,33.810898779233725,0.0 -79.07350371188309,33.81089768860547,0.0 -79.07350302924489,33.81089662537076,0.0 -79.07350228030568,33.81089559233065,0.0 -79.0735014676995,33.81089459260355,0.0 -79.07350070214224,33.810893569834,0.0 -79.0734998739887,33.81089258053588,0.0 -79.07349898587286,33.81089162782758,0.0 -79.07349803847997,33.81089071362925,0.0 -79.07349703570746,33.81088984033696,0.0 -79.0734960718892,33.810888935528254,0.0 -79.07349505356932,33.81088807266495,0.0 -79.07349398231102,33.810887254706735,0.0 -79.07349286132654,33.81088648212938,0.0 -79.07349169324976,33.81088575805105,0.0 -79.07350106042112,33.81087582783997,0.0 -79.07351933060094,33.810857441921,0.0 -79.07353846673624,33.8108394279601,0.0 -79.07355783957934,33.8108215345349,0.0 -79.07357673545586,33.81080297663667,0.0 -79.0735947755089,33.81078309613976,0.0 -79.07361190996595,33.810762100290944,0.0 -79.0736281288663,33.81074116619204,0.0 -79.07364334677762,33.81072181079467,0.0 -79.07365756640198,33.81070498663645,0.0 -79.07367114095865,33.810690595066994,0.0 -79.07368473552563,33.81067765785505,0.0 -79.07369908341244,33.81066493041735,0.0 -79.07371464927192,33.81065154215958,0.0 -79.07373154287849,33.81063731472739,0.0 -79.07374964149443,33.81062269282621,0.0 -79.0737688093155,33.8106083374813,0.0 -79.07378901652469,33.81059464259176,0.0 -79.07381038925787,33.810581435863654,0.0 -79.07383320369158,33.81056803613575,0.0 -79.07385774099396,33.810553592928954,0.0 -79.07388391641462,33.81053746802764,0.0 -79.07391088664318,33.810519418323274,0.0 -79.07393704929717,33.81049958300786,0.0 -79.07396064917641,33.81047835509991,0.0 -79.07398063590401,33.81045622563038,0.0 -79.07399707999458,33.8104335897175,0.0 -79.07401089705596,33.81041055203506,0.0 -79.07402321539136,33.81038684134538,0.0 -79.07403116583367,33.810369911755224,0.0 -79.07403487645576,33.81036201206872,0.0 -79.07404633758392,33.81033587366352,0.0 -79.07405777000184,33.8103087752312,0.0 -79.07406925640105,33.810281485634476,0.0 -79.0740725751868,33.81027387621854,0.0 -79.0740809582382,33.810254656266146,0.0 -79.07409330857998,33.81022839945674,0.0 -79.0741070960677,33.81020237456981,0.0 -79.07412118946955,33.81017977611628,0.0 -79.0741282986781,33.81013595025247,0.0 -79.07417528732799,33.81011783764326,0.0 -79.07418834731317,33.81010628171253,0.0 -79.0742122432757,33.81008837780541,0.0 -79.0742357086756,33.81007300736605,0.0 -79.07425945980188,33.81005930159693,0.0 -79.0742853443569,33.81004667201391,0.0 -79.07431580341289,33.81003498085105,0.0 -79.0743534354568,33.8100243055331,0.0 -79.07440040256837,33.81001459610584,0.0 -79.07444513603686,33.810007481411816,0.0 -79.07445738035774,33.81000553337611,0.0 -79.07452231450559,33.809996593948924,0.0 -79.07459026276547,33.80998720144242,0.0 -79.07465493013146,33.80997692473225,0.0 -79.07471114136578,33.80996562584297,0.0 -79.07475645030416,33.80995347090681,0.0 -79.07479101952778,33.80994076774273,0.0 -79.07481638514896,33.80992779112134,0.0 -79.07483420900495,33.80991472620942,0.0 -79.07484566382395,33.80990169483617,0.0 -79.07485153631562,33.80988868345815,0.0 -79.0748528253226,33.80987545167648,0.0 -79.07485144438834,33.80986162536304,0.0 -79.07485047358949,33.80984706133522,0.0 -79.0748534851034,33.809832216731564,0.0 -79.07486320914704,33.80981811787803,0.0 -79.07488037819559,33.80980592359153,0.0 -79.07490354297252,33.809796467787535,0.0 -79.07493000648901,33.80979006768729,0.0 -79.07495722393209,33.80978648649216,0.0 -79.07498371845504,33.80978480981949,0.0 -79.07500921722216,33.80978345038762,0.0 -79.07503415058464,33.80978061312253,0.0 -79.07505909204613,33.80977510161381,0.0 -79.07508436931062,33.80976681251994,0.0 -79.07510985320182,33.80975640693916,0.0 -79.07513485849536,33.80974453092468,0.0 -79.07515837965019,33.80973129384338,0.0 -79.07517953558789,33.80971644336641,0.0 -79.07519802905372,33.80969994366185,0.0 -79.07521431911063,33.80968241471134,0.0 -79.07522936879018,33.80966502764653,0.0 -79.07524413251555,33.809648977786985,0.0 -79.07525909894487,33.80963502772342,0.0 -79.0752741703652,33.80962357857947,0.0 -79.07528896315938,33.80961520648713,0.0 -79.07530325993041,33.809610950520444,0.0 -79.07531574754587,33.80961164384595,0.0 -79.07533079142883,33.80959429319846,0.0 -79.07535355223088,33.80956882854706,0.0 -79.07537563208695,33.80954660235302,0.0 -79.0753974832308,33.80952763429452,0.0 -79.0754189849722,33.80951136450097,0.0 -79.07543979720725,33.80949696780657,0.0 -79.07545981682495,33.80948359684758,0.0 -79.07547929428718,33.80947043024441,0.0 -79.07549692006029,33.809457845182884,0.0 -79.07549855125791,33.80945667989602,0.0 -79.07551216488856,33.80944602246956,0.0 -79.07551277260596,33.80944526581371,0.0 -79.0755163877593,33.8094427173855,0.0 -79.07551767317814,33.80944171278481,0.0 -79.07553657524463,33.80942518897156,0.0 -79.0755553578038,33.80940698326896,0.0 -79.07557450120099,33.80938702221203,0.0 -79.07559471778534,33.809365424924785,0.0 -79.07561669474566,33.80934278423692,0.0 -79.0756244890948,33.80932977914507,0.0 -79.07563683546772,33.809314864518065,0.0 -79.07565271246935,33.809300010724876,0.0 -79.0756713659717,33.80928576449615,0.0 -79.07569160128911,33.80927251365853,0.0 -79.07571196956684,33.80926014552117,0.0 -79.07572421464477,33.80925231734367,0.0 -79.07579007939509,33.80923093546772,0.0 -79.07579186997464,33.809230314860976,0.0 -79.07579362509148,33.80922962898301,0.0 -79.0757953409553,33.80922888000077,0.0 -79.07579701435394,33.809228067438646,0.0 -79.07579864218233,33.80922719538379,0.0 -79.07580022122835,33.809226263360564,0.0 -79.07580174750893,33.809225274416704,0.0 -79.0758032193751,33.80922423103637,0.0 -79.07580463215866,33.8092231343469,0.0 -79.07580598440342,33.80922198595162,0.0 -79.07580727300424,33.809220789937584,0.0 -79.07580849436359,33.80921954759098,0.0 -79.075809648096,33.809218260673426,0.0 -79.07581072983297,33.809216933994485,0.0 -79.07581173957453,33.80921556755407,0.0 -79.07581267295221,33.80921416616179,0.0 -79.07581353065119,33.80921273173782,0.0 -79.0758143086885,33.80921126733,0.0 -79.07581500648597,33.80920977558082,0.0 -79.07581562220196,33.80920825985523,0.0 -79.07581615525838,33.80920672279577,0.0 -79.07581660400622,33.80920516688651,0.0 -79.07581696835997,33.80920359757102,0.0 -79.07581724598549,33.80920201541318,0.0 -79.07581743806053,33.809200425134264,0.0 -79.07581754419968,33.80919882849606,0.0 -79.0758175621759,33.80919723062517,0.0 -79.07581749393789,33.80919563271945,0.0 -79.07581733959277,33.8091940393418,0.0 -79.0758170983697,33.80919245401568,0.0 -79.07581677095388,33.80919087866126,0.0 -79.07581635890865,33.809189316238225,0.0 -79.0758158612704,33.80918777115091,0.0 -79.0758152808658,33.80918624563659,0.0 -79.07581461799468,33.809184743377344,0.0 -79.07581387441311,33.80918326645186,0.0 -79.07581305149154,33.80918181870072,0.0 -79.07581215079335,33.809180403083595,0.0 -79.07581117319644,33.80917902063986,0.0 -79.07581012202014,33.809177676407955,0.0 -79.07580899902044,33.809176372466794,0.0 -79.0758078059533,33.80917511089509,0.0 -79.07580654671618,33.80917389408874,0.0 -79.07580522160889,33.80917272572975,0.0 -79.07580383384361,33.809171606293795,0.0 -79.07580238712498,33.80917053905763,0.0 -79.07580088427981,33.809169526258486,0.0 -79.07579932706403,33.80916856997532,0.0 -79.07579772063858,33.80916767188171,0.0 -79.07579606568859,33.80916683389778,0.0 -79.07579436756778,33.80916605681642,0.0 -79.07579262891008,33.809165343755744,0.0 -79.07579085399837,33.80916469535001,0.0 -79.07578904478136,33.80916411279712,0.0 -79.07578720554196,33.80916359673131,0.0 -79.07579350234984,33.809149033981534,0.0 -79.07580583750422,33.80913105302391,0.0 -79.07582470554621,33.80911306728991,0.0 -79.07585014844314,33.809095046615646,0.0 -79.07588001517054,33.809077783761666,0.0 -79.07591107389011,33.809062828115806,0.0 -79.07594062656361,33.80905175991361,0.0 -79.07595954388923,33.80904717500924,0.0 -79.07597269626721,33.80904064609368,0.0 -79.07600168662422,33.809027151105866,0.0 -79.07602974348774,33.80901455277494,0.0 -79.07605593756807,33.80900325367712,0.0 -79.07607973334648,33.80899400388348,0.0 -79.07610131306983,33.80898756698998,0.0 -79.07612162655508,33.80898430553258,0.0 -79.07614200185301,33.80898399511209,0.0 -79.07616349750887,33.80898588489624,0.0 -79.07618644618239,33.80898887375975,0.0 -79.07619139876141,33.808989483427354,0.0 -79.07619365434202,33.80898871796227,0.0 -79.07622542748679,33.808979727251895,0.0 -79.07625460662295,33.808973902702384,0.0 -79.07628014000129,33.80897198433219,0.0 -79.0763011747027,33.80897459155165,0.0 -79.07630306992381,33.80897552876335,0.0 -79.07630149786975,33.80897644909591,0.0 -79.07629997643986,33.808977426031745,0.0 -79.07629851049512,33.80897845756246,0.0 -79.07629710042094,33.80897954192631,0.0 -79.07629575127112,33.808980676233986,0.0 -79.07629446343104,33.8089818587239,0.0 -79.0762932417617,33.808983087387595,0.0 -79.07629208791204,33.80898435974102,0.0 -79.07629100265288,33.80898567226074,0.0 -79.07628998958184,33.80898702366078,0.0 -79.0762890516112,33.80898841073472,0.0 -79.0762881882484,33.80898983068139,0.0 -79.07628740240575,33.808991280294606,0.0 -79.07628669661013,33.808992758129605,0.0 -79.07628607075436,33.8089942596236,0.0 -79.0762855264874,33.8089957822926,0.0 -79.0762850641946,33.80899732437487,0.0 -79.07628468717375,33.80899888090234,0.0 -79.07628439366889,33.8090004497962,0.0 -79.07628418445081,33.80900202753309,0.0 -79.07628406116842,33.80900361162894,0.0 -79.07628402439991,33.809005199441124,0.0 -79.07628407189664,33.809006786089796,0.0 -79.07628420618558,33.80900837013033,0.0 -79.07628442501807,33.80900994668281,0.0 -79.07628472965763,33.80901151502486,0.0 -79.07628511804836,33.809013069395775,0.0 -79.07628559038302,33.80901460891472,0.0 -79.07628614422029,33.80901612958249,0.0 -79.07628678033107,33.80901762787582,0.0 -79.07628749695938,33.80901910171583,0.0 -79.0762882925419,33.8090205481429,0.0 -79.07628916551539,33.80902196419734,0.0 -79.0762901132458,33.80902334676088,0.0 -79.07629113504785,33.809024693913386,0.0 -79.07629222848031,33.809026001655695,0.0 -79.07629339178716,33.80902726790913,0.0 -79.07629462194897,33.809028491317086,0.0 -79.07629591652443,33.80902966788047,0.0 -79.07629727463556,33.80903079656001,0.0 -79.07629869150688,33.809031873920354,0.0 -79.0763001651897,33.80903289876353,0.0 -79.07630169285734,33.80903386885224,0.0 -79.07630327061234,33.809034781790544,0.0 -79.0763048965059,33.80903563638052,0.0 -79.07630656751871,33.80903643126569,0.0 -79.07630827994595,33.80903716316931,0.0 -79.07631002911933,33.80903783321888,0.0 -79.07631181366831,33.80903843757387,0.0 -79.07631362804656,33.80903897632251,0.0 -79.07631547030535,33.80903944826674,0.0 -79.0763173372325,33.80903985293104,0.0 -79.07631922259647,33.809040188483245,0.0 -79.0763211253265,33.809040454764784,0.0 -79.07632303987627,33.80904065186384,0.0 -79.07632496322638,33.80904077842386,0.0 -79.07631767538541,33.80906926911862,0.0 -79.07630639462528,33.80910109533136,0.0 -79.07629292064426,33.809133098772925,0.0 -79.07627818916144,33.8091637056103,0.0 -79.07626318120477,33.809192453631766,0.0 -79.07624899876227,33.80921965151425,0.0 -79.07623681697575,33.80924568788071,0.0 -79.07622768566792,33.80927068544319,0.0 -79.07622230143107,33.80929467368733,0.0 -79.07622060717989,33.80931780239487,0.0 -79.0762213855756,33.80934023960868,0.0 -79.07622191973101,33.809355128163205,0.0 -79.07626437713996,33.80938711162949,0.0 -79.07625912768874,33.80941110527889,0.0 -79.07621324074933,33.80943733893686,0.0 -79.07617049839546,33.80944319219813,0.0 -79.07614947948497,33.809459105277185,0.0 -79.0761256545849,33.80947650076501,0.0 -79.07610442386624,33.80949230062947,0.0 -79.07608583684251,33.809506541303875,0.0 -79.0760686144581,33.80951974363101,0.0 -79.07605131420014,33.80953248336629,0.0 -79.07603318742244,33.809545049787836,0.0 -79.0760143114531,33.809557518912506,0.0 -79.07599521574431,33.8095700273391,0.0 -79.07597647223677,33.80958292166233,0.0 -79.07595888326686,33.80959626339585,0.0 -79.07594946020225,33.80960428393724,0.0 -79.0759204238211,33.8096747164846,0.0 -79.07585421813909,33.80970207089844,0.0 -79.07583518638373,33.8097070062565,0.0 -79.07582714112878,33.80971287730074,0.0 -79.07581002091963,33.80972453602886,0.0 -79.07579291751051,33.80973545608738,0.0 -79.07577648569278,33.80974554982807,0.0 -79.07576121258442,33.809754995780324,0.0 -79.07574729036179,33.80976406248094,0.0 -79.07573459133212,33.80977296473618,0.0 -79.07572277097988,33.80978181704148,0.0 -79.07571144658525,33.80979066093988,0.0 -79.07570034736182,33.80979950635117,0.0 -79.07568932364353,33.80980835021064,0.0 -79.07567831831777,33.80981719588339,0.0 -79.07566731727243,33.809826042189286,0.0 -79.07565631515392,33.8098348883354,0.0 -79.075645311384,33.80984373696438,0.0 -79.07563428857416,33.8098526018705,0.0 -79.07562318590726,33.8098615286117,0.0 -79.0756118576793,33.80987063747797,0.0 -79.07559988474478,33.80988027290225,0.0 -79.07559882754288,33.809883063698486,0.0 -79.07553669119632,33.809933433445124,0.0 -79.07552556579071,33.80994365633515,0.0 -79.07552445547086,33.80994472960617,0.0 -79.07548119300597,33.810030783238815,0.0 -79.07543268154107,33.81006901396054,0.0 -79.07535956360213,33.81008562500301,0.0 -79.07530065944727,33.81009900626523,0.0 -79.07527228793889,33.81009518061657,0.0 -79.07526104989701,33.810098314455175,0.0 -79.07522603583487,33.81010781174888,0.0 -79.07519228456239,33.810117504211426,0.0 -79.07515942196574,33.810128091241765,0.0 -79.07512655104928,33.810140115692754,0.0 -79.07509320201702,33.8101536735065,0.0 -79.07506007431242,33.810168260782035,0.0 -79.07502888470489,33.8101829477104,0.0 -79.07500138694942,33.810196898171974,0.0 -79.0749782751622,33.81020989030133,0.0 -79.07495887056432,33.81022249017165,0.0 -79.07494167258695,33.810235756003955,0.0 -79.07492523522389,33.81025068862184,0.0 -79.07490863449476,33.81026772684688,0.0 -79.07489142159125,33.81028649684352,0.0 -79.07487336817229,33.81030592536096,0.0 -79.0748728432322,33.81030644509835,0.0 -79.07487659092119,33.81031694701552,0.0 -79.07486784108418,33.810356935982746,0.0 -79.07481757623876,33.81040316233726,0.0 -79.07475749689942,33.81040252290867,0.0 -79.07472980388327,33.810420426641755,0.0 -79.07471893040793,33.81042895165633,0.0 -79.07470359911763,33.81044062235486,0.0 -79.07468710161874,33.810452585965095,0.0 -79.07466987931409,33.81046434584575,0.0 -79.07465244759284,33.81047569367705,0.0 -79.0746351874202,33.8104869950678,0.0 -79.07461825468812,33.81049916430939,0.0 -79.07460162602386,33.810513288304506,0.0 -79.07458529182709,33.81053002221419,0.0 -79.0745700014916,33.81054841665869,0.0 -79.0745630570628,33.81058015376645,0.0 -79.07454769688064,33.81062742113213,0.0 -79.07450715464698,33.81067508897563,0.0 -79.07444318400977,33.81071515784925,0.0 -79.07438358963735,33.810735231508815,0.0 -79.0743819349121,33.810735695794875,0.0 -79.07437207948469,33.8107436194748,0.0 -79.0743610540693,33.81075248481259,0.0 -79.07434995200718,33.81076141246018,0.0 -79.07433862174442,33.810770519111884,0.0 -79.07432678465052,33.810780017227316,0.0 -79.07431405827522,33.81079016936802,0.0 -79.07431078394366,33.81079274095833,0.0 -79.07430513250586,33.810818568407285,0.0 -79.07425399411247,33.81086879387124,0.0 -79.07418516203033,33.810908142719015,0.0 -79.07414322450289,33.81091045423208,0.0 -79.07413846078249,33.81091441670561,0.0 -79.07412444500734,33.81092671775822,0.0 -79.07410905003974,33.810941068047384,0.0 -79.07409625947987,33.81095364511411,0.0 -79.07408064964063,33.81099587835326,0.0 -79.07405556568692,33.81104170570911,0.0 -79.07399246978646,33.811077774370005,0.0 -79.0739249003215,33.81108841133643,0.0 -79.07389282014255,33.811082517493745,0.0 -79.07389091942221,33.81108376743751,0.0 -79.07386938585373,33.81110267955862,0.0 -79.07386455842551,33.811107539255644,0.0 -79.07387806466429,33.811117380190716,0.0 -79.0738766773678,33.811118456083655,0.0 -79.07387534797627,33.81111958056499,0.0 -79.07387408028018,33.81112075146797,0.0 -79.0738728768065,33.811121967348065,0.0 -79.07387173920424,33.81112322572119,0.0 -79.07387066912243,33.81112452410337,0.0 -79.07386966947344,33.811125859288445,0.0 -79.07386874278438,33.81112722983171,0.0 -79.07386788875544,33.811128632051314,0.0 -79.07386711117711,33.811130063780304,0.0 -79.07386641062763,33.81113152237617,0.0 -79.07386578768525,33.81113300519645,0.0 -79.07386524545524,33.811134508153884,0.0 -79.07386478413034,33.81113603036767,0.0 -79.07386440360351,33.81113756727502,0.0 -79.07386410571655,33.81113911551109,0.0 -79.07386388959148,33.81114067403643,0.0 -79.0738637583335,33.81114223876395,0.0 -79.07386371037941,33.81114380673401,0.0 -79.07386374542942,33.811145374264576,0.0 -79.07386386386911,33.81114693959394,0.0 -79.0738640664694,33.81114849919876,0.0 -79.07386435166713,33.811150050119245,0.0 -79.07386471916254,33.81115158867355,0.0 -79.07386516827037,33.811153112941355,0.0 -79.07386569869091,33.81115461924075,0.0 -79.07386630866813,33.81115610549277,0.0 -79.07386699683164,33.811157567856995,0.0 -79.07386776268885,33.811159003532296,0.0 -79.07386860429106,33.81116041132063,0.0 -79.0738695204606,33.81116178650064,0.0 -79.07387050924865,33.81116312787435,0.0 -79.07387156821402,33.81116443144266,0.0 -79.07387269540799,33.81116569600756,0.0 -79.07387388907459,33.81116691949031,0.0 -79.07387514677254,33.81116809789171,0.0 -79.07387646655309,33.81116923001372,0.0 -79.07387784471159,33.81117031257971,0.0 -79.07387928017728,33.81117134543098,0.0 -79.0738807681747,33.811172325132155,0.0 -79.07388230801858,33.81117324976302,0.0 -79.07388389542594,33.811174118689294,0.0 -79.07388722046647,33.811175846959735,0.0 -79.07381377839144,33.811183424380715,0.0 -79.07377860420402,33.8111967870883,0.0 -79.07377388128782,33.811201790484475,0.0 -79.07374939222282,33.81122889415559,0.0 -79.0737346974075,33.81124592440936,0.0 -79.07359045696181,33.81149301884127,0.0 -79.07359230400884,33.81153044751118,0.0 -79.07349180415005,33.81154741313776,0.0 -79.07347746324317,33.811561966752905,0.0 -79.07346854182343,33.81157105176451,0.0 -79.07347359580118,33.811591309466074,0.0 -79.0734740814545,33.81161202464883,0.0 -79.0734224572458,33.811641535549946,0.0 -79.07339955050098,33.81164005386764,0.0 -79.07339911090442,33.811640491661905,0.0 -79.073379194012,33.81166094084244,0.0 -79.07335909021573,33.811682466346745,0.0 -79.07333854785743,33.81170543013024,0.0 -79.07331743602467,33.811729864641094,0.0 -79.07329745469956,33.81175350261146,0.0 -79.07322985671773,33.81185659413193,0.0 -79.07312298780035,33.81200771873031,0.0 -79.07311357630256,33.81202102803576,0.0 -79.07305271625408,33.812069812485035,0.0 -79.07291190466827,33.8120917404923,0.0 -79.07287606356338,33.81209732256317,0.0 -79.0728257277363,33.81210766303901,0.0 -79.0727727201974,33.81208360734693,0.0 -79.07277023667243,33.812082564771856,0.0 -79.07276762075541,33.812081637180235,0.0 -79.07276493711922,33.81208085233793,0.0 -79.07276219842015,33.81208021302878,0.0 -79.07275941390934,33.812079722441496,0.0 -79.07275659624317,33.81207938335996,0.0 -79.0727537584633,33.812079196806174,0.0 -79.0727509105921,33.812079162445606,0.0 -79.0727480656713,33.812079281300434,0.0 -79.07274523674269,33.81207955439257,0.0 -79.07274243567034,33.81207997802278,0.0 -79.07273967500365,33.812080550412,0.0 -79.07273696564276,33.81208127226509,0.0 -79.07273431808146,33.81208213604229,0.0 -79.07273174769571,33.812083142201935,0.0 -79.07272926138141,33.812084284490076,0.0 -79.07272687031748,33.812085557287155,0.0 -79.07272458529718,33.81208695673527,0.0 -79.07272241788498,33.8120884754532,0.0 -79.07272037497678,33.812090107186975,0.0 -79.0727184666807,33.812091846158495,0.0 -79.07271670047088,33.812093683471275,0.0 -79.07271508431401,33.81209561303001,0.0 -79.07271362480625,33.812097624898875,0.0 -79.0727123272803,33.812099709864256,0.0 -79.07271120077351,33.812101861989355,0.0 -79.07271024565038,33.81210406950611,0.0 -79.07270947838032,33.812106297568334,0.0 -79.07269892656068,33.812104116475915,0.0 -79.07266265084152,33.81208092631855,0.0</coordinates>
                    </LinearRing>
                </outerBoundaryIs>
            </Polygon>
        </Placemark>
        <Placemark id="418887">
            <name>Wetland_45483</name>
            <styleUrl>#418892</styleUrl>
            <Polygon id="418886">
                <outerBoundaryIs>
                    <LinearRing id="418890">
                        <coordinates>-79.06929478872812,33.81154939395475,0.0 -79.06930437167107,33.8115445113163,0.0 -79.06931733974594,33.81154387503244,0.0 -79.06933210352823,33.81154670129198,0.0 -79.06934836145335,33.81155100930669,0.0 -79.06936641835432,33.811554376113584,0.0 -79.06938621340359,33.81155491296793,0.0 -79.06940655527966,33.81155179499683,0.0 -79.06942510425161,33.81154516124022,0.0 -79.06943901725411,33.811535692755434,0.0 -79.06944596600879,33.81152421869783,0.0 -79.06944491187627,33.811511514624826,0.0 -79.06943630359,33.81149816172721,0.0 -79.06942174018528,33.81148450599383,0.0 -79.06940360533312,33.811470717722585,0.0 -79.06938471627534,33.811456900483094,0.0 -79.06936775111795,33.81144316724734,0.0 -79.069354361948,33.81142968725852,0.0 -79.0693444825879,33.81141678810345,0.0 -79.06933653109022,33.81140504572756,0.0 -79.06932842308518,33.811395124434775,0.0 -79.06931865460133,33.81138728433482,0.0 -79.06930676948429,33.81138088220572,0.0 -79.06929321533653,33.81137439835271,0.0 -79.0692788851461,33.81136607622512,0.0 -79.06926460543008,33.81135472053066,0.0 -79.06925074542526,33.811340068582695,0.0 -79.0692371445294,33.8113225712991,0.0 -79.06922338721506,33.81130297558581,0.0 -79.06920927351321,33.81128208392413,0.0 -79.06919504194597,33.81126070554779,0.0 -79.06918120710166,33.81123955508392,0.0 -79.06916816456514,33.81121906762397,0.0 -79.06915588874466,33.81119924392451,0.0 -79.06914392871334,33.81117970981123,0.0 -79.06913165570403,33.811159969278386,0.0 -79.06911861135114,33.81113976799968,0.0 -79.06910478090208,33.81111936024083,0.0 -79.06909061430717,33.8110995438137,0.0 -79.0690767616214,33.81108132350606,0.0 -79.06906372042504,33.81106542597757,0.0 -79.06905161861856,33.81105196384372,0.0 -79.06904025301098,33.81104046139834,0.0 -79.06902926142821,33.81103016929852,0.0 -79.06901826195204,33.81102034255167,0.0 -79.06900686136831,33.81101037363014,0.0 -79.06899469548952,33.81099981026683,0.0 -79.06898155149317,33.81098841268182,0.0 -79.06896756306614,33.81097626706467,0.0 -79.06895323486218,33.81096375464014,0.0 -79.06893924786048,33.81095130457893,0.0 -79.06892610269031,33.8109389983166,0.0 -79.06891388869263,33.81092632163411,0.0 -79.06890228348304,33.81091228281472,0.0 -79.0688907312349,33.81089589102721,0.0 -79.06887866324615,33.810876754648405,0.0 -79.06886572728699,33.810855407155906,0.0 -79.06885201322434,33.81083305408982,0.0 -79.06883811310269,33.81081088443998,0.0 -79.06882504189265,33.810789483254524,0.0 -79.06881401610131,33.8107688734151,0.0 -79.0688062900993,33.81074903612365,0.0 -79.0688030364374,33.810730386979685,0.0 -79.06880521960404,33.81071380729514,0.0 -79.06881354304967,33.81070034069068,0.0 -79.06882870544506,33.81069083546535,0.0 -79.06885192168723,33.81068561981863,0.0 -79.06888505406317,33.810684261190076,0.0 -79.06892978139605,33.810685599596155,0.0 -79.06898599221066,33.81068823530647,0.0 -79.06905075284756,33.810691228101746,0.0 -79.06905621252233,33.81069149122086,0.0 -79.06911892137023,33.81069451469878,0.0 -79.0691851129055,33.810698666978624,0.0 -79.06924556220143,33.81070426121632,0.0 -79.06929881476223,33.81071138206719,0.0 -79.06934536185963,33.810719537574215,0.0 -79.0693868961847,33.81072783263725,0.0 -79.0694256274845,33.8107351159031,0.0 -79.06946363214232,33.810740118045075,0.0 -79.06950240224653,33.81074173417761,0.0 -79.06954273888759,33.81073951640774,0.0 -79.06958487599955,33.810733986826754,0.0 -79.06962849144148,33.81072653638995,0.0 -79.06967245228856,33.81071888155994,0.0 -79.06971484106873,33.81071243434107,0.0 -79.06975379171797,33.810707866826355,0.0 -79.06978866005677,33.81070494536927,0.0 -79.06982041658685,33.810702700622144,0.0 -79.06985093944843,33.8106999002728,0.0 -79.06988192730232,33.81069562190033,0.0 -79.06991438625542,33.81068955164955,0.0 -79.0699488183811,33.81068190575622,0.0 -79.06998544455713,33.81067319528176,0.0 -79.07002415772524,33.81066411642811,0.0 -79.07006441526164,33.81065554732686,0.0 -79.07010550545583,33.81064833560777,0.0 -79.07014719282964,33.81064286016745,0.0 -79.07019000811344,33.81063870126653,0.0 -79.07023471061375,33.81063482916611,0.0 -79.07028141263078,33.81063021559592,0.0 -79.07032939251519,33.810624389900816,0.0 -79.07037818420231,33.810617562231386,0.0 -79.0704288297947,33.81061044622635,0.0 -79.07048366816984,33.81060405309263,0.0 -79.07054425036962,33.810599569255,0.0 -79.07060903673785,33.81059814530204,0.0 -79.07063389674045,33.810599040246196,0.0 -79.07067314348154,33.81060045286252,0.0 -79.07073069853844,33.81060608778682,0.0 -79.07077801540667,33.81061320087423,0.0 -79.0708151267868,33.81061875867374,0.0 -79.0708448967133,33.81061955963052,0.0 -79.07087086815257,33.81061352764114,0.0 -79.07089551140628,33.81060048751018,0.0 -79.07091980523656,33.81058185646163,0.0 -79.07094387386306,33.81055962265629,0.0 -79.07096809899247,33.81053549683083,0.0 -79.0709938377301,33.810510804013994,0.0 -79.07102310495907,33.81048680842546,0.0 -79.07105724919784,33.81046482381565,0.0 -79.07109564962094,33.810445878607695,0.0 -79.07113559849604,33.81043028834758,0.0 -79.07117365727153,33.81041760648009,0.0 -79.07120751214099,33.81040694465713,0.0 -79.0712369371878,33.810397385483526,0.0 -79.07126347681549,33.810388191018475,0.0 -79.07128938462711,33.81037881748356,0.0 -79.07131663205651,33.8103688739169,0.0 -79.07134625022987,33.81035814928173,0.0 -79.07137809874574,33.81034674464062,0.0 -79.07141106012112,33.81033508376906,0.0 -79.07144378079036,33.810323770095025,0.0 -79.07147550995185,33.81031332990456,0.0 -79.07150651015866,33.81030404853299,0.0 -79.07153769241354,33.8102959254108,0.0 -79.07156977300842,33.81028868286247,0.0 -79.07160267598773,33.81028182947423,0.0 -79.0716355713405,33.81027491492741,0.0 -79.07166747259747,33.810268006823996,0.0 -79.07169778584456,33.81026206119008,0.0 -79.07172636919836,33.81025879214633,0.0 -79.07175313559652,33.81025997649663,0.0 -79.07177765689775,33.81026664119934,0.0 -79.07179895782815,33.81027857542113,0.0 -79.07180256720302,33.810282014626424,0.0 -79.07181558456607,33.81029441617623,0.0 -79.07182588694154,33.81031216210127,0.0 -79.07182849449427,33.810329927831766,0.0 -79.07182292171403,33.810346537449725,0.0 -79.07180996801938,33.81036168193885,0.0 -79.07179167327389,33.81037558703147,0.0 -79.07177075817674,33.81038855474472,0.0 -79.07174970778696,33.81040076671285,0.0 -79.07172992034737,33.81041241547947,0.0 -79.07171137991163,33.81042383152339,0.0 -79.07169304189675,33.81043539849575,0.0 -79.07167368325926,33.81044726990965,0.0 -79.07165257243973,33.810459217372205,0.0 -79.0716295079246,33.810470782709146,0.0 -79.07160435402648,33.81048157569692,0.0 -79.07157653552946,33.81049149204093,0.0 -79.07154505747712,33.810500683566836,0.0 -79.07150905795716,33.81050940637882,0.0 -79.07146857732482,33.81051788015874,0.0 -79.07142506213557,33.81052627368552,0.0 -79.07138121930821,33.81053476508292,0.0 -79.07134021182777,33.81054361548833,0.0 -79.07130449781121,33.8105531498815,0.0 -79.07127497615592,33.81056353414478,0.0 -79.07125084064182,33.81057434058347,0.0 -79.07123021821069,33.810584283249526,0.0 -79.07121120045463,33.810591550780366,0.0 -79.07119261121697,33.81059484495222,0.0 -79.0711741598009,33.81059447373683,0.0 -79.07115607450402,33.81059263168244,0.0 -79.07113854787065,33.810592520204416,0.0 -79.07112145469438,33.810596858052335,0.0 -79.07110440962411,33.81060666851747,0.0 -79.07108695012872,33.81062096368865,0.0 -79.07106860903518,33.81063746361873,0.0 -79.07104892741751,33.810653875940666,0.0 -79.071027481585,33.810668984779205,0.0 -79.07100392349655,33.81068294592608,0.0 -79.07097803867279,33.81069673431819,0.0 -79.07094984942036,33.81071124810788,0.0 -79.07091982787752,33.810726719098646,0.0 -79.0708888627369,33.81074271327288,0.0 -79.07085785397005,33.81075855820269,0.0 -79.07082725613432,33.810773752840774,0.0 -79.07079704711794,33.81078814567992,0.0 -79.07076712590073,33.81080186998973,0.0 -79.0707376958443,33.810815198701754,0.0 -79.07070930341814,33.81082840282327,0.0 -79.07068260572356,33.81084170245295,0.0 -79.07065811068374,33.81085536288963,0.0 -79.07063599389886,33.81086978390797,0.0 -79.07061616606565,33.81088539879723,0.0 -79.07059841148775,33.81090231929498,0.0 -79.07058252433607,33.81092002111026,0.0 -79.07056828750795,33.81093742536644,0.0 -79.07055537526784,33.810953388897886,0.0 -79.07054330905324,33.810967305183325,0.0 -79.07053148510691,33.8109793366987,0.0 -79.07051916983963,33.81099024417163,0.0 -79.07050549850763,33.811000938051826,0.0 -79.07048953468504,33.81101206535738,0.0 -79.07047048005568,33.81102381885585,0.0 -79.07044781309007,33.81103603581304,0.0 -79.07042125221244,33.81104854811336,0.0 -79.07039060893648,33.81106154518234,0.0 -79.07035581574291,33.81107564359331,0.0 -79.07031732049582,33.8110915699061,0.0 -79.07027663432571,33.81110975347372,0.0 -79.07023654458884,33.81113020702715,0.0 -79.07020062584742,33.81115274070374,0.0 -79.07017207006942,33.81117717526918,0.0 -79.07016751042308,33.81118321944619,0.0 -79.07015235691466,33.81120330611842,0.0 -79.07014046336384,33.81123070617379,0.0 -79.07013321271721,33.81125865662851,0.0 -79.0701293366688,33.81127520924517,0.0 -79.07012674848716,33.811286261593025,0.0 -79.07011821513876,33.81131259247079,0.0 -79.07010658553439,33.811336836894114,0.0 -79.07009219482505,33.811358534332214,0.0 -79.07007561957661,33.81137782838883,0.0 -79.07005684492253,33.81139543346892,0.0 -79.07003521702596,33.81141223578554,0.0 -79.07001009318383,33.811428813094615,0.0 -79.06998165423903,33.81144523310423,0.0 -79.06995138912808,33.81146121346077,0.0 -79.0699217710446,33.81147645482115,0.0 -79.06989516630856,33.8114908784582,0.0 -79.06987276181721,33.811504627443846,0.0 -79.06985413324551,33.81151786263973,0.0 -79.0698376492247,33.81153055247302,0.0 -79.06982125774198,33.81154249120536,0.0 -79.06980298847992,33.811553498839686,0.0 -79.06978110174356,33.81156362960698,0.0 -79.06975406406438,33.811573232920004,0.0 -79.06972084161305,33.81158287042789,0.0 -79.06968151270516,33.81159309845763,0.0 -79.06963773317587,33.81160410953131,0.0 -79.06959244715993,33.81161530121315,0.0 -79.069548772841,33.81162510924289,0.0 -79.06950865654915,33.811631474761775,0.0 -79.06947209294759,33.8116328009822,0.0 -79.06943751870847,33.811628735383174,0.0 -79.06940326372064,33.811620180967566,0.0 -79.06936926896242,33.81160866497153,0.0 -79.06933781811045,33.81159564787558,0.0 -79.06931260300672,33.81158225766,0.0 -79.06929677565428,33.81156940684117,0.0 -79.06929131455463,33.81155806428712,0.0 -79.06929478872812,33.81154939395475,0.0</coordinates>
                    </LinearRing>
                </outerBoundaryIs>
            </Polygon>
        </Placemark>
        <Placemark id="418896">
            <name>Wetland_45484</name>
            <styleUrl>#418901</styleUrl>
            <Polygon id="418895">
                <outerBoundaryIs>
                    <LinearRing id="418899">
                        <coordinates>-79.07137687005233,33.817035901373494,0.0 -79.07136081385151,33.817031767419955,0.0 -79.07131288288824,33.81703360453218,0.0 -79.07122469196032,33.81701188872086,0.0 -79.07114217520706,33.816972259701195,0.0 -79.07111615519572,33.816930899106424,0.0 -79.07112891061325,33.81691342360777,0.0 -79.07112759654972,33.81689860232407,0.0 -79.07113161684131,33.8168796030582,0.0 -79.07114025986169,33.816859202281364,0.0 -79.07115219548952,33.816837915963156,0.0 -79.07116625531164,33.816816430434585,0.0 -79.0711812138378,33.81679592010199,0.0 -79.0711961688103,33.81677729986874,0.0 -79.07121073792877,33.816760922342205,0.0 -79.07122512976412,33.816746471024004,0.0 -79.0712399342682,33.8167332557565,0.0 -79.0712558286762,33.81672076845527,0.0 -79.07126326258637,33.816715877440146,0.0 -79.07128759211308,33.8166764382182,0.0 -79.07137293024736,33.81666311097998,0.0 -79.07150861084554,33.816732250575875,0.0 -79.0716130405626,33.81676791223888,0.0 -79.07173279020063,33.81682170968848,0.0 -79.07180486453639,33.81688422895611,0.0 -79.0718269267503,33.81688967245434,0.0 -79.07185076149352,33.816893816117684,0.0 -79.07187118356744,33.816897464378215,0.0 -79.07188861340464,33.8169034595108,0.0 -79.07190408635289,33.816914071909004,0.0 -79.07191830298041,33.81692952536339,0.0 -79.071927226703,33.81694240619088,0.0 -79.07197082819785,33.81696803784711,0.0 -79.0719484827511,33.81703814555702,0.0 -79.07186241652167,33.81709479339897,0.0 -79.07177014594468,33.81711574996673,0.0 -79.07169034348641,33.81711980039758,0.0 -79.07153760807077,33.81708852419562,0.0 -79.07150978879228,33.81707208195563,0.0 -79.07147927919316,33.81706433519068,0.0 -79.07144636040506,33.81705499848332,0.0 -79.07141266575569,33.81704549411606,0.0 -79.07137687005233,33.817035901373494,0.0</coordinates>
                    </LinearRing>
                </outerBoundaryIs>
            </Polygon>
        </Placemark>
        <Placemark id="418905">
            <name>Wetland_45485</name>
            <styleUrl>#418910</styleUrl>
            <Polygon id="418904">
                <outerBoundaryIs>
                    <LinearRing id="418908">
                        <coordinates>-79.06666486154144,33.81826786293046,0.0 -79.06672733938217,33.81820299234918,0.0 -79.0667731106737,33.818140941381266,0.0 -79.06679204360915,33.81813258775579,0.0 -79.0668115806115,33.81811222406694,0.0 -79.06688627666858,33.81806504786864,0.0 -79.06698610210822,33.81797658900972,0.0 -79.06707681442575,33.81800326309834,0.0 -79.06715256021954,33.81805419442953,0.0 -79.06719902453099,33.8180848809076,0.0 -79.06720041595527,33.81808720592264,0.0 -79.06720137454693,33.81808869019452,0.0 -79.06720380369532,33.818091693655,0.0 -79.06724744565895,33.818138488502115,0.0 -79.06725440944761,33.81815185059947,0.0 -79.06725511211222,33.81815310507609,0.0 -79.06725589130235,33.81815432814696,0.0 -79.06725674652567,33.81815551701111,0.0 -79.06725767534111,33.81815666766925,0.0 -79.06725867385101,33.81815777772526,0.0 -79.067259741756,33.81815884349711,0.0 -79.06726087389474,33.818159863310925,0.0 -79.0672620688969,33.81816083332607,0.0 -79.06726332286492,33.81816175114648,0.0 -79.06726463277919,33.81816261541532,0.0 -79.06726599493487,33.81816342285562,0.0 -79.06726740650524,33.818164171229874,0.0 -79.06726886232896,33.81816485886413,0.0 -79.0672703593864,33.81816548440168,0.0 -79.06727189377995,33.81816604544631,0.0 -79.06727346141915,33.818166540482686,0.0 -79.06727505694991,33.81816696871772,0.0 -79.06727667842334,33.81816732895333,0.0 -79.06727831941453,33.818167620237766,0.0 -79.06727997690386,33.818167841214304,0.0 -79.06728164534435,33.8181679919706,0.0 -79.0672833215235,33.818168072030836,0.0 -79.067285001158,33.81816808076048,0.0 -79.06728667763011,33.81816801808868,0.0 -79.06728834967612,33.81816788473758,0.0 -79.06729000960739,33.81816768047763,0.0 -79.06729165489662,33.81816740675324,0.0 -79.06729328233132,33.81816706308857,0.0 -79.06729488471522,33.81816665205516,0.0 -79.06729645902861,33.81816617229638,0.0 -79.06729800216561,33.81816562789902,0.0 -79.06729950877221,33.81816501807001,0.0 -79.06730097505734,33.818164344976005,0.0 -79.06730239723,33.81816361078356,0.0 -79.06730377149916,33.81816281765938,0.0 -79.0673050940739,33.818161967770024,0.0 -79.06730636242682,33.818161062559895,0.0 -79.06730757257412,33.81816010507643,0.0 -79.06730872072481,33.818159097486365,0.0 -79.06730980415865,33.81815804211476,0.0 -79.06734376620012,33.81818047071082,0.0 -79.06740080715309,33.8182286310085,0.0 -79.06740853598072,33.81826683838444,0.0 -79.06737974613704,33.818339389544626,0.0 -79.06737849044049,33.81833858059802,0.0 -79.0673771890137,33.81833782398799,0.0 -79.06737584399829,33.8183371200319,0.0 -79.06737445822111,33.81833647096727,0.0 -79.06737303684342,33.81833587846803,0.0 -79.06737158074323,33.81833534357366,0.0 -79.0673700950818,33.818334867958015,0.0 -79.06736858287881,33.81833445297794,0.0 -79.06736704734674,33.818334099109194,0.0 -79.06736549276881,33.818333806986374,0.0 -79.06736392342845,33.81833357724391,0.0 -79.06736234215236,33.81833341211933,0.0 -79.06736075273156,33.81833330944607,0.0 -79.06735915906371,33.81833327162021,0.0 -79.06735748631793,33.81833330210729,0.0 -79.06735581712029,33.818333402234096,0.0 -79.06735415770294,33.8183335738333,0.0 -79.06735250971525,33.81833381442091,0.0 -79.06735087977498,33.81833412406799,0.0 -79.06734927128748,33.818334502369474,0.0 -79.0673476878509,33.81833494803963,0.0 -79.06734613432702,33.81833545907041,0.0 -79.06734461499923,33.8183360360964,0.0 -79.06734313297333,33.81833667503056,0.0 -79.06734169360345,33.818337376666165,0.0 -79.06734029980262,33.81833813779702,0.0 -79.06733895429105,33.81833895609796,0.0 -79.0673376628085,33.818339830600436,0.0 -79.06733642700432,33.81834075882056,0.0 -79.06733524979158,33.818341737552295,0.0 -79.06733413622489,33.81834276390677,0.0 -79.06733308756799,33.818343837161805,0.0 -79.06733210711951,33.8183449523496,0.0 -79.06733119759967,33.81834610714502,0.0 -79.0673303606578,33.818347299064136,0.0 -79.06732960027777,33.81834852505954,0.0 -79.06732891616011,33.81834978144923,0.0 -79.06732831141072,33.81835106414638,0.0 -79.06732778748601,33.818352371547846,0.0 -79.0673273464211,33.81835369940816,0.0 -79.06732698810934,33.818355043164544,0.0 -79.06732671293643,33.81835640105535,0.0 -79.06732652400827,33.818357768993636,0.0 -79.06732642014734,33.81835914225802,0.0 -79.06732485901958,33.81839434475732,0.0 -79.06714483802756,33.81857458003256,0.0 -79.06708934702202,33.818592833371106,0.0 -79.06699807478516,33.818568723727196,0.0 -79.06686789915538,33.818501787568835,0.0 -79.06672800529184,33.81839105363332,0.0 -79.06666486154144,33.81826786293046,0.0</coordinates>
                    </LinearRing>
                </outerBoundaryIs>
            </Polygon>
        </Placemark>
        <Placemark id="418914">
            <name>Wetland_45486</name>
            <styleUrl>#418919</styleUrl>
            <Polygon id="418913">
                <outerBoundaryIs>
                    <LinearRing id="418917">
                        <coordinates>-79.07116734401963,33.80780761875637,0.0 -79.07118548026266,33.807710260739995,0.0 -79.07122005842972,33.8075909697299,0.0 -79.07130589298707,33.80755680655734,0.0 -79.07142773508365,33.807576465202956,0.0 -79.07146836215779,33.80766142719645,0.0 -79.07153506452478,33.807768987788904,0.0 -79.07158622163162,33.80785855222793,0.0 -79.07160970749223,33.80799650602679,0.0 -79.07161343373397,33.808027282838204,0.0 -79.07161184601192,33.80802450134437,0.0 -79.07159309172782,33.80801847059569,0.0 -79.07157580778234,33.80800455939718,0.0 -79.07156031122058,33.807984915427724,0.0 -79.0715456497352,33.80796103637758,0.0 -79.07153098349602,33.80793418378259,0.0 -79.07151589424646,33.807906152691125,0.0 -79.07150021884205,33.80787947163137,0.0 -79.07148373232364,33.807856471729764,0.0 -79.07146602123093,33.80783798659797,0.0 -79.07144663748292,33.80782295225225,0.0 -79.071425285147,33.8078094023816,0.0 -79.07140196794366,33.807796138033524,0.0 -79.07137704758925,33.80778377934196,0.0 -79.07135124832162,33.80777455794482,0.0 -79.07132562945998,33.80777115434122,0.0 -79.07130137535755,33.80777536451451,0.0 -79.07127950029533,33.8077873168758,0.0 -79.07126053198816,33.80780544357228,0.0 -79.07124436323902,33.8078271532976,0.0 -79.07123034017658,33.807849847433104,0.0 -79.07121749566619,33.80787174762044,0.0 -79.07120474180515,33.8078921880007,0.0 -79.07119097820583,33.80791132751295,0.0 -79.07117526566832,33.80792962906706,0.0 -79.07115724396704,33.80794746581572,0.0 -79.07115504565128,33.80794942916777,0.0 -79.07113615148178,33.807960498949996,0.0 -79.07111784296636,33.80796899365421,0.0 -79.07110069694876,33.807977111266794,0.0 -79.07109227193517,33.807982100032646,0.0 -79.071106094247,33.80793093185871,0.0 -79.07116734401963,33.80780761875637,0.0</coordinates>
                    </LinearRing>
                </outerBoundaryIs>
            </Polygon>
        </Placemark>
        <Placemark id="418923">
            <name>Wetland_45487</name>
            <styleUrl>#418928</styleUrl>
            <Polygon id="418922">
                <outerBoundaryIs>
                    <LinearRing id="418926">
                        <coordinates>-79.07408213755018,33.81119676473815,0.0 -79.07408495519029,33.81119710378778,0.0 -79.0740877386072,33.81119759418507,0.0 -79.07409047854969,33.8111982327413,0.0 -79.07409316197612,33.811199018434515,0.0 -79.07409588180789,33.81119980951886,0.0 -79.07409833242727,33.81120098724204,0.0 -79.07410072873787,33.81120220602995,0.0 -79.07417330496968,33.811240722888,0.0 -79.07417557035093,33.81124200958689,0.0 -79.07417780270822,33.81124346236137,0.0 -79.07417991786012,33.81124503146018,0.0 -79.07418190032377,33.811246711862324,0.0 -79.07418374735812,33.81124849588673,0.0 -79.074185448727,33.811250374742414,0.0 -79.07418699595013,33.8112523417172,0.0 -79.07418838433779,33.81125438793212,0.0 -79.07418960744423,33.81125650242921,0.0 -79.07419065747446,33.81125868041667,0.0 -79.0741915341074,33.81126090820601,0.0 -79.0741922077046,33.81126320505243,0.0 -79.07419274580977,33.81126548456242,0.0 -79.07419307781709,33.81126781176,0.0 -79.07419322233659,33.81127015211596,0.0 -79.07419318080314,33.811272494020535,0.0 -79.07419295281001,33.811274829229,0.0 -79.07419254067008,33.81127714717119,0.0 -79.07419194455485,33.81127943695972,0.0 -79.07419116834049,33.81128169098402,0.0 -79.07419021433994,33.81128389867398,0.0 -79.07418908681485,33.81128605065728,0.0 -79.07418778934174,33.81128813564144,0.0 -79.07418632988696,33.811290147531025,0.0 -79.07418471378298,33.811292077112384,0.0 -79.07418294762573,33.81129391444956,0.0 -79.07418104045233,33.8112956536056,0.0 -79.07417899759528,33.8112972853669,0.0 -79.07417682916252,33.81129880395511,0.0 -79.07417454526197,33.811300203591976,0.0 -79.07417215424552,33.81130147642031,0.0 -79.0741696669064,33.811302618582054,0.0 -79.07416709656478,33.81130362477466,0.0 -79.07416444904561,33.81130448858558,0.0 -79.07416174079556,33.81130521063139,0.0 -79.07415897909586,33.81130578289656,0.0 -79.07415617805891,33.8113062065615,0.0 -79.07415337537547,33.811306450831914,0.0 -79.07415050427267,33.81130659857784,0.0 -79.07414765749972,33.81130656441026,0.0 -79.07414481867387,33.811306377731896,0.0 -79.07414200102954,33.811306038683796,0.0 -79.07413921760843,33.8113055482879,0.0 -79.07413647785454,33.81130490885202,0.0 -79.07413379423124,33.811304124040795,0.0 -79.0741311783241,33.811303196479095,0.0 -79.07412864386,33.81130212910924,0.0 -79.07412615762462,33.81130090700918,0.0 -79.07405381739372,33.81126250874258,0.0 -79.07405135495445,33.811261172852575,0.0 -79.07404915345852,33.81125968008526,0.0 -79.07404703830885,33.81125811098407,0.0 -79.07404505584782,33.8112564305796,0.0 -79.07404320881639,33.81125464655303,0.0 -79.0740415074509,33.81125276769525,0.0 -79.07403996023142,33.811250800718526,0.0 -79.07403857184771,33.811248754501854,0.0 -79.07403734874545,33.81124664000312,0.0 -79.07403629871966,33.81124446201423,0.0 -79.07403542228407,33.81124223334281,0.0 -79.07403472539183,33.8112399621456,0.0 -79.07403421039851,33.81123765786544,0.0 -79.07403387839605,33.81123533066729,0.0 -79.07403373388141,33.811232990311055,0.0 -79.07403377541962,33.81123064840642,0.0 -79.07403400341738,33.81122831319814,0.0 -79.07403441556174,33.81122599525639,0.0 -79.07403501168118,33.81122370546853,0.0 -79.07403578789948,33.811221451445036,0.0 -79.07403674190363,33.81121924375622,0.0 -79.0740378694319,33.81121709177419,0.0 -79.0740391671006,33.81121500591068,0.0 -79.07404062655776,33.81121299402271,0.0 -79.07404224247094,33.81121106532403,0.0 -79.07404400862963,33.811209227988854,0.0 -79.07404591580392,33.811207488834846,0.0 -79.07404795866144,33.81120585707569,0.0 -79.07405012709411,33.811204338489695,0.0 -79.07405241099411,33.81120293885517,0.0 -79.07405480200947,33.81120166602912,0.0 -79.07405728934708,33.81120052386969,0.0 -79.07405985968673,33.81119951767938,0.0 -79.07406250720348,33.8111986538708,0.0 -79.07406521545077,33.81119793182718,0.0 -79.07406797714735,33.81119735956419,0.0 -79.07407077818087,33.81119693590133,0.0 -79.07407360600216,33.81119666261784,0.0 -79.07407645088882,33.811196543730254,0.0 -79.07407929892122,33.81119657717731,0.0 -79.07408213755018,33.81119676473815,0.0</coordinates>
                    </LinearRing>
                </outerBoundaryIs>
            </Polygon>
        </Placemark>
        <Placemark id="418932">
            <name>Wetland_45488</name>
            <styleUrl>#418937</styleUrl>
            <Polygon id="418931">
                <outerBoundaryIs>
                    <LinearRing id="418935">
                        <coordinates>-79.07284048837965,33.812195985138295,0.0 -79.07283894233981,33.8121950332059,0.0 -79.07283744814785,33.81219402620371,0.0 -79.07283600989405,33.81219296564688,0.0 -79.0728346304051,33.8121918537728,0.0 -79.07283331143698,33.81219069266032,0.0 -79.07283205688725,33.81218948470552,0.0 -79.07283086851182,33.81218823198713,0.0 -79.0728297489447,33.81218693762353,0.0 -79.07282869994182,33.812185603693464,0.0 -79.07282772432995,33.812184232434475,0.0 -79.0728268224088,33.81218282752839,0.0 -79.07282599826858,33.81218139049044,0.0 -79.07282525094551,33.8121799257249,0.0 -79.07282458452981,33.81217843474681,0.0 -79.07282399844318,33.81217692019881,0.0 -79.07282349493408,33.81217538696084,0.0 -79.07282307380976,33.81217383591372,0.0 -79.07282273644059,33.81217227089802,0.0 -79.07282248419712,33.812170695754254,0.0 -79.07282231757173,33.81216911328358,0.0 -79.07282223491535,33.81216752596996,0.0 -79.07282223886206,33.81216593693158,0.0 -79.0728223286407,33.81216434969198,0.0 -79.07282250348023,33.812162767774375,0.0 -79.07282276299513,33.81216119294057,0.0 -79.07282310729232,33.81215962975339,0.0 -79.07282353491554,33.81215807981592,0.0 -79.07282404597166,33.81215654769098,0.0 -79.07282463881172,33.81215503586251,0.0 -79.07282531285735,33.81215354697307,0.0 -79.07282606626679,33.81215208438748,0.0 -79.07282689758368,33.81215064970885,0.0 -79.07282780584428,33.81214924734141,0.0 -79.07282878832874,33.81214787961056,0.0 -79.07282984338804,33.81214654900032,0.0 -79.07283096830237,33.812145257835944,0.0 -79.0728321624934,33.81214400876016,0.0 -79.0728334230486,33.81214280497899,0.0 -79.072834747441,33.81214164793714,0.0 -79.07283613168718,33.81214054068219,0.0 -79.07283757540165,33.8121394849759,0.0 -79.07283907391586,33.81213848194564,0.0 -79.07284062412454,33.81213753567841,0.0 -79.07284222495687,33.812136646015794,0.0 -79.07284387242962,33.812135816005316,0.0 -79.07284556187413,33.812135046774436,0.0 -79.07284729183422,33.81213433992626,0.0 -79.07284905764135,33.81213369658817,0.0 -79.07285085676841,33.81213311820471,0.0 -79.07285268454696,33.81213260590327,0.0 -79.0728545384499,33.81213216112844,0.0 -79.07285641507225,33.81213178428529,0.0 -79.07285830993825,33.8121314756204,0.0 -79.07286021945005,33.812131236419695,0.0 -79.07286214000993,33.812131067969176,0.0 -79.07286406752762,33.81213096875371,0.0 -79.07286599840536,33.81213094005929,0.0 -79.07286782665967,33.812130976193394,0.0 -79.07286965125012,33.812131074533156,0.0 -79.07287146964963,33.812131236523044,0.0 -79.07287327864597,33.81213146168744,0.0 -79.07287507414893,33.81213174851111,0.0 -79.07287685275345,33.81213209739921,0.0 -79.07287861251079,33.812132507153734,0.0 -79.07288035020873,33.81213297729903,0.0 -79.07288206156424,33.81213350720068,0.0 -79.07288374462856,33.81213409566078,0.0 -79.07288539618946,33.81213474220352,0.0 -79.0728911188566,33.81213760765716,0.0 -79.07289170187438,33.81213794408361,0.0 -79.07289397665824,33.81213934950985,0.0 -79.07306892430516,33.812241999552185,0.0 -79.07307044462948,33.81224293766924,0.0 -79.07307191349163,33.81224392909444,0.0 -79.07307332787212,33.812244972471234,0.0 -79.0730746858222,33.812246066601645,0.0 -79.07307598490064,33.812247207486564,0.0 -79.0730772218952,33.812248394650226,0.0 -79.07307839436467,33.81224962409355,0.0 -79.07307950123823,33.812250895658025,0.0 -79.07308053793318,33.8122522050273,0.0 -79.07308150571303,33.81225355147916,0.0 -79.07308240018786,33.81225492981648,0.0 -79.07308322028683,33.81225633988069,0.0 -79.07308396551747,33.81225777887072,0.0 -79.07308463363138,33.81225924190659,0.0 -79.07308522267975,33.81226072779026,0.0 -79.07308573217011,33.8122622337206,0.0 -79.07308616161005,33.812263756896584,0.0 -79.07308651069974,33.812265293636266,0.0 -79.0730867766125,33.81226684170214,0.0 -79.07308696011937,33.81226839757082,0.0 -79.07308706344764,33.8122699561158,0.0 -79.07308708445584,33.812271517020044,0.0 -79.0730870215807,33.812273077323724,0.0 -79.073086876664,33.81227463366207,0.0 -79.07308664794981,33.812276183956264,0.0 -79.07308633873609,33.812277723238324,0.0 -79.07308594688146,33.81227925119113,0.0 -79.0730854756839,33.812280762846754,0.0 -79.07308492319468,33.812282257007126,0.0 -79.07308429271188,33.81228372870441,0.0 -79.07308358442826,33.81228517705775,0.0 -79.07308279911486,33.81228659854366,0.0 -79.073081940755,33.81228799011447,0.0 -79.07308100759265,33.812289349691426,0.0 -79.0730800046819,33.81229067438542,0.0 -79.07307893133749,33.812291962276085,0.0 -79.0730777906648,33.81229320927642,0.0 -79.07307658499803,33.81229441482267,0.0 -79.07307531598627,33.81229557643091,0.0 -79.07307398780556,33.81229669017258,0.0 -79.07307260045596,33.8122977560477,0.0 -79.07307115918421,33.81229877028622,0.0 -79.07306966418311,33.81229973200746,0.0 -79.07306812031399,33.812300639203094,0.0 -79.0730665290331,33.81230149026993,0.0 -79.07306489413104,33.812302283041234,0.0 -79.07306321920557,33.812303016231,0.0 -79.0730615067837,33.81230368839466,0.0 -79.07305976027052,33.8123042991271,0.0 -79.07305798238583,33.81230484610291,0.0 -79.07305617779811,33.81230532819471,0.0 -79.0730543488417,33.81230574483872,0.0 -79.07305249979966,33.81230609666932,0.0 -79.0730506346552,33.81230638063882,0.0 -79.07304875554993,33.81230659706438,0.0 -79.07304686676684,33.812306746580234,0.0 -79.073044970833,33.812306827741864,0.0 -79.07304307329491,33.812306840461275,0.0 -79.07304117736487,33.812306785214176,0.0 -79.07303929989644,33.812306670862284,0.0 -79.07303743153132,33.81230648965398,0.0 -79.07303557314758,33.81230624262855,0.0 -79.07303372922097,33.81230592953953,0.0 -79.07303190422732,33.81230555014037,0.0 -79.07303010099334,33.81230510666847,0.0 -79.07302832273128,33.81230459959954,0.0 -79.0730265726535,33.81230402940931,0.0 -79.07302485485019,33.81230339761291,0.0 -79.07302317127011,33.812302705408285,0.0 -79.07302152512561,33.81230195327126,0.0 -79.07301992138483,33.81230114375643,0.0 -79.07301836092584,33.812300277903056,0.0 -79.0728447389903,33.81219818698346,0.0 -79.07284048837965,33.812195985138295,0.0</coordinates>
                    </LinearRing>
                </outerBoundaryIs>
            </Polygon>
        </Placemark>
        <Placemark id="418941">
            <name>Wetland_45489</name>
            <styleUrl>#418946</styleUrl>
            <Polygon id="418940">
                <outerBoundaryIs>
                    <LinearRing id="418944">
                        <coordinates>-79.07630306992381,33.80897552876335,0.0 -79.07630801299527,33.80897303416908,0.0 -79.07654439242651,33.80887594406204,0.0 -79.07676160259729,33.80876400847058,0.0 -79.07677731242978,33.80874998281784,0.0 -79.07694651497053,33.80859892154152,0.0 -79.07716762332643,33.808338233058635,0.0 -79.07727207006144,33.80819107868,0.0 -79.07727671729234,33.80818573204636,0.0 -79.0773212025961,33.808144263752745,0.0 -79.07738902172757,33.808081042007565,0.0 -79.07739020947164,33.80807997836872,0.0 -79.07739144916732,33.808078955160155,0.0 -79.07739273828773,33.80807797382654,0.0 -79.07739407304265,33.808077036534826,0.0 -79.07739545450285,33.808076143443614,0.0 -79.07739687761465,33.80807529744213,0.0 -79.0773983411146,33.80807449925278,0.0 -79.07739984247597,33.80807375032011,0.0 -79.07740137917187,33.80807305208888,0.0 -79.07746654925361,33.80804488891618,0.0 -79.07757417219692,33.807998381446026,0.0 -79.07757261589612,33.807999325949865,0.0 -79.07757111274654,33.808000325611836,0.0 -79.07756966401162,33.80800137970955,0.0 -79.07756827367426,33.808002485195175,0.0 -79.07756694445395,33.80800363974323,0.0 -79.07756567868488,33.808004842789984,0.0 -79.07756447947185,33.80800609024812,0.0 -79.07756334846376,33.808007379633565,0.0 -79.07756228818741,33.80800870950166,0.0 -79.07756129922085,33.80801007720993,0.0 -79.07756038681046,33.80801147898814,0.0 -79.07755954920023,33.80801291275747,0.0 -79.07755879018035,33.80801437635104,0.0 -79.07755811178504,33.80801586552294,0.0 -79.07755751352171,33.808017377472204,0.0 -79.07755699684647,33.808018910595536,0.0 -79.07755656379354,33.80802046064723,0.0 -79.0775562136776,33.80802202570699,0.0 -79.0775559497963,33.80802360080675,0.0 -79.07755577020087,33.80802518474858,0.0 -79.07755567585488,33.80802677312817,0.0 -79.07755566714374,33.808028364183855,0.0 -79.07755574503089,33.808029953511216,0.0 -79.07755590795307,33.808031538150736,0.0 -79.07755615629566,33.80803311634063,0.0 -79.07755648888082,33.80803468335948,0.0 -79.07755690521584,33.80803623640629,0.0 -79.07755740587892,33.8080377728384,0.0 -79.077557988236,33.80803928953763,0.0 -79.07755865179449,33.808040783702964,0.0 -79.07755939518375,33.808042251493724,0.0 -79.07756021752586,33.80804369187068,0.0 -79.0775611155014,33.80804509979525,0.0 -79.07756208930311,33.808046474386764,0.0 -79.07756313648969,33.80804781164596,0.0 -79.07756425423442,33.8080491093357,0.0 -79.07756543971057,33.80805036521862,0.0 -79.07756669349625,33.808051576652076,0.0 -79.07756801043061,33.80805274196257,0.0 -79.07756938807232,33.80805385715113,0.0 -79.07757082554339,33.80805492117823,0.0 -79.07757231894642,33.80805593164816,0.0 -79.07757386526194,33.8080568872044,0.0 -79.07757546078523,33.8080577845702,0.0 -79.07757710337492,33.808058623428536,0.0 -79.07757879020421,33.80805940154214,0.0 -79.07758051718305,33.80806011739595,0.0 -79.07758228022125,33.80806076947494,0.0 -79.07758407737009,33.80806135658133,0.0 -79.0775859032761,33.80806187792229,0.0 -79.07758775725388,33.808062331577695,0.0 -79.07758963268653,33.80806271747713,0.0 -79.07759152743262,33.8080630353036,0.0 -79.07759343759469,33.80806328266114,0.0 -79.07759535850455,33.80806346067751,0.0 -79.07759728714278,33.808063567996115,0.0 -79.07759921991182,33.808063605903165,0.0 -79.07760115398496,33.808063572161274,0.0 -79.07760308235984,33.80806346846186,0.0 -79.07760500503646,33.80806329480499,0.0 -79.07760691539787,33.808063051120236,0.0 -79.07760881110991,33.808062737971426,0.0 -79.07761068769713,33.80806235560526,0.0 -79.0776153263557,33.80806132275701,0.0 -79.07744898802049,33.808133348893364,0.0 -79.07734508571431,33.80823020185069,0.0 -79.07724189427285,33.80837558512865,0.0 -79.07724000314583,33.80837801965401,0.0 -79.07701620134077,33.80864188516278,0.0 -79.07701375060846,33.80864450782557,0.0 -79.07701251604121,33.80864565910564,0.0 -79.0768216492069,33.808816060150505,0.0 -79.07681750248749,33.80881930561478,0.0 -79.07681274924343,33.80882214025648,0.0 -79.07658881525751,33.808937540015386,0.0 -79.07658733834795,33.808938268007225,0.0 -79.07658515355024,33.80893923038554,0.0 -79.07634689139242,33.80903709397747,0.0 -79.07634518478781,33.809037755217226,0.0 -79.0763434453542,33.80903835430409,0.0 -79.07634167542565,33.80903889067441,0.0 -79.07633987947781,33.80903936408143,0.0 -79.07633806003751,33.8090397730805,0.0 -79.07633622070239,33.809040116385596,0.0 -79.0763343648773,33.80904039359143,0.0 -79.07633249577438,33.809040605173664,0.0 -79.0763306182547,33.80904074912389,0.0 -79.07632873445968,33.80904082575923,0.0 -79.07632684760145,33.80904083555525,0.0 -79.07632496322638,33.80904077842386,0.0 -79.07632303987627,33.80904065186384,0.0 -79.0763211253265,33.809040454764784,0.0 -79.07631922259647,33.809040188483245,0.0 -79.0763173372325,33.80903985293104,0.0 -79.07631547137608,33.809039448425324,0.0 -79.07631362804656,33.80903897632251,0.0 -79.07631181366831,33.80903843757387,0.0 -79.07631002931205,33.809037832338014,0.0 -79.07630827994595,33.80903716316931,0.0 -79.07630656771143,33.80903643038483,0.0 -79.07630489757665,33.80903563653906,0.0 -79.07630327061234,33.809034781790544,0.0 -79.07630169285734,33.80903386885224,0.0 -79.0763001651897,33.80903289876353,0.0 -79.07629869150688,33.809031873920354,0.0 -79.07629727463556,33.80903079656001,0.0 -79.07629591759513,33.80902966803904,0.0 -79.07629462194897,33.809028491317086,0.0 -79.07629339178716,33.80902726790913,0.0 -79.07629222848031,33.809026001655695,0.0 -79.07629113524057,33.8090246930325,0.0 -79.0762901132458,33.80902334676088,0.0 -79.07628916551539,33.80902196419734,0.0 -79.0762882925419,33.8090205481429,0.0 -79.07628749803007,33.80901910187439,0.0 -79.07628678140182,33.80901762803436,0.0 -79.07628614529102,33.80901612974105,0.0 -79.07628559038302,33.80901460891472,0.0 -79.07628511804836,33.809013069395775,0.0 -79.07628472965763,33.80901151502486,0.0 -79.07628442608882,33.809009946841314,0.0 -79.07628420618558,33.80900837013033,0.0 -79.07628407296737,33.80900678624836,0.0 -79.07628402439991,33.809005199441124,0.0 -79.07628406223915,33.80900361178745,0.0 -79.07628418552154,33.80900202769161,0.0 -79.07628439366889,33.8090004497962,0.0 -79.07628468717375,33.80899888090234,0.0 -79.07628506545805,33.80899732365252,0.0 -79.0762855264874,33.8089957822926,0.0 -79.07628607075436,33.8089942596236,0.0 -79.07628669661013,33.808992758129605,0.0 -79.07628740347644,33.808991280453135,0.0 -79.0762881882484,33.80898983068139,0.0 -79.0762890516112,33.80898841073472,0.0 -79.07628999065257,33.808987023819355,0.0 -79.07629100265288,33.80898567226074,0.0 -79.07629208791204,33.80898435974102,0.0 -79.0762932417617,33.808983087387595,0.0 -79.07629446450173,33.80898185888248,0.0 -79.07629575127112,33.808980676233986,0.0 -79.07629710042094,33.80897954192631,0.0 -79.07629851049512,33.80897845756246,0.0 -79.07629997643986,33.808977426031745,0.0 -79.07630149786975,33.80897644909591,0.0 -79.07630306992381,33.80897552876335,0.0</coordinates>
                    </LinearRing>
                </outerBoundaryIs>
            </Polygon>
        </Placemark>
        <Placemark id="418950">
            <name>Wetland_45490</name>
            <styleUrl>#418955</styleUrl>
            <Polygon id="418949">
                <outerBoundaryIs>
                    <LinearRing id="418953">
                        <coordinates>-79.07442619985102,33.80964660191679,0.0 -79.0744243669209,33.80964662785455,0.0 -79.07442253782322,33.80964671710817,0.0 -79.07442071382164,33.80964686895527,0.0 -79.07441890007684,33.809647085069564,0.0 -79.07441709930856,33.809647363125656,0.0 -79.07441531385099,33.80964770255967,0.0 -79.07441354672358,33.80964810472829,0.0 -79.0744118017166,33.809648567464485,0.0 -79.07441008349855,33.809649089640985,0.0 -79.07440839206934,33.80964967125766,0.0 -79.07509193625262,33.8093807056266,0.0 -79.07509473850139,33.8093797001158,0.0 -79.07545779812645,33.809261834102266,0.0 -79.07575813068263,33.80916433128129,0.0 -79.07575985121522,33.80916380852069,0.0 -79.0757615974668,33.8091633450415,0.0 -79.07576336476909,33.809162941971096,0.0 -79.07576515166589,33.80916260091286,0.0 -79.07576695475234,33.809162322271874,0.0 -79.07576876974558,33.80916210541397,0.0 -79.07577059518947,33.80916195194231,0.0 -79.07577242573035,33.80916186106408,0.0 -79.07577426010488,33.80916183350173,0.0 -79.07577614133446,33.80916187471628,0.0 -79.07577801930954,33.80916198638155,0.0 -79.07577988848381,33.809162168585694,0.0 -79.07578174545243,33.809162421734,0.0 -79.07578358719591,33.80916274446983,0.0 -79.07578540816799,33.80916313688138,0.0 -79.07578720554196,33.80916359673131,0.0 -79.07578904478136,33.80916411279712,0.0 -79.07579085399837,33.80916469535001,0.0 -79.07579262891008,33.809165343755744,0.0 -79.0757943686385,33.809166056974945,0.0 -79.07579606675932,33.80916683405631,0.0 -79.07579772063858,33.80916767188171,0.0 -79.07579932813478,33.809168570133885,0.0 -79.07580088427981,33.809169526258486,0.0 -79.07580238712498,33.80917053905763,0.0 -79.07580383384361,33.809171606293795,0.0 -79.07580522180162,33.809172724848914,0.0 -79.07580654671618,33.80917389408874,0.0 -79.07580780702399,33.80917511105361,0.0 -79.07580900009114,33.80917637262529,0.0 -79.07581012309087,33.80917767656654,0.0 -79.07581117426717,33.80917902079844,0.0 -79.07581215098607,33.80918040220273,0.0 -79.07581305149154,33.80918181870072,0.0 -79.0758138754838,33.80918326661043,0.0 -79.07581461906543,33.80918474353589,0.0 -79.07581528193649,33.80918624579519,0.0 -79.07581586234109,33.809187771309475,0.0 -79.07581635890865,33.809189316238225,0.0 -79.0758167711466,33.80919087778043,0.0 -79.0758170983697,33.80919245401568,0.0 -79.07581733959277,33.8091940393418,0.0 -79.0758174950086,33.80919563287801,0.0 -79.07581756324659,33.809197230783695,0.0 -79.07581754419968,33.80919882849606,0.0 -79.07581743932396,33.809200424411955,0.0 -79.0758172470562,33.80920201557171,0.0 -79.07581696835997,33.80920359757102,0.0 -79.07581660400622,33.80920516688651,0.0 -79.07581615525838,33.80920672279577,0.0 -79.07581562220196,33.80920825985523,0.0 -79.07581500648597,33.80920977558082,0.0 -79.0758143086885,33.80921126733,0.0 -79.07581353065119,33.80921273173782,0.0 -79.0758126740229,33.809214166320366,0.0 -79.07581173957453,33.80921556755407,0.0 -79.07581073090371,33.80921693415298,0.0 -79.075809648096,33.809218260673426,0.0 -79.07580849436359,33.80921954759098,0.0 -79.07580727300424,33.809220789937584,0.0 -79.07580598440342,33.80922198595162,0.0 -79.07580463215866,33.8092231343469,0.0 -79.0758032193751,33.80922423103637,0.0 -79.07580174731619,33.80922527529758,0.0 -79.07580022122835,33.809226263360564,0.0 -79.07579864218233,33.80922719538379,0.0 -79.07579701435394,33.809228067438646,0.0 -79.0757953409553,33.80922888000077,0.0 -79.07579362509148,33.80922962898301,0.0 -79.07579186997464,33.809230314860976,0.0 -79.07579007939509,33.80923093546772,0.0 -79.07572421464477,33.80925231734367,0.0 -79.07524844246979,33.80940677592568,0.0 -79.07512808981059,33.80944584837856,0.0 -79.07444914156753,33.80971287398983,0.0 -79.0744507633822,33.809711999241465,0.0 -79.07445233602976,33.809711066285885,0.0 -79.07445385698318,33.809710076567704,0.0 -79.07445532225947,33.80970903313467,0.0 -79.07445672971708,33.80970793566962,0.0 -79.07445807732161,33.80970678841831,0.0 -79.07445936128269,33.80970559354755,0.0 -79.07446057926613,33.809704351621114,0.0 -79.07446172797403,33.809703067607046,0.0 -79.0744628072137,33.80970174238618,0.0 -79.0744638131947,33.809700378125314,0.0 -79.07446474495336,33.80969897922882,0.0 -79.07446559977001,33.8096975480221,0.0 -79.07446637618844,33.80969608610828,0.0 -79.07446707324503,33.80969459789159,0.0 -79.07446768948351,33.80969308497531,0.0 -79.07446822286944,33.80969155160504,0.0 -79.07446867282472,33.80969000042335,0.0 -79.074469038771,33.809688434072825,0.0 -79.07446931886672,33.80968685591833,0.0 -79.07446951360433,33.80968526876092,0.0 -79.0744696232836,33.80968367628264,0.0 -79.07446964518488,33.80968208080889,0.0 -79.07446958174944,33.80968048633882,0.0 -79.07446943220624,33.80967889639577,0.0 -79.07446919724059,33.80967731290006,0.0 -79.07446887608155,33.809675739375024,0.0 -79.0744684711703,33.80967417981985,0.0 -79.07446798085789,33.809672636718474,0.0 -79.07446740904177,33.809671112466916,0.0 -79.07446675495098,33.80966961058846,0.0 -79.07446601995602,33.80966813492377,0.0 -79.07446520600563,33.80966668667071,0.0 -79.07446431427749,33.809665270550774,0.0 -79.07446334779107,33.809663887920415,0.0 -79.07446230684614,33.80966254246164,0.0 -79.07446119446215,33.809661235530925,0.0 -79.07446001200958,33.80965997096889,0.0 -79.07445876338583,33.80965875117143,0.0 -79.07445744927615,33.80965757805886,0.0 -79.0744560733852,33.80965645490784,0.0 -79.07445463785447,33.809655382035686,0.0 -79.07445314512513,33.80965436344136,0.0 -79.07445160035807,33.80965340079858,0.0 -79.07445000336055,33.809652494988136,0.0 -79.07444836017139,33.8096516487231,0.0 -79.07444667273936,33.809650863201526,0.0 -79.0744449438911,33.8096501406607,0.0 -79.0744431779095,33.80964948173497,0.0 -79.07444137888473,33.80964888793932,0.0 -79.07443954857276,33.80964836135266,0.0 -79.07443769144918,33.80964790172831,0.0 -79.07443581179689,33.809647509700625,0.0 -79.07443391351327,33.809647187665405,0.0 -79.07443199873983,33.80964693593986,0.0 -79.07443007214485,33.809646753396486,0.0 -79.0744281376258,33.809646642431275,0.0 -79.07442619985102,33.80964660191679,0.0</coordinates>
                    </LinearRing>
                </outerBoundaryIs>
            </Polygon>
        </Placemark>
        <Placemark id="418959">
            <name>Wetland_45491</name>
            <styleUrl>#418964</styleUrl>
            <Polygon id="418958">
                <outerBoundaryIs>
                    <LinearRing id="418962">
                        <coordinates>-79.07343637157047,33.81094132662234,0.0 -79.07275127685627,33.81058495391958,0.0 -79.07277433758134,33.810572576636346,0.0 -79.07283272030256,33.81054260467762,0.0 -79.07348823154936,33.81088358847684,0.0 -79.07349169324976,33.81088575805105,0.0 -79.07349286132654,33.81088648212938,0.0 -79.07349398231102,33.810887254706735,0.0 -79.07349505356932,33.81088807266495,0.0 -79.0734960718892,33.810888935528254,0.0 -79.07349703570746,33.81088984033696,0.0 -79.07349803847997,33.81089071362925,0.0 -79.07349898587286,33.81089162782758,0.0 -79.0734998739887,33.81089258053588,0.0 -79.07350070214224,33.810893569834,0.0 -79.0735014676995,33.81089459260355,0.0 -79.07350228030568,33.81089559233065,0.0 -79.07350302924489,33.81089662537076,0.0 -79.07350371188309,33.81089768860547,0.0 -79.07350432772789,33.810898779233725,0.0 -79.0735048741453,33.810899894137286,0.0 -79.07350559230161,33.810901370950575,0.0 -79.07350622886692,33.81090287205657,0.0 -79.07350678441948,33.810904394812766,0.0 -79.07350725720332,33.81090593714029,0.0 -79.07350764584795,33.810907495198606,0.0 -79.07350795005368,33.810909065305786,0.0 -79.07350816806449,33.81091064538295,0.0 -79.07350830172214,33.810912232065284,0.0 -79.07350834858545,33.810913821353665,0.0 -79.07350831011065,33.81091541164493,0.0 -79.07350818512,33.8109169982178,0.0 -79.07350797399899,33.81091857931049,0.0 -79.07350767878216,33.81092015067727,0.0 -79.07350729790629,33.81092170935858,0.0 -79.07350683409103,33.810923253028896,0.0 -79.07350628577328,33.81092477872859,0.0 -79.07350565712892,33.81092628252915,0.0 -79.07350494659475,33.8109277614708,0.0 -79.07350415708326,33.81092921234732,0.0 -79.07350329005071,33.81093063355552,0.0 -79.07350234733883,33.81093202173068,0.0 -79.0735013295259,33.810933374230146,0.0 -79.0735002405951,33.81093468800632,0.0 -79.07349908112471,33.81093596041653,0.0 -79.07349785383447,33.81093718913546,0.0 -79.0734965614441,33.810938371837686,0.0 -79.07349520667337,33.81093950619778,0.0 -79.07349379136399,33.81094058885087,0.0 -79.07349231892096,33.810941619391826,0.0 -79.073490792064,33.81094259549532,0.0 -79.07348921477632,33.81094351411352,0.0 -79.0734875893922,33.81094437468281,0.0 -79.07348591775336,33.81094517383831,0.0 -79.07348420540627,33.810945911492055,0.0 -79.0734824548779,33.810946586199435,0.0 -79.07348066995873,33.81094719579364,0.0 -79.07347885298297,33.81094773971094,0.0 -79.07347700861912,33.81094821682401,0.0 -79.07347514065766,33.810948624965846,0.0 -79.07347325318877,33.81094896565168,0.0 -79.07347134805424,33.810949235516574,0.0 -79.07346943041497,33.81094943623437,0.0 -79.07346750386873,33.81094956651899,0.0 -79.07346557182048,33.810949625965286,0.0 -79.07346363874592,33.81094961432674,0.0 -79.07346170892804,33.81094953223754,0.0 -79.07345978450824,33.81094938001496,0.0 -79.0734578701551,33.810949156531436,0.0 -79.07345597083672,33.810948864341604,0.0 -79.07345408800941,33.81094850184235,0.0 -79.07345222771208,33.81094807174669,0.0 -79.07345039120823,33.81094757333246,0.0 -79.07344858472948,33.81094700843185,0.0 -79.07344681022468,33.810946378242875,0.0 -79.07344507090592,33.81094568324127,0.0 -79.07344337193423,33.81094492510072,0.0 -79.0734417150655,33.810944105900035,0.0 -79.07343637157047,33.81094132662234,0.0</coordinates>
                    </LinearRing>
                </outerBoundaryIs>
            </Polygon>
        </Placemark>
        <Placemark id="418968">
            <name>Wetland_45492</name>
            <styleUrl>#418973</styleUrl>
            <Polygon id="418967">
                <outerBoundaryIs>
                    <LinearRing id="418971">
                        <coordinates>-79.07388722046647,33.811175846959735,0.0 -79.07388389542594,33.811174118689294,0.0 -79.07388230801858,33.81117324976302,0.0 -79.0738807681747,33.811172325132155,0.0 -79.07387928017728,33.81117134543098,0.0 -79.07387784471159,33.81117031257971,0.0 -79.07387646674584,33.81116922913289,0.0 -79.07387514677254,33.81116809789171,0.0 -79.07387388926733,33.81116691860942,0.0 -79.07387269540799,33.81116569600756,0.0 -79.07387156821402,33.81116443144266,0.0 -79.07387050924865,33.81116312787435,0.0 -79.0738695204606,33.81116178650064,0.0 -79.07386860429106,33.81116041132063,0.0 -79.07386776268885,33.811159003532296,0.0 -79.07386699683164,33.811157567856995,0.0 -79.07386630866813,33.81115610549277,0.0 -79.07386569869091,33.81115461924075,0.0 -79.07386516827037,33.811153112941355,0.0 -79.07386471916254,33.81115158867355,0.0 -79.07386435166713,33.811150050119245,0.0 -79.0738640664694,33.81114849919876,0.0 -79.07386386386911,33.81114693959394,0.0 -79.07386374542942,33.811145374264576,0.0 -79.07386371037941,33.81114380673401,0.0 -79.0738637583335,33.81114223876395,0.0 -79.07386389066221,33.81114067419504,0.0 -79.07386410571655,33.81113911551109,0.0 -79.07386440360351,33.81113756727502,0.0 -79.07386478413034,33.81113603036767,0.0 -79.07386524545524,33.811134508153884,0.0 -79.07386578875601,33.81113300535501,0.0 -79.07386641062763,33.81113152237617,0.0 -79.07386711117711,33.811130063780304,0.0 -79.07386788875544,33.811128632051314,0.0 -79.07386874278438,33.81112722983171,0.0 -79.07386966947344,33.811125859288445,0.0 -79.07387066912243,33.81112452410337,0.0 -79.07387173920424,33.81112322572119,0.0 -79.0738728768065,33.811121967348065,0.0 -79.07387408028018,33.81112075146797,0.0 -79.07387534797627,33.81111958056499,0.0 -79.0738766773678,33.811118456083655,0.0 -79.07387806466429,33.811117380190716,0.0 -79.07387948740141,33.81111635956288,0.0 -79.07388096172608,33.81111539113499,0.0 -79.07388248725275,33.81111447666867,0.0 -79.07388405843501,33.811113616251966,0.0 -79.07388567430907,33.8111128142891,0.0 -79.07388733078471,33.81111206926502,0.0 -79.07388902475675,33.81111138526677,0.0 -79.07389075301296,33.811110761818775,0.0 -79.0738925128336,33.81111020124631,0.0 -79.07389430081368,33.81110970395461,0.0 -79.07389611354822,33.81110927034879,0.0 -79.07389794724685,33.81110890259576,0.0 -79.0738997985045,33.81110860110065,0.0 -79.07390166410897,33.8111083653877,0.0 -79.07390353958459,33.811108195703575,0.0 -79.07390542328231,33.81110809453222,0.0 -79.07390731004126,33.8111080602,0.0 -79.07390918527776,33.811108098731715,0.0 -79.07391105588748,33.811108203873474,0.0 -79.07391291972903,33.81110837530805,0.0 -79.07391477232662,33.811108613282116,0.0 -79.07391661085353,33.81110891555827,0.0 -79.07391843278283,33.81110928358102,0.0 -79.07392023314628,33.81110971479587,0.0 -79.07392200941693,33.8111102106474,0.0 -79.07392375789004,33.811110767858786,0.0 -79.07392547516069,33.81111138683523,0.0 -79.07392715928005,33.81111206637868,0.0 -79.07392880508725,33.81111280481557,0.0 -79.07393041170428,33.81111360110633,0.0 -79.07409588180789,33.81119980951886,0.0 -79.07409316197612,33.811199018434515,0.0 -79.07409047854969,33.8111982327413,0.0 -79.0740877386072,33.81119759418507,0.0 -79.07408495519029,33.81119710378778,0.0 -79.07408213755018,33.81119676473815,0.0 -79.07407929892122,33.81119657717731,0.0 -79.07407645088882,33.811196543730254,0.0 -79.07407360600216,33.81119666261784,0.0 -79.07407077818087,33.81119693590133,0.0 -79.07406797714735,33.81119735956419,0.0 -79.07406521545077,33.81119793182718,0.0 -79.07406250720348,33.8111986538708,0.0 -79.07405985968673,33.81119951767938,0.0 -79.07405728934708,33.81120052386969,0.0 -79.07405480200947,33.81120166602912,0.0 -79.07405241099411,33.81120293885517,0.0 -79.07405012709411,33.811204338489695,0.0 -79.07404795866144,33.81120585707569,0.0 -79.07404591580392,33.811207488834846,0.0 -79.07404400862963,33.811209227988854,0.0 -79.07404224247094,33.81121106532403,0.0 -79.07404062655776,33.81121299402271,0.0 -79.0740391671006,33.81121500591068,0.0 -79.0740378694319,33.81121709177419,0.0 -79.07403674190363,33.81121924375622,0.0 -79.07403578789948,33.811221451445036,0.0 -79.07403501168118,33.81122370546853,0.0 -79.07403441556174,33.81122599525639,0.0 -79.07403400341738,33.81122831319814,0.0 -79.07403377541962,33.81123064840642,0.0 -79.07403373388141,33.811232990311055,0.0 -79.07403387839605,33.81123533066729,0.0 -79.07403421039851,33.81123765786544,0.0 -79.07403472539183,33.8112399621456,0.0 -79.07403542228407,33.81124223334281,0.0 -79.07403629871966,33.81124446201423,0.0 -79.07403734874545,33.81124664000312,0.0 -79.07403857184771,33.811248754501854,0.0 -79.07403996023142,33.811250800718526,0.0 -79.0740415074509,33.81125276769525,0.0 -79.07404320881639,33.81125464655303,0.0 -79.07404505584782,33.8112564305796,0.0 -79.07404703830885,33.81125811098407,0.0 -79.07404915345852,33.81125968008526,0.0 -79.07405135495445,33.811261172852575,0.0 -79.07388722046647,33.811175846959735,0.0</coordinates>
                    </LinearRing>
                </outerBoundaryIs>
            </Polygon>
        </Placemark>
        <Placemark id="418977">
            <name>Wetland_45493</name>
            <styleUrl>#418982</styleUrl>
            <Polygon id="418976">
                <outerBoundaryIs>
                    <LinearRing id="418980">
                        <coordinates>-79.07116534878966,33.81143615651915,0.0 -79.07118723820147,33.81142438081332,0.0 -79.07124788284108,33.811391833538956,0.0 -79.0724890710021,33.81195492563173,0.0 -79.07264935101406,33.812027639437666,0.0 -79.07265101612158,33.812028436222306,0.0 -79.07265263629823,33.81202929182913,0.0 -79.07265420920974,33.81203020682188,0.0 -79.07265573222217,33.81203117808234,0.0 -79.07265720036727,33.812032203055935,0.0 -79.07265861150357,33.81203328142545,0.0 -79.07265996426061,33.81203440935035,0.0 -79.07266125435532,33.812035586196416,0.0 -79.0726624804174,33.81203680812301,0.0 -79.07266363942722,33.81203807377361,0.0 -79.07266472855815,33.81203938091079,0.0 -79.07266574643971,33.812040725694004,0.0 -79.07266669112313,33.812042106925205,0.0 -79.07266756016728,33.81204352060538,0.0 -79.07266835288685,33.81204496481412,0.0 -79.07266906664793,33.81204643643327,0.0 -79.07266970095809,33.81204793266168,0.0 -79.0726702531833,33.81204945038107,0.0 -79.07267072390191,33.81205098694886,0.0 -79.07267111155066,33.81205253940542,0.0 -79.07267141475909,33.812054103910135,0.0 -79.07267163391278,33.812055678701434,0.0 -79.07267176783404,33.81205725905777,0.0 -79.0726718169084,33.81205884321761,0.0 -79.0726717797653,33.8120604273403,0.0 -79.07267165805395,33.81206200894184,0.0 -79.07267145147453,33.812063584340414,0.0 -79.0726711607982,33.81206515001254,0.0 -79.07267078514684,33.81206670491877,0.0 -79.07267032567718,33.81206824377408,0.0 -79.07266978510889,33.81206976425304,0.0 -79.07266916294958,33.812071263554536,0.0 -79.07266845977755,33.812072739036026,0.0 -79.07266767850527,33.81207418749127,0.0 -79.07266682097465,33.812075605555435,0.0 -79.07266588650046,33.81207699130833,0.0 -79.07266487906593,33.812078341702176,0.0 -79.07266380032021,33.81207965425311,0.0 -79.07266265084152,33.81208092631855,0.0 -79.07266143928173,33.8120821537234,0.0 -79.07266016349936,33.812083336150536,0.0 -79.07265882533622,33.81208447023519,0.0 -79.07265742819735,33.81208555557221,0.0 -79.07265597285372,33.81208658863821,0.0 -79.07265446416677,33.812087567424925,0.0 -79.07265290466344,33.81208849048785,0.0 -79.07265129687077,33.8120893563824,0.0 -79.07264964350863,33.81209016278321,0.0 -79.07264794924548,33.81209090856289,0.0 -79.07264621660843,33.812091592276914,0.0 -79.07264444831723,33.81209221159991,0.0 -79.07264264884773,33.81209276628524,0.0 -79.07264082179763,33.81209325504703,0.0 -79.07263896950126,33.81209367732156,0.0 -79.07263709681995,33.812094031100536,0.0 -79.07263520677313,33.81209431774067,0.0 -79.0726333033442,33.8120945341942,0.0 -79.07263138955258,33.81209468181771,0.0 -79.07262947006689,33.81209475948388,0.0 -79.07262754917012,33.81209476782694,0.0 -79.07262562831856,33.81209470524381,0.0 -79.0726237137439,33.812094573566775,0.0 -79.07262180758775,33.81209437311302,0.0 -79.07261991451857,33.812094102755125,0.0 -79.07261803755591,33.81209376384972,0.0 -79.0726161797193,33.81209335775333,0.0 -79.07261434674795,33.81209288349717,0.0 -79.07261254020513,33.812092344040956,0.0 -79.07261076456658,33.81209173913813,0.0 -79.07260902392258,33.81209107030388,0.0 -79.07260732022185,33.81209033873615,0.0 -79.07116534878966,33.81143615651915,0.0</coordinates>
                    </LinearRing>
                </outerBoundaryIs>
            </Polygon>
        </Placemark>
        <Placemark id="418986">
            <name>Wetland_45494</name>
            <styleUrl>#418991</styleUrl>
            <Polygon id="418985">
                <outerBoundaryIs>
                    <LinearRing id="418989">
                        <coordinates>-79.0727863578639,33.81217149397466,0.0 -79.07273065927913,33.81214629311987,0.0 -79.07272818862864,33.81214508057513,0.0 -79.07272584413882,33.81214375121451,0.0 -79.07272361071203,33.812142298255054,0.0 -79.07272149556509,33.81214072913146,0.0 -79.07271951311016,33.81213904870621,0.0 -79.07271766715893,33.812137264819086,0.0 -79.07271596580605,33.812135385943975,0.0 -79.07271441753169,33.81213341879321,0.0 -79.07271303023775,33.812131372721566,0.0 -79.07271180715756,33.81212925821123,0.0 -79.07271075608611,33.81212708005427,0.0 -79.07270987948564,33.81212485225623,0.0 -79.07270918281687,33.81212258017287,0.0 -79.07270866785679,33.81212027588947,0.0 -79.07270833569729,33.81211794957109,0.0 -79.07270819229144,33.812115609374516,0.0 -79.07270823299184,33.812113266433656,0.0 -79.07270846103177,33.812110931230734,0.0 -79.0727088732201,33.812108613296395,0.0 -79.07270947838032,33.812106297568334,0.0 -79.07271024565038,33.81210406950611,0.0 -79.07271120077351,33.812101861989355,0.0 -79.0727123272803,33.812099709864256,0.0 -79.07271362480625,33.812097624898875,0.0 -79.07271508431401,33.81209561303001,0.0 -79.07271670047088,33.812093683471275,0.0 -79.0727184666807,33.812091846158495,0.0 -79.07272037497678,33.812090107186975,0.0 -79.07272241788498,33.8120884754532,0.0 -79.07272458529718,33.81208695673527,0.0 -79.07272687031748,33.812085557287155,0.0 -79.07272926138141,33.812084284490076,0.0 -79.07273174769571,33.812083142201935,0.0 -79.07273431808146,33.81208213604229,0.0 -79.07273696564276,33.81208127226509,0.0 -79.07273967500365,33.812080550412,0.0 -79.07274243567034,33.81207997802278,0.0 -79.07274523674269,33.81207955439257,0.0 -79.0727480656713,33.812079281300434,0.0 -79.0727509105921,33.812079162445606,0.0 -79.0727537584633,33.812079196806174,0.0 -79.07275659624317,33.81207938335996,0.0 -79.07275941390934,33.812079722441496,0.0 -79.07276219842015,33.81208021302878,0.0 -79.07276493711922,33.81208085233793,0.0 -79.07276762075541,33.812081637180235,0.0 -79.07277023667243,33.812082564771856,0.0 -79.0727727201974,33.81208360734693,0.0 -79.0728257277363,33.81210766303901,0.0 -79.07287105246608,33.812128232846256,0.0 -79.07288539618946,33.81213474220352,0.0 -79.07288374462856,33.81213409566078,0.0 -79.07288206156424,33.81213350720068,0.0 -79.07288035020873,33.81213297729903,0.0 -79.07287861251079,33.812132507153734,0.0 -79.07287685275345,33.81213209739921,0.0 -79.07287507414893,33.81213174851111,0.0 -79.07287327864597,33.81213146168744,0.0 -79.07287146964963,33.812131236523044,0.0 -79.07286965125012,33.812131074533156,0.0 -79.07286782665967,33.812130976193394,0.0 -79.07286599840536,33.81213094005929,0.0 -79.07286406752762,33.81213096875371,0.0 -79.07286214000993,33.812131067969176,0.0 -79.07286021945005,33.812131236419695,0.0 -79.07285830993825,33.8121314756204,0.0 -79.07285641507225,33.81213178428529,0.0 -79.0728545384499,33.81213216112844,0.0 -79.07285268454696,33.81213260590327,0.0 -79.07285085676841,33.81213311820471,0.0 -79.07284905764135,33.81213369658817,0.0 -79.07284729183422,33.81213433992626,0.0 -79.07284556187413,33.812135046774436,0.0 -79.07284387242962,33.812135816005316,0.0 -79.07284222495687,33.812136646015794,0.0 -79.07284062519531,33.81213753583701,0.0 -79.07283907391586,33.81213848194564,0.0 -79.07283757540165,33.8121394849759,0.0 -79.07283613168718,33.81214054068219,0.0 -79.072834747441,33.81214164793714,0.0 -79.07283342411938,33.812142805137555,0.0 -79.07283216356417,33.812144008918686,0.0 -79.0728309693731,33.81214525799453,0.0 -79.07282984338804,33.81214654900032,0.0 -79.07282878832874,33.81214787961056,0.0 -79.07282780584428,33.81214924734141,0.0 -79.07282689865441,33.81215064986745,0.0 -79.07282606626679,33.81215208438748,0.0 -79.07282531285735,33.81215354697307,0.0 -79.07282463988246,33.81215503602109,0.0 -79.07282404704245,33.81215654784953,0.0 -79.07282353579352,33.812158080855355,0.0 -79.07282310729232,33.81215962975339,0.0 -79.07282276299513,33.81216119294057,0.0 -79.07282250348023,33.812162767774375,0.0 -79.0728223286407,33.81216434969198,0.0 -79.07282223993278,33.812165937090185,0.0 -79.07282223598614,33.812167526128476,0.0 -79.07282231757173,33.81216911328358,0.0 -79.07282248526786,33.81217069591281,0.0 -79.07282273751137,33.812172271056596,0.0 -79.07282307380976,33.81217383591372,0.0 -79.07282349512685,33.81217538608001,0.0 -79.07282399844318,33.81217692019881,0.0 -79.07282458472258,33.81217843386599,0.0 -79.07282525220904,33.81217992500261,0.0 -79.07282599826858,33.81218139049044,0.0 -79.0728268224088,33.81218282752839,0.0 -79.07282772432995,33.812184232434475,0.0 -79.07282869994182,33.812185603693464,0.0 -79.0728297489447,33.81218693762353,0.0 -79.07283086851182,33.81218823198713,0.0 -79.07283205688725,33.81218948470552,0.0 -79.07283331143698,33.81219069266032,0.0 -79.0728346304051,33.8121918537728,0.0 -79.07283600989405,33.81219296564688,0.0 -79.07283744814785,33.81219402620371,0.0 -79.07283894233981,33.8121950332059,0.0 -79.07284048837965,33.812195985138295,0.0 -79.0727863578639,33.81217149397466,0.0</coordinates>
                    </LinearRing>
                </outerBoundaryIs>
            </Polygon>
        </Placemark>
        <Placemark id="418995">
            <name>Wetland_45495</name>
            <styleUrl>#419000</styleUrl>
            <Polygon id="418994">
                <outerBoundaryIs>
                    <LinearRing id="418998">
                        <coordinates>-79.07686108419838,33.813025806159125,0.0 -79.07624938533566,33.81277343035795,0.0 -79.07569045669413,33.81257029799134,0.0 -79.07568722567669,33.812568942921665,0.0 -79.0756845046424,33.812567485124845,0.0 -79.07554617173527,33.8124850852908,0.0 -79.07554424435686,33.81248384504068,0.0 -79.07554037563487,33.81248066042331,0.0 -79.07526383821678,33.812211258219605,0.0 -79.07526285213277,33.812210242827575,0.0 -79.07526192746757,33.812209189241734,0.0 -79.07526106597714,33.81220809954093,0.0 -79.07526027010289,33.812206977724244,0.0 -79.07525954072281,33.81220582483108,0.0 -79.07525887920742,33.812204644701964,0.0 -79.07525828964711,33.81220343885194,0.0 -79.07525777000734,33.81220221152672,0.0 -79.07525732418574,33.812200965122166,0.0 -79.07523911712465,33.81214517522314,0.0 -79.07515792270334,33.8120514080333,0.0 -79.07496286502992,33.81187241206523,0.0 -79.07434636942386,33.81142363727606,0.0 -79.07415337537547,33.811306450831914,0.0 -79.07415617805891,33.8113062065615,0.0 -79.07415897909586,33.81130578289656,0.0 -79.07416174079556,33.81130521063139,0.0 -79.07416444904561,33.81130448858558,0.0 -79.07416709656478,33.81130362477466,0.0 -79.0741696669064,33.811302618582054,0.0 -79.07417215424552,33.81130147642031,0.0 -79.07417454526197,33.811300203591976,0.0 -79.07417682916252,33.81129880395511,0.0 -79.07417899759528,33.8112972853669,0.0 -79.07418104045233,33.8112956536056,0.0 -79.07418294762573,33.81129391444956,0.0 -79.07418471378298,33.811292077112384,0.0 -79.07418632988696,33.811290147531025,0.0 -79.07418778934174,33.81128813564144,0.0 -79.07418908681485,33.81128605065728,0.0 -79.07419021433994,33.81128389867398,0.0 -79.07419116834049,33.81128169098402,0.0 -79.07419194455485,33.81127943695972,0.0 -79.07419254067008,33.81127714717119,0.0 -79.07419295281001,33.811274829229,0.0 -79.07419318080314,33.811272494020535,0.0 -79.07419322233659,33.81127015211596,0.0 -79.07419307781709,33.81126781176,0.0 -79.07419274580977,33.81126548456242,0.0 -79.0741922077046,33.81126320505243,0.0 -79.07438629861325,33.811381137704146,0.0 -79.07438798070358,33.811382230712766,0.0 -79.07438854108585,33.81138263016558,0.0 -79.07500754129177,33.81183322975974,0.0 -79.07501021596501,33.81183541459369,0.0 -79.0752077493286,33.812016681343444,0.0 -79.07520852442764,33.81201741814052,0.0 -79.07521002995377,33.812019025166066,0.0 -79.07529569745627,33.81211795888355,0.0 -79.07529662764605,33.81211909331383,0.0 -79.07529748678039,33.812120264510874,0.0 -79.07529827183969,33.81212147111818,0.0 -79.07529898057544,33.812122708255835,0.0 -79.07529961230229,33.81212397400368,0.0 -79.07530016457893,33.812125264362564,0.0 -79.07530063584204,33.81212657637285,0.0 -79.07531848081092,33.81218125774763,0.0 -79.07558768090001,33.81244351319403,0.0 -79.07571999165211,33.81252232403567,0.0 -79.07627650432394,33.81272457842129,0.0 -79.07627794622533,33.81272513748378,0.0 -79.07688881409193,33.812977171902816,0.0 -79.07706195035844,33.81303068336679,0.0 -79.07753982109318,33.81309615004195,0.0 -79.0775414655705,33.81309641988348,0.0 -79.07754309141845,33.81309675971773,0.0 -79.0775446934759,33.813097167871256,0.0 -79.07754626891591,33.813097642106634,0.0 -79.07754781199922,33.813098183392995,0.0 -79.07754931902086,33.81309878845365,0.0 -79.07755078676853,33.813099456813,0.0 -79.07755221027371,33.813100185916674,0.0 -79.07755358651684,33.81310097440819,0.0 -79.077554912671,33.81310182005034,0.0 -79.07755618250424,33.81310272101098,0.0 -79.0775573955239,33.81310367448911,0.0 -79.07755854695432,33.81310467704945,0.0 -79.07755963484657,33.8131057274941,0.0 -79.07756065549574,33.813106822546416,0.0 -79.07756160626761,33.81310795908815,0.0 -79.07756248433527,33.813109134882104,0.0 -79.07756328852076,33.81311034520689,0.0 -79.07756401580444,33.81311158870604,0.0 -79.07756466481561,33.81311286153915,0.0 -79.0775652331128,33.813114159707155,0.0 -79.07756571913254,33.813115480250396,0.0 -79.07756612257496,33.81311681948705,0.0 -79.07756644206934,33.81311817357653,0.0 -79.07756667693029,33.81311954059862,0.0 -79.07756682510183,33.813120914792634,0.0 -79.07756688823277,33.813122293674475,0.0 -79.07756686388169,33.81312367324521,0.0 -79.07756675408291,33.81312504925908,0.0 -79.07756655922186,33.81312641995431,0.0 -79.07756627812054,33.813127780609626,0.0 -79.07756591281326,33.813129126979256,0.0 -79.0775654638782,33.8131304564207,0.0 -79.07756493208618,33.813131765410475,0.0 -79.07756431947153,33.81313304970287,0.0 -79.07756362768322,33.81313430681383,0.0 -79.07756285768473,33.8131355323391,0.0 -79.07756201326654,33.81313672411171,0.0 -79.0775610950068,33.81313787948908,0.0 -79.0775601051326,33.813138993344594,0.0 -79.07755904831244,33.81314006455077,0.0 -79.07755792424636,33.813141089425486,0.0 -79.07755673905918,33.8131420652382,0.0 -79.0775554943997,33.813142989504655,0.0 -79.07755419279499,33.81314386078033,0.0 -79.07755283949169,33.81314467529506,0.0 -79.07755143701677,33.813145431604134,0.0 -79.07754998916074,33.81314612754069,0.0 -79.07754849845057,33.81314676165999,0.0 -79.07754697188899,33.813147332270745,0.0 -79.07754541112502,33.81314783688883,0.0 -79.07754382063443,33.81314827526752,0.0 -79.07754220401497,33.81314864612081,0.0 -79.07754056719872,33.81314894759869,0.0 -79.07753891466149,33.81314917945444,0.0 -79.07753724854479,33.81314934200514,0.0 -79.0775355749734,33.813149432520014,0.0 -79.07753389784497,33.81314945339493,0.0 -79.07753222182806,33.81314940350225,0.0 -79.07753055052048,33.8131492815559,0.0 -79.0775288899614,33.81314909026883,0.0 -79.07704787743066,33.81308319299086,0.0 -79.07704207377786,33.8130819044878,0.0 -79.07686423663449,33.81302693948629,0.0 -79.07686108419838,33.813025806159125,0.0</coordinates>
                    </LinearRing>
                </outerBoundaryIs>
            </Polygon>
        </Placemark>
        <Placemark id="419004">
            <name>Wetland_45496</name>
            <styleUrl>#419009</styleUrl>
            <Polygon id="419003">
                <outerBoundaryIs>
                    <LinearRing id="419007">
                        <coordinates>-79.07304117736487,33.812306785214176,0.0 -79.07304307329491,33.812306840461275,0.0 -79.073044970833,33.812306827741864,0.0 -79.07304686676684,33.812306746580234,0.0 -79.07304875554993,33.81230659706438,0.0 -79.0730506346552,33.81230638063882,0.0 -79.07305249979966,33.81230609666932,0.0 -79.0730543488417,33.81230574483872,0.0 -79.07305617779811,33.81230532819471,0.0 -79.07305798238583,33.81230484610291,0.0 -79.07305976027052,33.8123042991271,0.0 -79.0730615067837,33.81230368839466,0.0 -79.07306321920557,33.812303016231,0.0 -79.07306489413104,33.812302283041234,0.0 -79.0730665290331,33.81230149026993,0.0 -79.07306812031399,33.812300639203094,0.0 -79.07306966418311,33.81229973200746,0.0 -79.07307115918421,33.81229877028622,0.0 -79.07307260045596,33.8122977560477,0.0 -79.07307398780556,33.81229669017258,0.0 -79.07307531598627,33.81229557643091,0.0 -79.07307658499803,33.81229441482267,0.0 -79.0730777906648,33.81229320927642,0.0 -79.07307893133749,33.812291962276085,0.0 -79.0730800046819,33.81229067438542,0.0 -79.07308100759265,33.812289349691426,0.0 -79.073081940755,33.81228799011447,0.0 -79.07308279911486,33.81228659854366,0.0 -79.07308358442826,33.81228517705775,0.0 -79.07308429271188,33.81228372870441,0.0 -79.07308492319468,33.812282257007126,0.0 -79.0730854756839,33.812280762846754,0.0 -79.07308594688146,33.81227925119113,0.0 -79.07308633873609,33.812277723238324,0.0 -79.07308664794981,33.812276183956264,0.0 -79.073086876664,33.81227463366207,0.0 -79.0730870215807,33.812273077323724,0.0 -79.07308708445584,33.812271517020044,0.0 -79.07308706344764,33.8122699561158,0.0 -79.07308696011937,33.81226839757082,0.0 -79.07410691882929,33.813092853234075,0.0 -79.07410912362624,33.81309482118028,0.0 -79.0741101867792,33.813095928930046,0.0 -79.07439985472222,33.81341466280728,0.0 -79.07440146754664,33.81341661310835,0.0 -79.07461216455987,33.81369674584316,0.0 -79.07490000443585,33.81407346328092,0.0 -79.07494353424985,33.81410992694783,0.0 -79.07494458584321,33.814110850185806,0.0 -79.07494558438977,33.81411181376648,0.0 -79.07494652599183,33.81411281529407,0.0 -79.07494740908608,33.814113851808855,0.0 -79.07494823191642,33.81411492123201,0.0 -79.07494899165599,33.814116021326186,0.0 -79.07494968869031,33.814117150329686,0.0 -79.07495031950715,33.81411830408495,0.0 -79.07495088429933,33.81411948171106,0.0 -79.07495138043264,33.8141206800898,0.0 -79.0750490611056,33.814376021093814,0.0 -79.07540739205761,33.81487612442662,0.0 -79.07554562338572,33.814991573839684,0.0 -79.07577800510151,33.81508845733245,0.0 -79.07577948539962,33.81508911392677,0.0 -79.07578092252359,33.81508983142305,0.0 -79.07578231326099,33.815090609345795,0.0 -79.07578365264331,33.81509144514048,0.0 -79.07578493891448,33.81509233672833,0.0 -79.07578616710589,33.81509328155489,0.0 -79.07578733458337,33.81509427650201,0.0 -79.07578843832731,33.81509532021328,0.0 -79.07578947463267,33.81509640941183,0.0 -79.0757904419361,33.81509754113803,0.0 -79.07579133760336,33.81509871227374,0.0 -79.07579215792953,33.81509991954224,0.0 -79.07579290135116,33.8151011599839,0.0 -79.07579356737568,33.815102430797516,0.0 -79.0757941516128,33.81510372678624,0.0 -79.07579465532604,33.81510504722773,0.0 -79.07579507412504,33.81510638692499,0.0 -79.0757954098516,33.81510774251317,0.0 -79.07579566006424,33.81510910999322,0.0 -79.07579582319958,33.815110486405565,0.0 -79.07579590109938,33.815111868385266,0.0 -79.07579589239295,33.815113252091905,0.0 -79.0757957959024,33.81511463280408,0.0 -79.07579561434753,33.8151160081964,0.0 -79.07579534655038,33.81511737354749,0.0 -79.07579499308922,33.81511872621485,0.0 -79.07579455619125,33.81512006107183,0.0 -79.07579403604922,33.81512137723771,0.0 -79.07579343401228,33.815122668546415,0.0 -79.07579275172942,33.815123932514055,0.0 -79.07579199192045,33.81512516681511,0.0 -79.07579115554908,33.81512636704535,0.0 -79.07579024552784,33.81512752999848,0.0 -79.07578926262768,33.81512865215108,0.0 -79.07578821151732,33.81512973237564,0.0 -79.07578709442392,33.8151307655457,0.0 -79.07578591368186,33.81513175109735,0.0 -79.0757846734672,33.815132685102064,0.0 -79.07578337649977,33.81513356523442,0.0 -79.07578202569212,33.81513438828809,0.0 -79.07578062444938,33.81513515385788,0.0 -79.07577917782574,33.81513585905452,0.0 -79.07577768941904,33.815136502592,0.0 -79.07577616214189,33.81513708126395,0.0 -79.07577460047015,33.81513759482386,0.0 -79.0757730092653,33.815138041263225,0.0 -79.07577139193245,33.815138420176886,0.0 -79.07576975314032,33.81513873043737,0.0 -79.07576809775028,33.81513897003625,0.0 -79.075766427904,33.815139139290665,0.0 -79.0757647514825,33.81513923754877,0.0 -79.07576306955661,33.81513926496903,0.0 -79.07576138893663,33.815139220741145,0.0 -79.075759713713,33.815139106380045,0.0 -79.07575804767632,33.81513891971886,0.0 -79.0757563945317,33.81513866403433,0.0 -79.0757547602112,33.81513833747669,0.0 -79.07575314861266,33.81513794244177,0.0 -79.0757515638265,33.81513748044465,0.0 -79.07575001032868,33.81513695123862,0.0 -79.07574849201694,33.81513635721967,0.0 -79.07551135700147,33.815037491285196,0.0 -79.07551002623308,33.81503690411547,0.0 -79.07550873077943,33.81503626670203,0.0 -79.07550747151858,33.81503558008432,0.0 -79.07550625215555,33.81503484753908,0.0 -79.07550507609548,33.81503406866112,0.0 -79.07550394383088,33.81503324625145,0.0 -79.07550285945229,33.81503238182524,0.0 -79.07535805962762,33.81491144921953,0.0 -79.07535623533087,33.81490979319202,0.0 -79.07535319512085,33.81490624202122,0.0 -79.0749908235361,33.81440049673133,0.0 -79.07498833400787,33.81439610132627,0.0 -79.07498791111364,33.814395068389246,0.0 -79.07489146296966,33.81414295172688,0.0 -79.07485095858858,33.81410902035147,0.0 -79.07484916805089,33.81410739204354,0.0 -79.07484661235792,33.81410449642025,0.0 -79.07455681613936,33.8137252165858,0.0 -79.0743467177598,33.813445879894836,0.0 -79.07405938775942,33.81312971828537,0.0 -79.07304117736487,33.812306785214176,0.0</coordinates>
                    </LinearRing>
                </outerBoundaryIs>
            </Polygon>
        </Placemark>
        <Placemark id="419013">
            <name>Wetland_45497</name>
            <styleUrl>#419018</styleUrl>
            <Polygon id="419012">
                <outerBoundaryIs>
                    <LinearRing id="419016">
                        <coordinates>-79.07357490679925,33.818596296640926,0.0 -79.07330397598714,33.81803117953235,0.0 -79.07324550701223,33.81793903600254,0.0 -79.07324382684023,33.817935918083194,0.0 -79.07316500074678,33.81776043919653,0.0 -79.07290225247439,33.817225800040404,0.0 -79.07284939371603,33.81711824060781,0.0 -79.07275868924438,33.81695090977191,0.0 -79.07257955365898,33.816747859289684,0.0 -79.07240945631794,33.81664805859273,0.0 -79.07216328096861,33.81657236169552,0.0 -79.07216047267747,33.81657137288939,0.0 -79.07171955825771,33.81639556791613,0.0 -79.07147625333377,33.816302281169854,0.0 -79.071474763709,33.816301672245444,0.0 -79.07147331317206,33.81630100090547,0.0 -79.07147190669136,33.816300269704584,0.0 -79.07147054728654,33.81629947999938,0.0 -79.07146923866242,33.81629863506669,0.0 -79.07146798403156,33.81629773538227,0.0 -79.0711254498732,33.81603940274226,0.0 -79.07112479865346,33.816038897976384,0.0 -79.07069478648239,33.81569628661837,0.0 -79.07066771222874,33.81568731775931,0.0 -79.07066633624886,33.81568683114298,0.0 -79.0706649889696,33.81568629421366,0.0 -79.07066367379612,33.81568570656643,0.0 -79.07066239160639,33.81568506924071,0.0 -79.07066114736887,33.815684384791076,0.0 -79.07065994196148,33.81568365425703,0.0 -79.07065877840391,33.8156828789952,0.0 -79.07065765971572,33.8156820603622,0.0 -79.07026234196591,33.815379197726955,0.0 -79.07017910994315,33.81531543087759,0.0 -79.06992894088553,33.815181148950614,0.0 -79.06993085774205,33.81518089177751,0.0 -79.06993275800599,33.815180563941986,0.0 -79.06993463915009,33.815180166888545,0.0 -79.06993649669847,33.81517970086355,0.0 -79.06993832705302,33.815179167152955,0.0 -79.06994012661593,33.815178567042665,0.0 -79.06994189198188,33.81517790093761,0.0 -79.0699436193601,33.815177171004564,0.0 -79.06994530515276,33.81517637852945,0.0 -79.0699469468325,33.815175524956636,0.0 -79.0699485397306,33.81517461141343,0.0 -79.06995008219793,33.815173640383804,0.0 -79.0699515706364,33.815172613153656,0.0 -79.06995300086976,33.81517153365127,0.0 -79.06995437075629,33.815170401559485,0.0 -79.06995567845408,33.81516922024312,0.0 -79.06995692124315,33.81516799202744,0.0 -79.06995809513984,33.815166719960025,0.0 -79.06995919975859,33.815165405802496,0.0 -79.06996023111583,33.81516405260248,0.0 -79.06996118775517,33.81516266196306,0.0 -79.06996206871257,33.81516123828835,0.0 -79.06996287126805,33.81515978390374,0.0 -79.0699635937724,33.81515830129311,0.0 -79.06996423457645,33.81515679294039,0.0 -79.069964793787,33.815155263408414,0.0 -79.06996526887683,33.815153714141665,0.0 -79.06996565995273,33.81515214970282,0.0 -79.06996596448751,33.81515057153646,0.0 -79.06996618472952,33.81514898452265,0.0 -79.06996631688803,33.815147390827946,0.0 -79.06996636359699,33.81514579357074,0.0 -79.06996632301434,33.81514419611583,0.0 -79.06996619543973,33.815142602145116,0.0 -79.06996598243629,33.81514101461839,0.0 -79.06996568235489,33.815139436019464,0.0 -79.06996529763663,33.81513787034759,0.0 -79.06996482770307,33.81513632024522,0.0 -79.07021714324196,33.81527172485308,0.0 -79.07022037693464,33.81527370431034,0.0 -79.07022155223385,33.81527456225386,0.0 -79.07042631503063,33.81543143805134,0.0 -79.07069771958145,33.815639368241236,0.0 -79.07072510008817,33.8156484379274,0.0 -79.07072654862402,33.81564895165846,0.0 -79.07072796496817,33.815649521551045,0.0 -79.07072934678628,33.81565014816882,0.0 -79.07073068930275,33.815650828076386,0.0 -79.07073199037596,33.81565156095645,0.0 -79.07073324824997,33.8156523447302,0.0 -79.0707344566927,33.81565317756523,0.0 -79.07073561608983,33.815654057699874,0.0 -79.07116991138169,33.8160000814756,0.0 -79.0715083917486,33.81625535736504,0.0 -79.07174765528866,33.81634709614044,0.0 -79.07218757866407,33.816522503289725,0.0 -79.07243633823123,33.81659899481333,0.0 -79.07244133154249,33.81660094103906,0.0 -79.07244386284735,33.81660228622215,0.0 -79.07262179757335,33.81670668682804,0.0 -79.07262300479198,33.81670742942589,0.0 -79.07262416996866,33.816708217633014,0.0 -79.07262528794216,33.81670904977564,0.0 -79.07262635929072,33.81670992321135,0.0 -79.0726273799239,33.81671083642487,0.0 -79.07262834808563,33.81671178733748,0.0 -79.07262926075622,33.8167127745925,0.0 -79.07281352674077,33.81692164095119,0.0 -79.07281543635132,33.81692406898951,0.0 -79.07281692142377,33.816926476900534,0.0 -79.07290925587104,33.8170968117823,0.0 -79.07290970653443,33.817097682419096,0.0 -79.07296108914207,33.81720223776266,0.0 -79.07322570669656,33.817740682894275,0.0 -79.07322606272973,33.81774144039177,0.0 -79.07330434196605,33.817915700601034,0.0 -79.07336264900255,33.81800758913209,0.0 -79.07336407801793,33.81801016241914,0.0 -79.07362964422414,33.81856408887589,0.0 -79.07371736814437,33.81874706562789,0.0 -79.07442993589937,33.819341699082344,0.0 -79.07456758613651,33.819445632859974,0.0 -79.07456879427075,33.81944659381341,0.0 -79.07456994168695,33.81944760488648,0.0 -79.07457102360904,33.81944866264387,0.0 -79.07457203828088,33.81944976500674,0.0 -79.07457298306818,33.81945090885701,0.0 -79.07457385407298,33.819452091798624,0.0 -79.07457465011748,33.81945330911032,0.0 -79.07457536944534,33.819454558713275,0.0 -79.07457600835158,33.81945583733082,0.0 -79.07457656760715,33.81945714143951,0.0 -79.07457704350689,33.81945846776259,0.0 -79.07457743701464,33.81945981189592,0.0 -79.07457774549611,33.81946117072118,0.0 -79.07457796845871,33.81946254143739,0.0 -79.07457810472457,33.819463919323255,0.0 -79.0745781548719,33.81946530173615,0.0 -79.07457811879372,33.81946668411335,0.0 -79.07457799619016,33.81946806277288,0.0 -79.07457778656868,33.81946943491374,0.0 -79.07457749196395,33.819470796290254,0.0 -79.07457711314694,33.81947214337898,0.0 -79.07457664981794,33.819473472498125,0.0 -79.07457610488963,33.81947478044135,0.0 -79.07457547825504,33.81947606264587,0.0 -79.07457477137044,33.81947731750863,0.0 -79.07457398734142,33.81947854094244,0.0 -79.07457312820269,33.81947972870174,0.0 -79.07457219648137,33.81948087934194,0.0 -79.07457119294861,33.819481989339586,0.0 -79.07457012070988,33.81948305460763,0.0 -79.0745689846269,33.819484073137865,0.0 -79.07456778527798,33.819485042287646,0.0 -79.07456652771758,33.819485959167885,0.0 -79.07456521359485,33.81948682129459,0.0 -79.07456384757876,33.8194876275403,0.0 -79.07456243365291,33.819488374857386,0.0 -79.07456097346642,33.81948906076178,0.0 -79.07455947402279,33.81948968356236,0.0 -79.07455793658563,33.81949024253687,0.0 -79.07455636601661,33.81949073567689,0.0 -79.07455476698475,33.81949116185515,0.0 -79.0745531430881,33.81949151978543,0.0 -79.07455149899566,33.81949180834045,0.0 -79.0745498393764,33.819492026392666,0.0 -79.07454816744283,33.8194921744178,0.0 -79.07454649000566,33.81949225160546,0.0 -79.07454480832854,33.81949225723337,0.0 -79.0745431301002,33.81949219153065,0.0 -79.07454145726963,33.819492055695214,0.0 -79.07453979469855,33.81949184771878,0.0 -79.07453814823381,33.819491571195215,0.0 -79.07453652040265,33.81949122467991,0.0 -79.07453491763022,33.81949080912431,0.0 -79.07453334167272,33.81949032660713,0.0 -79.07453179876256,33.81948977896056,0.0 -79.07453029230504,33.81948916577948,0.0 -79.07452882619812,33.819488489459815,0.0 -79.0745274043396,33.81948775239739,0.0 -79.07452602974944,33.81948695594887,0.0 -79.07452470739626,33.81948610266862,0.0 -79.0745234403,33.81948519391315,0.0 -79.07438517322159,33.81938079499891,0.0 -79.07438399843679,33.819379863534266,0.0 -79.07366619753029,33.81878086285087,0.0 -79.07366507442194,33.8187798771894,0.0 -79.07366401320961,33.818778846130044,0.0 -79.07366301545675,33.81877777263252,0.0 -79.07366208613193,33.818776659251256,0.0 -79.07366122465689,33.81877550862879,0.0 -79.07366043473677,33.81877432404197,0.0 -79.07365971919843,33.81877310772811,0.0 -79.07365907814896,33.81877186424997,0.0 -79.07357490679925,33.818596296640926,0.0</coordinates>
                    </LinearRing>
                </outerBoundaryIs>
            </Polygon>
        </Placemark>
        <Placemark id="419022">
            <name>Wetland_45498</name>
            <styleUrl>#419027</styleUrl>
            <Polygon id="419021">
                <outerBoundaryIs>
                    <LinearRing id="419025">
                        <coordinates>-79.0692107528212,33.81458770290349,0.0 -79.06880176787108,33.814224418911095,0.0 -79.06880005316724,33.814222979966864,0.0 -79.06819169651769,33.81374018120347,0.0 -79.068110502349,33.81366534657651,0.0 -79.06820389975806,33.813666809631194,0.0 -79.06856984296311,33.81363135472355,0.0 -79.0691033162338,33.813606758004525,0.0 -79.06939964924445,33.813594923632984,0.0 -79.06975498764967,33.81359224862634,0.0 -79.06984386419353,33.81358973779164,0.0 -79.0698433963908,33.81361054192704,0.0 -79.06984192715439,33.81367598742708,0.0 -79.06986911795029,33.81378350265428,0.0 -79.0699153007145,33.81392426757151,0.0 -79.0699424915049,33.81403178362708,0.0 -79.06996986528003,33.81413106487468,0.0 -79.06991720689719,33.81427851940306,0.0 -79.06974709100346,33.814382946649815,0.0 -79.06954682043624,33.81451161412334,0.0 -79.06946128971181,33.814587247736064,0.0 -79.06939525943872,33.81460157079185,0.0 -79.06935179476265,33.81459482258743,0.0 -79.0692107528212,33.81458770290349,0.0</coordinates>
                    </LinearRing>
                </outerBoundaryIs>
            </Polygon>
        </Placemark>
        <Placemark id="419031">
            <name>Wetland_45499</name>
            <styleUrl>#419036</styleUrl>
            <Polygon id="419030">
                <outerBoundaryIs>
                    <LinearRing id="419034">
                        <coordinates>-79.03840177868811,33.807482839730724,0.0 -79.03849917400416,33.80741767131715,0.0 -79.03852455045053,33.80737235669274,0.0 -79.03853612177471,33.80735169494822,0.0 -79.03860832226839,33.80729367527439,0.0 -79.03866365800228,33.80719840852776,0.0 -79.03869208247399,33.807117504341754,0.0 -79.0387033030699,33.80701413879717,0.0 -79.03872236451431,33.80695527452183,0.0 -79.03884736927085,33.806912885620065,0.0 -79.03893728480273,33.80685514941913,0.0 -79.03903639393685,33.806782763817125,0.0 -79.03911129453104,33.806606451939984,0.0 -79.03916645864211,33.806518577114076,0.0 -79.03924819200569,33.80643112577636,0.0 -79.03931221176757,33.806343391047335,0.0 -79.03934949205389,33.806262627829646,0.0 -79.0393952940865,33.80619679302579,0.0 -79.03946867590831,33.80608701904423,0.0 -79.03955943397999,33.80599231431276,0.0 -79.0396772667993,33.80587585168242,0.0 -79.03971521930882,33.80576551519953,0.0 -79.03972644049885,33.80566214968855,0.0 -79.03974634431259,33.80556631889487,0.0 -79.03978379336502,33.80547816215508,0.0 -79.03982141084377,33.80538261193411,0.0 -79.03984933133775,33.805323887243574,0.0 -79.0399126731762,33.80526572645705,0.0 -79.03997618662801,33.805200172647126,0.0 -79.0400664354528,33.80512764747342,0.0 -79.0400946926402,33.80505413577903,0.0 -79.04010489697487,33.80499513011936,0.0 -79.04012412535269,33.80492887199186,0.0 -79.0401695891909,33.80487782281259,0.0 -79.04021589513825,33.80478980716743,0.0 -79.04024048018667,33.8047080100675,0.0 -79.04024465601424,33.804694116608,0.0 -79.04026439086522,33.80460567730796,0.0 -79.0402664151024,33.80451695881637,0.0 -79.04020593778388,33.80444943266119,0.0 -79.04021023902308,33.80442731354996,0.0 -79.04022398684076,33.8044349278711,0.0 -79.04037454382662,33.80443732024396,0.0 -79.0404465759035,33.804386694182966,0.0 -79.04054483830973,33.80435127440018,0.0 -79.04065229280168,33.80430120943284,0.0 -79.04077729188107,33.80425882005467,0.0 -79.04091013413512,33.804260930230605,0.0 -79.04104314907156,33.80425564741759,0.0 -79.04113238570349,33.80422748127246,0.0 -79.04124768742977,33.80422191605682,0.0 -79.04137201154262,33.80420909976206,0.0 -79.0415854042535,33.8041755076667,0.0 -79.041764385064,33.804096994516634,0.0 -79.04195070126657,33.804085160661586,0.0 -79.04209240068998,33.804087411537544,0.0 -79.04226986347747,33.80407543663466,0.0 -79.04238550230696,33.80405508437096,0.0 -79.04253740658405,33.803998327317174,0.0 -79.04269681915325,33.804000858519885,0.0 -79.04282080661478,33.80400282585359,0.0 -79.04304288414627,33.803976766049445,0.0 -79.04318458807315,33.80397901445966,0.0 -79.04338828159734,33.80398224724738,0.0 -79.04354769328378,33.80398477623618,0.0 -79.04369825076787,33.803987163556165,0.0 -79.04386652116304,33.803989833308314,0.0 -79.0440078846312,33.804006867029855,0.0 -79.04411382244523,33.804023339968104,0.0 -79.04425552396,33.80402558850838,0.0 -79.04434408616702,33.80402699186798,0.0 -79.04447827675214,33.80396995162463,0.0 -79.04455020032289,33.80388349304048,0.0 -79.04452673453228,33.803869888361795,0.0 -79.04442494222596,33.80382142145479,0.0 -79.04433250437282,33.80377310367067,0.0 -79.0442317793935,33.80367779975112,0.0 -79.04426267308268,33.803553350927864,0.0 -79.04424645914824,33.803443769649,0.0 -79.04420201691983,33.80334155107546,0.0 -79.04411910433979,33.80328557535392,0.0 -79.04404465519201,33.80326877685909,0.0 -79.04399068535722,33.80317421630859,0.0 -79.0439926396506,33.803088348986314,0.0 -79.04408810007645,33.80300396776281,0.0 -79.0441366283197,33.80292664957979,0.0 -79.04418675565366,33.80277907763665,0.0 -79.04419788253801,33.80270116663395,0.0 -79.04419930392699,33.80263871874481,0.0 -79.04418255633816,33.802552557539634,0.0 -79.04413846813648,33.80243472678674,0.0 -79.0441030223674,33.80234826675074,0.0 -79.04404851610767,33.802277124978104,0.0 -79.04401218238283,33.80222969523937,0.0 -79.04386417651824,33.80215706799139,0.0 -79.04375356922446,33.802085034902376,0.0 -79.04369007377379,33.8019981323384,0.0 -79.04360840825554,33.80188751334741,0.0 -79.04349851424759,33.80178425580972,0.0 -79.04340696332451,33.80169690703661,0.0 -79.04327125985525,33.80157333012069,0.0 -79.04314782367386,33.80157566347661,0.0 -79.04302860844996,33.80157377288334,0.0 -79.04289429914948,33.80161849311587,0.0 -79.04275244649907,33.801686521049,0.0 -79.04261094753329,33.80173893587674,0.0 -79.04249732071644,33.80179960361957,0.0 -79.04232670267474,33.80189840867425,0.0 -79.04218467191707,33.80197424278488,0.0 -79.04201476422163,33.8020418228787,0.0 -79.04183497409225,33.80213267358843,0.0 -79.04168341366857,33.802216163093824,0.0 -79.04154102240216,33.80230760761645,0.0 -79.0413896395816,33.80238328998122,0.0 -79.04120984774727,33.802474140557415,0.0 -79.0410771628042,33.80255012088211,0.0 -79.04094412031628,33.8026417125908,0.0 -79.04084883953237,33.80271828516001,0.0 -79.04073396496568,33.802833593234546,0.0 -79.04055381649461,33.802940052828596,0.0 -79.04048622723205,33.803032684138486,0.0 -79.04039975865561,33.80313282328887,0.0 -79.04024225559799,33.803245296122846,0.0 -79.04022860333502,33.803255044840554,0.0 -79.04008639026779,33.8033386803158,0.0 -79.0399154113419,33.80345309448864,0.0 -79.03988540058806,33.803538513684614,0.0 -79.03985450042708,33.80366296413942,0.0 -79.03968263053221,33.803816406385465,0.0 -79.0395785292457,33.8038694127648,0.0 -79.03930718659598,33.80387290728644,0.0 -79.03916478953194,33.803964348678576,0.0 -79.03900351690451,33.80406329817351,0.0 -79.03890805271504,33.804147676432926,0.0 -79.03876583446979,33.804231309865365,0.0 -79.0386716169277,33.80426104781533,0.0 -79.0386072316859,33.80421317066852,0.0 -79.03858060499778,33.804150276403895,0.0 -79.0385924510503,33.80404114275101,0.0 -79.03870750635765,33.80391803260025,0.0 -79.03882291901854,33.8037793108012,0.0 -79.03889033151147,33.80369448623494,0.0 -79.03893868575018,33.8036249768674,0.0 -79.03899692861671,33.80353219680258,0.0 -79.0390478118154,33.80342516811397,0.0 -79.0390558809415,33.80340819462044,0.0 -79.03914413142054,33.80322999673421,0.0 -79.03922142701778,33.803121902342426,0.0 -79.03927227559608,33.802943109912235,0.0 -79.03927549103683,33.80293899161296,0.0 -79.03932045309371,33.802881405599074,0.0 -79.03935795933977,33.80283632223622,0.0 -79.0393781587015,33.802812044395175,0.0 -79.03940324208803,33.80269964132021,0.0 -79.03940941220972,33.80267198351578,0.0 -79.03941223260699,33.80264316283239,0.0 -79.03942161447185,33.802547238023585,0.0 -79.03946150912066,33.80243854921828,0.0 -79.03950985993347,33.80236903917829,0.0 -79.03962580593455,33.80220689816886,0.0 -79.03970256710917,33.802122222071695,0.0 -79.039844601421,33.802046392068235,0.0 -79.0399959863486,33.80197071097297,0.0 -79.04022359801527,33.801833770047125,0.0 -79.04033758171636,33.80175749354715,0.0 -79.04047943747447,33.80168946962621,0.0 -79.04056394496358,33.8016751938175,0.0 -79.0406313944421,33.801670643269425,0.0 -79.04065762709081,33.80166887404329,0.0 -79.04079841475766,33.801647685050156,0.0 -79.04089316160324,33.801594527517146,0.0 -79.0410263793955,33.801495129717956,0.0 -79.04115006774629,33.8014033895009,0.0 -79.04125452190219,33.80133476996007,0.0 -79.0413676146263,33.80129752188158,0.0 -79.04148052899802,33.80126808043779,0.0 -79.04159308720423,33.801254250616,0.0 -79.04166788763807,33.80125543956483,0.0 -79.04188561267951,33.80114176435905,0.0 -79.04203681588373,33.801073886367,0.0 -79.04218819573505,33.80099820214166,0.0 -79.04229282767157,33.80092177503191,0.0 -79.04234981607657,33.80088363637217,0.0 -79.04245462477746,33.800799402191984,0.0 -79.04256842753608,33.800730931179544,0.0 -79.04267215523764,33.8006157075305,0.0 -79.04269406920874,33.800553323550886,0.0 -79.04269546734665,33.80054705111106,0.0 -79.04269424733053,33.80054551679437,0.0 -79.04264045680223,33.80044314907892,0.0 -79.04254997713515,33.80030896436398,0.0 -79.0425124463285,33.80023184136045,0.0 -79.04246813792183,33.80020615123928,0.0 -79.04233812555827,33.80016504386178,0.0 -79.04223598436367,33.80013218758847,0.0 -79.04213473336577,33.80006030094416,0.0 -79.04203294964425,33.800011832004245,0.0 -79.04187417558332,33.80000150291507,0.0 -79.04172581861224,33.79994448519785,0.0 -79.04153142217389,33.79985550278139,0.0 -79.04134566601881,33.799797890932325,0.0 -79.04115884146329,33.799787114949424,0.0 -79.04105015296224,33.799785389004924,0.0 -79.04126498801833,33.799785410482,0.0 -79.04126962097446,33.799785206759516,0.0 -79.04139462083369,33.799774206945116,0.0 -79.04139651988909,33.79977400493683,0.0 -79.04139840647,33.79977373377692,0.0 -79.04140027697859,33.799773394750346,0.0 -79.04140212781711,33.79977298914213,0.0 -79.04140395470354,33.79977251631683,0.0 -79.04140575491753,33.79977197859915,0.0 -79.04140752417702,33.79977137535359,0.0 -79.04155841216915,33.7997167195882,0.0 -79.04174931988679,33.79965295280854,0.0 -79.04194746104604,33.79963747034848,0.0 -79.04266565536857,33.79975213055875,0.0 -79.04267306827838,33.799752738558354,0.0 -79.04315322789176,33.79975812627499,0.0 -79.04339585560116,33.79982751351281,0.0 -79.04493118676625,33.80032655305206,0.0 -79.04506589446477,33.80038010772952,0.0 -79.04501633808644,33.8004396811089,0.0 -79.04503073382743,33.80054505311473,0.0 -79.04505320452778,33.80066457020082,0.0 -79.04511827600484,33.80075672522804,0.0 -79.04518382952348,33.80082785959073,0.0 -79.04523291298325,33.80088471279763,0.0 -79.04524874400713,33.80092702128538,0.0 -79.04531508884337,33.80096312062981,0.0 -79.04538112133865,33.80101323377262,0.0 -79.04541326047732,33.80107682752204,0.0 -79.04544444313638,33.801182465348255,0.0 -79.04546786952403,33.80125994065235,0.0 -79.04555052692925,33.801317326634326,0.0 -79.04562479183721,33.80137457966707,0.0 -79.04573278780627,33.80142535788517,0.0 -79.04579849968,33.8014894850802,0.0 -79.04588051863763,33.80157489816362,0.0 -79.04594591290892,33.80165303917646,0.0 -79.04601178577016,33.80171015907208,0.0 -79.04606926304757,33.80176714471508,0.0 -79.04615160235379,33.80183854486211,0.0 -79.04620892224217,33.80190253894067,0.0 -79.04626656021065,33.801952518195016,0.0 -79.0463411440265,33.80199575681046,0.0 -79.04642443964492,33.80202511357286,0.0 -79.04652515708398,33.80202670913841,0.0 -79.04658502718891,33.80197859109306,0.0 -79.04657886187627,33.80188036137574,0.0 -79.04653928454968,33.80177459201438,0.0 -79.04649099711986,33.80168270283661,0.0 -79.04645126050116,33.80158394073711,0.0 -79.04636907944413,33.801505534181594,0.0 -79.04626963491332,33.801447882963465,0.0 -79.04607090583642,33.801325572935895,0.0 -79.0460474777609,33.80124809760192,0.0 -79.04602357380635,33.80119164189848,0.0 -79.04600014367674,33.80111416622355,0.0 -79.04600285360988,33.80099504772569,0.0 -79.04606319935266,33.80092590935436,0.0 -79.04614033011637,33.800857036643826,0.0 -79.04616804417891,33.80081827293584,0.0 -79.04694793750431,33.801128312452235,0.0 -79.04760810727043,33.80143803229531,0.0 -79.0476506589675,33.80148263796278,0.0 -79.04765187666278,33.801483845371294,0.0 -79.04765315751911,33.80148500667285,0.0 -79.04765449939534,33.80148612154985,0.0 -79.04765589965885,33.8014871868833,0.0 -79.04765735441354,33.80148820027636,0.0 -79.04765886278177,33.80148916068941,0.0 -79.0476604197969,33.8014900655668,0.0 -79.0476594230136,33.80149128005808,0.0 -79.04764087912066,33.80151586183253,0.0 -79.04762334643911,33.80154175589119,0.0 -79.04760744314498,33.80156767975626,0.0 -79.04759291089759,33.80159237098327,0.0 -79.04757895303045,33.80161468825867,0.0 -79.04756481557945,33.80163359300521,0.0 -79.04755024653998,33.80164837393584,0.0 -79.04753537373418,33.801659123677624,0.0 -79.04752031963567,33.801667190016644,0.0 -79.04750495092576,33.801675067808574,0.0 -79.04748907318638,33.80168563663797,0.0 -79.04747283567602,33.801701080412805,0.0 -79.04745697409342,33.801722072130275,0.0 -79.04744261223944,33.80174752891516,0.0 -79.04743065069304,33.80177504608555,0.0 -79.0474211004462,33.80180183962272,0.0 -79.04741285336115,33.8018258289256,0.0 -79.04740419008819,33.8018463051203,0.0 -79.04739379781098,33.801863881958546,0.0 -79.04738137937628,33.801879920461054,0.0 -79.0473674535552,33.801895881769944,0.0 -79.04735269161819,33.801912864042585,0.0 -79.04733749352594,33.80193128675407,0.0 -79.04732215368854,33.801950815247125,0.0 -79.04730729267347,33.801970685786735,0.0 -79.04729413070696,33.80199030362705,0.0 -79.0472844725391,33.80200959454269,0.0 -79.04728030631216,33.80202880253842,0.0 -79.04728305380326,33.80204795663932,0.0 -79.04729271775916,33.80206657524242,0.0 -79.04730007551744,33.80207512787532,0.0 -79.04729463121879,33.80213191487386,0.0 -79.0473037667246,33.802244619648576,0.0 -79.04731804018357,33.80231697668236,0.0 -79.04731792534803,33.80231925601069,0.0 -79.04732207073982,33.80234899430746,0.0 -79.04733006949891,33.802382470029244,0.0 -79.04734014988287,33.80241786154606,0.0 -79.04735106337655,33.80245294192899,0.0 -79.0473624185659,33.80248559320782,0.0 -79.04737443362721,33.80251436079621,0.0 -79.0473793806154,33.8025236498562,0.0 -79.04737768788065,33.80252439823472,0.0 -79.04737603709277,33.80252520740285,0.0 -79.04737443184949,33.80252607607542,0.0 -79.04737287360747,33.80252700264949,0.0 -79.04737136742109,33.80252798423722,0.0 -79.04736991581758,33.80252901939446,0.0 -79.04736852025344,33.802530106518496,0.0 -79.04736718451959,33.80253124344331,0.0 -79.04736591133621,33.802532427844014,0.0 -79.04736470342345,33.80253365739584,0.0 -79.04736356262413,33.80253492873434,0.0 -79.0473624902017,33.802536241137474,0.0 -79.04736149014012,33.80253759155842,0.0 -79.04736056321137,33.80253897647402,0.0 -79.04735971106523,33.80254039340053,0.0 -79.0473105840306,33.80262691731738,0.0 -79.04643824000424,33.803414428066375,0.0 -79.04643717692063,33.80341542535997,0.0 -79.04643380045488,33.803419180689524,0.0 -79.04435967815674,33.80607300204138,0.0 -79.04426457936253,33.805985680080454,0.0 -79.04413006219738,33.805915858011105,0.0 -79.04400771294996,33.805837562436636,0.0 -79.04388536092893,33.805759265367186,0.0 -79.04371312160075,33.8055765531355,0.0 -79.04361739151116,33.805476861827735,0.0 -79.04358759193136,33.805350949217356,0.0 -79.04359044726631,33.80522555266266,0.0 -79.04353539176107,33.80506105967548,0.0 -79.04348537920475,33.80496209436539,0.0 -79.04335662361976,33.80487824258067,0.0 -79.04321959946934,33.8048706138369,0.0 -79.04299114280381,33.80486153408858,0.0 -79.04276318199403,33.80483064685929,0.0 -79.04251475957226,33.80483761123957,0.0 -79.04232474540156,33.804861864555136,0.0 -79.04201001828497,33.80491140853016,0.0 -79.04177354126864,33.804967647597536,0.0 -79.04160237277597,33.80502492212093,0.0 -79.04143711223033,33.80510956198342,0.0 -79.04124585280036,33.805188332775906,0.0 -79.04112002450995,33.80526268997126,0.0 -79.04103263692511,33.80537038172916,0.0 -79.04096409857604,33.8055110955158,0.0 -79.04094139688048,33.80564708384936,0.0 -79.04101678638604,33.80577917640897,0.0 -79.04112445724091,33.80592814406455,0.0 -79.04123262493668,33.806055303722594,0.0 -79.04132057826223,33.80620941198669,0.0 -79.04141493825284,33.80636907536124,0.0 -79.04151570817976,33.80653429430361,0.0 -79.04159849833891,33.80662832670566,0.0 -79.04163857985611,33.80666576419134,0.0 -79.03935975107281,33.80704867646721,0.0 -79.0393579046192,33.80704902087342,0.0 -79.03935607783568,33.80704943186095,0.0 -79.03935427451343,33.807049907263945,0.0 -79.03935249912816,33.80705044683732,0.0 -79.03935075294349,33.80705104985896,0.0 -79.03934903975068,33.80705171416335,0.0 -79.03934736402537,33.80705243950514,0.0 -79.03934572829496,33.807053224440416,0.0 -79.03934413528016,33.80705406664474,0.0 -79.03934258857902,33.80705496483306,0.0 -79.03934109178967,33.80705591772052,0.0 -79.03933964529826,33.80705692354541,0.0 -79.03933825396679,33.80705798030099,0.0 -79.03933691944518,33.8070590855037,0.0 -79.03933564533155,33.80706023786872,0.0 -79.03850838895086,33.80784152574745,0.0 -79.0384145988584,33.807606125328334,0.0 -79.03841661422068,33.80751445802059,0.0 -79.03840177868811,33.807482839730724,0.0</coordinates>
                    </LinearRing>
                </outerBoundaryIs>
            </Polygon>
        </Placemark>
        <Placemark id="419040">
            <name>Wetland_45500</name>
            <styleUrl>#419045</styleUrl>
            <Polygon id="419039">
                <outerBoundaryIs>
                    <LinearRing id="419043">
                        <coordinates>-79.04867187551201,33.80575300178105,0.0 -79.04863967010412,33.8057215763296,0.0 -79.04858224036614,33.80571379825468,0.0 -79.04852884711309,33.80570951818102,0.0 -79.04845511824163,33.8056946115045,0.0 -79.04840187925181,33.80568346338554,0.0 -79.0483568688216,33.805672447168604,0.0 -79.04829975086389,33.80565093345584,0.0 -79.04824309999111,33.80560881638894,0.0 -79.04817132350827,33.80550806642151,0.0 -79.04816756820537,33.80548809727542,0.0 -79.0481701772411,33.805490411392014,0.0 -79.04819365259794,33.80550454676117,0.0 -79.04822099189951,33.80551551198737,0.0 -79.04825075834329,33.80552258465741,0.0 -79.0482805970478,33.80552491891328,0.0 -79.04830783188146,33.80552218146679,0.0 -79.0483301813665,33.805514956996866,0.0 -79.04834620548351,33.80550452521857,0.0 -79.04835538381886,33.80549227223919,0.0 -79.0483566042778,33.80548609260833,0.0 -79.04846313110089,33.80552299001972,0.0 -79.04858582730697,33.80555584498863,0.0 -79.04872101946827,33.80558202997097,0.0 -79.048881746116,33.805570833447334,0.0 -79.04901577088322,33.80564852316217,0.0 -79.04898612108553,33.80568583887572,0.0 -79.048927597551,33.80572613201611,0.0 -79.04888016993596,33.805821561700526,0.0 -79.0488179245883,33.805844621742814,0.0 -79.04874435422313,33.80582284702215,0.0 -79.0487121496349,33.805791422633455,0.0 -79.04867187551201,33.80575300178105,0.0</coordinates>
                    </LinearRing>
                </outerBoundaryIs>
            </Polygon>
        </Placemark>
        <Placemark id="419049">
            <name>Wetland_45501</name>
            <styleUrl>#419054</styleUrl>
            <Polygon id="419048">
                <outerBoundaryIs>
                    <LinearRing id="419052">
                        <coordinates>-79.04094139688048,33.80564708384936,0.0 -79.04096409857604,33.8055110955158,0.0 -79.04103263692511,33.80537038172916,0.0 -79.04112002450995,33.80526268997126,0.0 -79.04124585280036,33.805188332775906,0.0 -79.04143711223033,33.80510956198342,0.0 -79.04160237277597,33.80502492212093,0.0 -79.04177354126864,33.804967647597536,0.0 -79.04201001828497,33.80491140853016,0.0 -79.04232474540156,33.804861864555136,0.0 -79.04251475957226,33.80483761123957,0.0 -79.04276318199403,33.80483064685929,0.0 -79.04299114280381,33.80486153408858,0.0 -79.04321959946934,33.8048706138369,0.0 -79.04335662361976,33.80487824258067,0.0 -79.04348537920475,33.80496209436539,0.0 -79.04353539176107,33.80506105967548,0.0 -79.04359044726631,33.80522555266266,0.0 -79.04358759193136,33.805350949217356,0.0 -79.04361739151116,33.805476861827735,0.0 -79.04371312160075,33.8055765531355,0.0 -79.04388536092893,33.805759265367186,0.0 -79.04400771294996,33.805837562436636,0.0 -79.04413006219738,33.805915858011105,0.0 -79.04426457936253,33.805985680080454,0.0 -79.04435967815674,33.80607300204138,0.0 -79.04423778245166,33.80622895881257,0.0 -79.04410515809812,33.80625124952047,0.0 -79.04381665401695,33.8061944930749,0.0 -79.04367421469115,33.80613769437116,0.0 -79.0435645532367,33.80607596121194,0.0 -79.04329199062471,33.805995279881316,0.0 -79.04313561917725,33.80597643737766,0.0 -79.04294349015635,33.80609337539574,0.0 -79.04283626213163,33.80621166062491,0.0 -79.04286618550785,33.80633212323944,0.0 -79.04296219830087,33.80644333429375,0.0 -79.04163857985611,33.80666576419134,0.0 -79.04159849833891,33.80662832670566,0.0 -79.04151570817976,33.80653429430361,0.0 -79.04141493825284,33.80636907536124,0.0 -79.04132057826223,33.80620941198669,0.0 -79.04123262493668,33.806055303722594,0.0 -79.04112445724091,33.80592814406455,0.0 -79.04101678638604,33.80577917640897,0.0 -79.04094139688048,33.80564708384936,0.0</coordinates>
                    </LinearRing>
                </outerBoundaryIs>
            </Polygon>
        </Placemark>
        <Placemark id="419058">
            <name>Wetland_45502</name>
            <styleUrl>#419063</styleUrl>
            <Polygon id="419057">
                <outerBoundaryIs>
                    <LinearRing id="419061">
                        <coordinates>-79.04430106534639,33.80628037713054,0.0 -79.04442023268176,33.80612791070039,0.0 -79.04458177142901,33.806162995948235,0.0 -79.04484867273173,33.80620540649949,0.0 -79.0450624593945,33.80628515249714,0.0 -79.04525036984124,33.80635357892972,0.0 -79.04524086325709,33.80648432251896,0.0 -79.04512934000601,33.80650437184441,0.0 -79.04497912744161,33.80650198918367,0.0 -79.044855533589,33.80647821361501,0.0 -79.04474537400756,33.80643829019959,0.0 -79.04466799498691,33.80639342976569,0.0 -79.04451914707268,33.806331076931166,0.0 -79.04440220880757,33.806301953010774,0.0 -79.04429724413397,33.806284501150344,0.0 -79.04430106534639,33.80628037713054,0.0</coordinates>
                    </LinearRing>
                </outerBoundaryIs>
            </Polygon>
        </Placemark>
        <Placemark id="419067">
            <name>Wetland_45503</name>
            <styleUrl>#419072</styleUrl>
            <Polygon id="419066">
                <outerBoundaryIs>
                    <LinearRing id="419070">
                        <coordinates>-79.04313561917725,33.80597643737766,0.0 -79.04329199062471,33.805995279881316,0.0 -79.0435645532367,33.80607596121194,0.0 -79.04367421469115,33.80613769437116,0.0 -79.04381665401695,33.8061944930749,0.0 -79.04410515809812,33.80625124952047,0.0 -79.04296219830087,33.80644333429375,0.0 -79.04286618550785,33.80633212323944,0.0 -79.04283626213163,33.80621166062491,0.0 -79.04294349015635,33.80609337539574,0.0 -79.04313561917725,33.80597643737766,0.0</coordinates>
                    </LinearRing>
                </outerBoundaryIs>
            </Polygon>
        </Placemark>
        <Placemark id="419076">
            <name>Wetland_45504</name>
            <styleUrl>#419081</styleUrl>
            <Polygon id="419075">
                <outerBoundaryIs>
                    <LinearRing id="419079">
                        <coordinates>-79.04260387415559,33.81286864185764,0.0 -79.04257865728725,33.81268879348896,0.0 -79.0425431159174,33.81253325063079,0.0 -79.0424959451896,33.81245909121007,0.0 -79.0424885929897,33.81235293831774,0.0 -79.04252859343353,33.81231278775047,0.0 -79.0426644171305,33.8123557283767,0.0 -79.04272302917046,33.812356658625745,0.0 -79.04281001429236,33.812398822893535,0.0 -79.04291579060161,33.81247391315152,0.0 -79.04306082872829,33.81254146939137,0.0 -79.04314837127065,33.81255917191219,0.0 -79.04319628429766,33.81260071558976,0.0 -79.04323257093839,33.81272364220831,0.0 -79.04324820715749,33.81289518250084,0.0 -79.04330588808777,33.81293688109666,0.0 -79.04341333967162,33.81293858691212,0.0 -79.04357921295485,33.812949374590694,0.0 -79.0436573596734,33.81295061411356,0.0 -79.0437469441986,33.812878625863206,0.0 -79.04379782857909,33.8127897082264,0.0 -79.04388759965504,33.81270956530276,0.0 -79.04401644204637,33.81263004213657,0.0 -79.04412630589972,33.81252574663426,0.0 -79.04415913649814,33.812371289775754,0.0 -79.04416154980264,33.81226529100153,0.0 -79.04416322101119,33.81219190666515,0.0 -79.04420359232968,33.81213544976218,0.0 -79.04435011515815,33.81213777462636,0.0 -79.04446714806036,33.812147786424724,0.0 -79.04457515536065,33.81212502877745,0.0 -79.04464612740928,33.812011960354404,0.0 -79.04471710479909,33.811898891784196,0.0 -79.0447982172818,33.8117696698517,0.0 -79.04487933183078,33.811640447277064,0.0 -79.0448824871831,33.81150183317781,0.0 -79.04489744912472,33.81127368233746,0.0 -79.04489139260698,33.81111045074993,0.0 -79.04484403822492,33.811044446471925,0.0 -79.04476793414025,33.81095351455114,0.0 -79.04469108886724,33.81089519988243,0.0 -79.04461461280141,33.81082057626256,0.0 -79.04456195118729,33.81069620835228,0.0 -79.0445589767334,33.810689186335836,0.0 -79.04455875025178,33.81067947259693,0.0 -79.04430219588838,33.810696265956274,0.0 -79.04404019704039,33.810724833226736,0.0 -79.04386261143091,33.81077655755183,0.0 -79.04372346434167,33.81086161245641,0.0 -79.04357249847045,33.810891940311166,0.0 -79.04348684786153,33.81092330579935,0.0 -79.04320376548756,33.81101698555654,0.0 -79.04302763544561,33.81099576235727,0.0 -79.04302718341572,33.81101562493349,0.0 -79.04292727440254,33.81111192092485,0.0 -79.04282754997338,33.81120006193614,0.0 -79.04273796438395,33.81127204931529,0.0 -79.04260949400577,33.81133526528015,0.0 -79.04253060741988,33.81136663880176,0.0 -79.0424107889779,33.811478930691166,0.0 -79.04223124965242,33.811639214901575,0.0 -79.04209353036252,33.811786569049026,0.0 -79.04208286850066,33.81171842730476,0.0 -79.04206649192297,33.81157950193509,0.0 -79.04205011521034,33.81144057741843,0.0 -79.04198526741479,33.81128456984429,0.0 -79.04183288262132,33.811110858313086,0.0 -79.04178282236875,33.81106648415642,0.0 -79.04198033350849,33.81107241713847,0.0 -79.0421980161443,33.81095352230439,0.0 -79.04232667286459,33.810882153960605,0.0 -79.04244685967089,33.81075355494149,0.0 -79.04251820736467,33.81062417936413,0.0 -79.04255951094432,33.81052695415467,0.0 -79.0426686285615,33.810455275710055,0.0 -79.04294343253395,33.81040253938714,0.0 -79.0429527998446,33.8104210741198,0.0 -79.04298254598136,33.81040263029891,0.0 -79.04306129351073,33.81038751782717,0.0 -79.04314016586865,33.810366954402966,0.0 -79.04336396776463,33.81029414982034,0.0 -79.04355523774682,33.810215375172696,0.0 -79.04364903367062,33.810113239014335,0.0 -79.0436865332556,33.809901128868304,0.0 -79.04371849151399,33.80964529878928,0.0 -79.04372221670633,33.80948173876395,0.0 -79.04372002896758,33.80929081466012,0.0 -79.04375665574223,33.809116869022525,0.0 -79.04377393978365,33.8089317085046,0.0 -79.04378332644892,33.808806416686956,0.0 -79.04379911654979,33.80868667943088,0.0 -79.0437550144052,33.80861507789425,0.0 -79.04360025250736,33.808525359425445,0.0 -79.04335373134933,33.80816148626136,0.0 -79.0431997148448,33.80803905459185,0.0 -79.0430390464339,33.80792197181935,0.0 -79.04294281603278,33.80784408864874,0.0 -79.04285336970379,33.80775540543341,0.0 -79.04267988528001,33.80762721036183,0.0 -79.04257196108749,33.80748914840564,0.0 -79.04238099725151,33.80726795855053,0.0 -79.04226616935125,33.80714614861823,0.0 -79.04217006900163,33.807062813399035,0.0 -79.04205449761452,33.80697371411232,0.0 -79.04188705238579,33.80686742997275,0.0 -79.04176457748969,33.80679458464646,0.0 -79.04170236711781,33.80672812329938,0.0 -79.04304510768613,33.806502478300075,0.0 -79.04311654892305,33.80652698571314,0.0 -79.04329301018198,33.806524332739436,0.0 -79.04353465548088,33.80652816599466,0.0 -79.04381536423445,33.80653807280055,0.0 -79.04423099356211,33.806648291802226,0.0 -79.04428927672569,33.80667103084617,0.0 -79.04447214356682,33.806673931840386,0.0 -79.04464157723652,33.80669298040214,0.0 -79.04479117231242,33.806722621729676,0.0 -79.04496540128201,33.8068181019906,0.0 -79.04504931281066,33.80686306363563,0.0 -79.0450341420716,33.806955541210435,0.0 -79.0450008655345,33.806982283278984,0.0 -79.04486284630235,33.80701827398169,0.0 -79.04465939110312,33.807058678463875,0.0 -79.0445266611216,33.807149291134564,0.0 -79.0444849911295,33.807257709659666,0.0 -79.04454918748674,33.80730781439245,0.0 -79.04473759540357,33.807354433722196,0.0 -79.04490727939039,33.80736257811341,0.0 -79.04510974259095,33.80736578770851,0.0 -79.0454165793919,33.807376104985984,0.0 -79.04559733983014,33.807471687950745,0.0 -79.04554914491304,33.80758000444212,0.0 -79.04542811054327,33.80773079694903,0.0 -79.0453855770806,33.807877378863374,0.0 -79.04543608898481,33.807954536019984,0.0 -79.0455772935615,33.80806585271298,0.0 -79.045726890163,33.808095494378335,0.0 -79.04590137109949,33.80818006826135,0.0 -79.04606316131519,33.80824808076377,0.0 -79.04621842054482,33.80831598814153,0.0 -79.04651257254592,33.808309739960855,0.0 -79.04667093132659,33.80824134684286,0.0 -79.04678344606529,33.8081776821757,0.0 -79.04690952109017,33.80809241518009,0.0 -79.04710718984688,33.80801919035201,0.0 -79.04723942140635,33.807950382342526,0.0 -79.04734615168064,33.80785390041811,0.0 -79.04740864925378,33.807691272280806,0.0 -79.04748432933044,33.80752339671413,0.0 -79.04757158978455,33.807421153701824,0.0 -79.04769605283073,33.80740676186371,0.0 -79.04783283261679,33.80742528800308,0.0 -79.0479358447907,33.80749236785228,0.0 -79.04797366815227,33.8075529603779,0.0 -79.04793237598902,33.80764502363779,0.0 -79.04793014681772,33.80774316024884,0.0 -79.04792791657019,33.80784129668837,0.0 -79.04789943889391,33.80794447061202,0.0 -79.04785161694511,33.808036431077355,0.0 -79.04777692444854,33.808160689901676,0.0 -79.04774253416095,33.808236501067476,0.0 -79.0477209594142,33.80832342398455,0.0 -79.0477191020055,33.80840520479099,0.0 -79.04771600498172,33.80854150379553,0.0 -79.04775271431214,33.80865116551294,0.0 -79.04773101385543,33.808743539140686,0.0 -79.04765706588009,33.808835085642976,0.0 -79.04754330951867,33.80895327176485,0.0 -79.04744286341553,33.80906076085584,0.0 -79.04729744107264,33.809134813612175,0.0 -79.04706884795777,33.80913119304809,0.0 -79.04684765584409,33.809089511944805,0.0 -79.04665924267952,33.80904289528153,0.0 -79.04648413919674,33.80898558223917,0.0 -79.04638741118447,33.80892951017287,0.0 -79.04627774367032,33.808867779815735,0.0 -79.04610363268706,33.80876684807687,0.0 -79.04591633802212,33.808671163078515,0.0 -79.0457939805312,33.808592869361966,0.0 -79.04559213335489,33.80856240032153,0.0 -79.04536994964994,33.80856433239344,0.0 -79.04515343035446,33.808604532662336,0.0 -79.04501404191122,33.808700493429605,0.0 -79.0449265319937,33.80881363959623,0.0 -79.0448458001754,33.80891598482834,0.0 -79.04474460701354,33.809056184155565,0.0 -79.04468962764652,33.809175298506375,0.0 -79.04461393782675,33.8093431715569,0.0 -79.04459186076186,33.809451900190105,0.0 -79.0445371312818,33.809560113634014,0.0 -79.04446255507052,33.80967891707989,0.0 -79.04440042535275,33.80982518976226,0.0 -79.04441766207952,33.809929087503804,0.0 -79.04460016598209,33.80994834427097,0.0 -79.04475112875444,33.80991801399541,0.0 -79.04498009581317,33.809905282431636,0.0 -79.04518434255043,33.80992650969254,0.0 -79.04516931362272,33.80995622444605,0.0 -79.04508381211026,33.810040735563184,0.0 -79.04505676261567,33.81009934084435,0.0 -79.04499721247751,33.81017353171294,0.0 -79.04491838119458,33.81024741592301,0.0 -79.04486537940781,33.81031634303465,0.0 -79.04477430486307,33.8103631992257,0.0 -79.04466565866952,33.81033464378851,0.0 -79.04459618350973,33.81027987323895,0.0 -79.0445513195316,33.81027379593015,0.0 -79.04448037987207,33.810283405086146,0.0 -79.04442859806495,33.810298683825046,0.0 -79.0444262786987,33.81040061515842,0.0 -79.04445658140172,33.810481596929655,0.0 -79.04454399212547,33.81059568498891,0.0 -79.04455685705254,33.81059820013691,0.0 -79.04463360353064,33.81061320434256,0.0 -79.04472703431429,33.810637098857576,0.0 -79.04476783347249,33.81064753406774,0.0 -79.04490922530337,33.81064977680643,0.0 -79.04501848085206,33.810651508208935,0.0 -79.04516642237105,33.810648487113845,0.0 -79.04528853181881,33.8106504235281,0.0 -79.04540421529882,33.81065225779196,0.0 -79.04577139283116,33.81076525973534,0.0 -79.04582584928589,33.81083977816746,0.0 -79.04584223258365,33.81097870226008,0.0 -79.04585100145788,33.810986998474505,0.0 -79.04570529495138,33.81098468806833,0.0 -79.04559710199625,33.81101560033734,0.0 -79.04549905364928,33.81103036055415,0.0 -79.04539123357054,33.8110449652509,0.0 -79.04531271588542,33.811060033394384,0.0 -79.04524322785356,33.81110787320197,0.0 -79.0451737401228,33.81115571120313,0.0 -79.04516155718848,33.811261556618334,0.0 -79.04515822028085,33.81140832420816,0.0 -79.04511710581522,33.81149739743175,0.0 -79.04511469295274,33.81160339529388,0.0 -79.04506251484726,33.8117493899652,0.0 -79.0450199177061,33.81190369221613,0.0 -79.04497676141267,33.81208245737141,0.0 -79.0449656956579,33.812139378501364,0.0 -79.04482578683078,33.81227582444747,0.0 -79.04471555216438,33.81239642815475,0.0 -79.04462541125079,33.81249287941668,0.0 -79.04459425214172,33.81257395295814,0.0 -79.04446540828934,33.812653476457115,0.0 -79.04433582283639,33.81276561615355,0.0 -79.04425582212497,33.81284591375425,0.0 -79.04410632745703,33.812974050700824,0.0 -79.04401618512547,33.81307050141365,0.0 -79.0440040035372,33.81317634691577,0.0 -79.0439737716691,33.81321665022732,0.0 -79.0438650215318,33.813272021842444,0.0 -79.04371701036911,33.81333492765234,0.0 -79.04364733176233,33.81339091897701,0.0 -79.04353820880279,33.813462597750394,0.0 -79.04343885404677,33.8135344333009,0.0 -79.04331019436229,33.8136058008715,0.0 -79.0432220955427,33.81361256114557,0.0 -79.04313418082725,33.813611164576116,0.0 -79.04302672793862,33.813609460263905,0.0 -79.04294858290585,33.81360821975235,0.0 -79.04283154839756,33.81359820467291,0.0 -79.04276428416087,33.81354819687851,0.0 -79.04271693009817,33.813482191940786,0.0 -79.0427088326526,33.81340865327879,0.0 -79.04271013379953,33.813351576711185,0.0 -79.04267533370921,33.813163418589774,0.0 -79.04263830393593,33.81307310611359,0.0 -79.04261141424335,33.81296664204675,0.0 -79.04260387415559,33.81286864185764,0.0</coordinates>
                    </LinearRing>
                </outerBoundaryIs>
            </Polygon>
        </Placemark>
        <Placemark id="419085">
            <name>Wetland_45505</name>
            <styleUrl>#419090</styleUrl>
            <Polygon id="419084">
                <outerBoundaryIs>
                    <LinearRing id="419088">
                        <coordinates>-79.04078015371994,33.81013979782596,0.0 -79.04061800530528,33.809965929960704,0.0 -79.04041511055019,33.80986482586293,0.0 -79.04036348181369,33.809774364271455,0.0 -79.04031175628558,33.80968373456744,0.0 -79.04020747028054,33.80954341297667,0.0 -79.0399782502987,33.8093113813414,0.0 -79.03989238707362,33.8092202926627,0.0 -79.03986435147058,33.80917954758305,0.0 -79.03977889032777,33.80905535239523,0.0 -79.03969358784548,33.80893980227316,0.0 -79.03965711801874,33.80882502803841,0.0 -79.03963060679636,33.80870225599541,0.0 -79.03960279144405,33.80863655977815,0.0 -79.03953265149077,33.80828470527725,0.0 -79.03953506880192,33.80817870571188,0.0 -79.03954818403157,33.80803209399771,0.0 -79.03957953260277,33.80794286746099,0.0 -79.03958176682026,33.807845023076844,0.0 -79.03951432162032,33.80780316568644,0.0 -79.03936836592713,33.80777637497931,0.0 -79.03928873823453,33.80784036296398,0.0 -79.03921775881899,33.80795342912103,0.0 -79.03915766486519,33.80801772764695,0.0 -79.03906715015101,33.80813048198519,0.0 -79.0389871485781,33.8082107773087,0.0 -79.03898276084111,33.80821297092099,0.0 -79.03890807719593,33.808250304114964,0.0 -79.03878091086334,33.80825643708724,0.0 -79.03872728822739,33.80821574028591,0.0 -79.03862723019326,33.80813979956225,0.0 -79.03853994575167,33.807920730272244,0.0 -79.03939159766983,33.80711640274463,0.0 -79.04170236711781,33.80672812329938,0.0 -79.04176457748969,33.80679458464646,0.0 -79.04188705238579,33.80686742997275,0.0 -79.04205449761452,33.80697371411232,0.0 -79.04217006900163,33.807062813399035,0.0 -79.04226616935125,33.80714614861823,0.0 -79.04238099725151,33.80726795855053,0.0 -79.04257196108749,33.80748914840564,0.0 -79.04267988528001,33.80762721036183,0.0 -79.04285336970379,33.80775540543341,0.0 -79.04294281603278,33.80784408864874,0.0 -79.0430390464339,33.80792197181935,0.0 -79.0431997148448,33.80803905459185,0.0 -79.04335373134933,33.80816148626136,0.0 -79.04360025250736,33.808525359425445,0.0 -79.0437550144052,33.80861507789425,0.0 -79.04379911654979,33.80868667943088,0.0 -79.04378332644892,33.808806416686956,0.0 -79.04377393978365,33.8089317085046,0.0 -79.04375665574223,33.809116869022525,0.0 -79.04372002896758,33.80929081466012,0.0 -79.04372221670633,33.80948173876395,0.0 -79.04371849151399,33.80964529878928,0.0 -79.0436865332556,33.809901128868304,0.0 -79.04364903367062,33.810113239014335,0.0 -79.04355523774682,33.810215375172696,0.0 -79.04336396776463,33.81029414982034,0.0 -79.04314016586865,33.810366954402966,0.0 -79.04306129351073,33.81038751782717,0.0 -79.04298254598136,33.81040263029891,0.0 -79.0429527998446,33.8104210741198,0.0 -79.04294343253395,33.81040253938714,0.0 -79.0426686285615,33.810455275710055,0.0 -79.04255951094432,33.81052695415467,0.0 -79.04251820736467,33.81062417936413,0.0 -79.04244685967089,33.81075355494149,0.0 -79.04232667286459,33.810882153960605,0.0 -79.0421980161443,33.81095352230439,0.0 -79.04198033350849,33.81107241713847,0.0 -79.04178282236875,33.81106648415642,0.0 -79.04140187247764,33.810728803626624,0.0 -79.04124818556282,33.810612168523434,0.0 -79.0409793316967,33.81040397820858,0.0 -79.04090397489995,33.81028042987558,0.0 -79.04078015371994,33.81013979782596,0.0</coordinates>
                    </LinearRing>
                </outerBoundaryIs>
            </Polygon>
        </Placemark>
        <Placemark id="419094">
            <name>Wetland_45506</name>
            <styleUrl>#419099</styleUrl>
            <Polygon id="419093">
                <outerBoundaryIs>
                    <LinearRing id="419097">
                        <coordinates>-79.03953874901102,33.80929565721265,0.0 -79.03945824253154,33.809235135033504,0.0 -79.03937020046865,33.80922239049321,0.0 -79.03915963876551,33.80921904283431,0.0 -79.03907133671294,33.809217637687865,0.0 -79.03890832211594,33.80921504505142,0.0 -79.03882732965215,33.80919106860988,0.0 -79.03879373655036,33.80917841279367,0.0 -79.03873301389118,33.80915553732604,0.0 -79.03873521329722,33.80905914746582,0.0 -79.03883199026687,33.80898695045667,0.0 -79.03886071334514,33.808919342372,0.0 -79.03885507246233,33.80886808398259,0.0 -79.03884945719321,33.80881706675805,0.0 -79.03884551293304,33.80869221944729,0.0 -79.0388208016752,33.8085840571941,0.0 -79.03881700988944,33.80853473659304,0.0 -79.03881556324758,33.80851590983795,0.0 -79.03878561262663,33.8083396000209,0.0 -79.03872668430624,33.808242239591955,0.0 -79.03872728822739,33.80821574028591,0.0 -79.03878091086334,33.80825643708724,0.0 -79.03890807719593,33.808250304114964,0.0 -79.03898276084111,33.80821297092099,0.0 -79.0389871485781,33.8082107773087,0.0 -79.03906715015101,33.80813048198519,0.0 -79.03915766486519,33.80801772764695,0.0 -79.03921775881899,33.80795342912103,0.0 -79.03928873823453,33.80784036296398,0.0 -79.03936836592713,33.80777637497931,0.0 -79.03951432162032,33.80780316568644,0.0 -79.03958176682026,33.807845023076844,0.0 -79.03957953260277,33.80794286746099,0.0 -79.03954818403157,33.80803209399771,0.0 -79.03953506880192,33.80817870571188,0.0 -79.03953265149077,33.80828470527725,0.0 -79.03960279144405,33.80863655977815,0.0 -79.03963060679636,33.80870225599541,0.0 -79.03965711801874,33.80882502803841,0.0 -79.03969358784548,33.80893980227316,0.0 -79.03977889032777,33.80905535239523,0.0 -79.03986435147058,33.80917954758305,0.0 -79.03989238707362,33.8092202926627,0.0 -79.0399782502987,33.8093113813414,0.0 -79.04020747028054,33.80954341297667,0.0 -79.04031175628558,33.80968373456744,0.0 -79.04036348181369,33.809774364271455,0.0 -79.0403424167742,33.8097937046305,0.0 -79.0403336852726,33.80987864700844,0.0 -79.04035891361774,33.80996412785209,0.0 -79.04036895973445,33.81002469399618,0.0 -79.04036746632636,33.810025888406756,0.0 -79.04034956450123,33.810040280548435,0.0 -79.04033204765926,33.81005429327848,0.0 -79.04031669669322,33.81006847643538,0.0 -79.04030567528801,33.810083943227006,0.0 -79.04030046941598,33.81010148438789,0.0 -79.04030098648889,33.81012118439979,0.0 -79.04030549391551,33.810142570619256,0.0 -79.04031127962514,33.81016501414272,0.0 -79.04031553082744,33.81018794205908,0.0 -79.04031613896943,33.81021073590113,0.0 -79.0403122330309,33.810232527941146,0.0 -79.0403043745395,33.81025232016495,0.0 -79.04029424402862,33.81026949160219,0.0 -79.04028391844305,33.81028432589831,0.0 -79.04027513171715,33.81029814168695,0.0 -79.04026879945415,33.810312909203866,0.0 -79.04026493017237,33.81033055593581,0.0 -79.04026295812886,33.81035235119801,0.0 -79.040262333607,33.810378684513495,0.0 -79.04026301045096,33.81040919161734,0.0 -79.04026538512697,33.81044302734433,0.0 -79.04026976750038,33.81047906084228,0.0 -79.04027584260253,33.810516152208756,0.0 -79.04028257998144,33.810553581034405,0.0 -79.04028864126148,33.81059129513805,0.0 -79.04029297349521,33.810629543888325,0.0 -79.04029524214752,33.81066816396221,0.0 -79.04029577007249,33.810706227425634,0.0 -79.04029505907214,33.8107424591136,0.0 -79.04029340570648,33.8107759753912,0.0 -79.04029108394711,33.81080674688592,0.0 -79.04028892659142,33.81083559381807,0.0 -79.04028845695208,33.81086397363178,0.0 -79.04029105526052,33.81089360810708,0.0 -79.04029679870348,33.81092582922201,0.0 -79.04030411953143,33.810960864519984,0.0 -79.04031083737829,33.810997646523475,0.0 -79.04031545360354,33.811034464075775,0.0 -79.04031770350029,33.81106986733684,0.0 -79.04031808941379,33.81109221255506,0.0 -79.04018374415848,33.81109007684589,0.0 -79.0400209844737,33.81107614603012,0.0 -79.039920517719,33.81101215703118,0.0 -79.03980685739394,33.81093094306642,0.0 -79.03976189787667,33.810816786615504,0.0 -79.03976487185386,33.81068637662746,0.0 -79.03976862355931,33.810521947488795,0.0 -79.03976558341797,33.81035741079351,0.0 -79.03976894614237,33.8102099915955,0.0 -79.03975859555317,33.81006802581057,0.0 -79.03971415293596,33.809931191271495,0.0 -79.03971751700283,33.809783771270205,0.0 -79.03967346253037,33.80962992648091,0.0 -79.03960980920328,33.8094417369186,0.0 -79.03955844663754,33.80931046420539,0.0 -79.03953874901102,33.80929565721265,0.0</coordinates>
                    </LinearRing>
                </outerBoundaryIs>
            </Polygon>
        </Placemark>
        <Placemark id="419103">
            <name>Wetland_45507</name>
            <styleUrl>#419108</styleUrl>
            <Polygon id="419102">
                <outerBoundaryIs>
                    <LinearRing id="419106">
                        <coordinates>-79.04355414498072,33.81405013717017,0.0 -79.0434671576195,33.81400797355405,0.0 -79.04336817507118,33.814063498884785,0.0 -79.0433178465563,33.814127953869374,0.0 -79.04325719295437,33.8142167161566,0.0 -79.04323672917855,33.81425717435976,0.0 -79.04314449306395,33.814274875366024,0.0 -79.0430909447736,33.814222234613,0.0 -79.04294534746528,33.81417914014884,0.0 -79.04281026204723,33.8141035854364,0.0 -79.04260587053604,33.81406771390017,0.0 -79.04247004282541,33.81402477314264,0.0 -79.04241254622505,33.81397492021923,0.0 -79.04225736775871,33.8139235160091,0.0 -79.04215121621657,33.81386473347861,0.0 -79.0421787435579,33.81351443010752,0.0 -79.04218320316524,33.81331873954373,0.0 -79.04218766275021,33.813123048929384,0.0 -79.04218272623022,33.81291089554779,0.0 -79.04214606851795,33.81280427611811,0.0 -79.0421396458689,33.812657353247666,0.0 -79.04212308194545,33.81252658260618,0.0 -79.04210874750355,33.81229796600154,0.0 -79.04211302269614,33.81211042823555,0.0 -79.04210845762522,33.811881968663016,0.0 -79.04209353036252,33.811786569049026,0.0 -79.04223124965242,33.811639214901575,0.0 -79.0424107889779,33.811478930691166,0.0 -79.04253060741988,33.81136663880176,0.0 -79.04260949400577,33.81133526528015,0.0 -79.04273796438395,33.81127204931529,0.0 -79.04282754997338,33.81120006193614,0.0 -79.04292727440254,33.81111192092485,0.0 -79.04302718341572,33.81101562493349,0.0 -79.04302763544561,33.81099576235727,0.0 -79.04320376548756,33.81101698555654,0.0 -79.04348684786153,33.81092330579935,0.0 -79.04357249847045,33.810891940311166,0.0 -79.04372346434167,33.81086161245641,0.0 -79.04386261143091,33.81077655755183,0.0 -79.04404019704039,33.810724833226736,0.0 -79.04430219588838,33.810696265956274,0.0 -79.04455875025178,33.81067947259693,0.0 -79.0445589767334,33.810689186335836,0.0 -79.04456195118729,33.81069620835228,0.0 -79.04461461280141,33.81082057626256,0.0 -79.04469108886724,33.81089519988243,0.0 -79.04476793414025,33.81095351455114,0.0 -79.04484403822492,33.811044446471925,0.0 -79.04489139260698,33.81111045074993,0.0 -79.04489744912472,33.81127368233746,0.0 -79.0448824871831,33.81150183317781,0.0 -79.04487933183078,33.811640447277064,0.0 -79.0447982172818,33.8117696698517,0.0 -79.04471710479909,33.811898891784196,0.0 -79.04464612740928,33.812011960354404,0.0 -79.04457515536065,33.81212502877745,0.0 -79.04446714806036,33.812147786424724,0.0 -79.04435011515815,33.81213777462636,0.0 -79.04420359232968,33.81213544976218,0.0 -79.04416322101119,33.81219190666515,0.0 -79.04416154980264,33.81226529100153,0.0 -79.04415913649814,33.812371289775754,0.0 -79.04412630589972,33.81252574663426,0.0 -79.04401644204637,33.81263004213657,0.0 -79.04388759965504,33.81270956530276,0.0 -79.04379782857909,33.8127897082264,0.0 -79.0437469441986,33.812878625863206,0.0 -79.0436573596734,33.81295061411356,0.0 -79.04357921295485,33.812949374590694,0.0 -79.04341333967162,33.81293858691212,0.0 -79.04330588808777,33.81293688109666,0.0 -79.04324820715749,33.81289518250084,0.0 -79.04323257093839,33.81272364220831,0.0 -79.04319628429766,33.81260071558976,0.0 -79.04314837127065,33.81255917191219,0.0 -79.04306082872829,33.81254146939137,0.0 -79.04291579060161,33.81247391315152,0.0 -79.04281001429236,33.812398822893535,0.0 -79.04272302917046,33.812356658625745,0.0 -79.0426644171305,33.8123557283767,0.0 -79.04252859343353,33.81231278775047,0.0 -79.0424885929897,33.81235293831774,0.0 -79.0424959451896,33.81245909121007,0.0 -79.0425431159174,33.81253325063079,0.0 -79.04257865728725,33.81268879348896,0.0 -79.04260387415559,33.81286864185764,0.0 -79.04261141424335,33.81296664204675,0.0 -79.04263830393593,33.81307310611359,0.0 -79.04267533370921,33.813163418589774,0.0 -79.04271013379953,33.813351576711185,0.0 -79.0427088326526,33.81340865327879,0.0 -79.04271693009817,33.813482191940786,0.0 -79.04276428416087,33.81354819687851,0.0 -79.04283154839756,33.81359820467291,0.0 -79.04294858290585,33.81360821975235,0.0 -79.04302672793862,33.813609460263905,0.0 -79.04313418082725,33.813611164576116,0.0 -79.0432220955427,33.81361256114557,0.0 -79.04331019436229,33.8136058008715,0.0 -79.04343885404677,33.8135344333009,0.0 -79.04353820880279,33.813462597750394,0.0 -79.04364733176233,33.81339091897701,0.0 -79.04371701036911,33.81333492765234,0.0 -79.0438650215318,33.813272021842444,0.0 -79.0439737716691,33.81321665022732,0.0 -79.0440040035372,33.81317634691577,0.0 -79.04401618512547,33.81307050141365,0.0 -79.04410632745703,33.812974050700824,0.0 -79.04425582212497,33.81284591375425,0.0 -79.04433582283639,33.81276561615355,0.0 -79.04446540828934,33.812653476457115,0.0 -79.04459425214172,33.81257395295814,0.0 -79.04462541125079,33.81249287941668,0.0 -79.04471555216438,33.81239642815475,0.0 -79.04482578683078,33.81227582444747,0.0 -79.0449656956579,33.812139378501364,0.0 -79.04497676141267,33.81208245737141,0.0 -79.0450199177061,33.81190369221613,0.0 -79.04506251484726,33.8117493899652,0.0 -79.04511469295274,33.81160339529388,0.0 -79.04511710581522,33.81149739743175,0.0 -79.04515822028085,33.81140832420816,0.0 -79.04516155718848,33.811261556618334,0.0 -79.0451737401228,33.81115571120313,0.0 -79.04524322785356,33.81110787320197,0.0 -79.04531271588542,33.811060033394384,0.0 -79.04539123357054,33.8110449652509,0.0 -79.04549905364928,33.81103036055415,0.0 -79.04559710199625,33.81101560033734,0.0 -79.04570529495138,33.81098468806833,0.0 -79.04585100145788,33.810986998474505,0.0 -79.04586158200219,33.81098716563433,0.0 -79.04591005273547,33.8110042468856,0.0 -79.04610337151648,33.81109703563961,0.0 -79.04621910775072,33.811164122928155,0.0 -79.04633346012244,33.81117276412424,0.0 -79.0462751197854,33.811279204598556,0.0 -79.04616451589955,33.811416117220155,0.0 -79.04608358946315,33.81153718513093,0.0 -79.04602275670797,33.81163410317549,0.0 -79.04584359308089,33.81177808496968,0.0 -79.0457036851693,33.81191453276635,0.0 -79.0455836873586,33.81203498114047,0.0 -79.04543363708535,33.81218758009213,0.0 -79.04536285019856,33.81229249586095,0.0 -79.04531196811531,33.812381413365024,0.0 -79.04521224563325,33.8124695573272,0.0 -79.04507307943018,33.812573389230494,0.0 -79.04506164057867,33.81264661767489,0.0 -79.0450590440752,33.81276077040224,0.0 -79.04515542740783,33.81281939624765,0.0 -79.04534102353915,33.81282233752869,0.0 -79.04552420977613,33.812931280196416,0.0 -79.0455535809907,33.81295283735703,0.0 -79.04547430417401,33.81301654384545,0.0 -79.04542280534467,33.81307335299582,0.0 -79.04539024537792,33.81312522399153,0.0 -79.04539497025367,33.81319340087405,0.0 -79.04539353932628,33.813256242896486,0.0 -79.04539151450528,33.813345266021216,0.0 -79.04538236662388,33.813401033747986,0.0 -79.04530757395686,33.81343356399755,0.0 -79.04513192994368,33.81342262190533,0.0 -79.045065778333,33.81332369266395,0.0 -79.04502893013381,33.813225226990355,0.0 -79.0450020392739,33.813118763818316,0.0 -79.04489588676054,33.813059983747245,0.0 -79.0447194992512,33.813081656885885,0.0 -79.04457130487015,33.81315271690814,0.0 -79.04448134932397,33.81324101517845,0.0 -79.0445082416581,33.81334747877201,0.0 -79.04456499574319,33.81342994669862,0.0 -79.0446213801598,33.81352872150578,0.0 -79.04467831680408,33.81360303506185,0.0 -79.04468585849307,33.81370103486231,0.0 -79.04468326228339,33.81381518846213,0.0 -79.04464233279893,33.813896106696106,0.0 -79.04451460092314,33.81392670826019,0.0 -79.04435002363915,33.81385884331074,0.0 -79.04434211212218,33.813777152181515,0.0 -79.04426674947815,33.81365360426543,0.0 -79.04417753530291,33.81370928697312,0.0 -79.04414396060831,33.81389635954633,0.0 -79.04410210154569,33.814018046490084,0.0 -79.04403093915786,33.81413926777385,0.0 -79.04399940632673,33.81423664932281,0.0 -79.0439571745914,33.81437464361969,0.0 -79.0438386571406,33.8144298605201,0.0 -79.0437317601672,33.81440369455827,0.0 -79.04367593331646,33.81428045712063,0.0 -79.04361973839667,33.81417352861556,0.0 -79.04355414498072,33.81405013717017,0.0</coordinates>
                    </LinearRing>
                </outerBoundaryIs>
            </Polygon>
        </Placemark>
        <Placemark id="419112">
            <name>Wetland_45508</name>
            <styleUrl>#419117</styleUrl>
            <Polygon id="419111">
                <outerBoundaryIs>
                    <LinearRing id="419115">
                        <coordinates>-79.03685144275289,33.81210560977199,0.0 -79.03688480942144,33.81202708018656,0.0 -79.03692869410423,33.81194871654969,0.0 -79.03698330307554,33.81186173955581,0.0 -79.03706946873257,33.81177526350866,0.0 -79.03712367516779,33.81170584837055,0.0 -79.03713579853604,33.811635763268306,0.0 -79.03713740492299,33.811565512370684,0.0 -79.03712928594071,33.81150137655641,0.0 -79.03713433852057,33.81150187907372,0.0 -79.03713797754936,33.811504426340676,0.0 -79.03715133724506,33.81151173311151,0.0 -79.0371649094164,33.811515711879615,0.0 -79.03717972777484,33.811515944016605,0.0 -79.03719645130064,33.81151242910447,0.0 -79.0372149419568,33.81150554954541,0.0 -79.0372339357064,33.81149590714426,0.0 -79.03725108467296,33.81148416111679,0.0 -79.03726375374403,33.81147092441176,0.0 -79.03727055938116,33.81145673380807,0.0 -79.0372727632689,33.81144203666544,0.0 -79.03727425393406,33.81142719910949,0.0 -79.03727966278652,33.811412542004675,0.0 -79.0372918253585,33.81139837341631,0.0 -79.03731044168771,33.81138495712963,0.0 -79.03733266665154,33.81137236653555,0.0 -79.03735477019785,33.81136032450969,0.0 -79.03737356341749,33.81134814313716,0.0 -79.03738712716739,33.81133494007576,0.0 -79.03739518219699,33.81131996723375,0.0 -79.0373993314776,33.81130274586467,0.0 -79.03740286916296,33.81128287905976,0.0 -79.03740965512524,33.81125983014469,0.0 -79.03742226729885,33.81123313592854,0.0 -79.03744031879549,33.81120310368233,0.0 -79.03746014560761,33.81117131774124,0.0 -79.03747626221674,33.811140313503536,0.0 -79.03748407707758,33.81111249712441,0.0 -79.03748225987188,33.8110890953757,0.0 -79.03747338059907,33.81106990308268,0.0 -79.03747290154588,33.81106919900157,0.0 -79.03747697714353,33.81106936734199,0.0 -79.0374953347796,33.81106632501987,0.0 -79.03751131614307,33.81105789617465,0.0 -79.03752334894037,33.81104374923478,0.0 -79.03752914100586,33.81102509099726,0.0 -79.03752663025266,33.81100584985204,0.0 -79.03753885742515,33.8109984890278,0.0 -79.03755320696594,33.81098200484399,0.0 -79.03756518515293,33.81095893711374,0.0 -79.0375736590399,33.81093082747163,0.0 -79.03757730807806,33.81090004278021,0.0 -79.03757522645185,33.810869417981245,0.0 -79.0375673408159,33.8108418988344,0.0 -79.03755445529006,33.81081986286462,0.0 -79.03753809341555,33.81080423192203,0.0 -79.03752114772792,33.81079443398905,0.0 -79.03764162083581,33.81076509947659,0.0 -79.03775742725092,33.810761576566804,0.0 -79.03789857165371,33.81077455458794,0.0 -79.03797521948101,33.81079971737397,0.0 -79.03812191830066,33.81084787689408,0.0 -79.03824861933681,33.810930394263835,0.0 -79.03835640582469,33.81099650984297,0.0 -79.03846443848226,33.811051894775446,0.0 -79.03868729511814,33.81114667439811,0.0 -79.03880879460685,33.81117543964138,0.0 -79.03897576877978,33.81118346225904,0.0 -79.03908527133656,33.811174471533405,0.0 -79.03921417765146,33.811160419767404,0.0 -79.03935458989574,33.811205587378105,0.0 -79.039449890749,33.81125540311296,0.0 -79.03954580584005,33.81127839461944,0.0 -79.03966766836139,33.811291066314666,0.0 -79.03978262048457,33.811325094056585,0.0 -79.03988459211878,33.81136428282281,0.0 -79.0400130093862,33.8113716906843,0.0 -79.0400959476097,33.811399842479354,0.0 -79.04043412587552,33.81151255207369,0.0 -79.04060446948723,33.81165479428223,0.0 -79.04078889342289,33.81174359161663,0.0 -79.04091002729942,33.811788450148796,0.0 -79.04104425908098,33.81182278254476,0.0 -79.04119073384176,33.81188414406562,0.0 -79.04129123893412,33.81198770923289,0.0 -79.0417531941042,33.81231168409537,0.0 -79.04190934393071,33.812512731551955,0.0 -79.0419763728347,33.81267479919816,0.0 -79.04200557337593,33.81280406435742,0.0 -79.04201016648572,33.81288463807374,0.0 -79.04203239712027,33.8133196964703,0.0 -79.04203702492333,33.81361118594898,0.0 -79.04199254013952,33.813715895668736,0.0 -79.04189745575687,33.813731955295076,0.0 -79.04179265212353,33.81371272045771,0.0 -79.0417092899429,33.81367625883342,0.0 -79.04158504637425,33.81358643837395,0.0 -79.0415126084893,33.813532579982095,0.0 -79.04136712550175,33.81345120601263,0.0 -79.04127324180725,33.813414575221394,0.0 -79.04104439870049,33.81329673985545,0.0 -79.04087707513222,33.81325015758335,0.0 -79.04073038926393,33.81322147222662,0.0 -79.04059482953558,33.813166609348116,0.0 -79.04053297836383,33.8131227025284,0.0 -79.04048090817574,33.813085737352885,0.0 -79.04033582668905,33.81298679891443,0.0 -79.04022170595263,33.812914708646936,0.0 -79.04013894724498,33.81285190016089,0.0 -79.04001390619541,33.812797204889485,0.0 -79.03986762226371,33.812750955452756,0.0 -79.03977414411564,33.812696760918094,0.0 -79.0396705423058,33.8126248366657,0.0 -79.03955542377432,33.81259665132769,0.0 -79.03944030279817,33.81256846731778,0.0 -79.0393043397371,33.812531166094466,0.0 -79.0391683810886,33.812493865344855,0.0 -79.03906377943643,33.81246584775699,0.0 -79.03889665868854,33.81241048144086,0.0 -79.0386979781065,33.81235461299275,0.0 -79.03855129666697,33.812325926034276,0.0 -79.03840421530974,33.81231480201991,0.0 -79.03824641203211,33.812312290700575,0.0 -79.03811996847915,33.81231906410459,0.0 -79.03793931900474,33.81239525197899,0.0 -79.03788511602782,33.812464667913446,0.0 -79.03785154767102,33.81255198030791,0.0 -79.03775526138749,33.812620724719174,0.0 -79.03770025538499,33.81272526734867,0.0 -79.03768652536596,33.812865603042155,0.0 -79.03768391780223,33.81297976189285,0.0 -79.03770395631605,33.813024005026065,0.0 -79.03779683219712,33.81310454527951,0.0 -79.03786786455372,33.81321987615445,0.0 -79.03793850000358,33.81335277143131,0.0 -79.03790513470533,33.81343130222358,0.0 -79.03775744905035,33.81344652129858,0.0 -79.03765364897684,33.813383377460106,0.0 -79.03756097311862,33.81329405512798,0.0 -79.03747881728567,33.81320490158723,0.0 -79.03747030295459,33.81311691780536,0.0 -79.03741970774561,33.813028266423,0.0 -79.03732703276897,33.81293894298077,0.0 -79.0372345555254,33.81284083978048,0.0 -79.03715219834187,33.8127604667545,0.0 -79.03709088372572,33.81268042828012,0.0 -79.03703988928245,33.812609338038904,0.0 -79.03694701224218,33.812528798568316,0.0 -79.03685433499277,33.81243947509233,0.0 -79.03682418061332,33.81237750195715,0.0 -79.03682598738908,33.81229847001006,0.0 -79.03682809811511,33.81220613051695,0.0 -79.03682819404919,33.81220187212549,0.0 -79.03685144275289,33.81210560977199,0.0</coordinates>
                    </LinearRing>
                </outerBoundaryIs>
            </Polygon>
        </Placemark>
        <Placemark id="419121">
            <name>Wetland_45509</name>
            <styleUrl>#419126</styleUrl>
            <Polygon id="419120">
                <outerBoundaryIs>
                    <LinearRing id="419124">
                        <coordinates>-79.04311467802593,33.81446731208494,0.0 -79.04310843803447,33.814312235622516,0.0 -79.04311895053729,33.81427977657909,0.0 -79.04314449306395,33.814274875366024,0.0 -79.04323672917855,33.81425717435976,0.0 -79.04325719295437,33.8142167161566,0.0 -79.0433178465563,33.814127953869374,0.0 -79.04336817507118,33.814063498884785,0.0 -79.0434671576195,33.81400797355405,0.0 -79.04355414498072,33.81405013717017,0.0 -79.04361973839667,33.81417352861556,0.0 -79.04367593331646,33.81428045712063,0.0 -79.0437317601672,33.81440369455827,0.0 -79.0438386571406,33.8144298605201,0.0 -79.0439571745914,33.81437464361969,0.0 -79.04399940632673,33.81423664932281,0.0 -79.04403093915786,33.81413926777385,0.0 -79.04410210154569,33.814018046490084,0.0 -79.04414396060831,33.81389635954633,0.0 -79.04417753530291,33.81370928697312,0.0 -79.04426674947815,33.81365360426543,0.0 -79.04434211212218,33.813777152181515,0.0 -79.04435002363915,33.81385884331074,0.0 -79.04451460092314,33.81392670826019,0.0 -79.04464233279893,33.813896106696106,0.0 -79.04468326228339,33.81381518846213,0.0 -79.04468585849307,33.81370103486231,0.0 -79.04467831680408,33.81360303506185,0.0 -79.0446213801598,33.81352872150578,0.0 -79.04456499574319,33.81342994669862,0.0 -79.0445082416581,33.81334747877201,0.0 -79.04448134932397,33.81324101517845,0.0 -79.04457130487015,33.81315271690814,0.0 -79.0447194992512,33.813081656885885,0.0 -79.04489588676054,33.813059983747245,0.0 -79.0450020392739,33.813118763818316,0.0 -79.04502893013381,33.813225226990355,0.0 -79.045065778333,33.81332369266395,0.0 -79.04513192994368,33.81342262190533,0.0 -79.04530757395686,33.81343356399755,0.0 -79.04538236662388,33.813401033747986,0.0 -79.04537694177907,33.81343409297379,0.0 -79.04533691845128,33.81353823193505,0.0 -79.04522871609677,33.813604619291375,0.0 -79.04517094141671,33.813661328636535,0.0 -79.04512559631418,33.81372347407116,0.0 -79.04501703541946,33.813805570525425,0.0 -79.04495239158557,33.813888363973945,0.0 -79.04486277247345,33.81396552356941,0.0 -79.04477315357049,33.81404268132588,0.0 -79.04466471135385,33.81411954220686,0.0 -79.04460657857298,33.8141919615738,0.0 -79.0445479675978,33.81428532717317,0.0 -79.04450901598784,33.814342333992876,0.0 -79.0445077038821,33.81439997072301,0.0 -79.04435489713187,33.81450330376992,0.0 -79.04421516750708,33.8146315945842,0.0 -79.04411525640604,33.814727891302205,0.0 -79.04401423043308,33.814873110589026,0.0 -79.04386473168461,33.81500124599901,0.0 -79.043751262973,33.81503972241714,0.0 -79.04372685961613,33.81504799947972,0.0 -79.04364926769263,33.81502229860149,0.0 -79.04352413601111,33.81493874538914,0.0 -79.04339900245564,33.814855191714436,0.0 -79.04332233915486,33.814788721591036,0.0 -79.04320753309091,33.81468086157079,0.0 -79.04313105814263,33.81460623693649,0.0 -79.04312706979762,33.81458978545286,0.0 -79.04311319234768,33.814532543419205,0.0 -79.04311467802593,33.81446731208494,0.0</coordinates>
                    </LinearRing>
                </outerBoundaryIs>
            </Polygon>
        </Placemark>
        <Placemark id="419130">
            <name>Wetland_45510</name>
            <styleUrl>#419135</styleUrl>
            <Polygon id="419129">
                <outerBoundaryIs>
                    <LinearRing id="419133">
                        <coordinates>-79.0375990186389,33.813474619541594,0.0 -79.03746564417827,33.81340272921511,0.0 -79.03735130577132,33.81334187623844,0.0 -79.03726934712492,33.81327080356642,0.0 -79.03719332606127,33.81322129303718,0.0 -79.0370802129256,33.81310678996497,0.0 -79.0369789759097,33.8130354113723,0.0 -79.03692878521721,33.812980945232724,0.0 -79.03687278115697,33.812899553059935,0.0 -79.03682987590507,33.812807634455524,0.0 -79.03678066598702,33.81271025099046,0.0 -79.0367376398775,33.81262369834447,0.0 -79.03671377045963,33.8125428172837,0.0 -79.03672289404295,33.81242489428615,0.0 -79.03673200917189,33.812369369695325,0.0 -79.03673783182133,33.812333898344775,0.0 -79.03679133332146,33.81224351482958,0.0 -79.03682809811511,33.81220613051695,0.0 -79.03682598738908,33.81229847001006,0.0 -79.03682418061332,33.81237750195715,0.0 -79.03685433499277,33.81243947509233,0.0 -79.03694701224218,33.812528798568316,0.0 -79.03703988928245,33.812609338038904,0.0 -79.03709088372572,33.81268042828012,0.0 -79.03715219834187,33.8127604667545,0.0 -79.0372345555254,33.81284083978048,0.0 -79.03732703276897,33.81293894298077,0.0 -79.03741970774561,33.813028266423,0.0 -79.03747030295459,33.81311691780536,0.0 -79.03747881728567,33.81320490158723,0.0 -79.03756097311862,33.81329405512798,0.0 -79.03765364897684,33.813383377460106,0.0 -79.03775744905035,33.81344652129858,0.0 -79.03790513470533,33.81343130222358,0.0 -79.03793850000358,33.81335277143131,0.0 -79.03786786455372,33.81321987615445,0.0 -79.03779683219712,33.81310454527951,0.0 -79.03770395631605,33.813024005026065,0.0 -79.03768391780223,33.81297976189285,0.0 -79.03768652536596,33.812865603042155,0.0 -79.03770025538499,33.81272526734867,0.0 -79.03775526138749,33.812620724719174,0.0 -79.03785154767102,33.81255198030791,0.0 -79.03788511602782,33.812464667913446,0.0 -79.03793931900474,33.81239525197899,0.0 -79.03811996847915,33.81231906410459,0.0 -79.03824641203211,33.812312290700575,0.0 -79.03840421530974,33.81231480201991,0.0 -79.03855129666697,33.812325926034276,0.0 -79.0386979781065,33.81235461299275,0.0 -79.03889665868854,33.81241048144086,0.0 -79.03906377943643,33.81246584775699,0.0 -79.0391683810886,33.812493865344855,0.0 -79.0393043397371,33.812531166094466,0.0 -79.03944030279817,33.81256846731778,0.0 -79.03955542377432,33.81259665132769,0.0 -79.0396705423058,33.8126248366657,0.0 -79.03977414411564,33.812696760918094,0.0 -79.03986762226371,33.812750955452756,0.0 -79.04001390619541,33.812797204889485,0.0 -79.04013894724498,33.81285190016089,0.0 -79.04022170595263,33.812914708646936,0.0 -79.04033582668905,33.81298679891443,0.0 -79.04048090817574,33.813085737352885,0.0 -79.04053297836383,33.8131227025284,0.0 -79.04038480580016,33.81311105379545,0.0 -79.04021807078307,33.81309230328179,0.0 -79.03989163882977,33.81302808033566,0.0 -79.03954702863669,33.81291526703053,0.0 -79.03942552617166,33.8128865026291,0.0 -79.03922096437672,33.81283494740173,0.0 -79.03904792422351,33.8128107303336,0.0 -79.03884299513219,33.81277526992658,0.0 -79.03870160157885,33.812773020967235,0.0 -79.03854068256376,33.812781194984794,0.0 -79.03844972513384,33.81282268225821,0.0 -79.0383707631541,33.81290192671586,0.0 -79.03833023970994,33.81298714929577,0.0 -79.03829602264119,33.813077839560655,0.0 -79.03825537610956,33.813168426909186,0.0 -79.0382022467596,33.813242715987435,0.0 -79.0381426866493,33.813316902854204,0.0 -79.0380958626892,33.81339665854376,0.0 -79.03801689977077,33.81347590269936,0.0 -79.03795795398574,33.81352326538913,0.0 -79.03786748393881,33.813543292440244,0.0 -79.03772633492747,33.81353031266598,0.0 -79.0375990186389,33.813474619541594,0.0</coordinates>
                    </LinearRing>
                </outerBoundaryIs>
            </Polygon>
        </Placemark>
        <Placemark id="419139">
            <name>Wetland_45511</name>
            <styleUrl>#419144</styleUrl>
            <Polygon id="419138">
                <outerBoundaryIs>
                    <LinearRing id="419142">
                        <coordinates>-79.04539676812584,33.81837740661572,0.0 -79.04472815578731,33.81806161769329,0.0 -79.0447801098122,33.81807882610314,0.0 -79.04484167421548,33.81807980333091,0.0 -79.04493353992899,33.818102288966664,0.0 -79.04502508527916,33.81813878869902,0.0 -79.04512566593338,33.81814739293707,0.0 -79.04521753073726,33.818169878186175,0.0 -79.04530891684495,33.818213383973756,0.0 -79.0453760763462,33.81821444872179,0.0 -79.04542772049147,33.818159191604224,0.0 -79.04544610403293,33.81808938822972,0.0 -79.04544801926302,33.81800530399985,0.0 -79.04542474789832,33.817920821473535,0.0 -79.04538500495015,33.81782205847891,0.0 -79.0453782053198,33.81775185637862,0.0 -79.04537979919326,33.81768178613344,0.0 -79.0453560503367,33.81761832434512,0.0 -79.04529856250106,33.817561336894165,0.0 -79.04529175975871,33.817491134288176,0.0 -79.04528667725222,33.81744183650075,0.0 -79.04527800235077,33.81735773645865,0.0 -79.04530445980163,33.81730208012809,0.0 -79.04538128869706,33.817247221119565,0.0 -79.04543245456057,33.81721298472837,0.0 -79.04548410102346,33.81715772886986,0.0 -79.04562080742238,33.81705475339056,0.0 -79.04569779419883,33.81699288769967,0.0 -79.04578365570482,33.81691013537368,0.0 -79.04586143979921,33.81681323543522,0.0 -79.04590580534784,33.81670879576512,0.0 -79.04595064701,33.816583335967316,0.0 -79.04596111403221,33.81649237884352,0.0 -79.04596270735738,33.81642230847398,0.0 -79.0459650992882,33.81631720410594,0.0 -79.04596764953304,33.81620509326157,0.0 -79.04596180235866,33.816092849065114,0.0 -79.04598082540933,33.815995016991074,0.0 -79.0459828947329,33.81590392734086,0.0 -79.04605276447174,33.81578587216124,0.0 -79.04616396612275,33.815696511668506,0.0 -79.0463336108611,33.81562209487454,0.0 -79.04640852700457,33.81559614006966,0.0 -79.04646904182056,33.81557517457836,0.0 -79.04662869682542,33.81557069554106,0.0 -79.04676301258776,33.81557282274823,0.0 -79.04692234984007,33.81558235696434,0.0 -79.04703147978458,33.815584085892134,0.0 -79.04709911354608,33.815564126870335,0.0 -79.04719193145685,33.81554456820047,0.0 -79.04726764531904,33.81553875878764,0.0 -79.0473431966912,33.815539955159714,0.0 -79.04736806108214,33.81555436885709,0.0 -79.04627674328805,33.818807665259605,0.0 -79.04595890246058,33.81863242430539,0.0 -79.04595657647155,33.8186312280768,0.0 -79.04595567874435,33.818630809360606,0.0 -79.04539676812584,33.81837740661572,0.0</coordinates>
                    </LinearRing>
                </outerBoundaryIs>
            </Polygon>
        </Placemark>
        <Placemark id="419148">
            <name>Wetland_45512</name>
            <styleUrl>#419153</styleUrl>
            <Polygon id="419147">
                <outerBoundaryIs>
                    <LinearRing id="419151">
                        <coordinates>-79.0449321877331,33.81731406247609,0.0 -79.044954505839,33.817300714878755,0.0 -79.04497433162962,33.81728697029727,0.0 -79.04499014674072,33.817272371600026,0.0 -79.04500145591834,33.81725635877609,0.0 -79.04500921114689,33.81723861377309,0.0 -79.0450154532567,33.81721940930608,0.0 -79.04502218544123,33.81719964365612,0.0 -79.04503022776586,33.8171804679502,0.0 -79.04503890294379,33.8171627375414,0.0 -79.0450468405529,33.81714667203689,0.0 -79.04505328645942,33.817131924028416,0.0 -79.04505879052878,33.817117952115794,0.0 -79.0450646946235,33.81710434420192,0.0 -79.04507194712515,33.81709089446904,0.0 -79.04508032548952,33.81707750351709,0.0 -79.04508879474315,33.817064111495775,0.0 -79.04509660717646,33.81705070480373,0.0 -79.04510409158466,33.81703731675232,0.0 -79.04511242377208,33.81702401534946,0.0 -79.04512258450545,33.817010916065,0.0 -79.0451346085049,33.81699822867209,0.0 -79.04514764786572,33.816986184805934,0.0 -79.0451606898212,33.81697478975226,0.0 -79.04517314250232,33.81696355101726,0.0 -79.04518492595156,33.816951380876574,0.0 -79.04519617188795,33.81693692198116,0.0 -79.04520683691693,33.81691923753999,0.0 -79.0452165296655,33.81689851413807,0.0 -79.04522460525666,33.816876160327354,0.0 -79.04523052390851,33.81685407861306,0.0 -79.04523425448598,33.81683360124952,0.0 -79.0452363621603,33.81681497940706,0.0 -79.04523771322994,33.81679770589047,0.0 -79.04523909610754,33.81678120010956,0.0 -79.04524103613218,33.816765198950826,0.0 -79.04524368380685,33.81674973201471,0.0 -79.0452465979783,33.81673490029014,0.0 -79.04524868120528,33.81672064648437,0.0 -79.04524875524773,33.816706454785724,0.0 -79.04524670995589,33.816691001993746,0.0 -79.04524426454412,33.81667208400713,0.0 -79.04524440108848,33.8166472684373,0.0 -79.04524959856461,33.816615247816564,0.0 -79.04526004543837,33.81657705866637,0.0 -79.04527327271772,33.81653604070833,0.0 -79.04528548720887,33.81649629396854,0.0 -79.04529372914165,33.81646075433555,0.0 -79.04529741642041,33.81643033220888,0.0 -79.04529836155753,33.81640435972507,0.0 -79.0452994793227,33.81638137215691,0.0 -79.04530301552192,33.81635945632323,0.0 -79.04530934333107,33.816336491294685,0.0 -79.04531689963417,33.81631085740611,0.0 -79.04532325597647,33.81628237086587,0.0 -79.04532663164801,33.81625251274474,0.0 -79.04532699243005,33.81622340605083,0.0 -79.04532607226447,33.81619619377892,0.0 -79.04532634606261,33.816170197189464,0.0 -79.04532955247267,33.81614364795644,0.0 -79.0453354880451,33.81611546186306,0.0 -79.0453417668655,33.81608656730373,0.0 -79.04534466861065,33.816059652754326,0.0 -79.04534076403155,33.81603751625549,0.0 -79.04532865082282,33.81602126939058,0.0 -79.04530994960719,33.816009707454555,0.0 -79.04528905090798,33.816000135889766,0.0 -79.04527149103829,33.815989913693855,0.0 -79.04526179849263,33.81597766363941,0.0 -79.04526175313468,33.81596347695198,0.0 -79.0452699275473,33.81594819138777,0.0 -79.04528250338326,33.815932375529634,0.0 -79.04529499360451,33.81591574484644,0.0 -79.04530410676217,33.815897442779,0.0 -79.04530892978873,33.815876883715816,0.0 -79.04531077581146,33.815854427048016,0.0 -79.04531178629684,33.81583131350938,0.0 -79.04531327119537,33.81580897606635,0.0 -79.04531497101999,33.81578827566233,0.0 -79.0453157196396,33.81576921120311,0.0 -79.04531474055095,33.81575110365433,0.0 -79.04531241293691,33.81573303525347,0.0 -79.04530995474335,33.81571425630924,0.0 -79.04530858665466,33.81569441314255,0.0 -79.04530909689699,33.81567360175807,0.0 -79.04531204971751,33.81565216322493,0.0 -79.04531812963667,33.815630268199065,0.0 -79.04532796038454,33.815607275284805,0.0 -79.04533465300862,33.815606263635104,0.0 -79.04541859982687,33.8156075934483,0.0 -79.0455446785659,33.815602583428195,0.0 -79.04563701933726,33.81560404685291,0.0 -79.04573775211749,33.81560564276213,0.0 -79.04585495810005,33.81562152021312,0.0 -79.046014295727,33.81563105391938,0.0 -79.04608984716924,33.81563225111094,0.0 -79.0462160865366,33.815620233327806,0.0 -79.04640140574706,33.81559513291333,0.0 -79.04640852700457,33.81559614006966,0.0 -79.0463336108611,33.81562209487454,0.0 -79.04616396612275,33.815696511668506,0.0 -79.04605276447174,33.81578587216124,0.0 -79.0459828947329,33.81590392734086,0.0 -79.04598082540933,33.815995016991074,0.0 -79.04596180235866,33.816092849065114,0.0 -79.04596764953304,33.81620509326157,0.0 -79.0459650992882,33.81631720410594,0.0 -79.04596270735738,33.81642230847398,0.0 -79.04596111403221,33.81649237884352,0.0 -79.04595064701,33.816583335967316,0.0 -79.04590580534784,33.81670879576512,0.0 -79.04586143979921,33.81681323543522,0.0 -79.04578365570482,33.81691013537368,0.0 -79.04569779419883,33.81699288769967,0.0 -79.04562080742238,33.81705475339056,0.0 -79.04548410102346,33.81715772886986,0.0 -79.04543245456057,33.81721298472837,0.0 -79.04538128869706,33.817247221119565,0.0 -79.04530445980163,33.81730208012809,0.0 -79.04527800235077,33.81735773645865,0.0 -79.04528667725222,33.81744183650075,0.0 -79.04526025509739,33.81739951175063,0.0 -79.04513560874295,33.817341459385865,0.0 -79.04506877020717,33.81732638119253,0.0 -79.04499985545297,33.817402393391255,0.0 -79.04490560144119,33.81748501262178,0.0 -79.04483636973234,33.817575036721536,0.0 -79.04475954032526,33.81762989446308,0.0 -79.04462299130033,33.817725862557865,0.0 -79.0445456839073,33.817801740044935,0.0 -79.04450259221633,33.81785012331512,0.0 -79.04440185335605,33.81784852585655,0.0 -79.04437479629043,33.817848096329435,0.0 -79.04437512662791,33.81784672569968,0.0 -79.04438545444108,33.817823394609455,0.0 -79.04439759891427,33.817804097161684,0.0 -79.0444104441183,33.81778761469173,0.0 -79.04442380463274,33.81777203443052,0.0 -79.04443794603979,33.8177557969831,0.0 -79.04445302288718,33.81773812678868,0.0 -79.04446888940825,33.81771897766939,0.0 -79.04448521571177,33.81769886090281,0.0 -79.0445017000079,33.81767866389516,0.0 -79.0445181254143,33.81765935576502,0.0 -79.04453435535983,33.81764158469003,0.0 -79.04455042853363,33.817625380964216,0.0 -79.04456666834842,33.8176102023371,0.0 -79.04458362390444,33.81759534450704,0.0 -79.04460162561577,33.81758042996058,0.0 -79.04462035375914,33.81756560588992,0.0 -79.04463885323868,33.81755136085824,0.0 -79.0446560617427,33.81753808749484,0.0 -79.04467144323792,33.81752572447517,0.0 -79.04468523545712,33.817513706835754,0.0 -79.04469824083351,33.817501228709965,0.0 -79.04471137458025,33.81748764556074,0.0 -79.04472526315098,33.817472747471584,0.0 -79.04474003977515,33.817456814304236,0.0 -79.04475544848266,33.81744044378531,0.0 -79.04477120237439,33.81742429908034,0.0 -79.04478737585822,33.817408857767816,0.0 -79.04480442931182,33.8173942690783,0.0 -79.04482284340574,33.81738037786243,0.0 -79.0448427620623,33.8173669008069,0.0 -79.04486394714978,33.81735361797192,0.0 -79.04488611645903,33.81734042474396,0.0 -79.04490902337952,33.81732726089611,0.0 -79.0449321877331,33.81731406247609,0.0</coordinates>
                    </LinearRing>
                </outerBoundaryIs>
            </Polygon>
        </Placemark>
        <Placemark id="419157">
            <name>Wetland_45513</name>
            <styleUrl>#419162</styleUrl>
            <Polygon id="419156">
                <outerBoundaryIs>
                    <LinearRing id="419160">
                        <coordinates>-79.03990330080171,33.8157998140343,0.0 -79.03980921715322,33.81577196445267,0.0 -79.03972525008908,33.81576184412355,0.0 -79.03964108735043,33.81576050633709,0.0 -79.0395783642263,33.815741940002354,0.0 -79.03953708307748,33.815706144589946,0.0 -79.0394233612552,33.81561649017008,0.0 -79.03929871631762,33.81554423038257,0.0 -79.03922667805064,33.815472807635345,0.0 -79.03918619800729,33.81540188611951,0.0 -79.039114158026,33.81533046209019,0.0 -79.03906275778614,33.81527693661782,0.0 -79.03897007807215,33.815187615638294,0.0 -79.03887739642852,33.81509829425617,0.0 -79.03884743948556,33.815027539890416,0.0 -79.0388389242928,33.81493955746014,0.0 -79.03883614912681,33.814919241407495,0.0 -79.03884964547944,33.81493094439361,0.0 -79.03889092609714,33.81496673920728,0.0 -79.03895284519872,33.81502043247987,0.0 -79.03901476545616,33.815074125874375,0.0 -79.0390971235878,33.81515449773233,0.0 -79.03918008713815,33.81520852527729,0.0 -79.03927357001996,33.81526272043155,0.0 -79.03937737137046,33.81532586410262,0.0 -79.03947125559468,33.815362495302885,0.0 -79.03959710205676,33.8153820651674,0.0 -79.03974438893638,33.815384407408054,0.0 -79.04004988542059,33.81537169369637,0.0 -79.04012791882508,33.8153474575402,0.0 -79.04057731784211,33.81531858481849,0.0 -79.04118751070868,33.81532828008413,0.0 -79.04146104590755,33.815332625378716,0.0 -79.04169249632773,33.81533630087522,0.0 -79.04193447135619,33.81534014413267,0.0 -79.0420617187818,33.81529824147205,0.0 -79.0420851614706,33.81519319735898,0.0 -79.04208731209508,33.8150987623149,0.0 -79.04208756336322,33.81508781895968,0.0 -79.04206712028784,33.8150611403503,0.0 -79.04214948437058,33.815141512272355,0.0 -79.04216045562556,33.81517603917186,0.0 -79.04218872228999,33.81520590200641,0.0 -79.04222594001347,33.81526552843604,0.0 -79.04223077790813,33.815335371235456,0.0 -79.04222993162472,33.8153724555828,0.0 -79.04223876705254,33.815380116175994,0.0 -79.04222956129419,33.815388742439524,0.0 -79.04222894377371,33.815415843198664,0.0 -79.04220745670884,33.81544448584287,0.0 -79.04218915805286,33.8154688778762,0.0 -79.042137005284,33.81550025092965,0.0 -79.04196842946583,33.8155619739068,0.0 -79.04184531298516,33.81556894377768,0.0 -79.04165452942466,33.81561680916904,0.0 -79.0414228753779,33.815621914213324,0.0 -79.04111677713783,33.815660974507665,0.0 -79.04099032967986,33.81566775030066,0.0 -79.04084263932889,33.815682973115294,0.0 -79.04068362951008,33.81573315415963,0.0 -79.04060938470266,33.815758328453185,0.0 -79.04050337742737,33.8157917831179,0.0 -79.0403243249813,33.815797722779315,0.0 -79.04022944104165,33.81580499861507,0.0 -79.04009267264605,33.815802824591934,0.0 -79.03999798735398,33.81580131899093,0.0 -79.03990330080171,33.8157998140343,0.0</coordinates>
                    </LinearRing>
                </outerBoundaryIs>
            </Polygon>
        </Placemark>
        <Placemark id="419166">
            <name>Wetland_45514</name>
            <styleUrl>#419171</styleUrl>
            <Polygon id="419165">
                <outerBoundaryIs>
                    <LinearRing id="419169">
                        <coordinates>-79.04423196725098,33.816862969113146,0.0 -79.04412829231664,33.81673035932474,0.0 -79.04404272211853,33.81662946714798,0.0 -79.04397005935394,33.81651306475841,0.0 -79.0439725636387,33.81640309302212,0.0 -79.04398241360761,33.816246089776385,0.0 -79.04401060978134,33.816110330659924,0.0 -79.04401843260274,33.816042352776606,0.0 -79.04402010327071,33.81596903781304,0.0 -79.04400946354373,33.81588505142185,0.0 -79.04399906261885,33.815790590948026,0.0 -79.04396948221645,33.81571154225705,0.0 -79.04398322001403,33.81565937300996,0.0 -79.04407141418562,33.81564505671289,0.0 -79.04422174858809,33.81565791820113,0.0 -79.04428992540764,33.81569567067454,0.0 -79.04437029173786,33.81574933128987,0.0 -79.04445077807316,33.8157977548883,0.0 -79.04454345878025,33.81586209002764,0.0 -79.04463649286296,33.8159107132644,0.0 -79.0447859923606,33.81596023142405,0.0 -79.0448148913005,33.81596797050337,0.0 -79.04481435580217,33.81598449378431,0.0 -79.04481519780776,33.81601407904916,0.0 -79.04481569003867,33.816046318917365,0.0 -79.04481390604741,33.81608366685109,0.0 -79.04480911088899,33.81612672682894,0.0 -79.04480199596978,33.81617409992976,0.0 -79.04479425560986,33.81622348378282,0.0 -79.04478776954733,33.81627336926977,0.0 -79.04478371073424,33.8163238121576,0.0 -79.04478182626414,33.81637543154449,0.0 -79.04478040902497,33.816427673175056,0.0 -79.04477709786761,33.81647822059426,0.0 -79.04477016408782,33.816524363704936,0.0 -79.04475937661108,33.81656513423776,0.0 -79.04474583606108,33.81660213327973,0.0 -79.0447309793294,33.8166381513251,0.0 -79.04471556476865,33.81667472686581,0.0 -79.04469956543812,33.81671081277974,0.0 -79.04468303025436,33.81674371983879,0.0 -79.04466695830173,33.81677135175249,0.0 -79.04465291465088,33.81679355417065,0.0 -79.04464130797973,33.816811519057836,0.0 -79.04462995758506,33.81682611611397,0.0 -79.04461474753414,33.81683694122777,0.0 -79.0445922553825,33.816842817367984,0.0 -79.04456229268322,33.81684305086729,0.0 -79.04452814681567,33.81683837582617,0.0 -79.04449441352983,33.816831168258545,0.0 -79.04446427320846,33.81682492473619,0.0 -79.04443832376252,33.81682315617394,0.0 -79.04441534211489,33.81682792654685,0.0 -79.04439387964617,33.81683886909116,0.0 -79.04437333588712,33.81685351837077,0.0 -79.04435413804414,33.81686885658066,0.0 -79.04433728889606,33.816882891656675,0.0 -79.0443237043898,33.816895177431924,0.0 -79.04431354636651,33.81690616080402,0.0 -79.04430586144301,33.816916135968256,0.0 -79.04429869485207,33.81692456376512,0.0 -79.0442897158376,33.81693014899201,0.0 -79.04427675376692,33.81693156199456,0.0 -79.04425803841275,33.816928334638646,0.0 -79.04423238001179,33.81692137538899,0.0 -79.04423064931326,33.81692091857647,0.0 -79.04423196725098,33.816862969113146,0.0</coordinates>
                    </LinearRing>
                </outerBoundaryIs>
            </Polygon>
        </Placemark>
        <Placemark id="419175">
            <name>Wetland_45515</name>
            <styleUrl>#419180</styleUrl>
            <Polygon id="419174">
                <outerBoundaryIs>
                    <LinearRing id="419178">
                        <coordinates>-79.04244955709683,33.8172294515682,0.0 -79.04246067451,33.81720598578596,0.0 -79.04252097162016,33.81707871152902,0.0 -79.0425855368235,33.81709961823498,0.0 -79.04258912803924,33.81710206266173,0.0 -79.04260647955213,33.81711398138336,0.0 -79.04262462009487,33.81712611355975,0.0 -79.0426440299636,33.817138593196816,0.0 -79.04266483899185,33.81715120128174,0.0 -79.04268734000483,33.817163484700956,0.0 -79.04271226894662,33.8171750669934,0.0 -79.0427403110754,33.81718586338352,0.0 -79.04277122270831,33.81719604234174,0.0 -79.04280344613656,33.81720585568565,0.0 -79.04283469802276,33.817215536709554,0.0 -79.04286309495212,33.8172252898247,0.0 -79.0428879656861,33.81723537286285,0.0 -79.04290991972792,33.81724607177802,0.0 -79.04293033492097,33.81725757188143,0.0 -79.04295065224028,33.81726976045784,0.0 -79.04297173164956,33.817282113925856,0.0 -79.04299351512245,33.81729377244049,0.0 -79.04301524015854,33.81730371071378,0.0 -79.043036111431,33.81731088676613,0.0 -79.04305597961536,33.81731437809989,0.0 -79.04307547454516,33.81731362153726,0.0 -79.04309554175651,33.81730867641057,0.0 -79.04311675680755,33.817300346562774,0.0 -79.0431387526181,33.817289928055324,0.0 -79.04315983743095,33.81727866230516,0.0 -79.04317695894514,33.81726725421787,0.0 -79.04318633937206,33.817255739039496,0.0 -79.04318498204985,33.817243791350016,0.0 -79.04317228618423,33.817231151045085,0.0 -79.04315053442629,33.817217860277054,0.0 -79.04312381269662,33.817204177787225,0.0 -79.04309620247136,33.81719038257775,0.0 -79.04307055380819,33.81717671739119,0.0 -79.04304820171683,33.81716341665863,0.0 -79.04302923587112,33.81715067648318,0.0 -79.04301542222645,33.81714043676932,0.0 -79.04301307329868,33.817106427173535,0.0 -79.04300113598534,33.81707464469525,0.0 -79.04283458587594,33.81690997336019,0.0 -79.04283392830527,33.816897058142175,0.0 -79.04285877858884,33.816889040294036,0.0 -79.04290794410444,33.816880225290205,0.0 -79.04295675591754,33.816876850817586,0.0 -79.04300052204839,33.8168782053432,0.0 -79.04303717954748,33.81688302791362,0.0 -79.0430667794496,33.8168898200723,0.0 -79.04309070702689,33.816897043935285,0.0 -79.04311115817599,33.816903599269935,0.0 -79.04313066770877,33.816909376482165,0.0 -79.04315148855615,33.816915304573754,0.0 -79.04317501443336,33.81692270164048,0.0 -79.04320158612363,33.81693239853608,0.0 -79.04323062550839,33.816944304036596,0.0 -79.04326086140345,33.81695761022912,0.0 -79.04329068182538,33.816971344055155,0.0 -79.04331853481389,33.81698485875738,0.0 -79.04334344722245,33.816997999057556,0.0 -79.04336524612593,33.81701093847191,0.0 -79.04338433614514,33.81702383342858,0.0 -79.04340123890118,33.81703657396662,0.0 -79.04341631819617,33.81704884209613,0.0 -79.04342979408428,33.81706042582349,0.0 -79.04344184311401,33.817071503216766,0.0 -79.04345250304699,33.81708269375038,0.0 -79.0434614497577,33.81709480512402,0.0 -79.04346784247244,33.81710842470175,0.0 -79.04347052174462,33.8171235459997,0.0 -79.04346851547012,33.81713955008012,0.0 -79.04346154705601,33.817155530124424,0.0 -79.04345015330279,33.81717070179797,0.0 -79.04343532931227,33.817184525185674,0.0 -79.04341796277623,33.81719653174444,0.0 -79.0433986793652,33.81720628317811,0.0 -79.04337831454254,33.81721372062874,0.0 -79.04335872951441,33.817219583109676,0.0 -79.04334317672988,33.817225338953946,0.0 -79.04333573469164,33.81723241534178,0.0 -79.04333999458612,33.81724125499125,0.0 -79.04335778416595,33.81725097951475,0.0 -79.04338852339602,33.817259998643884,0.0 -79.0434293013641,33.81726704112452,0.0 -79.04347540131123,33.81727177554549,0.0 -79.04352133585785,33.81727467744454,0.0 -79.04356238551549,33.817276592744655,0.0 -79.04359601333415,33.81727853836264,0.0 -79.04362226336687,33.81728178587045,0.0 -79.04362346876374,33.81728213748107,0.0 -79.04366396017615,33.81747745493656,0.0 -79.04364806186236,33.81757468005456,0.0 -79.04359644768797,33.817733450606895,0.0 -79.04355091469326,33.81781817003678,0.0 -79.04266591971567,33.81743217881074,0.0 -79.04238975974674,33.81731173075082,0.0 -79.04244955709683,33.8172294515682,0.0</coordinates>
                    </LinearRing>
                </outerBoundaryIs>
            </Polygon>
        </Placemark>
        <Placemark id="419184">
            <name>Wetland_45516</name>
            <styleUrl>#419189</styleUrl>
            <Polygon id="419183">
                <outerBoundaryIs>
                    <LinearRing id="419187">
                        <coordinates>-79.04280278891075,33.8188088052016,0.0 -79.04276110106912,33.81877706551362,0.0 -79.04266392103858,33.818773016258156,0.0 -79.04246742024242,33.81895167161203,0.0 -79.04233248892216,33.81893574641541,0.0 -79.04218369077853,33.818852466032034,0.0 -79.0421380768744,33.81880686580386,0.0 -79.04209048430918,33.81872541288281,0.0 -79.04197544038972,33.818439787332416,0.0 -79.04190192356519,33.81804091277812,0.0 -79.04190524000603,33.81785615429447,0.0 -79.04191042042419,33.81784729188056,0.0 -79.04193332687562,33.817816500758305,0.0 -79.04195864821554,33.817791592765985,0.0 -79.04198662930244,33.8177739320142,0.0 -79.04201725431665,33.817764220970865,0.0 -79.04204983500509,33.81776198829038,0.0 -79.04208309470744,33.81776561401322,0.0 -79.04211554306168,33.817773030862234,0.0 -79.04214590798465,33.81778256772264,0.0 -79.04217339245143,33.81779332150213,0.0 -79.04219776660885,33.81780495889592,0.0 -79.04221944151949,33.81781724895987,0.0 -79.04223959217124,33.817829779425466,0.0 -79.04226020004278,33.81784203485931,0.0 -79.04228370547831,33.81785367612647,0.0 -79.04231196313064,33.81786474101287,0.0 -79.04234497677935,33.81787561567847,0.0 -79.04238049709527,33.81788679673484,0.0 -79.04241518079048,33.81789860667743,0.0 -79.04244656076392,33.81791099234438,0.0 -79.04247433419428,33.81792346409679,0.0 -79.04250001488505,33.81793524431549,0.0 -79.0425255554319,33.81794549042704,0.0 -79.0425520623534,33.817953532632885,0.0 -79.04257936710734,33.81795904035663,0.0 -79.04260633473672,33.81796205166486,0.0 -79.04263136740587,33.8179627542206,0.0 -79.04265271702657,33.81796111332084,0.0 -79.04266855689988,33.8179567115495,0.0 -79.04267723014266,33.81794912849085,0.0 -79.0426777669249,33.817938556760936,0.0 -79.04267109146969,33.817927306124396,0.0 -79.04270360720223,33.817892109140615,0.0 -79.04269569809597,33.81781472469593,0.0 -79.0426777855307,33.81778296519657,0.0 -79.0426083641708,33.81772946777709,0.0 -79.04223328476675,33.81752703829825,0.0 -79.04224244724705,33.81751443043217,0.0 -79.04228991844799,33.81744910985334,0.0 -79.04266591844778,33.81763002836302,0.0 -79.04344941637187,33.81800701654116,0.0 -79.0432691034246,33.818342505196895,0.0 -79.043228520259,33.81850518108718,0.0 -79.0432198244603,33.81851609938579,0.0 -79.04319256298342,33.818547159524776,0.0 -79.04316324996148,33.818576225578745,0.0 -79.04313425013063,33.81860177036106,0.0 -79.04310877718646,33.818623810443974,0.0 -79.04308970474196,33.81864362608966,0.0 -79.04307868423321,33.81866275187374,0.0 -79.0430758034639,33.818682153914715,0.0 -79.0430794858832,33.818702119441,0.0 -79.04308664244839,33.818722734039575,0.0 -79.04309349612035,33.818744225873424,0.0 -79.04309699632282,33.818766868125515,0.0 -79.04309611284931,33.818790669846834,0.0 -79.04309206896512,33.81881533141446,0.0 -79.0430873572981,33.81884045685933,0.0 -79.04308414260731,33.81886564795446,0.0 -79.04308299455161,33.81889031349524,0.0 -79.04308265833008,33.81891357070382,0.0 -79.04308090975901,33.81893454578186,0.0 -79.04307587454177,33.81895288701605,0.0 -79.04306697075405,33.81896895916033,0.0 -79.04305506925952,33.81898358075972,0.0 -79.04304205457451,33.818997611600814,0.0 -79.04303016324707,33.81901175816101,0.0 -79.04302128970366,33.81902658794964,0.0 -79.04301632379737,33.81904253036209,0.0 -79.04301471262632,33.819059848053314,0.0 -79.04301457733433,33.81907870428395,0.0 -79.04301356120664,33.81909936421849,0.0 -79.043009895843,33.8191222739693,0.0 -79.04300295470937,33.81914789080092,0.0 -79.0429929897297,33.819176477626364,0.0 -79.0429804842292,33.819208114330756,0.0 -79.04296569356164,33.81924279605148,0.0 -79.04294870773091,33.8192801778213,0.0 -79.04292972058029,33.8193190124543,0.0 -79.04290916594735,33.81935698340032,0.0 -79.04288758084569,33.819391500214124,0.0 -79.04286535072104,33.81942096126092,0.0 -79.04284259373468,33.8194453167711,0.0 -79.04282460330352,33.81946072570907,0.0 -79.04274317889522,33.81947349224855,0.0 -79.04270556078875,33.81946554704237,0.0 -79.04267556354425,33.81943785622666,0.0 -79.04267511180595,33.819437359955856,0.0 -79.04266103397991,33.81941526839544,0.0 -79.04264787135384,33.81939165014909,0.0 -79.04263567669476,33.81936651668278,0.0 -79.04262388750799,33.81933964995269,0.0 -79.04261442372417,33.819317945493765,0.0 -79.04265188333343,33.81914610120773,0.0 -79.04274263068662,33.819008770581284,0.0 -79.04274792747309,33.81900272557157,0.0 -79.0427633805842,33.81898313059591,0.0 -79.04277712011744,33.81896197181564,0.0 -79.04278554789164,33.81894382011742,0.0 -79.04278690225532,33.81894177290593,0.0 -79.04278704077235,33.81894060663741,0.0 -79.04278772947411,33.81893912456466,0.0 -79.04279357513977,33.81891520138204,0.0 -79.04279332283443,33.81889175954299,0.0 -79.04279299685179,33.81889076536668,0.0 -79.04280278891075,33.8188088052016,0.0</coordinates>
                    </LinearRing>
                </outerBoundaryIs>
            </Polygon>
        </Placemark>
        <Placemark id="419193">
            <name>Wetland_45517</name>
            <styleUrl>#419198</styleUrl>
            <Polygon id="419192">
                <outerBoundaryIs>
                    <LinearRing id="419196">
                        <coordinates>-79.04436822435234,33.818043777265544,0.0 -79.0444042032801,33.81804808666781,0.0 -79.0444381018229,33.81805333247712,0.0 -79.04446775482027,33.81805660162424,0.0 -79.04449069960111,33.8180557026566,0.0 -79.04450449491739,33.818049733244315,0.0 -79.0445074200021,33.818039925974944,0.0 -79.04535412728511,33.818439827750595,0.0 -79.045912002984,33.81869276337756,0.0 -79.04625237466759,33.81888030776323,0.0 -79.04621497902023,33.818991778869986,0.0 -79.04598087670958,33.81894601232206,0.0 -79.04585606921052,33.8188949664084,0.0 -79.0457564437088,33.81884432146419,0.0 -79.0456565048414,33.818807689781906,0.0 -79.04552282080354,33.81877753338151,0.0 -79.04538946062766,33.81873336226081,0.0 -79.0453147031742,33.81869712953945,0.0 -79.04522347615358,33.81864661662394,0.0 -79.04500728173284,33.81855206554281,0.0 -79.04484953370918,33.81847246047724,0.0 -79.04482427985481,33.81845453546318,0.0 -79.04467499516939,33.81839258808583,0.0 -79.04450077749735,33.81829870125678,0.0 -79.04440099516896,33.81825506154515,0.0 -79.04434350863217,33.81819807382562,0.0 -79.04425244110685,33.818140554549665,0.0 -79.04423561477697,33.818122299806554,0.0 -79.04426138333295,33.81805971974238,0.0 -79.04426711846423,33.81805719647768,0.0 -79.0442981593804,33.81804767478432,0.0 -79.04433224070735,33.818043120361025,0.0 -79.04436822435234,33.818043777265544,0.0</coordinates>
                    </LinearRing>
                </outerBoundaryIs>
            </Polygon>
        </Placemark>
        <Placemark id="419202">
            <name>Wetland_45518</name>
            <styleUrl>#419207</styleUrl>
            <Polygon id="419201">
                <outerBoundaryIs>
                    <LinearRing id="419205">
                        <coordinates>-79.04049594708418,33.81752015042886,0.0 -79.04055471177332,33.81752108384314,0.0 -79.04060411976452,33.81756392576388,0.0 -79.04066144625752,33.81762792303076,0.0 -79.0406587282911,33.81774704070829,0.0 -79.04061483641466,33.81783045689455,0.0 -79.04049603080831,33.81788464537745,0.0 -79.040368508714,33.81795271270942,0.0 -79.04027440709949,33.81802832062388,0.0 -79.04017143271523,33.81812481696637,0.0 -79.04003503731201,33.81821377241764,0.0 -79.03993189797507,33.818317275043356,0.0 -79.03988784701026,33.818407698363295,0.0 -79.03988576730407,33.818498787125726,0.0 -79.03986642021803,33.8186106319325,0.0 -79.03986434116595,33.81870172259063,0.0 -79.03988744700398,33.81879321153861,0.0 -79.03988408941791,33.818940357932874,0.0 -79.03987297571314,33.81905934208505,0.0 -79.03987913210906,33.81915757329746,0.0 -79.03989272388871,33.819297978194285,0.0 -79.03990807408567,33.819361308546874,0.0 -79.03995636469847,33.81945319833457,0.0 -79.0400469511034,33.81953174337115,0.0 -79.04012090798635,33.81960301269897,0.0 -79.04014401400491,33.81969450324875,0.0 -79.04017455526204,33.81982816919444,0.0 -79.04020589804394,33.81992680044269,0.0 -79.04021796545392,33.8199463905091,0.0 -79.03975508678876,33.82018862250422,0.0 -79.03974665001881,33.82017885012568,0.0 -79.0396150485121,33.82005759693808,0.0 -79.03945970090496,33.81987287869081,0.0 -79.0393604027601,33.81980821553095,0.0 -79.03924462977585,33.819729269470365,0.0 -79.03908608780335,33.81968469108625,0.0 -79.03897807218506,33.81963390715069,0.0 -79.0389118714375,33.819590797433804,0.0 -79.03887101768551,33.819541082015775,0.0 -79.0388730968469,33.81944999131752,0.0 -79.03887424903941,33.819399516202964,0.0 -79.03887565629687,33.819337880935656,0.0 -79.03887709668419,33.8192748191129,0.0 -79.03895408991504,33.81921295793948,0.0 -79.03902380961142,33.81910191507951,0.0 -79.03906850348595,33.818983465499414,0.0 -79.03908785287696,33.818871621040245,0.0 -79.03914869700162,33.81878146614735,0.0 -79.03926070981395,33.8186570756992,0.0 -79.03930540307506,33.81853862595794,0.0 -79.03935817154019,33.818434323105905,0.0 -79.03944435847708,33.818337560864094,0.0 -79.03955685135651,33.81819215050801,0.0 -79.03965111401696,33.81810953603727,0.0 -79.03975345058463,33.818041069107146,0.0 -79.03988273015725,33.81789592483695,0.0 -79.04000249529035,33.8177996965066,0.0 -79.04013921022772,33.81769672672172,0.0 -79.04026721132811,33.81760763797299,0.0 -79.0403863366537,33.81753943625936,0.0 -79.04049594708418,33.81752015042886,0.0</coordinates>
                    </LinearRing>
                </outerBoundaryIs>
            </Polygon>
        </Placemark>
        <Placemark id="419211">
            <name>Wetland_45519</name>
            <styleUrl>#419216</styleUrl>
            <Polygon id="419210">
                <outerBoundaryIs>
                    <LinearRing id="419214">
                        <coordinates>-79.04382154491599,33.81883602784679,0.0 -79.04383186964,33.818816963413575,0.0 -79.0438434658898,33.818799275325354,0.0 -79.04385473736554,33.81878297778833,0.0 -79.04386428594063,33.81876771061654,0.0 -79.04387187823025,33.8187527934891,0.0 -79.04387870905379,33.81873740599527,0.0 -79.04388670519045,33.81872079810787,0.0 -79.04389741360052,33.81870245447639,0.0 -79.04391131229451,33.8186821413477,0.0 -79.04392792935066,33.81865984782883,0.0 -79.04394640271163,33.81863562792768,0.0 -79.04396593155019,33.81860943287457,0.0 -79.04398589575615,33.81858126708163,0.0 -79.04400588633247,33.81855171012147,0.0 -79.04402577342847,33.818522367896215,0.0 -79.04404576560523,33.818495647703365,0.0 -79.04406632911774,33.818473840462524,0.0 -79.04408792207445,33.81845813455586,0.0 -79.04411063177898,33.818448197347074,0.0 -79.04413383230398,33.81844236538708,0.0 -79.04415603383539,33.81843820046873,0.0 -79.04417481985627,33.818433189670436,0.0 -79.04418705531045,33.81842541466046,0.0 -79.04418951327321,33.818413905663846,0.0 -79.0441799827227,33.81839863663096,0.0 -79.0441583752414,33.81838024287041,0.0 -79.04413554654549,33.818365326614376,0.0 -79.04413597032425,33.81836429633426,0.0 -79.04509054178303,33.818815507965695,0.0 -79.04508961368471,33.8188563503502,0.0 -79.0450865873702,33.81898931646276,0.0 -79.04508483761045,33.819066163346896,0.0 -79.04507912382988,33.81906912362322,0.0 -79.04506988714343,33.819080548379304,0.0 -79.04506647526604,33.819094442283614,0.0 -79.04506867349778,33.81910896553341,0.0 -79.04507543822251,33.81912291747813,0.0 -79.045085534906,33.8191360540659,0.0 -79.04509791064412,33.819148760232025,0.0 -79.04511167125548,33.819161418081826,0.0 -79.04512594715108,33.81917400503268,0.0 -79.04513061928948,33.81917806568546,0.0 -79.04505931595821,33.819176936470825,0.0 -79.04489213815648,33.819174284460026,0.0 -79.04486506600118,33.81906711248852,0.0 -79.04484726717718,33.81898472033858,0.0 -79.04475931913723,33.818958692552194,0.0 -79.04466097967769,33.81895713314328,0.0 -79.04454297359526,33.818955261020186,0.0 -79.04442459230859,33.81896980573321,0.0 -79.04434442507603,33.819034222038596,0.0 -79.04426332455904,33.8191396782173,0.0 -79.04423139076228,33.81924591516697,0.0 -79.04420966871069,33.81933589196649,0.0 -79.04420705309036,33.81945080497629,0.0 -79.04414599147565,33.81954015820276,0.0 -79.04403557284981,33.8196369381943,0.0 -79.04395484621682,33.819725978895505,0.0 -79.04382457267612,33.81983065395572,0.0 -79.0437733448313,33.819920163475956,0.0 -79.04377035446117,33.820051492596534,0.0 -79.04376886043968,33.82011715686675,0.0 -79.04370798665389,33.82019830103776,0.0 -79.04361910519509,33.820213312455564,0.0 -79.04354043238236,33.820212064160536,0.0 -79.04348130436829,33.820211125967624,0.0 -79.04348155399413,33.820209160419346,0.0 -79.04348202754439,33.820191473926435,0.0 -79.04348212233012,33.82017104204366,0.0 -79.04348334706745,33.820147781187764,0.0 -79.04348635105204,33.82012246156896,0.0 -79.04349051260559,33.82009654701124,0.0 -79.04349457815256,33.82007150400203,0.0 -79.04349761405838,33.82004809620451,0.0 -79.0434994689386,33.820026237501445,0.0 -79.04350051211058,33.820005357895575,0.0 -79.04350110633075,33.81998463995906,0.0 -79.04350139846593,33.81996279861846,0.0 -79.04350142831471,33.819937922685476,0.0 -79.04350136863084,33.819908109781274,0.0 -79.04350167860886,33.819872707749724,0.0 -79.04350311569989,33.81983306760519,0.0 -79.04350641991057,33.819791986506964,0.0 -79.04351169717317,33.81975229942301,0.0 -79.04351811963306,33.819715775175446,0.0 -79.04352451080432,33.81968287311875,0.0 -79.04353040084565,33.8196530433729,0.0 -79.04353647128067,33.81962527024918,0.0 -79.0435439919362,33.81959870899738,0.0 -79.04355388967096,33.81957312606033,0.0 -79.04356631535573,33.81954876117376,0.0 -79.04358075507328,33.819525744543476,0.0 -79.04359645307338,33.81950376125457,0.0 -79.04361275331706,33.81948230383224,0.0 -79.0436292114807,33.81946111447308,0.0 -79.04364547484904,33.81944028909256,0.0 -79.04366104016177,33.819420040417995,0.0 -79.04367506700001,33.819400500241194,0.0 -79.04368641917809,33.819381792856966,0.0 -79.04369391227148,33.81936411634429,0.0 -79.04369682431948,33.81934755640701,0.0 -79.04369548522597,33.81933165724629,0.0 -79.04369154983178,33.81931525017016,0.0 -79.04368746882837,33.81929686984187,0.0 -79.04368532601734,33.819275559441046,0.0 -79.04368589747617,33.819251404991,0.0 -79.04368877530099,33.819225339087424,0.0 -79.04369331209797,33.819198357928194,0.0 -79.04369942714553,33.81917082968349,0.0 -79.04370753082587,33.81914235505527,0.0 -79.04371783681549,33.81911224182875,0.0 -79.04372995952644,33.819080150879145,0.0 -79.04374314281087,33.81904654571099,0.0 -79.04375663628419,33.819012685532,0.0 -79.04376977971502,33.81898018487192,0.0 -79.04378180497558,33.81895033850323,0.0 -79.04379194813116,33.818923605138465,0.0 -79.04379995871486,33.81889955383696,0.0 -79.04380656677604,33.818877320707585,0.0 -79.04381327566269,33.818856211138396,0.0 -79.04382154491599,33.81883602784679,0.0</coordinates>
                    </LinearRing>
                </outerBoundaryIs>
            </Polygon>
        </Placemark>
    </Document>
</kml>
