<?xml version="1.0" encoding="UTF-8"?>
<kml xmlns="http://www.opengis.net/kml/2.2" xmlns:gx="http://www.google.com/kml/ext/2.2">
    <Document id="2408476">
        <Style id="2408483">
            <LineStyle id="2408485">
                <color>ffffffff</color>
                <colorMode>normal</colorMode>
                <width>1</width>
            </LineStyle>
            <PolyStyle id="2408484">
                <colorMode>normal</colorMode>
                <fill>0</fill>
                <outline>1</outline>
            </PolyStyle>
        </Style>
        <Style id="2408492">
            <LineStyle id="2408494">
                <color>ffffffff</color>
                <colorMode>normal</colorMode>
                <width>1</width>
            </LineStyle>
            <PolyStyle id="2408493">
                <colorMode>normal</colorMode>
                <fill>0</fill>
                <outline>1</outline>
            </PolyStyle>
        </Style>
        <Style id="2408501">
            <LineStyle id="2408503">
                <color>ffffffff</color>
                <colorMode>normal</colorMode>
                <width>1</width>
            </LineStyle>
            <PolyStyle id="2408502">
                <colorMode>normal</colorMode>
                <fill>0</fill>
                <outline>1</outline>
            </PolyStyle>
        </Style>
        <Style id="2408510">
            <LineStyle id="2408512">
                <color>ffffffff</color>
                <colorMode>normal</colorMode>
                <width>1</width>
            </LineStyle>
            <PolyStyle id="2408511">
                <colorMode>normal</colorMode>
                <fill>0</fill>
                <outline>1</outline>
            </PolyStyle>
        </Style>
        <Style id="2408519">
            <LineStyle id="2408521">
                <color>ffffffff</color>
                <colorMode>normal</colorMode>
                <width>1</width>
            </LineStyle>
            <PolyStyle id="2408520">
                <colorMode>normal</colorMode>
                <fill>0</fill>
                <outline>1</outline>
            </PolyStyle>
        </Style>
        <Style id="2408528">
            <LineStyle id="2408530">
                <color>ffffffff</color>
                <colorMode>normal</colorMode>
                <width>1</width>
            </LineStyle>
            <PolyStyle id="2408529">
                <colorMode>normal</colorMode>
                <fill>0</fill>
                <outline>1</outline>
            </PolyStyle>
        </Style>
        <Style id="2408537">
            <LineStyle id="2408539">
                <color>ffffffff</color>
                <colorMode>normal</colorMode>
                <width>1</width>
            </LineStyle>
            <PolyStyle id="2408538">
                <colorMode>normal</colorMode>
                <fill>0</fill>
                <outline>1</outline>
            </PolyStyle>
        </Style>
        <Style id="2408546">
            <LineStyle id="2408548">
                <color>ffffffff</color>
                <colorMode>normal</colorMode>
                <width>1</width>
            </LineStyle>
            <PolyStyle id="2408547">
                <colorMode>normal</colorMode>
                <fill>0</fill>
                <outline>1</outline>
            </PolyStyle>
        </Style>
        <Style id="2408555">
            <LineStyle id="2408557">
                <color>ffffffff</color>
                <colorMode>normal</colorMode>
                <width>1</width>
            </LineStyle>
            <PolyStyle id="2408556">
                <colorMode>normal</colorMode>
                <fill>0</fill>
                <outline>1</outline>
            </PolyStyle>
        </Style>
        <Style id="2408564">
            <LineStyle id="2408566">
                <color>ffffffff</color>
                <colorMode>normal</colorMode>
                <width>1</width>
            </LineStyle>
            <PolyStyle id="2408565">
                <colorMode>normal</colorMode>
                <fill>0</fill>
                <outline>1</outline>
            </PolyStyle>
        </Style>
        <Style id="2408573">
            <LineStyle id="2408575">
                <color>ffffffff</color>
                <colorMode>normal</colorMode>
                <width>1</width>
            </LineStyle>
            <PolyStyle id="2408574">
                <colorMode>normal</colorMode>
                <fill>0</fill>
                <outline>1</outline>
            </PolyStyle>
        </Style>
        <Style id="2408582">
            <LineStyle id="2408584">
                <color>ffffffff</color>
                <colorMode>normal</colorMode>
                <width>1</width>
            </LineStyle>
            <PolyStyle id="2408583">
                <colorMode>normal</colorMode>
                <fill>0</fill>
                <outline>1</outline>
            </PolyStyle>
        </Style>
        <Style id="2408591">
            <LineStyle id="2408593">
                <color>ffffffff</color>
                <colorMode>normal</colorMode>
                <width>1</width>
            </LineStyle>
            <PolyStyle id="2408592">
                <colorMode>normal</colorMode>
                <fill>0</fill>
                <outline>1</outline>
            </PolyStyle>
        </Style>
        <Style id="2408600">
            <LineStyle id="2408602">
                <color>ffffffff</color>
                <colorMode>normal</colorMode>
                <width>1</width>
            </LineStyle>
            <PolyStyle id="2408601">
                <colorMode>normal</colorMode>
                <fill>0</fill>
                <outline>1</outline>
            </PolyStyle>
        </Style>
        <Style id="2408609">
            <LineStyle id="2408611">
                <color>ffffffff</color>
                <colorMode>normal</colorMode>
                <width>1</width>
            </LineStyle>
            <PolyStyle id="2408610">
                <colorMode>normal</colorMode>
                <fill>0</fill>
                <outline>1</outline>
            </PolyStyle>
        </Style>
        <Style id="2408618">
            <LineStyle id="2408620">
                <color>ffffffff</color>
                <colorMode>normal</colorMode>
                <width>1</width>
            </LineStyle>
            <PolyStyle id="2408619">
                <colorMode>normal</colorMode>
                <fill>0</fill>
                <outline>1</outline>
            </PolyStyle>
        </Style>
        <Style id="2408627">
            <LineStyle id="2408629">
                <color>ffffffff</color>
                <colorMode>normal</colorMode>
                <width>1</width>
            </LineStyle>
            <PolyStyle id="2408628">
                <colorMode>normal</colorMode>
                <fill>0</fill>
                <outline>1</outline>
            </PolyStyle>
        </Style>
        <Style id="2408636">
            <LineStyle id="2408638">
                <color>ffffffff</color>
                <colorMode>normal</colorMode>
                <width>1</width>
            </LineStyle>
            <PolyStyle id="2408637">
                <colorMode>normal</colorMode>
                <fill>0</fill>
                <outline>1</outline>
            </PolyStyle>
        </Style>
        <Style id="2408645">
            <LineStyle id="2408647">
                <color>ffffffff</color>
                <colorMode>normal</colorMode>
                <width>1</width>
            </LineStyle>
            <PolyStyle id="2408646">
                <colorMode>normal</colorMode>
                <fill>0</fill>
                <outline>1</outline>
            </PolyStyle>
        </Style>
        <Style id="2408654">
            <LineStyle id="2408656">
                <color>ffffffff</color>
                <colorMode>normal</colorMode>
                <width>1</width>
            </LineStyle>
            <PolyStyle id="2408655">
                <colorMode>normal</colorMode>
                <fill>0</fill>
                <outline>1</outline>
            </PolyStyle>
        </Style>
        <Style id="2408663">
            <LineStyle id="2408665">
                <color>ffffffff</color>
                <colorMode>normal</colorMode>
                <width>1</width>
            </LineStyle>
            <PolyStyle id="2408664">
                <colorMode>normal</colorMode>
                <fill>0</fill>
                <outline>1</outline>
            </PolyStyle>
        </Style>
        <Style id="2408672">
            <LineStyle id="2408674">
                <color>ffffffff</color>
                <colorMode>normal</colorMode>
                <width>1</width>
            </LineStyle>
            <PolyStyle id="2408673">
                <colorMode>normal</colorMode>
                <fill>0</fill>
                <outline>1</outline>
            </PolyStyle>
        </Style>
        <Style id="2408681">
            <LineStyle id="2408683">
                <color>ffffffff</color>
                <colorMode>normal</colorMode>
                <width>1</width>
            </LineStyle>
            <PolyStyle id="2408682">
                <colorMode>normal</colorMode>
                <fill>0</fill>
                <outline>1</outline>
            </PolyStyle>
        </Style>
        <Style id="2408690">
            <LineStyle id="2408692">
                <color>ffffffff</color>
                <colorMode>normal</colorMode>
                <width>1</width>
            </LineStyle>
            <PolyStyle id="2408691">
                <colorMode>normal</colorMode>
                <fill>0</fill>
                <outline>1</outline>
            </PolyStyle>
        </Style>
        <Style id="2408699">
            <LineStyle id="2408701">
                <color>ffffffff</color>
                <colorMode>normal</colorMode>
                <width>1</width>
            </LineStyle>
            <PolyStyle id="2408700">
                <colorMode>normal</colorMode>
                <fill>0</fill>
                <outline>1</outline>
            </PolyStyle>
        </Style>
        <Style id="2408708">
            <LineStyle id="2408710">
                <color>ffffffff</color>
                <colorMode>normal</colorMode>
                <width>1</width>
            </LineStyle>
            <PolyStyle id="2408709">
                <colorMode>normal</colorMode>
                <fill>0</fill>
                <outline>1</outline>
            </PolyStyle>
        </Style>
        <Style id="2408717">
            <LineStyle id="2408719">
                <color>ffffffff</color>
                <colorMode>normal</colorMode>
                <width>1</width>
            </LineStyle>
            <PolyStyle id="2408718">
                <colorMode>normal</colorMode>
                <fill>0</fill>
                <outline>1</outline>
            </PolyStyle>
        </Style>
        <Style id="2408726">
            <LineStyle id="2408728">
                <color>ffffffff</color>
                <colorMode>normal</colorMode>
                <width>1</width>
            </LineStyle>
            <PolyStyle id="2408727">
                <colorMode>normal</colorMode>
                <fill>0</fill>
                <outline>1</outline>
            </PolyStyle>
        </Style>
        <Style id="2408735">
            <LineStyle id="2408737">
                <color>ffffffff</color>
                <colorMode>normal</colorMode>
                <width>1</width>
            </LineStyle>
            <PolyStyle id="2408736">
                <colorMode>normal</colorMode>
                <fill>0</fill>
                <outline>1</outline>
            </PolyStyle>
        </Style>
        <Style id="2408744">
            <LineStyle id="2408746">
                <color>ffffffff</color>
                <colorMode>normal</colorMode>
                <width>1</width>
            </LineStyle>
            <PolyStyle id="2408745">
                <colorMode>normal</colorMode>
                <fill>0</fill>
                <outline>1</outline>
            </PolyStyle>
        </Style>
        <Style id="2408753">
            <LineStyle id="2408755">
                <color>ffffffff</color>
                <colorMode>normal</colorMode>
                <width>1</width>
            </LineStyle>
            <PolyStyle id="2408754">
                <colorMode>normal</colorMode>
                <fill>0</fill>
                <outline>1</outline>
            </PolyStyle>
        </Style>
        <Style id="2408762">
            <LineStyle id="2408764">
                <color>ffffffff</color>
                <colorMode>normal</colorMode>
                <width>1</width>
            </LineStyle>
            <PolyStyle id="2408763">
                <colorMode>normal</colorMode>
                <fill>0</fill>
                <outline>1</outline>
            </PolyStyle>
        </Style>
        <Style id="2408771">
            <LineStyle id="2408773">
                <color>ffffffff</color>
                <colorMode>normal</colorMode>
                <width>1</width>
            </LineStyle>
            <PolyStyle id="2408772">
                <colorMode>normal</colorMode>
                <fill>0</fill>
                <outline>1</outline>
            </PolyStyle>
        </Style>
        <Style id="2408780">
            <LineStyle id="2408782">
                <color>ffffffff</color>
                <colorMode>normal</colorMode>
                <width>1</width>
            </LineStyle>
            <PolyStyle id="2408781">
                <colorMode>normal</colorMode>
                <fill>0</fill>
                <outline>1</outline>
            </PolyStyle>
        </Style>
        <Style id="2408789">
            <LineStyle id="2408791">
                <color>ffffffff</color>
                <colorMode>normal</colorMode>
                <width>1</width>
            </LineStyle>
            <PolyStyle id="2408790">
                <colorMode>normal</colorMode>
                <fill>0</fill>
                <outline>1</outline>
            </PolyStyle>
        </Style>
        <Style id="2408798">
            <LineStyle id="2408800">
                <color>ffffffff</color>
                <colorMode>normal</colorMode>
                <width>1</width>
            </LineStyle>
            <PolyStyle id="2408799">
                <colorMode>normal</colorMode>
                <fill>0</fill>
                <outline>1</outline>
            </PolyStyle>
        </Style>
        <Style id="2408807">
            <LineStyle id="2408809">
                <color>ffffffff</color>
                <colorMode>normal</colorMode>
                <width>1</width>
            </LineStyle>
            <PolyStyle id="2408808">
                <colorMode>normal</colorMode>
                <fill>0</fill>
                <outline>1</outline>
            </PolyStyle>
        </Style>
        <Style id="2408816">
            <LineStyle id="2408818">
                <color>ffffffff</color>
                <colorMode>normal</colorMode>
                <width>1</width>
            </LineStyle>
            <PolyStyle id="2408817">
                <colorMode>normal</colorMode>
                <fill>0</fill>
                <outline>1</outline>
            </PolyStyle>
        </Style>
        <Style id="2408825">
            <LineStyle id="2408827">
                <color>ffffffff</color>
                <colorMode>normal</colorMode>
                <width>1</width>
            </LineStyle>
            <PolyStyle id="2408826">
                <colorMode>normal</colorMode>
                <fill>0</fill>
                <outline>1</outline>
            </PolyStyle>
        </Style>
        <Style id="2408834">
            <LineStyle id="2408836">
                <color>ffffffff</color>
                <colorMode>normal</colorMode>
                <width>1</width>
            </LineStyle>
            <PolyStyle id="2408835">
                <colorMode>normal</colorMode>
                <fill>0</fill>
                <outline>1</outline>
            </PolyStyle>
        </Style>
        <Style id="2408843">
            <LineStyle id="2408845">
                <color>ffffffff</color>
                <colorMode>normal</colorMode>
                <width>1</width>
            </LineStyle>
            <PolyStyle id="2408844">
                <colorMode>normal</colorMode>
                <fill>0</fill>
                <outline>1</outline>
            </PolyStyle>
        </Style>
        <Style id="2408852">
            <LineStyle id="2408854">
                <color>ffffffff</color>
                <colorMode>normal</colorMode>
                <width>1</width>
            </LineStyle>
            <PolyStyle id="2408853">
                <colorMode>normal</colorMode>
                <fill>0</fill>
                <outline>1</outline>
            </PolyStyle>
        </Style>
        <Style id="2408861">
            <LineStyle id="2408863">
                <color>ffffffff</color>
                <colorMode>normal</colorMode>
                <width>1</width>
            </LineStyle>
            <PolyStyle id="2408862">
                <colorMode>normal</colorMode>
                <fill>0</fill>
                <outline>1</outline>
            </PolyStyle>
        </Style>
        <Style id="2408870">
            <LineStyle id="2408872">
                <color>ffffffff</color>
                <colorMode>normal</colorMode>
                <width>1</width>
            </LineStyle>
            <PolyStyle id="2408871">
                <colorMode>normal</colorMode>
                <fill>0</fill>
                <outline>1</outline>
            </PolyStyle>
        </Style>
        <Style id="2408879">
            <LineStyle id="2408881">
                <color>ffffffff</color>
                <colorMode>normal</colorMode>
                <width>1</width>
            </LineStyle>
            <PolyStyle id="2408880">
                <colorMode>normal</colorMode>
                <fill>0</fill>
                <outline>1</outline>
            </PolyStyle>
        </Style>
        <Style id="2408888">
            <LineStyle id="2408890">
                <color>ffffffff</color>
                <colorMode>normal</colorMode>
                <width>1</width>
            </LineStyle>
            <PolyStyle id="2408889">
                <colorMode>normal</colorMode>
                <fill>0</fill>
                <outline>1</outline>
            </PolyStyle>
        </Style>
        <Style id="2408897">
            <LineStyle id="2408899">
                <color>ffffffff</color>
                <colorMode>normal</colorMode>
                <width>1</width>
            </LineStyle>
            <PolyStyle id="2408898">
                <colorMode>normal</colorMode>
                <fill>0</fill>
                <outline>1</outline>
            </PolyStyle>
        </Style>
        <Style id="2408906">
            <LineStyle id="2408908">
                <color>ffffffff</color>
                <colorMode>normal</colorMode>
                <width>1</width>
            </LineStyle>
            <PolyStyle id="2408907">
                <colorMode>normal</colorMode>
                <fill>0</fill>
                <outline>1</outline>
            </PolyStyle>
        </Style>
        <Style id="2408915">
            <LineStyle id="2408917">
                <color>ffffffff</color>
                <colorMode>normal</colorMode>
                <width>1</width>
            </LineStyle>
            <PolyStyle id="2408916">
                <colorMode>normal</colorMode>
                <fill>0</fill>
                <outline>1</outline>
            </PolyStyle>
        </Style>
        <Style id="2408924">
            <LineStyle id="2408926">
                <color>ffffffff</color>
                <colorMode>normal</colorMode>
                <width>1</width>
            </LineStyle>
            <PolyStyle id="2408925">
                <colorMode>normal</colorMode>
                <fill>0</fill>
                <outline>1</outline>
            </PolyStyle>
        </Style>
        <Style id="2408933">
            <LineStyle id="2408935">
                <color>ffffffff</color>
                <colorMode>normal</colorMode>
                <width>1</width>
            </LineStyle>
            <PolyStyle id="2408934">
                <colorMode>normal</colorMode>
                <fill>0</fill>
                <outline>1</outline>
            </PolyStyle>
        </Style>
        <Style id="2408942">
            <LineStyle id="2408944">
                <color>ffffffff</color>
                <colorMode>normal</colorMode>
                <width>1</width>
            </LineStyle>
            <PolyStyle id="2408943">
                <colorMode>normal</colorMode>
                <fill>0</fill>
                <outline>1</outline>
            </PolyStyle>
        </Style>
        <Style id="2408951">
            <LineStyle id="2408953">
                <color>ffffffff</color>
                <colorMode>normal</colorMode>
                <width>1</width>
            </LineStyle>
            <PolyStyle id="2408952">
                <colorMode>normal</colorMode>
                <fill>0</fill>
                <outline>1</outline>
            </PolyStyle>
        </Style>
        <Style id="2408960">
            <LineStyle id="2408962">
                <color>ffffffff</color>
                <colorMode>normal</colorMode>
                <width>1</width>
            </LineStyle>
            <PolyStyle id="2408961">
                <colorMode>normal</colorMode>
                <fill>0</fill>
                <outline>1</outline>
            </PolyStyle>
        </Style>
        <Style id="2408969">
            <LineStyle id="2408971">
                <color>ffffffff</color>
                <colorMode>normal</colorMode>
                <width>1</width>
            </LineStyle>
            <PolyStyle id="2408970">
                <colorMode>normal</colorMode>
                <fill>0</fill>
                <outline>1</outline>
            </PolyStyle>
        </Style>
        <Style id="2408978">
            <LineStyle id="2408980">
                <color>ffffffff</color>
                <colorMode>normal</colorMode>
                <width>1</width>
            </LineStyle>
            <PolyStyle id="2408979">
                <colorMode>normal</colorMode>
                <fill>0</fill>
                <outline>1</outline>
            </PolyStyle>
        </Style>
        <Style id="2408987">
            <LineStyle id="2408989">
                <color>ffffffff</color>
                <colorMode>normal</colorMode>
                <width>1</width>
            </LineStyle>
            <PolyStyle id="2408988">
                <colorMode>normal</colorMode>
                <fill>0</fill>
                <outline>1</outline>
            </PolyStyle>
        </Style>
        <Style id="2408996">
            <LineStyle id="2408998">
                <color>ffffffff</color>
                <colorMode>normal</colorMode>
                <width>1</width>
            </LineStyle>
            <PolyStyle id="2408997">
                <colorMode>normal</colorMode>
                <fill>0</fill>
                <outline>1</outline>
            </PolyStyle>
        </Style>
        <Style id="2409005">
            <LineStyle id="2409007">
                <color>ffffffff</color>
                <colorMode>normal</colorMode>
                <width>1</width>
            </LineStyle>
            <PolyStyle id="2409006">
                <colorMode>normal</colorMode>
                <fill>0</fill>
                <outline>1</outline>
            </PolyStyle>
        </Style>
        <Style id="2409014">
            <LineStyle id="2409016">
                <color>ffffffff</color>
                <colorMode>normal</colorMode>
                <width>1</width>
            </LineStyle>
            <PolyStyle id="2409015">
                <colorMode>normal</colorMode>
                <fill>0</fill>
                <outline>1</outline>
            </PolyStyle>
        </Style>
        <Style id="2409023">
            <LineStyle id="2409025">
                <color>ffffffff</color>
                <colorMode>normal</colorMode>
                <width>1</width>
            </LineStyle>
            <PolyStyle id="2409024">
                <colorMode>normal</colorMode>
                <fill>0</fill>
                <outline>1</outline>
            </PolyStyle>
        </Style>
        <Style id="2409032">
            <LineStyle id="2409034">
                <color>ffffffff</color>
                <colorMode>normal</colorMode>
                <width>1</width>
            </LineStyle>
            <PolyStyle id="2409033">
                <colorMode>normal</colorMode>
                <fill>0</fill>
                <outline>1</outline>
            </PolyStyle>
        </Style>
        <Style id="2409041">
            <LineStyle id="2409043">
                <color>ffffffff</color>
                <colorMode>normal</colorMode>
                <width>1</width>
            </LineStyle>
            <PolyStyle id="2409042">
                <colorMode>normal</colorMode>
                <fill>0</fill>
                <outline>1</outline>
            </PolyStyle>
        </Style>
        <Style id="2409050">
            <LineStyle id="2409052">
                <color>ffffffff</color>
                <colorMode>normal</colorMode>
                <width>1</width>
            </LineStyle>
            <PolyStyle id="2409051">
                <colorMode>normal</colorMode>
                <fill>0</fill>
                <outline>1</outline>
            </PolyStyle>
        </Style>
        <Style id="2409059">
            <LineStyle id="2409061">
                <color>ffffffff</color>
                <colorMode>normal</colorMode>
                <width>1</width>
            </LineStyle>
            <PolyStyle id="2409060">
                <colorMode>normal</colorMode>
                <fill>0</fill>
                <outline>1</outline>
            </PolyStyle>
        </Style>
        <Style id="2409068">
            <LineStyle id="2409070">
                <color>ffffffff</color>
                <colorMode>normal</colorMode>
                <width>1</width>
            </LineStyle>
            <PolyStyle id="2409069">
                <colorMode>normal</colorMode>
                <fill>0</fill>
                <outline>1</outline>
            </PolyStyle>
        </Style>
        <Style id="2409077">
            <LineStyle id="2409079">
                <color>ffffffff</color>
                <colorMode>normal</colorMode>
                <width>1</width>
            </LineStyle>
            <PolyStyle id="2409078">
                <colorMode>normal</colorMode>
                <fill>0</fill>
                <outline>1</outline>
            </PolyStyle>
        </Style>
        <Style id="2409086">
            <LineStyle id="2409088">
                <color>ffffffff</color>
                <colorMode>normal</colorMode>
                <width>1</width>
            </LineStyle>
            <PolyStyle id="2409087">
                <colorMode>normal</colorMode>
                <fill>0</fill>
                <outline>1</outline>
            </PolyStyle>
        </Style>
        <Style id="2409095">
            <LineStyle id="2409097">
                <color>ffffffff</color>
                <colorMode>normal</colorMode>
                <width>1</width>
            </LineStyle>
            <PolyStyle id="2409096">
                <colorMode>normal</colorMode>
                <fill>0</fill>
                <outline>1</outline>
            </PolyStyle>
        </Style>
        <Style id="2409104">
            <LineStyle id="2409106">
                <color>ffffffff</color>
                <colorMode>normal</colorMode>
                <width>1</width>
            </LineStyle>
            <PolyStyle id="2409105">
                <colorMode>normal</colorMode>
                <fill>0</fill>
                <outline>1</outline>
            </PolyStyle>
        </Style>
        <Style id="2409113">
            <LineStyle id="2409115">
                <color>ffffffff</color>
                <colorMode>normal</colorMode>
                <width>1</width>
            </LineStyle>
            <PolyStyle id="2409114">
                <colorMode>normal</colorMode>
                <fill>0</fill>
                <outline>1</outline>
            </PolyStyle>
        </Style>
        <Style id="2409122">
            <LineStyle id="2409124">
                <color>ffffffff</color>
                <colorMode>normal</colorMode>
                <width>1</width>
            </LineStyle>
            <PolyStyle id="2409123">
                <colorMode>normal</colorMode>
                <fill>0</fill>
                <outline>1</outline>
            </PolyStyle>
        </Style>
        <Style id="2409131">
            <LineStyle id="2409133">
                <color>ffffffff</color>
                <colorMode>normal</colorMode>
                <width>1</width>
            </LineStyle>
            <PolyStyle id="2409132">
                <colorMode>normal</colorMode>
                <fill>0</fill>
                <outline>1</outline>
            </PolyStyle>
        </Style>
        <Style id="2409140">
            <LineStyle id="2409142">
                <color>ffffffff</color>
                <colorMode>normal</colorMode>
                <width>1</width>
            </LineStyle>
            <PolyStyle id="2409141">
                <colorMode>normal</colorMode>
                <fill>0</fill>
                <outline>1</outline>
            </PolyStyle>
        </Style>
        <Style id="2409149">
            <LineStyle id="2409151">
                <color>ffffffff</color>
                <colorMode>normal</colorMode>
                <width>1</width>
            </LineStyle>
            <PolyStyle id="2409150">
                <colorMode>normal</colorMode>
                <fill>0</fill>
                <outline>1</outline>
            </PolyStyle>
        </Style>
        <Style id="2409158">
            <LineStyle id="2409160">
                <color>ffffffff</color>
                <colorMode>normal</colorMode>
                <width>1</width>
            </LineStyle>
            <PolyStyle id="2409159">
                <colorMode>normal</colorMode>
                <fill>0</fill>
                <outline>1</outline>
            </PolyStyle>
        </Style>
        <Style id="2409167">
            <LineStyle id="2409169">
                <color>ffffffff</color>
                <colorMode>normal</colorMode>
                <width>1</width>
            </LineStyle>
            <PolyStyle id="2409168">
                <colorMode>normal</colorMode>
                <fill>0</fill>
                <outline>1</outline>
            </PolyStyle>
        </Style>
        <Style id="2409176">
            <LineStyle id="2409178">
                <color>ffffffff</color>
                <colorMode>normal</colorMode>
                <width>1</width>
            </LineStyle>
            <PolyStyle id="2409177">
                <colorMode>normal</colorMode>
                <fill>0</fill>
                <outline>1</outline>
            </PolyStyle>
        </Style>
        <Style id="2409185">
            <LineStyle id="2409187">
                <color>ffffffff</color>
                <colorMode>normal</colorMode>
                <width>1</width>
            </LineStyle>
            <PolyStyle id="2409186">
                <colorMode>normal</colorMode>
                <fill>0</fill>
                <outline>1</outline>
            </PolyStyle>
        </Style>
        <Style id="2409194">
            <LineStyle id="2409196">
                <color>ffffffff</color>
                <colorMode>normal</colorMode>
                <width>1</width>
            </LineStyle>
            <PolyStyle id="2409195">
                <colorMode>normal</colorMode>
                <fill>0</fill>
                <outline>1</outline>
            </PolyStyle>
        </Style>
        <Style id="2409203">
            <LineStyle id="2409205">
                <color>ffffffff</color>
                <colorMode>normal</colorMode>
                <width>1</width>
            </LineStyle>
            <PolyStyle id="2409204">
                <colorMode>normal</colorMode>
                <fill>0</fill>
                <outline>1</outline>
            </PolyStyle>
        </Style>
        <Style id="2409212">
            <LineStyle id="2409214">
                <color>ffffffff</color>
                <colorMode>normal</colorMode>
                <width>1</width>
            </LineStyle>
            <PolyStyle id="2409213">
                <colorMode>normal</colorMode>
                <fill>0</fill>
                <outline>1</outline>
            </PolyStyle>
        </Style>
        <Style id="2409221">
            <LineStyle id="2409223">
                <color>ffffffff</color>
                <colorMode>normal</colorMode>
                <width>1</width>
            </LineStyle>
            <PolyStyle id="2409222">
                <colorMode>normal</colorMode>
                <fill>0</fill>
                <outline>1</outline>
            </PolyStyle>
        </Style>
        <Style id="2409230">
            <LineStyle id="2409232">
                <color>ffffffff</color>
                <colorMode>normal</colorMode>
                <width>1</width>
            </LineStyle>
            <PolyStyle id="2409231">
                <colorMode>normal</colorMode>
                <fill>0</fill>
                <outline>1</outline>
            </PolyStyle>
        </Style>
        <Style id="2409239">
            <LineStyle id="2409241">
                <color>ffffffff</color>
                <colorMode>normal</colorMode>
                <width>1</width>
            </LineStyle>
            <PolyStyle id="2409240">
                <colorMode>normal</colorMode>
                <fill>0</fill>
                <outline>1</outline>
            </PolyStyle>
        </Style>
        <Style id="2409248">
            <LineStyle id="2409250">
                <color>ffffffff</color>
                <colorMode>normal</colorMode>
                <width>1</width>
            </LineStyle>
            <PolyStyle id="2409249">
                <colorMode>normal</colorMode>
                <fill>0</fill>
                <outline>1</outline>
            </PolyStyle>
        </Style>
        <Style id="2409257">
            <LineStyle id="2409259">
                <color>ffffffff</color>
                <colorMode>normal</colorMode>
                <width>1</width>
            </LineStyle>
            <PolyStyle id="2409258">
                <colorMode>normal</colorMode>
                <fill>0</fill>
                <outline>1</outline>
            </PolyStyle>
        </Style>
        <Style id="2409266">
            <LineStyle id="2409268">
                <color>ffffffff</color>
                <colorMode>normal</colorMode>
                <width>1</width>
            </LineStyle>
            <PolyStyle id="2409267">
                <colorMode>normal</colorMode>
                <fill>0</fill>
                <outline>1</outline>
            </PolyStyle>
        </Style>
        <Style id="2409275">
            <LineStyle id="2409277">
                <color>ffffffff</color>
                <colorMode>normal</colorMode>
                <width>1</width>
            </LineStyle>
            <PolyStyle id="2409276">
                <colorMode>normal</colorMode>
                <fill>0</fill>
                <outline>1</outline>
            </PolyStyle>
        </Style>
        <Style id="2409284">
            <LineStyle id="2409286">
                <color>ffffffff</color>
                <colorMode>normal</colorMode>
                <width>1</width>
            </LineStyle>
            <PolyStyle id="2409285">
                <colorMode>normal</colorMode>
                <fill>0</fill>
                <outline>1</outline>
            </PolyStyle>
        </Style>
        <Style id="2409293">
            <LineStyle id="2409295">
                <color>ffffffff</color>
                <colorMode>normal</colorMode>
                <width>1</width>
            </LineStyle>
            <PolyStyle id="2409294">
                <colorMode>normal</colorMode>
                <fill>0</fill>
                <outline>1</outline>
            </PolyStyle>
        </Style>
        <Style id="2409302">
            <LineStyle id="2409304">
                <color>ffffffff</color>
                <colorMode>normal</colorMode>
                <width>1</width>
            </LineStyle>
            <PolyStyle id="2409303">
                <colorMode>normal</colorMode>
                <fill>0</fill>
                <outline>1</outline>
            </PolyStyle>
        </Style>
        <Style id="2409311">
            <LineStyle id="2409313">
                <color>ffffffff</color>
                <colorMode>normal</colorMode>
                <width>1</width>
            </LineStyle>
            <PolyStyle id="2409312">
                <colorMode>normal</colorMode>
                <fill>0</fill>
                <outline>1</outline>
            </PolyStyle>
        </Style>
        <Style id="2409320">
            <LineStyle id="2409322">
                <color>ffffffff</color>
                <colorMode>normal</colorMode>
                <width>1</width>
            </LineStyle>
            <PolyStyle id="2409321">
                <colorMode>normal</colorMode>
                <fill>0</fill>
                <outline>1</outline>
            </PolyStyle>
        </Style>
        <Style id="2409329">
            <LineStyle id="2409331">
                <color>ffffffff</color>
                <colorMode>normal</colorMode>
                <width>1</width>
            </LineStyle>
            <PolyStyle id="2409330">
                <colorMode>normal</colorMode>
                <fill>0</fill>
                <outline>1</outline>
            </PolyStyle>
        </Style>
        <Style id="2409338">
            <LineStyle id="2409340">
                <color>ffffffff</color>
                <colorMode>normal</colorMode>
                <width>1</width>
            </LineStyle>
            <PolyStyle id="2409339">
                <colorMode>normal</colorMode>
                <fill>0</fill>
                <outline>1</outline>
            </PolyStyle>
        </Style>
        <Style id="2409347">
            <LineStyle id="2409349">
                <color>ffffffff</color>
                <colorMode>normal</colorMode>
                <width>1</width>
            </LineStyle>
            <PolyStyle id="2409348">
                <colorMode>normal</colorMode>
                <fill>0</fill>
                <outline>1</outline>
            </PolyStyle>
        </Style>
        <Style id="2409356">
            <LineStyle id="2409358">
                <color>ffffffff</color>
                <colorMode>normal</colorMode>
                <width>1</width>
            </LineStyle>
            <PolyStyle id="2409357">
                <colorMode>normal</colorMode>
                <fill>0</fill>
                <outline>1</outline>
            </PolyStyle>
        </Style>
        <Style id="2409365">
            <LineStyle id="2409367">
                <color>ffffffff</color>
                <colorMode>normal</colorMode>
                <width>1</width>
            </LineStyle>
            <PolyStyle id="2409366">
                <colorMode>normal</colorMode>
                <fill>0</fill>
                <outline>1</outline>
            </PolyStyle>
        </Style>
        <Style id="2409374">
            <LineStyle id="2409376">
                <color>ffffffff</color>
                <colorMode>normal</colorMode>
                <width>1</width>
            </LineStyle>
            <PolyStyle id="2409375">
                <colorMode>normal</colorMode>
                <fill>0</fill>
                <outline>1</outline>
            </PolyStyle>
        </Style>
        <Placemark id="2408478">
            <name>Parcel_260700</name>
            <styleUrl>#2408483</styleUrl>
            <Polygon id="2408477">
                <outerBoundaryIs>
                    <LinearRing id="2408481">
                        <coordinates>-78.98486141155048,33.62309208801366,0.0 -78.98471974173314,33.62296853646412,0.0 -78.98506065037446,33.6226953523641,0.0 -78.98520231915364,33.62281890351011,0.0 -78.98486141155048,33.62309208801366,0.0</coordinates>
                    </LinearRing>
                </outerBoundaryIs>
            </Polygon>
        </Placemark>
        <Placemark id="2408487">
            <name>Parcel_260701</name>
            <styleUrl>#2408492</styleUrl>
            <Polygon id="2408486">
                <outerBoundaryIs>
                    <LinearRing id="2408490">
                        <coordinates>-78.98486141155048,33.62309208801366,0.0 -78.98471974173314,33.62296853646412,0.0 -78.98506065037446,33.6226953523641,0.0 -78.98520231915364,33.62281890351011,0.0 -78.98486141155048,33.62309208801366,0.0</coordinates>
                    </LinearRing>
                </outerBoundaryIs>
            </Polygon>
        </Placemark>
        <Placemark id="2408496">
            <name>Parcel_260702</name>
            <styleUrl>#2408501</styleUrl>
            <Polygon id="2408495">
                <outerBoundaryIs>
                    <LinearRing id="2408499">
                        <coordinates>-78.98440509562325,33.62337264867052,0.0 -78.98428898941242,33.62323166250073,0.0 -78.98467792915463,33.62300784194401,0.0 -78.98479403462136,33.623148827735264,0.0 -78.98440509562325,33.62337264867052,0.0</coordinates>
                    </LinearRing>
                </outerBoundaryIs>
            </Polygon>
        </Placemark>
        <Placemark id="2408505">
            <name>Parcel_260703</name>
            <styleUrl>#2408510</styleUrl>
            <Polygon id="2408504">
                <outerBoundaryIs>
                    <LinearRing id="2408508">
                        <coordinates>-78.64925483404198,33.827809984867955,0.0 -78.6492470032991,33.82781068404283,0.0 -78.64925522996987,33.827863812192845,0.0 -78.64906821677772,33.82788326071216,0.0 -78.64904507840906,33.827730214787614,0.0 -78.6492346867388,33.827710586481125,0.0 -78.64924206615214,33.82776371207632,0.0 -78.64924730252983,33.82776319184255,0.0 -78.64928661139115,33.827759157725396,0.0 -78.64928769412721,33.82776415987775,0.0 -78.6492925479112,33.82779979877653,0.0 -78.6492933433146,33.82780578674135,0.0 -78.64925483404198,33.827809984867955,0.0</coordinates>
                    </LinearRing>
                </outerBoundaryIs>
            </Polygon>
        </Placemark>
        <Placemark id="2408514">
            <name>Parcel_260704</name>
            <styleUrl>#2408519</styleUrl>
            <Polygon id="2408513">
                <outerBoundaryIs>
                    <LinearRing id="2408517">
                        <coordinates>-78.64938555513737,33.828355414567774,0.0 -78.64939248072012,33.828358544209415,0.0 -78.64942179839467,33.82831088857603,0.0 -78.64958906029847,33.82838336159909,0.0 -78.64950414439508,33.828520378210904,0.0 -78.64933462268861,33.828446824906365,0.0 -78.64936463626125,33.828399572150516,0.0 -78.64935997028343,33.828397522675786,0.0 -78.64932484916928,33.82838224482135,0.0 -78.64932735526119,33.82837761296816,0.0 -78.64934756911654,33.82834595867916,0.0 -78.6493509820528,33.828340649523675,0.0 -78.64938555513737,33.828355414567774,0.0</coordinates>
                    </LinearRing>
                </outerBoundaryIs>
            </Polygon>
        </Placemark>
        <Placemark id="2408523">
            <name>Parcel_260705</name>
            <styleUrl>#2408528</styleUrl>
            <Polygon id="2408522">
                <outerBoundaryIs>
                    <LinearRing id="2408526">
                        <coordinates>-78.9834644217405,33.62325918341933,0.0 -78.98329326651698,33.623165322473895,0.0 -78.98355235795198,33.622835190004984,0.0 -78.98372351064782,33.62292905056084,0.0 -78.9834644217405,33.62325918341933,0.0</coordinates>
                    </LinearRing>
                </outerBoundaryIs>
            </Polygon>
        </Placemark>
        <Placemark id="2408532">
            <name>Parcel_260706</name>
            <styleUrl>#2408537</styleUrl>
            <Polygon id="2408531">
                <outerBoundaryIs>
                    <LinearRing id="2408535">
                        <coordinates>-78.98318212969123,33.623633073528396,0.0 -78.98301097401297,33.62353921309866,0.0 -78.9832700676463,33.623209081240084,0.0 -78.98344122079688,33.62330294128022,0.0 -78.98318212969123,33.623633073528396,0.0</coordinates>
                    </LinearRing>
                </outerBoundaryIs>
            </Polygon>
        </Placemark>
        <Placemark id="2408541">
            <name>Parcel_260707</name>
            <styleUrl>#2408546</styleUrl>
            <Polygon id="2408540">
                <outerBoundaryIs>
                    <LinearRing id="2408544">
                        <coordinates>-78.68733098184295,33.819842892592845,0.0 -78.68735040320264,33.81985562677121,0.0 -78.68744104586285,33.819914695896195,0.0 -78.68741224761587,33.81994456414495,0.0 -78.68716640879202,33.82020700066056,0.0 -78.68705634460358,33.82013519801899,0.0 -78.68731995076543,33.81985505789901,0.0 -78.68733098184295,33.819842892592845,0.0</coordinates>
                    </LinearRing>
                </outerBoundaryIs>
            </Polygon>
        </Placemark>
        <Placemark id="2408550">
            <name>Parcel_260708</name>
            <styleUrl>#2408555</styleUrl>
            <Polygon id="2408549">
                <outerBoundaryIs>
                    <LinearRing id="2408553">
                        <coordinates>-78.98462615256902,33.62229094110579,0.0 -78.98445948145493,33.62219159623557,0.0 -78.98473368672414,33.621870122223704,0.0 -78.98490035535721,33.62196946759509,0.0 -78.98462615256902,33.62229094110579,0.0</coordinates>
                    </LinearRing>
                </outerBoundaryIs>
            </Polygon>
        </Placemark>
        <Placemark id="2408559">
            <name>Parcel_260709</name>
            <styleUrl>#2408564</styleUrl>
            <Polygon id="2408558">
                <outerBoundaryIs>
                    <LinearRing id="2408562">
                        <coordinates>-78.64888725051955,33.828708287168304,0.0 -78.64888130159291,33.828703980931294,0.0 -78.64884031677441,33.82874520931419,0.0 -78.64869581890159,33.82864423682658,0.0 -78.64881426149122,33.828525810285534,0.0 -78.64896068531397,33.82862824613072,0.0 -78.64891912677548,33.82866895583415,0.0 -78.64892315074714,33.828671799497634,0.0 -78.64895347664276,33.828693060291954,0.0 -78.64894982834403,33.82869713016707,0.0 -78.64892188363146,33.828724381182916,0.0 -78.64891717344726,33.82872894772319,0.0 -78.64888725051955,33.828708287168304,0.0</coordinates>
                    </LinearRing>
                </outerBoundaryIs>
            </Polygon>
        </Placemark>
        <Placemark id="2408568">
            <name>Parcel_260710</name>
            <styleUrl>#2408573</styleUrl>
            <Polygon id="2408567">
                <outerBoundaryIs>
                    <LinearRing id="2408571">
                        <coordinates>-78.6491836483379,33.82832049733824,0.0 -78.64917676445346,33.82831730533833,0.0 -78.64914682712877,33.828364692088606,0.0 -78.64898052010963,33.828290705944646,0.0 -78.64906721487344,33.828154467578216,0.0 -78.64923576883362,33.828229555189246,0.0 -78.64920514131055,33.82827653288274,0.0 -78.64920978019828,33.82827862424187,0.0 -78.64924470022567,33.828294219414744,0.0 -78.64924213423032,33.828298828481756,0.0 -78.6492215093113,33.82833029726101,0.0 -78.64921802696544,33.828335575330115,0.0 -78.6491836483379,33.82832049733824,0.0</coordinates>
                    </LinearRing>
                </outerBoundaryIs>
            </Polygon>
        </Placemark>
        <Placemark id="2408577">
            <name>Parcel_260711</name>
            <styleUrl>#2408582</styleUrl>
            <Polygon id="2408576">
                <outerBoundaryIs>
                    <LinearRing id="2408580">
                        <coordinates>-78.64871248148883,33.828865797222704,0.0 -78.64870653256006,33.82886149097743,0.0 -78.64866554758318,33.828902719301134,0.0 -78.64852105073126,33.82880174663343,0.0 -78.64863949269697,33.828683320242945,0.0 -78.64878591657956,33.82878575629139,0.0 -78.64874435788268,33.82882646593482,0.0 -78.6487483829361,33.828829309624396,0.0 -78.64877870778841,33.8288505695388,0.0 -78.64877505947473,33.82885463940869,0.0 -78.64874711463136,33.828881891285675,0.0 -78.64874240550952,33.8288864578396,0.0 -78.64871248148883,33.828865797222704,0.0</coordinates>
                    </LinearRing>
                </outerBoundaryIs>
            </Polygon>
        </Placemark>
        <Placemark id="2408586">
            <name>Parcel_260712</name>
            <styleUrl>#2408591</styleUrl>
            <Polygon id="2408585">
                <outerBoundaryIs>
                    <LinearRing id="2408589">
                        <coordinates>-78.64975510705925,33.82864902103593,0.0 -78.64974723842184,33.828649283871705,0.0 -78.64975120234297,33.82870275137378,0.0 -78.64956304996294,33.828711751341416,0.0 -78.64955218890107,33.82855775885027,0.0 -78.64974294436122,33.82854872443473,0.0 -78.64974606448908,33.82860214164598,0.0 -78.64975132968112,33.82860191417613,0.0 -78.64979087409421,33.82860007615715,0.0 -78.64979155459103,33.82860512659042,0.0 -78.64979355236797,33.82864095658187,0.0 -78.64979386709743,33.828646976006205,0.0 -78.64975510705925,33.82864902103593,0.0</coordinates>
                    </LinearRing>
                </outerBoundaryIs>
            </Polygon>
        </Placemark>
        <Placemark id="2408595">
            <name>Parcel_260713</name>
            <styleUrl>#2408600</styleUrl>
            <Polygon id="2408594">
                <outerBoundaryIs>
                    <LinearRing id="2408598">
                        <coordinates>-78.69451874785206,33.823152508012306,0.0 -78.69451907671855,33.82313842725232,0.0 -78.69450748641617,33.82313818345728,0.0 -78.69450783205127,33.82311615850475,0.0 -78.6945089151326,33.82304722437628,0.0 -78.69451890609567,33.82304714164224,0.0 -78.69451902482254,33.82303655568974,0.0 -78.69453641269385,33.82303656740451,0.0 -78.694536877501,33.82301473318135,0.0 -78.69452886955185,33.82301522174775,0.0 -78.69453057831463,33.82293209873715,0.0 -78.69453454920762,33.82293220244732,0.0 -78.6945345040382,33.82292228991611,0.0 -78.69451852690526,33.82292185799885,0.0 -78.6945186703712,33.82291269129725,0.0 -78.69450807482326,33.822911943788455,0.0 -78.6945096851871,33.822816776812545,0.0 -78.69451708205366,33.82281687216482,0.0 -78.69451722174726,33.82280841253315,0.0 -78.69463444750924,33.82280970251034,0.0 -78.694633894665,33.822848495639164,0.0 -78.69464289088235,33.822848916609914,0.0 -78.6946422896634,33.82288487035469,0.0 -78.69463470146529,33.82288473627058,0.0 -78.69463415239201,33.82292282232872,0.0 -78.69465310838613,33.822923154562126,0.0 -78.69465235780969,33.8229633213081,0.0 -78.69466215638101,33.822963198901576,0.0 -78.69466136653442,33.82299840681621,0.0 -78.69465358594434,33.82299823307235,0.0 -78.69465283531926,33.82303840162069,0.0 -78.69463426408795,33.82303814780754,0.0 -78.69463348770455,33.82307689437968,0.0 -78.69464427832294,33.82307697535002,0.0 -78.69464351054228,33.823114308703445,0.0 -78.69463451429725,33.82311388773276,0.0 -78.6946337637105,33.82315405447701,0.0 -78.6945651508729,33.8231531321938,0.0 -78.69451874785206,33.823152508012306,0.0</coordinates>
                    </LinearRing>
                </outerBoundaryIs>
            </Polygon>
        </Placemark>
        <Placemark id="2408604">
            <name>Parcel_260714</name>
            <styleUrl>#2408609</styleUrl>
            <Polygon id="2408603">
                <outerBoundaryIs>
                    <LinearRing id="2408607">
                        <coordinates>-78.64944146206054,33.82816123589348,0.0 -78.64944923919803,33.828162266573386,0.0 -78.64945790653383,33.82810918677875,0.0 -78.64964452366691,33.82813112978356,0.0 -78.6496190189076,33.82828391329709,0.0 -78.64942983993707,33.82826157797251,0.0 -78.64943932247256,33.828208685933255,0.0 -78.649434105738,33.828208048415725,0.0 -78.64939489652487,33.82820338404745,0.0 -78.64939541500262,33.82819831939318,0.0 -78.6494018697042,33.82816285731567,0.0 -78.64940297332808,33.82815690360194,0.0 -78.64944146206054,33.82816123589348,0.0</coordinates>
                    </LinearRing>
                </outerBoundaryIs>
            </Polygon>
        </Placemark>
        <Placemark id="2408613">
            <name>Parcel_260715</name>
            <styleUrl>#2408618</styleUrl>
            <Polygon id="2408612">
                <outerBoundaryIs>
                    <LinearRing id="2408616">
                        <coordinates>-78.69451874785206,33.823152508012306,0.0 -78.69451907671855,33.82313842725232,0.0 -78.69450748641617,33.82313818345728,0.0 -78.69450783205127,33.82311615850475,0.0 -78.6945089151326,33.82304722437628,0.0 -78.69451890609567,33.82304714164224,0.0 -78.69451902482254,33.82303655568974,0.0 -78.69453641269385,33.82303656740451,0.0 -78.694536877501,33.82301473318135,0.0 -78.69452886955185,33.82301522174775,0.0 -78.69453057831463,33.82293209873715,0.0 -78.69453454920762,33.82293220244732,0.0 -78.6945345040382,33.82292228991611,0.0 -78.69451852690526,33.82292185799885,0.0 -78.6945186703712,33.82291269129725,0.0 -78.69450807482326,33.822911943788455,0.0 -78.6945096851871,33.822816776812545,0.0 -78.69451708205366,33.82281687216482,0.0 -78.69451722174726,33.82280841253315,0.0 -78.69463444750924,33.82280970251034,0.0 -78.694633894665,33.822848495639164,0.0 -78.69464289088235,33.822848916609914,0.0 -78.6946422896634,33.82288487035469,0.0 -78.69463470146529,33.82288473627058,0.0 -78.69463415239201,33.82292282232872,0.0 -78.69465310838613,33.822923154562126,0.0 -78.69465235780969,33.8229633213081,0.0 -78.69466215638101,33.822963198901576,0.0 -78.69466136653442,33.82299840681621,0.0 -78.69465358594434,33.82299823307235,0.0 -78.69465283531926,33.82303840162069,0.0 -78.69463426408795,33.82303814780754,0.0 -78.69463348770455,33.82307689437968,0.0 -78.69464427832294,33.82307697535002,0.0 -78.69464351054228,33.823114308703445,0.0 -78.69463451429725,33.82311388773276,0.0 -78.6946337637105,33.82315405447701,0.0 -78.6945651508729,33.8231531321938,0.0 -78.69451874785206,33.823152508012306,0.0</coordinates>
                    </LinearRing>
                </outerBoundaryIs>
            </Polygon>
        </Placemark>
        <Placemark id="2408622">
            <name>Parcel_260716</name>
            <styleUrl>#2408627</styleUrl>
            <Polygon id="2408621">
                <outerBoundaryIs>
                    <LinearRing id="2408625">
                        <coordinates>-78.9851956687578,33.62141641556751,0.0 -78.98499738448541,33.62137405825781,0.0 -78.98511450891819,33.62099147827556,0.0 -78.98531279023621,33.621033834462914,0.0 -78.9851956687578,33.62141641556751,0.0</coordinates>
                    </LinearRing>
                </outerBoundaryIs>
            </Polygon>
        </Placemark>
        <Placemark id="2408631">
            <name>Parcel_260717</name>
            <styleUrl>#2408636</styleUrl>
            <Polygon id="2408630">
                <outerBoundaryIs>
                    <LinearRing id="2408634">
                        <coordinates>-78.69362860269848,33.82335801760056,0.0 -78.6936157135073,33.82334730296919,0.0 -78.69361290331982,33.82334950011798,0.0 -78.69360562058232,33.82335519745262,0.0 -78.69353308723403,33.82329611322577,0.0 -78.69353653311289,33.82329321987924,0.0 -78.69354151122918,33.82328904001316,0.0 -78.69352863160684,33.82327796837239,0.0 -78.69352300849766,33.823282747753964,0.0 -78.69351514939486,33.82328942831101,0.0 -78.6935046566801,33.82328148044367,0.0 -78.69349791116045,33.82328737538923,0.0 -78.69342134562221,33.82322510960634,0.0 -78.69342893186376,33.82321857008982,0.0 -78.69341844357798,33.823210457237714,0.0 -78.69342387347184,33.82320599265461,0.0 -78.69343191551906,33.823199381355074,0.0 -78.69342063136126,33.82319023625902,0.0 -78.693412216914,33.8231969524634,0.0 -78.69333647458909,33.82313470196137,0.0 -78.69334574885431,33.82312662718716,0.0 -78.69333526941263,33.823118184373115,0.0 -78.69332366399966,33.823128404782395,0.0 -78.69332093251735,33.82313081084297,0.0 -78.6933096527929,33.82312150075932,0.0 -78.69329955104108,33.823129725172905,0.0 -78.69322299461149,33.8230671293106,0.0 -78.6932333837314,33.82305850437325,0.0 -78.69323394296838,33.82305804035957,0.0 -78.69322265810254,33.82304892319223,0.0 -78.69331283078832,33.82297189422623,0.0 -78.69334265011835,33.822996175092534,0.0 -78.69334687129601,33.82299229501508,0.0 -78.69336857374007,33.823009662614524,0.0 -78.69337831399717,33.8230174584749,0.0 -78.69336736640813,33.82302651949179,0.0 -78.69340364247205,33.823055703759046,0.0 -78.69341797418288,33.8230432702038,0.0 -78.69345262250233,33.82307173683273,0.0 -78.69345853097741,33.82306634853275,0.0 -78.69349237826168,33.8230939767324,0.0 -78.6934856283436,33.823100036654886,0.0 -78.69351867169816,33.82312693461122,0.0 -78.69350602726303,33.82313786085997,0.0 -78.69353504200534,33.82316143939026,0.0 -78.69353926318242,33.82315755930637,0.0 -78.69357552537589,33.8231872664016,0.0 -78.69356877545633,33.823193326328514,0.0 -78.69359858097553,33.82321812910964,0.0 -78.69361374605192,33.82320532591822,0.0 -78.6936484121248,33.82323313348344,0.0 -78.6936534607844,33.823229103751295,0.0 -78.69368649982886,33.82325616663946,0.0 -78.69368144603406,33.823260388395774,0.0 -78.69371288451872,33.82328571674659,0.0 -78.69362860269848,33.82335801760056,0.0</coordinates>
                    </LinearRing>
                </outerBoundaryIs>
            </Polygon>
        </Placemark>
        <Placemark id="2408640">
            <name>Parcel_260718</name>
            <styleUrl>#2408645</styleUrl>
            <Polygon id="2408639">
                <outerBoundaryIs>
                    <LinearRing id="2408643">
                        <coordinates>-78.98590732788378,33.62195818025356,0.0 -78.98571107583618,33.62190964827471,0.0 -78.98584522319955,33.62153100085463,0.0 -78.98604147338527,33.621579532605516,0.0 -78.98590732788378,33.62195818025356,0.0</coordinates>
                    </LinearRing>
                </outerBoundaryIs>
            </Polygon>
        </Placemark>
        <Placemark id="2408649">
            <name>Parcel_260719</name>
            <styleUrl>#2408654</styleUrl>
            <Polygon id="2408648">
                <outerBoundaryIs>
                    <LinearRing id="2408652">
                        <coordinates>-78.68733098184295,33.819842892592845,0.0 -78.68735040320264,33.81985562677121,0.0 -78.68744104586285,33.819914695896195,0.0 -78.68741224761587,33.81994456414495,0.0 -78.68716640879202,33.82020700066056,0.0 -78.68705634460358,33.82013519801899,0.0 -78.68731995076543,33.81985505789901,0.0 -78.68733098184295,33.819842892592845,0.0</coordinates>
                    </LinearRing>
                </outerBoundaryIs>
            </Polygon>
        </Placemark>
        <Placemark id="2408658">
            <name>Parcel_260720</name>
            <styleUrl>#2408663</styleUrl>
            <Polygon id="2408657">
                <outerBoundaryIs>
                    <LinearRing id="2408661">
                        <coordinates>-78.98560671394752,33.62238302542375,0.0 -78.98543188708855,33.62229402856567,0.0 -78.98567757148273,33.62195680029022,0.0 -78.98585239470061,33.6220457958507,0.0 -78.98560671394752,33.62238302542375,0.0</coordinates>
                    </LinearRing>
                </outerBoundaryIs>
            </Polygon>
        </Placemark>
        <Placemark id="2408667">
            <name>Parcel_260721</name>
            <styleUrl>#2408672</styleUrl>
            <Polygon id="2408666">
                <outerBoundaryIs>
                    <LinearRing id="2408670">
                        <coordinates>-78.69107678093434,33.88942935327781,0.0 -78.691243307623,33.88932886810181,0.0 -78.69153989694324,33.889670698905086,0.0 -78.69153419887816,33.88967419423714,0.0 -78.69137992455332,33.88976894168298,0.0 -78.69137211493435,33.88977374427842,0.0 -78.69124650864752,33.88962897116207,0.0 -78.69122348413728,33.88960245225984,0.0 -78.69107594143121,33.88943238983991,0.0 -78.69107450286673,33.88943074042,0.0 -78.69107678093434,33.88942935327781,0.0</coordinates>
                    </LinearRing>
                </outerBoundaryIs>
            </Polygon>
        </Placemark>
        <Placemark id="2408676">
            <name>Parcel_260722</name>
            <styleUrl>#2408681</styleUrl>
            <Polygon id="2408675">
                <outerBoundaryIs>
                    <LinearRing id="2408679">
                        <coordinates>-78.64925796006935,33.82854371956559,0.0 -78.64926478316187,33.828547001505406,0.0 -78.64929560879422,33.82850001403039,0.0 -78.64946050305988,33.82857617282525,0.0 -78.64937125155296,33.82871125618999,0.0 -78.64920413343903,33.82863396727916,0.0 -78.64923564159231,33.82858739776323,0.0 -78.64923104216557,33.82858524582064,0.0 -78.64919642088387,33.82856919360742,0.0 -78.64919907350144,33.82856461865711,0.0 -78.64922028866114,33.82853342446467,0.0 -78.64922386916476,33.8285281933579,0.0 -78.64925796006935,33.82854371956559,0.0</coordinates>
                    </LinearRing>
                </outerBoundaryIs>
            </Polygon>
        </Placemark>
        <Placemark id="2408685">
            <name>Parcel_260723</name>
            <styleUrl>#2408690</styleUrl>
            <Polygon id="2408684">
                <outerBoundaryIs>
                    <LinearRing id="2408688">
                        <coordinates>-78.64880823985996,33.829234752804346,0.0 -78.64880351511029,33.82924001087671,0.0 -78.6488556958493,33.829271207028555,0.0 -78.64874525054088,33.82939865186998,0.0 -78.64859531260801,33.82930844385572,0.0 -78.64870737061496,33.82917929166884,0.0 -78.64875897197722,33.82921100361233,0.0 -78.6487620852409,33.8292074521381,0.0 -78.6487853476224,33.82918070032549,0.0 -78.64879047009381,33.829183449400745,0.0 -78.64882502216973,33.82920478145692,0.0 -78.64883081321888,33.82920837845311,0.0 -78.64880823985996,33.829234752804346,0.0</coordinates>
                    </LinearRing>
                </outerBoundaryIs>
            </Polygon>
        </Placemark>
        <Placemark id="2408694">
            <name>Parcel_260724</name>
            <styleUrl>#2408699</styleUrl>
            <Polygon id="2408693">
                <outerBoundaryIs>
                    <LinearRing id="2408697">
                        <coordinates>-78.69451874785206,33.823152508012306,0.0 -78.69451907671855,33.82313842725232,0.0 -78.69450748641617,33.82313818345728,0.0 -78.69450783205127,33.82311615850475,0.0 -78.6945089151326,33.82304722437628,0.0 -78.69451890609567,33.82304714164224,0.0 -78.69451902482254,33.82303655568974,0.0 -78.69453641269385,33.82303656740451,0.0 -78.694536877501,33.82301473318135,0.0 -78.69452886955185,33.82301522174775,0.0 -78.69453057831463,33.82293209873715,0.0 -78.69453454920762,33.82293220244732,0.0 -78.6945345040382,33.82292228991611,0.0 -78.69451852690526,33.82292185799885,0.0 -78.6945186703712,33.82291269129725,0.0 -78.69450807482326,33.822911943788455,0.0 -78.6945096851871,33.822816776812545,0.0 -78.69451708205366,33.82281687216482,0.0 -78.69451722174726,33.82280841253315,0.0 -78.69463444750924,33.82280970251034,0.0 -78.694633894665,33.822848495639164,0.0 -78.69464289088235,33.822848916609914,0.0 -78.6946422896634,33.82288487035469,0.0 -78.69463470146529,33.82288473627058,0.0 -78.69463415239201,33.82292282232872,0.0 -78.69465310838613,33.822923154562126,0.0 -78.69465235780969,33.8229633213081,0.0 -78.69466215638101,33.822963198901576,0.0 -78.69466136653442,33.82299840681621,0.0 -78.69465358594434,33.82299823307235,0.0 -78.69465283531926,33.82303840162069,0.0 -78.69463426408795,33.82303814780754,0.0 -78.69463348770455,33.82307689437968,0.0 -78.69464427832294,33.82307697535002,0.0 -78.69464351054228,33.823114308703445,0.0 -78.69463451429725,33.82311388773276,0.0 -78.6946337637105,33.82315405447701,0.0 -78.6945651508729,33.8231531321938,0.0 -78.69451874785206,33.823152508012306,0.0</coordinates>
                    </LinearRing>
                </outerBoundaryIs>
            </Polygon>
        </Placemark>
        <Placemark id="2408703">
            <name>Parcel_260725</name>
            <styleUrl>#2408708</styleUrl>
            <Polygon id="2408702">
                <outerBoundaryIs>
                    <LinearRing id="2408706">
                        <coordinates>-78.64912053494591,33.828728256054504,0.0 -78.64912644170788,33.82873260296992,0.0 -78.6491678304708,33.8286916563643,0.0 -78.64931132936526,33.828793615922876,0.0 -78.6491917248088,33.828911227128806,0.0 -78.64904631425617,33.82880779068639,0.0 -78.64908827244513,33.828767367239244,0.0 -78.64908427623062,33.828764496147286,0.0 -78.64905416126767,33.82874302833004,0.0 -78.64905784886746,33.82873898355141,0.0 -78.64908606174646,33.828711924305935,0.0 -78.64909081532446,33.828707391054344,0.0 -78.64912053494591,33.828728256054504,0.0</coordinates>
                    </LinearRing>
                </outerBoundaryIs>
            </Polygon>
        </Placemark>
        <Placemark id="2408712">
            <name>Parcel_260726</name>
            <styleUrl>#2408717</styleUrl>
            <Polygon id="2408711">
                <outerBoundaryIs>
                    <LinearRing id="2408715">
                        <coordinates>-78.98590732788378,33.62195818025356,0.0 -78.98571107583618,33.62190964827471,0.0 -78.98584522319955,33.62153100085463,0.0 -78.98604147338527,33.621579532605516,0.0 -78.98590732788378,33.62195818025356,0.0</coordinates>
                    </LinearRing>
                </outerBoundaryIs>
            </Polygon>
        </Placemark>
        <Placemark id="2408721">
            <name>Parcel_260727</name>
            <styleUrl>#2408726</styleUrl>
            <Polygon id="2408720">
                <outerBoundaryIs>
                    <LinearRing id="2408724">
                        <coordinates>-78.98500213329788,33.6219231959814,0.0 -78.9848149090851,33.62185406964074,0.0 -78.98500582827397,33.62149288012397,0.0 -78.98519304970188,33.62156200614379,0.0 -78.98500213329788,33.6219231959814,0.0</coordinates>
                    </LinearRing>
                </outerBoundaryIs>
            </Polygon>
        </Placemark>
        <Placemark id="2408730">
            <name>Parcel_260728</name>
            <styleUrl>#2408735</styleUrl>
            <Polygon id="2408729">
                <outerBoundaryIs>
                    <LinearRing id="2408733">
                        <coordinates>-78.98486141155048,33.62309208801366,0.0 -78.98471974173314,33.62296853646412,0.0 -78.98506065037446,33.6226953523641,0.0 -78.98520231915364,33.62281890351011,0.0 -78.98486141155048,33.62309208801366,0.0</coordinates>
                    </LinearRing>
                </outerBoundaryIs>
            </Polygon>
        </Placemark>
        <Placemark id="2408739">
            <name>Parcel_260729</name>
            <styleUrl>#2408744</styleUrl>
            <Polygon id="2408738">
                <outerBoundaryIs>
                    <LinearRing id="2408742">
                        <coordinates>-78.98440509562325,33.62337264867052,0.0 -78.98428898941242,33.62323166250073,0.0 -78.98467792915463,33.62300784194401,0.0 -78.98479403462136,33.623148827735264,0.0 -78.98440509562325,33.62337264867052,0.0</coordinates>
                    </LinearRing>
                </outerBoundaryIs>
            </Polygon>
        </Placemark>
        <Placemark id="2408748">
            <name>Parcel_260730</name>
            <styleUrl>#2408753</styleUrl>
            <Polygon id="2408747">
                <outerBoundaryIs>
                    <LinearRing id="2408751">
                        <coordinates>-78.98590732788378,33.62195818025356,0.0 -78.98571107583618,33.62190964827471,0.0 -78.98584522319955,33.62153100085463,0.0 -78.98604147338527,33.621579532605516,0.0 -78.98590732788378,33.62195818025356,0.0</coordinates>
                    </LinearRing>
                </outerBoundaryIs>
            </Polygon>
        </Placemark>
        <Placemark id="2408757">
            <name>Parcel_260731</name>
            <styleUrl>#2408762</styleUrl>
            <Polygon id="2408756">
                <outerBoundaryIs>
                    <LinearRing id="2408760">
                        <coordinates>-78.98462615256902,33.62229094110579,0.0 -78.98445948145493,33.62219159623557,0.0 -78.98473368672414,33.621870122223704,0.0 -78.98490035535721,33.62196946759509,0.0 -78.98462615256902,33.62229094110579,0.0</coordinates>
                    </LinearRing>
                </outerBoundaryIs>
            </Polygon>
        </Placemark>
        <Placemark id="2408766">
            <name>Parcel_260732</name>
            <styleUrl>#2408771</styleUrl>
            <Polygon id="2408765">
                <outerBoundaryIs>
                    <LinearRing id="2408769">
                        <coordinates>-78.68733098184295,33.819842892592845,0.0 -78.68735040320264,33.81985562677121,0.0 -78.68744104586285,33.819914695896195,0.0 -78.68741224761587,33.81994456414495,0.0 -78.68716640879202,33.82020700066056,0.0 -78.68705634460358,33.82013519801899,0.0 -78.68731995076543,33.81985505789901,0.0 -78.68733098184295,33.819842892592845,0.0</coordinates>
                    </LinearRing>
                </outerBoundaryIs>
            </Polygon>
        </Placemark>
        <Placemark id="2408775">
            <name>Parcel_260733</name>
            <styleUrl>#2408780</styleUrl>
            <Polygon id="2408774">
                <outerBoundaryIs>
                    <LinearRing id="2408778">
                        <coordinates>-78.69362860269848,33.82335801760056,0.0 -78.6936157135073,33.82334730296919,0.0 -78.69361290331982,33.82334950011798,0.0 -78.69360562058232,33.82335519745262,0.0 -78.69353308723403,33.82329611322577,0.0 -78.69353653311289,33.82329321987924,0.0 -78.69354151122918,33.82328904001316,0.0 -78.69352863160684,33.82327796837239,0.0 -78.69352300849766,33.823282747753964,0.0 -78.69351514939486,33.82328942831101,0.0 -78.6935046566801,33.82328148044367,0.0 -78.69349791116045,33.82328737538923,0.0 -78.69342134562221,33.82322510960634,0.0 -78.69342893186376,33.82321857008982,0.0 -78.69341844357798,33.823210457237714,0.0 -78.69342387347184,33.82320599265461,0.0 -78.69343191551906,33.823199381355074,0.0 -78.69342063136126,33.82319023625902,0.0 -78.693412216914,33.8231969524634,0.0 -78.69333647458909,33.82313470196137,0.0 -78.69334574885431,33.82312662718716,0.0 -78.69333526941263,33.823118184373115,0.0 -78.69332366399966,33.823128404782395,0.0 -78.69332093251735,33.82313081084297,0.0 -78.6933096527929,33.82312150075932,0.0 -78.69329955104108,33.823129725172905,0.0 -78.69322299461149,33.8230671293106,0.0 -78.6932333837314,33.82305850437325,0.0 -78.69323394296838,33.82305804035957,0.0 -78.69322265810254,33.82304892319223,0.0 -78.69331283078832,33.82297189422623,0.0 -78.69334265011835,33.822996175092534,0.0 -78.69334687129601,33.82299229501508,0.0 -78.69336857374007,33.823009662614524,0.0 -78.69337831399717,33.8230174584749,0.0 -78.69336736640813,33.82302651949179,0.0 -78.69340364247205,33.823055703759046,0.0 -78.69341797418288,33.8230432702038,0.0 -78.69345262250233,33.82307173683273,0.0 -78.69345853097741,33.82306634853275,0.0 -78.69349237826168,33.8230939767324,0.0 -78.6934856283436,33.823100036654886,0.0 -78.69351867169816,33.82312693461122,0.0 -78.69350602726303,33.82313786085997,0.0 -78.69353504200534,33.82316143939026,0.0 -78.69353926318242,33.82315755930637,0.0 -78.69357552537589,33.8231872664016,0.0 -78.69356877545633,33.823193326328514,0.0 -78.69359858097553,33.82321812910964,0.0 -78.69361374605192,33.82320532591822,0.0 -78.6936484121248,33.82323313348344,0.0 -78.6936534607844,33.823229103751295,0.0 -78.69368649982886,33.82325616663946,0.0 -78.69368144603406,33.823260388395774,0.0 -78.69371288451872,33.82328571674659,0.0 -78.69362860269848,33.82335801760056,0.0</coordinates>
                    </LinearRing>
                </outerBoundaryIs>
            </Polygon>
        </Placemark>
        <Placemark id="2408784">
            <name>Parcel_260734</name>
            <styleUrl>#2408789</styleUrl>
            <Polygon id="2408783">
                <outerBoundaryIs>
                    <LinearRing id="2408787">
                        <coordinates>-78.64982658787918,33.829341264351136,0.0 -78.64983108647523,33.82933783836367,0.0 -78.6498646676782,33.82931545203989,0.0 -78.64987032063326,33.8293117052128,0.0 -78.64989506274902,33.82933668955183,0.0 -78.64989993686665,33.829341851151845,0.0 -78.64994947091935,33.82930778039482,0.0 -78.64996439677422,33.829323034631834,0.0 -78.65006867392096,33.82942960561968,0.0 -78.65005735924335,33.82943734175551,0.0 -78.64992568667617,33.829527358766796,0.0 -78.64980492078062,33.82940379450155,0.0 -78.64985490112097,33.829370323946605,0.0 -78.64985158890981,33.82936690032743,0.0 -78.64982658787918,33.829341264351136,0.0</coordinates>
                    </LinearRing>
                </outerBoundaryIs>
            </Polygon>
        </Placemark>
        <Placemark id="2408793">
            <name>Parcel_260735</name>
            <styleUrl>#2408798</styleUrl>
            <Polygon id="2408792">
                <outerBoundaryIs>
                    <LinearRing id="2408796">
                        <coordinates>-78.6943834947624,33.821875703307896,0.0 -78.69438572519623,33.82188467971042,0.0 -78.69426993707695,33.82190347234158,0.0 -78.69426770665471,33.82189449593699,0.0 -78.69425777925314,33.82189620787883,0.0 -78.69423486249933,33.82179851497071,0.0 -78.69428035219285,33.82179111461752,0.0 -78.6942788845998,33.821784406430346,0.0 -78.69432437320197,33.821777006040854,0.0 -78.69432584079841,33.821783714227486,0.0 -78.69436884626634,33.821776789814095,0.0 -78.69436437145369,33.82175935898577,0.0 -78.69440820509804,33.82175225786394,0.0 -78.69440672354142,33.821746071656065,0.0 -78.69446047942183,33.821737450584806,0.0 -78.694461192294,33.8217415876441,0.0 -78.69449924066058,33.82173523110966,0.0 -78.69449634289364,33.821720413784284,0.0 -78.69453935344949,33.82171329728863,0.0 -78.69453785865358,33.821707606014655,0.0 -78.69458086406654,33.82170068152752,0.0 -78.69458233609174,33.82170722473376,0.0 -78.69463278574653,33.82169906425844,0.0 -78.69463651100405,33.82171373192965,0.0 -78.69467786075376,33.82170713375644,0.0 -78.69467639385418,33.821700398528385,0.0 -78.69470947701572,33.82169499394832,0.0 -78.69472187796809,33.821693162970206,0.0 -78.69472411284221,33.82170197438955,0.0 -78.6947712570205,33.82169424748694,0.0 -78.6947925972739,33.82178932680337,0.0 -78.69478019189948,33.82179132276598,0.0 -78.69478237169679,33.82180219505008,0.0 -78.69470628196578,33.82181452417486,0.0 -78.69466988815992,33.82182055440467,0.0 -78.69466768119378,33.821810699028866,0.0 -78.69465775821975,33.82181224602535,0.0 -78.69465405131716,33.82179689139975,0.0 -78.69464081846976,33.82179903699961,0.0 -78.69464304892837,33.821808013397664,0.0 -78.6945338770339,33.821825746998826,0.0 -78.69453246523486,33.82181695090336,0.0 -78.69452089172975,33.82181863221216,0.0 -78.69452458906616,33.82183434384201,0.0 -78.69451218808932,33.82183617480032,0.0 -78.69451514536483,33.821848766281676,0.0 -78.69440349134041,33.821866975784054,0.0 -78.69440049807397,33.82185573116514,0.0 -78.69439057508995,33.82185727814017,0.0 -78.6943950726883,33.821873857034504,0.0 -78.6943834947624,33.821875703307896,0.0</coordinates>
                    </LinearRing>
                </outerBoundaryIs>
            </Polygon>
        </Placemark>
        <Placemark id="2408802">
            <name>Parcel_260736</name>
            <styleUrl>#2408807</styleUrl>
            <Polygon id="2408801">
                <outerBoundaryIs>
                    <LinearRing id="2408805">
                        <coordinates>-78.64944146206054,33.82816123589348,0.0 -78.64944923919803,33.828162266573386,0.0 -78.64945790653383,33.82810918677875,0.0 -78.64964452366691,33.82813112978356,0.0 -78.6496190189076,33.82828391329709,0.0 -78.64942983993707,33.82826157797251,0.0 -78.64943932247256,33.828208685933255,0.0 -78.649434105738,33.828208048415725,0.0 -78.64939489652487,33.82820338404745,0.0 -78.64939541500262,33.82819831939318,0.0 -78.6494018697042,33.82816285731567,0.0 -78.64940297332808,33.82815690360194,0.0 -78.64944146206054,33.82816123589348,0.0</coordinates>
                    </LinearRing>
                </outerBoundaryIs>
            </Polygon>
        </Placemark>
        <Placemark id="2408811">
            <name>Parcel_260737</name>
            <styleUrl>#2408816</styleUrl>
            <Polygon id="2408810">
                <outerBoundaryIs>
                    <LinearRing id="2408814">
                        <coordinates>-78.9834644217405,33.62325918341933,0.0 -78.98329326651698,33.623165322473895,0.0 -78.98355235795198,33.622835190004984,0.0 -78.98372351064782,33.62292905056084,0.0 -78.9834644217405,33.62325918341933,0.0</coordinates>
                    </LinearRing>
                </outerBoundaryIs>
            </Polygon>
        </Placemark>
        <Placemark id="2408820">
            <name>Parcel_260738</name>
            <styleUrl>#2408825</styleUrl>
            <Polygon id="2408819">
                <outerBoundaryIs>
                    <LinearRing id="2408823">
                        <coordinates>-78.9834644217405,33.62325918341933,0.0 -78.98329326651698,33.623165322473895,0.0 -78.98355235795198,33.622835190004984,0.0 -78.98372351064782,33.62292905056084,0.0 -78.9834644217405,33.62325918341933,0.0</coordinates>
                    </LinearRing>
                </outerBoundaryIs>
            </Polygon>
        </Placemark>
        <Placemark id="2408829">
            <name>Parcel_260739</name>
            <styleUrl>#2408834</styleUrl>
            <Polygon id="2408828">
                <outerBoundaryIs>
                    <LinearRing id="2408832">
                        <coordinates>-78.98440509562325,33.62337264867052,0.0 -78.98428898941242,33.62323166250073,0.0 -78.98467792915463,33.62300784194401,0.0 -78.98479403462136,33.623148827735264,0.0 -78.98440509562325,33.62337264867052,0.0</coordinates>
                    </LinearRing>
                </outerBoundaryIs>
            </Polygon>
        </Placemark>
        <Placemark id="2408838">
            <name>Parcel_260740</name>
            <styleUrl>#2408843</styleUrl>
            <Polygon id="2408837">
                <outerBoundaryIs>
                    <LinearRing id="2408841">
                        <coordinates>-78.98500213329788,33.6219231959814,0.0 -78.9848149090851,33.62185406964074,0.0 -78.98500582827397,33.62149288012397,0.0 -78.98519304970188,33.62156200614379,0.0 -78.98500213329788,33.6219231959814,0.0</coordinates>
                    </LinearRing>
                </outerBoundaryIs>
            </Polygon>
        </Placemark>
        <Placemark id="2408847">
            <name>Parcel_260741</name>
            <styleUrl>#2408852</styleUrl>
            <Polygon id="2408846">
                <outerBoundaryIs>
                    <LinearRing id="2408850">
                        <coordinates>-78.64969899703914,33.82947443499485,0.0 -78.64970375672203,33.829479671097914,0.0 -78.64975403307193,33.829446366752705,0.0 -78.649870531213,33.829570001590916,0.0 -78.64972541196975,33.82966554299744,0.0 -78.64960739049955,33.829540145515104,0.0 -78.64965810108141,33.829507447458646,0.0 -78.64965486483277,33.82950397296194,0.0 -78.64963043290665,33.8294779580977,0.0 -78.64963500634556,33.82947460208784,0.0 -78.64966907498996,33.82945273468323,0.0 -78.6496748098605,33.82944907600926,0.0 -78.64969899703914,33.82947443499485,0.0</coordinates>
                    </LinearRing>
                </outerBoundaryIs>
            </Polygon>
        </Placemark>
        <Placemark id="2408856">
            <name>Parcel_260742</name>
            <styleUrl>#2408861</styleUrl>
            <Polygon id="2408855">
                <outerBoundaryIs>
                    <LinearRing id="2408859">
                        <coordinates>-78.69362860269848,33.82335801760056,0.0 -78.6936157135073,33.82334730296919,0.0 -78.69361290331982,33.82334950011798,0.0 -78.69360562058232,33.82335519745262,0.0 -78.69353308723403,33.82329611322577,0.0 -78.69353653311289,33.82329321987924,0.0 -78.69354151122918,33.82328904001316,0.0 -78.69352863160684,33.82327796837239,0.0 -78.69352300849766,33.823282747753964,0.0 -78.69351514939486,33.82328942831101,0.0 -78.6935046566801,33.82328148044367,0.0 -78.69349791116045,33.82328737538923,0.0 -78.69342134562221,33.82322510960634,0.0 -78.69342893186376,33.82321857008982,0.0 -78.69341844357798,33.823210457237714,0.0 -78.69342387347184,33.82320599265461,0.0 -78.69343191551906,33.823199381355074,0.0 -78.69342063136126,33.82319023625902,0.0 -78.693412216914,33.8231969524634,0.0 -78.69333647458909,33.82313470196137,0.0 -78.69334574885431,33.82312662718716,0.0 -78.69333526941263,33.823118184373115,0.0 -78.69332366399966,33.823128404782395,0.0 -78.69332093251735,33.82313081084297,0.0 -78.6933096527929,33.82312150075932,0.0 -78.69329955104108,33.823129725172905,0.0 -78.69322299461149,33.8230671293106,0.0 -78.6932333837314,33.82305850437325,0.0 -78.69323394296838,33.82305804035957,0.0 -78.69322265810254,33.82304892319223,0.0 -78.69331283078832,33.82297189422623,0.0 -78.69334265011835,33.822996175092534,0.0 -78.69334687129601,33.82299229501508,0.0 -78.69336857374007,33.823009662614524,0.0 -78.69337831399717,33.8230174584749,0.0 -78.69336736640813,33.82302651949179,0.0 -78.69340364247205,33.823055703759046,0.0 -78.69341797418288,33.8230432702038,0.0 -78.69345262250233,33.82307173683273,0.0 -78.69345853097741,33.82306634853275,0.0 -78.69349237826168,33.8230939767324,0.0 -78.6934856283436,33.823100036654886,0.0 -78.69351867169816,33.82312693461122,0.0 -78.69350602726303,33.82313786085997,0.0 -78.69353504200534,33.82316143939026,0.0 -78.69353926318242,33.82315755930637,0.0 -78.69357552537589,33.8231872664016,0.0 -78.69356877545633,33.823193326328514,0.0 -78.69359858097553,33.82321812910964,0.0 -78.69361374605192,33.82320532591822,0.0 -78.6936484121248,33.82323313348344,0.0 -78.6936534607844,33.823229103751295,0.0 -78.69368649982886,33.82325616663946,0.0 -78.69368144603406,33.823260388395774,0.0 -78.69371288451872,33.82328571674659,0.0 -78.69362860269848,33.82335801760056,0.0</coordinates>
                    </LinearRing>
                </outerBoundaryIs>
            </Polygon>
        </Placemark>
        <Placemark id="2408865">
            <name>Parcel_260743</name>
            <styleUrl>#2408870</styleUrl>
            <Polygon id="2408864">
                <outerBoundaryIs>
                    <LinearRing id="2408868">
                        <coordinates>-78.6943834947624,33.821875703307896,0.0 -78.69438572519623,33.82188467971042,0.0 -78.69426993707695,33.82190347234158,0.0 -78.69426770665471,33.82189449593699,0.0 -78.69425777925314,33.82189620787883,0.0 -78.69423486249933,33.82179851497071,0.0 -78.69428035219285,33.82179111461752,0.0 -78.6942788845998,33.821784406430346,0.0 -78.69432437320197,33.821777006040854,0.0 -78.69432584079841,33.821783714227486,0.0 -78.69436884626634,33.821776789814095,0.0 -78.69436437145369,33.82175935898577,0.0 -78.69440820509804,33.82175225786394,0.0 -78.69440672354142,33.821746071656065,0.0 -78.69446047942183,33.821737450584806,0.0 -78.694461192294,33.8217415876441,0.0 -78.69449924066058,33.82173523110966,0.0 -78.69449634289364,33.821720413784284,0.0 -78.69453935344949,33.82171329728863,0.0 -78.69453785865358,33.821707606014655,0.0 -78.69458086406654,33.82170068152752,0.0 -78.69458233609174,33.82170722473376,0.0 -78.69463278574653,33.82169906425844,0.0 -78.69463651100405,33.82171373192965,0.0 -78.69467786075376,33.82170713375644,0.0 -78.69467639385418,33.821700398528385,0.0 -78.69470947701572,33.82169499394832,0.0 -78.69472187796809,33.821693162970206,0.0 -78.69472411284221,33.82170197438955,0.0 -78.6947712570205,33.82169424748694,0.0 -78.6947925972739,33.82178932680337,0.0 -78.69478019189948,33.82179132276598,0.0 -78.69478237169679,33.82180219505008,0.0 -78.69470628196578,33.82181452417486,0.0 -78.69466988815992,33.82182055440467,0.0 -78.69466768119378,33.821810699028866,0.0 -78.69465775821975,33.82181224602535,0.0 -78.69465405131716,33.82179689139975,0.0 -78.69464081846976,33.82179903699961,0.0 -78.69464304892837,33.821808013397664,0.0 -78.6945338770339,33.821825746998826,0.0 -78.69453246523486,33.82181695090336,0.0 -78.69452089172975,33.82181863221216,0.0 -78.69452458906616,33.82183434384201,0.0 -78.69451218808932,33.82183617480032,0.0 -78.69451514536483,33.821848766281676,0.0 -78.69440349134041,33.821866975784054,0.0 -78.69440049807397,33.82185573116514,0.0 -78.69439057508995,33.82185727814017,0.0 -78.6943950726883,33.821873857034504,0.0 -78.6943834947624,33.821875703307896,0.0</coordinates>
                    </LinearRing>
                </outerBoundaryIs>
            </Polygon>
        </Placemark>
        <Placemark id="2408874">
            <name>Parcel_260744</name>
            <styleUrl>#2408879</styleUrl>
            <Polygon id="2408873">
                <outerBoundaryIs>
                    <LinearRing id="2408877">
                        <coordinates>-78.98590732788378,33.62195818025356,0.0 -78.98571107583618,33.62190964827471,0.0 -78.98584522319955,33.62153100085463,0.0 -78.98604147338527,33.621579532605516,0.0 -78.98590732788378,33.62195818025356,0.0</coordinates>
                    </LinearRing>
                </outerBoundaryIs>
            </Polygon>
        </Placemark>
        <Placemark id="2408883">
            <name>Parcel_260745</name>
            <styleUrl>#2408888</styleUrl>
            <Polygon id="2408882">
                <outerBoundaryIs>
                    <LinearRing id="2408886">
                        <coordinates>-78.68733098184295,33.819842892592845,0.0 -78.68735040320264,33.81985562677121,0.0 -78.68744104586285,33.819914695896195,0.0 -78.68741224761587,33.81994456414495,0.0 -78.68716640879202,33.82020700066056,0.0 -78.68705634460358,33.82013519801899,0.0 -78.68731995076543,33.81985505789901,0.0 -78.68733098184295,33.819842892592845,0.0</coordinates>
                    </LinearRing>
                </outerBoundaryIs>
            </Polygon>
        </Placemark>
        <Placemark id="2408892">
            <name>Parcel_260746</name>
            <styleUrl>#2408897</styleUrl>
            <Polygon id="2408891">
                <outerBoundaryIs>
                    <LinearRing id="2408895">
                        <coordinates>-78.98440509562325,33.62337264867052,0.0 -78.98428898941242,33.62323166250073,0.0 -78.98467792915463,33.62300784194401,0.0 -78.98479403462136,33.623148827735264,0.0 -78.98440509562325,33.62337264867052,0.0</coordinates>
                    </LinearRing>
                </outerBoundaryIs>
            </Polygon>
        </Placemark>
        <Placemark id="2408901">
            <name>Parcel_260747</name>
            <styleUrl>#2408906</styleUrl>
            <Polygon id="2408900">
                <outerBoundaryIs>
                    <LinearRing id="2408904">
                        <coordinates>-78.67933177099665,33.81739860323109,0.0 -78.67927483508942,33.81731476493931,0.0 -78.6793373884102,33.817285174123874,0.0 -78.67934292325629,33.8172936905416,0.0 -78.6794013052731,33.817266111361334,0.0 -78.6794060681466,33.81727271556306,0.0 -78.67946444569024,33.81724530132998,0.0 -78.67946919893797,33.81725226343045,0.0 -78.67952341115382,33.81722663906885,0.0 -78.67953135516646,33.817237427596986,0.0 -78.6795897378368,33.81720982038064,0.0 -78.67959607206738,33.81721923118979,0.0 -78.67965361764982,33.81719213049348,0.0 -78.67967184020618,33.817218754508964,0.0 -78.67968518802337,33.81721232470886,0.0 -78.67972876751833,33.81727585088607,0.0 -78.67965204349233,33.81731185627128,0.0 -78.67964651302876,33.81730317579186,0.0 -78.67958729844716,33.81733109666067,0.0 -78.67957856393086,33.8173190837795,0.0 -78.67952553138235,33.81734435866648,0.0 -78.67952100938705,33.81734651349286,0.0 -78.6795146470679,33.81733814663334,0.0 -78.67948128294675,33.817354016440916,0.0 -78.67947651562424,33.81734757721923,0.0 -78.6794197973351,33.81737452828283,0.0 -78.6794142306764,33.81736719375357,0.0 -78.67933582269018,33.81740456994124,0.0 -78.67933177099665,33.81739860323109,0.0</coordinates>
                    </LinearRing>
                </outerBoundaryIs>
            </Polygon>
        </Placemark>
        <Placemark id="2408910">
            <name>Parcel_260748</name>
            <styleUrl>#2408915</styleUrl>
            <Polygon id="2408909">
                <outerBoundaryIs>
                    <LinearRing id="2408913">
                        <coordinates>-78.69107678093434,33.88942935327781,0.0 -78.691243307623,33.88932886810181,0.0 -78.69153989694324,33.889670698905086,0.0 -78.69153419887816,33.88967419423714,0.0 -78.69137992455332,33.88976894168298,0.0 -78.69137211493435,33.88977374427842,0.0 -78.69124650864752,33.88962897116207,0.0 -78.69122348413728,33.88960245225984,0.0 -78.69107594143121,33.88943238983991,0.0 -78.69107450286673,33.88943074042,0.0 -78.69107678093434,33.88942935327781,0.0</coordinates>
                    </LinearRing>
                </outerBoundaryIs>
            </Polygon>
        </Placemark>
        <Placemark id="2408919">
            <name>Parcel_260749</name>
            <styleUrl>#2408924</styleUrl>
            <Polygon id="2408918">
                <outerBoundaryIs>
                    <LinearRing id="2408922">
                        <coordinates>-78.67933177099665,33.81739860323109,0.0 -78.67927483508942,33.81731476493931,0.0 -78.6793373884102,33.817285174123874,0.0 -78.67934292325629,33.8172936905416,0.0 -78.6794013052731,33.817266111361334,0.0 -78.6794060681466,33.81727271556306,0.0 -78.67946444569024,33.81724530132998,0.0 -78.67946919893797,33.81725226343045,0.0 -78.67952341115382,33.81722663906885,0.0 -78.67953135516646,33.817237427596986,0.0 -78.6795897378368,33.81720982038064,0.0 -78.67959607206738,33.81721923118979,0.0 -78.67965361764982,33.81719213049348,0.0 -78.67967184020618,33.817218754508964,0.0 -78.67968518802337,33.81721232470886,0.0 -78.67972876751833,33.81727585088607,0.0 -78.67965204349233,33.81731185627128,0.0 -78.67964651302876,33.81730317579186,0.0 -78.67958729844716,33.81733109666067,0.0 -78.67957856393086,33.8173190837795,0.0 -78.67952553138235,33.81734435866648,0.0 -78.67952100938705,33.81734651349286,0.0 -78.6795146470679,33.81733814663334,0.0 -78.67948128294675,33.817354016440916,0.0 -78.67947651562424,33.81734757721923,0.0 -78.6794197973351,33.81737452828283,0.0 -78.6794142306764,33.81736719375357,0.0 -78.67933582269018,33.81740456994124,0.0 -78.67933177099665,33.81739860323109,0.0</coordinates>
                    </LinearRing>
                </outerBoundaryIs>
            </Polygon>
        </Placemark>
        <Placemark id="2408928">
            <name>Parcel_260750</name>
            <styleUrl>#2408933</styleUrl>
            <Polygon id="2408927">
                <outerBoundaryIs>
                    <LinearRing id="2408931">
                        <coordinates>-78.68002197074861,33.817395959110065,0.0 -78.68000781836822,33.81740168747041,0.0 -78.67997714811827,33.81734802552785,0.0 -78.67998963673789,33.81734292533032,0.0 -78.67996368282829,33.817297600272994,0.0 -78.67995119421367,33.81730270046798,0.0 -78.67991975204531,33.81724712630034,0.0 -78.67993307249358,33.81724171338147,0.0 -78.67990870040337,33.817198808172435,0.0 -78.67989622142751,33.817203550460846,0.0 -78.67986400285751,33.81714623084789,0.0 -78.67988314427551,33.81713869916634,0.0 -78.67987684181297,33.81712810648665,0.0 -78.67996922646213,33.81709151413796,0.0 -78.67997548681065,33.81710367274312,0.0 -78.67998797093298,33.8170987384241,0.0 -78.6800453899028,33.81719878569219,0.0 -78.68005038784798,33.81719665239394,0.0 -78.68006690463132,33.817225471343015,0.0 -78.6800602421819,33.81722826074916,0.0 -78.68010191649509,33.817301401248145,0.0 -78.68010857451127,33.8172987768169,0.0 -78.68012351926544,33.817324815293745,0.0 -78.68011852575218,33.81732678361778,0.0 -78.68016175455602,33.817403361762885,0.0 -78.68005187790104,33.81744737977932,0.0 -78.68002197074861,33.817395959110065,0.0</coordinates>
                    </LinearRing>
                </outerBoundaryIs>
            </Polygon>
        </Placemark>
        <Placemark id="2408937">
            <name>Parcel_260751</name>
            <styleUrl>#2408942</styleUrl>
            <Polygon id="2408936">
                <outerBoundaryIs>
                    <LinearRing id="2408940">
                        <coordinates>-78.9858787462077,33.62129099905138,0.0 -78.9858858753793,33.621267087516124,0.0 -78.98591370139692,33.62116582362485,0.0 -78.98611079816384,33.62120389661467,0.0 -78.9860264033403,33.62151179712843,0.0 -78.98582848468764,33.621473711516074,0.0 -78.9858787462077,33.62129099905138,0.0</coordinates>
                    </LinearRing>
                </outerBoundaryIs>
            </Polygon>
        </Placemark>
        <Placemark id="2408946">
            <name>Parcel_260752</name>
            <styleUrl>#2408951</styleUrl>
            <Polygon id="2408945">
                <outerBoundaryIs>
                    <LinearRing id="2408949">
                        <coordinates>-78.9851956687578,33.62141641556751,0.0 -78.98499738448541,33.62137405825781,0.0 -78.98511450891819,33.62099147827556,0.0 -78.98531279023621,33.621033834462914,0.0 -78.9851956687578,33.62141641556751,0.0</coordinates>
                    </LinearRing>
                </outerBoundaryIs>
            </Polygon>
        </Placemark>
        <Placemark id="2408955">
            <name>Parcel_260753</name>
            <styleUrl>#2408960</styleUrl>
            <Polygon id="2408954">
                <outerBoundaryIs>
                    <LinearRing id="2408958">
                        <coordinates>-78.64901328522258,33.82935394556033,0.0 -78.64900855942324,33.82935920271841,0.0 -78.64906074136415,33.82939039970506,0.0 -78.64895029620608,33.82951784472611,0.0 -78.64880035785154,33.8294276369624,0.0 -78.64891241462612,33.8292984845727,0.0 -78.64896401723983,33.82933019554899,0.0 -78.64896713049939,33.8293266440697,0.0 -78.64899039282484,33.829299893120734,0.0 -78.64899551533446,33.8293026412859,0.0 -78.64903006748426,33.82932397418587,0.0 -78.64903585857454,33.82932757027088,0.0 -78.64901328522258,33.82935394556033,0.0</coordinates>
                    </LinearRing>
                </outerBoundaryIs>
            </Polygon>
        </Placemark>
        <Placemark id="2408964">
            <name>Parcel_260754</name>
            <styleUrl>#2408969</styleUrl>
            <Polygon id="2408963">
                <outerBoundaryIs>
                    <LinearRing id="2408967">
                        <coordinates>-78.64928192575229,33.82802458065008,0.0 -78.64927409499012,33.82802527982669,0.0 -78.64928232061789,33.82807840795196,0.0 -78.64909530804672,33.82809785653185,0.0 -78.64907216954786,33.827944811520815,0.0 -78.64926177834316,33.827925183173676,0.0 -78.64926915779157,33.82797830876487,0.0 -78.64927439418211,33.82797778852998,0.0 -78.64931370313997,33.82797375440438,0.0 -78.64931478590489,33.82797875565477,0.0 -78.64931963968756,33.828014395452385,0.0 -78.64932043509481,33.82802038341677,0.0 -78.64928192575229,33.82802458065008,0.0</coordinates>
                    </LinearRing>
                </outerBoundaryIs>
            </Polygon>
        </Placemark>
        <Placemark id="2408973">
            <name>Parcel_260755</name>
            <styleUrl>#2408978</styleUrl>
            <Polygon id="2408972">
                <outerBoundaryIs>
                    <LinearRing id="2408976">
                        <coordinates>-78.98590732788378,33.62195818025356,0.0 -78.98571107583618,33.62190964827471,0.0 -78.98584522319955,33.62153100085463,0.0 -78.98604147338527,33.621579532605516,0.0 -78.98590732788378,33.62195818025356,0.0</coordinates>
                    </LinearRing>
                </outerBoundaryIs>
            </Polygon>
        </Placemark>
        <Placemark id="2408982">
            <name>Parcel_260756</name>
            <styleUrl>#2408987</styleUrl>
            <Polygon id="2408981">
                <outerBoundaryIs>
                    <LinearRing id="2408985">
                        <coordinates>-78.64938555513737,33.828355414567774,0.0 -78.64939248072012,33.828358544209415,0.0 -78.64942179839467,33.82831088857603,0.0 -78.64958906029847,33.82838336159909,0.0 -78.64950414439508,33.828520378210904,0.0 -78.64933462268861,33.828446824906365,0.0 -78.64936463626125,33.828399572150516,0.0 -78.64935997028343,33.828397522675786,0.0 -78.64932484916928,33.82838224482135,0.0 -78.64932735526119,33.82837761296816,0.0 -78.64934756911654,33.82834595867916,0.0 -78.6493509820528,33.828340649523675,0.0 -78.64938555513737,33.828355414567774,0.0</coordinates>
                    </LinearRing>
                </outerBoundaryIs>
            </Polygon>
        </Placemark>
        <Placemark id="2408991">
            <name>Parcel_260757</name>
            <styleUrl>#2408996</styleUrl>
            <Polygon id="2408990">
                <outerBoundaryIs>
                    <LinearRing id="2408994">
                        <coordinates>-78.6938846368336,33.82223930680682,0.0 -78.69389536623552,33.8222412691049,0.0 -78.69386868882947,33.822337168780265,0.0 -78.69385795941622,33.82233520647985,0.0 -78.69385578242009,33.82234347031924,0.0 -78.69373956675688,33.82232108070349,0.0 -78.69375002927029,33.8222833975838,0.0 -78.69374209179044,33.82228177861685,0.0 -78.69375255427389,33.82224409639816,0.0 -78.69376049069444,33.82224571444286,0.0 -78.69377045970931,33.82221011829483,0.0 -78.69374956659699,33.82220641797926,0.0 -78.69375968086374,33.822170118299056,0.0 -78.69375230907147,33.82216872363597,0.0 -78.69376480775682,33.822124243353976,0.0 -78.69376962397338,33.822125387468546,0.0 -78.69377819329921,33.822093799735114,0.0 -78.69376080198109,33.822089963514486,0.0 -78.69377056352944,33.82205428502992,0.0 -78.69376372749319,33.82205310238765,0.0 -78.69377369648446,33.82201750623792,0.0 -78.69378145536659,33.82201905422909,0.0 -78.69379310896562,33.82197728033162,0.0 -78.69381067328368,33.82198042525772,0.0 -78.69382032397506,33.821946223926666,0.0 -78.6938123587067,33.821944594524254,0.0 -78.6938199421724,33.82191717895242,0.0 -78.6938229986363,33.82190698234917,0.0 -78.69383354834154,33.82190887365884,0.0 -78.69384432901123,33.821869796606464,0.0 -78.6939570412555,33.8218923220179,0.0 -78.69395416338189,33.82190258959806,0.0 -78.69396694593605,33.82190536311844,0.0 -78.69394939250898,33.821968375746074,0.0 -78.69394114260884,33.82199856868902,0.0 -78.6939294615129,33.82199622968499,0.0 -78.69392710595804,33.822004422552546,0.0 -78.69390879735606,33.8220009832682,0.0 -78.6939057453483,33.82201194301861,0.0 -78.69391647472239,33.82201390531501,0.0 -78.69391145166568,33.82203197461933,0.0 -78.69390687932818,33.82204842427225,0.0 -78.6938913378299,33.82210433170679,0.0 -78.6938811397188,33.82210181918421,0.0 -78.69387825738006,33.822111323616916,0.0 -78.69389695310733,33.82211491623468,0.0 -78.69389389664481,33.82212511283932,0.0 -78.69390887654973,33.82212799584472,0.0 -78.69388324724261,33.822220508325856,0.0 -78.69386972592113,33.82221820268585,0.0 -78.69386737037865,33.8222263946504,0.0 -78.69388734060138,33.82222973140047,0.0 -78.6938846368336,33.82223930680682,0.0</coordinates>
                    </LinearRing>
                </outerBoundaryIs>
            </Polygon>
        </Placemark>
        <Placemark id="2409000">
            <name>Parcel_260758</name>
            <styleUrl>#2409005</styleUrl>
            <Polygon id="2408999">
                <outerBoundaryIs>
                    <LinearRing id="2409003">
                        <coordinates>-78.98560671394752,33.62238302542375,0.0 -78.98543188708855,33.62229402856567,0.0 -78.98567757148273,33.62195680029022,0.0 -78.98585239470061,33.6220457958507,0.0 -78.98560671394752,33.62238302542375,0.0</coordinates>
                    </LinearRing>
                </outerBoundaryIs>
            </Polygon>
        </Placemark>
        <Placemark id="2409009">
            <name>Parcel_260759</name>
            <styleUrl>#2409014</styleUrl>
            <Polygon id="2409008">
                <outerBoundaryIs>
                    <LinearRing id="2409012">
                        <coordinates>-78.69399557979982,33.8232767144016,0.0 -78.69401212354877,33.823273943238526,0.0 -78.6940099070749,33.82326444485424,0.0 -78.69411663004816,33.823245978775894,0.0 -78.69411888326803,33.82325410324827,0.0 -78.69413129400229,33.82325191532965,0.0 -78.69413503247469,33.82326608807901,0.0 -78.69416067629463,33.82326175461234,0.0 -78.69415837751453,33.82325533400557,0.0 -78.69425599082706,33.82323878709216,0.0 -78.69425672720199,33.82324204517344,0.0 -78.69426831413554,33.82323986895763,0.0 -78.69426537080379,33.82322675549636,0.0 -78.69427612584133,33.82322489390579,0.0 -78.69427471404566,33.82321609780996,0.0 -78.69438639811011,33.823196871539075,0.0 -78.69438788337771,33.823202919813404,0.0 -78.6943978109271,33.82320120786158,0.0 -78.69442160091535,33.82329702013084,0.0 -78.69437609756517,33.82330494253137,0.0 -78.69437754610327,33.82331236471575,0.0 -78.69433535412227,33.82331963441313,0.0 -78.694333873267,33.82331342116094,0.0 -78.69428919738401,33.82332119388047,0.0 -78.69429289987644,33.823336713489496,0.0 -78.69424574593596,33.823344770162095,0.0 -78.69424800358141,33.82335272965453,0.0 -78.69420664346505,33.823359684682146,0.0 -78.69420516702927,33.82335330645112,0.0 -78.6941580130715,33.82336136309027,0.0 -78.69415430178029,33.8233461734321,0.0 -78.69410880351386,33.823353903711435,0.0 -78.69411103836839,33.8233627151388,0.0 -78.69406719505884,33.8233701461078,0.0 -78.69406574654647,33.82336272391987,0.0 -78.69401859257054,33.823370780505904,0.0 -78.69399557979982,33.8232767144016,0.0</coordinates>
                    </LinearRing>
                </outerBoundaryIs>
            </Polygon>
        </Placemark>
        <Placemark id="2409018">
            <name>Parcel_260760</name>
            <styleUrl>#2409023</styleUrl>
            <Polygon id="2409017">
                <outerBoundaryIs>
                    <LinearRing id="2409021">
                        <coordinates>-78.6943834947624,33.821875703307896,0.0 -78.69438572519623,33.82188467971042,0.0 -78.69426993707695,33.82190347234158,0.0 -78.69426770665471,33.82189449593699,0.0 -78.69425777925314,33.82189620787883,0.0 -78.69423486249933,33.82179851497071,0.0 -78.69428035219285,33.82179111461752,0.0 -78.6942788845998,33.821784406430346,0.0 -78.69432437320197,33.821777006040854,0.0 -78.69432584079841,33.821783714227486,0.0 -78.69436884626634,33.821776789814095,0.0 -78.69436437145369,33.82175935898577,0.0 -78.69440820509804,33.82175225786394,0.0 -78.69440672354142,33.821746071656065,0.0 -78.69446047942183,33.821737450584806,0.0 -78.694461192294,33.8217415876441,0.0 -78.69449924066058,33.82173523110966,0.0 -78.69449634289364,33.821720413784284,0.0 -78.69453935344949,33.82171329728863,0.0 -78.69453785865358,33.821707606014655,0.0 -78.69458086406654,33.82170068152752,0.0 -78.69458233609174,33.82170722473376,0.0 -78.69463278574653,33.82169906425844,0.0 -78.69463651100405,33.82171373192965,0.0 -78.69467786075376,33.82170713375644,0.0 -78.69467639385418,33.821700398528385,0.0 -78.69470947701572,33.82169499394832,0.0 -78.69472187796809,33.821693162970206,0.0 -78.69472411284221,33.82170197438955,0.0 -78.6947712570205,33.82169424748694,0.0 -78.6947925972739,33.82178932680337,0.0 -78.69478019189948,33.82179132276598,0.0 -78.69478237169679,33.82180219505008,0.0 -78.69470628196578,33.82181452417486,0.0 -78.69466988815992,33.82182055440467,0.0 -78.69466768119378,33.821810699028866,0.0 -78.69465775821975,33.82181224602535,0.0 -78.69465405131716,33.82179689139975,0.0 -78.69464081846976,33.82179903699961,0.0 -78.69464304892837,33.821808013397664,0.0 -78.6945338770339,33.821825746998826,0.0 -78.69453246523486,33.82181695090336,0.0 -78.69452089172975,33.82181863221216,0.0 -78.69452458906616,33.82183434384201,0.0 -78.69451218808932,33.82183617480032,0.0 -78.69451514536483,33.821848766281676,0.0 -78.69440349134041,33.821866975784054,0.0 -78.69440049807397,33.82185573116514,0.0 -78.69439057508995,33.82185727814017,0.0 -78.6943950726883,33.821873857034504,0.0 -78.6943834947624,33.821875703307896,0.0</coordinates>
                    </LinearRing>
                </outerBoundaryIs>
            </Polygon>
        </Placemark>
        <Placemark id="2409027">
            <name>Parcel_260761</name>
            <styleUrl>#2409032</styleUrl>
            <Polygon id="2409026">
                <outerBoundaryIs>
                    <LinearRing id="2409030">
                        <coordinates>-78.98486141155048,33.62309208801366,0.0 -78.98471974173314,33.62296853646412,0.0 -78.98506065037446,33.6226953523641,0.0 -78.98520231915364,33.62281890351011,0.0 -78.98486141155048,33.62309208801366,0.0</coordinates>
                    </LinearRing>
                </outerBoundaryIs>
            </Polygon>
        </Placemark>
        <Placemark id="2409036">
            <name>Parcel_260762</name>
            <styleUrl>#2409041</styleUrl>
            <Polygon id="2409035">
                <outerBoundaryIs>
                    <LinearRing id="2409039">
                        <coordinates>-78.98462615256902,33.62229094110579,0.0 -78.98445948145493,33.62219159623557,0.0 -78.98473368672414,33.621870122223704,0.0 -78.98490035535721,33.62196946759509,0.0 -78.98462615256902,33.62229094110579,0.0</coordinates>
                    </LinearRing>
                </outerBoundaryIs>
            </Polygon>
        </Placemark>
        <Placemark id="2409045">
            <name>Parcel_260763</name>
            <styleUrl>#2409050</styleUrl>
            <Polygon id="2409044">
                <outerBoundaryIs>
                    <LinearRing id="2409048">
                        <coordinates>-78.98486141155048,33.62309208801366,0.0 -78.98471974173314,33.62296853646412,0.0 -78.98506065037446,33.6226953523641,0.0 -78.98520231915364,33.62281890351011,0.0 -78.98486141155048,33.62309208801366,0.0</coordinates>
                    </LinearRing>
                </outerBoundaryIs>
            </Polygon>
        </Placemark>
        <Placemark id="2409054">
            <name>Parcel_260764</name>
            <styleUrl>#2409059</styleUrl>
            <Polygon id="2409053">
                <outerBoundaryIs>
                    <LinearRing id="2409057">
                        <coordinates>-78.69294261666919,33.823467272280034,0.0 -78.69294487447478,33.82342844056753,0.0 -78.69293336024225,33.8234278967871,0.0 -78.69293595757162,33.823392370788945,0.0 -78.6929466479541,33.82339292808006,0.0 -78.69295018302367,33.82335313071261,0.0 -78.69296580819919,33.82335391615632,0.0 -78.69296847388239,33.82331583436037,0.0 -78.69295942963093,33.823315308647736,0.0 -78.69296214161896,33.82327549594179,0.0 -78.69297282759798,33.823276217306464,0.0 -78.69297548444919,33.82323846546448,0.0 -78.69309471965778,33.823244811062374,0.0 -78.69309343278428,33.82326213457483,0.0 -78.69310658797988,33.82326290193788,0.0 -78.69310027636224,33.82334493078561,0.0 -78.6930879398384,33.82334434283443,0.0 -78.69307880677698,33.823470277267624,0.0 -78.69308455872383,33.823470742526304,0.0 -78.69308344163893,33.823481718467,0.0 -78.69309660128097,33.82348232085371,0.0 -78.69309010662909,33.82357119129843,0.0 -78.69308106235012,33.82357066559469,0.0 -78.69307978870819,33.82358749417383,0.0 -78.6929589068762,33.823581117886945,0.0 -78.6929614902363,33.8235461138669,0.0 -78.6929499811489,33.82354537716371,0.0 -78.6929535206365,33.8235054148201,0.0 -78.69296338798253,33.823505955870644,0.0 -78.6929660176418,33.82346922094017,0.0 -78.69294261666919,33.823467272280034,0.0</coordinates>
                    </LinearRing>
                </outerBoundaryIs>
            </Polygon>
        </Placemark>
        <Placemark id="2409063">
            <name>Parcel_260765</name>
            <styleUrl>#2409068</styleUrl>
            <Polygon id="2409062">
                <outerBoundaryIs>
                    <LinearRing id="2409066">
                        <coordinates>-78.67966255183957,33.81750279254107,0.0 -78.67959915023198,33.81741088056178,0.0 -78.67966504140597,33.817379647425184,0.0 -78.67966899089639,33.817385879191185,0.0 -78.67971904589253,33.81736174534812,0.0 -78.67971590168425,33.817356188016056,0.0 -78.67977846376016,33.81732626702387,0.0 -78.67978638416787,33.81733793451168,0.0 -78.67984477123845,33.8173101631001,0.0 -78.67990895023765,33.81740379333995,0.0 -78.67984555553271,33.817434055972456,0.0 -78.67983683057373,33.817421686110194,0.0 -78.67978677998967,33.81744565592501,0.0 -78.67979551898594,33.817457503814104,0.0 -78.67973045525292,33.81748858746802,0.0 -78.67972093908585,33.8174750202873,0.0 -78.67966255183957,33.81750279254107,0.0</coordinates>
                    </LinearRing>
                </outerBoundaryIs>
            </Polygon>
        </Placemark>
        <Placemark id="2409072">
            <name>Parcel_260766</name>
            <styleUrl>#2409077</styleUrl>
            <Polygon id="2409071">
                <outerBoundaryIs>
                    <LinearRing id="2409075">
                        <coordinates>-78.98440509562325,33.62337264867052,0.0 -78.98428898941242,33.62323166250073,0.0 -78.98467792915463,33.62300784194401,0.0 -78.98479403462136,33.623148827735264,0.0 -78.98440509562325,33.62337264867052,0.0</coordinates>
                    </LinearRing>
                </outerBoundaryIs>
            </Polygon>
        </Placemark>
        <Placemark id="2409081">
            <name>Parcel_260767</name>
            <styleUrl>#2409086</styleUrl>
            <Polygon id="2409080">
                <outerBoundaryIs>
                    <LinearRing id="2409084">
                        <coordinates>-78.67933177099665,33.81739860323109,0.0 -78.67927483508942,33.81731476493931,0.0 -78.6793373884102,33.817285174123874,0.0 -78.67934292325629,33.8172936905416,0.0 -78.6794013052731,33.817266111361334,0.0 -78.6794060681466,33.81727271556306,0.0 -78.67946444569024,33.81724530132998,0.0 -78.67946919893797,33.81725226343045,0.0 -78.67952341115382,33.81722663906885,0.0 -78.67953135516646,33.817237427596986,0.0 -78.6795897378368,33.81720982038064,0.0 -78.67959607206738,33.81721923118979,0.0 -78.67965361764982,33.81719213049348,0.0 -78.67967184020618,33.817218754508964,0.0 -78.67968518802337,33.81721232470886,0.0 -78.67972876751833,33.81727585088607,0.0 -78.67965204349233,33.81731185627128,0.0 -78.67964651302876,33.81730317579186,0.0 -78.67958729844716,33.81733109666067,0.0 -78.67957856393086,33.8173190837795,0.0 -78.67952553138235,33.81734435866648,0.0 -78.67952100938705,33.81734651349286,0.0 -78.6795146470679,33.81733814663334,0.0 -78.67948128294675,33.817354016440916,0.0 -78.67947651562424,33.81734757721923,0.0 -78.6794197973351,33.81737452828283,0.0 -78.6794142306764,33.81736719375357,0.0 -78.67933582269018,33.81740456994124,0.0 -78.67933177099665,33.81739860323109,0.0</coordinates>
                    </LinearRing>
                </outerBoundaryIs>
            </Polygon>
        </Placemark>
        <Placemark id="2409090">
            <name>Parcel_260768</name>
            <styleUrl>#2409095</styleUrl>
            <Polygon id="2409089">
                <outerBoundaryIs>
                    <LinearRing id="2409093">
                        <coordinates>-78.67933177099665,33.81739860323109,0.0 -78.67927483508942,33.81731476493931,0.0 -78.6793373884102,33.817285174123874,0.0 -78.67934292325629,33.8172936905416,0.0 -78.6794013052731,33.817266111361334,0.0 -78.6794060681466,33.81727271556306,0.0 -78.67946444569024,33.81724530132998,0.0 -78.67946919893797,33.81725226343045,0.0 -78.67952341115382,33.81722663906885,0.0 -78.67953135516646,33.817237427596986,0.0 -78.6795897378368,33.81720982038064,0.0 -78.67959607206738,33.81721923118979,0.0 -78.67965361764982,33.81719213049348,0.0 -78.67967184020618,33.817218754508964,0.0 -78.67968518802337,33.81721232470886,0.0 -78.67972876751833,33.81727585088607,0.0 -78.67965204349233,33.81731185627128,0.0 -78.67964651302876,33.81730317579186,0.0 -78.67958729844716,33.81733109666067,0.0 -78.67957856393086,33.8173190837795,0.0 -78.67952553138235,33.81734435866648,0.0 -78.67952100938705,33.81734651349286,0.0 -78.6795146470679,33.81733814663334,0.0 -78.67948128294675,33.817354016440916,0.0 -78.67947651562424,33.81734757721923,0.0 -78.6794197973351,33.81737452828283,0.0 -78.6794142306764,33.81736719375357,0.0 -78.67933582269018,33.81740456994124,0.0 -78.67933177099665,33.81739860323109,0.0</coordinates>
                    </LinearRing>
                </outerBoundaryIs>
            </Polygon>
        </Placemark>
        <Placemark id="2409099">
            <name>Parcel_260769</name>
            <styleUrl>#2409104</styleUrl>
            <Polygon id="2409098">
                <outerBoundaryIs>
                    <LinearRing id="2409102">
                        <coordinates>-78.64925483404198,33.827809984867955,0.0 -78.6492470032991,33.82781068404283,0.0 -78.64925522996987,33.827863812192845,0.0 -78.64906821677772,33.82788326071216,0.0 -78.64904507840906,33.827730214787614,0.0 -78.6492346867388,33.827710586481125,0.0 -78.64924206615214,33.82776371207632,0.0 -78.64924730252983,33.82776319184255,0.0 -78.64928661139115,33.827759157725396,0.0 -78.64928769412721,33.82776415987775,0.0 -78.6492925479112,33.82779979877653,0.0 -78.6492933433146,33.82780578674135,0.0 -78.64925483404198,33.827809984867955,0.0</coordinates>
                    </LinearRing>
                </outerBoundaryIs>
            </Polygon>
        </Placemark>
        <Placemark id="2409108">
            <name>Parcel_260770</name>
            <styleUrl>#2409113</styleUrl>
            <Polygon id="2409107">
                <outerBoundaryIs>
                    <LinearRing id="2409111">
                        <coordinates>-78.64971847769431,33.82923314476228,0.0 -78.64971372573306,33.829227903394006,0.0 -78.64966339695857,33.829261152608765,0.0 -78.64954709650132,33.829137388717,0.0 -78.64969236522366,33.82904200820459,0.0 -78.64981018803698,33.8291675362527,0.0 -78.64975942522535,33.82920017745517,0.0 -78.6497626570477,33.829203655473385,0.0 -78.64978704712625,33.82922969748056,0.0 -78.64978246845264,33.829233047984644,0.0 -78.64974836420389,33.829254877762516,0.0 -78.64974262409577,33.8292585309285,0.0 -78.64971847769431,33.82923314476228,0.0</coordinates>
                    </LinearRing>
                </outerBoundaryIs>
            </Polygon>
        </Placemark>
        <Placemark id="2409117">
            <name>Parcel_260771</name>
            <styleUrl>#2409122</styleUrl>
            <Polygon id="2409116">
                <outerBoundaryIs>
                    <LinearRing id="2409120">
                        <coordinates>-78.98525818841969,33.62276403139744,0.0 -78.98509354089504,33.62266235191902,0.0 -78.98537417997858,33.62234478677594,0.0 -78.98553882615082,33.62244646586749,0.0 -78.98525818841969,33.62276403139744,0.0</coordinates>
                    </LinearRing>
                </outerBoundaryIs>
            </Polygon>
        </Placemark>
        <Placemark id="2409126">
            <name>Parcel_260772</name>
            <styleUrl>#2409131</styleUrl>
            <Polygon id="2409125">
                <outerBoundaryIs>
                    <LinearRing id="2409129">
                        <coordinates>-78.64912053494591,33.828728256054504,0.0 -78.64912644170788,33.82873260296992,0.0 -78.6491678304708,33.8286916563643,0.0 -78.64931132936526,33.828793615922876,0.0 -78.6491917248088,33.828911227128806,0.0 -78.64904631425617,33.82880779068639,0.0 -78.64908827244513,33.828767367239244,0.0 -78.64908427623062,33.828764496147286,0.0 -78.64905416126767,33.82874302833004,0.0 -78.64905784886746,33.82873898355141,0.0 -78.64908606174646,33.828711924305935,0.0 -78.64909081532446,33.828707391054344,0.0 -78.64912053494591,33.828728256054504,0.0</coordinates>
                    </LinearRing>
                </outerBoundaryIs>
            </Polygon>
        </Placemark>
        <Placemark id="2409135">
            <name>Parcel_260773</name>
            <styleUrl>#2409140</styleUrl>
            <Polygon id="2409134">
                <outerBoundaryIs>
                    <LinearRing id="2409138">
                        <coordinates>-78.64901328522258,33.82935394556033,0.0 -78.64900855942324,33.82935920271841,0.0 -78.64906074136415,33.82939039970506,0.0 -78.64895029620608,33.82951784472611,0.0 -78.64880035785154,33.8294276369624,0.0 -78.64891241462612,33.8292984845727,0.0 -78.64896401723983,33.82933019554899,0.0 -78.64896713049939,33.8293266440697,0.0 -78.64899039282484,33.829299893120734,0.0 -78.64899551533446,33.8293026412859,0.0 -78.64903006748426,33.82932397418587,0.0 -78.64903585857454,33.82932757027088,0.0 -78.64901328522258,33.82935394556033,0.0</coordinates>
                    </LinearRing>
                </outerBoundaryIs>
            </Polygon>
        </Placemark>
        <Placemark id="2409144">
            <name>Parcel_260774</name>
            <styleUrl>#2409149</styleUrl>
            <Polygon id="2409143">
                <outerBoundaryIs>
                    <LinearRing id="2409147">
                        <coordinates>-78.64971847769431,33.82923314476228,0.0 -78.64971372573306,33.829227903394006,0.0 -78.64966339695857,33.829261152608765,0.0 -78.64954709650132,33.829137388717,0.0 -78.64969236522366,33.82904200820459,0.0 -78.64981018803698,33.8291675362527,0.0 -78.64975942522535,33.82920017745517,0.0 -78.6497626570477,33.829203655473385,0.0 -78.64978704712625,33.82922969748056,0.0 -78.64978246845264,33.829233047984644,0.0 -78.64974836420389,33.829254877762516,0.0 -78.64974262409577,33.8292585309285,0.0 -78.64971847769431,33.82923314476228,0.0</coordinates>
                    </LinearRing>
                </outerBoundaryIs>
            </Polygon>
        </Placemark>
        <Placemark id="2409153">
            <name>Parcel_260775</name>
            <styleUrl>#2409158</styleUrl>
            <Polygon id="2409152">
                <outerBoundaryIs>
                    <LinearRing id="2409156">
                        <coordinates>-78.98408814741828,33.62371131896493,0.0 -78.98392410958309,33.623608948893036,0.0 -78.98420665402445,33.62329256740432,0.0 -78.98437068945954,33.623394936169056,0.0 -78.98408814741828,33.62371131896493,0.0</coordinates>
                    </LinearRing>
                </outerBoundaryIs>
            </Polygon>
        </Placemark>
        <Placemark id="2409162">
            <name>Parcel_260776</name>
            <styleUrl>#2409167</styleUrl>
            <Polygon id="2409161">
                <outerBoundaryIs>
                    <LinearRing id="2409165">
                        <coordinates>-78.98440509562325,33.62337264867052,0.0 -78.98428898941242,33.62323166250073,0.0 -78.98467792915463,33.62300784194401,0.0 -78.98479403462136,33.623148827735264,0.0 -78.98440509562325,33.62337264867052,0.0</coordinates>
                    </LinearRing>
                </outerBoundaryIs>
            </Polygon>
        </Placemark>
        <Placemark id="2409171">
            <name>Parcel_260777</name>
            <styleUrl>#2409176</styleUrl>
            <Polygon id="2409170">
                <outerBoundaryIs>
                    <LinearRing id="2409174">
                        <coordinates>-78.98560671394752,33.62238302542375,0.0 -78.98543188708855,33.62229402856567,0.0 -78.98567757148273,33.62195680029022,0.0 -78.98585239470061,33.6220457958507,0.0 -78.98560671394752,33.62238302542375,0.0</coordinates>
                    </LinearRing>
                </outerBoundaryIs>
            </Polygon>
        </Placemark>
        <Placemark id="2409180">
            <name>Parcel_260778</name>
            <styleUrl>#2409185</styleUrl>
            <Polygon id="2409179">
                <outerBoundaryIs>
                    <LinearRing id="2409183">
                        <coordinates>-78.6794797794229,33.81759352678235,0.0 -78.67945126426899,33.81755158920532,0.0 -78.67943875341734,33.81755751333214,0.0 -78.67940230387772,33.817504430210505,0.0 -78.67941398283143,33.81749882061386,0.0 -78.67937988259621,33.817450235443836,0.0 -78.67938405311901,33.81744825172183,0.0 -78.6793785042144,33.817440257282826,0.0 -78.67942354805776,33.81741875086021,0.0 -78.67942989189092,33.8174278046779,0.0 -78.67948745614734,33.81740001710632,0.0 -78.67950646918435,33.8174278655024,0.0 -78.67951481022176,33.8174238980497,0.0 -78.67952669337726,33.81744130329491,0.0 -78.6795208487418,33.8174443001212,0.0 -78.67957395325615,33.81752106359178,0.0 -78.67957979272876,33.8175182587855,0.0 -78.67959247156676,33.81753669635833,0.0 -78.67958413496056,33.81754049883909,0.0 -78.67958967872448,33.817548685291165,0.0 -78.67957965984981,33.817553803780704,0.0 -78.6796081795054,33.8175955763511,0.0 -78.67962152740989,33.817589145656804,0.0 -78.67965878165526,33.81764293109261,0.0 -78.67959204434085,33.817675000728464,0.0 -78.67959839708764,33.817683724582935,0.0 -78.6795400007833,33.817711826731845,0.0 -78.679463924766,33.81760131213234,0.0 -78.6794797794229,33.81759352678235,0.0</coordinates>
                    </LinearRing>
                </outerBoundaryIs>
            </Polygon>
        </Placemark>
        <Placemark id="2409189">
            <name>Parcel_260779</name>
            <styleUrl>#2409194</styleUrl>
            <Polygon id="2409188">
                <outerBoundaryIs>
                    <LinearRing id="2409192">
                        <coordinates>-78.64971847769431,33.82923314476228,0.0 -78.64971372573306,33.829227903394006,0.0 -78.64966339695857,33.829261152608765,0.0 -78.64954709650132,33.829137388717,0.0 -78.64969236522366,33.82904200820459,0.0 -78.64981018803698,33.8291675362527,0.0 -78.64975942522535,33.82920017745517,0.0 -78.6497626570477,33.829203655473385,0.0 -78.64978704712625,33.82922969748056,0.0 -78.64978246845264,33.829233047984644,0.0 -78.64974836420389,33.829254877762516,0.0 -78.64974262409577,33.8292585309285,0.0 -78.64971847769431,33.82923314476228,0.0</coordinates>
                    </LinearRing>
                </outerBoundaryIs>
            </Polygon>
        </Placemark>
        <Placemark id="2409198">
            <name>Parcel_260780</name>
            <styleUrl>#2409203</styleUrl>
            <Polygon id="2409197">
                <outerBoundaryIs>
                    <LinearRing id="2409201">
                        <coordinates>-78.98560671394752,33.62238302542375,0.0 -78.98543188708855,33.62229402856567,0.0 -78.98567757148273,33.62195680029022,0.0 -78.98585239470061,33.6220457958507,0.0 -78.98560671394752,33.62238302542375,0.0</coordinates>
                    </LinearRing>
                </outerBoundaryIs>
            </Polygon>
        </Placemark>
        <Placemark id="2409207">
            <name>Parcel_260781</name>
            <styleUrl>#2409212</styleUrl>
            <Polygon id="2409206">
                <outerBoundaryIs>
                    <LinearRing id="2409210">
                        <coordinates>-78.98440509562325,33.62337264867052,0.0 -78.98428898941242,33.62323166250073,0.0 -78.98467792915463,33.62300784194401,0.0 -78.98479403462136,33.623148827735264,0.0 -78.98440509562325,33.62337264867052,0.0</coordinates>
                    </LinearRing>
                </outerBoundaryIs>
            </Polygon>
        </Placemark>
        <Placemark id="2409216">
            <name>Parcel_260782</name>
            <styleUrl>#2409221</styleUrl>
            <Polygon id="2409215">
                <outerBoundaryIs>
                    <LinearRing id="2409219">
                        <coordinates>-78.64860571267276,33.82907293249116,0.0 -78.64859789256005,33.829073713006515,0.0 -78.64860690493094,33.82912675238564,0.0 -78.64842019183158,33.8291481286807,0.0 -78.64839478862297,33.82899533368683,0.0 -78.64858409439825,33.828973750514805,0.0 -78.64859225927619,33.829026795448414,0.0 -78.64859748746296,33.82902622186882,0.0 -78.6486367344884,33.82902178268944,0.0 -78.64863789102556,33.829026772718535,0.0 -78.64864327347507,33.829062358538984,0.0 -78.64864415661243,33.82906833825149,0.0 -78.64860571267276,33.82907293249116,0.0</coordinates>
                    </LinearRing>
                </outerBoundaryIs>
            </Polygon>
        </Placemark>
        <Placemark id="2409225">
            <name>Parcel_260783</name>
            <styleUrl>#2409230</styleUrl>
            <Polygon id="2409224">
                <outerBoundaryIs>
                    <LinearRing id="2409228">
                        <coordinates>-78.69107678093434,33.88942935327781,0.0 -78.691243307623,33.88932886810181,0.0 -78.69153989694324,33.889670698905086,0.0 -78.69153419887816,33.88967419423714,0.0 -78.69137992455332,33.88976894168298,0.0 -78.69137211493435,33.88977374427842,0.0 -78.69124650864752,33.88962897116207,0.0 -78.69122348413728,33.88960245225984,0.0 -78.69107594143121,33.88943238983991,0.0 -78.69107450286673,33.88943074042,0.0 -78.69107678093434,33.88942935327781,0.0</coordinates>
                    </LinearRing>
                </outerBoundaryIs>
            </Polygon>
        </Placemark>
        <Placemark id="2409234">
            <name>Parcel_260784</name>
            <styleUrl>#2409239</styleUrl>
            <Polygon id="2409233">
                <outerBoundaryIs>
                    <LinearRing id="2409237">
                        <coordinates>-78.64925483404198,33.827809984867955,0.0 -78.6492470032991,33.82781068404283,0.0 -78.64925522996987,33.827863812192845,0.0 -78.64906821677772,33.82788326071216,0.0 -78.64904507840906,33.827730214787614,0.0 -78.6492346867388,33.827710586481125,0.0 -78.64924206615214,33.82776371207632,0.0 -78.64924730252983,33.82776319184255,0.0 -78.64928661139115,33.827759157725396,0.0 -78.64928769412721,33.82776415987775,0.0 -78.6492925479112,33.82779979877653,0.0 -78.6492933433146,33.82780578674135,0.0 -78.64925483404198,33.827809984867955,0.0</coordinates>
                    </LinearRing>
                </outerBoundaryIs>
            </Polygon>
        </Placemark>
        <Placemark id="2409243">
            <name>Parcel_260785</name>
            <styleUrl>#2409248</styleUrl>
            <Polygon id="2409242">
                <outerBoundaryIs>
                    <LinearRing id="2409246">
                        <coordinates>-78.98525818841969,33.62276403139744,0.0 -78.98509354089504,33.62266235191902,0.0 -78.98537417997858,33.62234478677594,0.0 -78.98553882615082,33.62244646586749,0.0 -78.98525818841969,33.62276403139744,0.0</coordinates>
                    </LinearRing>
                </outerBoundaryIs>
            </Polygon>
        </Placemark>
        <Placemark id="2409252">
            <name>Parcel_260786</name>
            <styleUrl>#2409257</styleUrl>
            <Polygon id="2409251">
                <outerBoundaryIs>
                    <LinearRing id="2409255">
                        <coordinates>-78.64946463823566,33.82956327251172,0.0 -78.64946473686393,33.829569844350395,0.0 -78.64952888889098,33.829568003640325,0.0 -78.64953450908452,33.82972521766889,0.0 -78.64934976100501,33.829730056239974,0.0 -78.64934417012505,33.829570669000006,0.0 -78.64940823923085,33.82956953121848,0.0 -78.64940811057573,33.8295651316609,0.0 -78.64940699336562,33.829532091950014,0.0 -78.64941306173667,33.82953166236648,0.0 -78.64945603358956,33.829530979098806,0.0 -78.64946325149849,33.82953088161478,0.0 -78.64946463823566,33.82956327251172,0.0</coordinates>
                    </LinearRing>
                </outerBoundaryIs>
            </Polygon>
        </Placemark>
        <Placemark id="2409261">
            <name>Parcel_260787</name>
            <styleUrl>#2409266</styleUrl>
            <Polygon id="2409260">
                <outerBoundaryIs>
                    <LinearRing id="2409264">
                        <coordinates>-78.68002197074861,33.817395959110065,0.0 -78.68000781836822,33.81740168747041,0.0 -78.67997714811827,33.81734802552785,0.0 -78.67998963673789,33.81734292533032,0.0 -78.67996368282829,33.817297600272994,0.0 -78.67995119421367,33.81730270046798,0.0 -78.67991975204531,33.81724712630034,0.0 -78.67993307249358,33.81724171338147,0.0 -78.67990870040337,33.817198808172435,0.0 -78.67989622142751,33.817203550460846,0.0 -78.67986400285751,33.81714623084789,0.0 -78.67988314427551,33.81713869916634,0.0 -78.67987684181297,33.81712810648665,0.0 -78.67996922646213,33.81709151413796,0.0 -78.67997548681065,33.81710367274312,0.0 -78.67998797093298,33.8170987384241,0.0 -78.6800453899028,33.81719878569219,0.0 -78.68005038784798,33.81719665239394,0.0 -78.68006690463132,33.817225471343015,0.0 -78.6800602421819,33.81722826074916,0.0 -78.68010191649509,33.817301401248145,0.0 -78.68010857451127,33.8172987768169,0.0 -78.68012351926544,33.817324815293745,0.0 -78.68011852575218,33.81732678361778,0.0 -78.68016175455602,33.817403361762885,0.0 -78.68005187790104,33.81744737977932,0.0 -78.68002197074861,33.817395959110065,0.0</coordinates>
                    </LinearRing>
                </outerBoundaryIs>
            </Polygon>
        </Placemark>
        <Placemark id="2409270">
            <name>Parcel_260788</name>
            <styleUrl>#2409275</styleUrl>
            <Polygon id="2409269">
                <outerBoundaryIs>
                    <LinearRing id="2409273">
                        <coordinates>-78.68733098184295,33.819842892592845,0.0 -78.68735040320264,33.81985562677121,0.0 -78.68744104586285,33.819914695896195,0.0 -78.68741224761587,33.81994456414495,0.0 -78.68716640879202,33.82020700066056,0.0 -78.68705634460358,33.82013519801899,0.0 -78.68731995076543,33.81985505789901,0.0 -78.68733098184295,33.819842892592845,0.0</coordinates>
                    </LinearRing>
                </outerBoundaryIs>
            </Polygon>
        </Placemark>
        <Placemark id="2409279">
            <name>Parcel_260789</name>
            <styleUrl>#2409284</styleUrl>
            <Polygon id="2409278">
                <outerBoundaryIs>
                    <LinearRing id="2409282">
                        <coordinates>-78.9858787462077,33.62129099905138,0.0 -78.9858858753793,33.621267087516124,0.0 -78.98591370139692,33.62116582362485,0.0 -78.98611079816384,33.62120389661467,0.0 -78.9860264033403,33.62151179712843,0.0 -78.98582848468764,33.621473711516074,0.0 -78.9858787462077,33.62129099905138,0.0</coordinates>
                    </LinearRing>
                </outerBoundaryIs>
            </Polygon>
        </Placemark>
        <Placemark id="2409288">
            <name>Parcel_260790</name>
            <styleUrl>#2409293</styleUrl>
            <Polygon id="2409287">
                <outerBoundaryIs>
                    <LinearRing id="2409291">
                        <coordinates>-79.00497359130473,33.861081643635444,0.0 -79.004994602527,33.86104767283564,0.0 -79.00501776492304,33.86101469089044,0.0 -79.00504301253994,33.86098279143602,0.0 -79.00507027188118,33.86095206708517,0.0 -79.00509946635452,33.86092260408744,0.0 -79.00513051178265,33.86089448947208,0.0 -79.00516331767122,33.86086780295143,0.0 -79.00519779036784,33.86084262057934,0.0 -79.00523383087956,33.86081901561802,0.0 -79.00527133601638,33.86079705585072,0.0 -79.00531078063356,33.86084672110255,0.0 -79.00550413652155,33.86109017594904,0.0 -79.00551806601975,33.86110771493489,0.0 -79.00560252138962,33.861214052452944,0.0 -79.00558409986414,33.86122525417437,0.0 -79.00556694926264,33.861237783211244,0.0 -79.00555120815083,33.861251538076665,0.0 -79.00553700011088,33.861266410729115,0.0 -79.00552443927013,33.861282281250226,0.0 -79.00551362693398,33.86129902320177,0.0 -79.00497359130473,33.861081643635444,0.0</coordinates>
                    </LinearRing>
                </outerBoundaryIs>
            </Polygon>
        </Placemark>
        <Placemark id="2409297">
            <name>Parcel_260791</name>
            <styleUrl>#2409302</styleUrl>
            <Polygon id="2409296">
                <outerBoundaryIs>
                    <LinearRing id="2409300">
                        <coordinates>-79.00681436602305,33.860476885782596,0.0 -79.00735996240095,33.86028562526617,0.0 -79.0074008352099,33.86043672974353,0.0 -79.00743671337118,33.8605268034094,0.0 -79.00692912992955,33.86070473615862,0.0 -79.00681436602305,33.860476885782596,0.0</coordinates>
                    </LinearRing>
                </outerBoundaryIs>
            </Polygon>
        </Placemark>
        <Placemark id="2409306">
            <name>Parcel_260792</name>
            <styleUrl>#2409311</styleUrl>
            <Polygon id="2409305">
                <outerBoundaryIs>
                    <LinearRing id="2409309">
                        <coordinates>-79.00489114240935,33.8614459336539,0.0 -79.00548901303304,33.86140778391865,0.0 -79.00550911293675,33.86162702233126,0.0 -79.00491124080165,33.861665172161665,0.0 -79.00489114240935,33.8614459336539,0.0</coordinates>
                    </LinearRing>
                </outerBoundaryIs>
            </Polygon>
        </Placemark>
        <Placemark id="2409315">
            <name>Parcel_260793</name>
            <styleUrl>#2409320</styleUrl>
            <Polygon id="2409314">
                <outerBoundaryIs>
                    <LinearRing id="2409318">
                        <coordinates>-79.1369944003702,33.75958884642375,0.0 -79.13708136543008,33.75940236630597,0.0 -79.13712816915789,33.75930200163175,0.0 -79.1374732503532,33.75939255549349,0.0 -79.13735380252326,33.75964869286597,0.0 -79.13733948257183,33.75967940065358,0.0 -79.1369944003702,33.75958884642375,0.0</coordinates>
                    </LinearRing>
                </outerBoundaryIs>
            </Polygon>
        </Placemark>
        <Placemark id="2409324">
            <name>Parcel_260794</name>
            <styleUrl>#2409329</styleUrl>
            <Polygon id="2409323">
                <outerBoundaryIs>
                    <LinearRing id="2409327">
                        <coordinates>-79.0055471105919,33.86010305551118,0.0 -79.0057816132758,33.86001812657283,0.0 -79.00584664977417,33.85999308075085,0.0 -79.00604716943094,33.86035357888164,0.0 -79.00573670647815,33.86046633649301,0.0 -79.0055471105919,33.86010305551118,0.0</coordinates>
                    </LinearRing>
                </outerBoundaryIs>
            </Polygon>
        </Placemark>
        <Placemark id="2409333">
            <name>Parcel_260795</name>
            <styleUrl>#2409338</styleUrl>
            <Polygon id="2409332">
                <outerBoundaryIs>
                    <LinearRing id="2409336">
                        <coordinates>-79.00416477066027,33.86087746488513,0.0 -79.00415429805427,33.860607473475476,0.0 -79.0043576252128,33.86053383902014,0.0 -79.00445688692523,33.86049789028583,0.0 -79.00499080179598,33.860817816275556,0.0 -79.00495825669793,33.8608490218681,0.0 -79.00492757055478,33.860881510134604,0.0 -79.00489881216423,33.86091520462097,0.0 -79.00487205254842,33.86095002620333,0.0 -79.00416865658805,33.86087786390808,0.0 -79.00416477066027,33.86087746488513,0.0</coordinates>
                    </LinearRing>
                </outerBoundaryIs>
            </Polygon>
        </Placemark>
        <Placemark id="2409342">
            <name>Parcel_260796</name>
            <styleUrl>#2409347</styleUrl>
            <Polygon id="2409341">
                <outerBoundaryIs>
                    <LinearRing id="2409345">
                        <coordinates>-79.02370989409592,33.77167992756203,0.0 -79.02280716519283,33.771555179223924,0.0 -79.02236846643453,33.77149608008113,0.0 -79.02193082928777,33.77143700536328,0.0 -79.0214923914913,33.77137811380454,0.0 -79.02157387959245,33.77096062609913,0.0 -79.02080558181198,33.7708566648754,0.0 -79.02073833176362,33.769736205040445,0.0 -79.02156235310909,33.76985148221322,0.0 -79.02160795928415,33.76943042267728,0.0 -79.02166219241936,33.769437695220226,0.0 -79.02233589931149,33.7695283676911,0.0 -79.02287069325847,33.769601275944986,0.0 -79.02327108389363,33.76965602394235,0.0 -79.02423830023672,33.76978853179606,0.0 -79.02510649424354,33.76990421644422,0.0 -79.02496959604588,33.77032023017176,0.0 -79.02447054781297,33.77178514739082,0.0 -79.02370989409592,33.77167992756203,0.0</coordinates>
                    </LinearRing>
                </outerBoundaryIs>
            </Polygon>
        </Placemark>
        <Placemark id="2409351">
            <name>Parcel_260797</name>
            <styleUrl>#2409356</styleUrl>
            <Polygon id="2409350">
                <outerBoundaryIs>
                    <LinearRing id="2409354">
                        <coordinates>-79.00714952117241,33.86270123235115,0.0 -79.00769168198342,33.86248757040264,0.0 -79.00781670562195,33.86270833892778,0.0 -79.00727453610497,33.86292200399605,0.0 -79.00714952117241,33.86270123235115,0.0</coordinates>
                    </LinearRing>
                </outerBoundaryIs>
            </Polygon>
        </Placemark>
        <Placemark id="2409360">
            <name>Parcel_260798</name>
            <styleUrl>#2409365</styleUrl>
            <Polygon id="2409359">
                <outerBoundaryIs>
                    <LinearRing id="2409363">
                        <coordinates>-79.00418708123323,33.861452668140025,0.0 -79.00472511643088,33.86143266022279,0.0 -79.00472689428018,33.86145641246221,0.0 -79.00474699206943,33.86167565911019,0.0 -79.00419665411832,33.861699470651935,0.0 -79.00418708123323,33.861452668140025,0.0</coordinates>
                    </LinearRing>
                </outerBoundaryIs>
            </Polygon>
        </Placemark>
        <Placemark id="2409369">
            <name>Parcel_260799</name>
            <styleUrl>#2409374</styleUrl>
            <Polygon id="2409368">
                <outerBoundaryIs>
                    <LinearRing id="2409372">
                        <coordinates>-79.0041755790394,33.86115611723144,0.0 -79.00416477066027,33.86087746488513,0.0 -79.00416865658805,33.86087786390808,0.0 -79.00487205254842,33.86095002620333,0.0 -79.0048465425587,33.86098714069878,0.0 -79.00482330188076,33.86102527752002,0.0 -79.00480238892445,33.86106434200762,0.0 -79.00478385682172,33.861104234005616,0.0 -79.00476775332214,33.86114485236941,0.0 -79.0047541175302,33.86118609581496,0.0 -79.0041755790394,33.86115611723144,0.0</coordinates>
                    </LinearRing>
                </outerBoundaryIs>
            </Polygon>
        </Placemark>
    </Document>
</kml>
