<?xml version="1.0" encoding="UTF-8"?>
<kml xmlns="http://www.opengis.net/kml/2.2" xmlns:gx="http://www.google.com/kml/ext/2.2">
    <Document id="2205690">
        <Style id="2205697">
            <LineStyle id="2205699">
                <color>ffffffff</color>
                <colorMode>normal</colorMode>
                <width>1</width>
            </LineStyle>
            <PolyStyle id="2205698">
                <colorMode>normal</colorMode>
                <fill>0</fill>
                <outline>1</outline>
            </PolyStyle>
        </Style>
        <Style id="2205706">
            <LineStyle id="2205708">
                <color>ffffffff</color>
                <colorMode>normal</colorMode>
                <width>1</width>
            </LineStyle>
            <PolyStyle id="2205707">
                <colorMode>normal</colorMode>
                <fill>0</fill>
                <outline>1</outline>
            </PolyStyle>
        </Style>
        <Style id="2205715">
            <LineStyle id="2205717">
                <color>ffffffff</color>
                <colorMode>normal</colorMode>
                <width>1</width>
            </LineStyle>
            <PolyStyle id="2205716">
                <colorMode>normal</colorMode>
                <fill>0</fill>
                <outline>1</outline>
            </PolyStyle>
        </Style>
        <Style id="2205724">
            <LineStyle id="2205726">
                <color>ffffffff</color>
                <colorMode>normal</colorMode>
                <width>1</width>
            </LineStyle>
            <PolyStyle id="2205725">
                <colorMode>normal</colorMode>
                <fill>0</fill>
                <outline>1</outline>
            </PolyStyle>
        </Style>
        <Style id="2205733">
            <LineStyle id="2205735">
                <color>ffffffff</color>
                <colorMode>normal</colorMode>
                <width>1</width>
            </LineStyle>
            <PolyStyle id="2205734">
                <colorMode>normal</colorMode>
                <fill>0</fill>
                <outline>1</outline>
            </PolyStyle>
        </Style>
        <Style id="2205742">
            <LineStyle id="2205744">
                <color>ffffffff</color>
                <colorMode>normal</colorMode>
                <width>1</width>
            </LineStyle>
            <PolyStyle id="2205743">
                <colorMode>normal</colorMode>
                <fill>0</fill>
                <outline>1</outline>
            </PolyStyle>
        </Style>
        <Style id="2205751">
            <LineStyle id="2205753">
                <color>ffffffff</color>
                <colorMode>normal</colorMode>
                <width>1</width>
            </LineStyle>
            <PolyStyle id="2205752">
                <colorMode>normal</colorMode>
                <fill>0</fill>
                <outline>1</outline>
            </PolyStyle>
        </Style>
        <Style id="2205760">
            <LineStyle id="2205762">
                <color>ffffffff</color>
                <colorMode>normal</colorMode>
                <width>1</width>
            </LineStyle>
            <PolyStyle id="2205761">
                <colorMode>normal</colorMode>
                <fill>0</fill>
                <outline>1</outline>
            </PolyStyle>
        </Style>
        <Style id="2205769">
            <LineStyle id="2205771">
                <color>ffffffff</color>
                <colorMode>normal</colorMode>
                <width>1</width>
            </LineStyle>
            <PolyStyle id="2205770">
                <colorMode>normal</colorMode>
                <fill>0</fill>
                <outline>1</outline>
            </PolyStyle>
        </Style>
        <Style id="2205778">
            <LineStyle id="2205780">
                <color>ffffffff</color>
                <colorMode>normal</colorMode>
                <width>1</width>
            </LineStyle>
            <PolyStyle id="2205779">
                <colorMode>normal</colorMode>
                <fill>0</fill>
                <outline>1</outline>
            </PolyStyle>
        </Style>
        <Style id="2205787">
            <LineStyle id="2205789">
                <color>ffffffff</color>
                <colorMode>normal</colorMode>
                <width>1</width>
            </LineStyle>
            <PolyStyle id="2205788">
                <colorMode>normal</colorMode>
                <fill>0</fill>
                <outline>1</outline>
            </PolyStyle>
        </Style>
        <Style id="2205796">
            <LineStyle id="2205798">
                <color>ffffffff</color>
                <colorMode>normal</colorMode>
                <width>1</width>
            </LineStyle>
            <PolyStyle id="2205797">
                <colorMode>normal</colorMode>
                <fill>0</fill>
                <outline>1</outline>
            </PolyStyle>
        </Style>
        <Style id="2205805">
            <LineStyle id="2205807">
                <color>ffffffff</color>
                <colorMode>normal</colorMode>
                <width>1</width>
            </LineStyle>
            <PolyStyle id="2205806">
                <colorMode>normal</colorMode>
                <fill>0</fill>
                <outline>1</outline>
            </PolyStyle>
        </Style>
        <Style id="2205814">
            <LineStyle id="2205816">
                <color>ffffffff</color>
                <colorMode>normal</colorMode>
                <width>1</width>
            </LineStyle>
            <PolyStyle id="2205815">
                <colorMode>normal</colorMode>
                <fill>0</fill>
                <outline>1</outline>
            </PolyStyle>
        </Style>
        <Style id="2205823">
            <LineStyle id="2205825">
                <color>ffffffff</color>
                <colorMode>normal</colorMode>
                <width>1</width>
            </LineStyle>
            <PolyStyle id="2205824">
                <colorMode>normal</colorMode>
                <fill>0</fill>
                <outline>1</outline>
            </PolyStyle>
        </Style>
        <Style id="2205832">
            <LineStyle id="2205834">
                <color>ffffffff</color>
                <colorMode>normal</colorMode>
                <width>1</width>
            </LineStyle>
            <PolyStyle id="2205833">
                <colorMode>normal</colorMode>
                <fill>0</fill>
                <outline>1</outline>
            </PolyStyle>
        </Style>
        <Style id="2205841">
            <LineStyle id="2205843">
                <color>ffffffff</color>
                <colorMode>normal</colorMode>
                <width>1</width>
            </LineStyle>
            <PolyStyle id="2205842">
                <colorMode>normal</colorMode>
                <fill>0</fill>
                <outline>1</outline>
            </PolyStyle>
        </Style>
        <Style id="2205850">
            <LineStyle id="2205852">
                <color>ffffffff</color>
                <colorMode>normal</colorMode>
                <width>1</width>
            </LineStyle>
            <PolyStyle id="2205851">
                <colorMode>normal</colorMode>
                <fill>0</fill>
                <outline>1</outline>
            </PolyStyle>
        </Style>
        <Style id="2205859">
            <LineStyle id="2205861">
                <color>ffffffff</color>
                <colorMode>normal</colorMode>
                <width>1</width>
            </LineStyle>
            <PolyStyle id="2205860">
                <colorMode>normal</colorMode>
                <fill>0</fill>
                <outline>1</outline>
            </PolyStyle>
        </Style>
        <Style id="2205868">
            <LineStyle id="2205870">
                <color>ffffffff</color>
                <colorMode>normal</colorMode>
                <width>1</width>
            </LineStyle>
            <PolyStyle id="2205869">
                <colorMode>normal</colorMode>
                <fill>0</fill>
                <outline>1</outline>
            </PolyStyle>
        </Style>
        <Style id="2205877">
            <LineStyle id="2205879">
                <color>ffffffff</color>
                <colorMode>normal</colorMode>
                <width>1</width>
            </LineStyle>
            <PolyStyle id="2205878">
                <colorMode>normal</colorMode>
                <fill>0</fill>
                <outline>1</outline>
            </PolyStyle>
        </Style>
        <Style id="2205886">
            <LineStyle id="2205888">
                <color>ffffffff</color>
                <colorMode>normal</colorMode>
                <width>1</width>
            </LineStyle>
            <PolyStyle id="2205887">
                <colorMode>normal</colorMode>
                <fill>0</fill>
                <outline>1</outline>
            </PolyStyle>
        </Style>
        <Style id="2205895">
            <LineStyle id="2205897">
                <color>ffffffff</color>
                <colorMode>normal</colorMode>
                <width>1</width>
            </LineStyle>
            <PolyStyle id="2205896">
                <colorMode>normal</colorMode>
                <fill>0</fill>
                <outline>1</outline>
            </PolyStyle>
        </Style>
        <Style id="2205904">
            <LineStyle id="2205906">
                <color>ffffffff</color>
                <colorMode>normal</colorMode>
                <width>1</width>
            </LineStyle>
            <PolyStyle id="2205905">
                <colorMode>normal</colorMode>
                <fill>0</fill>
                <outline>1</outline>
            </PolyStyle>
        </Style>
        <Style id="2205913">
            <LineStyle id="2205915">
                <color>ffffffff</color>
                <colorMode>normal</colorMode>
                <width>1</width>
            </LineStyle>
            <PolyStyle id="2205914">
                <colorMode>normal</colorMode>
                <fill>0</fill>
                <outline>1</outline>
            </PolyStyle>
        </Style>
        <Style id="2205922">
            <LineStyle id="2205924">
                <color>ffffffff</color>
                <colorMode>normal</colorMode>
                <width>1</width>
            </LineStyle>
            <PolyStyle id="2205923">
                <colorMode>normal</colorMode>
                <fill>0</fill>
                <outline>1</outline>
            </PolyStyle>
        </Style>
        <Style id="2205931">
            <LineStyle id="2205933">
                <color>ffffffff</color>
                <colorMode>normal</colorMode>
                <width>1</width>
            </LineStyle>
            <PolyStyle id="2205932">
                <colorMode>normal</colorMode>
                <fill>0</fill>
                <outline>1</outline>
            </PolyStyle>
        </Style>
        <Style id="2205940">
            <LineStyle id="2205942">
                <color>ffffffff</color>
                <colorMode>normal</colorMode>
                <width>1</width>
            </LineStyle>
            <PolyStyle id="2205941">
                <colorMode>normal</colorMode>
                <fill>0</fill>
                <outline>1</outline>
            </PolyStyle>
        </Style>
        <Style id="2205949">
            <LineStyle id="2205951">
                <color>ffffffff</color>
                <colorMode>normal</colorMode>
                <width>1</width>
            </LineStyle>
            <PolyStyle id="2205950">
                <colorMode>normal</colorMode>
                <fill>0</fill>
                <outline>1</outline>
            </PolyStyle>
        </Style>
        <Style id="2205958">
            <LineStyle id="2205960">
                <color>ffffffff</color>
                <colorMode>normal</colorMode>
                <width>1</width>
            </LineStyle>
            <PolyStyle id="2205959">
                <colorMode>normal</colorMode>
                <fill>0</fill>
                <outline>1</outline>
            </PolyStyle>
        </Style>
        <Style id="2205967">
            <LineStyle id="2205969">
                <color>ffffffff</color>
                <colorMode>normal</colorMode>
                <width>1</width>
            </LineStyle>
            <PolyStyle id="2205968">
                <colorMode>normal</colorMode>
                <fill>0</fill>
                <outline>1</outline>
            </PolyStyle>
        </Style>
        <Style id="2205976">
            <LineStyle id="2205978">
                <color>ffffffff</color>
                <colorMode>normal</colorMode>
                <width>1</width>
            </LineStyle>
            <PolyStyle id="2205977">
                <colorMode>normal</colorMode>
                <fill>0</fill>
                <outline>1</outline>
            </PolyStyle>
        </Style>
        <Style id="2205985">
            <LineStyle id="2205987">
                <color>ffffffff</color>
                <colorMode>normal</colorMode>
                <width>1</width>
            </LineStyle>
            <PolyStyle id="2205986">
                <colorMode>normal</colorMode>
                <fill>0</fill>
                <outline>1</outline>
            </PolyStyle>
        </Style>
        <Style id="2205994">
            <LineStyle id="2205996">
                <color>ffffffff</color>
                <colorMode>normal</colorMode>
                <width>1</width>
            </LineStyle>
            <PolyStyle id="2205995">
                <colorMode>normal</colorMode>
                <fill>0</fill>
                <outline>1</outline>
            </PolyStyle>
        </Style>
        <Style id="2206003">
            <LineStyle id="2206005">
                <color>ffffffff</color>
                <colorMode>normal</colorMode>
                <width>1</width>
            </LineStyle>
            <PolyStyle id="2206004">
                <colorMode>normal</colorMode>
                <fill>0</fill>
                <outline>1</outline>
            </PolyStyle>
        </Style>
        <Style id="2206012">
            <LineStyle id="2206014">
                <color>ffffffff</color>
                <colorMode>normal</colorMode>
                <width>1</width>
            </LineStyle>
            <PolyStyle id="2206013">
                <colorMode>normal</colorMode>
                <fill>0</fill>
                <outline>1</outline>
            </PolyStyle>
        </Style>
        <Style id="2206021">
            <LineStyle id="2206023">
                <color>ffffffff</color>
                <colorMode>normal</colorMode>
                <width>1</width>
            </LineStyle>
            <PolyStyle id="2206022">
                <colorMode>normal</colorMode>
                <fill>0</fill>
                <outline>1</outline>
            </PolyStyle>
        </Style>
        <Style id="2206030">
            <LineStyle id="2206032">
                <color>ffffffff</color>
                <colorMode>normal</colorMode>
                <width>1</width>
            </LineStyle>
            <PolyStyle id="2206031">
                <colorMode>normal</colorMode>
                <fill>0</fill>
                <outline>1</outline>
            </PolyStyle>
        </Style>
        <Style id="2206039">
            <LineStyle id="2206041">
                <color>ffffffff</color>
                <colorMode>normal</colorMode>
                <width>1</width>
            </LineStyle>
            <PolyStyle id="2206040">
                <colorMode>normal</colorMode>
                <fill>0</fill>
                <outline>1</outline>
            </PolyStyle>
        </Style>
        <Style id="2206048">
            <LineStyle id="2206050">
                <color>ffffffff</color>
                <colorMode>normal</colorMode>
                <width>1</width>
            </LineStyle>
            <PolyStyle id="2206049">
                <colorMode>normal</colorMode>
                <fill>0</fill>
                <outline>1</outline>
            </PolyStyle>
        </Style>
        <Style id="2206057">
            <LineStyle id="2206059">
                <color>ffffffff</color>
                <colorMode>normal</colorMode>
                <width>1</width>
            </LineStyle>
            <PolyStyle id="2206058">
                <colorMode>normal</colorMode>
                <fill>0</fill>
                <outline>1</outline>
            </PolyStyle>
        </Style>
        <Style id="2206066">
            <LineStyle id="2206068">
                <color>ffffffff</color>
                <colorMode>normal</colorMode>
                <width>1</width>
            </LineStyle>
            <PolyStyle id="2206067">
                <colorMode>normal</colorMode>
                <fill>0</fill>
                <outline>1</outline>
            </PolyStyle>
        </Style>
        <Style id="2206075">
            <LineStyle id="2206077">
                <color>ffffffff</color>
                <colorMode>normal</colorMode>
                <width>1</width>
            </LineStyle>
            <PolyStyle id="2206076">
                <colorMode>normal</colorMode>
                <fill>0</fill>
                <outline>1</outline>
            </PolyStyle>
        </Style>
        <Style id="2206084">
            <LineStyle id="2206086">
                <color>ffffffff</color>
                <colorMode>normal</colorMode>
                <width>1</width>
            </LineStyle>
            <PolyStyle id="2206085">
                <colorMode>normal</colorMode>
                <fill>0</fill>
                <outline>1</outline>
            </PolyStyle>
        </Style>
        <Style id="2206093">
            <LineStyle id="2206095">
                <color>ffffffff</color>
                <colorMode>normal</colorMode>
                <width>1</width>
            </LineStyle>
            <PolyStyle id="2206094">
                <colorMode>normal</colorMode>
                <fill>0</fill>
                <outline>1</outline>
            </PolyStyle>
        </Style>
        <Style id="2206102">
            <LineStyle id="2206104">
                <color>ffffffff</color>
                <colorMode>normal</colorMode>
                <width>1</width>
            </LineStyle>
            <PolyStyle id="2206103">
                <colorMode>normal</colorMode>
                <fill>0</fill>
                <outline>1</outline>
            </PolyStyle>
        </Style>
        <Style id="2206111">
            <LineStyle id="2206113">
                <color>ffffffff</color>
                <colorMode>normal</colorMode>
                <width>1</width>
            </LineStyle>
            <PolyStyle id="2206112">
                <colorMode>normal</colorMode>
                <fill>0</fill>
                <outline>1</outline>
            </PolyStyle>
        </Style>
        <Style id="2206120">
            <LineStyle id="2206122">
                <color>ffffffff</color>
                <colorMode>normal</colorMode>
                <width>1</width>
            </LineStyle>
            <PolyStyle id="2206121">
                <colorMode>normal</colorMode>
                <fill>0</fill>
                <outline>1</outline>
            </PolyStyle>
        </Style>
        <Style id="2206129">
            <LineStyle id="2206131">
                <color>ffffffff</color>
                <colorMode>normal</colorMode>
                <width>1</width>
            </LineStyle>
            <PolyStyle id="2206130">
                <colorMode>normal</colorMode>
                <fill>0</fill>
                <outline>1</outline>
            </PolyStyle>
        </Style>
        <Style id="2206138">
            <LineStyle id="2206140">
                <color>ffffffff</color>
                <colorMode>normal</colorMode>
                <width>1</width>
            </LineStyle>
            <PolyStyle id="2206139">
                <colorMode>normal</colorMode>
                <fill>0</fill>
                <outline>1</outline>
            </PolyStyle>
        </Style>
        <Style id="2206147">
            <LineStyle id="2206149">
                <color>ffffffff</color>
                <colorMode>normal</colorMode>
                <width>1</width>
            </LineStyle>
            <PolyStyle id="2206148">
                <colorMode>normal</colorMode>
                <fill>0</fill>
                <outline>1</outline>
            </PolyStyle>
        </Style>
        <Style id="2206156">
            <LineStyle id="2206158">
                <color>ffffffff</color>
                <colorMode>normal</colorMode>
                <width>1</width>
            </LineStyle>
            <PolyStyle id="2206157">
                <colorMode>normal</colorMode>
                <fill>0</fill>
                <outline>1</outline>
            </PolyStyle>
        </Style>
        <Style id="2206165">
            <LineStyle id="2206167">
                <color>ffffffff</color>
                <colorMode>normal</colorMode>
                <width>1</width>
            </LineStyle>
            <PolyStyle id="2206166">
                <colorMode>normal</colorMode>
                <fill>0</fill>
                <outline>1</outline>
            </PolyStyle>
        </Style>
        <Style id="2206174">
            <LineStyle id="2206176">
                <color>ffffffff</color>
                <colorMode>normal</colorMode>
                <width>1</width>
            </LineStyle>
            <PolyStyle id="2206175">
                <colorMode>normal</colorMode>
                <fill>0</fill>
                <outline>1</outline>
            </PolyStyle>
        </Style>
        <Style id="2206183">
            <LineStyle id="2206185">
                <color>ffffffff</color>
                <colorMode>normal</colorMode>
                <width>1</width>
            </LineStyle>
            <PolyStyle id="2206184">
                <colorMode>normal</colorMode>
                <fill>0</fill>
                <outline>1</outline>
            </PolyStyle>
        </Style>
        <Style id="2206192">
            <LineStyle id="2206194">
                <color>ffffffff</color>
                <colorMode>normal</colorMode>
                <width>1</width>
            </LineStyle>
            <PolyStyle id="2206193">
                <colorMode>normal</colorMode>
                <fill>0</fill>
                <outline>1</outline>
            </PolyStyle>
        </Style>
        <Style id="2206201">
            <LineStyle id="2206203">
                <color>ffffffff</color>
                <colorMode>normal</colorMode>
                <width>1</width>
            </LineStyle>
            <PolyStyle id="2206202">
                <colorMode>normal</colorMode>
                <fill>0</fill>
                <outline>1</outline>
            </PolyStyle>
        </Style>
        <Style id="2206210">
            <LineStyle id="2206212">
                <color>ffffffff</color>
                <colorMode>normal</colorMode>
                <width>1</width>
            </LineStyle>
            <PolyStyle id="2206211">
                <colorMode>normal</colorMode>
                <fill>0</fill>
                <outline>1</outline>
            </PolyStyle>
        </Style>
        <Style id="2206219">
            <LineStyle id="2206221">
                <color>ffffffff</color>
                <colorMode>normal</colorMode>
                <width>1</width>
            </LineStyle>
            <PolyStyle id="2206220">
                <colorMode>normal</colorMode>
                <fill>0</fill>
                <outline>1</outline>
            </PolyStyle>
        </Style>
        <Style id="2206228">
            <LineStyle id="2206230">
                <color>ffffffff</color>
                <colorMode>normal</colorMode>
                <width>1</width>
            </LineStyle>
            <PolyStyle id="2206229">
                <colorMode>normal</colorMode>
                <fill>0</fill>
                <outline>1</outline>
            </PolyStyle>
        </Style>
        <Style id="2206237">
            <LineStyle id="2206239">
                <color>ffffffff</color>
                <colorMode>normal</colorMode>
                <width>1</width>
            </LineStyle>
            <PolyStyle id="2206238">
                <colorMode>normal</colorMode>
                <fill>0</fill>
                <outline>1</outline>
            </PolyStyle>
        </Style>
        <Style id="2206246">
            <LineStyle id="2206248">
                <color>ffffffff</color>
                <colorMode>normal</colorMode>
                <width>1</width>
            </LineStyle>
            <PolyStyle id="2206247">
                <colorMode>normal</colorMode>
                <fill>0</fill>
                <outline>1</outline>
            </PolyStyle>
        </Style>
        <Style id="2206255">
            <LineStyle id="2206257">
                <color>ffffffff</color>
                <colorMode>normal</colorMode>
                <width>1</width>
            </LineStyle>
            <PolyStyle id="2206256">
                <colorMode>normal</colorMode>
                <fill>0</fill>
                <outline>1</outline>
            </PolyStyle>
        </Style>
        <Style id="2206264">
            <LineStyle id="2206266">
                <color>ffffffff</color>
                <colorMode>normal</colorMode>
                <width>1</width>
            </LineStyle>
            <PolyStyle id="2206265">
                <colorMode>normal</colorMode>
                <fill>0</fill>
                <outline>1</outline>
            </PolyStyle>
        </Style>
        <Style id="2206273">
            <LineStyle id="2206275">
                <color>ffffffff</color>
                <colorMode>normal</colorMode>
                <width>1</width>
            </LineStyle>
            <PolyStyle id="2206274">
                <colorMode>normal</colorMode>
                <fill>0</fill>
                <outline>1</outline>
            </PolyStyle>
        </Style>
        <Style id="2206282">
            <LineStyle id="2206284">
                <color>ffffffff</color>
                <colorMode>normal</colorMode>
                <width>1</width>
            </LineStyle>
            <PolyStyle id="2206283">
                <colorMode>normal</colorMode>
                <fill>0</fill>
                <outline>1</outline>
            </PolyStyle>
        </Style>
        <Style id="2206291">
            <LineStyle id="2206293">
                <color>ffffffff</color>
                <colorMode>normal</colorMode>
                <width>1</width>
            </LineStyle>
            <PolyStyle id="2206292">
                <colorMode>normal</colorMode>
                <fill>0</fill>
                <outline>1</outline>
            </PolyStyle>
        </Style>
        <Style id="2206300">
            <LineStyle id="2206302">
                <color>ffffffff</color>
                <colorMode>normal</colorMode>
                <width>1</width>
            </LineStyle>
            <PolyStyle id="2206301">
                <colorMode>normal</colorMode>
                <fill>0</fill>
                <outline>1</outline>
            </PolyStyle>
        </Style>
        <Style id="2206309">
            <LineStyle id="2206311">
                <color>ffffffff</color>
                <colorMode>normal</colorMode>
                <width>1</width>
            </LineStyle>
            <PolyStyle id="2206310">
                <colorMode>normal</colorMode>
                <fill>0</fill>
                <outline>1</outline>
            </PolyStyle>
        </Style>
        <Style id="2206318">
            <LineStyle id="2206320">
                <color>ffffffff</color>
                <colorMode>normal</colorMode>
                <width>1</width>
            </LineStyle>
            <PolyStyle id="2206319">
                <colorMode>normal</colorMode>
                <fill>0</fill>
                <outline>1</outline>
            </PolyStyle>
        </Style>
        <Style id="2206327">
            <LineStyle id="2206329">
                <color>ffffffff</color>
                <colorMode>normal</colorMode>
                <width>1</width>
            </LineStyle>
            <PolyStyle id="2206328">
                <colorMode>normal</colorMode>
                <fill>0</fill>
                <outline>1</outline>
            </PolyStyle>
        </Style>
        <Style id="2206336">
            <LineStyle id="2206338">
                <color>ffffffff</color>
                <colorMode>normal</colorMode>
                <width>1</width>
            </LineStyle>
            <PolyStyle id="2206337">
                <colorMode>normal</colorMode>
                <fill>0</fill>
                <outline>1</outline>
            </PolyStyle>
        </Style>
        <Style id="2206345">
            <LineStyle id="2206347">
                <color>ffffffff</color>
                <colorMode>normal</colorMode>
                <width>1</width>
            </LineStyle>
            <PolyStyle id="2206346">
                <colorMode>normal</colorMode>
                <fill>0</fill>
                <outline>1</outline>
            </PolyStyle>
        </Style>
        <Style id="2206354">
            <LineStyle id="2206356">
                <color>ffffffff</color>
                <colorMode>normal</colorMode>
                <width>1</width>
            </LineStyle>
            <PolyStyle id="2206355">
                <colorMode>normal</colorMode>
                <fill>0</fill>
                <outline>1</outline>
            </PolyStyle>
        </Style>
        <Style id="2206363">
            <LineStyle id="2206365">
                <color>ffffffff</color>
                <colorMode>normal</colorMode>
                <width>1</width>
            </LineStyle>
            <PolyStyle id="2206364">
                <colorMode>normal</colorMode>
                <fill>0</fill>
                <outline>1</outline>
            </PolyStyle>
        </Style>
        <Style id="2206372">
            <LineStyle id="2206374">
                <color>ffffffff</color>
                <colorMode>normal</colorMode>
                <width>1</width>
            </LineStyle>
            <PolyStyle id="2206373">
                <colorMode>normal</colorMode>
                <fill>0</fill>
                <outline>1</outline>
            </PolyStyle>
        </Style>
        <Style id="2206381">
            <LineStyle id="2206383">
                <color>ffffffff</color>
                <colorMode>normal</colorMode>
                <width>1</width>
            </LineStyle>
            <PolyStyle id="2206382">
                <colorMode>normal</colorMode>
                <fill>0</fill>
                <outline>1</outline>
            </PolyStyle>
        </Style>
        <Style id="2206390">
            <LineStyle id="2206392">
                <color>ffffffff</color>
                <colorMode>normal</colorMode>
                <width>1</width>
            </LineStyle>
            <PolyStyle id="2206391">
                <colorMode>normal</colorMode>
                <fill>0</fill>
                <outline>1</outline>
            </PolyStyle>
        </Style>
        <Style id="2206399">
            <LineStyle id="2206401">
                <color>ffffffff</color>
                <colorMode>normal</colorMode>
                <width>1</width>
            </LineStyle>
            <PolyStyle id="2206400">
                <colorMode>normal</colorMode>
                <fill>0</fill>
                <outline>1</outline>
            </PolyStyle>
        </Style>
        <Style id="2206408">
            <LineStyle id="2206410">
                <color>ffffffff</color>
                <colorMode>normal</colorMode>
                <width>1</width>
            </LineStyle>
            <PolyStyle id="2206409">
                <colorMode>normal</colorMode>
                <fill>0</fill>
                <outline>1</outline>
            </PolyStyle>
        </Style>
        <Style id="2206417">
            <LineStyle id="2206419">
                <color>ffffffff</color>
                <colorMode>normal</colorMode>
                <width>1</width>
            </LineStyle>
            <PolyStyle id="2206418">
                <colorMode>normal</colorMode>
                <fill>0</fill>
                <outline>1</outline>
            </PolyStyle>
        </Style>
        <Style id="2206426">
            <LineStyle id="2206428">
                <color>ffffffff</color>
                <colorMode>normal</colorMode>
                <width>1</width>
            </LineStyle>
            <PolyStyle id="2206427">
                <colorMode>normal</colorMode>
                <fill>0</fill>
                <outline>1</outline>
            </PolyStyle>
        </Style>
        <Style id="2206435">
            <LineStyle id="2206437">
                <color>ffffffff</color>
                <colorMode>normal</colorMode>
                <width>1</width>
            </LineStyle>
            <PolyStyle id="2206436">
                <colorMode>normal</colorMode>
                <fill>0</fill>
                <outline>1</outline>
            </PolyStyle>
        </Style>
        <Style id="2206444">
            <LineStyle id="2206446">
                <color>ffffffff</color>
                <colorMode>normal</colorMode>
                <width>1</width>
            </LineStyle>
            <PolyStyle id="2206445">
                <colorMode>normal</colorMode>
                <fill>0</fill>
                <outline>1</outline>
            </PolyStyle>
        </Style>
        <Style id="2206453">
            <LineStyle id="2206455">
                <color>ffffffff</color>
                <colorMode>normal</colorMode>
                <width>1</width>
            </LineStyle>
            <PolyStyle id="2206454">
                <colorMode>normal</colorMode>
                <fill>0</fill>
                <outline>1</outline>
            </PolyStyle>
        </Style>
        <Style id="2206462">
            <LineStyle id="2206464">
                <color>ffffffff</color>
                <colorMode>normal</colorMode>
                <width>1</width>
            </LineStyle>
            <PolyStyle id="2206463">
                <colorMode>normal</colorMode>
                <fill>0</fill>
                <outline>1</outline>
            </PolyStyle>
        </Style>
        <Style id="2206471">
            <LineStyle id="2206473">
                <color>ffffffff</color>
                <colorMode>normal</colorMode>
                <width>1</width>
            </LineStyle>
            <PolyStyle id="2206472">
                <colorMode>normal</colorMode>
                <fill>0</fill>
                <outline>1</outline>
            </PolyStyle>
        </Style>
        <Style id="2206480">
            <LineStyle id="2206482">
                <color>ffffffff</color>
                <colorMode>normal</colorMode>
                <width>1</width>
            </LineStyle>
            <PolyStyle id="2206481">
                <colorMode>normal</colorMode>
                <fill>0</fill>
                <outline>1</outline>
            </PolyStyle>
        </Style>
        <Style id="2206489">
            <LineStyle id="2206491">
                <color>ffffffff</color>
                <colorMode>normal</colorMode>
                <width>1</width>
            </LineStyle>
            <PolyStyle id="2206490">
                <colorMode>normal</colorMode>
                <fill>0</fill>
                <outline>1</outline>
            </PolyStyle>
        </Style>
        <Style id="2206498">
            <LineStyle id="2206500">
                <color>ffffffff</color>
                <colorMode>normal</colorMode>
                <width>1</width>
            </LineStyle>
            <PolyStyle id="2206499">
                <colorMode>normal</colorMode>
                <fill>0</fill>
                <outline>1</outline>
            </PolyStyle>
        </Style>
        <Style id="2206507">
            <LineStyle id="2206509">
                <color>ffffffff</color>
                <colorMode>normal</colorMode>
                <width>1</width>
            </LineStyle>
            <PolyStyle id="2206508">
                <colorMode>normal</colorMode>
                <fill>0</fill>
                <outline>1</outline>
            </PolyStyle>
        </Style>
        <Style id="2206516">
            <LineStyle id="2206518">
                <color>ffffffff</color>
                <colorMode>normal</colorMode>
                <width>1</width>
            </LineStyle>
            <PolyStyle id="2206517">
                <colorMode>normal</colorMode>
                <fill>0</fill>
                <outline>1</outline>
            </PolyStyle>
        </Style>
        <Style id="2206525">
            <LineStyle id="2206527">
                <color>ffffffff</color>
                <colorMode>normal</colorMode>
                <width>1</width>
            </LineStyle>
            <PolyStyle id="2206526">
                <colorMode>normal</colorMode>
                <fill>0</fill>
                <outline>1</outline>
            </PolyStyle>
        </Style>
        <Style id="2206534">
            <LineStyle id="2206536">
                <color>ffffffff</color>
                <colorMode>normal</colorMode>
                <width>1</width>
            </LineStyle>
            <PolyStyle id="2206535">
                <colorMode>normal</colorMode>
                <fill>0</fill>
                <outline>1</outline>
            </PolyStyle>
        </Style>
        <Style id="2206543">
            <LineStyle id="2206545">
                <color>ffffffff</color>
                <colorMode>normal</colorMode>
                <width>1</width>
            </LineStyle>
            <PolyStyle id="2206544">
                <colorMode>normal</colorMode>
                <fill>0</fill>
                <outline>1</outline>
            </PolyStyle>
        </Style>
        <Style id="2206552">
            <LineStyle id="2206554">
                <color>ffffffff</color>
                <colorMode>normal</colorMode>
                <width>1</width>
            </LineStyle>
            <PolyStyle id="2206553">
                <colorMode>normal</colorMode>
                <fill>0</fill>
                <outline>1</outline>
            </PolyStyle>
        </Style>
        <Style id="2206561">
            <LineStyle id="2206563">
                <color>ffffffff</color>
                <colorMode>normal</colorMode>
                <width>1</width>
            </LineStyle>
            <PolyStyle id="2206562">
                <colorMode>normal</colorMode>
                <fill>0</fill>
                <outline>1</outline>
            </PolyStyle>
        </Style>
        <Style id="2206570">
            <LineStyle id="2206572">
                <color>ffffffff</color>
                <colorMode>normal</colorMode>
                <width>1</width>
            </LineStyle>
            <PolyStyle id="2206571">
                <colorMode>normal</colorMode>
                <fill>0</fill>
                <outline>1</outline>
            </PolyStyle>
        </Style>
        <Style id="2206579">
            <LineStyle id="2206581">
                <color>ffffffff</color>
                <colorMode>normal</colorMode>
                <width>1</width>
            </LineStyle>
            <PolyStyle id="2206580">
                <colorMode>normal</colorMode>
                <fill>0</fill>
                <outline>1</outline>
            </PolyStyle>
        </Style>
        <Style id="2206588">
            <LineStyle id="2206590">
                <color>ffffffff</color>
                <colorMode>normal</colorMode>
                <width>1</width>
            </LineStyle>
            <PolyStyle id="2206589">
                <colorMode>normal</colorMode>
                <fill>0</fill>
                <outline>1</outline>
            </PolyStyle>
        </Style>
        <Placemark id="2205692">
            <name>Parcel_238300</name>
            <styleUrl>#2205697</styleUrl>
            <Polygon id="2205691">
                <outerBoundaryIs>
                    <LinearRing id="2205695">
                        <coordinates>-79.19471206461074,34.108833878605616,0.0 -79.19353985441964,34.1081062908068,0.0 -79.19413844843679,34.10748476598906,0.0 -79.19458257988202,34.10718372730458,0.0 -79.19476658854111,34.10713607113501,0.0 -79.1969706309109,34.10848221043881,0.0 -79.19628514011953,34.10925878182204,0.0 -79.19596614647459,34.10961225790872,0.0 -79.19471206461074,34.108833878605616,0.0</coordinates>
                    </LinearRing>
                </outerBoundaryIs>
            </Polygon>
        </Placemark>
        <Placemark id="2205701">
            <name>Parcel_238301</name>
            <styleUrl>#2205706</styleUrl>
            <Polygon id="2205700">
                <outerBoundaryIs>
                    <LinearRing id="2205704">
                        <coordinates>-78.70287701342768,33.811589401489876,0.0 -78.70316770209892,33.811460309720424,0.0 -78.70324502652348,33.81158163362544,0.0 -78.70295433755913,33.81171072557318,0.0 -78.70287701342768,33.811589401489876,0.0</coordinates>
                    </LinearRing>
                </outerBoundaryIs>
            </Polygon>
        </Placemark>
        <Placemark id="2205710">
            <name>Parcel_238302</name>
            <styleUrl>#2205715</styleUrl>
            <Polygon id="2205709">
                <outerBoundaryIs>
                    <LinearRing id="2205713">
                        <coordinates>-78.70266290186534,33.811545581035624,0.0 -78.70280822135905,33.81147931813199,0.0 -78.70287701342768,33.811589401489876,0.0 -78.70295433755913,33.81171072557318,0.0 -78.70280899327872,33.811775271750584,0.0 -78.70273166823787,33.81165394665656,0.0 -78.70266290186534,33.811545581035624,0.0</coordinates>
                    </LinearRing>
                </outerBoundaryIs>
            </Polygon>
        </Placemark>
        <Placemark id="2205719">
            <name>Parcel_238303</name>
            <styleUrl>#2205724</styleUrl>
            <Polygon id="2205718">
                <outerBoundaryIs>
                    <LinearRing id="2205722">
                        <coordinates>-78.9719798701054,33.62727200162695,0.0 -78.97241575618416,33.62704256067939,0.0 -78.97281247431744,33.62767742302983,0.0 -78.97271232545701,33.62774399175642,0.0 -78.97228948277767,33.62776746316467,0.0 -78.9719798701054,33.62727200162695,0.0</coordinates>
                    </LinearRing>
                </outerBoundaryIs>
            </Polygon>
        </Placemark>
        <Placemark id="2205728">
            <name>Parcel_238304</name>
            <styleUrl>#2205733</styleUrl>
            <Polygon id="2205727">
                <outerBoundaryIs>
                    <LinearRing id="2205731">
                        <coordinates>-78.97381042468017,33.62776628491846,0.0 -78.97384202387848,33.62773464257872,0.0 -78.97409766511774,33.62790935367378,0.0 -78.97407055093318,33.62793645257899,0.0 -78.97406602985443,33.6279409720355,0.0 -78.97381042468017,33.62776628491846,0.0</coordinates>
                    </LinearRing>
                </outerBoundaryIs>
            </Polygon>
        </Placemark>
        <Placemark id="2205737">
            <name>Parcel_238305</name>
            <styleUrl>#2205742</styleUrl>
            <Polygon id="2205736">
                <outerBoundaryIs>
                    <LinearRing id="2205740">
                        <coordinates>-78.97351162969598,33.62808412736125,0.0 -78.97354134896104,33.628046221814124,0.0 -78.97357254609396,33.62800915676469,0.0 -78.97360518888739,33.62797297227112,0.0 -78.9736392397454,33.62793770830303,0.0 -78.97381042468017,33.62776628491846,0.0 -78.97406602985443,33.6279409720355,0.0 -78.97382189083623,33.62818497914353,0.0 -78.9738040087953,33.6282233098206,0.0 -78.97378277898325,33.6282675275954,0.0 -78.97351162969598,33.62808412736125,0.0</coordinates>
                    </LinearRing>
                </outerBoundaryIs>
            </Polygon>
        </Placemark>
        <Placemark id="2205746">
            <name>Parcel_238306</name>
            <styleUrl>#2205751</styleUrl>
            <Polygon id="2205745">
                <outerBoundaryIs>
                    <LinearRing id="2205749">
                        <coordinates>-78.97330860144521,33.62847766854766,0.0 -78.97332577943857,33.62842582877896,0.0 -78.97334536921228,33.62837459139099,0.0 -78.97336734197918,33.62832403437941,0.0 -78.9733916624857,33.628274235634066,0.0 -78.97341829336533,33.6282252712059,0.0 -78.97344719511734,33.628177216208755,0.0 -78.9734783228738,33.62813014476655,0.0 -78.97351162969598,33.62808412736125,0.0 -78.97378277898325,33.6282675275954,0.0 -78.97365254326115,33.62853877892592,0.0 -78.97365089054969,33.62855602045501,0.0 -78.97330860144521,33.62847766854766,0.0</coordinates>
                    </LinearRing>
                </outerBoundaryIs>
            </Polygon>
        </Placemark>
        <Placemark id="2205755">
            <name>Parcel_238307</name>
            <styleUrl>#2205760</styleUrl>
            <Polygon id="2205754">
                <outerBoundaryIs>
                    <LinearRing id="2205758">
                        <coordinates>-78.97342555436762,33.62750385310487,0.0 -78.97345884945479,33.62747336611585,0.0 -78.9737146678452,33.62764781396621,0.0 -78.97368306861088,33.62767945717533,0.0 -78.97342555436762,33.62750385310487,0.0</coordinates>
                    </LinearRing>
                </outerBoundaryIs>
            </Polygon>
        </Placemark>
        <Placemark id="2205764">
            <name>Parcel_238308</name>
            <styleUrl>#2205769</styleUrl>
            <Polygon id="2205763">
                <outerBoundaryIs>
                    <LinearRing id="2205767">
                        <coordinates>-78.97345884945479,33.62747336611585,0.0 -78.97367653425981,33.62727403113753,0.0 -78.97374036515872,33.62721558049694,0.0 -78.97378559168983,33.62717416635281,0.0 -78.97379651955744,33.62716415993836,0.0 -78.97403075357045,33.627332173078344,0.0 -78.97399861824294,33.6273634684419,0.0 -78.9737146678452,33.62764781396621,0.0 -78.97345884945479,33.62747336611585,0.0</coordinates>
                    </LinearRing>
                </outerBoundaryIs>
            </Polygon>
        </Placemark>
        <Placemark id="2205773">
            <name>Parcel_238309</name>
            <styleUrl>#2205778</styleUrl>
            <Polygon id="2205772">
                <outerBoundaryIs>
                    <LinearRing id="2205776">
                        <coordinates>-79.19476658854111,34.10713607113501,0.0 -79.19499277323446,34.107077488799995,0.0 -79.19507739496143,34.10701890733156,0.0 -79.19525242369829,34.106897738546714,0.0 -79.19558247928602,34.10666924744801,0.0 -79.19569506225606,34.10656341447571,0.0 -79.19603027685805,34.10624829591064,0.0 -79.19616262874597,34.10612387824367,0.0 -79.1964017320254,34.105899106345916,0.0 -79.1968106327404,34.105567356485444,0.0 -79.19708563023296,34.10534424417853,0.0 -79.1971934987058,34.10542472639444,0.0 -79.19773345578096,34.10582759040997,0.0 -79.19815295374661,34.106140574288794,0.0 -79.19868630374246,34.1065384980886,0.0 -79.1969706309109,34.10848221043881,0.0 -79.19476658854111,34.10713607113501,0.0</coordinates>
                    </LinearRing>
                </outerBoundaryIs>
            </Polygon>
        </Placemark>
        <Placemark id="2205782">
            <name>Parcel_238310</name>
            <styleUrl>#2205787</styleUrl>
            <Polygon id="2205781">
                <outerBoundaryIs>
                    <LinearRing id="2205785">
                        <coordinates>-78.97257634318296,33.626897809614455,0.0 -78.97280386759847,33.6267810628348,0.0 -78.9730411312648,33.626659316332685,0.0 -78.97315149625685,33.626602685761114,0.0 -78.97317165158532,33.62659500269491,0.0 -78.97319249604789,33.62658873706589,0.0 -78.97321388744524,33.62658392983385,0.0 -78.97323567939416,33.626580616478314,0.0 -78.97325772477188,33.626578818035696,0.0 -78.97327987127848,33.62657854643814,0.0 -78.9732962711438,33.6265793332354,0.0 -78.97331258235397,33.6265809582871,0.0 -78.97357199259321,33.62663462099595,0.0 -78.97372779123057,33.62666685080315,0.0 -78.97373903199632,33.62667030925665,0.0 -78.9737508114931,33.62667212688838,0.0 -78.97376278701599,33.62667225117529,0.0 -78.97377461687442,33.62667067831645,0.0 -78.97378595711676,33.62666745498271,0.0 -78.9737964821342,33.62666267324316,0.0 -78.97380588897225,33.62665647063601,0.0 -78.9739117397098,33.62655252776375,0.0 -78.97392085291172,33.626543580221885,0.0 -78.9739408754354,33.62652647132865,0.0 -78.97396245483796,33.626510741788174,0.0 -78.9739854561685,33.626496491305986,0.0 -78.97400973285362,33.62648380947571,0.0 -78.97403513534054,33.62647277501871,0.0 -78.97406150133396,33.62646345833005,0.0 -78.97408866560156,33.62645591712943,0.0 -78.9741164599313,33.626450198264585,0.0 -78.9741447077008,33.62644633942577,0.0 -78.9741732315693,33.62644436295867,0.0 -78.9741774353408,33.62644376446244,0.0 -78.97444148252085,33.62640601347982,0.0 -78.97468339355196,33.62637130563604,0.0 -78.97471380324907,33.62636886209145,0.0 -78.97475171438336,33.62636744888763,0.0 -78.97478965989747,33.626367835616506,0.0 -78.97482751908579,33.626370020299035,0.0 -78.9748651691718,33.626373997314545,0.0 -78.97490248864668,33.626379752945844,0.0 -78.97493935828379,33.626387268101624,0.0 -78.97497566001863,33.62639652010196,0.0 -78.97500559168954,33.62640560001742,0.0 -78.97503497280105,33.626415860565594,0.0 -78.97506373706163,33.626427278111564,0.0 -78.97511084328022,33.62644310468721,0.0 -78.97515885204781,33.626456901329966,0.0 -78.97520763912381,33.62646863263032,0.0 -78.97525707798509,33.62647826855315,0.0 -78.97530703876953,33.62648578351864,0.0 -78.97535739362245,33.62649115829356,0.0 -78.97540801027242,33.6264943780824,0.0 -78.9754587573568,33.626495435320074,0.0 -78.97550950230847,33.6264943278339,0.0 -78.9755601146524,33.62649105619132,0.0 -78.9756104615047,33.626485631743996,0.0 -78.97566041211613,33.62647806678058,0.0 -78.97570983664626,33.62646838082059,0.0 -78.97575860724147,33.62645660063165,0.0 -78.97580659598502,33.626442755686554,0.0 -78.97585367912377,33.626426881839905,0.0 -78.97589973383461,33.62640902127558,0.0 -78.97594463938717,33.62638921891755,0.0 -78.97598828022895,33.62636752879422,0.0 -78.9760305429844,33.62634400406799,0.0 -78.97607131725842,33.62631870877334,0.0 -78.97627613395558,33.62614257928597,0.0 -78.97631460362928,33.62609510250537,0.0 -78.97644746447264,33.62598915304192,0.0 -78.97645508810295,33.62598307435483,0.0 -78.97652784646388,33.62604636336207,0.0 -78.9765237418833,33.62604977312106,0.0 -78.97642487191641,33.62613192249178,0.0 -78.97639409516714,33.62615401292038,0.0 -78.97634131903179,33.626180964290256,0.0 -78.97632168283948,33.626190943705225,0.0 -78.97614413131794,33.62633577784527,0.0 -78.97610079223813,33.626364751662905,0.0 -78.97605611480195,33.62639226583634,0.0 -78.97601016899971,33.626418278217535,0.0 -78.97596302805518,33.62644274671155,0.0 -78.97591476400918,33.62646563371392,0.0 -78.97586545532712,33.62648690352934,0.0 -78.97581517719917,33.62650652221282,0.0 -78.97576565672716,33.62651850930838,0.0 -78.97571555890781,33.62652867671924,0.0 -78.97566497799394,33.62653700524453,0.0 -78.97561401033091,33.62654347842368,0.0 -78.97556275325734,33.626548083420296,0.0 -78.97551130506301,33.62655081282553,0.0 -78.97545976399563,33.62655166103378,0.0 -78.9754082271406,33.62655062602827,0.0 -78.97535679365446,33.62654770943433,0.0 -78.97530556151032,33.62654291736748,0.0 -78.97525463694048,33.626536041416195,0.0 -78.97520415697231,33.626527169511604,0.0 -78.97515423003956,33.62651632147067,0.0 -78.97510496878138,33.62650352168903,0.0 -78.97505648144109,33.62648879809831,0.0 -78.97500887615627,33.626472183138276,0.0 -78.97496225664761,33.62645371368612,0.0 -78.97492960511111,33.62644517092495,0.0 -78.97489642053704,33.62643821134943,0.0 -78.97486281340377,33.62643285931891,0.0 -78.97482889328103,33.62642913196262,0.0 -78.97479477417606,33.62642704107094,0.0 -78.97476056694725,33.626426594774856,0.0 -78.97472638587648,33.62642779314426,0.0 -78.97469795428643,33.62643153816237,0.0 -78.97442139810794,33.626467962546485,0.0 -78.97436357559104,33.62647557831012,0.0 -78.97430902244892,33.62648276331752,0.0 -78.97425537991174,33.626489828844754,0.0 -78.97418214053299,33.62649947541683,0.0 -78.97415382545951,33.62650257101689,0.0 -78.97412596378607,33.62650780444127,0.0 -78.97409973106095,33.62651483870208,0.0 -78.97407433477707,33.626523768133836,0.0 -78.97404997169635,33.626534523808516,0.0 -78.97402682812042,33.62654702309771,0.0 -78.97400508204636,33.626561169707486,0.0 -78.97398489986973,33.62657685633044,0.0 -78.9737969038341,33.626747902266096,0.0 -78.97363327480547,33.62689677737834,0.0 -78.97358002238221,33.62694523116937,0.0 -78.97354015079767,33.62698150902205,0.0 -78.97349804618604,33.62701981478064,0.0 -78.97342808130117,33.62708347261065,0.0 -78.97337834357187,33.6270453259756,0.0 -78.9737387018147,33.62671535149904,0.0 -78.97329484233755,33.62662707772274,0.0 -78.97317312095858,33.62666430793838,0.0 -78.97261541387905,33.626951000030196,0.0 -78.97257634318296,33.626897809614455,0.0</coordinates>
                    </LinearRing>
                </outerBoundaryIs>
            </Polygon>
        </Placemark>
        <Placemark id="2205791">
            <name>Parcel_238311</name>
            <styleUrl>#2205796</styleUrl>
            <Polygon id="2205790">
                <outerBoundaryIs>
                    <LinearRing id="2205794">
                        <coordinates>-78.97210817845912,33.62811788891802,0.0 -78.9715611828207,33.6272682629954,0.0 -78.97157939165523,33.627242643698594,0.0 -78.9716130440845,33.627195297583846,0.0 -78.97171389195576,33.62705340981849,0.0 -78.97172403600973,33.627039138941534,0.0 -78.97186796369095,33.626963850957786,0.0 -78.97203817718545,33.62687480946301,0.0 -78.97220839032929,33.626785767732486,0.0 -78.9723783247428,33.6266968727236,0.0 -78.97240492281843,33.62668295846817,0.0 -78.97241473975225,33.62667780083618,0.0 -78.9724149455773,33.62667808111195,0.0 -78.97257634318296,33.626897809614455,0.0 -78.97261541387905,33.626951000030196,0.0 -78.97317312095858,33.62666430793838,0.0 -78.97329484233755,33.62662707772274,0.0 -78.9737387018147,33.62671535149904,0.0 -78.97337834357187,33.6270453259756,0.0 -78.97342808130117,33.62708347261065,0.0 -78.9736708117631,33.62726964220112,0.0 -78.97367653425981,33.62727403113753,0.0 -78.97345884945479,33.62747336611585,0.0 -78.97342555436762,33.62750385310487,0.0 -78.9732905467935,33.62762748018026,0.0 -78.97279758692686,33.6280788771925,0.0 -78.9726043404932,33.62814498947215,0.0 -78.97210817845912,33.62811788891802,0.0</coordinates>
                    </LinearRing>
                </outerBoundaryIs>
            </Polygon>
        </Placemark>
        <Placemark id="2205800">
            <name>Parcel_238312</name>
            <styleUrl>#2205805</styleUrl>
            <Polygon id="2205799">
                <outerBoundaryIs>
                    <LinearRing id="2205803">
                        <coordinates>-79.10614582957031,33.82086468591075,0.0 -79.10615474130938,33.820850106057165,0.0 -79.10638430482959,33.82032077231487,0.0 -79.10668565051112,33.820446301269264,0.0 -79.10645268044492,33.82099625570003,0.0 -79.10614582957031,33.82086468591075,0.0</coordinates>
                    </LinearRing>
                </outerBoundaryIs>
            </Polygon>
        </Placemark>
        <Placemark id="2205809">
            <name>Parcel_238313</name>
            <styleUrl>#2205814</styleUrl>
            <Polygon id="2205808">
                <outerBoundaryIs>
                    <LinearRing id="2205812">
                        <coordinates>-78.97500398528261,33.626666241233046,0.0 -78.97506675218682,33.62665637649837,0.0 -78.97586253370685,33.62652985497848,0.0 -78.976148752188,33.6264034335842,0.0 -78.97619059468266,33.62656631950239,0.0 -78.9761628148523,33.62657077905273,0.0 -78.97613549010664,33.62657689210263,0.0 -78.97610875706415,33.626584625715,0.0 -78.9760827557035,33.62659394159632,0.0 -78.9759710876806,33.626637973977765,0.0 -78.97592075714887,33.62665692711268,0.0 -78.9758696635112,33.626674395748566,0.0 -78.9758178709062,33.62669035748491,0.0 -78.97576544231026,33.626704793510086,0.0 -78.97571244175673,33.626717685931695,0.0 -78.97565893431458,33.62672901867838,0.0 -78.97504514049587,33.62684949755178,0.0 -78.97500398528261,33.626666241233046,0.0</coordinates>
                    </LinearRing>
                </outerBoundaryIs>
            </Polygon>
        </Placemark>
        <Placemark id="2205818">
            <name>Parcel_238314</name>
            <styleUrl>#2205823</styleUrl>
            <Polygon id="2205817">
                <outerBoundaryIs>
                    <LinearRing id="2205821">
                        <coordinates>-78.9746053683258,33.62712430679129,0.0 -78.97465935238675,33.62710120741679,0.0 -78.97471432841702,33.62707980731282,0.0 -78.97477021918017,33.62706013587784,0.0 -78.97482694748217,33.62704222070722,0.0 -78.9748844350938,33.62702608757564,0.0 -78.97494260171506,33.62701175861607,0.0 -78.97500136605281,33.626999252337626,0.0 -78.97505334104642,33.626989051043964,0.0 -78.97513402532358,33.62728287896199,0.0 -78.97477956314823,33.62741102033396,0.0 -78.9746053683258,33.62712430679129,0.0</coordinates>
                    </LinearRing>
                </outerBoundaryIs>
            </Polygon>
        </Placemark>
        <Placemark id="2205827">
            <name>Parcel_238315</name>
            <styleUrl>#2205832</styleUrl>
            <Polygon id="2205826">
                <outerBoundaryIs>
                    <LinearRing id="2205830">
                        <coordinates>-78.97521316499756,33.62725426863257,0.0 -78.9752126213025,33.627254465363876,0.0 -78.97513402532358,33.62728287896199,0.0 -78.97505334104642,33.626989051043964,0.0 -78.9754132858997,33.62691839945758,0.0 -78.97551905386189,33.627302464730846,0.0 -78.97537452402696,33.627373149838576,0.0 -78.97521316499756,33.62725426863257,0.0</coordinates>
                    </LinearRing>
                </outerBoundaryIs>
            </Polygon>
        </Placemark>
        <Placemark id="2205836">
            <name>Parcel_238316</name>
            <styleUrl>#2205841</styleUrl>
            <Polygon id="2205835">
                <outerBoundaryIs>
                    <LinearRing id="2205839">
                        <coordinates>-78.97254807478963,33.62660773273795,0.0 -78.97264220516091,33.62655826818003,0.0 -78.97271838705583,33.62651823465907,0.0 -78.97288049221734,33.626433048256224,0.0 -78.9728908854825,33.62642758707011,0.0 -78.97306338354743,33.626336939239046,0.0 -78.97308318105412,33.626326535460386,0.0 -78.973182056469,33.62630849547586,0.0 -78.97324778534674,33.62629650297058,0.0 -78.97343067141607,33.62626313446062,0.0 -78.97348929710319,33.62625243773648,0.0 -78.97371696402107,33.62621089856205,0.0 -78.97379558663607,33.626203452928266,0.0 -78.97383214520413,33.62619999114955,0.0 -78.97403455993664,33.626180821217204,0.0 -78.97411957291877,33.626172770358735,0.0 -78.97423697455824,33.62616165185478,0.0 -78.97440427743342,33.62614580729919,0.0 -78.9744393890901,33.62614248216061,0.0 -78.9746418035533,33.62612331123312,0.0 -78.97469702869903,33.6261180807928,0.0 -78.97484421898335,33.626104140893226,0.0 -78.9750317064498,33.626086383278164,0.0 -78.97504663326703,33.62608496930234,0.0 -78.9751687452135,33.62607357086587,0.0 -78.97521139427734,33.626108218290376,0.0 -78.97527434483582,33.62615935772154,0.0 -78.975485468526,33.626330869479794,0.0 -78.97578381285864,33.626355384327496,0.0 -78.97600747363933,33.62628975469763,0.0 -78.97623682266884,33.626090375544344,0.0 -78.97640784775099,33.625941981713034,0.0 -78.97645508810295,33.62598307435483,0.0 -78.97644746447264,33.62598915304192,0.0 -78.97631460362928,33.62609510250537,0.0 -78.97627613395558,33.62614257928597,0.0 -78.97607131725842,33.62631870877334,0.0 -78.9760305429844,33.62634400406799,0.0 -78.97598828022895,33.62636752879422,0.0 -78.97594463938717,33.62638921891755,0.0 -78.97589973383461,33.62640902127558,0.0 -78.97585367912377,33.626426881839905,0.0 -78.97580659598502,33.626442755686554,0.0 -78.97575860724147,33.62645660063165,0.0 -78.97570983664626,33.62646838082059,0.0 -78.97566041211613,33.62647806678058,0.0 -78.9756104615047,33.626485631743996,0.0 -78.9755601146524,33.62649105619132,0.0 -78.97550950230847,33.6264943278339,0.0 -78.9754587573568,33.626495435320074,0.0 -78.97540801027242,33.6264943780824,0.0 -78.97535739362245,33.62649115829356,0.0 -78.97530703876953,33.62648578351864,0.0 -78.97525707798509,33.62647826855315,0.0 -78.97520763912381,33.62646863263032,0.0 -78.97515885204781,33.626456901329966,0.0 -78.97511084328022,33.62644310468721,0.0 -78.97506373706163,33.626427278111564,0.0 -78.97503497280105,33.626415860565594,0.0 -78.97500559168954,33.62640560001742,0.0 -78.97497566001863,33.62639652010196,0.0 -78.97493935828379,33.626387268101624,0.0 -78.97490248864668,33.626379752945844,0.0 -78.9748651691718,33.626373997314545,0.0 -78.97482751908579,33.626370020299035,0.0 -78.97478965989747,33.626367835616506,0.0 -78.97475171438336,33.62636744888763,0.0 -78.97471380324907,33.62636886209145,0.0 -78.97468339355196,33.62637130563604,0.0 -78.97444148252085,33.62640601347982,0.0 -78.9741774353408,33.62644376446244,0.0 -78.9741732315693,33.62644436295867,0.0 -78.9741447077008,33.62644633942577,0.0 -78.9741164599313,33.626450198264585,0.0 -78.97408866560156,33.62645591712943,0.0 -78.97406150133396,33.62646345833005,0.0 -78.97403513534054,33.62647277501871,0.0 -78.97400973285362,33.62648380947571,0.0 -78.9739854561685,33.626496491305986,0.0 -78.97396245483796,33.626510741788174,0.0 -78.9739408754354,33.62652647132865,0.0 -78.97392085291172,33.626543580221885,0.0 -78.9739117397098,33.62655252776375,0.0 -78.97380588897225,33.62665647063601,0.0 -78.9737964821342,33.62666267324316,0.0 -78.97378595711676,33.62666745498271,0.0 -78.97377461687442,33.62667067831645,0.0 -78.97376278701599,33.62667225117529,0.0 -78.9737508114931,33.62667212688838,0.0 -78.97373903199632,33.62667030925665,0.0 -78.97372779123057,33.62666685080315,0.0 -78.97357199259321,33.62663462099595,0.0 -78.97331258235397,33.6265809582871,0.0 -78.9732962711438,33.6265793332354,0.0 -78.97327987127848,33.62657854643814,0.0 -78.97325772477188,33.626578818035696,0.0 -78.97323567939416,33.626580616478314,0.0 -78.97321388744524,33.62658392983385,0.0 -78.97319249604789,33.62658873706589,0.0 -78.97317165158532,33.62659500269491,0.0 -78.97315149625685,33.626602685761114,0.0 -78.9730411312648,33.626659316332685,0.0 -78.97280386759847,33.6267810628348,0.0 -78.97257634318296,33.626897809614455,0.0 -78.9724149455773,33.62667808111195,0.0 -78.97241473975225,33.62667780083618,0.0 -78.97254587188972,33.62660889075657,0.0 -78.97254807478963,33.62660773273795,0.0</coordinates>
                    </LinearRing>
                </outerBoundaryIs>
            </Polygon>
        </Placemark>
        <Placemark id="2205845">
            <name>Parcel_238317</name>
            <styleUrl>#2205850</styleUrl>
            <Polygon id="2205844">
                <outerBoundaryIs>
                    <LinearRing id="2205848">
                        <coordinates>-78.70280822135905,33.81147931813199,0.0 -78.70309626423193,33.81134821205073,0.0 -78.70316770209892,33.811460309720424,0.0 -78.70287701342768,33.811589401489876,0.0 -78.70280822135905,33.81147931813199,0.0</coordinates>
                    </LinearRing>
                </outerBoundaryIs>
            </Polygon>
        </Placemark>
        <Placemark id="2205854">
            <name>Parcel_238318</name>
            <styleUrl>#2205859</styleUrl>
            <Polygon id="2205853">
                <outerBoundaryIs>
                    <LinearRing id="2205857">
                        <coordinates>-78.97644265297421,33.62660392735437,0.0 -78.97681581967652,33.6262797270469,0.0 -78.97712995373874,33.62653314116008,0.0 -78.97713970543403,33.62654236900975,0.0 -78.97714758486903,33.6265527730001,0.0 -78.97715339224779,33.62656409100149,0.0 -78.97715698119582,33.62657603560259,0.0 -78.97715826171898,33.62658830588416,0.0 -78.97715720014044,33.62660059012394,0.0 -78.9771538231164,33.62661257848931,0.0 -78.97714821645299,33.62662396752809,0.0 -78.97714052276092,33.62663446824715,0.0 -78.97713093583484,33.626643815942224,0.0 -78.97711969841332,33.62665177376885,0.0 -78.97710709552283,33.62665814075092,0.0 -78.97710505786215,33.62665896693436,0.0 -78.97665972088954,33.626833978635304,0.0 -78.97660100734076,33.62673986222151,0.0 -78.97658678087848,33.62671895209726,0.0 -78.97657077220792,33.626698963426875,0.0 -78.97655306615877,33.6266800031269,0.0 -78.97653375632999,33.626662171943714,0.0 -78.976512946189,33.62664556356992,0.0 -78.97649074577484,33.62663026729594,0.0 -78.97646727286055,33.62661636442165,0.0 -78.97644265297421,33.62660392735437,0.0</coordinates>
                    </LinearRing>
                </outerBoundaryIs>
            </Polygon>
        </Placemark>
        <Placemark id="2205863">
            <name>Parcel_238319</name>
            <styleUrl>#2205868</styleUrl>
            <Polygon id="2205862">
                <outerBoundaryIs>
                    <LinearRing id="2205866">
                        <coordinates>-78.9754132858997,33.62691839945758,0.0 -78.97569646209315,33.626862814881015,0.0 -78.97576106189706,33.626849038330846,0.0 -78.97591452943327,33.627124031627424,0.0 -78.97576641677679,33.62718148557157,0.0 -78.97551905386189,33.627302464730846,0.0 -78.9754132858997,33.62691839945758,0.0</coordinates>
                    </LinearRing>
                </outerBoundaryIs>
            </Polygon>
        </Placemark>
        <Placemark id="2205872">
            <name>Parcel_238320</name>
            <styleUrl>#2205877</styleUrl>
            <Polygon id="2205871">
                <outerBoundaryIs>
                    <LinearRing id="2205875">
                        <coordinates>-78.97384202387848,33.62773464257872,0.0 -78.97412469670249,33.62745157641956,0.0 -78.97416527809145,33.62741247520866,0.0 -78.97441066463342,33.627596611479674,0.0 -78.97428179485162,33.627725320805105,0.0 -78.97409766511774,33.62790935367378,0.0 -78.97384202387848,33.62773464257872,0.0</coordinates>
                    </LinearRing>
                </outerBoundaryIs>
            </Polygon>
        </Placemark>
        <Placemark id="2205881">
            <name>Parcel_238321</name>
            <styleUrl>#2205886</styleUrl>
            <Polygon id="2205880">
                <outerBoundaryIs>
                    <LinearRing id="2205884">
                        <coordinates>-78.7410058995456,34.013091452176155,0.0 -78.74037157387686,34.012432085713755,0.0 -78.74145495798153,34.01263558238874,0.0 -78.7413348349268,34.0127556766017,0.0 -78.74130838344801,34.01278253936646,0.0 -78.74110784375803,34.01298619484294,0.0 -78.7410058995456,34.013091452176155,0.0</coordinates>
                    </LinearRing>
                </outerBoundaryIs>
            </Polygon>
        </Placemark>
        <Placemark id="2205890">
            <name>Parcel_238322</name>
            <styleUrl>#2205895</styleUrl>
            <Polygon id="2205889">
                <outerBoundaryIs>
                    <LinearRing id="2205893">
                        <coordinates>-78.68196917805058,33.88135127972292,0.0 -78.68159873468565,33.88146668297237,0.0 -78.6812286633112,33.88158196852428,0.0 -78.68119291739963,33.88150393873824,0.0 -78.6811557641762,33.881426367850864,0.0 -78.68115374586561,33.881420956221426,0.0 -78.68115286757677,33.881415335930996,0.0 -78.68115315727252,33.88140967346292,0.0 -78.68115460395583,33.88140413637505,0.0 -78.68115716540558,33.88139888713117,0.0 -78.68116076714425,33.8813940812775,0.0 -78.68116530263208,33.88138986023094,0.0 -78.6811706376392,33.881386349556585,0.0 -78.6811766136576,33.88138365271842,0.0 -78.68182919656063,33.8811471122103,0.0 -78.68183514139915,33.881145412320514,0.0 -78.68184133384129,33.88114451800024,0.0 -78.68184761857091,33.88114445430381,0.0 -78.68185383554679,33.88114522094246,0.0 -78.68185982843086,33.8811468005596,0.0 -78.68186544480666,33.88114915061736,0.0 -78.68187054453519,33.88115221437622,0.0 -78.68187499781143,33.8811559127412,0.0 -78.68187869248803,33.88116015341835,0.0 -78.68188153522874,33.88116482823058,0.0 -78.68192625995589,33.881257758360476,0.0 -78.68196917805058,33.88135127972292,0.0</coordinates>
                    </LinearRing>
                </outerBoundaryIs>
            </Polygon>
        </Placemark>
        <Placemark id="2205899">
            <name>Parcel_238323</name>
            <styleUrl>#2205904</styleUrl>
            <Polygon id="2205898">
                <outerBoundaryIs>
                    <LinearRing id="2205902">
                        <coordinates>-79.15772123770132,33.78901957895326,0.0 -79.1566814470105,33.788599723454304,0.0 -79.15705490607598,33.787438831989746,0.0 -79.15817255191409,33.78316955616311,0.0 -79.15792254600093,33.78318060985006,0.0 -79.15825424593908,33.78279440483949,0.0 -79.16012979173078,33.783162526999355,0.0 -79.16013315298989,33.78313496920227,0.0 -79.16014862032056,33.783095636828534,0.0 -79.16016408763714,33.783056304452565,0.0 -79.16026021469483,33.783075170678394,0.0 -79.16048938789528,33.78312903815537,0.0 -79.16016828069365,33.78410527885007,0.0 -79.16086409258297,33.78422293993617,0.0 -79.16067466341376,33.78459152845815,0.0 -79.16048831001793,33.78495413056467,0.0 -79.1604266643625,33.785074080150714,0.0 -79.16021022026004,33.785473605268145,0.0 -79.15999377415339,33.78587312997546,0.0 -79.15941653201335,33.786985342156946,0.0 -79.15824881916272,33.78923260569781,0.0 -79.15772123770132,33.78901957895326,0.0</coordinates>
                    </LinearRing>
                </outerBoundaryIs>
            </Polygon>
        </Placemark>
        <Placemark id="2205908">
            <name>Parcel_238324</name>
            <styleUrl>#2205913</styleUrl>
            <Polygon id="2205907">
                <outerBoundaryIs>
                    <LinearRing id="2205911">
                        <coordinates>-78.6819725483228,33.88261795713948,0.0 -78.68195898087258,33.882580356924095,0.0 -78.68194722862438,33.882542334280295,0.0 -78.68233129895823,33.88246372307578,0.0 -78.68234058981041,33.882493831878534,0.0 -78.68235159590621,33.882523535319066,0.0 -78.68236429204323,33.882552765278874,0.0 -78.6823786497037,33.88258145628317,0.0 -78.68239859347953,33.882618774359166,0.0 -78.68203761923394,33.882753455018864,0.0 -78.68201745933787,33.88271573327377,0.0 -78.68200109982055,33.882683592674965,0.0 -78.68198612299268,33.88265098727991,0.0 -78.6819725483228,33.88261795713948,0.0</coordinates>
                    </LinearRing>
                </outerBoundaryIs>
            </Polygon>
        </Placemark>
        <Placemark id="2205917">
            <name>Parcel_238325</name>
            <styleUrl>#2205922</styleUrl>
            <Polygon id="2205916">
                <outerBoundaryIs>
                    <LinearRing id="2205920">
                        <coordinates>-79.23874156368453,34.052341206208986,0.0 -79.23945309283602,34.051648210008864,0.0 -79.23988014712961,34.05189507937233,0.0 -79.2392532174151,34.05259518111765,0.0 -79.23874156368453,34.052341206208986,0.0</coordinates>
                    </LinearRing>
                </outerBoundaryIs>
            </Polygon>
        </Placemark>
        <Placemark id="2205926">
            <name>Parcel_238326</name>
            <styleUrl>#2205931</styleUrl>
            <Polygon id="2205925">
                <outerBoundaryIs>
                    <LinearRing id="2205929">
                        <coordinates>-79.03140725905348,33.63983741024122,0.0 -79.0319634237903,33.64017834417137,0.0 -79.0315209904463,33.640683312429424,0.0 -79.03149136531937,33.6406651859501,0.0 -79.03113578822199,33.64044761951968,0.0 -79.03112516000388,33.64012071741631,0.0 -79.03140725905348,33.63983741024122,0.0</coordinates>
                    </LinearRing>
                </outerBoundaryIs>
            </Polygon>
        </Placemark>
        <Placemark id="2205935">
            <name>Parcel_238327</name>
            <styleUrl>#2205940</styleUrl>
            <Polygon id="2205934">
                <outerBoundaryIs>
                    <LinearRing id="2205938">
                        <coordinates>-78.68189091956084,33.88230476362973,0.0 -78.6818669679785,33.88221390525713,0.0 -78.68225250101148,33.8821405277726,0.0 -78.68227385167674,33.882221028958995,0.0 -78.68229391580161,33.88230175952087,0.0 -78.68190617657699,33.88236655073889,0.0 -78.68189091956084,33.88230476362973,0.0</coordinates>
                    </LinearRing>
                </outerBoundaryIs>
            </Polygon>
        </Placemark>
        <Placemark id="2205944">
            <name>Parcel_238328</name>
            <styleUrl>#2205949</styleUrl>
            <Polygon id="2205943">
                <outerBoundaryIs>
                    <LinearRing id="2205947">
                        <coordinates>-79.1043856677252,33.752504059944066,0.0 -79.10441420756013,33.75225568072466,0.0 -79.10472284583888,33.75211390785035,0.0 -79.10559776456151,33.7534429060691,0.0 -79.10542131869553,33.753554550104816,0.0 -79.1051756536094,33.75370404997302,0.0 -79.1043856677252,33.752504059944066,0.0</coordinates>
                    </LinearRing>
                </outerBoundaryIs>
            </Polygon>
        </Placemark>
        <Placemark id="2205953">
            <name>Parcel_238329</name>
            <styleUrl>#2205958</styleUrl>
            <Polygon id="2205952">
                <outerBoundaryIs>
                    <LinearRing id="2205956">
                        <coordinates>-79.16016408763714,33.783056304452565,0.0 -79.1601674488811,33.783028746654004,0.0 -79.15835796651452,33.782673591583716,0.0 -79.16048479072096,33.780192025026224,0.0 -79.16105284374578,33.78015982131291,0.0 -79.16186329929955,33.78011882743745,0.0 -79.16186657753819,33.78011866148135,0.0 -79.1622115964583,33.78010121778613,0.0 -79.16228963564355,33.78009749748374,0.0 -79.16254467226861,33.78005789642398,0.0 -79.16326157637995,33.77993405727923,0.0 -79.16456028690436,33.77981031101411,0.0 -79.16543255907192,33.77974729996371,0.0 -79.16668267085697,33.77957105155558,0.0 -79.1663018900366,33.78012138352739,0.0 -79.16600627980317,33.78050659683809,0.0 -79.16548291498069,33.78109773497839,0.0 -79.16484163942269,33.781792789695956,0.0 -79.16472577134053,33.78193556409349,0.0 -79.16383002044351,33.78191224221794,0.0 -79.16380632620537,33.78203764570121,0.0 -79.1620473066262,33.78204822056383,0.0 -79.16044155906745,33.782926964829706,0.0 -79.16026021469483,33.783075170678394,0.0 -79.16016408763714,33.783056304452565,0.0</coordinates>
                    </LinearRing>
                </outerBoundaryIs>
            </Polygon>
        </Placemark>
        <Placemark id="2205962">
            <name>Parcel_238330</name>
            <styleUrl>#2205967</styleUrl>
            <Polygon id="2205961">
                <outerBoundaryIs>
                    <LinearRing id="2205965">
                        <coordinates>-78.6806165707369,33.881561525577546,0.0 -78.68098134208692,33.88143417187376,0.0 -78.6810153727007,33.88150331782461,0.0 -78.68104825424305,33.88157284993995,0.0 -78.68107997734766,33.881642754516044,0.0 -78.68070918070329,33.88175736833987,0.0 -78.68066409388086,33.88165904540426,0.0 -78.6806165707369,33.881561525577546,0.0</coordinates>
                    </LinearRing>
                </outerBoundaryIs>
            </Polygon>
        </Placemark>
        <Placemark id="2205971">
            <name>Parcel_238331</name>
            <styleUrl>#2205976</styleUrl>
            <Polygon id="2205970">
                <outerBoundaryIs>
                    <LinearRing id="2205974">
                        <coordinates>-79.23647169149058,34.05120487964911,0.0 -79.23680997250091,34.05083402898337,0.0 -79.23722360045419,34.05103003105672,0.0 -79.23690112759647,34.05143641451836,0.0 -79.23647169149058,34.05120487964911,0.0</coordinates>
                    </LinearRing>
                </outerBoundaryIs>
            </Polygon>
        </Placemark>
        <Placemark id="2205980">
            <name>Parcel_238332</name>
            <styleUrl>#2205985</styleUrl>
            <Polygon id="2205979">
                <outerBoundaryIs>
                    <LinearRing id="2205983">
                        <coordinates>-78.84568712684889,33.719755324546036,0.0 -78.84586109847673,33.71960917479153,0.0 -78.84661664807408,33.72023720819963,0.0 -78.84644267540334,33.7203833580803,0.0 -78.84568712684889,33.719755324546036,0.0</coordinates>
                    </LinearRing>
                </outerBoundaryIs>
            </Polygon>
        </Placemark>
        <Placemark id="2205989">
            <name>Parcel_238333</name>
            <styleUrl>#2205994</styleUrl>
            <Polygon id="2205988">
                <outerBoundaryIs>
                    <LinearRing id="2205992">
                        <coordinates>-78.68108600644747,33.8829186484571,0.0 -78.68145820964222,33.88280723014779,0.0 -78.6814814058045,33.88285810339741,0.0 -78.6815068784173,33.88290821289455,0.0 -78.68153426840225,33.88295944963238,0.0 -78.68117309163092,33.883093754223374,0.0 -78.68114570287467,33.883042518329056,0.0 -78.68112456495423,33.88300164834416,0.0 -78.68110466167198,33.882960350485945,0.0 -78.68108600644747,33.8829186484571,0.0</coordinates>
                    </LinearRing>
                </outerBoundaryIs>
            </Polygon>
        </Placemark>
        <Placemark id="2205998">
            <name>Parcel_238334</name>
            <styleUrl>#2206003</styleUrl>
            <Polygon id="2205997">
                <outerBoundaryIs>
                    <LinearRing id="2206001">
                        <coordinates>-78.68229877729554,33.88174299705714,0.0 -78.68269994940994,33.88164360074836,0.0 -78.6827703089347,33.88178098666538,0.0 -78.68271067707131,33.881807293455076,0.0 -78.68265017699197,33.881832185043955,0.0 -78.68258886005765,33.881855641646396,0.0 -78.68252677215258,33.881877646080355,0.0 -78.6824639646383,33.881898178560476,0.0 -78.68240048765001,33.88191722469028,0.0 -78.68239419899467,33.88191855829568,0.0 -78.68238773379531,33.88191901730916,0.0 -78.68238126653442,33.88191858785759,0.0 -78.68237496991057,33.881917282191196,0.0 -78.68236901385445,33.881915135057405,0.0 -78.68236356010024,33.881912204501084,0.0 -78.6823587525061,33.881908569879684,0.0 -78.6823547236365,33.881904328378546,0.0 -78.68235157962978,33.88189959472766,0.0 -78.68234940682898,33.881894495914196,0.0 -78.68232465629406,33.881818614986706,0.0 -78.68229877729554,33.88174299705714,0.0</coordinates>
                    </LinearRing>
                </outerBoundaryIs>
            </Polygon>
        </Placemark>
        <Placemark id="2206007">
            <name>Parcel_238335</name>
            <styleUrl>#2206012</styleUrl>
            <Polygon id="2206006">
                <outerBoundaryIs>
                    <LinearRing id="2206010">
                        <coordinates>-78.68159741327702,33.88272199822841,0.0 -78.6819725483228,33.88261795713948,0.0 -78.68198612299268,33.88265098727991,0.0 -78.68200109982055,33.882683592674965,0.0 -78.68201745933787,33.88271573327377,0.0 -78.68203761923394,33.882753455018864,0.0 -78.68167635002398,33.88288776112668,0.0 -78.6816573678642,33.882852253111814,0.0 -78.68163553811397,33.88280943557564,0.0 -78.68161554400133,33.88276599936927,0.0 -78.68159741327702,33.88272199822841,0.0</coordinates>
                    </LinearRing>
                </outerBoundaryIs>
            </Polygon>
        </Placemark>
        <Placemark id="2206016">
            <name>Parcel_238336</name>
            <styleUrl>#2206021</styleUrl>
            <Polygon id="2206015">
                <outerBoundaryIs>
                    <LinearRing id="2206019">
                        <coordinates>-79.17873827271221,34.05582875412621,0.0 -79.17889913920558,34.05556206308254,0.0 -79.17937028210167,34.054776947045106,0.0 -79.17946546116697,34.054635935823164,0.0 -79.17960560067098,34.054516053488314,0.0 -79.17974088587863,34.0542609535135,0.0 -79.17981660830709,34.05388316466676,0.0 -79.17983558596677,34.05374577234662,0.0 -79.17967178000988,34.05317715172001,0.0 -79.17962623565188,34.05301796665603,0.0 -79.17995953070809,34.052481811406196,0.0 -79.18023829031452,34.05131231790192,0.0 -79.18027192197223,34.05101808836276,0.0 -79.18049427354954,34.05102805245433,0.0 -79.18115653776925,34.05101971122464,0.0 -79.18125581208615,34.05101846103339,0.0 -79.18322329285104,34.050993659533894,0.0 -79.18323452865422,34.05104821509588,0.0 -79.18325907962604,34.05117932340316,0.0 -79.18326138960467,34.05142210622541,0.0 -79.18334607747883,34.05146540049572,0.0 -79.18349858686071,34.051587670051205,0.0 -79.1836828020579,34.05180217792293,0.0 -79.1836808182637,34.05205466556998,0.0 -79.18367006388246,34.05230391898493,0.0 -79.18358778587593,34.0525138622507,0.0 -79.18339697180268,34.052531147756,0.0 -79.18315359674874,34.0525856677647,0.0 -79.18281291997214,34.052780539678295,0.0 -79.18266262563561,34.052993767749896,0.0 -79.18269018592193,34.05321047486623,0.0 -79.18274838434448,34.05349007757115,0.0 -79.18272371220567,34.05357542444622,0.0 -79.1824059013932,34.053701553475406,0.0 -79.1822102493477,34.05384159906885,0.0 -79.18219561915923,34.0539110628623,0.0 -79.18157013768537,34.05404316920575,0.0 -79.18157677275643,34.05433908881301,0.0 -79.18143589213896,34.0544506106414,0.0 -79.18109010252196,34.054658770808686,0.0 -79.18080591636206,34.054730262319644,0.0 -79.18064308446722,34.05489035336044,0.0 -79.18087464812037,34.054932287968555,0.0 -79.18084124494295,34.05508285395507,0.0 -79.18090522491659,34.05515582768398,0.0 -79.18080460355104,34.05523406328005,0.0 -79.18065998095547,34.055216928624,0.0 -79.1805937097041,34.05550838626674,0.0 -79.18067737201358,34.05557975289044,0.0 -79.18056136509514,34.05573677384759,0.0 -79.18063957813149,34.05584929674622,0.0 -79.18062603011307,34.0559519905448,0.0 -79.18014695249607,34.05592144767801,0.0 -79.17873827271221,34.05582875412621,0.0</coordinates>
                    </LinearRing>
                </outerBoundaryIs>
            </Polygon>
        </Placemark>
        <Placemark id="2206025">
            <name>Parcel_238337</name>
            <styleUrl>#2206030</styleUrl>
            <Polygon id="2206024">
                <outerBoundaryIs>
                    <LinearRing id="2206028">
                        <coordinates>-78.74246454502135,34.01298259152083,0.0 -78.74199109804132,34.01263996361613,0.0 -78.7423068252728,34.0124137902782,0.0 -78.74258687438068,34.012604746619765,0.0 -78.74286326946113,34.0127649815549,0.0 -78.74246454502135,34.01298259152083,0.0</coordinates>
                    </LinearRing>
                </outerBoundaryIs>
            </Polygon>
        </Placemark>
        <Placemark id="2206034">
            <name>Parcel_238338</name>
            <styleUrl>#2206039</styleUrl>
            <Polygon id="2206033">
                <outerBoundaryIs>
                    <LinearRing id="2206037">
                        <coordinates>-78.68173355357949,33.88179748250195,0.0 -78.68172032453602,33.88176194413828,0.0 -78.68209760789394,33.88166314721273,0.0 -78.68212659068709,33.881741970181565,0.0 -78.68215431275935,33.88182110868981,0.0 -78.68177400967922,33.88191149447689,0.0 -78.68175412780899,33.881854402969935,0.0 -78.68173355357949,33.88179748250195,0.0</coordinates>
                    </LinearRing>
                </outerBoundaryIs>
            </Polygon>
        </Placemark>
        <Placemark id="2206043">
            <name>Parcel_238339</name>
            <styleUrl>#2206048</styleUrl>
            <Polygon id="2206042">
                <outerBoundaryIs>
                    <LinearRing id="2206046">
                        <coordinates>-78.6820339101918,33.88111254270139,0.0 -78.68239968406031,33.880987205982656,0.0 -78.68243857972682,33.88106765565473,0.0 -78.68247621633562,33.88114852101175,0.0 -78.68210665333774,33.88126586970367,0.0 -78.68207088074351,33.881189008613084,0.0 -78.6820339101918,33.88111254270139,0.0</coordinates>
                    </LinearRing>
                </outerBoundaryIs>
            </Polygon>
        </Placemark>
        <Placemark id="2206052">
            <name>Parcel_238340</name>
            <styleUrl>#2206057</styleUrl>
            <Polygon id="2206051">
                <outerBoundaryIs>
                    <LinearRing id="2206055">
                        <coordinates>-78.84586109847673,33.71960917479153,0.0 -78.84605513525713,33.719446169535175,0.0 -78.84681068483948,33.720074201776036,0.0 -78.84661664807408,33.72023720819963,0.0 -78.84586109847673,33.71960917479153,0.0</coordinates>
                    </LinearRing>
                </outerBoundaryIs>
            </Polygon>
        </Placemark>
        <Placemark id="2206061">
            <name>Parcel_238341</name>
            <styleUrl>#2206066</styleUrl>
            <Polygon id="2206060">
                <outerBoundaryIs>
                    <LinearRing id="2206064">
                        <coordinates>-79.23854806632421,34.058367472162566,0.0 -79.23823618376673,34.058857092499636,0.0 -79.23724941715605,34.05849291041027,0.0 -79.23741893839622,34.057931991952465,0.0 -79.23854806632421,34.058367472162566,0.0</coordinates>
                    </LinearRing>
                </outerBoundaryIs>
            </Polygon>
        </Placemark>
        <Placemark id="2206070">
            <name>Parcel_238342</name>
            <styleUrl>#2206075</styleUrl>
            <Polygon id="2206069">
                <outerBoundaryIs>
                    <LinearRing id="2206073">
                        <coordinates>-78.60481199070409,33.85135120306314,0.0 -78.60513417512068,33.851175738641125,0.0 -78.60524246509821,33.85131376331358,0.0 -78.60492002387946,33.851489433211974,0.0 -78.60481199070409,33.85135120306314,0.0</coordinates>
                    </LinearRing>
                </outerBoundaryIs>
            </Polygon>
        </Placemark>
        <Placemark id="2206079">
            <name>Parcel_238343</name>
            <styleUrl>#2206084</styleUrl>
            <Polygon id="2206078">
                <outerBoundaryIs>
                    <LinearRing id="2206082">
                        <coordinates>-78.60456018626897,33.851028966769135,0.0 -78.60488162434983,33.85085384304611,0.0 -78.60500789894681,33.85101479135111,0.0 -78.6046860827738,33.851190087582964,0.0 -78.60456018626897,33.851028966769135,0.0</coordinates>
                    </LinearRing>
                </outerBoundaryIs>
            </Polygon>
        </Placemark>
        <Placemark id="2206088">
            <name>Parcel_238344</name>
            <styleUrl>#2206093</styleUrl>
            <Polygon id="2206087">
                <outerBoundaryIs>
                    <LinearRing id="2206091">
                        <coordinates>-78.6821745844073,33.8814207256355,0.0 -78.68254768682493,33.88131144328793,0.0 -78.68258150845605,33.88139347292157,0.0 -78.68261404655485,33.881475862767516,0.0 -78.68223765649462,33.88157700409872,0.0 -78.68220673060972,33.88149869409247,0.0 -78.6821745844073,33.8814207256355,0.0</coordinates>
                    </LinearRing>
                </outerBoundaryIs>
            </Polygon>
        </Placemark>
        <Placemark id="2206097">
            <name>Parcel_238345</name>
            <styleUrl>#2206102</styleUrl>
            <Polygon id="2206096">
                <outerBoundaryIs>
                    <LinearRing id="2206100">
                        <coordinates>-78.62353390395214,33.88321101372126,0.0 -78.6241385848285,33.883205796679455,0.0 -78.62412488649284,33.883217156729735,0.0 -78.62411172455461,33.88322894828356,0.0 -78.62383821807086,33.88351485236177,0.0 -78.62382025872897,33.88353578170011,0.0 -78.62380395559893,33.88355763394462,0.0 -78.62378937717581,33.88358031750694,0.0 -78.62353390395214,33.88321101372126,0.0</coordinates>
                    </LinearRing>
                </outerBoundaryIs>
            </Polygon>
        </Placemark>
        <Placemark id="2206106">
            <name>Parcel_238346</name>
            <styleUrl>#2206111</styleUrl>
            <Polygon id="2206105">
                <outerBoundaryIs>
                    <LinearRing id="2206109">
                        <coordinates>-78.84516520526327,33.72019376955733,0.0 -78.84533917971397,33.720047621468765,0.0 -78.84551315357584,33.71990147313165,0.0 -78.84626870322262,33.72052950773124,0.0 -78.8460947293517,33.72067565801645,0.0 -78.84592075491445,33.72082180715153,0.0 -78.84516520526327,33.72019376955733,0.0</coordinates>
                    </LinearRing>
                </outerBoundaryIs>
            </Polygon>
        </Placemark>
        <Placemark id="2206115">
            <name>Parcel_238347</name>
            <styleUrl>#2206120</styleUrl>
            <Polygon id="2206114">
                <outerBoundaryIs>
                    <LinearRing id="2206118">
                        <coordinates>-78.68141109846374,33.882052522897474,0.0 -78.68179204238292,33.881965247515055,0.0 -78.68182290177843,33.88206218356237,0.0 -78.68184451404986,33.882134390834246,0.0 -78.68146062193395,33.882212162327335,0.0 -78.6814365737338,33.88213218865679,0.0 -78.68141109846374,33.882052522897474,0.0</coordinates>
                    </LinearRing>
                </outerBoundaryIs>
            </Polygon>
        </Placemark>
        <Placemark id="2206124">
            <name>Parcel_238348</name>
            <styleUrl>#2206129</styleUrl>
            <Polygon id="2206123">
                <outerBoundaryIs>
                    <LinearRing id="2206127">
                        <coordinates>-79.03140725905348,33.63983741024122,0.0 -79.03153516501011,33.639708957400444,0.0 -79.03165783032009,33.63956353763619,0.0 -79.03167098823954,33.63957190526394,0.0 -79.03169028653521,33.63954952278046,0.0 -79.03167766496166,33.63954161015716,0.0 -79.03179959987276,33.639402862850424,0.0 -79.03193249142105,33.639251647563185,0.0 -79.0321750229803,33.63920713840085,0.0 -79.03238092553357,33.63932143512079,0.0 -79.03212513871158,33.63960977968049,0.0 -79.03238686343884,33.63977613402479,0.0 -79.0324160889313,33.63979471030755,0.0 -79.0324134837572,33.639797645197866,0.0 -79.0323990857244,33.63981258010059,0.0 -79.03238330989133,33.639826507244685,0.0 -79.03236625745927,33.639839338950004,0.0 -79.03234803707262,33.63985099216468,0.0 -79.03232876253985,33.6398613938403,0.0 -79.0322470505619,33.639900286164085,0.0 -79.03222071068129,33.63991410545733,0.0 -79.03222069103224,33.63991411596758,0.0 -79.03219583620144,33.63992972579723,0.0 -79.0321958077442,33.63992974428456,0.0 -79.03217260532848,33.63994703998719,0.0 -79.03217257788761,33.63994706119651,0.0 -79.03215118144489,33.639965928869465,0.0 -79.03215116382852,33.639965944823686,0.0 -79.03214711314102,33.63996989841732,0.0 -79.03213925058374,33.63997797265818,0.0 -79.03213544200938,33.639982090652104,0.0 -79.03213294936548,33.63998486588301,0.0 -79.03213171632258,33.63998626227835,0.0 -79.0319634237903,33.64017834417137,0.0 -79.03140725905348,33.63983741024122,0.0</coordinates>
                    </LinearRing>
                </outerBoundaryIs>
            </Polygon>
        </Placemark>
        <Placemark id="2206133">
            <name>Parcel_238349</name>
            <styleUrl>#2206138</styleUrl>
            <Polygon id="2206132">
                <outerBoundaryIs>
                    <LinearRing id="2206136">
                        <coordinates>-79.16086409258297,33.78422293993617,0.0 -79.16016828069365,33.78410527885007,0.0 -79.16048938789528,33.78312903815537,0.0 -79.16026021469483,33.783075170678394,0.0 -79.16044155906745,33.782926964829706,0.0 -79.1620473066262,33.78204822056383,0.0 -79.16380632620537,33.78203764570121,0.0 -79.16383002044351,33.78191224221794,0.0 -79.16472577134053,33.78193556409349,0.0 -79.16452077322124,33.782188167175555,0.0 -79.16430089933972,33.78254514144062,0.0 -79.16388040486505,33.78336401894184,0.0 -79.16332772692144,33.784481853349085,0.0 -79.16325576502516,33.78462728289347,0.0 -79.16086409258297,33.78422293993617,0.0</coordinates>
                    </LinearRing>
                </outerBoundaryIs>
            </Polygon>
        </Placemark>
        <Placemark id="2206142">
            <name>Parcel_238350</name>
            <styleUrl>#2206147</styleUrl>
            <Polygon id="2206141">
                <outerBoundaryIs>
                    <LinearRing id="2206145">
                        <coordinates>-78.68193121863918,33.882476213626774,0.0 -78.68190617657699,33.88236655073889,0.0 -78.68229391580161,33.88230175952087,0.0 -78.68230899006458,33.88236629141432,0.0 -78.68232324332097,33.882430952258524,0.0 -78.68233129895823,33.88246372307578,0.0 -78.68194722862438,33.882542334280295,0.0 -78.68194013880859,33.88251567601987,0.0 -78.68193394098834,33.882488863978836,0.0 -78.68193121863918,33.882476213626774,0.0</coordinates>
                    </LinearRing>
                </outerBoundaryIs>
            </Polygon>
        </Placemark>
        <Placemark id="2206151">
            <name>Parcel_238351</name>
            <styleUrl>#2206156</styleUrl>
            <Polygon id="2206150">
                <outerBoundaryIs>
                    <LinearRing id="2206154">
                        <coordinates>-79.17826432844642,34.05579756593063,0.0 -79.17833755394086,34.05570762957788,0.0 -79.17834750858262,34.05566217826061,0.0 -79.17831835091688,34.05537956181438,0.0 -79.17847938911211,34.055239340899284,0.0 -79.17846249427672,34.05517850273414,0.0 -79.17845152712538,34.055162335262104,0.0 -79.17836564362679,34.05503572091772,0.0 -79.1783308268664,34.054861924485024,0.0 -79.17830845361597,34.05471956350947,0.0 -79.17831717274032,34.05464491266286,0.0 -79.17836631691587,34.05455573037974,0.0 -79.17834532023424,34.05445764777253,0.0 -79.17828714846964,34.054249662052214,0.0 -79.17812714586039,34.05416474449551,0.0 -79.17813437224873,34.054082513510785,0.0 -79.1781414007008,34.0538240973068,0.0 -79.17818001670638,34.05365919448378,0.0 -79.17807557774701,34.051174420986825,0.0 -79.17760593383291,34.051227031515,0.0 -79.17725948524824,34.05126741210409,0.0 -79.17725621541531,34.0511753819136,0.0 -79.17806838260492,34.05108352544178,0.0 -79.17866955529644,34.051016555815856,0.0 -79.17935065276696,34.05094001012803,0.0 -79.18027192197223,34.05101808836276,0.0 -79.18023829031452,34.05131231790192,0.0 -79.17995953070809,34.052481811406196,0.0 -79.17962623565188,34.05301796665603,0.0 -79.17967178000988,34.05317715172001,0.0 -79.17983558596677,34.05374577234662,0.0 -79.17981660830709,34.05388316466676,0.0 -79.17974088587863,34.0542609535135,0.0 -79.17960560067098,34.054516053488314,0.0 -79.17946546116697,34.054635935823164,0.0 -79.17937028210167,34.054776947045106,0.0 -79.17889913920558,34.05556206308254,0.0 -79.17873827271221,34.05582875412621,0.0 -79.17826432844642,34.05579756593063,0.0</coordinates>
                    </LinearRing>
                </outerBoundaryIs>
            </Polygon>
        </Placemark>
        <Placemark id="2206160">
            <name>Parcel_238352</name>
            <styleUrl>#2206165</styleUrl>
            <Polygon id="2206159">
                <outerBoundaryIs>
                    <LinearRing id="2206163">
                        <coordinates>-78.74145495798153,34.01263558238874,0.0 -78.74037157387686,34.012432085713755,0.0 -78.7402646476351,34.01232093639201,0.0 -78.74089509728239,34.01206844817354,0.0 -78.74153004417232,34.012559312232135,0.0 -78.74149748933024,34.01259131038699,0.0 -78.74145495798153,34.01263558238874,0.0</coordinates>
                    </LinearRing>
                </outerBoundaryIs>
            </Polygon>
        </Placemark>
        <Placemark id="2206169">
            <name>Parcel_238353</name>
            <styleUrl>#2206174</styleUrl>
            <Polygon id="2206168">
                <outerBoundaryIs>
                    <LinearRing id="2206172">
                        <coordinates>-78.68129506773475,33.88173728614072,0.0 -78.68166909881947,33.88163124466443,0.0 -78.68169517140173,33.881696468616084,0.0 -78.68172032453602,33.88176194413828,0.0 -78.68173355357949,33.88179748250195,0.0 -78.68135589733609,33.88189418332878,0.0 -78.681326183486,33.88181554582031,0.0 -78.68129506773475,33.88173728614072,0.0</coordinates>
                    </LinearRing>
                </outerBoundaryIs>
            </Polygon>
        </Placemark>
        <Placemark id="2206178">
            <name>Parcel_238354</name>
            <styleUrl>#2206183</styleUrl>
            <Polygon id="2206177">
                <outerBoundaryIs>
                    <LinearRing id="2206181">
                        <coordinates>-78.68135589733609,33.88189418332878,0.0 -78.68173355357949,33.88179748250195,0.0 -78.68175412780899,33.881854402969935,0.0 -78.68177400967922,33.88191149447689,0.0 -78.68179204238292,33.881965247515055,0.0 -78.68141109846374,33.882052522897474,0.0 -78.6813842054189,33.88197318145769,0.0 -78.68135589733609,33.88189418332878,0.0</coordinates>
                    </LinearRing>
                </outerBoundaryIs>
            </Polygon>
        </Placemark>
        <Placemark id="2206187">
            <name>Parcel_238355</name>
            <styleUrl>#2206192</styleUrl>
            <Polygon id="2206186">
                <outerBoundaryIs>
                    <LinearRing id="2206190">
                        <coordinates>-78.7417292182965,34.01235821521998,0.0 -78.74128123772188,34.01191380140383,0.0 -78.74172990051983,34.011734112371265,0.0 -78.74188134359143,34.011978178576136,0.0 -78.74194895694275,34.012059114851795,0.0 -78.7419967410669,34.01211631351218,0.0 -78.7417292182965,34.01235821521998,0.0</coordinates>
                    </LinearRing>
                </outerBoundaryIs>
            </Polygon>
        </Placemark>
        <Placemark id="2206196">
            <name>Parcel_238356</name>
            <styleUrl>#2206201</styleUrl>
            <Polygon id="2206195">
                <outerBoundaryIs>
                    <LinearRing id="2206199">
                        <coordinates>-78.74089509728239,34.01206844817354,0.0 -78.74100981959494,34.012022503507154,0.0 -78.74128123772188,34.01191380140383,0.0 -78.7417292182965,34.01235821521998,0.0 -78.74153004417232,34.012559312232135,0.0 -78.74089509728239,34.01206844817354,0.0</coordinates>
                    </LinearRing>
                </outerBoundaryIs>
            </Polygon>
        </Placemark>
        <Placemark id="2206205">
            <name>Parcel_238357</name>
            <styleUrl>#2206210</styleUrl>
            <Polygon id="2206204">
                <outerBoundaryIs>
                    <LinearRing id="2206208">
                        <coordinates>-78.6817786231033,33.883180778252196,0.0 -78.6819591644388,33.88311353954628,0.0 -78.68211679171526,33.883407948295144,0.0 -78.68193609949479,33.88347490841401,0.0 -78.6817786231033,33.883180778252196,0.0</coordinates>
                    </LinearRing>
                </outerBoundaryIs>
            </Polygon>
        </Placemark>
        <Placemark id="2206214">
            <name>Parcel_238358</name>
            <styleUrl>#2206219</styleUrl>
            <Polygon id="2206213">
                <outerBoundaryIs>
                    <LinearRing id="2206217">
                        <coordinates>-78.68088786355038,33.88222890765229,0.0 -78.68127028706688,33.88214497082468,0.0 -78.68129625391752,33.882230076488206,0.0 -78.68132055925899,33.882315521751515,0.0 -78.68093506294738,33.882389040461426,0.0 -78.68091224400828,33.88230881369567,0.0 -78.68088786355038,33.88222890765229,0.0</coordinates>
                    </LinearRing>
                </outerBoundaryIs>
            </Polygon>
        </Placemark>
        <Placemark id="2206223">
            <name>Parcel_238359</name>
            <styleUrl>#2206228</styleUrl>
            <Polygon id="2206222">
                <outerBoundaryIs>
                    <LinearRing id="2206226">
                        <coordinates>-78.68184451404986,33.882134390834246,0.0 -78.68182290177843,33.88206218356237,0.0 -78.68220595576753,33.88198027334626,0.0 -78.68222986772068,33.88206027136745,0.0 -78.68225250101148,33.8821405277726,0.0 -78.6818669679785,33.88221390525713,0.0 -78.68184451404986,33.882134390834246,0.0</coordinates>
                    </LinearRing>
                </outerBoundaryIs>
            </Polygon>
        </Placemark>
        <Placemark id="2206232">
            <name>Parcel_238360</name>
            <styleUrl>#2206237</styleUrl>
            <Polygon id="2206231">
                <outerBoundaryIs>
                    <LinearRing id="2206235">
                        <coordinates>-78.68097599480208,33.882550369173934,0.0 -78.6813641530629,33.88248734659442,0.0 -78.68138311401921,33.88257219213392,0.0 -78.68139200844584,33.882610793622796,0.0 -78.68140215662928,33.88264918045796,0.0 -78.68101717339098,33.88272455805528,0.0 -78.68100471499727,33.882677425876366,0.0 -78.68099379614443,33.882630028475106,0.0 -78.68097599480208,33.882550369173934,0.0</coordinates>
                    </LinearRing>
                </outerBoundaryIs>
            </Polygon>
        </Placemark>
        <Placemark id="2206241">
            <name>Parcel_238361</name>
            <styleUrl>#2206246</styleUrl>
            <Polygon id="2206240">
                <outerBoundaryIs>
                    <LinearRing id="2206244">
                        <coordinates>-79.15941653201335,33.786985342156946,0.0 -79.15999377415339,33.78587312997546,0.0 -79.16021022026004,33.785473605268145,0.0 -79.16269705734648,33.785827568598755,0.0 -79.16262487520208,33.78649179293177,0.0 -79.1642272657667,33.78617140776891,0.0 -79.16426143601474,33.786306933769254,0.0 -79.16238234412805,33.786749303418524,0.0 -79.16245483908621,33.78723793584357,0.0 -79.16156656443752,33.787578584859276,0.0 -79.16061717014126,33.7868594087717,0.0 -79.15941653201335,33.786985342156946,0.0</coordinates>
                    </LinearRing>
                </outerBoundaryIs>
            </Polygon>
        </Placemark>
        <Placemark id="2206250">
            <name>Parcel_238362</name>
            <styleUrl>#2206255</styleUrl>
            <Polygon id="2206249">
                <outerBoundaryIs>
                    <LinearRing id="2206253">
                        <coordinates>-78.68167635002398,33.88288776112668,0.0 -78.68203761923394,33.882753455018864,0.0 -78.68211801084085,33.88290387822523,0.0 -78.68179299303357,33.88302491956736,0.0 -78.68178714341535,33.88302665280695,0.0 -78.68178104130696,33.883027601130365,0.0 -78.68177483549422,33.88302774116495,0.0 -78.68176867960973,33.88302707037363,0.0 -78.68176272682534,33.883025603347896,0.0 -78.68175712103516,33.88302337795668,0.0 -78.68175200245419,33.88302044823504,0.0 -78.68174749676062,33.8830168859853,0.0 -78.68174371512028,33.883012779875386,0.0 -78.68174075104093,33.88300823177214,0.0 -78.68167635002398,33.88288776112668,0.0</coordinates>
                    </LinearRing>
                </outerBoundaryIs>
            </Polygon>
        </Placemark>
        <Placemark id="2206259">
            <name>Parcel_238363</name>
            <styleUrl>#2206264</styleUrl>
            <Polygon id="2206258">
                <outerBoundaryIs>
                    <LinearRing id="2206262">
                        <coordinates>-78.68254768682493,33.88131144328793,0.0 -78.6825125877621,33.88122978841094,0.0 -78.68247621633562,33.88114852101175,0.0 -78.68243857972682,33.88106765565473,0.0 -78.68239968406031,33.880987205982656,0.0 -78.6820339101918,33.88111254270139,0.0 -78.68199575001707,33.88103648384882,0.0 -78.68195640523818,33.88096084657947,0.0 -78.68231814005225,33.880827608264035,0.0 -78.6822755061454,33.880748486641686,0.0 -78.68223164092096,33.88066983533557,0.0 -78.68218655160828,33.88059166710693,0.0 -78.68214024543646,33.88051399471702,0.0 -78.6820927295861,33.880436832730155,0.0 -78.68204401455301,33.88036019306667,0.0 -78.68197876494135,33.880261158718554,0.0 -78.68205181003124,33.88021883647572,0.0 -78.68208325408077,33.88020061810856,0.0 -78.68215505421442,33.880219178887316,0.0 -78.68234390807415,33.880268001051284,0.0 -78.6825327632529,33.88031682204554,0.0 -78.68272161864554,33.880365642751435,0.0 -78.68291047317123,33.88041446314873,0.0 -78.68309932896751,33.880463284179385,0.0 -78.68328819681875,33.88051210694694,0.0 -78.68340528139514,33.88019706866741,0.0 -78.68352783407009,33.88022874865035,0.0 -78.68355032003319,33.88023557478172,0.0 -78.68357190920997,33.88024418264045,0.0 -78.68359239937858,33.88025449177973,0.0 -78.6836115984808,33.880266405707694,0.0 -78.68362935423188,33.880279836793726,0.0 -78.6836454672586,33.8802946388018,0.0 -78.68365978557578,33.88031067269556,0.0 -78.68367217370137,33.88032778892375,0.0 -78.68368251486687,33.88034582565765,0.0 -78.68369071308217,33.880364612437354,0.0 -78.68369669087686,33.88038397373748,0.0 -78.68370039153476,33.88040372630299,0.0 -78.683701781086,33.880423685499935,0.0 -78.68370402487335,33.88062108974544,0.0 -78.6833086137836,33.88062422570333,0.0 -78.68331048704721,33.880789116558205,0.0 -78.68331218509678,33.88093872139652,0.0 -78.68331128998739,33.880947842369295,0.0 -78.68330778262542,33.88096495272103,0.0 -78.68330194601417,33.88098161634207,0.0 -78.6832938574996,33.88099761099363,0.0 -78.68328362437725,33.88101272672215,0.0 -78.68327137959291,33.88102676487708,0.0 -78.68325728712303,33.88103953911364,0.0 -78.68322793004114,33.88106198548463,0.0 -78.68308219078308,33.88117342865033,0.0 -78.68297053076384,33.88125881113362,0.0 -78.68293609240129,33.881284539326444,0.0 -78.68288577774112,33.88132004181085,0.0 -78.68283407791353,33.88135413025842,0.0 -78.68278104692445,33.881386766893435,0.0 -78.68272657727388,33.88141800833061,0.0 -78.68267089000005,33.881447717997496,0.0 -78.68261404655485,33.881475862767516,0.0 -78.68258150845605,33.88139347292157,0.0 -78.68254768682493,33.88131144328793,0.0</coordinates>
                    </LinearRing>
                </outerBoundaryIs>
            </Polygon>
        </Placemark>
        <Placemark id="2206268">
            <name>Parcel_238364</name>
            <styleUrl>#2206273</styleUrl>
            <Polygon id="2206267">
                <outerBoundaryIs>
                    <LinearRing id="2206271">
                        <coordinates>-78.68232024845082,33.882979060481176,0.0 -78.68246641292569,33.88292462429629,0.0 -78.68247201942361,33.882922963143336,0.0 -78.68247786742451,33.88292205332665,0.0 -78.68248381460427,33.88292191924252,0.0 -78.68248971384043,33.882922562648645,0.0 -78.68249541955204,33.88292396819447,0.0 -78.68250079101503,33.88292610077725,0.0 -78.68250569661309,33.882928908327465,0.0 -78.68251001383744,33.882932321808994,0.0 -78.68251363788588,33.8829362571834,0.0 -78.68251647947636,33.88294061627161,0.0 -78.68265887870339,33.88320706206625,0.0 -78.68247817423318,33.8832740272436,0.0 -78.68232024845082,33.882979060481176,0.0</coordinates>
                    </LinearRing>
                </outerBoundaryIs>
            </Polygon>
        </Placemark>
        <Placemark id="2206277">
            <name>Parcel_238365</name>
            <styleUrl>#2206282</styleUrl>
            <Polygon id="2206276">
                <outerBoundaryIs>
                    <LinearRing id="2206280">
                        <coordinates>-78.68166909881947,33.88163124466443,0.0 -78.68166188571277,33.88161363790347,0.0 -78.68203588144944,33.88150650060187,0.0 -78.68206736944795,33.881584652504706,0.0 -78.68209760789394,33.88166314721273,0.0 -78.68172032453602,33.88176194413828,0.0 -78.68169517140173,33.881696468616084,0.0 -78.68166909881947,33.88163124466443,0.0</coordinates>
                    </LinearRing>
                </outerBoundaryIs>
            </Polygon>
        </Placemark>
        <Placemark id="2206286">
            <name>Parcel_238366</name>
            <styleUrl>#2206291</styleUrl>
            <Polygon id="2206285">
                <outerBoundaryIs>
                    <LinearRing id="2206289">
                        <coordinates>-78.68146062193395,33.882212162327335,0.0 -78.68184451404986,33.882134390834246,0.0 -78.6818669679785,33.88221390525713,0.0 -78.68189091956084,33.88230476362973,0.0 -78.68150442499835,33.88237296102243,0.0 -78.68148324138375,33.88229242583949,0.0 -78.68146062193395,33.882212162327335,0.0</coordinates>
                    </LinearRing>
                </outerBoundaryIs>
            </Polygon>
        </Placemark>
        <Placemark id="2206295">
            <name>Parcel_238367</name>
            <styleUrl>#2206300</styleUrl>
            <Polygon id="2206294">
                <outerBoundaryIs>
                    <LinearRing id="2206298">
                        <coordinates>-78.68070918070329,33.88175736833987,0.0 -78.68107997734766,33.881642754516044,0.0 -78.68111576272958,33.8817253444582,0.0 -78.68114993273488,33.88180840924745,0.0 -78.68077486149217,33.88191290359783,0.0 -78.68074277972792,33.881834913412746,0.0 -78.68070918070329,33.88175736833987,0.0</coordinates>
                    </LinearRing>
                </outerBoundaryIs>
            </Polygon>
        </Placemark>
        <Placemark id="2206304">
            <name>Parcel_238368</name>
            <styleUrl>#2206309</styleUrl>
            <Polygon id="2206303">
                <outerBoundaryIs>
                    <LinearRing id="2206307">
                        <coordinates>-78.68179204238292,33.881965247515055,0.0 -78.68177400967922,33.88191149447689,0.0 -78.68215431275935,33.88182110868981,0.0 -78.68218076911525,33.881900547311766,0.0 -78.68220595576753,33.88198027334626,0.0 -78.68182290177843,33.88206218356237,0.0 -78.68179204238292,33.881965247515055,0.0</coordinates>
                    </LinearRing>
                </outerBoundaryIs>
            </Polygon>
        </Placemark>
        <Placemark id="2206313">
            <name>Parcel_238369</name>
            <styleUrl>#2206318</styleUrl>
            <Polygon id="2206312">
                <outerBoundaryIs>
                    <LinearRing id="2206316">
                        <coordinates>-79.16269705734648,33.785827568598755,0.0 -79.16272191580397,33.78559881529142,0.0 -79.16287959618847,33.78541366314794,0.0 -79.16362575436673,33.78505060372937,0.0 -79.16385815493655,33.78526627022436,0.0 -79.16419656515185,33.7854338273568,0.0 -79.16467099850617,33.78566873460787,0.0 -79.16486252855037,33.785757479811046,0.0 -79.16493790362007,33.78581237353419,0.0 -79.16493607718184,33.78589825320709,0.0 -79.16485001657159,33.785997485425035,0.0 -79.16479356768419,33.786062572854355,0.0 -79.1642272657667,33.78617140776891,0.0 -79.16262487520208,33.78649179293177,0.0 -79.16269705734648,33.785827568598755,0.0</coordinates>
                    </LinearRing>
                </outerBoundaryIs>
            </Polygon>
        </Placemark>
        <Placemark id="2206322">
            <name>Parcel_238370</name>
            <styleUrl>#2206327</styleUrl>
            <Polygon id="2206321">
                <outerBoundaryIs>
                    <LinearRing id="2206325">
                        <coordinates>-78.624263022132,33.8832623722061,0.0 -78.62455140544499,33.88369432555236,0.0 -78.62388225229058,33.88368576994172,0.0 -78.62389019705648,33.883663556245224,0.0 -78.6239002545764,33.88364194589545,0.0 -78.62391235936097,33.88362107834285,0.0 -78.6239264330746,33.88360108828137,0.0 -78.62394238453571,33.88358210564882,0.0 -78.62419729160797,33.88331563472958,0.0 -78.62421741173937,33.88329638564765,0.0 -78.62423937242583,33.88327859065098,0.0 -78.624263022132,33.8832623722061,0.0</coordinates>
                    </LinearRing>
                </outerBoundaryIs>
            </Polygon>
        </Placemark>
        <Placemark id="2206331">
            <name>Parcel_238371</name>
            <styleUrl>#2206336</styleUrl>
            <Polygon id="2206330">
                <outerBoundaryIs>
                    <LinearRing id="2206334">
                        <coordinates>-78.74178990295405,34.013350781958515,0.0 -78.74130838344801,34.01278253936646,0.0 -78.7413348349268,34.0127556766017,0.0 -78.74145495798153,34.01263558238874,0.0 -78.74149748933024,34.01259131038699,0.0 -78.74173125238272,34.012841426076456,0.0 -78.74206631741994,34.01319992787323,0.0 -78.74178990295405,34.013350781958515,0.0</coordinates>
                    </LinearRing>
                </outerBoundaryIs>
            </Polygon>
        </Placemark>
        <Placemark id="2206340">
            <name>Parcel_238372</name>
            <styleUrl>#2206345</styleUrl>
            <Polygon id="2206339">
                <outerBoundaryIs>
                    <LinearRing id="2206343">
                        <coordinates>-78.68210665333774,33.88126586970367,0.0 -78.68247621633562,33.88114852101175,0.0 -78.6825125877621,33.88122978841094,0.0 -78.68254768682493,33.88131144328793,0.0 -78.6821745844073,33.8814207256355,0.0 -78.68214122290678,33.88134311325203,0.0 -78.68210665333774,33.88126586970367,0.0</coordinates>
                    </LinearRing>
                </outerBoundaryIs>
            </Polygon>
        </Placemark>
        <Placemark id="2206349">
            <name>Parcel_238373</name>
            <styleUrl>#2206354</styleUrl>
            <Polygon id="2206348">
                <outerBoundaryIs>
                    <LinearRing id="2206352">
                        <coordinates>-78.68223765649462,33.88157700409872,0.0 -78.68261404655485,33.881475862767516,0.0 -78.68269994940994,33.88164360074836,0.0 -78.68229877729554,33.88174299705714,0.0 -78.68226889906568,33.88165982618929,0.0 -78.68223765649462,33.88157700409872,0.0</coordinates>
                    </LinearRing>
                </outerBoundaryIs>
            </Polygon>
        </Placemark>
        <Placemark id="2206358">
            <name>Parcel_238374</name>
            <styleUrl>#2206363</styleUrl>
            <Polygon id="2206357">
                <outerBoundaryIs>
                    <LinearRing id="2206361">
                        <coordinates>-78.84499123020125,33.72033991829896,0.0 -78.84574677988833,33.72096795603809,0.0 -78.8455527391067,33.72113096076664,0.0 -78.84479718940464,33.720502921860245,0.0 -78.84499123020125,33.72033991829896,0.0</coordinates>
                    </LinearRing>
                </outerBoundaryIs>
            </Polygon>
        </Placemark>
        <Placemark id="2206367">
            <name>Parcel_238375</name>
            <styleUrl>#2206372</styleUrl>
            <Polygon id="2206366">
                <outerBoundaryIs>
                    <LinearRing id="2206370">
                        <coordinates>-78.74120937564946,34.01366760437256,0.0 -78.74089086878254,34.01320812481381,0.0 -78.7410058995456,34.013091452176155,0.0 -78.74110784375803,34.01298619484294,0.0 -78.74151348857797,34.01350163634321,0.0 -78.74120937564946,34.01366760437256,0.0</coordinates>
                    </LinearRing>
                </outerBoundaryIs>
            </Polygon>
        </Placemark>
        <Placemark id="2206376">
            <name>Parcel_238376</name>
            <styleUrl>#2206381</styleUrl>
            <Polygon id="2206375">
                <outerBoundaryIs>
                    <LinearRing id="2206379">
                        <coordinates>-78.680834444014,33.882070139389995,0.0 -78.68121339116988,33.88197587341579,0.0 -78.6812426634612,33.88206022920163,0.0 -78.68127028706688,33.88214497082468,0.0 -78.68088786355038,33.88222890765229,0.0 -78.68086192752934,33.882149342284734,0.0 -78.680834444014,33.882070139389995,0.0</coordinates>
                    </LinearRing>
                </outerBoundaryIs>
            </Polygon>
        </Placemark>
        <Placemark id="2206385">
            <name>Parcel_238377</name>
            <styleUrl>#2206390</styleUrl>
            <Polygon id="2206384">
                <outerBoundaryIs>
                    <LinearRing id="2206388">
                        <coordinates>-78.68203761923394,33.882753455018864,0.0 -78.68239859347953,33.882618774359166,0.0 -78.68246367397701,33.882740548931906,0.0 -78.68246582768343,33.88274575561934,0.0 -78.68246686344672,33.882751193941736,0.0 -78.68246675212285,33.882756701002194,0.0 -78.68246549718825,33.88276210729803,0.0 -78.68246313545741,33.88276725026404,0.0 -78.68245973926874,33.88277197341108,0.0 -78.6824554119914,33.88277613255605,0.0 -78.68245028458865,33.88277960297291,0.0 -78.68244451242386,33.882782277529344,0.0 -78.68211801084085,33.88290387822523,0.0 -78.68203761923394,33.882753455018864,0.0</coordinates>
                    </LinearRing>
                </outerBoundaryIs>
            </Polygon>
        </Placemark>
        <Placemark id="2206394">
            <name>Parcel_238378</name>
            <styleUrl>#2206399</styleUrl>
            <Polygon id="2206393">
                <outerBoundaryIs>
                    <LinearRing id="2206397">
                        <coordinates>-78.74151348857797,34.01350163634321,0.0 -78.74110784375803,34.01298619484294,0.0 -78.74130838344801,34.01278253936646,0.0 -78.74178990295405,34.013350781958515,0.0 -78.74151348857797,34.01350163634321,0.0</coordinates>
                    </LinearRing>
                </outerBoundaryIs>
            </Polygon>
        </Placemark>
        <Placemark id="2206403">
            <name>Parcel_238379</name>
            <styleUrl>#2206408</styleUrl>
            <Polygon id="2206402">
                <outerBoundaryIs>
                    <LinearRing id="2206406">
                        <coordinates>-79.16021022026004,33.785473605268145,0.0 -79.1604266643625,33.785074080150714,0.0 -79.16048831001793,33.78495413056467,0.0 -79.16067466341376,33.78459152845815,0.0 -79.16086409258297,33.78422293993617,0.0 -79.16325576502516,33.78462728289347,0.0 -79.16332772692144,33.784481853349085,0.0 -79.16392440293212,33.78480372877335,0.0 -79.16362575436673,33.78505060372937,0.0 -79.16287959618847,33.78541366314794,0.0 -79.16272191580397,33.78559881529142,0.0 -79.16269705734648,33.785827568598755,0.0 -79.16021022026004,33.785473605268145,0.0</coordinates>
                    </LinearRing>
                </outerBoundaryIs>
            </Polygon>
        </Placemark>
        <Placemark id="2206412">
            <name>Parcel_238380</name>
            <styleUrl>#2206417</styleUrl>
            <Polygon id="2206411">
                <outerBoundaryIs>
                    <LinearRing id="2206415">
                        <coordinates>-78.68051429221052,33.88136905902747,0.0 -78.68087240850379,33.88122918366976,0.0 -78.68090988879518,33.881297159453865,0.0 -78.68094618384102,33.88136545938935,0.0 -78.68098134208692,33.88143417187376,0.0 -78.6806165707369,33.881561525577546,0.0 -78.68056662964244,33.8814648497887,0.0 -78.68051429221052,33.88136905902747,0.0</coordinates>
                    </LinearRing>
                </outerBoundaryIs>
            </Polygon>
        </Placemark>
        <Placemark id="2206421">
            <name>Parcel_238381</name>
            <styleUrl>#2206426</styleUrl>
            <Polygon id="2206420">
                <outerBoundaryIs>
                    <LinearRing id="2206424">
                        <coordinates>-78.80411708293983,33.77402217143199,0.0 -78.80436958938736,33.773868180128744,0.0 -78.8047550134598,33.77430911321198,0.0 -78.80471595141707,33.774339509592785,0.0 -78.80467824315909,33.7743710745583,0.0 -78.80464193616204,33.774403767462324,0.0 -78.80460708127865,33.77443754230679,0.0 -78.80457372387228,33.77447235660399,0.0 -78.80454190726216,33.774508163320284,0.0 -78.80425082524582,33.77417517094374,0.0 -78.80411708293983,33.77402217143199,0.0</coordinates>
                    </LinearRing>
                </outerBoundaryIs>
            </Polygon>
        </Placemark>
        <Placemark id="2206430">
            <name>Parcel_238382</name>
            <styleUrl>#2206435</styleUrl>
            <Polygon id="2206429">
                <outerBoundaryIs>
                    <LinearRing id="2206433">
                        <coordinates>-78.6819591644388,33.88311353954628,0.0 -78.6821397065735,33.88304630059652,0.0 -78.68229748365506,33.88334098791169,0.0 -78.68211679171526,33.883407948295144,0.0 -78.6819591644388,33.88311353954628,0.0</coordinates>
                    </LinearRing>
                </outerBoundaryIs>
            </Polygon>
        </Placemark>
        <Placemark id="2206439">
            <name>Parcel_238383</name>
            <styleUrl>#2206444</styleUrl>
            <Polygon id="2206438">
                <outerBoundaryIs>
                    <LinearRing id="2206442">
                        <coordinates>-78.6818192546865,33.88118817622494,0.0 -78.68184192151786,33.88117996052354,0.0 -78.68188789202202,33.88126818592622,0.0 -78.68178211258173,33.881306527658374,0.0 -78.68173614216539,33.8812183022172,0.0 -78.68175880903686,33.88121008562961,0.0 -78.6818192546865,33.88118817622494,0.0</coordinates>
                    </LinearRing>
                </outerBoundaryIs>
            </Polygon>
        </Placemark>
        <Placemark id="2206448">
            <name>Parcel_238384</name>
            <styleUrl>#2206453</styleUrl>
            <Polygon id="2206447">
                <outerBoundaryIs>
                    <LinearRing id="2206451">
                        <coordinates>-79.17760593383291,34.051227031515,0.0 -79.17807557774701,34.051174420986825,0.0 -79.17818001670638,34.05365919448378,0.0 -79.1781414007008,34.0538240973068,0.0 -79.1780982133035,34.05378403916694,0.0 -79.17787444292662,34.05369592998352,0.0 -79.17780338274412,34.05364213722005,0.0 -79.17770404001166,34.05363035946732,0.0 -79.17760593383291,34.051227031515,0.0</coordinates>
                    </LinearRing>
                </outerBoundaryIs>
            </Polygon>
        </Placemark>
        <Placemark id="2206457">
            <name>Parcel_238385</name>
            <styleUrl>#2206462</styleUrl>
            <Polygon id="2206456">
                <outerBoundaryIs>
                    <LinearRing id="2206460">
                        <coordinates>-78.68101717339098,33.88272455805528,0.0 -78.68140215662928,33.88264918045796,0.0 -78.6814184364593,33.882702443446945,0.0 -78.68143712985258,33.88275515180085,0.0 -78.68145820964222,33.88280723014779,0.0 -78.68108600644747,33.8829186484571,0.0 -78.68106631732293,33.88287075950084,0.0 -78.6810482721898,33.88282242147168,0.0 -78.68103188619163,33.88277367433982,0.0 -78.68101717339098,33.88272455805528,0.0</coordinates>
                    </LinearRing>
                </outerBoundaryIs>
            </Polygon>
        </Placemark>
        <Placemark id="2206466">
            <name>Parcel_238386</name>
            <styleUrl>#2206471</styleUrl>
            <Polygon id="2206465">
                <outerBoundaryIs>
                    <LinearRing id="2206469">
                        <coordinates>-78.98201981746939,34.13824579641326,0.0 -78.98513741048158,34.137389619644736,0.0 -78.98549843257837,34.13814585175921,0.0 -78.98160253949128,34.13901794361768,0.0 -78.98161292021308,34.13871787470518,0.0 -78.98155149509289,34.13848843222146,0.0 -78.98186778499873,34.13834650428525,0.0 -78.98201981746939,34.13824579641326,0.0</coordinates>
                    </LinearRing>
                </outerBoundaryIs>
            </Polygon>
        </Placemark>
        <Placemark id="2206475">
            <name>Parcel_238387</name>
            <styleUrl>#2206480</styleUrl>
            <Polygon id="2206474">
                <outerBoundaryIs>
                    <LinearRing id="2206478">
                        <coordinates>-78.68159873468565,33.88146668297237,0.0 -78.68196917805058,33.88135127972292,0.0 -78.6820031489664,33.881428704225506,0.0 -78.68203588144944,33.88150650060187,0.0 -78.68166188571277,33.88161363790347,0.0 -78.68163089669093,33.8815399851643,0.0 -78.68159873468565,33.88146668297237,0.0</coordinates>
                    </LinearRing>
                </outerBoundaryIs>
            </Polygon>
        </Placemark>
        <Placemark id="2206484">
            <name>Parcel_238388</name>
            <styleUrl>#2206489</styleUrl>
            <Polygon id="2206483">
                <outerBoundaryIs>
                    <LinearRing id="2206487">
                        <coordinates>-78.68159808038095,33.8832480175753,0.0 -78.6817786231033,33.883180778252196,0.0 -78.68193609949479,33.88347490841401,0.0 -78.68175540701782,33.883541867366894,0.0 -78.68159808038095,33.8832480175753,0.0</coordinates>
                    </LinearRing>
                </outerBoundaryIs>
            </Polygon>
        </Placemark>
        <Placemark id="2206493">
            <name>Parcel_238389</name>
            <styleUrl>#2206498</styleUrl>
            <Polygon id="2206492">
                <outerBoundaryIs>
                    <LinearRing id="2206496">
                        <coordinates>-78.68154246603713,33.882534776603386,0.0 -78.68193121863918,33.882476213626774,0.0 -78.68193394098834,33.882488863978836,0.0 -78.68194013880859,33.88251567601987,0.0 -78.68194722862438,33.882542334280295,0.0 -78.68195898087258,33.882580356924095,0.0 -78.6819725483228,33.88261795713948,0.0 -78.68159741327702,33.88272199822841,0.0 -78.68158172169713,33.88267910433004,0.0 -78.68156780096199,33.88263578898198,0.0 -78.68155566491617,33.88259210024753,0.0 -78.68154533050131,33.88254809165964,0.0 -78.68154246603713,33.882534776603386,0.0</coordinates>
                    </LinearRing>
                </outerBoundaryIs>
            </Polygon>
        </Placemark>
        <Placemark id="2206502">
            <name>Parcel_238390</name>
            <styleUrl>#2206507</styleUrl>
            <Polygon id="2206501">
                <outerBoundaryIs>
                    <LinearRing id="2206505">
                        <coordinates>-78.68150442499835,33.88237296102243,0.0 -78.68189091956084,33.88230476362973,0.0 -78.68190617657699,33.88236655073889,0.0 -78.68193121863918,33.882476213626774,0.0 -78.68154246603713,33.882534776603386,0.0 -78.68152416783026,33.88245375064709,0.0 -78.68150442499835,33.88237296102243,0.0</coordinates>
                    </LinearRing>
                </outerBoundaryIs>
            </Polygon>
        </Placemark>
        <Placemark id="2206511">
            <name>Parcel_238391</name>
            <styleUrl>#2206516</styleUrl>
            <Polygon id="2206510">
                <outerBoundaryIs>
                    <LinearRing id="2206514">
                        <coordinates>-78.68077486149217,33.88191290359783,0.0 -78.68114993273488,33.88180840924745,0.0 -78.68118247823801,33.88189192616553,0.0 -78.68121339116988,33.88197587341579,0.0 -78.680834444014,33.882070139389995,0.0 -78.68080542001644,33.88199131984324,0.0 -78.68077486149217,33.88191290359783,0.0</coordinates>
                    </LinearRing>
                </outerBoundaryIs>
            </Polygon>
        </Placemark>
        <Placemark id="2206520">
            <name>Parcel_238392</name>
            <styleUrl>#2206525</styleUrl>
            <Polygon id="2206519">
                <outerBoundaryIs>
                    <LinearRing id="2206523">
                        <coordinates>-78.84551315357584,33.71990147313165,0.0 -78.84568712684889,33.719755324546036,0.0 -78.84644267540334,33.7203833580803,0.0 -78.84626870322262,33.72052950773124,0.0 -78.84551315357584,33.71990147313165,0.0</coordinates>
                    </LinearRing>
                </outerBoundaryIs>
            </Polygon>
        </Placemark>
        <Placemark id="2206529">
            <name>Parcel_238393</name>
            <styleUrl>#2206534</styleUrl>
            <Polygon id="2206528">
                <outerBoundaryIs>
                    <LinearRing id="2206532">
                        <coordinates>-78.80462209601335,33.773714188324796,0.0 -78.80488789150408,33.77355209051064,0.0 -78.80498332766972,33.77366126745794,0.0 -78.80527441181273,33.77399425996696,0.0 -78.80522719167963,33.77401772551135,0.0 -78.80518105862826,33.774042654346836,0.0 -78.80513607726837,33.77406901154266,0.0 -78.8050031170571,33.77415007907179,0.0 -78.80462209601335,33.773714188324796,0.0</coordinates>
                    </LinearRing>
                </outerBoundaryIs>
            </Polygon>
        </Placemark>
        <Placemark id="2206538">
            <name>Parcel_238394</name>
            <styleUrl>#2206543</styleUrl>
            <Polygon id="2206537">
                <outerBoundaryIs>
                    <LinearRing id="2206541">
                        <coordinates>-78.84499123020125,33.72033991829896,0.0 -78.84516520526327,33.72019376955733,0.0 -78.84592075491445,33.72082180715153,0.0 -78.84574677988833,33.72096795603809,0.0 -78.84499123020125,33.72033991829896,0.0</coordinates>
                    </LinearRing>
                </outerBoundaryIs>
            </Polygon>
        </Placemark>
        <Placemark id="2206547">
            <name>Parcel_238395</name>
            <styleUrl>#2206552</styleUrl>
            <Polygon id="2206546">
                <outerBoundaryIs>
                    <LinearRing id="2206550">
                        <coordinates>-78.80436958938736,33.773868180128744,0.0 -78.80462209601335,33.773714188324796,0.0 -78.8050031170571,33.77415007907179,0.0 -78.80487025777305,33.774231075193526,0.0 -78.80483079824512,33.774255998725415,0.0 -78.80479236810807,33.774282021046794,0.0 -78.8047550134598,33.77430911321198,0.0 -78.80436958938736,33.773868180128744,0.0</coordinates>
                    </LinearRing>
                </outerBoundaryIs>
            </Polygon>
        </Placemark>
        <Placemark id="2206556">
            <name>Parcel_238396</name>
            <styleUrl>#2206561</styleUrl>
            <Polygon id="2206555">
                <outerBoundaryIs>
                    <LinearRing id="2206559">
                        <coordinates>-78.91554849236087,34.148406471437994,0.0 -78.91672272962322,34.14878722289264,0.0 -78.91783016738911,34.14924405021214,0.0 -78.91732075988685,34.15146386162028,0.0 -78.91495431248867,34.15099546338705,0.0 -78.91554849236087,34.148406471437994,0.0</coordinates>
                    </LinearRing>
                </outerBoundaryIs>
            </Polygon>
        </Placemark>
        <Placemark id="2206565">
            <name>Parcel_238397</name>
            <styleUrl>#2206570</styleUrl>
            <Polygon id="2206564">
                <outerBoundaryIs>
                    <LinearRing id="2206568">
                        <coordinates>-78.68093506294738,33.882389040461426,0.0 -78.68132055925899,33.882315521751515,0.0 -78.68134319389222,33.88240128660055,0.0 -78.6813641530629,33.88248734659442,0.0 -78.68097599480208,33.882550369173934,0.0 -78.68095631554138,33.88246956621314,0.0 -78.68093506294738,33.882389040461426,0.0</coordinates>
                    </LinearRing>
                </outerBoundaryIs>
            </Polygon>
        </Placemark>
        <Placemark id="2206574">
            <name>Parcel_238398</name>
            <styleUrl>#2206579</styleUrl>
            <Polygon id="2206573">
                <outerBoundaryIs>
                    <LinearRing id="2206577">
                        <coordinates>-78.74206631741994,34.01319992787323,0.0 -78.74173125238272,34.012841426076456,0.0 -78.74199109804132,34.01263996361613,0.0 -78.74246454502135,34.01298259152083,0.0 -78.74206631741994,34.01319992787323,0.0</coordinates>
                    </LinearRing>
                </outerBoundaryIs>
            </Polygon>
        </Placemark>
        <Placemark id="2206583">
            <name>Parcel_238399</name>
            <styleUrl>#2206588</styleUrl>
            <Polygon id="2206582">
                <outerBoundaryIs>
                    <LinearRing id="2206586">
                        <coordinates>-78.74173125238272,34.012841426076456,0.0 -78.74149748933024,34.01259131038699,0.0 -78.74153004417232,34.012559312232135,0.0 -78.7417292182965,34.01235821521998,0.0 -78.7419967410669,34.01211631351218,0.0 -78.74204499671522,34.01217407721404,0.0 -78.74206963331905,34.01220356808875,0.0 -78.74229411244048,34.01240512155505,0.0 -78.7423068252728,34.0124137902782,0.0 -78.74199109804132,34.01263996361613,0.0 -78.74173125238272,34.012841426076456,0.0</coordinates>
                    </LinearRing>
                </outerBoundaryIs>
            </Polygon>
        </Placemark>
    </Document>
</kml>
