<?xml version="1.0" encoding="UTF-8"?>
<kml xmlns="http://www.opengis.net/kml/2.2" xmlns:gx="http://www.google.com/kml/ext/2.2">
    <Document id="1133848">
        <Style id="1133855">
            <LineStyle id="1133857">
                <color>ffffffff</color>
                <colorMode>normal</colorMode>
                <width>1</width>
            </LineStyle>
            <PolyStyle id="1133856">
                <color>8000a5ff</color>
                <colorMode>normal</colorMode>
                <fill>1</fill>
                <outline>1</outline>
            </PolyStyle>
        </Style>
        <Style id="1133869">
            <LineStyle id="1133871">
                <color>ffffffff</color>
                <colorMode>normal</colorMode>
                <width>1</width>
            </LineStyle>
            <PolyStyle id="1133870">
                <color>8000a5ff</color>
                <colorMode>normal</colorMode>
                <fill>1</fill>
                <outline>1</outline>
            </PolyStyle>
        </Style>
        <Style id="1133883">
            <LineStyle id="1133885">
                <color>ffffffff</color>
                <colorMode>normal</colorMode>
                <width>1</width>
            </LineStyle>
            <PolyStyle id="1133884">
                <color>80008000</color>
                <colorMode>normal</colorMode>
                <fill>1</fill>
                <outline>1</outline>
            </PolyStyle>
        </Style>
        <Style id="1133897">
            <LineStyle id="1133899">
                <color>ffffffff</color>
                <colorMode>normal</colorMode>
                <width>1</width>
            </LineStyle>
            <PolyStyle id="1133898">
                <color>8000a5ff</color>
                <colorMode>normal</colorMode>
                <fill>1</fill>
                <outline>1</outline>
            </PolyStyle>
        </Style>
        <Style id="1133911">
            <LineStyle id="1133913">
                <color>ffffffff</color>
                <colorMode>normal</colorMode>
                <width>1</width>
            </LineStyle>
            <PolyStyle id="1133912">
                <color>8000a5ff</color>
                <colorMode>normal</colorMode>
                <fill>1</fill>
                <outline>1</outline>
            </PolyStyle>
        </Style>
        <Style id="1133925">
            <LineStyle id="1133927">
                <color>ffffffff</color>
                <colorMode>normal</colorMode>
                <width>1</width>
            </LineStyle>
            <PolyStyle id="1133926">
                <color>8000a5ff</color>
                <colorMode>normal</colorMode>
                <fill>1</fill>
                <outline>1</outline>
            </PolyStyle>
        </Style>
        <Style id="1133939">
            <LineStyle id="1133941">
                <color>ffffffff</color>
                <colorMode>normal</colorMode>
                <width>1</width>
            </LineStyle>
            <PolyStyle id="1133940">
                <color>8000a5ff</color>
                <colorMode>normal</colorMode>
                <fill>1</fill>
                <outline>1</outline>
            </PolyStyle>
        </Style>
        <Style id="1133953">
            <LineStyle id="1133955">
                <color>ffffffff</color>
                <colorMode>normal</colorMode>
                <width>1</width>
            </LineStyle>
            <PolyStyle id="1133954">
                <color>8000a5ff</color>
                <colorMode>normal</colorMode>
                <fill>1</fill>
                <outline>1</outline>
            </PolyStyle>
        </Style>
        <Style id="1133967">
            <LineStyle id="1133969">
                <color>ffffffff</color>
                <colorMode>normal</colorMode>
                <width>1</width>
            </LineStyle>
            <PolyStyle id="1133968">
                <color>8000a5ff</color>
                <colorMode>normal</colorMode>
                <fill>1</fill>
                <outline>1</outline>
            </PolyStyle>
        </Style>
        <Style id="1133981">
            <LineStyle id="1133983">
                <color>ffffffff</color>
                <colorMode>normal</colorMode>
                <width>1</width>
            </LineStyle>
            <PolyStyle id="1133982">
                <color>80008000</color>
                <colorMode>normal</colorMode>
                <fill>1</fill>
                <outline>1</outline>
            </PolyStyle>
        </Style>
        <Style id="1133995">
            <LineStyle id="1133997">
                <color>ffffffff</color>
                <colorMode>normal</colorMode>
                <width>1</width>
            </LineStyle>
            <PolyStyle id="1133996">
                <color>8000a5ff</color>
                <colorMode>normal</colorMode>
                <fill>1</fill>
                <outline>1</outline>
            </PolyStyle>
        </Style>
        <Style id="1134009">
            <LineStyle id="1134011">
                <color>ffffffff</color>
                <colorMode>normal</colorMode>
                <width>1</width>
            </LineStyle>
            <PolyStyle id="1134010">
                <color>8000a5ff</color>
                <colorMode>normal</colorMode>
                <fill>1</fill>
                <outline>1</outline>
            </PolyStyle>
        </Style>
        <Style id="1134023">
            <LineStyle id="1134025">
                <color>ffffffff</color>
                <colorMode>normal</colorMode>
                <width>1</width>
            </LineStyle>
            <PolyStyle id="1134024">
                <color>8000a5ff</color>
                <colorMode>normal</colorMode>
                <fill>1</fill>
                <outline>1</outline>
            </PolyStyle>
        </Style>
        <Style id="1134037">
            <LineStyle id="1134039">
                <color>ffffffff</color>
                <colorMode>normal</colorMode>
                <width>1</width>
            </LineStyle>
            <PolyStyle id="1134038">
                <color>8000a5ff</color>
                <colorMode>normal</colorMode>
                <fill>1</fill>
                <outline>1</outline>
            </PolyStyle>
        </Style>
        <Style id="1134051">
            <LineStyle id="1134053">
                <color>ffffffff</color>
                <colorMode>normal</colorMode>
                <width>1</width>
            </LineStyle>
            <PolyStyle id="1134052">
                <color>8000a5ff</color>
                <colorMode>normal</colorMode>
                <fill>1</fill>
                <outline>1</outline>
            </PolyStyle>
        </Style>
        <Style id="1134065">
            <LineStyle id="1134067">
                <color>ffffffff</color>
                <colorMode>normal</colorMode>
                <width>1</width>
            </LineStyle>
            <PolyStyle id="1134066">
                <color>8000a5ff</color>
                <colorMode>normal</colorMode>
                <fill>1</fill>
                <outline>1</outline>
            </PolyStyle>
        </Style>
        <Style id="1134079">
            <LineStyle id="1134081">
                <color>ffffffff</color>
                <colorMode>normal</colorMode>
                <width>1</width>
            </LineStyle>
            <PolyStyle id="1134080">
                <color>8000a5ff</color>
                <colorMode>normal</colorMode>
                <fill>1</fill>
                <outline>1</outline>
            </PolyStyle>
        </Style>
        <Style id="1134093">
            <LineStyle id="1134095">
                <color>ffffffff</color>
                <colorMode>normal</colorMode>
                <width>1</width>
            </LineStyle>
            <PolyStyle id="1134094">
                <color>8000a5ff</color>
                <colorMode>normal</colorMode>
                <fill>1</fill>
                <outline>1</outline>
            </PolyStyle>
        </Style>
        <Style id="1134107">
            <LineStyle id="1134109">
                <color>ffffffff</color>
                <colorMode>normal</colorMode>
                <width>1</width>
            </LineStyle>
            <PolyStyle id="1134108">
                <color>80008000</color>
                <colorMode>normal</colorMode>
                <fill>1</fill>
                <outline>1</outline>
            </PolyStyle>
        </Style>
        <Style id="1134121">
            <LineStyle id="1134123">
                <color>ffffffff</color>
                <colorMode>normal</colorMode>
                <width>1</width>
            </LineStyle>
            <PolyStyle id="1134122">
                <color>8000a5ff</color>
                <colorMode>normal</colorMode>
                <fill>1</fill>
                <outline>1</outline>
            </PolyStyle>
        </Style>
        <Style id="1134135">
            <LineStyle id="1134137">
                <color>ffffffff</color>
                <colorMode>normal</colorMode>
                <width>1</width>
            </LineStyle>
            <PolyStyle id="1134136">
                <color>8000a5ff</color>
                <colorMode>normal</colorMode>
                <fill>1</fill>
                <outline>1</outline>
            </PolyStyle>
        </Style>
        <Style id="1134149">
            <LineStyle id="1134151">
                <color>ffffffff</color>
                <colorMode>normal</colorMode>
                <width>1</width>
            </LineStyle>
            <PolyStyle id="1134150">
                <color>8000a5ff</color>
                <colorMode>normal</colorMode>
                <fill>1</fill>
                <outline>1</outline>
            </PolyStyle>
        </Style>
        <Style id="1134163">
            <LineStyle id="1134165">
                <color>ffffffff</color>
                <colorMode>normal</colorMode>
                <width>1</width>
            </LineStyle>
            <PolyStyle id="1134164">
                <color>8000a5ff</color>
                <colorMode>normal</colorMode>
                <fill>1</fill>
                <outline>1</outline>
            </PolyStyle>
        </Style>
        <Style id="1134177">
            <LineStyle id="1134179">
                <color>ffffffff</color>
                <colorMode>normal</colorMode>
                <width>1</width>
            </LineStyle>
            <PolyStyle id="1134178">
                <color>8000a5ff</color>
                <colorMode>normal</colorMode>
                <fill>1</fill>
                <outline>1</outline>
            </PolyStyle>
        </Style>
        <Style id="1134191">
            <LineStyle id="1134193">
                <color>ffffffff</color>
                <colorMode>normal</colorMode>
                <width>1</width>
            </LineStyle>
            <PolyStyle id="1134192">
                <color>80008000</color>
                <colorMode>normal</colorMode>
                <fill>1</fill>
                <outline>1</outline>
            </PolyStyle>
        </Style>
        <Style id="1134205">
            <LineStyle id="1134207">
                <color>ffffffff</color>
                <colorMode>normal</colorMode>
                <width>1</width>
            </LineStyle>
            <PolyStyle id="1134206">
                <color>8000a5ff</color>
                <colorMode>normal</colorMode>
                <fill>1</fill>
                <outline>1</outline>
            </PolyStyle>
        </Style>
        <Style id="1134219">
            <LineStyle id="1134221">
                <color>ffffffff</color>
                <colorMode>normal</colorMode>
                <width>1</width>
            </LineStyle>
            <PolyStyle id="1134220">
                <color>8000a5ff</color>
                <colorMode>normal</colorMode>
                <fill>1</fill>
                <outline>1</outline>
            </PolyStyle>
        </Style>
        <Style id="1134233">
            <LineStyle id="1134235">
                <color>ffffffff</color>
                <colorMode>normal</colorMode>
                <width>1</width>
            </LineStyle>
            <PolyStyle id="1134234">
                <color>8000a5ff</color>
                <colorMode>normal</colorMode>
                <fill>1</fill>
                <outline>1</outline>
            </PolyStyle>
        </Style>
        <Style id="1134247">
            <LineStyle id="1134249">
                <color>ffffffff</color>
                <colorMode>normal</colorMode>
                <width>1</width>
            </LineStyle>
            <PolyStyle id="1134248">
                <color>8000a5ff</color>
                <colorMode>normal</colorMode>
                <fill>1</fill>
                <outline>1</outline>
            </PolyStyle>
        </Style>
        <Style id="1134261">
            <LineStyle id="1134263">
                <color>ffffffff</color>
                <colorMode>normal</colorMode>
                <width>1</width>
            </LineStyle>
            <PolyStyle id="1134262">
                <color>8000a5ff</color>
                <colorMode>normal</colorMode>
                <fill>1</fill>
                <outline>1</outline>
            </PolyStyle>
        </Style>
        <Style id="1134275">
            <LineStyle id="1134277">
                <color>ffffffff</color>
                <colorMode>normal</colorMode>
                <width>1</width>
            </LineStyle>
            <PolyStyle id="1134276">
                <color>8000a5ff</color>
                <colorMode>normal</colorMode>
                <fill>1</fill>
                <outline>1</outline>
            </PolyStyle>
        </Style>
        <Style id="1134289">
            <LineStyle id="1134291">
                <color>ffffffff</color>
                <colorMode>normal</colorMode>
                <width>1</width>
            </LineStyle>
            <PolyStyle id="1134290">
                <color>8000a5ff</color>
                <colorMode>normal</colorMode>
                <fill>1</fill>
                <outline>1</outline>
            </PolyStyle>
        </Style>
        <Style id="1134303">
            <LineStyle id="1134305">
                <color>ffffffff</color>
                <colorMode>normal</colorMode>
                <width>1</width>
            </LineStyle>
            <PolyStyle id="1134304">
                <color>8000a5ff</color>
                <colorMode>normal</colorMode>
                <fill>1</fill>
                <outline>1</outline>
            </PolyStyle>
        </Style>
        <Style id="1134317">
            <LineStyle id="1134319">
                <color>ffffffff</color>
                <colorMode>normal</colorMode>
                <width>1</width>
            </LineStyle>
            <PolyStyle id="1134318">
                <color>8000a5ff</color>
                <colorMode>normal</colorMode>
                <fill>1</fill>
                <outline>1</outline>
            </PolyStyle>
        </Style>
        <Style id="1134331">
            <LineStyle id="1134333">
                <color>ffffffff</color>
                <colorMode>normal</colorMode>
                <width>1</width>
            </LineStyle>
            <PolyStyle id="1134332">
                <color>80008000</color>
                <colorMode>normal</colorMode>
                <fill>1</fill>
                <outline>1</outline>
            </PolyStyle>
        </Style>
        <Style id="1134345">
            <LineStyle id="1134347">
                <color>ffffffff</color>
                <colorMode>normal</colorMode>
                <width>1</width>
            </LineStyle>
            <PolyStyle id="1134346">
                <color>8000a5ff</color>
                <colorMode>normal</colorMode>
                <fill>1</fill>
                <outline>1</outline>
            </PolyStyle>
        </Style>
        <Style id="1134359">
            <LineStyle id="1134361">
                <color>ffffffff</color>
                <colorMode>normal</colorMode>
                <width>1</width>
            </LineStyle>
            <PolyStyle id="1134360">
                <color>8000a5ff</color>
                <colorMode>normal</colorMode>
                <fill>1</fill>
                <outline>1</outline>
            </PolyStyle>
        </Style>
        <Style id="1134373">
            <LineStyle id="1134375">
                <color>ffffffff</color>
                <colorMode>normal</colorMode>
                <width>1</width>
            </LineStyle>
            <PolyStyle id="1134374">
                <color>8000a5ff</color>
                <colorMode>normal</colorMode>
                <fill>1</fill>
                <outline>1</outline>
            </PolyStyle>
        </Style>
        <Style id="1134387">
            <LineStyle id="1134389">
                <color>ffffffff</color>
                <colorMode>normal</colorMode>
                <width>1</width>
            </LineStyle>
            <PolyStyle id="1134388">
                <color>80008000</color>
                <colorMode>normal</colorMode>
                <fill>1</fill>
                <outline>1</outline>
            </PolyStyle>
        </Style>
        <Style id="1134401">
            <LineStyle id="1134403">
                <color>ffffffff</color>
                <colorMode>normal</colorMode>
                <width>1</width>
            </LineStyle>
            <PolyStyle id="1134402">
                <color>8000a5ff</color>
                <colorMode>normal</colorMode>
                <fill>1</fill>
                <outline>1</outline>
            </PolyStyle>
        </Style>
        <Style id="1134415">
            <LineStyle id="1134417">
                <color>ffffffff</color>
                <colorMode>normal</colorMode>
                <width>1</width>
            </LineStyle>
            <PolyStyle id="1134416">
                <color>8000a5ff</color>
                <colorMode>normal</colorMode>
                <fill>1</fill>
                <outline>1</outline>
            </PolyStyle>
        </Style>
        <Style id="1134429">
            <LineStyle id="1134431">
                <color>ffffffff</color>
                <colorMode>normal</colorMode>
                <width>1</width>
            </LineStyle>
            <PolyStyle id="1134430">
                <color>8000a5ff</color>
                <colorMode>normal</colorMode>
                <fill>1</fill>
                <outline>1</outline>
            </PolyStyle>
        </Style>
        <Style id="1134443">
            <LineStyle id="1134445">
                <color>ffffffff</color>
                <colorMode>normal</colorMode>
                <width>1</width>
            </LineStyle>
            <PolyStyle id="1134444">
                <color>80008000</color>
                <colorMode>normal</colorMode>
                <fill>1</fill>
                <outline>1</outline>
            </PolyStyle>
        </Style>
        <Style id="1134457">
            <LineStyle id="1134459">
                <color>ffffffff</color>
                <colorMode>normal</colorMode>
                <width>1</width>
            </LineStyle>
            <PolyStyle id="1134458">
                <color>80008000</color>
                <colorMode>normal</colorMode>
                <fill>1</fill>
                <outline>1</outline>
            </PolyStyle>
        </Style>
        <Style id="1134471">
            <LineStyle id="1134473">
                <color>ffffffff</color>
                <colorMode>normal</colorMode>
                <width>1</width>
            </LineStyle>
            <PolyStyle id="1134472">
                <color>8000a5ff</color>
                <colorMode>normal</colorMode>
                <fill>1</fill>
                <outline>1</outline>
            </PolyStyle>
        </Style>
        <Style id="1134485">
            <LineStyle id="1134487">
                <color>ffffffff</color>
                <colorMode>normal</colorMode>
                <width>1</width>
            </LineStyle>
            <PolyStyle id="1134486">
                <color>8000a5ff</color>
                <colorMode>normal</colorMode>
                <fill>1</fill>
                <outline>1</outline>
            </PolyStyle>
        </Style>
        <Style id="1134499">
            <LineStyle id="1134501">
                <color>ffffffff</color>
                <colorMode>normal</colorMode>
                <width>1</width>
            </LineStyle>
            <PolyStyle id="1134500">
                <color>8000a5ff</color>
                <colorMode>normal</colorMode>
                <fill>1</fill>
                <outline>1</outline>
            </PolyStyle>
        </Style>
        <Style id="1134513">
            <LineStyle id="1134515">
                <color>ffffffff</color>
                <colorMode>normal</colorMode>
                <width>1</width>
            </LineStyle>
            <PolyStyle id="1134514">
                <color>8000a5ff</color>
                <colorMode>normal</colorMode>
                <fill>1</fill>
                <outline>1</outline>
            </PolyStyle>
        </Style>
        <Style id="1134527">
            <LineStyle id="1134529">
                <color>ffffffff</color>
                <colorMode>normal</colorMode>
                <width>1</width>
            </LineStyle>
            <PolyStyle id="1134528">
                <color>80008000</color>
                <colorMode>normal</colorMode>
                <fill>1</fill>
                <outline>1</outline>
            </PolyStyle>
        </Style>
        <Style id="1134541">
            <LineStyle id="1134543">
                <color>ffffffff</color>
                <colorMode>normal</colorMode>
                <width>1</width>
            </LineStyle>
            <PolyStyle id="1134542">
                <color>8000a5ff</color>
                <colorMode>normal</colorMode>
                <fill>1</fill>
                <outline>1</outline>
            </PolyStyle>
        </Style>
        <Style id="1134555">
            <LineStyle id="1134557">
                <color>ffffffff</color>
                <colorMode>normal</colorMode>
                <width>1</width>
            </LineStyle>
            <PolyStyle id="1134556">
                <color>8000a5ff</color>
                <colorMode>normal</colorMode>
                <fill>1</fill>
                <outline>1</outline>
            </PolyStyle>
        </Style>
        <Style id="1134569">
            <LineStyle id="1134571">
                <color>ffffffff</color>
                <colorMode>normal</colorMode>
                <width>1</width>
            </LineStyle>
            <PolyStyle id="1134570">
                <color>8000a5ff</color>
                <colorMode>normal</colorMode>
                <fill>1</fill>
                <outline>1</outline>
            </PolyStyle>
        </Style>
        <Style id="1134583">
            <LineStyle id="1134585">
                <color>ffffffff</color>
                <colorMode>normal</colorMode>
                <width>1</width>
            </LineStyle>
            <PolyStyle id="1134584">
                <color>8000a5ff</color>
                <colorMode>normal</colorMode>
                <fill>1</fill>
                <outline>1</outline>
            </PolyStyle>
        </Style>
        <Style id="1134597">
            <LineStyle id="1134599">
                <color>ffffffff</color>
                <colorMode>normal</colorMode>
                <width>1</width>
            </LineStyle>
            <PolyStyle id="1134598">
                <color>8000a5ff</color>
                <colorMode>normal</colorMode>
                <fill>1</fill>
                <outline>1</outline>
            </PolyStyle>
        </Style>
        <Style id="1134611">
            <LineStyle id="1134613">
                <color>ffffffff</color>
                <colorMode>normal</colorMode>
                <width>1</width>
            </LineStyle>
            <PolyStyle id="1134612">
                <color>80008000</color>
                <colorMode>normal</colorMode>
                <fill>1</fill>
                <outline>1</outline>
            </PolyStyle>
        </Style>
        <Style id="1134625">
            <LineStyle id="1134627">
                <color>ffffffff</color>
                <colorMode>normal</colorMode>
                <width>1</width>
            </LineStyle>
            <PolyStyle id="1134626">
                <color>8000a5ff</color>
                <colorMode>normal</colorMode>
                <fill>1</fill>
                <outline>1</outline>
            </PolyStyle>
        </Style>
        <Style id="1134639">
            <LineStyle id="1134641">
                <color>ffffffff</color>
                <colorMode>normal</colorMode>
                <width>1</width>
            </LineStyle>
            <PolyStyle id="1134640">
                <color>8000a5ff</color>
                <colorMode>normal</colorMode>
                <fill>1</fill>
                <outline>1</outline>
            </PolyStyle>
        </Style>
        <Style id="1134653">
            <LineStyle id="1134655">
                <color>ffffffff</color>
                <colorMode>normal</colorMode>
                <width>1</width>
            </LineStyle>
            <PolyStyle id="1134654">
                <color>8000a5ff</color>
                <colorMode>normal</colorMode>
                <fill>1</fill>
                <outline>1</outline>
            </PolyStyle>
        </Style>
        <Style id="1134667">
            <LineStyle id="1134669">
                <color>ffffffff</color>
                <colorMode>normal</colorMode>
                <width>1</width>
            </LineStyle>
            <PolyStyle id="1134668">
                <color>8000a5ff</color>
                <colorMode>normal</colorMode>
                <fill>1</fill>
                <outline>1</outline>
            </PolyStyle>
        </Style>
        <Style id="1134681">
            <LineStyle id="1134683">
                <color>ffffffff</color>
                <colorMode>normal</colorMode>
                <width>1</width>
            </LineStyle>
            <PolyStyle id="1134682">
                <color>8000a5ff</color>
                <colorMode>normal</colorMode>
                <fill>1</fill>
                <outline>1</outline>
            </PolyStyle>
        </Style>
        <Style id="1134695">
            <LineStyle id="1134697">
                <color>ffffffff</color>
                <colorMode>normal</colorMode>
                <width>1</width>
            </LineStyle>
            <PolyStyle id="1134696">
                <color>8000a5ff</color>
                <colorMode>normal</colorMode>
                <fill>1</fill>
                <outline>1</outline>
            </PolyStyle>
        </Style>
        <Style id="1134709">
            <LineStyle id="1134711">
                <color>ffffffff</color>
                <colorMode>normal</colorMode>
                <width>1</width>
            </LineStyle>
            <PolyStyle id="1134710">
                <color>8000a5ff</color>
                <colorMode>normal</colorMode>
                <fill>1</fill>
                <outline>1</outline>
            </PolyStyle>
        </Style>
        <Style id="1134723">
            <LineStyle id="1134725">
                <color>ffffffff</color>
                <colorMode>normal</colorMode>
                <width>1</width>
            </LineStyle>
            <PolyStyle id="1134724">
                <color>8000a5ff</color>
                <colorMode>normal</colorMode>
                <fill>1</fill>
                <outline>1</outline>
            </PolyStyle>
        </Style>
        <Style id="1134737">
            <LineStyle id="1134739">
                <color>ffffffff</color>
                <colorMode>normal</colorMode>
                <width>1</width>
            </LineStyle>
            <PolyStyle id="1134738">
                <color>80008000</color>
                <colorMode>normal</colorMode>
                <fill>1</fill>
                <outline>1</outline>
            </PolyStyle>
        </Style>
        <Style id="1134751">
            <LineStyle id="1134753">
                <color>ffffffff</color>
                <colorMode>normal</colorMode>
                <width>1</width>
            </LineStyle>
            <PolyStyle id="1134752">
                <color>8000a5ff</color>
                <colorMode>normal</colorMode>
                <fill>1</fill>
                <outline>1</outline>
            </PolyStyle>
        </Style>
        <Style id="1134765">
            <LineStyle id="1134767">
                <color>ffffffff</color>
                <colorMode>normal</colorMode>
                <width>1</width>
            </LineStyle>
            <PolyStyle id="1134766">
                <color>8000a5ff</color>
                <colorMode>normal</colorMode>
                <fill>1</fill>
                <outline>1</outline>
            </PolyStyle>
        </Style>
        <Style id="1134779">
            <LineStyle id="1134781">
                <color>ffffffff</color>
                <colorMode>normal</colorMode>
                <width>1</width>
            </LineStyle>
            <PolyStyle id="1134780">
                <color>8000a5ff</color>
                <colorMode>normal</colorMode>
                <fill>1</fill>
                <outline>1</outline>
            </PolyStyle>
        </Style>
        <Style id="1134793">
            <LineStyle id="1134795">
                <color>ffffffff</color>
                <colorMode>normal</colorMode>
                <width>1</width>
            </LineStyle>
            <PolyStyle id="1134794">
                <color>8000a5ff</color>
                <colorMode>normal</colorMode>
                <fill>1</fill>
                <outline>1</outline>
            </PolyStyle>
        </Style>
        <Style id="1134807">
            <LineStyle id="1134809">
                <color>ffffffff</color>
                <colorMode>normal</colorMode>
                <width>1</width>
            </LineStyle>
            <PolyStyle id="1134808">
                <color>8000a5ff</color>
                <colorMode>normal</colorMode>
                <fill>1</fill>
                <outline>1</outline>
            </PolyStyle>
        </Style>
        <Style id="1134821">
            <LineStyle id="1134823">
                <color>ffffffff</color>
                <colorMode>normal</colorMode>
                <width>1</width>
            </LineStyle>
            <PolyStyle id="1134822">
                <color>8000a5ff</color>
                <colorMode>normal</colorMode>
                <fill>1</fill>
                <outline>1</outline>
            </PolyStyle>
        </Style>
        <Style id="1134835">
            <LineStyle id="1134837">
                <color>ffffffff</color>
                <colorMode>normal</colorMode>
                <width>1</width>
            </LineStyle>
            <PolyStyle id="1134836">
                <color>8000a5ff</color>
                <colorMode>normal</colorMode>
                <fill>1</fill>
                <outline>1</outline>
            </PolyStyle>
        </Style>
        <Style id="1134849">
            <LineStyle id="1134851">
                <color>ffffffff</color>
                <colorMode>normal</colorMode>
                <width>1</width>
            </LineStyle>
            <PolyStyle id="1134850">
                <color>8000a5ff</color>
                <colorMode>normal</colorMode>
                <fill>1</fill>
                <outline>1</outline>
            </PolyStyle>
        </Style>
        <Style id="1134863">
            <LineStyle id="1134865">
                <color>ffffffff</color>
                <colorMode>normal</colorMode>
                <width>1</width>
            </LineStyle>
            <PolyStyle id="1134864">
                <color>8000a5ff</color>
                <colorMode>normal</colorMode>
                <fill>1</fill>
                <outline>1</outline>
            </PolyStyle>
        </Style>
        <Style id="1134877">
            <LineStyle id="1134879">
                <color>ffffffff</color>
                <colorMode>normal</colorMode>
                <width>1</width>
            </LineStyle>
            <PolyStyle id="1134878">
                <color>8000a5ff</color>
                <colorMode>normal</colorMode>
                <fill>1</fill>
                <outline>1</outline>
            </PolyStyle>
        </Style>
        <Style id="1134891">
            <LineStyle id="1134893">
                <color>ffffffff</color>
                <colorMode>normal</colorMode>
                <width>1</width>
            </LineStyle>
            <PolyStyle id="1134892">
                <color>8000a5ff</color>
                <colorMode>normal</colorMode>
                <fill>1</fill>
                <outline>1</outline>
            </PolyStyle>
        </Style>
        <Style id="1134905">
            <LineStyle id="1134907">
                <color>ffffffff</color>
                <colorMode>normal</colorMode>
                <width>1</width>
            </LineStyle>
            <PolyStyle id="1134906">
                <color>8000a5ff</color>
                <colorMode>normal</colorMode>
                <fill>1</fill>
                <outline>1</outline>
            </PolyStyle>
        </Style>
        <Style id="1134919">
            <LineStyle id="1134921">
                <color>ffffffff</color>
                <colorMode>normal</colorMode>
                <width>1</width>
            </LineStyle>
            <PolyStyle id="1134920">
                <color>8000a5ff</color>
                <colorMode>normal</colorMode>
                <fill>1</fill>
                <outline>1</outline>
            </PolyStyle>
        </Style>
        <Style id="1134933">
            <LineStyle id="1134935">
                <color>ffffffff</color>
                <colorMode>normal</colorMode>
                <width>1</width>
            </LineStyle>
            <PolyStyle id="1134934">
                <color>8000a5ff</color>
                <colorMode>normal</colorMode>
                <fill>1</fill>
                <outline>1</outline>
            </PolyStyle>
        </Style>
        <Style id="1134947">
            <LineStyle id="1134949">
                <color>ffffffff</color>
                <colorMode>normal</colorMode>
                <width>1</width>
            </LineStyle>
            <PolyStyle id="1134948">
                <color>80008000</color>
                <colorMode>normal</colorMode>
                <fill>1</fill>
                <outline>1</outline>
            </PolyStyle>
        </Style>
        <Style id="1134961">
            <LineStyle id="1134963">
                <color>ffffffff</color>
                <colorMode>normal</colorMode>
                <width>1</width>
            </LineStyle>
            <PolyStyle id="1134962">
                <color>8000a5ff</color>
                <colorMode>normal</colorMode>
                <fill>1</fill>
                <outline>1</outline>
            </PolyStyle>
        </Style>
        <Placemark id="1133850">
            <name>35715020123.0</name>
            <description>PIN: 35715020123.0&lt;br&gt;Wetland %: 0.00&lt;br&gt;Flood %: 100.00&lt;br&gt;Parcel area (m²): 1230.47</description>
            <styleUrl>#1133855</styleUrl>
            <ExtendedData>
                <Data name="PIN">
                    <value>35715020123.0</value>
                </Data>
                <Data name="Wetland_%">
                    <value>0.00</value>
                </Data>
                <Data name="Flood_%">
                    <value>100.00</value>
                </Data>
                <Data name="Parcel_area_m2">
                    <value>1230.47</value>
                </Data>
            </ExtendedData>
            <Polygon id="1133849">
                <outerBoundaryIs>
                    <LinearRing id="1133853">
                        <coordinates>-78.70479043879506,33.80777687328072,0.0 -78.70496458269686,33.8076991724258,0.0 -78.70520033972736,33.808059907183,0.0 -78.70502036166502,33.80814025029873,0.0 -78.70479043879506,33.80777687328072,0.0</coordinates>
                    </LinearRing>
                </outerBoundaryIs>
            </Polygon>
        </Placemark>
        <Placemark id="1133864">
            <name>35715010077.0</name>
            <description>PIN: 35715010077.0&lt;br&gt;Wetland %: 0.00&lt;br&gt;Flood %: 100.00&lt;br&gt;Parcel area (m²): 587.11</description>
            <styleUrl>#1133869</styleUrl>
            <ExtendedData>
                <Data name="PIN">
                    <value>35715010077.0</value>
                </Data>
                <Data name="Wetland_%">
                    <value>0.00</value>
                </Data>
                <Data name="Flood_%">
                    <value>100.00</value>
                </Data>
                <Data name="Parcel_area_m2">
                    <value>587.11</value>
                </Data>
            </ExtendedData>
            <Polygon id="1133863">
                <outerBoundaryIs>
                    <LinearRing id="1133867">
                        <coordinates>-78.70965164292365,33.807984261136426,0.0 -78.70986231900005,33.807894856267644,0.0 -78.70986311047774,33.80789605609236,0.0 -78.70995729514063,33.80803888568191,0.0 -78.70985812696432,33.808083799804685,0.0 -78.70975062405155,33.80813248769494,0.0 -78.70965164292365,33.807984261136426,0.0</coordinates>
                    </LinearRing>
                </outerBoundaryIs>
            </Polygon>
        </Placemark>
        <Placemark id="1133878">
            <name>36716020003.0</name>
            <description>PIN: 36716020003.0&lt;br&gt;Wetland %: 26.68&lt;br&gt;Flood %: 0.00&lt;br&gt;Parcel area (m²): 840.17</description>
            <styleUrl>#1133883</styleUrl>
            <ExtendedData>
                <Data name="PIN">
                    <value>36716020003.0</value>
                </Data>
                <Data name="Wetland_%">
                    <value>26.68</value>
                </Data>
                <Data name="Flood_%">
                    <value>0.00</value>
                </Data>
                <Data name="Parcel_area_m2">
                    <value>840.17</value>
                </Data>
            </ExtendedData>
            <Polygon id="1133877">
                <outerBoundaryIs>
                    <LinearRing id="1133881">
                        <coordinates>-79.0404077777899,33.81349447627616,0.0 -79.04062348534107,33.81356730290235,0.0 -79.0405217471798,33.813805370923596,0.0 -79.04032883055343,33.81374407318746,0.0 -79.04032473985275,33.8137429775562,0.0 -79.04032644944336,33.81374025561482,0.0 -79.0404077777899,33.81349447627616,0.0</coordinates>
                    </LinearRing>
                </outerBoundaryIs>
            </Polygon>
        </Placemark>
        <Placemark id="1133892">
            <name>38301040028.0</name>
            <description>PIN: 38301040028.0&lt;br&gt;Wetland %: 0.00&lt;br&gt;Flood %: 100.00&lt;br&gt;Parcel area (m²): 1089.15</description>
            <styleUrl>#1133897</styleUrl>
            <ExtendedData>
                <Data name="PIN">
                    <value>38301040028.0</value>
                </Data>
                <Data name="Wetland_%">
                    <value>0.00</value>
                </Data>
                <Data name="Flood_%">
                    <value>100.00</value>
                </Data>
                <Data name="Parcel_area_m2">
                    <value>1089.15</value>
                </Data>
            </ExtendedData>
            <Polygon id="1133891">
                <outerBoundaryIs>
                    <LinearRing id="1133895">
                        <coordinates>-79.01445291079052,33.80294476132205,0.0 -79.01444431777139,33.802638621493664,0.0 -79.01462554895612,33.80263345368395,0.0 -79.01467415997304,33.80263165571193,0.0 -79.01468408348036,33.80295156106407,0.0 -79.01459756208133,33.80295515637282,0.0 -79.01454902203288,33.80295386280504,0.0 -79.01450135523703,33.80295034919347,0.0 -79.01445291079052,33.80294476132205,0.0</coordinates>
                    </LinearRing>
                </outerBoundaryIs>
            </Polygon>
        </Placemark>
        <Placemark id="1133906">
            <name>38204030140.0</name>
            <description>PIN: 38204030140.0&lt;br&gt;Wetland %: 0.00&lt;br&gt;Flood %: 100.00&lt;br&gt;Parcel area (m²): 1098.71</description>
            <styleUrl>#1133911</styleUrl>
            <ExtendedData>
                <Data name="PIN">
                    <value>38204030140.0</value>
                </Data>
                <Data name="Wetland_%">
                    <value>0.00</value>
                </Data>
                <Data name="Flood_%">
                    <value>100.00</value>
                </Data>
                <Data name="Parcel_area_m2">
                    <value>1098.71</value>
                </Data>
            </ExtendedData>
            <Polygon id="1133905">
                <outerBoundaryIs>
                    <LinearRing id="1133909">
                        <coordinates>-79.01467415997304,33.80263165571193,0.0 -79.01481506365957,33.80262601306543,0.0 -79.0149048527004,33.802623501799474,0.0 -79.01491398792852,33.8029420190649,0.0 -79.01468408348036,33.80295156106407,0.0 -79.01467415997304,33.80263165571193,0.0</coordinates>
                    </LinearRing>
                </outerBoundaryIs>
            </Polygon>
        </Placemark>
        <Placemark id="1133920">
            <name>38204030139.0</name>
            <description>PIN: 38204030139.0&lt;br&gt;Wetland %: 0.00&lt;br&gt;Flood %: 100.00&lt;br&gt;Parcel area (m²): 1091.84</description>
            <styleUrl>#1133925</styleUrl>
            <ExtendedData>
                <Data name="PIN">
                    <value>38204030139.0</value>
                </Data>
                <Data name="Wetland_%">
                    <value>0.00</value>
                </Data>
                <Data name="Flood_%">
                    <value>100.00</value>
                </Data>
                <Data name="Parcel_area_m2">
                    <value>1091.84</value>
                </Data>
            </ExtendedData>
            <Polygon id="1133919">
                <outerBoundaryIs>
                    <LinearRing id="1133923">
                        <coordinates>-79.0149048527004,33.802623501799474,0.0 -79.0150201834602,33.802620196016434,0.0 -79.01513473258109,33.802614988089886,0.0 -79.01514471527825,33.8029324889331,0.0 -79.01491398792852,33.8029420190649,0.0 -79.0149048527004,33.802623501799474,0.0</coordinates>
                    </LinearRing>
                </outerBoundaryIs>
            </Polygon>
        </Placemark>
        <Placemark id="1133934">
            <name>39103030089.0</name>
            <description>PIN: 39103030089.0&lt;br&gt;Wetland %: 0.00&lt;br&gt;Flood %: 100.00&lt;br&gt;Parcel area (m²): 995.22</description>
            <styleUrl>#1133939</styleUrl>
            <ExtendedData>
                <Data name="PIN">
                    <value>39103030089.0</value>
                </Data>
                <Data name="Wetland_%">
                    <value>0.00</value>
                </Data>
                <Data name="Flood_%">
                    <value>100.00</value>
                </Data>
                <Data name="Parcel_area_m2">
                    <value>995.22</value>
                </Data>
            </ExtendedData>
            <Polygon id="1133933">
                <outerBoundaryIs>
                    <LinearRing id="1133937">
                        <coordinates>-78.72894465702107,33.79782264369914,0.0 -78.72889060187521,33.79775893023168,0.0 -78.7291574134995,33.79771895862211,0.0 -78.72931653408239,33.797925000875786,0.0 -78.72920214178012,33.797986134247765,0.0 -78.72914105401618,33.798023845645154,0.0 -78.72896151156715,33.79783910531392,0.0 -78.72894465702107,33.79782264369914,0.0</coordinates>
                    </LinearRing>
                </outerBoundaryIs>
            </Polygon>
        </Placemark>
        <Placemark id="1133948">
            <name>39104040218.0</name>
            <description>PIN: 39104040218.0&lt;br&gt;Wetland %: 0.00&lt;br&gt;Flood %: 100.00&lt;br&gt;Parcel area (m²): 324.84</description>
            <styleUrl>#1133953</styleUrl>
            <ExtendedData>
                <Data name="PIN">
                    <value>39104040218.0</value>
                </Data>
                <Data name="Wetland_%">
                    <value>0.00</value>
                </Data>
                <Data name="Flood_%">
                    <value>100.00</value>
                </Data>
                <Data name="Parcel_area_m2">
                    <value>324.84</value>
                </Data>
            </ExtendedData>
            <Polygon id="1133947">
                <outerBoundaryIs>
                    <LinearRing id="1133951">
                        <coordinates>-78.72460127958905,33.79779150725632,0.0 -78.72460798114717,33.79778716213257,0.0 -78.72470016894843,33.79772528200674,0.0 -78.72474226532893,33.7976898005551,0.0 -78.72483209465601,33.79777976943573,0.0 -78.7248336961121,33.7977815171149,0.0 -78.7246877868921,33.7978826183867,0.0 -78.72468457710622,33.79787946564432,0.0 -78.72460127958905,33.79779150725632,0.0</coordinates>
                    </LinearRing>
                </outerBoundaryIs>
            </Polygon>
        </Placemark>
        <Placemark id="1133962">
            <name>35715010050.0</name>
            <description>PIN: 35715010050.0&lt;br&gt;Wetland %: 0.00&lt;br&gt;Flood %: 100.00&lt;br&gt;Parcel area (m²): 1411.39</description>
            <styleUrl>#1133967</styleUrl>
            <ExtendedData>
                <Data name="PIN">
                    <value>35715010050.0</value>
                </Data>
                <Data name="Wetland_%">
                    <value>0.00</value>
                </Data>
                <Data name="Flood_%">
                    <value>100.00</value>
                </Data>
                <Data name="Parcel_area_m2">
                    <value>1411.39</value>
                </Data>
            </ExtendedData>
            <Polygon id="1133961">
                <outerBoundaryIs>
                    <LinearRing id="1133965">
                        <coordinates>-78.7056294990947,33.807866482586235,0.0 -78.70571784856577,33.80782602362795,0.0 -78.70574867400968,33.80781244944432,0.0 -78.70589196435,33.80774935100626,0.0 -78.70606625335543,33.80766615292946,0.0 -78.70617615522828,33.807836922028095,0.0 -78.70603503782141,33.80790079255584,0.0 -78.70589000917478,33.8079647717325,0.0 -78.70574281758064,33.80803267569267,0.0 -78.7056294990947,33.807866482586235,0.0</coordinates>
                    </LinearRing>
                </outerBoundaryIs>
            </Polygon>
        </Placemark>
        <Placemark id="1133976">
            <name>35712020028.0</name>
            <description>PIN: 35712020028.0&lt;br&gt;Wetland %: 0.00&lt;br&gt;Flood %: 0.00&lt;br&gt;Parcel area (m²): 319.64</description>
            <styleUrl>#1133981</styleUrl>
            <ExtendedData>
                <Data name="PIN">
                    <value>35712020028.0</value>
                </Data>
                <Data name="Wetland_%">
                    <value>0.00</value>
                </Data>
                <Data name="Flood_%">
                    <value>0.00</value>
                </Data>
                <Data name="Parcel_area_m2">
                    <value>319.64</value>
                </Data>
            </ExtendedData>
            <Polygon id="1133975">
                <outerBoundaryIs>
                    <LinearRing id="1133979">
                        <coordinates>-78.68553317460771,33.81389635101272,0.0 -78.68565046845703,33.81385180756724,0.0 -78.68573280793903,33.81400524196368,0.0 -78.68561963453975,33.814049690248176,0.0 -78.68553317460771,33.81389635101272,0.0</coordinates>
                    </LinearRing>
                </outerBoundaryIs>
            </Polygon>
        </Placemark>
        <Placemark id="1133990">
            <name>35712010017.0</name>
            <description>PIN: 35712010017.0&lt;br&gt;Wetland %: 0.00&lt;br&gt;Flood %: 100.00&lt;br&gt;Parcel area (m²): 1803.78</description>
            <styleUrl>#1133995</styleUrl>
            <ExtendedData>
                <Data name="PIN">
                    <value>35712010017.0</value>
                </Data>
                <Data name="Wetland_%">
                    <value>0.00</value>
                </Data>
                <Data name="Flood_%">
                    <value>100.00</value>
                </Data>
                <Data name="Parcel_area_m2">
                    <value>1803.78</value>
                </Data>
            </ExtendedData>
            <Polygon id="1133989">
                <outerBoundaryIs>
                    <LinearRing id="1133993">
                        <coordinates>-78.68975272661403,33.81366295502691,0.0 -78.6900488010139,33.813645110190286,0.0 -78.69008086883014,33.814046578006824,0.0 -78.68978535277625,33.81407422692495,0.0 -78.68975272661403,33.81366295502691,0.0</coordinates>
                    </LinearRing>
                </outerBoundaryIs>
            </Polygon>
        </Placemark>
        <Placemark id="1134004">
            <name>35712020079.0</name>
            <description>PIN: 35712020079.0&lt;br&gt;Wetland %: 0.00&lt;br&gt;Flood %: 34.91&lt;br&gt;Parcel area (m²): 283.83</description>
            <styleUrl>#1134009</styleUrl>
            <ExtendedData>
                <Data name="PIN">
                    <value>35712020079.0</value>
                </Data>
                <Data name="Wetland_%">
                    <value>0.00</value>
                </Data>
                <Data name="Flood_%">
                    <value>34.91</value>
                </Data>
                <Data name="Parcel_area_m2">
                    <value>283.83</value>
                </Data>
            </ExtendedData>
            <Polygon id="1134003">
                <outerBoundaryIs>
                    <LinearRing id="1134007">
                        <coordinates>-78.68671987241824,33.81388932044451,0.0 -78.68678141790633,33.81386641504352,0.0 -78.68686292326788,33.81383615000984,0.0 -78.6868841064279,33.81387520507859,0.0 -78.68688565563446,33.813878843702,0.0 -78.68689271245898,33.81389203335209,0.0 -78.68692173608613,33.81394584228636,0.0 -78.68678843759284,33.81400383474998,0.0 -78.68671987241824,33.81388932044451,0.0</coordinates>
                    </LinearRing>
                </outerBoundaryIs>
            </Polygon>
        </Placemark>
        <Placemark id="1134018">
            <name>35715010071.0</name>
            <description>PIN: 35715010071.0&lt;br&gt;Wetland %: 0.00&lt;br&gt;Flood %: 100.00&lt;br&gt;Parcel area (m²): 1285.05</description>
            <styleUrl>#1134023</styleUrl>
            <ExtendedData>
                <Data name="PIN">
                    <value>35715010071.0</value>
                </Data>
                <Data name="Wetland_%">
                    <value>0.00</value>
                </Data>
                <Data name="Flood_%">
                    <value>100.00</value>
                </Data>
                <Data name="Parcel_area_m2">
                    <value>1285.05</value>
                </Data>
            </ExtendedData>
            <Polygon id="1134017">
                <outerBoundaryIs>
                    <LinearRing id="1134021">
                        <coordinates>-78.70841863960597,33.80710317521496,0.0 -78.70797613531045,33.80730340837234,0.0 -78.70788135842938,33.807151993034445,0.0 -78.70832223106146,33.806951215891424,0.0 -78.70841863960597,33.80710317521496,0.0</coordinates>
                    </LinearRing>
                </outerBoundaryIs>
            </Polygon>
        </Placemark>
        <Placemark id="1134032">
            <name>39104040240.0</name>
            <description>PIN: 39104040240.0&lt;br&gt;Wetland %: 0.00&lt;br&gt;Flood %: 100.00&lt;br&gt;Parcel area (m²): 573.41</description>
            <styleUrl>#1134037</styleUrl>
            <ExtendedData>
                <Data name="PIN">
                    <value>39104040240.0</value>
                </Data>
                <Data name="Wetland_%">
                    <value>0.00</value>
                </Data>
                <Data name="Flood_%">
                    <value>100.00</value>
                </Data>
                <Data name="Parcel_area_m2">
                    <value>573.41</value>
                </Data>
            </ExtendedData>
            <Polygon id="1134031">
                <outerBoundaryIs>
                    <LinearRing id="1134035">
                        <coordinates>-78.72545963854851,33.7970835554994,0.0 -78.7255862922302,33.79696337202591,0.0 -78.72560134202486,33.79695454146314,0.0 -78.72575142239398,33.79706984360979,0.0 -78.72563071513515,33.79721436506289,0.0 -78.72545963854851,33.7970835554994,0.0</coordinates>
                    </LinearRing>
                </outerBoundaryIs>
            </Polygon>
        </Placemark>
        <Placemark id="1134046">
            <name>38308020033.0</name>
            <description>PIN: 38308020033.0&lt;br&gt;Wetland %: 0.00&lt;br&gt;Flood %: 100.00&lt;br&gt;Parcel area (m²): 3338.39</description>
            <styleUrl>#1134051</styleUrl>
            <ExtendedData>
                <Data name="PIN">
                    <value>38308020033.0</value>
                </Data>
                <Data name="Wetland_%">
                    <value>0.00</value>
                </Data>
                <Data name="Flood_%">
                    <value>100.00</value>
                </Data>
                <Data name="Parcel_area_m2">
                    <value>3338.39</value>
                </Data>
            </ExtendedData>
            <Polygon id="1134045">
                <outerBoundaryIs>
                    <LinearRing id="1134049">
                        <coordinates>-79.00954046664599,33.8016329267171,0.0 -79.00990966428597,33.801401759657075,0.0 -79.01002258946632,33.80150254014212,0.0 -79.01023150321807,33.80168905341372,0.0 -79.01015158568188,33.80179893198035,0.0 -79.01006962020655,33.80189056527635,0.0 -79.01001482736041,33.80193499731741,0.0 -79.00991525785808,33.80201574101592,0.0 -79.00990703404214,33.802021649797915,0.0 -79.00989935181276,33.802027169544,0.0 -79.00989768325474,33.80202817450385,0.0 -79.00964001605864,33.80174259815311,0.0 -79.009609586909,33.80170907543939,0.0 -79.00954046664599,33.8016329267171,0.0</coordinates>
                    </LinearRing>
                </outerBoundaryIs>
            </Polygon>
        </Placemark>
        <Placemark id="1134060">
            <name>39103030074.0</name>
            <description>PIN: 39103030074.0&lt;br&gt;Wetland %: 0.00&lt;br&gt;Flood %: 100.00&lt;br&gt;Parcel area (m²): 585.90</description>
            <styleUrl>#1134065</styleUrl>
            <ExtendedData>
                <Data name="PIN">
                    <value>39103030074.0</value>
                </Data>
                <Data name="Wetland_%">
                    <value>0.00</value>
                </Data>
                <Data name="Flood_%">
                    <value>100.00</value>
                </Data>
                <Data name="Parcel_area_m2">
                    <value>585.90</value>
                </Data>
            </ExtendedData>
            <Polygon id="1134059">
                <outerBoundaryIs>
                    <LinearRing id="1134063">
                        <coordinates>-78.72932807419424,33.79691582884515,0.0 -78.72934951550698,33.796936693160056,0.0 -78.72950244283847,33.79708550210798,0.0 -78.72940116312897,33.79719797689782,0.0 -78.72920316377834,33.79700532718279,0.0 -78.72932807419424,33.79691582884515,0.0</coordinates>
                    </LinearRing>
                </outerBoundaryIs>
            </Polygon>
        </Placemark>
        <Placemark id="1134074">
            <name>39106020407.0</name>
            <description>PIN: 39106020407.0&lt;br&gt;Wetland %: 0.00&lt;br&gt;Flood %: 99.79&lt;br&gt;Parcel area (m²): 403.45</description>
            <styleUrl>#1134079</styleUrl>
            <ExtendedData>
                <Data name="PIN">
                    <value>39106020407.0</value>
                </Data>
                <Data name="Wetland_%">
                    <value>0.00</value>
                </Data>
                <Data name="Flood_%">
                    <value>99.79</value>
                </Data>
                <Data name="Parcel_area_m2">
                    <value>403.45</value>
                </Data>
            </ExtendedData>
            <Polygon id="1134073">
                <outerBoundaryIs>
                    <LinearRing id="1134077">
                        <coordinates>-78.72752712544278,33.795725449653936,0.0 -78.72767812289025,33.79561842514983,0.0 -78.72778887695588,33.79572664667942,0.0 -78.727629877496,33.795824932295744,0.0 -78.72752712544278,33.795725449653936,0.0</coordinates>
                    </LinearRing>
                </outerBoundaryIs>
            </Polygon>
        </Placemark>
        <Placemark id="1134088">
            <name>39106020444.0</name>
            <description>PIN: 39106020444.0&lt;br&gt;Wetland %: 0.00&lt;br&gt;Flood %: 100.00&lt;br&gt;Parcel area (m²): 360.83</description>
            <styleUrl>#1134093</styleUrl>
            <ExtendedData>
                <Data name="PIN">
                    <value>39106020444.0</value>
                </Data>
                <Data name="Wetland_%">
                    <value>0.00</value>
                </Data>
                <Data name="Flood_%">
                    <value>100.00</value>
                </Data>
                <Data name="Parcel_area_m2">
                    <value>360.83</value>
                </Data>
            </ExtendedData>
            <Polygon id="1134087">
                <outerBoundaryIs>
                    <LinearRing id="1134091">
                        <coordinates>-78.72806730109183,33.7955948128817,0.0 -78.72807844055961,33.795609451484424,0.0 -78.72813733996239,33.7956861352292,0.0 -78.72795760771106,33.79579022724758,0.0 -78.72787918357082,33.795704764248526,0.0 -78.72806730109183,33.7955948128817,0.0</coordinates>
                    </LinearRing>
                </outerBoundaryIs>
            </Polygon>
        </Placemark>
        <Placemark id="1134102">
            <name>39105010169.0</name>
            <description>PIN: 39105010169.0&lt;br&gt;Wetland %: 0.00&lt;br&gt;Flood %: 0.00&lt;br&gt;Parcel area (m²): 1217.89</description>
            <styleUrl>#1134107</styleUrl>
            <ExtendedData>
                <Data name="PIN">
                    <value>39105010169.0</value>
                </Data>
                <Data name="Wetland_%">
                    <value>0.00</value>
                </Data>
                <Data name="Flood_%">
                    <value>0.00</value>
                </Data>
                <Data name="Parcel_area_m2">
                    <value>1217.89</value>
                </Data>
            </ExtendedData>
            <Polygon id="1134101">
                <outerBoundaryIs>
                    <LinearRing id="1134105">
                        <coordinates>-78.72473633560237,33.79560442268676,0.0 -78.72490748543534,33.79551375116713,0.0 -78.72516317036032,33.79586983264505,0.0 -78.72505970542208,33.79592240048677,0.0 -78.72499879844203,33.79595324112295,0.0 -78.7248962002266,33.79581681643997,0.0 -78.72473633560237,33.79560442268676,0.0</coordinates>
                    </LinearRing>
                </outerBoundaryIs>
            </Polygon>
        </Placemark>
        <Placemark id="1134116">
            <name>39106020327.0</name>
            <description>PIN: 39106020327.0&lt;br&gt;Wetland %: 0.00&lt;br&gt;Flood %: 100.00&lt;br&gt;Parcel area (m²): 1034.29</description>
            <styleUrl>#1134121</styleUrl>
            <ExtendedData>
                <Data name="PIN">
                    <value>39106020327.0</value>
                </Data>
                <Data name="Wetland_%">
                    <value>0.00</value>
                </Data>
                <Data name="Flood_%">
                    <value>100.00</value>
                </Data>
                <Data name="Parcel_area_m2">
                    <value>1034.29</value>
                </Data>
            </ExtendedData>
            <Polygon id="1134115">
                <outerBoundaryIs>
                    <LinearRing id="1134119">
                        <coordinates>-78.7299832283564,33.79573924476017,0.0 -78.73002161567106,33.79571950132889,0.0 -78.7301517869877,33.79565298688634,0.0 -78.73036941395675,33.79595457787846,0.0 -78.73024512407363,33.796016561616945,0.0 -78.73020007621685,33.79603910442469,0.0 -78.7299832283564,33.79573924476017,0.0</coordinates>
                    </LinearRing>
                </outerBoundaryIs>
            </Polygon>
        </Placemark>
        <Placemark id="1134130">
            <name>38204030141.0</name>
            <description>PIN: 38204030141.0&lt;br&gt;Wetland %: 0.00&lt;br&gt;Flood %: 100.00&lt;br&gt;Parcel area (m²): 804.59</description>
            <styleUrl>#1134135</styleUrl>
            <ExtendedData>
                <Data name="PIN">
                    <value>38204030141.0</value>
                </Data>
                <Data name="Wetland_%">
                    <value>0.00</value>
                </Data>
                <Data name="Flood_%">
                    <value>100.00</value>
                </Data>
                <Data name="Parcel_area_m2">
                    <value>804.59</value>
                </Data>
            </ExtendedData>
            <Polygon id="1134129">
                <outerBoundaryIs>
                    <LinearRing id="1134133">
                        <coordinates>-79.01461070253194,33.80234852028925,0.0 -79.014799381838,33.802341581295664,0.0 -79.01481506365957,33.80262601306543,0.0 -79.01467415997304,33.80263165571193,0.0 -79.01462554895612,33.80263345368395,0.0 -79.01461070253194,33.80234852028925,0.0</coordinates>
                    </LinearRing>
                </outerBoundaryIs>
            </Polygon>
        </Placemark>
        <Placemark id="1134144">
            <name>37701030001.0</name>
            <description>PIN: 37701030001.0&lt;br&gt;Wetland %: 3.25&lt;br&gt;Flood %: 100.00&lt;br&gt;Parcel area (m²): 9453.58</description>
            <styleUrl>#1134149</styleUrl>
            <ExtendedData>
                <Data name="PIN">
                    <value>37701030001.0</value>
                </Data>
                <Data name="Wetland_%">
                    <value>3.25</value>
                </Data>
                <Data name="Flood_%">
                    <value>100.00</value>
                </Data>
                <Data name="Parcel_area_m2">
                    <value>9453.58</value>
                </Data>
            </ExtendedData>
            <Polygon id="1134143">
                <outerBoundaryIs>
                    <LinearRing id="1134147">
                        <coordinates>-79.20401323597373,33.805390681069184,0.0 -79.20402245391784,33.80490837587243,0.0 -79.2052577320821,33.80496649688205,0.0 -79.20530125251199,33.80548633000655,0.0 -79.20529057762833,33.805484973935236,0.0 -79.20525936750624,33.805481427989015,0.0 -79.20511470570787,33.805470568749506,0.0 -79.20486730111055,33.8054518620801,0.0 -79.20442741258466,33.80542589691104,0.0 -79.20409845431986,33.805409784585834,0.0 -79.20401323597373,33.805390681069184,0.0</coordinates>
                    </LinearRing>
                </outerBoundaryIs>
            </Polygon>
        </Placemark>
        <Placemark id="1134158">
            <name>39103040047.0</name>
            <description>PIN: 39103040047.0&lt;br&gt;Wetland %: 0.00&lt;br&gt;Flood %: 99.76&lt;br&gt;Parcel area (m²): 1723.74</description>
            <styleUrl>#1134163</styleUrl>
            <ExtendedData>
                <Data name="PIN">
                    <value>39103040047.0</value>
                </Data>
                <Data name="Wetland_%">
                    <value>0.00</value>
                </Data>
                <Data name="Flood_%">
                    <value>99.76</value>
                </Data>
                <Data name="Parcel_area_m2">
                    <value>1723.74</value>
                </Data>
            </ExtendedData>
            <Polygon id="1134157">
                <outerBoundaryIs>
                    <LinearRing id="1134161">
                        <coordinates>-78.733541221372,33.797742282858565,0.0 -78.73342803030405,33.79738178391672,0.0 -78.73344128134558,33.79737876238342,0.0 -78.73364408904274,33.79733625429351,0.0 -78.73390282446734,33.79757776581525,0.0 -78.73393566851853,33.7976123891581,0.0 -78.73382857094253,33.79764668172089,0.0 -78.73359182046818,33.7977277443866,0.0 -78.733541221372,33.797742282858565,0.0</coordinates>
                    </LinearRing>
                </outerBoundaryIs>
            </Polygon>
        </Placemark>
        <Placemark id="1134172">
            <name>39105010010.0</name>
            <description>PIN: 39105010010.0&lt;br&gt;Wetland %: 0.00&lt;br&gt;Flood %: 100.00&lt;br&gt;Parcel area (m²): 1155.44</description>
            <styleUrl>#1134177</styleUrl>
            <ExtendedData>
                <Data name="PIN">
                    <value>39105010010.0</value>
                </Data>
                <Data name="Wetland_%">
                    <value>0.00</value>
                </Data>
                <Data name="Flood_%">
                    <value>100.00</value>
                </Data>
                <Data name="Parcel_area_m2">
                    <value>1155.44</value>
                </Data>
            </ExtendedData>
            <Polygon id="1134171">
                <outerBoundaryIs>
                    <LinearRing id="1134175">
                        <coordinates>-78.72541239182014,33.796533706188626,0.0 -78.72544911225985,33.796514792188226,0.0 -78.72562968406942,33.79642345128989,0.0 -78.72581292934132,33.79666685086816,0.0 -78.7257636601316,33.796699269490595,0.0 -78.72569398365069,33.79675039684092,0.0 -78.72565201837811,33.796780896766144,0.0 -78.72561834575443,33.7968091453335,0.0 -78.72541239182014,33.796533706188626,0.0</coordinates>
                    </LinearRing>
                </outerBoundaryIs>
            </Polygon>
        </Placemark>
        <Placemark id="1134186">
            <name>39110010005.0</name>
            <description>PIN: 39110010005.0&lt;br&gt;Wetland %: 12.65&lt;br&gt;Flood %: 0.00&lt;br&gt;Parcel area (m²): 5723.68</description>
            <styleUrl>#1134191</styleUrl>
            <ExtendedData>
                <Data name="PIN">
                    <value>39110010005.0</value>
                </Data>
                <Data name="Wetland_%">
                    <value>12.65</value>
                </Data>
                <Data name="Flood_%">
                    <value>0.00</value>
                </Data>
                <Data name="Parcel_area_m2">
                    <value>5723.68</value>
                </Data>
            </ExtendedData>
            <Polygon id="1134185">
                <outerBoundaryIs>
                    <LinearRing id="1134189">
                        <coordinates>-78.74003383759835,33.78901184666061,0.0 -78.74014659320882,33.78896814825488,0.0 -78.74035732429067,33.788886480222,0.0 -78.74077258172112,33.78859450383731,0.0 -78.74110952832932,33.78835758750111,0.0 -78.74121045670574,33.78830685072439,0.0 -78.74127170171904,33.78829001951732,0.0 -78.74129253817911,33.78828429263041,0.0 -78.74126154689773,33.78830469039166,0.0 -78.74117403084047,33.788377664558595,0.0 -78.74110629204571,33.78844979824696,0.0 -78.74104141591364,33.78853830605825,0.0 -78.7409894708824,33.788635985617695,0.0 -78.74094677834391,33.78872610243405,0.0 -78.74091362510593,33.78879766322704,0.0 -78.7408727128465,33.78888265690088,0.0 -78.74083570760368,33.78894418247919,0.0 -78.74079647132538,33.788996560207806,0.0 -78.7407490254441,33.78904810075733,0.0 -78.74068834004102,33.78910232104157,0.0 -78.74061612144901,33.789156844856976,0.0 -78.74052797350998,33.78922241997536,0.0 -78.74043225532161,33.789294212939936,0.0 -78.74032984242794,33.78937018054085,0.0 -78.74027349866387,33.78941571643797,0.0 -78.74003383759835,33.78901184666061,0.0</coordinates>
                    </LinearRing>
                </outerBoundaryIs>
            </Polygon>
        </Placemark>
        <Placemark id="1134200">
            <name>39109020023.0</name>
            <description>PIN: 39109020023.0&lt;br&gt;Wetland %: 0.00&lt;br&gt;Flood %: 84.49&lt;br&gt;Parcel area (m²): 5677.36</description>
            <styleUrl>#1134205</styleUrl>
            <ExtendedData>
                <Data name="PIN">
                    <value>39109020023.0</value>
                </Data>
                <Data name="Wetland_%">
                    <value>0.00</value>
                </Data>
                <Data name="Flood_%">
                    <value>84.49</value>
                </Data>
                <Data name="Parcel_area_m2">
                    <value>5677.36</value>
                </Data>
            </ExtendedData>
            <Polygon id="1134199">
                <outerBoundaryIs>
                    <LinearRing id="1134203">
                        <coordinates>-78.7441626915897,33.78907651383712,0.0 -78.74478263986353,33.788819935688956,0.0 -78.7448180923804,33.78884927673716,0.0 -78.74487422383652,33.788874698554956,0.0 -78.74500711619874,33.78892368475358,0.0 -78.74508216320854,33.788949794786944,0.0 -78.74515779034014,33.788953750549204,0.0 -78.74490389175295,33.78947181435361,0.0 -78.74475050033523,33.78945132177307,0.0 -78.74461171668497,33.789407212188756,0.0 -78.74444648368416,33.78933581500229,0.0 -78.74435387467176,33.78928876566007,0.0 -78.74430116885624,33.78925825043879,0.0 -78.74427393040858,33.78922957578825,0.0 -78.74423557756106,33.78918523261303,0.0 -78.7441626915897,33.78907651383712,0.0</coordinates>
                    </LinearRing>
                </outerBoundaryIs>
            </Polygon>
        </Placemark>
        <Placemark id="1134214">
            <name>38308020034.0</name>
            <description>PIN: 38308020034.0&lt;br&gt;Wetland %: 0.00&lt;br&gt;Flood %: 100.00&lt;br&gt;Parcel area (m²): 2879.56</description>
            <styleUrl>#1134219</styleUrl>
            <ExtendedData>
                <Data name="PIN">
                    <value>38308020034.0</value>
                </Data>
                <Data name="Wetland_%">
                    <value>0.00</value>
                </Data>
                <Data name="Flood_%">
                    <value>100.00</value>
                </Data>
                <Data name="Parcel_area_m2">
                    <value>2879.56</value>
                </Data>
            </ExtendedData>
            <Polygon id="1134213">
                <outerBoundaryIs>
                    <LinearRing id="1134217">
                        <coordinates>-79.00990966428597,33.801401759657075,0.0 -79.00987013273779,33.80136676123971,0.0 -79.01013418490034,33.80105435163109,0.0 -79.0102906461837,33.80115926804757,0.0 -79.01044305870111,33.801225632815466,0.0 -79.01039943920013,33.801367880136894,0.0 -79.01035939781268,33.801456861249136,0.0 -79.01032221459907,33.801539486524796,0.0 -79.01028100435566,33.801613046881634,0.0 -79.01024083264821,33.8016771754958,0.0 -79.01023677459567,33.80168233954412,0.0 -79.01023150321807,33.80168905341372,0.0 -79.01002258946632,33.80150254014212,0.0 -79.00990966428597,33.801401759657075,0.0</coordinates>
                    </LinearRing>
                </outerBoundaryIs>
            </Polygon>
        </Placemark>
        <Placemark id="1134228">
            <name>39106020311.0</name>
            <description>PIN: 39106020311.0&lt;br&gt;Wetland %: 0.00&lt;br&gt;Flood %: 100.00&lt;br&gt;Parcel area (m²): 539.72</description>
            <styleUrl>#1134233</styleUrl>
            <ExtendedData>
                <Data name="PIN">
                    <value>39106020311.0</value>
                </Data>
                <Data name="Wetland_%">
                    <value>0.00</value>
                </Data>
                <Data name="Flood_%">
                    <value>100.00</value>
                </Data>
                <Data name="Parcel_area_m2">
                    <value>539.72</value>
                </Data>
            </ExtendedData>
            <Polygon id="1134227">
                <outerBoundaryIs>
                    <LinearRing id="1134231">
                        <coordinates>-78.72913123081737,33.79669468554325,0.0 -78.72931362841427,33.796564048160235,0.0 -78.72942080597018,33.796668350249554,0.0 -78.72922091275903,33.79681152247032,0.0 -78.72911373864878,33.7967072148612,0.0 -78.72913123081737,33.79669468554325,0.0</coordinates>
                    </LinearRing>
                </outerBoundaryIs>
            </Polygon>
        </Placemark>
        <Placemark id="1134242">
            <name>39106010088.0</name>
            <description>PIN: 39106010088.0&lt;br&gt;Wetland %: 0.00&lt;br&gt;Flood %: 100.00&lt;br&gt;Parcel area (m²): 1139.36</description>
            <styleUrl>#1134247</styleUrl>
            <ExtendedData>
                <Data name="PIN">
                    <value>39106010088.0</value>
                </Data>
                <Data name="Wetland_%">
                    <value>0.00</value>
                </Data>
                <Data name="Flood_%">
                    <value>100.00</value>
                </Data>
                <Data name="Parcel_area_m2">
                    <value>1139.36</value>
                </Data>
            </ExtendedData>
            <Polygon id="1134241">
                <outerBoundaryIs>
                    <LinearRing id="1134245">
                        <coordinates>-78.73134956267904,33.796466885782394,0.0 -78.73147233664571,33.7963998907171,0.0 -78.73187895786567,33.79680889669513,0.0 -78.73173151938776,33.79681203760037,0.0 -78.7316656244117,33.79681340773869,0.0 -78.73134956267904,33.796466885782394,0.0</coordinates>
                    </LinearRing>
                </outerBoundaryIs>
            </Polygon>
        </Placemark>
        <Placemark id="1134256">
            <name>39101040035.0</name>
            <description>PIN: 39101040035.0&lt;br&gt;Wetland %: 0.00&lt;br&gt;Flood %: 100.00&lt;br&gt;Parcel area (m²): 263.47</description>
            <styleUrl>#1134261</styleUrl>
            <ExtendedData>
                <Data name="PIN">
                    <value>39101040035.0</value>
                </Data>
                <Data name="Wetland_%">
                    <value>0.00</value>
                </Data>
                <Data name="Flood_%">
                    <value>100.00</value>
                </Data>
                <Data name="Parcel_area_m2">
                    <value>263.47</value>
                </Data>
            </ExtendedData>
            <Polygon id="1134255">
                <outerBoundaryIs>
                    <LinearRing id="1134259">
                        <coordinates>-78.75026243144474,33.797908481064994,0.0 -78.75045958521909,33.79786154856263,0.0 -78.75053688168346,33.797928075738035,0.0 -78.750348593159,33.797982384268565,0.0 -78.7503228254418,33.797960267096386,0.0 -78.75026243144474,33.797908481064994,0.0</coordinates>
                    </LinearRing>
                </outerBoundaryIs>
            </Polygon>
        </Placemark>
        <Placemark id="1134270">
            <name>38301030006.0</name>
            <description>PIN: 38301030006.0&lt;br&gt;Wetland %: 0.00&lt;br&gt;Flood %: 100.00&lt;br&gt;Parcel area (m²): 2971.94</description>
            <styleUrl>#1134275</styleUrl>
            <ExtendedData>
                <Data name="PIN">
                    <value>38301030006.0</value>
                </Data>
                <Data name="Wetland_%">
                    <value>0.00</value>
                </Data>
                <Data name="Flood_%">
                    <value>100.00</value>
                </Data>
                <Data name="Parcel_area_m2">
                    <value>2971.94</value>
                </Data>
            </ExtendedData>
            <Polygon id="1134269">
                <outerBoundaryIs>
                    <LinearRing id="1134273">
                        <coordinates>-79.00906814322605,33.80212324877865,0.0 -79.0095209898267,33.80183483920534,0.0 -79.00977052965656,33.80211581615103,0.0 -79.00932015838535,33.80240409507722,0.0 -79.00909781952319,33.80215723031241,0.0 -79.00906814322605,33.80212324877865,0.0</coordinates>
                    </LinearRing>
                </outerBoundaryIs>
            </Polygon>
        </Placemark>
        <Placemark id="1134284">
            <name>40201020003.0</name>
            <description>PIN: 40201020003.0&lt;br&gt;Wetland %: 0.00&lt;br&gt;Flood %: 100.00&lt;br&gt;Parcel area (m²): 4893.02</description>
            <styleUrl>#1134289</styleUrl>
            <ExtendedData>
                <Data name="PIN">
                    <value>40201020003.0</value>
                </Data>
                <Data name="Wetland_%">
                    <value>0.00</value>
                </Data>
                <Data name="Flood_%">
                    <value>100.00</value>
                </Data>
                <Data name="Parcel_area_m2">
                    <value>4893.02</value>
                </Data>
            </ExtendedData>
            <Polygon id="1134283">
                <outerBoundaryIs>
                    <LinearRing id="1134287">
                        <coordinates>-79.07265534669745,33.77973493276505,0.0 -79.07268141106414,33.779415423077204,0.0 -79.07379847543764,33.77958864974857,0.0 -79.07379923190939,33.77959158189136,0.0 -79.07379917056674,33.77959432994249,0.0 -79.07385134856206,33.77983774187909,0.0 -79.07385212145275,33.77983998702545,0.0 -79.07265534669745,33.77973493276505,0.0</coordinates>
                    </LinearRing>
                </outerBoundaryIs>
            </Polygon>
        </Placemark>
        <Placemark id="1134298">
            <name>40003010073.0</name>
            <description>PIN: 40003010073.0&lt;br&gt;Wetland %: 0.00&lt;br&gt;Flood %: 100.00&lt;br&gt;Parcel area (m²): 994.35</description>
            <styleUrl>#1134303</styleUrl>
            <ExtendedData>
                <Data name="PIN">
                    <value>40003010073.0</value>
                </Data>
                <Data name="Wetland_%">
                    <value>0.00</value>
                </Data>
                <Data name="Flood_%">
                    <value>100.00</value>
                </Data>
                <Data name="Parcel_area_m2">
                    <value>994.35</value>
                </Data>
            </ExtendedData>
            <Polygon id="1134297">
                <outerBoundaryIs>
                    <LinearRing id="1134301">
                        <coordinates>-78.99502565284898,33.778311841268376,0.0 -78.99503025468469,33.77830822788652,0.0 -78.9950306836878,33.77830789301047,0.0 -78.99513630962498,33.778224978295,0.0 -78.99516599477313,33.778201696403514,0.0 -78.99516600573719,33.7782016893658,0.0 -78.9951660156635,33.778201680507436,0.0 -78.99516614104762,33.778201583327856,0.0 -78.99516620598283,33.77820153116668,0.0 -78.99519834100964,33.77817632909109,0.0 -78.99519850151357,33.77817648682134,0.0 -78.99544606189144,33.778424493240216,0.0 -78.99531942498635,33.77852621736124,0.0 -78.99505560167009,33.778333460257855,0.0 -78.99502566023894,33.77831184860347,0.0 -78.99502565284898,33.778311841268376,0.0</coordinates>
                    </LinearRing>
                </outerBoundaryIs>
            </Polygon>
        </Placemark>
        <Placemark id="1134312">
            <name>39103040053.0</name>
            <description>PIN: 39103040053.0&lt;br&gt;Wetland %: 0.00&lt;br&gt;Flood %: 100.00&lt;br&gt;Parcel area (m²): 1410.52</description>
            <styleUrl>#1134317</styleUrl>
            <ExtendedData>
                <Data name="PIN">
                    <value>39103040053.0</value>
                </Data>
                <Data name="Wetland_%">
                    <value>0.00</value>
                </Data>
                <Data name="Flood_%">
                    <value>100.00</value>
                </Data>
                <Data name="Parcel_area_m2">
                    <value>1410.52</value>
                </Data>
            </ExtendedData>
            <Polygon id="1134311">
                <outerBoundaryIs>
                    <LinearRing id="1134315">
                        <coordinates>-78.73230909857537,33.79720011884166,0.0 -78.73258971548458,33.79720405591655,0.0 -78.73263354261863,33.79747857634739,0.0 -78.73263419395103,33.797485116680804,0.0 -78.73232487611114,33.79755307872003,0.0 -78.73232451861793,33.79755315695446,0.0 -78.7323138854317,33.797309696635004,0.0 -78.73230909857537,33.79720011884166,0.0</coordinates>
                    </LinearRing>
                </outerBoundaryIs>
            </Polygon>
        </Placemark>
        <Placemark id="1134326">
            <name>35712020025.0</name>
            <description>PIN: 35712020025.0&lt;br&gt;Wetland %: 0.00&lt;br&gt;Flood %: 0.00&lt;br&gt;Parcel area (m²): 589.79</description>
            <styleUrl>#1134331</styleUrl>
            <ExtendedData>
                <Data name="PIN">
                    <value>35712020025.0</value>
                </Data>
                <Data name="Wetland_%">
                    <value>0.00</value>
                </Data>
                <Data name="Flood_%">
                    <value>0.00</value>
                </Data>
                <Data name="Parcel_area_m2">
                    <value>589.79</value>
                </Data>
            </ExtendedData>
            <Polygon id="1134325">
                <outerBoundaryIs>
                    <LinearRing id="1134329">
                        <coordinates>-78.68555307127731,33.81407542273974,0.0 -78.68558803289649,33.8140612994461,0.0 -78.68568466304762,33.81423458818267,0.0 -78.68568623423121,33.814237365853025,0.0 -78.68568287777723,33.81423970865204,0.0 -78.6856744820333,33.81424573738801,0.0 -78.68563922648178,33.81427085290793,0.0 -78.68560731709555,33.814293968176635,0.0 -78.68556865328425,33.81432331512847,0.0 -78.68554259587438,33.81434310239004,0.0 -78.68542247215309,33.81412487207202,0.0 -78.68555307127731,33.81407542273974,0.0</coordinates>
                    </LinearRing>
                </outerBoundaryIs>
            </Polygon>
        </Placemark>
        <Placemark id="1134340">
            <name>36609030005.0</name>
            <description>PIN: 36609030005.0&lt;br&gt;Wetland %: 0.00&lt;br&gt;Flood %: 100.00&lt;br&gt;Parcel area (m²): 4489.96</description>
            <styleUrl>#1134345</styleUrl>
            <ExtendedData>
                <Data name="PIN">
                    <value>36609030005.0</value>
                </Data>
                <Data name="Wetland_%">
                    <value>0.00</value>
                </Data>
                <Data name="Flood_%">
                    <value>100.00</value>
                </Data>
                <Data name="Parcel_area_m2">
                    <value>4489.96</value>
                </Data>
            </ExtendedData>
            <Polygon id="1134339">
                <outerBoundaryIs>
                    <LinearRing id="1134343">
                        <coordinates>-79.0064540674651,33.81821263359026,0.0 -79.00659802112355,33.81820945259571,0.0 -79.00659810311099,33.818209458425315,0.0 -79.00701240415609,33.818235538553765,0.0 -79.00701236757044,33.81823562544995,0.0 -79.00698717765806,33.818293892717115,0.0 -79.00697734086224,33.81843462244359,0.0 -79.00696253684801,33.81861186715112,0.0 -79.00623037125625,33.81861949367302,0.0 -79.00621577635589,33.818217901928,0.0 -79.00633075209853,33.81821535940352,0.0 -79.0064540674651,33.81821263359026,0.0</coordinates>
                    </LinearRing>
                </outerBoundaryIs>
            </Polygon>
        </Placemark>
        <Placemark id="1134354">
            <name>35709040005.0</name>
            <description>PIN: 35709040005.0&lt;br&gt;Wetland %: 0.00&lt;br&gt;Flood %: 100.00&lt;br&gt;Parcel area (m²): 1346.13</description>
            <styleUrl>#1134359</styleUrl>
            <ExtendedData>
                <Data name="PIN">
                    <value>35709040005.0</value>
                </Data>
                <Data name="Wetland_%">
                    <value>0.00</value>
                </Data>
                <Data name="Flood_%">
                    <value>100.00</value>
                </Data>
                <Data name="Parcel_area_m2">
                    <value>1346.13</value>
                </Data>
            </ExtendedData>
            <Polygon id="1134353">
                <outerBoundaryIs>
                    <LinearRing id="1134357">
                        <coordinates>-78.717003041481,33.813309674051524,0.0 -78.7172378211374,33.813211940397885,0.0 -78.71742162872764,33.81351585089576,0.0 -78.71732917656595,33.81355572659029,0.0 -78.71728910169305,33.81357663831245,0.0 -78.71718757033418,33.813617379228894,0.0 -78.717003041481,33.813309674051524,0.0</coordinates>
                    </LinearRing>
                </outerBoundaryIs>
            </Polygon>
        </Placemark>
        <Placemark id="1134368">
            <name>35711040162.0</name>
            <description>PIN: 35711040162.0&lt;br&gt;Wetland %: 0.00&lt;br&gt;Flood %: 100.00&lt;br&gt;Parcel area (m²): 2310.93</description>
            <styleUrl>#1134373</styleUrl>
            <ExtendedData>
                <Data name="PIN">
                    <value>35711040162.0</value>
                </Data>
                <Data name="Wetland_%">
                    <value>0.00</value>
                </Data>
                <Data name="Flood_%">
                    <value>100.00</value>
                </Data>
                <Data name="Parcel_area_m2">
                    <value>2310.93</value>
                </Data>
            </ExtendedData>
            <Polygon id="1134367">
                <outerBoundaryIs>
                    <LinearRing id="1134371">
                        <coordinates>-78.69823627672774,33.81288520884038,0.0 -78.69841877440568,33.81280354851621,0.0 -78.69841894608543,33.812803472335204,0.0 -78.69856876202715,33.81273692000208,0.0 -78.69880453814169,33.813096464840925,0.0 -78.69864961329516,33.81316300185751,0.0 -78.69846547610103,33.813244289296776,0.0 -78.69823627672774,33.81288520884038,0.0</coordinates>
                    </LinearRing>
                </outerBoundaryIs>
            </Polygon>
        </Placemark>
        <Placemark id="1134382">
            <name>35711030039.0</name>
            <description>PIN: 35711030039.0&lt;br&gt;Wetland %: 0.00&lt;br&gt;Flood %: 0.00&lt;br&gt;Parcel area (m²): 1087.50</description>
            <styleUrl>#1134387</styleUrl>
            <ExtendedData>
                <Data name="PIN">
                    <value>35711030039.0</value>
                </Data>
                <Data name="Wetland_%">
                    <value>0.00</value>
                </Data>
                <Data name="Flood_%">
                    <value>0.00</value>
                </Data>
                <Data name="Parcel_area_m2">
                    <value>1087.50</value>
                </Data>
            </ExtendedData>
            <Polygon id="1134381">
                <outerBoundaryIs>
                    <LinearRing id="1134385">
                        <coordinates>-78.69322122652174,33.812786541411185,0.0 -78.69334855944693,33.81273581897329,0.0 -78.69339432244577,33.812717942355434,0.0 -78.6935869149148,33.81305968449007,0.0 -78.69341293365339,33.813130499691326,0.0 -78.69322122652174,33.812786541411185,0.0</coordinates>
                    </LinearRing>
                </outerBoundaryIs>
            </Polygon>
        </Placemark>
        <Placemark id="1134396">
            <name>35709040004.0</name>
            <description>PIN: 35709040004.0&lt;br&gt;Wetland %: 0.00&lt;br&gt;Flood %: 100.00&lt;br&gt;Parcel area (m²): 1331.33</description>
            <styleUrl>#1134401</styleUrl>
            <ExtendedData>
                <Data name="PIN">
                    <value>35709040004.0</value>
                </Data>
                <Data name="Wetland_%">
                    <value>0.00</value>
                </Data>
                <Data name="Flood_%">
                    <value>100.00</value>
                </Data>
                <Data name="Parcel_area_m2">
                    <value>1331.33</value>
                </Data>
            </ExtendedData>
            <Polygon id="1134395">
                <outerBoundaryIs>
                    <LinearRing id="1134399">
                        <coordinates>-78.71747425535892,33.81311389136327,0.0 -78.71765567644894,33.81341466377507,0.0 -78.71742162872764,33.81351585089576,0.0 -78.7172378211374,33.813211940397885,0.0 -78.71746258820636,33.81311917459752,0.0 -78.71747425535892,33.81311389136327,0.0</coordinates>
                    </LinearRing>
                </outerBoundaryIs>
            </Polygon>
        </Placemark>
        <Placemark id="1134410">
            <name>35711040199.0</name>
            <description>PIN: 35711040199.0&lt;br&gt;Wetland %: 0.00&lt;br&gt;Flood %: 100.00&lt;br&gt;Parcel area (m²): 126.18</description>
            <styleUrl>#1134415</styleUrl>
            <ExtendedData>
                <Data name="PIN">
                    <value>35711040199.0</value>
                </Data>
                <Data name="Wetland_%">
                    <value>0.00</value>
                </Data>
                <Data name="Flood_%">
                    <value>100.00</value>
                </Data>
                <Data name="Parcel_area_m2">
                    <value>126.18</value>
                </Data>
            </ExtendedData>
            <Polygon id="1134409">
                <outerBoundaryIs>
                    <LinearRing id="1134413">
                        <coordinates>-78.69904724291207,33.81310372464907,0.0 -78.69922554861864,33.81302490579132,0.0 -78.69924926562277,33.81306177337975,0.0 -78.69907095526823,33.813140764461096,0.0 -78.69904724291207,33.81310372464907,0.0</coordinates>
                    </LinearRing>
                </outerBoundaryIs>
            </Polygon>
        </Placemark>
        <Placemark id="1134424">
            <name>39411040019.0</name>
            <description>PIN: 39411040019.0&lt;br&gt;Wetland %: 0.00&lt;br&gt;Flood %: 100.00&lt;br&gt;Parcel area (m²): 3197.32</description>
            <styleUrl>#1134429</styleUrl>
            <ExtendedData>
                <Data name="PIN">
                    <value>39411040019.0</value>
                </Data>
                <Data name="Wetland_%">
                    <value>0.00</value>
                </Data>
                <Data name="Flood_%">
                    <value>100.00</value>
                </Data>
                <Data name="Parcel_area_m2">
                    <value>3197.32</value>
                </Data>
            </ExtendedData>
            <Polygon id="1134423">
                <outerBoundaryIs>
                    <LinearRing id="1134427">
                        <coordinates>-78.80017921764926,33.75776398857618,0.0 -78.80017977317044,33.757762486775626,0.0 -78.80018010247782,33.75776159879265,0.0 -78.8002070232741,33.757512418689785,0.0 -78.80104972136142,33.75763737145269,0.0 -78.80104395414506,33.75766991434211,0.0 -78.80100989322868,33.75781192260574,0.0 -78.80098898882267,33.75788955850481,0.0 -78.80098731868901,33.7578905606554,0.0 -78.80017921764926,33.75776398857618,0.0</coordinates>
                    </LinearRing>
                </outerBoundaryIs>
            </Polygon>
        </Placemark>
        <Placemark id="1134438">
            <name>39106020355.0</name>
            <description>PIN: 39106020355.0&lt;br&gt;Wetland %: 0.00&lt;br&gt;Flood %: 0.00&lt;br&gt;Parcel area (m²): 469.17</description>
            <styleUrl>#1134443</styleUrl>
            <ExtendedData>
                <Data name="PIN">
                    <value>39106020355.0</value>
                </Data>
                <Data name="Wetland_%">
                    <value>0.00</value>
                </Data>
                <Data name="Flood_%">
                    <value>0.00</value>
                </Data>
                <Data name="Parcel_area_m2">
                    <value>469.17</value>
                </Data>
            </ExtendedData>
            <Polygon id="1134437">
                <outerBoundaryIs>
                    <LinearRing id="1134441">
                        <coordinates>-78.73023825852691,33.79405557005156,0.0 -78.73027664958805,33.794035653441114,0.0 -78.73036760328678,33.79398904025027,0.0 -78.73051858503646,33.794132703696526,0.0 -78.73036092602169,33.79421160256622,0.0 -78.73023825852691,33.79405557005156,0.0</coordinates>
                    </LinearRing>
                </outerBoundaryIs>
            </Polygon>
        </Placemark>
        <Placemark id="1134452">
            <name>39106010011.0</name>
            <description>PIN: 39106010011.0&lt;br&gt;Wetland %: 0.00&lt;br&gt;Flood %: 0.00&lt;br&gt;Parcel area (m²): 965.25</description>
            <styleUrl>#1134457</styleUrl>
            <ExtendedData>
                <Data name="PIN">
                    <value>39106010011.0</value>
                </Data>
                <Data name="Wetland_%">
                    <value>0.00</value>
                </Data>
                <Data name="Flood_%">
                    <value>0.00</value>
                </Data>
                <Data name="Parcel_area_m2">
                    <value>965.25</value>
                </Data>
            </ExtendedData>
            <Polygon id="1134451">
                <outerBoundaryIs>
                    <LinearRing id="1134455">
                        <coordinates>-78.73166163943789,33.793859108552965,0.0 -78.73178111828973,33.79379776315248,0.0 -78.73199824748993,33.79408697002827,0.0 -78.73192289183324,33.79412455478043,0.0 -78.73183475805646,33.79416851308754,0.0 -78.73183470274735,33.7941684390149,0.0 -78.73161926129428,33.79388091788646,0.0 -78.73161923311189,33.79388088038944,0.0 -78.73166163943789,33.793859108552965,0.0</coordinates>
                    </LinearRing>
                </outerBoundaryIs>
            </Polygon>
        </Placemark>
        <Placemark id="1134466">
            <name>40113010032.0</name>
            <description>PIN: 40113010032.0&lt;br&gt;Wetland %: 0.00&lt;br&gt;Flood %: 100.00&lt;br&gt;Parcel area (m²): 2008.31</description>
            <styleUrl>#1134471</styleUrl>
            <ExtendedData>
                <Data name="PIN">
                    <value>40113010032.0</value>
                </Data>
                <Data name="Wetland_%">
                    <value>0.00</value>
                </Data>
                <Data name="Flood_%">
                    <value>100.00</value>
                </Data>
                <Data name="Parcel_area_m2">
                    <value>2008.31</value>
                </Data>
            </ExtendedData>
            <Polygon id="1134465">
                <outerBoundaryIs>
                    <LinearRing id="1134469">
                        <coordinates>-79.02150604297431,33.757696730470215,0.0 -79.02152923144048,33.75758250099352,0.0 -79.0220129480519,33.75765827367927,0.0 -79.0219583009181,33.75792457397329,0.0 -79.02147033150239,33.7578547452676,0.0 -79.0214794738537,33.757814858979,0.0 -79.02150604297431,33.757696730470215,0.0</coordinates>
                    </LinearRing>
                </outerBoundaryIs>
            </Polygon>
        </Placemark>
        <Placemark id="1134480">
            <name>39513040047.0</name>
            <description>PIN: 39513040047.0&lt;br&gt;Wetland %: 0.00&lt;br&gt;Flood %: 100.00&lt;br&gt;Parcel area (m²): 2072.53</description>
            <styleUrl>#1134485</styleUrl>
            <ExtendedData>
                <Data name="PIN">
                    <value>39513040047.0</value>
                </Data>
                <Data name="Wetland_%">
                    <value>0.00</value>
                </Data>
                <Data name="Flood_%">
                    <value>100.00</value>
                </Data>
                <Data name="Parcel_area_m2">
                    <value>2072.53</value>
                </Data>
            </ExtendedData>
            <Polygon id="1134479">
                <outerBoundaryIs>
                    <LinearRing id="1134483">
                        <coordinates>-78.82302257287124,33.75304838672622,0.0 -78.82305675580328,33.75303060287121,0.0 -78.823255217321,33.75292601961974,0.0 -78.82328775202264,33.75290837987437,0.0 -78.82360630244507,33.75322962487066,0.0 -78.82338247389711,33.75336163449295,0.0 -78.82332697422403,33.75339910008171,0.0 -78.82302257287124,33.75304838672622,0.0</coordinates>
                    </LinearRing>
                </outerBoundaryIs>
            </Polygon>
        </Placemark>
        <Placemark id="1134494">
            <name>39006020044.0</name>
            <description>PIN: 39006020044.0&lt;br&gt;Wetland %: 0.00&lt;br&gt;Flood %: 100.00&lt;br&gt;Parcel area (m²): 852.82</description>
            <styleUrl>#1134499</styleUrl>
            <ExtendedData>
                <Data name="PIN">
                    <value>39006020044.0</value>
                </Data>
                <Data name="Wetland_%">
                    <value>0.00</value>
                </Data>
                <Data name="Flood_%">
                    <value>100.00</value>
                </Data>
                <Data name="Parcel_area_m2">
                    <value>852.82</value>
                </Data>
            </ExtendedData>
            <Polygon id="1134493">
                <outerBoundaryIs>
                    <LinearRing id="1134497">
                        <coordinates>-78.75982756987892,33.79505533732824,0.0 -78.75987324279072,33.79504001356219,0.0 -78.75999532690898,33.794998752473745,0.0 -78.76012769860972,33.7952904996734,0.0 -78.76011855288928,33.79529394288693,0.0 -78.76001709005381,33.79533368771935,0.0 -78.75996383219993,33.795355747173936,0.0 -78.75982756987892,33.79505533732824,0.0</coordinates>
                    </LinearRing>
                </outerBoundaryIs>
            </Polygon>
        </Placemark>
        <Placemark id="1134508">
            <name>38206020003.0</name>
            <description>PIN: 38206020003.0&lt;br&gt;Wetland %: 0.00&lt;br&gt;Flood %: 100.00&lt;br&gt;Parcel area (m²): 1055.75</description>
            <styleUrl>#1134513</styleUrl>
            <ExtendedData>
                <Data name="PIN">
                    <value>38206020003.0</value>
                </Data>
                <Data name="Wetland_%">
                    <value>0.00</value>
                </Data>
                <Data name="Flood_%">
                    <value>100.00</value>
                </Data>
                <Data name="Parcel_area_m2">
                    <value>1055.75</value>
                </Data>
            </ExtendedData>
            <Polygon id="1134507">
                <outerBoundaryIs>
                    <LinearRing id="1134511">
                        <coordinates>-79.02485230409614,33.79883382667974,0.0 -79.02496165867761,33.79858781623837,0.0 -79.02521170336098,33.79866877754576,0.0 -79.02509979704891,33.79891835601947,0.0 -79.02485230409614,33.79883382667974,0.0</coordinates>
                    </LinearRing>
                </outerBoundaryIs>
            </Polygon>
        </Placemark>
        <Placemark id="1134522">
            <name>39106040614.0</name>
            <description>PIN: 39106040614.0&lt;br&gt;Wetland %: 0.00&lt;br&gt;Flood %: 0.00&lt;br&gt;Parcel area (m²): 1062.29</description>
            <styleUrl>#1134527</styleUrl>
            <ExtendedData>
                <Data name="PIN">
                    <value>39106040614.0</value>
                </Data>
                <Data name="Wetland_%">
                    <value>0.00</value>
                </Data>
                <Data name="Flood_%">
                    <value>0.00</value>
                </Data>
                <Data name="Parcel_area_m2">
                    <value>1062.29</value>
                </Data>
            </ExtendedData>
            <Polygon id="1134521">
                <outerBoundaryIs>
                    <LinearRing id="1134525">
                        <coordinates>-78.73460572087438,33.792346710265264,0.0 -78.7347758891077,33.79226133527576,0.0 -78.73488884773936,33.7924111712651,0.0 -78.73495702363441,33.79250095927448,0.0 -78.73496682431389,33.79251386894284,0.0 -78.73500252610827,33.79256088862538,0.0 -78.73500262847043,33.79256102218526,0.0 -78.73500243681194,33.79256112150135,0.0 -78.73496507973326,33.7925803188658,0.0 -78.7348299002202,33.79264978801181,0.0 -78.73460572087438,33.792346710265264,0.0</coordinates>
                    </LinearRing>
                </outerBoundaryIs>
            </Polygon>
        </Placemark>
        <Placemark id="1134536">
            <name>38206030055.0</name>
            <description>PIN: 38206030055.0&lt;br&gt;Wetland %: 0.00&lt;br&gt;Flood %: 100.00&lt;br&gt;Parcel area (m²): 981.96</description>
            <styleUrl>#1134541</styleUrl>
            <ExtendedData>
                <Data name="PIN">
                    <value>38206030055.0</value>
                </Data>
                <Data name="Wetland_%">
                    <value>0.00</value>
                </Data>
                <Data name="Flood_%">
                    <value>100.00</value>
                </Data>
                <Data name="Parcel_area_m2">
                    <value>981.96</value>
                </Data>
            </ExtendedData>
            <Polygon id="1134535">
                <outerBoundaryIs>
                    <LinearRing id="1134539">
                        <coordinates>-79.02515138975731,33.79752765908769,0.0 -79.02525632473183,33.79729480705531,0.0 -79.02550319126892,33.797370562730826,0.0 -79.02540152873259,33.79760432668621,0.0 -79.02515138975731,33.79752765908769,0.0</coordinates>
                    </LinearRing>
                </outerBoundaryIs>
            </Polygon>
        </Placemark>
        <Placemark id="1134550">
            <name>42013030006.0</name>
            <description>PIN: 42013030006.0&lt;br&gt;Wetland %: 0.00&lt;br&gt;Flood %: 100.00&lt;br&gt;Parcel area (m²): 1592.77</description>
            <styleUrl>#1134555</styleUrl>
            <ExtendedData>
                <Data name="PIN">
                    <value>42013030006.0</value>
                </Data>
                <Data name="Wetland_%">
                    <value>0.00</value>
                </Data>
                <Data name="Flood_%">
                    <value>100.00</value>
                </Data>
                <Data name="Parcel_area_m2">
                    <value>1592.77</value>
                </Data>
            </ExtendedData>
            <Polygon id="1134549">
                <outerBoundaryIs>
                    <LinearRing id="1134553">
                        <coordinates>-78.85211776121649,33.72509366350458,0.0 -78.8521460926552,33.72511202415399,0.0 -78.85231292622268,33.725216813400465,0.0 -78.85199576351013,33.72556714750173,0.0 -78.85196428431439,33.72554306067067,0.0 -78.85190454625875,33.725497692973455,0.0 -78.85180767121865,33.725424186836314,0.0 -78.85211776121649,33.72509366350458,0.0</coordinates>
                    </LinearRing>
                </outerBoundaryIs>
            </Polygon>
        </Placemark>
        <Placemark id="1134564">
            <name>42116040067.0</name>
            <description>PIN: 42116040067.0&lt;br&gt;Wetland %: 0.00&lt;br&gt;Flood %: 100.00&lt;br&gt;Parcel area (m²): 1772.64</description>
            <styleUrl>#1134569</styleUrl>
            <ExtendedData>
                <Data name="PIN">
                    <value>42116040067.0</value>
                </Data>
                <Data name="Wetland_%">
                    <value>0.00</value>
                </Data>
                <Data name="Flood_%">
                    <value>100.00</value>
                </Data>
                <Data name="Parcel_area_m2">
                    <value>1772.64</value>
                </Data>
            </ExtendedData>
            <Polygon id="1134563">
                <outerBoundaryIs>
                    <LinearRing id="1134567">
                        <coordinates>-78.84861748497903,33.725210123054616,0.0 -78.84867734037874,33.72515171302211,0.0 -78.8487812618238,33.7250413215211,0.0 -78.84920185650323,33.72526101199566,0.0 -78.84920099903357,33.7252623716583,0.0 -78.84911566286249,33.72535315630642,0.0 -78.84901170726346,33.72546492116116,0.0 -78.84900749479861,33.72546897252054,0.0 -78.8490026377773,33.725465793439184,0.0 -78.84861748497903,33.725210123054616,0.0</coordinates>
                    </LinearRing>
                </outerBoundaryIs>
            </Polygon>
        </Placemark>
        <Placemark id="1134578">
            <name>42404020015.0</name>
            <description>PIN: 42404020015.0&lt;br&gt;Wetland %: 0.00&lt;br&gt;Flood %: 100.00&lt;br&gt;Parcel area (m²): 2366.90</description>
            <styleUrl>#1134583</styleUrl>
            <ExtendedData>
                <Data name="PIN">
                    <value>42404020015.0</value>
                </Data>
                <Data name="Wetland_%">
                    <value>0.00</value>
                </Data>
                <Data name="Flood_%">
                    <value>100.00</value>
                </Data>
                <Data name="Parcel_area_m2">
                    <value>2366.90</value>
                </Data>
            </ExtendedData>
            <Polygon id="1134577">
                <outerBoundaryIs>
                    <LinearRing id="1134581">
                        <coordinates>-78.85323528238362,33.721334190315716,0.0 -78.85330975412124,33.721283076997494,0.0 -78.85342791676483,33.721194922134664,0.0 -78.85350767643631,33.721129640622024,0.0 -78.8535286247854,33.72114718644203,0.0 -78.85386378348792,33.72142860788496,0.0 -78.8537789939124,33.72149775468115,0.0 -78.85370582220347,33.72155046023967,0.0 -78.85370445826507,33.7215514431454,0.0 -78.85370018927439,33.72155426792581,0.0 -78.85363588662186,33.72159681625912,0.0 -78.85360079678053,33.72161871542214,0.0 -78.8535648730273,33.721641116919464,0.0 -78.85323528238362,33.721334190315716,0.0</coordinates>
                    </LinearRing>
                </outerBoundaryIs>
            </Polygon>
        </Placemark>
        <Placemark id="1134592">
            <name>42404020008.0</name>
            <description>PIN: 42404020008.0&lt;br&gt;Wetland %: 14.97&lt;br&gt;Flood %: 87.20&lt;br&gt;Parcel area (m²): 1985.08</description>
            <styleUrl>#1134597</styleUrl>
            <ExtendedData>
                <Data name="PIN">
                    <value>42404020008.0</value>
                </Data>
                <Data name="Wetland_%">
                    <value>14.97</value>
                </Data>
                <Data name="Flood_%">
                    <value>87.20</value>
                </Data>
                <Data name="Parcel_area_m2">
                    <value>1985.08</value>
                </Data>
            </ExtendedData>
            <Polygon id="1134591">
                <outerBoundaryIs>
                    <LinearRing id="1134595">
                        <coordinates>-78.85194124775613,33.721278550238495,0.0 -78.85215649459276,33.721156171710966,0.0 -78.85217150645195,33.72114784225406,0.0 -78.85258625866331,33.72150281489881,0.0 -78.85256961850651,33.72151042974342,0.0 -78.85233826728958,33.72161895580867,0.0 -78.85194124775613,33.721278550238495,0.0</coordinates>
                    </LinearRing>
                </outerBoundaryIs>
            </Polygon>
        </Placemark>
        <Placemark id="1134606">
            <name>42301020006.0</name>
            <description>PIN: 42301020006.0&lt;br&gt;Wetland %: 0.00&lt;br&gt;Flood %: 0.00&lt;br&gt;Parcel area (m²): 3668.01</description>
            <styleUrl>#1134611</styleUrl>
            <ExtendedData>
                <Data name="PIN">
                    <value>42301020006.0</value>
                </Data>
                <Data name="Wetland_%">
                    <value>0.00</value>
                </Data>
                <Data name="Flood_%">
                    <value>0.00</value>
                </Data>
                <Data name="Parcel_area_m2">
                    <value>3668.01</value>
                </Data>
            </ExtendedData>
            <Polygon id="1134605">
                <outerBoundaryIs>
                    <LinearRing id="1134609">
                        <coordinates>-78.84444695639444,33.720808412678046,0.0 -78.84464266172553,33.72064550089929,0.0 -78.84541299745293,33.72125206036485,0.0 -78.84541783167728,33.721256095153116,0.0 -78.84541279176959,33.72126030334675,0.0 -78.84522292173571,33.72142005383463,0.0 -78.84444695639444,33.720808412678046,0.0</coordinates>
                    </LinearRing>
                </outerBoundaryIs>
            </Polygon>
        </Placemark>
        <Placemark id="1134620">
            <name>42404020007.0</name>
            <description>PIN: 42404020007.0&lt;br&gt;Wetland %: 14.09&lt;br&gt;Flood %: 78.38&lt;br&gt;Parcel area (m²): 2275.43</description>
            <styleUrl>#1134625</styleUrl>
            <ExtendedData>
                <Data name="PIN">
                    <value>42404020007.0</value>
                </Data>
                <Data name="Wetland_%">
                    <value>14.09</value>
                </Data>
                <Data name="Flood_%">
                    <value>78.38</value>
                </Data>
                <Data name="Parcel_area_m2">
                    <value>2275.43</value>
                </Data>
            </ExtendedData>
            <Polygon id="1134619">
                <outerBoundaryIs>
                    <LinearRing id="1134623">
                        <coordinates>-78.85241846214946,33.72100711540981,0.0 -78.85258293485647,33.72114038504946,0.0 -78.85285783690637,33.72136423388454,0.0 -78.85276773800634,33.72141524515213,0.0 -78.85258625866331,33.72150281489881,0.0 -78.85217150645195,33.72114784225406,0.0 -78.85241846214946,33.72100711540981,0.0</coordinates>
                    </LinearRing>
                </outerBoundaryIs>
            </Polygon>
        </Placemark>
        <Placemark id="1134634">
            <name>42404020016.0</name>
            <description>PIN: 42404020016.0&lt;br&gt;Wetland %: 0.00&lt;br&gt;Flood %: 100.00&lt;br&gt;Parcel area (m²): 2338.99</description>
            <styleUrl>#1134639</styleUrl>
            <ExtendedData>
                <Data name="PIN">
                    <value>42404020016.0</value>
                </Data>
                <Data name="Wetland_%">
                    <value>0.00</value>
                </Data>
                <Data name="Flood_%">
                    <value>100.00</value>
                </Data>
                <Data name="Parcel_area_m2">
                    <value>2338.99</value>
                </Data>
            </ExtendedData>
            <Polygon id="1134633">
                <outerBoundaryIs>
                    <LinearRing id="1134637">
                        <coordinates>-78.85438361077401,33.72103092735942,0.0 -78.85410538630701,33.72123847056252,0.0 -78.85375329908875,33.72094318246745,0.0 -78.85401117098473,33.720727211665455,0.0 -78.85438361077401,33.72103092735942,0.0</coordinates>
                    </LinearRing>
                </outerBoundaryIs>
            </Polygon>
        </Placemark>
        <Placemark id="1134648">
            <name>42404020005.0</name>
            <description>PIN: 42404020005.0&lt;br&gt;Wetland %: 0.00&lt;br&gt;Flood %: 100.00&lt;br&gt;Parcel area (m²): 1691.18</description>
            <styleUrl>#1134653</styleUrl>
            <ExtendedData>
                <Data name="PIN">
                    <value>42404020005.0</value>
                </Data>
                <Data name="Wetland_%">
                    <value>0.00</value>
                </Data>
                <Data name="Flood_%">
                    <value>100.00</value>
                </Data>
                <Data name="Parcel_area_m2">
                    <value>1691.18</value>
                </Data>
            </ExtendedData>
            <Polygon id="1134647">
                <outerBoundaryIs>
                    <LinearRing id="1134651">
                        <coordinates>-78.85309195176077,33.720780666611574,0.0 -78.8533682911543,33.72101278583066,0.0 -78.85329273708611,33.72107436198421,0.0 -78.85318127104566,33.72115782196268,0.0 -78.8531185087749,33.72120106151059,0.0 -78.85282907416497,33.72096630885128,0.0 -78.85309195176077,33.720780666611574,0.0</coordinates>
                    </LinearRing>
                </outerBoundaryIs>
            </Polygon>
        </Placemark>
        <Placemark id="1134662">
            <name>42013030007.0</name>
            <description>PIN: 42013030007.0&lt;br&gt;Wetland %: 0.00&lt;br&gt;Flood %: 100.00&lt;br&gt;Parcel area (m²): 1632.69</description>
            <styleUrl>#1134667</styleUrl>
            <ExtendedData>
                <Data name="PIN">
                    <value>42013030007.0</value>
                </Data>
                <Data name="Wetland_%">
                    <value>0.00</value>
                </Data>
                <Data name="Flood_%">
                    <value>100.00</value>
                </Data>
                <Data name="Parcel_area_m2">
                    <value>1632.69</value>
                </Data>
            </ExtendedData>
            <Polygon id="1134661">
                <outerBoundaryIs>
                    <LinearRing id="1134665">
                        <coordinates>-78.8521227976372,33.72432914260691,0.0 -78.85227219028778,33.72444067326956,0.0 -78.85229400298813,33.72445651607125,0.0 -78.85231178288059,33.72446919603625,0.0 -78.85198623285987,33.72479309524633,0.0 -78.85194176065988,33.724762253482794,0.0 -78.85181005589081,33.72466718095076,0.0 -78.85178664055789,33.72464959200456,0.0 -78.8521227976372,33.72432914260691,0.0</coordinates>
                    </LinearRing>
                </outerBoundaryIs>
            </Polygon>
        </Placemark>
        <Placemark id="1134676">
            <name>42116030040.0</name>
            <description>PIN: 42116030040.0&lt;br&gt;Wetland %: 0.00&lt;br&gt;Flood %: 100.00&lt;br&gt;Parcel area (m²): 1315.71</description>
            <styleUrl>#1134681</styleUrl>
            <ExtendedData>
                <Data name="PIN">
                    <value>42116030040.0</value>
                </Data>
                <Data name="Wetland_%">
                    <value>0.00</value>
                </Data>
                <Data name="Flood_%">
                    <value>100.00</value>
                </Data>
                <Data name="Parcel_area_m2">
                    <value>1315.71</value>
                </Data>
            </ExtendedData>
            <Polygon id="1134675">
                <outerBoundaryIs>
                    <LinearRing id="1134679">
                        <coordinates>-78.84602431036703,33.72430998226232,0.0 -78.84614946883889,33.7242056325004,0.0 -78.84657354167312,33.72454927689912,0.0 -78.84653490749533,33.72458124943129,0.0 -78.84644665644085,33.72465686118165,0.0 -78.84602431036703,33.72430998226232,0.0</coordinates>
                    </LinearRing>
                </outerBoundaryIs>
            </Polygon>
        </Placemark>
        <Placemark id="1134690">
            <name>42404040005.0</name>
            <description>PIN: 42404040005.0&lt;br&gt;Wetland %: 0.00&lt;br&gt;Flood %: 100.00&lt;br&gt;Parcel area (m²): 1736.19</description>
            <styleUrl>#1134695</styleUrl>
            <ExtendedData>
                <Data name="PIN">
                    <value>42404040005.0</value>
                </Data>
                <Data name="Wetland_%">
                    <value>0.00</value>
                </Data>
                <Data name="Flood_%">
                    <value>100.00</value>
                </Data>
                <Data name="Parcel_area_m2">
                    <value>1736.19</value>
                </Data>
            </ExtendedData>
            <Polygon id="1134689">
                <outerBoundaryIs>
                    <LinearRing id="1134693">
                        <coordinates>-78.85629313380039,33.719783635448906,0.0 -78.85631489993432,33.719768206069304,0.0 -78.85647146480525,33.719623841489614,0.0 -78.8568636472607,33.71989438801881,0.0 -78.85683647424489,33.719928796464686,0.0 -78.85675214827849,33.72001255859729,0.0 -78.85668407225165,33.72007117178902,0.0 -78.85629313380039,33.719783635448906,0.0</coordinates>
                    </LinearRing>
                </outerBoundaryIs>
            </Polygon>
        </Placemark>
        <Placemark id="1134704">
            <name>42404030081.0</name>
            <description>PIN: 42404030081.0&lt;br&gt;Wetland %: 0.00&lt;br&gt;Flood %: 100.00&lt;br&gt;Parcel area (m²): 2392.02</description>
            <styleUrl>#1134709</styleUrl>
            <ExtendedData>
                <Data name="PIN">
                    <value>42404030081.0</value>
                </Data>
                <Data name="Wetland_%">
                    <value>0.00</value>
                </Data>
                <Data name="Flood_%">
                    <value>100.00</value>
                </Data>
                <Data name="Parcel_area_m2">
                    <value>2392.02</value>
                </Data>
            </ExtendedData>
            <Polygon id="1134703">
                <outerBoundaryIs>
                    <LinearRing id="1134707">
                        <coordinates>-78.855701596457,33.719592104789946,0.0 -78.85573571359144,33.71957620059411,0.0 -78.8559566746207,33.71945511877592,0.0 -78.8559616797711,33.71945228503686,0.0 -78.85596650898823,33.7194564933973,0.0 -78.85629313380039,33.719783635448906,0.0 -78.85611983373171,33.71990640465177,0.0 -78.85598337582272,33.720002835915075,0.0 -78.855701596457,33.719592104789946,0.0</coordinates>
                    </LinearRing>
                </outerBoundaryIs>
            </Polygon>
        </Placemark>
        <Placemark id="1134718">
            <name>42301040047.0</name>
            <description>PIN: 42301040047.0&lt;br&gt;Wetland %: 0.00&lt;br&gt;Flood %: 100.00&lt;br&gt;Parcel area (m²): 3664.76</description>
            <styleUrl>#1134723</styleUrl>
            <ExtendedData>
                <Data name="PIN">
                    <value>42301040047.0</value>
                </Data>
                <Data name="Wetland_%">
                    <value>0.00</value>
                </Data>
                <Data name="Flood_%">
                    <value>100.00</value>
                </Data>
                <Data name="Parcel_area_m2">
                    <value>3664.76</value>
                </Data>
            </ExtendedData>
            <Polygon id="1134717">
                <outerBoundaryIs>
                    <LinearRing id="1134721">
                        <coordinates>-78.84980117231468,33.719790821931156,0.0 -78.8498029373235,33.71978604340605,0.0 -78.84997959461097,33.71942966226577,0.0 -78.85008634889772,33.719197257592576,0.0 -78.85030308118417,33.719379081097934,0.0 -78.85052138471112,33.71953753845149,0.0 -78.85009723999111,33.71989081734715,0.0 -78.85006144006975,33.71987524684993,0.0 -78.84994242817629,33.71983228304569,0.0 -78.849806087864,33.71979159559532,0.0 -78.84980117231468,33.719790821931156,0.0</coordinates>
                    </LinearRing>
                </outerBoundaryIs>
            </Polygon>
        </Placemark>
        <Placemark id="1134732">
            <name>42301030003.0</name>
            <description>PIN: 42301030003.0&lt;br&gt;Wetland %: 0.00&lt;br&gt;Flood %: 0.00&lt;br&gt;Parcel area (m²): 4139.36</description>
            <styleUrl>#1134737</styleUrl>
            <ExtendedData>
                <Data name="PIN">
                    <value>42301030003.0</value>
                </Data>
                <Data name="Wetland_%">
                    <value>0.00</value>
                </Data>
                <Data name="Flood_%">
                    <value>0.00</value>
                </Data>
                <Data name="Parcel_area_m2">
                    <value>4139.36</value>
                </Data>
            </ExtendedData>
            <Polygon id="1134731">
                <outerBoundaryIs>
                    <LinearRing id="1134735">
                        <coordinates>-78.84802279061786,33.719072588001055,0.0 -78.84784049612148,33.71922577362259,0.0 -78.84779093335997,33.71926735154126,0.0 -78.84706974597883,33.718668878911245,0.0 -78.84730966901809,33.71848044362175,0.0 -78.84802279061786,33.719072588001055,0.0</coordinates>
                    </LinearRing>
                </outerBoundaryIs>
            </Polygon>
        </Placemark>
        <Placemark id="1134746">
            <name>42301040044.0</name>
            <description>PIN: 42301040044.0&lt;br&gt;Wetland %: 0.00&lt;br&gt;Flood %: 84.75&lt;br&gt;Parcel area (m²): 4247.83</description>
            <styleUrl>#1134751</styleUrl>
            <ExtendedData>
                <Data name="PIN">
                    <value>42301040044.0</value>
                </Data>
                <Data name="Wetland_%">
                    <value>0.00</value>
                </Data>
                <Data name="Flood_%">
                    <value>84.75</value>
                </Data>
                <Data name="Parcel_area_m2">
                    <value>4247.83</value>
                </Data>
            </ExtendedData>
            <Polygon id="1134745">
                <outerBoundaryIs>
                    <LinearRing id="1134749">
                        <coordinates>-78.84897972836077,33.718924122597805,0.0 -78.84941215715322,33.71863289444072,0.0 -78.84963457327655,33.718818245460916,0.0 -78.84983883857183,33.71898961224321,0.0 -78.84985740828851,33.71900519078046,0.0 -78.8498641715666,33.71901086531711,0.0 -78.84989561660122,33.71903724583627,0.0 -78.84915972457509,33.7192262241387,0.0 -78.84915393557525,33.71922749892555,0.0 -78.84915239403199,33.719223348380055,0.0 -78.8490764400381,33.71906979277693,0.0 -78.84897972836077,33.718924122597805,0.0</coordinates>
                    </LinearRing>
                </outerBoundaryIs>
            </Polygon>
        </Placemark>
        <Placemark id="1134760">
            <name>42405020063.0</name>
            <description>PIN: 42405020063.0&lt;br&gt;Wetland %: 0.00&lt;br&gt;Flood %: 100.00&lt;br&gt;Parcel area (m²): 3049.44</description>
            <styleUrl>#1134765</styleUrl>
            <ExtendedData>
                <Data name="PIN">
                    <value>42405020063.0</value>
                </Data>
                <Data name="Wetland_%">
                    <value>0.00</value>
                </Data>
                <Data name="Flood_%">
                    <value>100.00</value>
                </Data>
                <Data name="Parcel_area_m2">
                    <value>3049.44</value>
                </Data>
            </ExtendedData>
            <Polygon id="1134759">
                <outerBoundaryIs>
                    <LinearRing id="1134763">
                        <coordinates>-78.85492049773896,33.71342439647113,0.0 -78.85507151003232,33.71330450744932,0.0 -78.8552030132825,33.71320850631569,0.0 -78.85527735419426,33.71316237380687,0.0 -78.85562376178248,33.71345343710022,0.0 -78.85529510238793,33.71373914537767,0.0 -78.85492049773896,33.71342439647113,0.0</coordinates>
                    </LinearRing>
                </outerBoundaryIs>
            </Polygon>
        </Placemark>
        <Placemark id="1134774">
            <name>42403030039.0</name>
            <description>PIN: 42403030039.0&lt;br&gt;Wetland %: 0.00&lt;br&gt;Flood %: 100.00&lt;br&gt;Parcel area (m²): 1665.37</description>
            <styleUrl>#1134779</styleUrl>
            <ExtendedData>
                <Data name="PIN">
                    <value>42403030039.0</value>
                </Data>
                <Data name="Wetland_%">
                    <value>0.00</value>
                </Data>
                <Data name="Flood_%">
                    <value>100.00</value>
                </Data>
                <Data name="Parcel_area_m2">
                    <value>1665.37</value>
                </Data>
            </ExtendedData>
            <Polygon id="1134773">
                <outerBoundaryIs>
                    <LinearRing id="1134777">
                        <coordinates>-78.86062628390384,33.71678136723853,0.0 -78.86071974502639,33.716859789938475,0.0 -78.86081080390944,33.71693559232457,0.0 -78.86044474048707,33.717237334122956,0.0 -78.86026100534498,33.717084668928,0.0 -78.86062628390384,33.71678136723853,0.0</coordinates>
                    </LinearRing>
                </outerBoundaryIs>
            </Polygon>
        </Placemark>
        <Placemark id="1134788">
            <name>42403030069.0</name>
            <description>PIN: 42403030069.0&lt;br&gt;Wetland %: 0.00&lt;br&gt;Flood %: 100.00&lt;br&gt;Parcel area (m²): 407.33</description>
            <styleUrl>#1134793</styleUrl>
            <ExtendedData>
                <Data name="PIN">
                    <value>42403030069.0</value>
                </Data>
                <Data name="Wetland_%">
                    <value>0.00</value>
                </Data>
                <Data name="Flood_%">
                    <value>100.00</value>
                </Data>
                <Data name="Parcel_area_m2">
                    <value>407.33</value>
                </Data>
            </ExtendedData>
            <Polygon id="1134787">
                <outerBoundaryIs>
                    <LinearRing id="1134791">
                        <coordinates>-78.86205405093742,33.717179781554925,0.0 -78.86220861721249,33.71704912017913,0.0 -78.86224054856088,33.71702166572362,0.0 -78.86232758777614,33.71709378966463,0.0 -78.86220491266401,33.71719871426268,0.0 -78.86214106356498,33.71725293609623,0.0 -78.86205405093742,33.717179781554925,0.0</coordinates>
                    </LinearRing>
                </outerBoundaryIs>
            </Polygon>
        </Placemark>
        <Placemark id="1134802">
            <name>42406020116.0</name>
            <description>PIN: 42406020116.0&lt;br&gt;Wetland %: 0.00&lt;br&gt;Flood %: 100.00&lt;br&gt;Parcel area (m²): 443.66</description>
            <styleUrl>#1134807</styleUrl>
            <ExtendedData>
                <Data name="PIN">
                    <value>42406020116.0</value>
                </Data>
                <Data name="Wetland_%">
                    <value>0.00</value>
                </Data>
                <Data name="Flood_%">
                    <value>100.00</value>
                </Data>
                <Data name="Parcel_area_m2">
                    <value>443.66</value>
                </Data>
            </ExtendedData>
            <Polygon id="1134801">
                <outerBoundaryIs>
                    <LinearRing id="1134805">
                        <coordinates>-78.8623719305245,33.71663149606384,0.0 -78.86258029793133,33.716453655106655,0.0 -78.8626463580048,33.71650943721838,0.0 -78.86266650203189,33.716526279400185,0.0 -78.86245409962267,33.71670095885815,0.0 -78.8623719305245,33.71663149606384,0.0</coordinates>
                    </LinearRing>
                </outerBoundaryIs>
            </Polygon>
        </Placemark>
        <Placemark id="1134816">
            <name>42405010093.0</name>
            <description>PIN: 42405010093.0&lt;br&gt;Wetland %: 0.00&lt;br&gt;Flood %: 100.00&lt;br&gt;Parcel area (m²): 187.16</description>
            <styleUrl>#1134821</styleUrl>
            <ExtendedData>
                <Data name="PIN">
                    <value>42405010093.0</value>
                </Data>
                <Data name="Wetland_%">
                    <value>0.00</value>
                </Data>
                <Data name="Flood_%">
                    <value>100.00</value>
                </Data>
                <Data name="Parcel_area_m2">
                    <value>187.16</value>
                </Data>
            </ExtendedData>
            <Polygon id="1134815">
                <outerBoundaryIs>
                    <LinearRing id="1134819">
                        <coordinates>-78.85980840179124,33.716497793632556,0.0 -78.85984870992546,33.71646429918075,0.0 -78.8600396151105,33.71662619613772,0.0 -78.86000180519264,33.71665853068227,0.0 -78.85981405848308,33.716501842991796,0.0 -78.85980840179124,33.716497793632556,0.0</coordinates>
                    </LinearRing>
                </outerBoundaryIs>
            </Polygon>
        </Placemark>
        <Placemark id="1134830">
            <name>42116040071.0</name>
            <description>PIN: 42116040071.0&lt;br&gt;Wetland %: 0.00&lt;br&gt;Flood %: 100.00&lt;br&gt;Parcel area (m²): 2702.66</description>
            <styleUrl>#1134835</styleUrl>
            <ExtendedData>
                <Data name="PIN">
                    <value>42116040071.0</value>
                </Data>
                <Data name="Wetland_%">
                    <value>0.00</value>
                </Data>
                <Data name="Flood_%">
                    <value>100.00</value>
                </Data>
                <Data name="Parcel_area_m2">
                    <value>2702.66</value>
                </Data>
            </ExtendedData>
            <Polygon id="1134829">
                <outerBoundaryIs>
                    <LinearRing id="1134833">
                        <coordinates>-78.84787957919318,33.72643508667424,0.0 -78.84777019427244,33.7264015668909,0.0 -78.84774567958013,33.72636209922073,0.0 -78.84770060422426,33.72628953011473,0.0 -78.84746731013892,33.72591433315111,0.0 -78.84770700022025,33.72580200964964,0.0 -78.84773696222591,33.72578792668831,0.0 -78.84804475002512,33.72634242884361,0.0 -78.84792855336057,33.726450200620185,0.0 -78.84787957919318,33.72643508667424,0.0</coordinates>
                    </LinearRing>
                </outerBoundaryIs>
            </Polygon>
        </Placemark>
        <Placemark id="1134844">
            <name>42116030009.0</name>
            <description>PIN: 42116030009.0&lt;br&gt;Wetland %: 0.00&lt;br&gt;Flood %: 61.08&lt;br&gt;Parcel area (m²): 2663.02</description>
            <styleUrl>#1134849</styleUrl>
            <ExtendedData>
                <Data name="PIN">
                    <value>42116030009.0</value>
                </Data>
                <Data name="Wetland_%">
                    <value>0.00</value>
                </Data>
                <Data name="Flood_%">
                    <value>61.08</value>
                </Data>
                <Data name="Parcel_area_m2">
                    <value>2663.02</value>
                </Data>
            </ExtendedData>
            <Polygon id="1134843">
                <outerBoundaryIs>
                    <LinearRing id="1134847">
                        <coordinates>-78.8466944647773,33.72547217843517,0.0 -78.84669948027071,33.725468999794664,0.0 -78.84673074612208,33.72546851417274,0.0 -78.84674226929332,33.72546819979977,0.0 -78.84676364349002,33.7254687442389,0.0 -78.84677925930586,33.72546918750926,0.0 -78.84678583342397,33.72546947424881,0.0 -78.8468190670213,33.7254561348586,0.0 -78.84682404177101,33.725454503255236,0.0 -78.84683068763013,33.72545186981552,0.0 -78.84684079884421,33.72544225155594,0.0 -78.84685680865758,33.72542689494864,0.0 -78.84685933190146,33.72542470564519,0.0 -78.84686690271192,33.72541796457843,0.0 -78.84687461913767,33.725405384096355,0.0 -78.84688061413839,33.72539586643938,0.0 -78.84688767862768,33.725376401723096,0.0 -78.84689391775562,33.72535709400733,0.0 -78.84690668067495,33.72534013401307,0.0 -78.84691517534681,33.725329285298976,0.0 -78.84691858714012,33.725324361409605,0.0 -78.84695189556838,33.72530810456732,0.0 -78.84697009884462,33.725303781844836,0.0 -78.8469742343096,33.72530282200976,0.0 -78.84697742872977,33.725306658612496,0.0 -78.84728231199409,33.72581248617231,0.0 -78.84699762138099,33.72594825006898,0.0 -78.84669605346285,33.725474438431945,0.0 -78.8466944647773,33.72547217843517,0.0</coordinates>
                    </LinearRing>
                </outerBoundaryIs>
            </Polygon>
        </Placemark>
        <Placemark id="1134858">
            <name>42116040025.0</name>
            <description>PIN: 42116040025.0&lt;br&gt;Wetland %: 0.00&lt;br&gt;Flood %: 100.00&lt;br&gt;Parcel area (m²): 1667.05</description>
            <styleUrl>#1134863</styleUrl>
            <ExtendedData>
                <Data name="PIN">
                    <value>42116040025.0</value>
                </Data>
                <Data name="Wetland_%">
                    <value>0.00</value>
                </Data>
                <Data name="Flood_%">
                    <value>100.00</value>
                </Data>
                <Data name="Parcel_area_m2">
                    <value>1667.05</value>
                </Data>
            </ExtendedData>
            <Polygon id="1134857">
                <outerBoundaryIs>
                    <LinearRing id="1134861">
                        <coordinates>-78.84961592832884,33.72570962579575,0.0 -78.84976624040917,33.7255529618392,0.0 -78.84976876787124,33.725550600278105,0.0 -78.85020991017072,33.725837139125716,0.0 -78.8500490651968,33.72598743490271,0.0 -78.84961592832884,33.72570962579575,0.0</coordinates>
                    </LinearRing>
                </outerBoundaryIs>
            </Polygon>
        </Placemark>
        <Placemark id="1134872">
            <name>42013030014.0</name>
            <description>PIN: 42013030014.0&lt;br&gt;Wetland %: 0.00&lt;br&gt;Flood %: 100.00&lt;br&gt;Parcel area (m²): 1625.73</description>
            <styleUrl>#1134877</styleUrl>
            <ExtendedData>
                <Data name="PIN">
                    <value>42013030014.0</value>
                </Data>
                <Data name="Wetland_%">
                    <value>0.00</value>
                </Data>
                <Data name="Flood_%">
                    <value>100.00</value>
                </Data>
                <Data name="Parcel_area_m2">
                    <value>1625.73</value>
                </Data>
            </ExtendedData>
            <Polygon id="1134871">
                <outerBoundaryIs>
                    <LinearRing id="1134875">
                        <coordinates>-78.85270442921492,33.72472155030168,0.0 -78.85268820702989,33.72471233388147,0.0 -78.85263956399903,33.72468382635764,0.0 -78.85249627466682,33.72459147392679,0.0 -78.852478453107,33.724580510582946,0.0 -78.8527691965757,33.72426700235286,0.0 -78.852846063934,33.72431816536517,0.0 -78.85297805649014,33.72440173107265,0.0 -78.85298291576675,33.724404735959375,0.0 -78.85297952035914,33.72440897300717,0.0 -78.85270442921492,33.72472155030168,0.0</coordinates>
                    </LinearRing>
                </outerBoundaryIs>
            </Polygon>
        </Placemark>
        <Placemark id="1134886">
            <name>42301010105.0</name>
            <description>PIN: 42301010105.0&lt;br&gt;Wetland %: 0.00&lt;br&gt;Flood %: 100.00&lt;br&gt;Parcel area (m²): 187.39</description>
            <styleUrl>#1134891</styleUrl>
            <ExtendedData>
                <Data name="PIN">
                    <value>42301010105.0</value>
                </Data>
                <Data name="Wetland_%">
                    <value>0.00</value>
                </Data>
                <Data name="Flood_%">
                    <value>100.00</value>
                </Data>
                <Data name="Parcel_area_m2">
                    <value>187.39</value>
                </Data>
            </ExtendedData>
            <Polygon id="1134885">
                <outerBoundaryIs>
                    <LinearRing id="1134889">
                        <coordinates>-78.85042255554401,33.7210956223972,0.0 -78.85057048174394,33.72096829714844,0.0 -78.85061963949651,33.72100901431771,0.0 -78.85047413263608,33.72113827217276,0.0 -78.85044834300481,33.72111694726897,0.0 -78.85042255554401,33.7210956223972,0.0</coordinates>
                    </LinearRing>
                </outerBoundaryIs>
            </Polygon>
        </Placemark>
        <Placemark id="1134900">
            <name>42404030072.0</name>
            <description>PIN: 42404030072.0&lt;br&gt;Wetland %: 0.00&lt;br&gt;Flood %: 100.00&lt;br&gt;Parcel area (m²): 2068.36</description>
            <styleUrl>#1134905</styleUrl>
            <ExtendedData>
                <Data name="PIN">
                    <value>42404030072.0</value>
                </Data>
                <Data name="Wetland_%">
                    <value>0.00</value>
                </Data>
                <Data name="Flood_%">
                    <value>100.00</value>
                </Data>
                <Data name="Parcel_area_m2">
                    <value>2068.36</value>
                </Data>
            </ExtendedData>
            <Polygon id="1134899">
                <outerBoundaryIs>
                    <LinearRing id="1134903">
                        <coordinates>-78.85398594020383,33.71975683739427,0.0 -78.85407771194403,33.71963832690184,0.0 -78.85413039661925,33.71957033920279,0.0 -78.85460042328198,33.71998468564255,0.0 -78.85459040747251,33.71999052518978,0.0 -78.85442404808175,33.720131796978386,0.0 -78.85398594020383,33.71975683739427,0.0</coordinates>
                    </LinearRing>
                </outerBoundaryIs>
            </Polygon>
        </Placemark>
        <Placemark id="1134914">
            <name>42301030006.0</name>
            <description>PIN: 42301030006.0&lt;br&gt;Wetland %: 0.00&lt;br&gt;Flood %: 22.55&lt;br&gt;Parcel area (m²): 4270.01</description>
            <styleUrl>#1134919</styleUrl>
            <ExtendedData>
                <Data name="PIN">
                    <value>42301030006.0</value>
                </Data>
                <Data name="Wetland_%">
                    <value>0.00</value>
                </Data>
                <Data name="Flood_%">
                    <value>22.55</value>
                </Data>
                <Data name="Parcel_area_m2">
                    <value>4270.01</value>
                </Data>
            </ExtendedData>
            <Polygon id="1134913">
                <outerBoundaryIs>
                    <LinearRing id="1134917">
                        <coordinates>-78.84644564193731,33.71915766768434,0.0 -78.84718938685145,33.71977509342561,0.0 -78.8469885929063,33.71994444888556,0.0 -78.84696003611884,33.719968179060544,0.0 -78.8462090432319,33.71934461148912,0.0 -78.84644564193731,33.71915766768434,0.0</coordinates>
                    </LinearRing>
                </outerBoundaryIs>
            </Polygon>
        </Placemark>
        <Placemark id="1134928">
            <name>42301030005.0</name>
            <description>PIN: 42301030005.0&lt;br&gt;Wetland %: 0.00&lt;br&gt;Flood %: 19.51&lt;br&gt;Parcel area (m²): 4266.19</description>
            <styleUrl>#1134933</styleUrl>
            <ExtendedData>
                <Data name="PIN">
                    <value>42301030005.0</value>
                </Data>
                <Data name="Wetland_%">
                    <value>0.00</value>
                </Data>
                <Data name="Flood_%">
                    <value>19.51</value>
                </Data>
                <Data name="Parcel_area_m2">
                    <value>4266.19</value>
                </Data>
            </ExtendedData>
            <Polygon id="1134927">
                <outerBoundaryIs>
                    <LinearRing id="1134931">
                        <coordinates>-78.84644564193731,33.71915766768434,0.0 -78.84668474986317,33.718969048009036,0.0 -78.8474204353713,33.71957980279128,0.0 -78.84718938685145,33.71977509342561,0.0 -78.84644564193731,33.71915766768434,0.0</coordinates>
                    </LinearRing>
                </outerBoundaryIs>
            </Polygon>
        </Placemark>
        <Placemark id="1134942">
            <name>42302010003.0</name>
            <description>PIN: 42302010003.0&lt;br&gt;Wetland %: 0.00&lt;br&gt;Flood %: 0.00&lt;br&gt;Parcel area (m²): 3259.25</description>
            <styleUrl>#1134947</styleUrl>
            <ExtendedData>
                <Data name="PIN">
                    <value>42302010003.0</value>
                </Data>
                <Data name="Wetland_%">
                    <value>0.00</value>
                </Data>
                <Data name="Flood_%">
                    <value>0.00</value>
                </Data>
                <Data name="Parcel_area_m2">
                    <value>3259.25</value>
                </Data>
            </ExtendedData>
            <Polygon id="1134941">
                <outerBoundaryIs>
                    <LinearRing id="1134945">
                        <coordinates>-78.84196541063724,33.72288592431127,0.0 -78.84188308831797,33.722954591165305,0.0 -78.84179068553813,33.72303167225008,0.0 -78.84161677876776,33.723177606504876,0.0 -78.8414462587535,33.723319647274266,0.0 -78.8412336083718,33.72313998734874,0.0 -78.8414999724067,33.722947730415896,0.0 -78.84197909608385,33.72260162448155,0.0 -78.84213931623111,33.722739989558704,0.0 -78.84196541063724,33.72288592431127,0.0</coordinates>
                    </LinearRing>
                </outerBoundaryIs>
            </Polygon>
        </Placemark>
        <Placemark id="1134956">
            <name>42404020046.0</name>
            <description>PIN: 42404020046.0&lt;br&gt;Wetland %: 0.00&lt;br&gt;Flood %: 100.00&lt;br&gt;Parcel area (m²): 1537.42</description>
            <styleUrl>#1134961</styleUrl>
            <ExtendedData>
                <Data name="PIN">
                    <value>42404020046.0</value>
                </Data>
                <Data name="Wetland_%">
                    <value>0.00</value>
                </Data>
                <Data name="Flood_%">
                    <value>100.00</value>
                </Data>
                <Data name="Parcel_area_m2">
                    <value>1537.42</value>
                </Data>
            </ExtendedData>
            <Polygon id="1134955">
                <outerBoundaryIs>
                    <LinearRing id="1134959">
                        <coordinates>-78.85387635448352,33.72300752765814,0.0 -78.85408253975255,33.723084302819835,0.0 -78.85401791392566,33.72316943592946,0.0 -78.85379687633963,33.72345855579453,0.0 -78.85375718766508,33.72343381101053,0.0 -78.85360021299762,33.723329539316346,0.0 -78.85358485264044,33.723318791119254,0.0 -78.85372933859325,33.72316442595618,0.0 -78.85387635448352,33.72300752765814,0.0</coordinates>
                    </LinearRing>
                </outerBoundaryIs>
            </Polygon>
        </Placemark>
    </Document>
</kml>
