<?xml version="1.0" encoding="UTF-8"?>
<kml xmlns="http://www.opengis.net/kml/2.2" xmlns:gx="http://www.google.com/kml/ext/2.2">
    <Document id="4190674">
        <Style id="4190681">
            <LineStyle id="4190683">
                <color>ffffffff</color>
                <colorMode>normal</colorMode>
                <width>1</width>
            </LineStyle>
            <PolyStyle id="4190682">
                <color>8000a5ff</color>
                <colorMode>normal</colorMode>
                <fill>1</fill>
                <outline>1</outline>
            </PolyStyle>
        </Style>
        <Style id="4190695">
            <LineStyle id="4190697">
                <color>ffffffff</color>
                <colorMode>normal</colorMode>
                <width>1</width>
            </LineStyle>
            <PolyStyle id="4190696">
                <color>8000a5ff</color>
                <colorMode>normal</colorMode>
                <fill>1</fill>
                <outline>1</outline>
            </PolyStyle>
        </Style>
        <Style id="4190709">
            <LineStyle id="4190711">
                <color>ffffffff</color>
                <colorMode>normal</colorMode>
                <width>1</width>
            </LineStyle>
            <PolyStyle id="4190710">
                <color>8000a5ff</color>
                <colorMode>normal</colorMode>
                <fill>1</fill>
                <outline>1</outline>
            </PolyStyle>
        </Style>
        <Style id="4190723">
            <LineStyle id="4190725">
                <color>ffffffff</color>
                <colorMode>normal</colorMode>
                <width>1</width>
            </LineStyle>
            <PolyStyle id="4190724">
                <color>8000a5ff</color>
                <colorMode>normal</colorMode>
                <fill>1</fill>
                <outline>1</outline>
            </PolyStyle>
        </Style>
        <Style id="4190737">
            <LineStyle id="4190739">
                <color>ffffffff</color>
                <colorMode>normal</colorMode>
                <width>1</width>
            </LineStyle>
            <PolyStyle id="4190738">
                <color>8000a5ff</color>
                <colorMode>normal</colorMode>
                <fill>1</fill>
                <outline>1</outline>
            </PolyStyle>
        </Style>
        <Style id="4190751">
            <LineStyle id="4190753">
                <color>ffffffff</color>
                <colorMode>normal</colorMode>
                <width>1</width>
            </LineStyle>
            <PolyStyle id="4190752">
                <color>8000a5ff</color>
                <colorMode>normal</colorMode>
                <fill>1</fill>
                <outline>1</outline>
            </PolyStyle>
        </Style>
        <Style id="4190765">
            <LineStyle id="4190767">
                <color>ffffffff</color>
                <colorMode>normal</colorMode>
                <width>1</width>
            </LineStyle>
            <PolyStyle id="4190766">
                <color>8000a5ff</color>
                <colorMode>normal</colorMode>
                <fill>1</fill>
                <outline>1</outline>
            </PolyStyle>
        </Style>
        <Style id="4190779">
            <LineStyle id="4190781">
                <color>ffffffff</color>
                <colorMode>normal</colorMode>
                <width>1</width>
            </LineStyle>
            <PolyStyle id="4190780">
                <color>8000a5ff</color>
                <colorMode>normal</colorMode>
                <fill>1</fill>
                <outline>1</outline>
            </PolyStyle>
        </Style>
        <Style id="4190793">
            <LineStyle id="4190795">
                <color>ffffffff</color>
                <colorMode>normal</colorMode>
                <width>1</width>
            </LineStyle>
            <PolyStyle id="4190794">
                <color>8000a5ff</color>
                <colorMode>normal</colorMode>
                <fill>1</fill>
                <outline>1</outline>
            </PolyStyle>
        </Style>
        <Style id="4190807">
            <LineStyle id="4190809">
                <color>ffffffff</color>
                <colorMode>normal</colorMode>
                <width>1</width>
            </LineStyle>
            <PolyStyle id="4190808">
                <color>8000a5ff</color>
                <colorMode>normal</colorMode>
                <fill>1</fill>
                <outline>1</outline>
            </PolyStyle>
        </Style>
        <Style id="4190821">
            <LineStyle id="4190823">
                <color>ffffffff</color>
                <colorMode>normal</colorMode>
                <width>1</width>
            </LineStyle>
            <PolyStyle id="4190822">
                <color>8000a5ff</color>
                <colorMode>normal</colorMode>
                <fill>1</fill>
                <outline>1</outline>
            </PolyStyle>
        </Style>
        <Style id="4190835">
            <LineStyle id="4190837">
                <color>ffffffff</color>
                <colorMode>normal</colorMode>
                <width>1</width>
            </LineStyle>
            <PolyStyle id="4190836">
                <color>8000a5ff</color>
                <colorMode>normal</colorMode>
                <fill>1</fill>
                <outline>1</outline>
            </PolyStyle>
        </Style>
        <Style id="4190849">
            <LineStyle id="4190851">
                <color>ffffffff</color>
                <colorMode>normal</colorMode>
                <width>1</width>
            </LineStyle>
            <PolyStyle id="4190850">
                <color>8000a5ff</color>
                <colorMode>normal</colorMode>
                <fill>1</fill>
                <outline>1</outline>
            </PolyStyle>
        </Style>
        <Style id="4190863">
            <LineStyle id="4190865">
                <color>ffffffff</color>
                <colorMode>normal</colorMode>
                <width>1</width>
            </LineStyle>
            <PolyStyle id="4190864">
                <color>8000a5ff</color>
                <colorMode>normal</colorMode>
                <fill>1</fill>
                <outline>1</outline>
            </PolyStyle>
        </Style>
        <Style id="4190877">
            <LineStyle id="4190879">
                <color>ffffffff</color>
                <colorMode>normal</colorMode>
                <width>1</width>
            </LineStyle>
            <PolyStyle id="4190878">
                <color>8000a5ff</color>
                <colorMode>normal</colorMode>
                <fill>1</fill>
                <outline>1</outline>
            </PolyStyle>
        </Style>
        <Style id="4190891">
            <LineStyle id="4190893">
                <color>ffffffff</color>
                <colorMode>normal</colorMode>
                <width>1</width>
            </LineStyle>
            <PolyStyle id="4190892">
                <color>8000a5ff</color>
                <colorMode>normal</colorMode>
                <fill>1</fill>
                <outline>1</outline>
            </PolyStyle>
        </Style>
        <Style id="4190905">
            <LineStyle id="4190907">
                <color>ffffffff</color>
                <colorMode>normal</colorMode>
                <width>1</width>
            </LineStyle>
            <PolyStyle id="4190906">
                <color>8000a5ff</color>
                <colorMode>normal</colorMode>
                <fill>1</fill>
                <outline>1</outline>
            </PolyStyle>
        </Style>
        <Style id="4190919">
            <LineStyle id="4190921">
                <color>ffffffff</color>
                <colorMode>normal</colorMode>
                <width>1</width>
            </LineStyle>
            <PolyStyle id="4190920">
                <color>8000a5ff</color>
                <colorMode>normal</colorMode>
                <fill>1</fill>
                <outline>1</outline>
            </PolyStyle>
        </Style>
        <Style id="4190933">
            <LineStyle id="4190935">
                <color>ffffffff</color>
                <colorMode>normal</colorMode>
                <width>1</width>
            </LineStyle>
            <PolyStyle id="4190934">
                <color>8000a5ff</color>
                <colorMode>normal</colorMode>
                <fill>1</fill>
                <outline>1</outline>
            </PolyStyle>
        </Style>
        <Style id="4190947">
            <LineStyle id="4190949">
                <color>ffffffff</color>
                <colorMode>normal</colorMode>
                <width>1</width>
            </LineStyle>
            <PolyStyle id="4190948">
                <color>8000a5ff</color>
                <colorMode>normal</colorMode>
                <fill>1</fill>
                <outline>1</outline>
            </PolyStyle>
        </Style>
        <Style id="4190961">
            <LineStyle id="4190963">
                <color>ffffffff</color>
                <colorMode>normal</colorMode>
                <width>1</width>
            </LineStyle>
            <PolyStyle id="4190962">
                <color>8000a5ff</color>
                <colorMode>normal</colorMode>
                <fill>1</fill>
                <outline>1</outline>
            </PolyStyle>
        </Style>
        <Style id="4190975">
            <LineStyle id="4190977">
                <color>ffffffff</color>
                <colorMode>normal</colorMode>
                <width>1</width>
            </LineStyle>
            <PolyStyle id="4190976">
                <color>8000a5ff</color>
                <colorMode>normal</colorMode>
                <fill>1</fill>
                <outline>1</outline>
            </PolyStyle>
        </Style>
        <Style id="4190989">
            <LineStyle id="4190991">
                <color>ffffffff</color>
                <colorMode>normal</colorMode>
                <width>1</width>
            </LineStyle>
            <PolyStyle id="4190990">
                <color>8000a5ff</color>
                <colorMode>normal</colorMode>
                <fill>1</fill>
                <outline>1</outline>
            </PolyStyle>
        </Style>
        <Style id="4191003">
            <LineStyle id="4191005">
                <color>ffffffff</color>
                <colorMode>normal</colorMode>
                <width>1</width>
            </LineStyle>
            <PolyStyle id="4191004">
                <color>8000a5ff</color>
                <colorMode>normal</colorMode>
                <fill>1</fill>
                <outline>1</outline>
            </PolyStyle>
        </Style>
        <Style id="4191017">
            <LineStyle id="4191019">
                <color>ffffffff</color>
                <colorMode>normal</colorMode>
                <width>1</width>
            </LineStyle>
            <PolyStyle id="4191018">
                <color>8000a5ff</color>
                <colorMode>normal</colorMode>
                <fill>1</fill>
                <outline>1</outline>
            </PolyStyle>
        </Style>
        <Style id="4191031">
            <LineStyle id="4191033">
                <color>ffffffff</color>
                <colorMode>normal</colorMode>
                <width>1</width>
            </LineStyle>
            <PolyStyle id="4191032">
                <color>8000a5ff</color>
                <colorMode>normal</colorMode>
                <fill>1</fill>
                <outline>1</outline>
            </PolyStyle>
        </Style>
        <Style id="4191045">
            <LineStyle id="4191047">
                <color>ffffffff</color>
                <colorMode>normal</colorMode>
                <width>1</width>
            </LineStyle>
            <PolyStyle id="4191046">
                <color>800000ff</color>
                <colorMode>normal</colorMode>
                <fill>1</fill>
                <outline>1</outline>
            </PolyStyle>
        </Style>
        <Style id="4191059">
            <LineStyle id="4191061">
                <color>ffffffff</color>
                <colorMode>normal</colorMode>
                <width>1</width>
            </LineStyle>
            <PolyStyle id="4191060">
                <color>800000ff</color>
                <colorMode>normal</colorMode>
                <fill>1</fill>
                <outline>1</outline>
            </PolyStyle>
        </Style>
        <Style id="4191073">
            <LineStyle id="4191075">
                <color>ffffffff</color>
                <colorMode>normal</colorMode>
                <width>1</width>
            </LineStyle>
            <PolyStyle id="4191074">
                <color>8000a5ff</color>
                <colorMode>normal</colorMode>
                <fill>1</fill>
                <outline>1</outline>
            </PolyStyle>
        </Style>
        <Style id="4191087">
            <LineStyle id="4191089">
                <color>ffffffff</color>
                <colorMode>normal</colorMode>
                <width>1</width>
            </LineStyle>
            <PolyStyle id="4191088">
                <color>800000ff</color>
                <colorMode>normal</colorMode>
                <fill>1</fill>
                <outline>1</outline>
            </PolyStyle>
        </Style>
        <Style id="4191101">
            <LineStyle id="4191103">
                <color>ffffffff</color>
                <colorMode>normal</colorMode>
                <width>1</width>
            </LineStyle>
            <PolyStyle id="4191102">
                <color>800000ff</color>
                <colorMode>normal</colorMode>
                <fill>1</fill>
                <outline>1</outline>
            </PolyStyle>
        </Style>
        <Style id="4191115">
            <LineStyle id="4191117">
                <color>ffffffff</color>
                <colorMode>normal</colorMode>
                <width>1</width>
            </LineStyle>
            <PolyStyle id="4191116">
                <color>8000a5ff</color>
                <colorMode>normal</colorMode>
                <fill>1</fill>
                <outline>1</outline>
            </PolyStyle>
        </Style>
        <Style id="4191129">
            <LineStyle id="4191131">
                <color>ffffffff</color>
                <colorMode>normal</colorMode>
                <width>1</width>
            </LineStyle>
            <PolyStyle id="4191130">
                <color>800000ff</color>
                <colorMode>normal</colorMode>
                <fill>1</fill>
                <outline>1</outline>
            </PolyStyle>
        </Style>
        <Style id="4191143">
            <LineStyle id="4191145">
                <color>ffffffff</color>
                <colorMode>normal</colorMode>
                <width>1</width>
            </LineStyle>
            <PolyStyle id="4191144">
                <color>800000ff</color>
                <colorMode>normal</colorMode>
                <fill>1</fill>
                <outline>1</outline>
            </PolyStyle>
        </Style>
        <Style id="4191157">
            <LineStyle id="4191159">
                <color>ffffffff</color>
                <colorMode>normal</colorMode>
                <width>1</width>
            </LineStyle>
            <PolyStyle id="4191158">
                <color>800000ff</color>
                <colorMode>normal</colorMode>
                <fill>1</fill>
                <outline>1</outline>
            </PolyStyle>
        </Style>
        <Style id="4191171">
            <LineStyle id="4191173">
                <color>ffffffff</color>
                <colorMode>normal</colorMode>
                <width>1</width>
            </LineStyle>
            <PolyStyle id="4191172">
                <color>800000ff</color>
                <colorMode>normal</colorMode>
                <fill>1</fill>
                <outline>1</outline>
            </PolyStyle>
        </Style>
        <Style id="4191185">
            <LineStyle id="4191187">
                <color>ffffffff</color>
                <colorMode>normal</colorMode>
                <width>1</width>
            </LineStyle>
            <PolyStyle id="4191186">
                <color>800000ff</color>
                <colorMode>normal</colorMode>
                <fill>1</fill>
                <outline>1</outline>
            </PolyStyle>
        </Style>
        <Style id="4191199">
            <LineStyle id="4191201">
                <color>ffffffff</color>
                <colorMode>normal</colorMode>
                <width>1</width>
            </LineStyle>
            <PolyStyle id="4191200">
                <color>8000a5ff</color>
                <colorMode>normal</colorMode>
                <fill>1</fill>
                <outline>1</outline>
            </PolyStyle>
        </Style>
        <Style id="4191213">
            <LineStyle id="4191215">
                <color>ffffffff</color>
                <colorMode>normal</colorMode>
                <width>1</width>
            </LineStyle>
            <PolyStyle id="4191214">
                <color>8000a5ff</color>
                <colorMode>normal</colorMode>
                <fill>1</fill>
                <outline>1</outline>
            </PolyStyle>
        </Style>
        <Style id="4191227">
            <LineStyle id="4191229">
                <color>ffffffff</color>
                <colorMode>normal</colorMode>
                <width>1</width>
            </LineStyle>
            <PolyStyle id="4191228">
                <color>800000ff</color>
                <colorMode>normal</colorMode>
                <fill>1</fill>
                <outline>1</outline>
            </PolyStyle>
        </Style>
        <Style id="4191241">
            <LineStyle id="4191243">
                <color>ffffffff</color>
                <colorMode>normal</colorMode>
                <width>1</width>
            </LineStyle>
            <PolyStyle id="4191242">
                <color>8000a5ff</color>
                <colorMode>normal</colorMode>
                <fill>1</fill>
                <outline>1</outline>
            </PolyStyle>
        </Style>
        <Style id="4191255">
            <LineStyle id="4191257">
                <color>ffffffff</color>
                <colorMode>normal</colorMode>
                <width>1</width>
            </LineStyle>
            <PolyStyle id="4191256">
                <color>8000a5ff</color>
                <colorMode>normal</colorMode>
                <fill>1</fill>
                <outline>1</outline>
            </PolyStyle>
        </Style>
        <Style id="4191269">
            <LineStyle id="4191271">
                <color>ffffffff</color>
                <colorMode>normal</colorMode>
                <width>1</width>
            </LineStyle>
            <PolyStyle id="4191270">
                <color>800000ff</color>
                <colorMode>normal</colorMode>
                <fill>1</fill>
                <outline>1</outline>
            </PolyStyle>
        </Style>
        <Style id="4191283">
            <LineStyle id="4191285">
                <color>ffffffff</color>
                <colorMode>normal</colorMode>
                <width>1</width>
            </LineStyle>
            <PolyStyle id="4191284">
                <color>8000a5ff</color>
                <colorMode>normal</colorMode>
                <fill>1</fill>
                <outline>1</outline>
            </PolyStyle>
        </Style>
        <Style id="4191297">
            <LineStyle id="4191299">
                <color>ffffffff</color>
                <colorMode>normal</colorMode>
                <width>1</width>
            </LineStyle>
            <PolyStyle id="4191298">
                <color>8000a5ff</color>
                <colorMode>normal</colorMode>
                <fill>1</fill>
                <outline>1</outline>
            </PolyStyle>
        </Style>
        <Style id="4191311">
            <LineStyle id="4191313">
                <color>ffffffff</color>
                <colorMode>normal</colorMode>
                <width>1</width>
            </LineStyle>
            <PolyStyle id="4191312">
                <color>8000a5ff</color>
                <colorMode>normal</colorMode>
                <fill>1</fill>
                <outline>1</outline>
            </PolyStyle>
        </Style>
        <Style id="4191325">
            <LineStyle id="4191327">
                <color>ffffffff</color>
                <colorMode>normal</colorMode>
                <width>1</width>
            </LineStyle>
            <PolyStyle id="4191326">
                <color>8000a5ff</color>
                <colorMode>normal</colorMode>
                <fill>1</fill>
                <outline>1</outline>
            </PolyStyle>
        </Style>
        <Style id="4191339">
            <LineStyle id="4191341">
                <color>ffffffff</color>
                <colorMode>normal</colorMode>
                <width>1</width>
            </LineStyle>
            <PolyStyle id="4191340">
                <color>8000a5ff</color>
                <colorMode>normal</colorMode>
                <fill>1</fill>
                <outline>1</outline>
            </PolyStyle>
        </Style>
        <Style id="4191353">
            <LineStyle id="4191355">
                <color>ffffffff</color>
                <colorMode>normal</colorMode>
                <width>1</width>
            </LineStyle>
            <PolyStyle id="4191354">
                <color>8000a5ff</color>
                <colorMode>normal</colorMode>
                <fill>1</fill>
                <outline>1</outline>
            </PolyStyle>
        </Style>
        <Style id="4191367">
            <LineStyle id="4191369">
                <color>ffffffff</color>
                <colorMode>normal</colorMode>
                <width>1</width>
            </LineStyle>
            <PolyStyle id="4191368">
                <color>8000a5ff</color>
                <colorMode>normal</colorMode>
                <fill>1</fill>
                <outline>1</outline>
            </PolyStyle>
        </Style>
        <Style id="4191381">
            <LineStyle id="4191383">
                <color>ffffffff</color>
                <colorMode>normal</colorMode>
                <width>1</width>
            </LineStyle>
            <PolyStyle id="4191382">
                <color>800000ff</color>
                <colorMode>normal</colorMode>
                <fill>1</fill>
                <outline>1</outline>
            </PolyStyle>
        </Style>
        <Style id="4191395">
            <LineStyle id="4191397">
                <color>ffffffff</color>
                <colorMode>normal</colorMode>
                <width>1</width>
            </LineStyle>
            <PolyStyle id="4191396">
                <color>800000ff</color>
                <colorMode>normal</colorMode>
                <fill>1</fill>
                <outline>1</outline>
            </PolyStyle>
        </Style>
        <Style id="4191409">
            <LineStyle id="4191411">
                <color>ffffffff</color>
                <colorMode>normal</colorMode>
                <width>1</width>
            </LineStyle>
            <PolyStyle id="4191410">
                <color>8000a5ff</color>
                <colorMode>normal</colorMode>
                <fill>1</fill>
                <outline>1</outline>
            </PolyStyle>
        </Style>
        <Style id="4191423">
            <LineStyle id="4191425">
                <color>ffffffff</color>
                <colorMode>normal</colorMode>
                <width>1</width>
            </LineStyle>
            <PolyStyle id="4191424">
                <color>8000a5ff</color>
                <colorMode>normal</colorMode>
                <fill>1</fill>
                <outline>1</outline>
            </PolyStyle>
        </Style>
        <Style id="4191437">
            <LineStyle id="4191439">
                <color>ffffffff</color>
                <colorMode>normal</colorMode>
                <width>1</width>
            </LineStyle>
            <PolyStyle id="4191438">
                <color>8000a5ff</color>
                <colorMode>normal</colorMode>
                <fill>1</fill>
                <outline>1</outline>
            </PolyStyle>
        </Style>
        <Style id="4191451">
            <LineStyle id="4191453">
                <color>ffffffff</color>
                <colorMode>normal</colorMode>
                <width>1</width>
            </LineStyle>
            <PolyStyle id="4191452">
                <color>8000a5ff</color>
                <colorMode>normal</colorMode>
                <fill>1</fill>
                <outline>1</outline>
            </PolyStyle>
        </Style>
        <Style id="4191465">
            <LineStyle id="4191467">
                <color>ffffffff</color>
                <colorMode>normal</colorMode>
                <width>1</width>
            </LineStyle>
            <PolyStyle id="4191466">
                <color>8000a5ff</color>
                <colorMode>normal</colorMode>
                <fill>1</fill>
                <outline>1</outline>
            </PolyStyle>
        </Style>
        <Style id="4191479">
            <LineStyle id="4191481">
                <color>ffffffff</color>
                <colorMode>normal</colorMode>
                <width>1</width>
            </LineStyle>
            <PolyStyle id="4191480">
                <color>8000a5ff</color>
                <colorMode>normal</colorMode>
                <fill>1</fill>
                <outline>1</outline>
            </PolyStyle>
        </Style>
        <Style id="4191493">
            <LineStyle id="4191495">
                <color>ffffffff</color>
                <colorMode>normal</colorMode>
                <width>1</width>
            </LineStyle>
            <PolyStyle id="4191494">
                <color>8000a5ff</color>
                <colorMode>normal</colorMode>
                <fill>1</fill>
                <outline>1</outline>
            </PolyStyle>
        </Style>
        <Style id="4191507">
            <LineStyle id="4191509">
                <color>ffffffff</color>
                <colorMode>normal</colorMode>
                <width>1</width>
            </LineStyle>
            <PolyStyle id="4191508">
                <color>800000ff</color>
                <colorMode>normal</colorMode>
                <fill>1</fill>
                <outline>1</outline>
            </PolyStyle>
        </Style>
        <Style id="4191521">
            <LineStyle id="4191523">
                <color>ffffffff</color>
                <colorMode>normal</colorMode>
                <width>1</width>
            </LineStyle>
            <PolyStyle id="4191522">
                <color>8000a5ff</color>
                <colorMode>normal</colorMode>
                <fill>1</fill>
                <outline>1</outline>
            </PolyStyle>
        </Style>
        <Style id="4191535">
            <LineStyle id="4191537">
                <color>ffffffff</color>
                <colorMode>normal</colorMode>
                <width>1</width>
            </LineStyle>
            <PolyStyle id="4191536">
                <color>8000a5ff</color>
                <colorMode>normal</colorMode>
                <fill>1</fill>
                <outline>1</outline>
            </PolyStyle>
        </Style>
        <Style id="4191549">
            <LineStyle id="4191551">
                <color>ffffffff</color>
                <colorMode>normal</colorMode>
                <width>1</width>
            </LineStyle>
            <PolyStyle id="4191550">
                <color>8000a5ff</color>
                <colorMode>normal</colorMode>
                <fill>1</fill>
                <outline>1</outline>
            </PolyStyle>
        </Style>
        <Style id="4191563">
            <LineStyle id="4191565">
                <color>ffffffff</color>
                <colorMode>normal</colorMode>
                <width>1</width>
            </LineStyle>
            <PolyStyle id="4191564">
                <color>8000a5ff</color>
                <colorMode>normal</colorMode>
                <fill>1</fill>
                <outline>1</outline>
            </PolyStyle>
        </Style>
        <Style id="4191577">
            <LineStyle id="4191579">
                <color>ffffffff</color>
                <colorMode>normal</colorMode>
                <width>1</width>
            </LineStyle>
            <PolyStyle id="4191578">
                <color>8000a5ff</color>
                <colorMode>normal</colorMode>
                <fill>1</fill>
                <outline>1</outline>
            </PolyStyle>
        </Style>
        <Style id="4191591">
            <LineStyle id="4191593">
                <color>ffffffff</color>
                <colorMode>normal</colorMode>
                <width>1</width>
            </LineStyle>
            <PolyStyle id="4191592">
                <color>8000a5ff</color>
                <colorMode>normal</colorMode>
                <fill>1</fill>
                <outline>1</outline>
            </PolyStyle>
        </Style>
        <Style id="4191605">
            <LineStyle id="4191607">
                <color>ffffffff</color>
                <colorMode>normal</colorMode>
                <width>1</width>
            </LineStyle>
            <PolyStyle id="4191606">
                <color>8000a5ff</color>
                <colorMode>normal</colorMode>
                <fill>1</fill>
                <outline>1</outline>
            </PolyStyle>
        </Style>
        <Style id="4191619">
            <LineStyle id="4191621">
                <color>ffffffff</color>
                <colorMode>normal</colorMode>
                <width>1</width>
            </LineStyle>
            <PolyStyle id="4191620">
                <color>8000a5ff</color>
                <colorMode>normal</colorMode>
                <fill>1</fill>
                <outline>1</outline>
            </PolyStyle>
        </Style>
        <Style id="4191633">
            <LineStyle id="4191635">
                <color>ffffffff</color>
                <colorMode>normal</colorMode>
                <width>1</width>
            </LineStyle>
            <PolyStyle id="4191634">
                <color>8000a5ff</color>
                <colorMode>normal</colorMode>
                <fill>1</fill>
                <outline>1</outline>
            </PolyStyle>
        </Style>
        <Style id="4191647">
            <LineStyle id="4191649">
                <color>ffffffff</color>
                <colorMode>normal</colorMode>
                <width>1</width>
            </LineStyle>
            <PolyStyle id="4191648">
                <color>8000a5ff</color>
                <colorMode>normal</colorMode>
                <fill>1</fill>
                <outline>1</outline>
            </PolyStyle>
        </Style>
        <Style id="4191661">
            <LineStyle id="4191663">
                <color>ffffffff</color>
                <colorMode>normal</colorMode>
                <width>1</width>
            </LineStyle>
            <PolyStyle id="4191662">
                <color>8000a5ff</color>
                <colorMode>normal</colorMode>
                <fill>1</fill>
                <outline>1</outline>
            </PolyStyle>
        </Style>
        <Style id="4191675">
            <LineStyle id="4191677">
                <color>ffffffff</color>
                <colorMode>normal</colorMode>
                <width>1</width>
            </LineStyle>
            <PolyStyle id="4191676">
                <color>8000a5ff</color>
                <colorMode>normal</colorMode>
                <fill>1</fill>
                <outline>1</outline>
            </PolyStyle>
        </Style>
        <Style id="4191689">
            <LineStyle id="4191691">
                <color>ffffffff</color>
                <colorMode>normal</colorMode>
                <width>1</width>
            </LineStyle>
            <PolyStyle id="4191690">
                <color>8000a5ff</color>
                <colorMode>normal</colorMode>
                <fill>1</fill>
                <outline>1</outline>
            </PolyStyle>
        </Style>
        <Style id="4191703">
            <LineStyle id="4191705">
                <color>ffffffff</color>
                <colorMode>normal</colorMode>
                <width>1</width>
            </LineStyle>
            <PolyStyle id="4191704">
                <color>8000a5ff</color>
                <colorMode>normal</colorMode>
                <fill>1</fill>
                <outline>1</outline>
            </PolyStyle>
        </Style>
        <Style id="4191717">
            <LineStyle id="4191719">
                <color>ffffffff</color>
                <colorMode>normal</colorMode>
                <width>1</width>
            </LineStyle>
            <PolyStyle id="4191718">
                <color>8000a5ff</color>
                <colorMode>normal</colorMode>
                <fill>1</fill>
                <outline>1</outline>
            </PolyStyle>
        </Style>
        <Style id="4191731">
            <LineStyle id="4191733">
                <color>ffffffff</color>
                <colorMode>normal</colorMode>
                <width>1</width>
            </LineStyle>
            <PolyStyle id="4191732">
                <color>8000a5ff</color>
                <colorMode>normal</colorMode>
                <fill>1</fill>
                <outline>1</outline>
            </PolyStyle>
        </Style>
        <Style id="4191745">
            <LineStyle id="4191747">
                <color>ffffffff</color>
                <colorMode>normal</colorMode>
                <width>1</width>
            </LineStyle>
            <PolyStyle id="4191746">
                <color>8000a5ff</color>
                <colorMode>normal</colorMode>
                <fill>1</fill>
                <outline>1</outline>
            </PolyStyle>
        </Style>
        <Style id="4191759">
            <LineStyle id="4191761">
                <color>ffffffff</color>
                <colorMode>normal</colorMode>
                <width>1</width>
            </LineStyle>
            <PolyStyle id="4191760">
                <color>800000ff</color>
                <colorMode>normal</colorMode>
                <fill>1</fill>
                <outline>1</outline>
            </PolyStyle>
        </Style>
        <Style id="4191773">
            <LineStyle id="4191775">
                <color>ffffffff</color>
                <colorMode>normal</colorMode>
                <width>1</width>
            </LineStyle>
            <PolyStyle id="4191774">
                <color>800000ff</color>
                <colorMode>normal</colorMode>
                <fill>1</fill>
                <outline>1</outline>
            </PolyStyle>
        </Style>
        <Style id="4191787">
            <LineStyle id="4191789">
                <color>ffffffff</color>
                <colorMode>normal</colorMode>
                <width>1</width>
            </LineStyle>
            <PolyStyle id="4191788">
                <color>8000a5ff</color>
                <colorMode>normal</colorMode>
                <fill>1</fill>
                <outline>1</outline>
            </PolyStyle>
        </Style>
        <Placemark id="4190676">
            <name>34808040095.0</name>
            <description>PIN: 34808040095.0&lt;br&gt;Wetland %: 0.00&lt;br&gt;Flood %: 100.00&lt;br&gt;Parcel area (m²): 589.43</description>
            <styleUrl>#4190681</styleUrl>
            <ExtendedData>
                <Data name="PIN">
                    <value>34808040095.0</value>
                </Data>
                <Data name="Wetland_%">
                    <value>0.00</value>
                </Data>
                <Data name="Flood_%">
                    <value>100.00</value>
                </Data>
                <Data name="Parcel_area_m2">
                    <value>589.43</value>
                </Data>
            </ExtendedData>
            <Polygon id="4190675">
                <outerBoundaryIs>
                    <LinearRing id="4190679">
                        <coordinates>-78.74652510924096,33.848421915644245,0.0 -78.74660986170187,33.848404473555455,0.0 -78.74673973764492,33.848843799725714,0.0 -78.74665500856588,33.84886132441195,0.0 -78.74652510924096,33.848421915644245,0.0</coordinates>
                    </LinearRing>
                </outerBoundaryIs>
            </Polygon>
        </Placemark>
        <Placemark id="4190690">
            <name>34808040108.0</name>
            <description>PIN: 34808040108.0&lt;br&gt;Wetland %: 2.58&lt;br&gt;Flood %: 100.00&lt;br&gt;Parcel area (m²): 19793.78</description>
            <styleUrl>#4190695</styleUrl>
            <ExtendedData>
                <Data name="PIN">
                    <value>34808040108.0</value>
                </Data>
                <Data name="Wetland_%">
                    <value>2.58</value>
                </Data>
                <Data name="Flood_%">
                    <value>100.00</value>
                </Data>
                <Data name="Parcel_area_m2">
                    <value>19793.78</value>
                </Data>
            </ExtendedData>
            <Polygon id="4190689">
                <outerBoundaryIs>
                    <LinearRing id="4190693">
                        <coordinates>-78.74441142955958,33.84883775871001,0.0 -78.74437513130339,33.84883567521978,0.0 -78.74433906236432,33.848831685565244,0.0 -78.74430336611822,33.84882580498536,0.0 -78.74426818680918,33.84881805685249,0.0 -78.74423366306628,33.84880847255461,0.0 -78.74419993224943,33.84879709067223,0.0 -78.74417062709632,33.848785458379204,0.0 -78.74414215306135,33.84877246935202,0.0 -78.74411459991497,33.84875816310847,0.0 -78.74408805507774,33.84874258633891,0.0 -78.74406477275232,33.84872729628518,0.0 -78.74404246189603,33.848711028170335,0.0 -78.74402118190713,33.84869382546866,0.0 -78.74400000263942,33.848674798148686,0.0 -78.74398008426375,33.84865484494264,0.0 -78.74396450837628,33.84863835676111,0.0 -78.74387427822772,33.84854283893164,0.0 -78.74378404830259,33.84844732013299,0.0 -78.74373001265806,33.84839011801556,0.0 -78.74367597710874,33.848332914972396,0.0 -78.74358574762299,33.848237396024935,0.0 -78.74349551939399,33.84814187793095,0.0 -78.74344148307534,33.8480846747627,0.0 -78.7433874479089,33.84802747158985,0.0 -78.7432879744432,33.847922166467626,0.0 -78.7434173289034,33.84783709840641,0.0 -78.74352606389171,33.84795220771326,0.0 -78.74358009910296,33.84800941082656,0.0 -78.74363413330543,33.84806661389589,0.0 -78.74372436377016,33.848162131929826,0.0 -78.74381459333078,33.84825765077788,0.0 -78.74386862894842,33.84831485286002,0.0 -78.74392266461422,33.84837205581938,0.0 -78.74401803876168,33.84847117951954,0.0 -78.74401905222092,33.848472273105955,0.0 -78.74410943805972,33.84856977615246,0.0 -78.74413043883483,33.84859029563628,0.0 -78.74415330414512,33.84860937619484,0.0 -78.74417789328285,33.84862690071645,0.0 -78.7442040555563,33.848642761828934,0.0 -78.74423162817553,33.84865686005761,0.0 -78.74426044259411,33.84866910935209,0.0 -78.7442903202343,33.84867943520482,0.0 -78.74431801732169,33.8486870416396,0.0 -78.74434628954914,33.84869299354359,0.0 -78.7443749961037,33.84869726039128,0.0 -78.74440449022919,33.84869985132196,0.0 -78.74443413034133,33.848700663553,0.0 -78.7444637651713,33.84869969432911,0.0 -78.74448650652606,33.84869773277568,0.0 -78.74450908291266,33.848694721951404,0.0 -78.74453142494384,33.84869066961226,0.0 -78.74477047063692,33.84864147688808,0.0 -78.7449707234588,33.84860026582659,0.0 -78.74505547643295,33.8485828239005,0.0 -78.74514022934929,33.84856538281792,0.0 -78.74528175117375,33.84853625774712,0.0 -78.74542327287901,33.84850713341591,0.0 -78.74550802567015,33.84848969117985,0.0 -78.7455927794838,33.84847224980692,0.0 -78.74574441076936,33.848441043446336,0.0 -78.74589604300213,33.84840983782116,0.0 -78.74598079560195,33.84839239526122,0.0 -78.74606554924797,33.84837495266291,0.0 -78.74610614907773,33.848366597212404,0.0 -78.74612164724935,33.84836241913086,0.0 -78.746136283919,33.84835646115468,0.0 -78.74614976955516,33.848348840679925,0.0 -78.74616183313255,33.84833971151779,0.0 -78.7461722342529,33.84832925509531,0.0 -78.74618076638652,33.848317680514384,0.0 -78.74618725814108,33.848305217359254,0.0 -78.74619158082517,33.848292115834234,0.0 -78.74619364762678,33.84827863682695,0.0 -78.74619341692524,33.84826504926313,0.0 -78.74619089459378,33.848251624736484,0.0 -78.74617295968555,33.848182659950055,0.0 -78.74615710084757,33.84811334330012,0.0 -78.74614332781914,33.84804371555264,0.0 -78.7461316491177,33.84797382286283,0.0 -78.7461231302206,33.847912280205875,0.0 -78.74611623435405,33.84785059571547,0.0 -78.74611020717025,33.84777792865521,0.0 -78.74610643444855,33.84770515560633,0.0 -78.74610501171355,33.847644294085846,0.0 -78.74610516533457,33.84758342156813,0.0 -78.74610624728054,33.847539759818865,0.0 -78.7461089013921,33.84746184356057,0.0 -78.74611138081457,33.84738903817861,0.0 -78.74611386131323,33.847316232815125,0.0 -78.74611510714283,33.84727965796208,0.0 -78.74611658689534,33.84721916584536,0.0 -78.74611690491659,33.84715866160411,0.0 -78.74611557982315,33.84707984041863,0.0 -78.74611228310289,33.84700105821021,0.0 -78.74610748773266,33.84692832967284,0.0 -78.74610101340278,33.84685569234019,0.0 -78.74609370865554,33.84679005255493,0.0 -78.74608503236503,33.84672452941193,0.0 -78.74607498725734,33.84665914280343,0.0 -78.7460635781956,33.84659391356235,0.0 -78.74604938736024,33.846522044942645,0.0 -78.74603353965433,33.84645041584674,0.0 -78.74601825527222,33.84638771368073,0.0 -78.74600170030628,33.84632523642209,0.0 -78.74598944243667,33.84628193526775,0.0 -78.74596589302939,33.84620087679176,0.0 -78.7459453276711,33.84613009262264,0.0 -78.74592476237011,33.84605930754742,0.0 -78.74589165391674,33.845945346888385,0.0 -78.74605171677618,33.845912969624884,0.0 -78.74608482542864,33.846026930242004,0.0 -78.74610539085329,33.84609771529105,0.0 -78.74612595523128,33.84616850031602,0.0 -78.74614950586059,33.8462495587818,0.0 -78.74616007752164,33.84628673926244,0.0 -78.74617601327323,33.84634611244162,0.0 -78.74619084126151,33.846405684630824,0.0 -78.74620713088343,33.846477243277945,0.0 -78.74622182306169,33.84654904253236,0.0 -78.74623286689517,33.846609184425155,0.0 -78.74624279055928,33.84666946196737,0.0 -78.74625159010698,33.84672986065635,0.0 -78.74625926483253,33.84679036604825,0.0 -78.74626696836478,33.84686292021307,0.0 -78.74627305523032,33.84693558114936,0.0 -78.74627689671131,33.846996340577164,0.0 -78.74627960641286,33.84705714164175,0.0 -78.74628118421467,33.847117988850854,0.0 -78.74628162882546,33.847178848808824,0.0 -78.7462806717092,33.84725169001601,0.0 -78.74627974128443,33.84728356243024,0.0 -78.74627834691603,33.84732449911681,0.0 -78.74627408037381,33.847449756450274,0.0 -78.74627088299879,33.847543664318245,0.0 -78.74627003216017,33.84757509712529,0.0 -78.7462697635924,33.8476479391316,0.0 -78.74627186618308,33.847720759347844,0.0 -78.74627582511522,33.84778674499638,0.0 -78.74628173142055,33.84785262808443,0.0 -78.74628958287525,33.84791836978724,0.0 -78.74630091486888,33.84799317719015,0.0 -78.74631476464232,33.8480676894721,0.0 -78.7463311207916,33.848141846895935,0.0 -78.74634997080857,33.84821559060613,0.0 -78.74635482986628,33.848228864635,0.0 -78.74636192707186,33.848241416343,0.0 -78.74637111463441,33.84825298598468,0.0 -78.74638220321,33.84826333199916,0.0 -78.7463949595284,33.84827223908484,0.0 -78.74640912036861,33.84827952115933,0.0 -78.74642438804845,33.84828502849323,0.0 -78.74644044780644,33.84828864441865,0.0 -78.74645696432478,33.848290294285455,0.0 -78.74647359258145,33.84828994385461,0.0 -78.7464899875273,33.84828760127868,0.0 -78.74653058835526,33.84827924570853,0.0 -78.74661534069834,33.84826180271393,0.0 -78.74670009300722,33.84824435966125,0.0 -78.74684161483485,33.84821523372735,0.0 -78.74698313442947,33.84818610669073,0.0 -78.74706788658955,33.84816866338607,0.0 -78.74715263977215,33.84815122094456,0.0 -78.74730426992869,33.84812001267231,0.0 -78.7474559021129,33.848088805155015,0.0 -78.74754065408169,33.848071361526564,0.0 -78.74762540601616,33.84805391783999,0.0 -78.74776692613823,33.848024790828035,0.0 -78.7479084461882,33.84799566275259,0.0 -78.74799319795036,33.84797821971563,0.0 -78.74807795078222,33.84796077573873,0.0 -78.74821946951806,33.84793164818946,0.0 -78.74836098926238,33.847902519596396,0.0 -78.74844574086492,33.84788507534789,0.0 -78.74853049240966,33.847867631942854,0.0 -78.74868047068617,33.84783676176986,0.0 -78.74888036760407,33.84779561825181,0.0 -78.74892759344075,33.84778485506623,0.0 -78.74897412289181,33.84777215444477,0.0 -78.74901984168139,33.84775754587946,0.0 -78.74906463750689,33.84774106611363,0.0 -78.74910839905196,33.847722755516834,0.0 -78.7491510213424,33.84770265998557,0.0 -78.74919239721966,33.84768082627866,0.0 -78.74923242791056,33.84765731122889,0.0 -78.74926251924931,33.84763792684406,0.0 -78.7492916938704,33.847617591371964,0.0 -78.74931991099618,33.8475963347384,0.0 -78.7494326160612,33.84769654483358,0.0 -78.7494008838481,33.84772048314607,0.0 -78.74936810859275,33.84774342297787,0.0 -78.74933433654572,33.84776533179664,0.0 -78.74929961278323,33.84778618065639,0.0 -78.74926284229173,33.8478065485497,0.0 -78.74922516561229,33.84782572742851,0.0 -78.7491869613186,33.8478435428807,0.0 -78.74914797493066,33.847860136396335,0.0 -78.74910380826583,33.84787711017098,0.0 -78.74905882318801,33.847892514093935,0.0 -78.74901309927961,33.84790632255226,0.0 -78.74896674332324,33.84791850321208,0.0 -78.7489198140431,33.84792904270884,0.0 -78.74887258506043,33.847938764083715,0.0 -78.74878783459545,33.847956207742186,0.0 -78.74870308299218,33.84797365222448,0.0 -78.74856156218974,33.84800278028677,0.0 -78.74842004342916,33.84803190912802,0.0 -78.74833529062013,33.8480493524372,0.0 -78.74825053883376,33.84806679660946,0.0 -78.74810901878257,33.848095925075306,0.0 -78.74796749865928,33.848125052477734,0.0 -78.74788274672413,33.84814249639804,0.0 -78.74779799477822,33.84815993935882,0.0 -78.74765647442129,33.84818906730699,0.0 -78.74751495399227,33.84821819419176,0.0 -78.74743020187404,33.848235637802105,0.0 -78.74734544972148,33.84825308135441,0.0 -78.74720392908237,33.84828220788338,0.0 -78.74706240832411,33.84831133515202,0.0 -78.74697765604633,33.84832877755082,0.0 -78.74689290371063,33.84834622079313,0.0 -78.74675138276584,33.84837534680446,0.0 -78.74660986170187,33.848404473555455,0.0 -78.74652510924096,33.848421915644245,0.0 -78.74644035672223,33.848439358576535,0.0 -78.74629883436766,33.84846848495208,0.0 -78.74615731410202,33.84849761030354,0.0 -78.74607256035402,33.84851505296421,0.0 -78.74598780767579,33.84853249468493,0.0 -78.74584628717643,33.848561620582174,0.0 -78.74570476444411,33.84859074537665,0.0 -78.74562001159352,33.84860818774694,0.0 -78.7455352587086,33.84862563005922,0.0 -78.7453937368467,33.848654754517554,0.0 -78.7452522159696,33.848683878833725,0.0 -78.74516746185542,33.84870132087434,0.0 -78.74508270878746,33.84871876287661,0.0 -78.74494118661983,33.848747886817335,0.0 -78.74474629051039,33.84878799488965,0.0 -78.74459209440319,33.84881972697388,0.0 -78.7445708650632,33.84882409542834,0.0 -78.74453590563044,33.84883033791648,0.0 -78.74450055062451,33.84883475936876,0.0 -78.74447091821601,33.848837039179806,0.0 -78.74444118522311,33.84883803999049,0.0 -78.74441142955958,33.84883775871001,0.0</coordinates>
                    </LinearRing>
                </outerBoundaryIs>
            </Polygon>
        </Placemark>
        <Placemark id="4190704">
            <name>34808040096.0</name>
            <description>PIN: 34808040096.0&lt;br&gt;Wetland %: 0.00&lt;br&gt;Flood %: 100.00&lt;br&gt;Parcel area (m²): 589.54</description>
            <styleUrl>#4190709</styleUrl>
            <ExtendedData>
                <Data name="PIN">
                    <value>34808040096.0</value>
                </Data>
                <Data name="Wetland_%">
                    <value>0.00</value>
                </Data>
                <Data name="Flood_%">
                    <value>100.00</value>
                </Data>
                <Data name="Parcel_area_m2">
                    <value>589.54</value>
                </Data>
            </ExtendedData>
            <Polygon id="4190703">
                <outerBoundaryIs>
                    <LinearRing id="4190707">
                        <coordinates>-78.74644035672223,33.848439358576535,0.0 -78.74652510924096,33.848421915644245,0.0 -78.74665500856588,33.84886132441195,0.0 -78.74657027945238,33.84887884904013,0.0 -78.74644035672223,33.848439358576535,0.0</coordinates>
                    </LinearRing>
                </outerBoundaryIs>
            </Polygon>
        </Placemark>
        <Placemark id="4190718">
            <name>34808040097.0</name>
            <description>PIN: 34808040097.0&lt;br&gt;Wetland %: 0.00&lt;br&gt;Flood %: 100.00&lt;br&gt;Parcel area (m²): 984.66</description>
            <styleUrl>#4190723</styleUrl>
            <ExtendedData>
                <Data name="PIN">
                    <value>34808040097.0</value>
                </Data>
                <Data name="Wetland_%">
                    <value>0.00</value>
                </Data>
                <Data name="Flood_%">
                    <value>100.00</value>
                </Data>
                <Data name="Parcel_area_m2">
                    <value>984.66</value>
                </Data>
            </ExtendedData>
            <Polygon id="4190717">
                <outerBoundaryIs>
                    <LinearRing id="4190721">
                        <coordinates>-78.74629883436766,33.84846848495208,0.0 -78.74644035672223,33.848439358576535,0.0 -78.74657027945238,33.84887884904013,0.0 -78.74642879826597,33.848908111615295,0.0 -78.74629883436766,33.84846848495208,0.0</coordinates>
                    </LinearRing>
                </outerBoundaryIs>
            </Polygon>
        </Placemark>
        <Placemark id="4190732">
            <name>34808030055.0</name>
            <description>PIN: 34808030055.0&lt;br&gt;Wetland %: 0.00&lt;br&gt;Flood %: 100.00&lt;br&gt;Parcel area (m²): 871.51</description>
            <styleUrl>#4190737</styleUrl>
            <ExtendedData>
                <Data name="PIN">
                    <value>34808030055.0</value>
                </Data>
                <Data name="Wetland_%">
                    <value>0.00</value>
                </Data>
                <Data name="Flood_%">
                    <value>100.00</value>
                </Data>
                <Data name="Parcel_area_m2">
                    <value>871.51</value>
                </Data>
            </ExtendedData>
            <Polygon id="4190731">
                <outerBoundaryIs>
                    <LinearRing id="4190735">
                        <coordinates>-78.7434971026395,33.84879088171182,0.0 -78.74387427822772,33.84854283893164,0.0 -78.74396450837628,33.84863835676111,0.0 -78.7435873326062,33.84888640071242,0.0 -78.7434971026395,33.84879088171182,0.0</coordinates>
                    </LinearRing>
                </outerBoundaryIs>
            </Polygon>
        </Placemark>
        <Placemark id="4190746">
            <name>34808040098.0</name>
            <description>PIN: 34808040098.0&lt;br&gt;Wetland %: 0.00&lt;br&gt;Flood %: 100.00&lt;br&gt;Parcel area (m²): 984.96</description>
            <styleUrl>#4190751</styleUrl>
            <ExtendedData>
                <Data name="PIN">
                    <value>34808040098.0</value>
                </Data>
                <Data name="Wetland_%">
                    <value>0.00</value>
                </Data>
                <Data name="Flood_%">
                    <value>100.00</value>
                </Data>
                <Data name="Parcel_area_m2">
                    <value>984.96</value>
                </Data>
            </ExtendedData>
            <Polygon id="4190745">
                <outerBoundaryIs>
                    <LinearRing id="4190749">
                        <coordinates>-78.74615731410202,33.84849761030354,0.0 -78.74629883436766,33.84846848495208,0.0 -78.74642879826597,33.848908111615295,0.0 -78.74628731700706,33.84893737312712,0.0 -78.74615731410202,33.84849761030354,0.0</coordinates>
                    </LinearRing>
                </outerBoundaryIs>
            </Polygon>
        </Placemark>
        <Placemark id="4190760">
            <name>34808040099.0</name>
            <description>PIN: 34808040099.0&lt;br&gt;Wetland %: 0.00&lt;br&gt;Flood %: 100.00&lt;br&gt;Parcel area (m²): 590.02</description>
            <styleUrl>#4190765</styleUrl>
            <ExtendedData>
                <Data name="PIN">
                    <value>34808040099.0</value>
                </Data>
                <Data name="Wetland_%">
                    <value>0.00</value>
                </Data>
                <Data name="Flood_%">
                    <value>100.00</value>
                </Data>
                <Data name="Parcel_area_m2">
                    <value>590.02</value>
                </Data>
            </ExtendedData>
            <Polygon id="4190759">
                <outerBoundaryIs>
                    <LinearRing id="4190763">
                        <coordinates>-78.74607256035402,33.84851505296421,0.0 -78.74615731410202,33.84849761030354,0.0 -78.74628731700706,33.84893737312712,0.0 -78.74620258774415,33.84895489750351,0.0 -78.74607256035402,33.84851505296421,0.0</coordinates>
                    </LinearRing>
                </outerBoundaryIs>
            </Polygon>
        </Placemark>
        <Placemark id="4190774">
            <name>34808040100.0</name>
            <description>PIN: 34808040100.0&lt;br&gt;Wetland %: 0.00&lt;br&gt;Flood %: 100.00&lt;br&gt;Parcel area (m²): 590.08</description>
            <styleUrl>#4190779</styleUrl>
            <ExtendedData>
                <Data name="PIN">
                    <value>34808040100.0</value>
                </Data>
                <Data name="Wetland_%">
                    <value>0.00</value>
                </Data>
                <Data name="Flood_%">
                    <value>100.00</value>
                </Data>
                <Data name="Parcel_area_m2">
                    <value>590.08</value>
                </Data>
            </ExtendedData>
            <Polygon id="4190773">
                <outerBoundaryIs>
                    <LinearRing id="4190777">
                        <coordinates>-78.74598780767579,33.84853249468493,0.0 -78.74607256035402,33.84851505296421,0.0 -78.74620258774415,33.84895489750351,0.0 -78.74614329560109,33.848967160988295,0.0 -78.74611779584413,33.848972211430244,0.0 -78.74598780767579,33.84853249468493,0.0</coordinates>
                    </LinearRing>
                </outerBoundaryIs>
            </Polygon>
        </Placemark>
        <Placemark id="4190788">
            <name>34808020019.0</name>
            <description>PIN: 34808020019.0&lt;br&gt;Wetland %: 0.00&lt;br&gt;Flood %: 100.00&lt;br&gt;Parcel area (m²): 522.89</description>
            <styleUrl>#4190793</styleUrl>
            <ExtendedData>
                <Data name="PIN">
                    <value>34808020019.0</value>
                </Data>
                <Data name="Wetland_%">
                    <value>0.00</value>
                </Data>
                <Data name="Flood_%">
                    <value>100.00</value>
                </Data>
                <Data name="Parcel_area_m2">
                    <value>522.89</value>
                </Data>
            </ExtendedData>
            <Polygon id="4190787">
                <outerBoundaryIs>
                    <LinearRing id="4190791">
                        <coordinates>-78.7435873326062,33.84888640071242,0.0 -78.74396450837628,33.84863835676111,0.0 -78.74398008426375,33.84865484494264,0.0 -78.74400000263942,33.848674798148686,0.0 -78.74402118190713,33.84869382546866,0.0 -78.74364136846714,33.84894360288585,0.0 -78.7435873326062,33.84888640071242,0.0</coordinates>
                    </LinearRing>
                </outerBoundaryIs>
            </Polygon>
        </Placemark>
        <Placemark id="4190802">
            <name>34808040101.0</name>
            <description>PIN: 34808040101.0&lt;br&gt;Wetland %: 0.00&lt;br&gt;Flood %: 100.00&lt;br&gt;Parcel area (m²): 983.86</description>
            <styleUrl>#4190807</styleUrl>
            <ExtendedData>
                <Data name="PIN">
                    <value>34808040101.0</value>
                </Data>
                <Data name="Wetland_%">
                    <value>0.00</value>
                </Data>
                <Data name="Flood_%">
                    <value>100.00</value>
                </Data>
                <Data name="Parcel_area_m2">
                    <value>983.86</value>
                </Data>
            </ExtendedData>
            <Polygon id="4190801">
                <outerBoundaryIs>
                    <LinearRing id="4190805">
                        <coordinates>-78.74584628717643,33.848561620582174,0.0 -78.74598780767579,33.84853249468493,0.0 -78.74611779584413,33.848972211430244,0.0 -78.74602533182328,33.848990527534056,0.0 -78.74597596870032,33.84900030548555,0.0 -78.74591542270676,33.84879549091613,0.0 -78.74585008894176,33.848574482136165,0.0 -78.74584628717643,33.848561620582174,0.0</coordinates>
                    </LinearRing>
                </outerBoundaryIs>
            </Polygon>
        </Placemark>
        <Placemark id="4190816">
            <name>34808030054.0</name>
            <description>PIN: 34808030054.0&lt;br&gt;Wetland %: 0.00&lt;br&gt;Flood %: 100.00&lt;br&gt;Parcel area (m²): 981.55</description>
            <styleUrl>#4190821</styleUrl>
            <ExtendedData>
                <Data name="PIN">
                    <value>34808030054.0</value>
                </Data>
                <Data name="Wetland_%">
                    <value>0.00</value>
                </Data>
                <Data name="Flood_%">
                    <value>100.00</value>
                </Data>
                <Data name="Parcel_area_m2">
                    <value>981.55</value>
                </Data>
            </ExtendedData>
            <Polygon id="4190815">
                <outerBoundaryIs>
                    <LinearRing id="4190819">
                        <coordinates>-78.74570476444411,33.84859074537665,0.0 -78.74584628717643,33.848561620582174,0.0 -78.74585008894176,33.848574482136165,0.0 -78.74591542270676,33.84879549091613,0.0 -78.74597596870032,33.84900030548555,0.0 -78.74583824458273,33.84902758564157,0.0 -78.74583414148768,33.849028398476825,0.0 -78.74576447864487,33.84879274347299,0.0 -78.74570476444411,33.84859074537665,0.0</coordinates>
                    </LinearRing>
                </outerBoundaryIs>
            </Polygon>
        </Placemark>
        <Placemark id="4190830">
            <name>34808020018.0</name>
            <description>PIN: 34808020018.0&lt;br&gt;Wetland %: 0.00&lt;br&gt;Flood %: 100.00&lt;br&gt;Parcel area (m²): 533.33</description>
            <styleUrl>#4190835</styleUrl>
            <ExtendedData>
                <Data name="PIN">
                    <value>34808020018.0</value>
                </Data>
                <Data name="Wetland_%">
                    <value>0.00</value>
                </Data>
                <Data name="Flood_%">
                    <value>100.00</value>
                </Data>
                <Data name="Parcel_area_m2">
                    <value>533.33</value>
                </Data>
            </ExtendedData>
            <Polygon id="4190829">
                <outerBoundaryIs>
                    <LinearRing id="4190833">
                        <coordinates>-78.74364136846714,33.84894360288585,0.0 -78.74402118190713,33.84869382546866,0.0 -78.74404246189603,33.848711028170335,0.0 -78.74406477275232,33.84872729628518,0.0 -78.74408805507774,33.84874258633891,0.0 -78.74369540437611,33.849000805936605,0.0 -78.74364136846714,33.84894360288585,0.0</coordinates>
                    </LinearRing>
                </outerBoundaryIs>
            </Polygon>
        </Placemark>
        <Placemark id="4190844">
            <name>34808020006.0</name>
            <description>PIN: 34808020006.0&lt;br&gt;Wetland %: 0.00&lt;br&gt;Flood %: 100.00&lt;br&gt;Parcel area (m²): 586.71</description>
            <styleUrl>#4190849</styleUrl>
            <ExtendedData>
                <Data name="PIN">
                    <value>34808020006.0</value>
                </Data>
                <Data name="Wetland_%">
                    <value>0.00</value>
                </Data>
                <Data name="Flood_%">
                    <value>100.00</value>
                </Data>
                <Data name="Parcel_area_m2">
                    <value>586.71</value>
                </Data>
            </ExtendedData>
            <Polygon id="4190843">
                <outerBoundaryIs>
                    <LinearRing id="4190847">
                        <coordinates>-78.74562001159352,33.84860818774694,0.0 -78.74570476444411,33.84859074537665,0.0 -78.74576447864487,33.84879274347299,0.0 -78.74583414148768,33.849028398476825,0.0 -78.74574920550008,33.849045222478054,0.0 -78.74562001159352,33.84860818774694,0.0</coordinates>
                    </LinearRing>
                </outerBoundaryIs>
            </Polygon>
        </Placemark>
        <Placemark id="4190858">
            <name>34808020007.0</name>
            <description>PIN: 34808020007.0&lt;br&gt;Wetland %: 0.00&lt;br&gt;Flood %: 100.00&lt;br&gt;Parcel area (m²): 585.88</description>
            <styleUrl>#4190863</styleUrl>
            <ExtendedData>
                <Data name="PIN">
                    <value>34808020007.0</value>
                </Data>
                <Data name="Wetland_%">
                    <value>0.00</value>
                </Data>
                <Data name="Flood_%">
                    <value>100.00</value>
                </Data>
                <Data name="Parcel_area_m2">
                    <value>585.88</value>
                </Data>
            </ExtendedData>
            <Polygon id="4190857">
                <outerBoundaryIs>
                    <LinearRing id="4190861">
                        <coordinates>-78.7455352587086,33.84862563005922,0.0 -78.74562001159352,33.84860818774694,0.0 -78.74574920550008,33.849045222478054,0.0 -78.74566426947933,33.849062046420975,0.0 -78.7455352587086,33.84862563005922,0.0</coordinates>
                    </LinearRing>
                </outerBoundaryIs>
            </Polygon>
        </Placemark>
        <Placemark id="4190872">
            <name>34808020008.0</name>
            <description>PIN: 34808020008.0&lt;br&gt;Wetland %: 0.00&lt;br&gt;Flood %: 100.00&lt;br&gt;Parcel area (m²): 976.47</description>
            <styleUrl>#4190877</styleUrl>
            <ExtendedData>
                <Data name="PIN">
                    <value>34808020008.0</value>
                </Data>
                <Data name="Wetland_%">
                    <value>0.00</value>
                </Data>
                <Data name="Flood_%">
                    <value>100.00</value>
                </Data>
                <Data name="Parcel_area_m2">
                    <value>976.47</value>
                </Data>
            </ExtendedData>
            <Polygon id="4190871">
                <outerBoundaryIs>
                    <LinearRing id="4190875">
                        <coordinates>-78.7453937368467,33.848654754517554,0.0 -78.7455352587086,33.84862563005922,0.0 -78.74566426947933,33.849062046420975,0.0 -78.74552244206359,33.849090139054915,0.0 -78.7453937368467,33.848654754517554,0.0</coordinates>
                    </LinearRing>
                </outerBoundaryIs>
            </Polygon>
        </Placemark>
        <Placemark id="4190886">
            <name>34808020009.0</name>
            <description>PIN: 34808020009.0&lt;br&gt;Wetland %: 0.00&lt;br&gt;Flood %: 100.00&lt;br&gt;Parcel area (m²): 974.16</description>
            <styleUrl>#4190891</styleUrl>
            <ExtendedData>
                <Data name="PIN">
                    <value>34808020009.0</value>
                </Data>
                <Data name="Wetland_%">
                    <value>0.00</value>
                </Data>
                <Data name="Flood_%">
                    <value>100.00</value>
                </Data>
                <Data name="Parcel_area_m2">
                    <value>974.16</value>
                </Data>
            </ExtendedData>
            <Polygon id="4190885">
                <outerBoundaryIs>
                    <LinearRing id="4190889">
                        <coordinates>-78.7452522159696,33.848683878833725,0.0 -78.7453937368467,33.848654754517554,0.0 -78.74552244206359,33.849090139054915,0.0 -78.74538061347491,33.849118231506615,0.0 -78.7452522159696,33.848683878833725,0.0</coordinates>
                    </LinearRing>
                </outerBoundaryIs>
            </Polygon>
        </Placemark>
        <Placemark id="4190900">
            <name>34808020010.0</name>
            <description>PIN: 34808020010.0&lt;br&gt;Wetland %: 0.00&lt;br&gt;Flood %: 100.00&lt;br&gt;Parcel area (m²): 582.29</description>
            <styleUrl>#4190905</styleUrl>
            <ExtendedData>
                <Data name="PIN">
                    <value>34808020010.0</value>
                </Data>
                <Data name="Wetland_%">
                    <value>0.00</value>
                </Data>
                <Data name="Flood_%">
                    <value>100.00</value>
                </Data>
                <Data name="Parcel_area_m2">
                    <value>582.29</value>
                </Data>
            </ExtendedData>
            <Polygon id="4190899">
                <outerBoundaryIs>
                    <LinearRing id="4190903">
                        <coordinates>-78.74516746185542,33.84870132087434,0.0 -78.7452522159696,33.848683878833725,0.0 -78.74538061347491,33.849118231506615,0.0 -78.74529567728682,33.849135056098056,0.0 -78.74516746185542,33.84870132087434,0.0</coordinates>
                    </LinearRing>
                </outerBoundaryIs>
            </Polygon>
        </Placemark>
        <Placemark id="4190914">
            <name>34808020011.0</name>
            <description>PIN: 34808020011.0&lt;br&gt;Wetland %: 0.00&lt;br&gt;Flood %: 100.00&lt;br&gt;Parcel area (m²): 581.45</description>
            <styleUrl>#4190919</styleUrl>
            <ExtendedData>
                <Data name="PIN">
                    <value>34808020011.0</value>
                </Data>
                <Data name="Wetland_%">
                    <value>0.00</value>
                </Data>
                <Data name="Flood_%">
                    <value>100.00</value>
                </Data>
                <Data name="Parcel_area_m2">
                    <value>581.45</value>
                </Data>
            </ExtendedData>
            <Polygon id="4190913">
                <outerBoundaryIs>
                    <LinearRing id="4190917">
                        <coordinates>-78.74508270878746,33.84871876287661,0.0 -78.74516746185542,33.84870132087434,0.0 -78.74529567728682,33.849135056098056,0.0 -78.74521074111269,33.84915187882813,0.0 -78.74508270878746,33.84871876287661,0.0</coordinates>
                    </LinearRing>
                </outerBoundaryIs>
            </Polygon>
        </Placemark>
        <Placemark id="4190928">
            <name>34808020012.0</name>
            <description>PIN: 34808020012.0&lt;br&gt;Wetland %: 0.00&lt;br&gt;Flood %: 100.00&lt;br&gt;Parcel area (m²): 969.07</description>
            <styleUrl>#4190933</styleUrl>
            <ExtendedData>
                <Data name="PIN">
                    <value>34808020012.0</value>
                </Data>
                <Data name="Wetland_%">
                    <value>0.00</value>
                </Data>
                <Data name="Flood_%">
                    <value>100.00</value>
                </Data>
                <Data name="Parcel_area_m2">
                    <value>969.07</value>
                </Data>
            </ExtendedData>
            <Polygon id="4190927">
                <outerBoundaryIs>
                    <LinearRing id="4190931">
                        <coordinates>-78.74494118661983,33.848747886817335,0.0 -78.74508270878746,33.84871876287661,0.0 -78.74521074111269,33.84915187882813,0.0 -78.74506891340144,33.84917997094224,0.0 -78.74494118661983,33.848747886817335,0.0</coordinates>
                    </LinearRing>
                </outerBoundaryIs>
            </Polygon>
        </Placemark>
        <Placemark id="4190942">
            <name>34808020017.0</name>
            <description>PIN: 34808020017.0&lt;br&gt;Wetland %: 0.00&lt;br&gt;Flood %: 100.00&lt;br&gt;Parcel area (m²): 1634.02</description>
            <styleUrl>#4190947</styleUrl>
            <ExtendedData>
                <Data name="PIN">
                    <value>34808020017.0</value>
                </Data>
                <Data name="Wetland_%">
                    <value>0.00</value>
                </Data>
                <Data name="Flood_%">
                    <value>100.00</value>
                </Data>
                <Data name="Parcel_area_m2">
                    <value>1634.02</value>
                </Data>
            </ExtendedData>
            <Polygon id="4190941">
                <outerBoundaryIs>
                    <LinearRing id="4190945">
                        <coordinates>-78.74369540437611,33.849000805936605,0.0 -78.74408805507774,33.84874258633891,0.0 -78.74411459991497,33.84875816310847,0.0 -78.74414215306135,33.84877246935202,0.0 -78.74417062709632,33.848785458379204,0.0 -78.74419993224943,33.84879709067223,0.0 -78.7439247664568,33.84924360891575,0.0 -78.74369540437611,33.849000805936605,0.0</coordinates>
                    </LinearRing>
                </outerBoundaryIs>
            </Polygon>
        </Placemark>
        <Placemark id="4190956">
            <name>34808020020.0</name>
            <description>PIN: 34808020020.0&lt;br&gt;Wetland %: 0.00&lt;br&gt;Flood %: 100.00&lt;br&gt;Parcel area (m²): 2160.49</description>
            <styleUrl>#4190961</styleUrl>
            <ExtendedData>
                <Data name="PIN">
                    <value>34808020020.0</value>
                </Data>
                <Data name="Wetland_%">
                    <value>0.00</value>
                </Data>
                <Data name="Flood_%">
                    <value>100.00</value>
                </Data>
                <Data name="Parcel_area_m2">
                    <value>2160.49</value>
                </Data>
            </ExtendedData>
            <Polygon id="4190955">
                <outerBoundaryIs>
                    <LinearRing id="4190959">
                        <coordinates>-78.74474629051039,33.84878799488965,0.0 -78.74494118661983,33.848747886817335,0.0 -78.74506891340144,33.84917997094224,0.0 -78.7449811681706,33.84919735118556,0.0 -78.74483183403332,33.84922332837283,0.0 -78.74463814415583,33.84932505422483,0.0 -78.74474629051039,33.84878799488965,0.0</coordinates>
                    </LinearRing>
                </outerBoundaryIs>
            </Polygon>
        </Placemark>
        <Placemark id="4190970">
            <name>34808020013.0</name>
            <description>PIN: 34808020013.0&lt;br&gt;Wetland %: 0.00&lt;br&gt;Flood %: 100.00&lt;br&gt;Parcel area (m²): 1245.19</description>
            <styleUrl>#4190975</styleUrl>
            <ExtendedData>
                <Data name="PIN">
                    <value>34808020013.0</value>
                </Data>
                <Data name="Wetland_%">
                    <value>0.00</value>
                </Data>
                <Data name="Flood_%">
                    <value>100.00</value>
                </Data>
                <Data name="Parcel_area_m2">
                    <value>1245.19</value>
                </Data>
            </ExtendedData>
            <Polygon id="4190969">
                <outerBoundaryIs>
                    <LinearRing id="4190973">
                        <coordinates>-78.74459209440319,33.84881972697388,0.0 -78.74474629051039,33.84878799488965,0.0 -78.74463814415583,33.84932505422483,0.0 -78.74447285498954,33.849411862866866,0.0 -78.74459209440319,33.84881972697388,0.0</coordinates>
                    </LinearRing>
                </outerBoundaryIs>
            </Polygon>
        </Placemark>
        <Placemark id="4190984">
            <name>34808020014.0</name>
            <description>PIN: 34808020014.0&lt;br&gt;Wetland %: 0.00&lt;br&gt;Flood %: 100.00&lt;br&gt;Parcel area (m²): 805.38</description>
            <styleUrl>#4190989</styleUrl>
            <ExtendedData>
                <Data name="PIN">
                    <value>34808020014.0</value>
                </Data>
                <Data name="Wetland_%">
                    <value>0.00</value>
                </Data>
                <Data name="Flood_%">
                    <value>100.00</value>
                </Data>
                <Data name="Parcel_area_m2">
                    <value>805.38</value>
                </Data>
            </ExtendedData>
            <Polygon id="4190983">
                <outerBoundaryIs>
                    <LinearRing id="4190987">
                        <coordinates>-78.74450055062451,33.84883475936876,0.0 -78.74453590563044,33.84883033791648,0.0 -78.7445708650632,33.84882409542834,0.0 -78.74459209440319,33.84881972697388,0.0 -78.74447285498954,33.849411862866866,0.0 -78.74437386851424,33.84946385051666,0.0 -78.74450055062451,33.84883475936876,0.0</coordinates>
                    </LinearRing>
                </outerBoundaryIs>
            </Polygon>
        </Placemark>
        <Placemark id="4190998">
            <name>34808020015.0</name>
            <description>PIN: 34808020015.0&lt;br&gt;Wetland %: 0.00&lt;br&gt;Flood %: 100.00&lt;br&gt;Parcel area (m²): 862.09</description>
            <styleUrl>#4191003</styleUrl>
            <ExtendedData>
                <Data name="PIN">
                    <value>34808020015.0</value>
                </Data>
                <Data name="Wetland_%">
                    <value>0.00</value>
                </Data>
                <Data name="Flood_%">
                    <value>100.00</value>
                </Data>
                <Data name="Parcel_area_m2">
                    <value>862.09</value>
                </Data>
            </ExtendedData>
            <Polygon id="4190997">
                <outerBoundaryIs>
                    <LinearRing id="4191001">
                        <coordinates>-78.74441142955958,33.84883775871001,0.0 -78.74444118522311,33.84883803999049,0.0 -78.74447091821601,33.848837039179806,0.0 -78.74450055062451,33.84883475936876,0.0 -78.74437386851424,33.84946385051666,0.0 -78.74427488302369,33.84951583720496,0.0 -78.74441142955958,33.84883775871001,0.0</coordinates>
                    </LinearRing>
                </outerBoundaryIs>
            </Polygon>
        </Placemark>
        <Placemark id="4191012">
            <name>34808020016.0</name>
            <description>PIN: 34808020016.0&lt;br&gt;Wetland %: 0.00&lt;br&gt;Flood %: 100.00&lt;br&gt;Parcel area (m²): 3029.88</description>
            <styleUrl>#4191017</styleUrl>
            <ExtendedData>
                <Data name="PIN">
                    <value>34808020016.0</value>
                </Data>
                <Data name="Wetland_%">
                    <value>0.00</value>
                </Data>
                <Data name="Flood_%">
                    <value>100.00</value>
                </Data>
                <Data name="Parcel_area_m2">
                    <value>3029.88</value>
                </Data>
            </ExtendedData>
            <Polygon id="4191011">
                <outerBoundaryIs>
                    <LinearRing id="4191015">
                        <coordinates>-78.7439247664568,33.84924360891575,0.0 -78.74419993224943,33.84879709067223,0.0 -78.74423366306628,33.84880847255461,0.0 -78.74426818680918,33.84881805685249,0.0 -78.74430336611822,33.84882580498536,0.0 -78.74433906236432,33.848831685565244,0.0 -78.74437513130339,33.84883567521978,0.0 -78.74441142955958,33.84883775871001,0.0 -78.74427488302369,33.84951583720496,0.0 -78.74421275151197,33.84954846820755,0.0 -78.7439247664568,33.84924360891575,0.0</coordinates>
                    </LinearRing>
                </outerBoundaryIs>
            </Polygon>
        </Placemark>
        <Placemark id="4191026">
            <name>34808020021.0</name>
            <description>PIN: 34808020021.0&lt;br&gt;Wetland %: 0.00&lt;br&gt;Flood %: 100.00&lt;br&gt;Parcel area (m²): 1376.26</description>
            <styleUrl>#4191031</styleUrl>
            <ExtendedData>
                <Data name="PIN">
                    <value>34808020021.0</value>
                </Data>
                <Data name="Wetland_%">
                    <value>0.00</value>
                </Data>
                <Data name="Flood_%">
                    <value>100.00</value>
                </Data>
                <Data name="Parcel_area_m2">
                    <value>1376.26</value>
                </Data>
            </ExtendedData>
            <Polygon id="4191025">
                <outerBoundaryIs>
                    <LinearRing id="4191029">
                        <coordinates>-78.74281294770311,33.84806661818411,0.0 -78.74301027315093,33.84827551381684,0.0 -78.74306430822259,33.84833271715119,0.0 -78.74311834336596,33.84838992046122,0.0 -78.74320857251722,33.848485438844484,0.0 -78.74329880186836,33.84858095716006,0.0 -78.74335283732285,33.8486381603647,0.0 -78.74340687392953,33.848695363564744,0.0 -78.74345920657429,33.84875076426098,0.0 -78.7434971026395,33.84879088171182,0.0 -78.7435873326062,33.84888640071242,0.0 -78.74364136846714,33.84894360288585,0.0 -78.74369540437611,33.849000805936605,0.0 -78.7439247664568,33.84924360891575,0.0 -78.74421275151197,33.84954846820755,0.0 -78.74417069985763,33.84957055404737,0.0 -78.74339519039212,33.848749597807505,0.0 -78.74282086165523,33.84814159906833,0.0 -78.74281334292019,33.84813212052776,0.0 -78.74280780013318,33.848121737266624,0.0 -78.74280438367856,33.84811073343472,0.0 -78.74280318942118,33.84809941112908,0.0 -78.74280424710467,33.84808807935895,0.0 -78.74280753024104,33.848077047912525,0.0 -78.74281294770311,33.84806661818411,0.0</coordinates>
                    </LinearRing>
                </outerBoundaryIs>
            </Polygon>
        </Placemark>
        <Placemark id="4191040">
            <name>32713010028.0</name>
            <description>PIN: 32713010028.0&lt;br&gt;Wetland %: 100.00&lt;br&gt;Flood %: 100.00&lt;br&gt;Parcel area (m²): 3189.21</description>
            <styleUrl>#4191045</styleUrl>
            <ExtendedData>
                <Data name="PIN">
                    <value>32713010028.0</value>
                </Data>
                <Data name="Wetland_%">
                    <value>100.00</value>
                </Data>
                <Data name="Flood_%">
                    <value>100.00</value>
                </Data>
                <Data name="Parcel_area_m2">
                    <value>3189.21</value>
                </Data>
            </ExtendedData>
            <Polygon id="4191039">
                <outerBoundaryIs>
                    <LinearRing id="4191043">
                        <coordinates>-79.11871964127407,33.86990167850085,0.0 -79.11886755370833,33.86970412835424,0.0 -79.11899313775025,33.86953661974565,0.0 -79.11900364123278,33.869522653978244,0.0 -79.11909894767989,33.86942911682457,0.0 -79.11912656662895,33.869390055444875,0.0 -79.11921600471933,33.869263343612964,0.0 -79.1192449411761,33.869222364970426,0.0 -79.11926278257164,33.869197097287675,0.0 -79.11924668254143,33.86923046053388,0.0 -79.11923282271707,33.869264516162204,0.0 -79.11922044208895,33.869297523714295,0.0 -79.11921006741419,33.86933100905318,0.0 -79.11920172648367,33.86936488782443,0.0 -79.119195439562,33.8693990737555,0.0 -79.11919122369115,33.86943347962302,0.0 -79.11918908722726,33.86946801987539,0.0 -79.11918903752448,33.86950260533811,0.0 -79.1191910743122,33.869537149426584,0.0 -79.11919519195492,33.86957156367076,0.0 -79.11920138045468,33.86960576133809,0.0 -79.1192096233088,33.869639656499004,0.0 -79.11921990077198,33.86967316317467,0.0 -79.11923218661397,33.869706195287634,0.0 -79.11924644914117,33.86973866938316,0.0 -79.11926265335839,33.86977050466182,0.0 -79.11928075672417,33.86980161930782,0.0 -79.11930071447614,33.86983193417708,0.0 -79.11932247528809,33.869861373633405,0.0 -79.11934598459109,33.869889861991446,0.0 -79.11937118231349,33.869917327991516,0.0 -79.11939800512121,33.86994370122632,0.0 -79.1194263852779,33.86996891482924,0.0 -79.11945624956422,33.86999290545806,0.0 -79.11948752362053,33.870015612458815,0.0 -79.11951328143162,33.87003267291724,0.0 -79.11953983453981,33.870048862501584,0.0 -79.11873453566008,33.869904351492586,0.0 -79.11871964127407,33.86990167850085,0.0</coordinates>
                    </LinearRing>
                </outerBoundaryIs>
            </Polygon>
        </Placemark>
        <Placemark id="4191054">
            <name>26916010004.0</name>
            <description>PIN: 26916010004.0&lt;br&gt;Wetland %: 78.49&lt;br&gt;Flood %: 100.00&lt;br&gt;Parcel area (m²): 7385.98</description>
            <styleUrl>#4191059</styleUrl>
            <ExtendedData>
                <Data name="PIN">
                    <value>26916010004.0</value>
                </Data>
                <Data name="Wetland_%">
                    <value>78.49</value>
                </Data>
                <Data name="Flood_%">
                    <value>100.00</value>
                </Data>
                <Data name="Parcel_area_m2">
                    <value>7385.98</value>
                </Data>
            </ExtendedData>
            <Polygon id="4191053">
                <outerBoundaryIs>
                    <LinearRing id="4191057">
                        <coordinates>-78.84276495227901,33.921516005890986,0.0 -78.84283596625598,33.92151042600361,0.0 -78.84290669274228,33.921502717058516,0.0 -78.84297704057798,33.921492890096694,0.0 -78.84304691858078,33.92148095706086,0.0 -78.84311623545561,33.92146693440168,0.0 -78.84350510242587,33.921376649736416,0.0 -78.8435136985543,33.92157724126013,0.0 -78.8434834539251,33.922006965382366,0.0 -78.84348442930768,33.92213036814858,0.0 -78.84275013480142,33.922119622776584,0.0 -78.84276495227901,33.921516005890986,0.0</coordinates>
                    </LinearRing>
                </outerBoundaryIs>
            </Polygon>
        </Placemark>
        <Placemark id="4191068">
            <name>26916020010.0</name>
            <description>PIN: 26916020010.0&lt;br&gt;Wetland %: 12.15&lt;br&gt;Flood %: 100.00&lt;br&gt;Parcel area (m²): 5910.02</description>
            <styleUrl>#4191073</styleUrl>
            <ExtendedData>
                <Data name="PIN">
                    <value>26916020010.0</value>
                </Data>
                <Data name="Wetland_%">
                    <value>12.15</value>
                </Data>
                <Data name="Flood_%">
                    <value>100.00</value>
                </Data>
                <Data name="Parcel_area_m2">
                    <value>5910.02</value>
                </Data>
            </ExtendedData>
            <Polygon id="4191067">
                <outerBoundaryIs>
                    <LinearRing id="4191071">
                        <coordinates>-78.84210812873646,33.92150843037308,0.0 -78.84252544635339,33.92151909324944,0.0 -78.84258533775808,33.92152058755356,0.0 -78.84264525508664,33.92152057156921,0.0 -78.84270514536928,33.921519043472536,0.0 -78.84276495227901,33.921516005890986,0.0 -78.84275013480142,33.922119622776584,0.0 -78.84208601331929,33.9221098999163,0.0 -78.84210812873646,33.92150843037308,0.0</coordinates>
                    </LinearRing>
                </outerBoundaryIs>
            </Polygon>
        </Placemark>
        <Placemark id="4191082">
            <name>26916020011.0</name>
            <description>PIN: 26916020011.0&lt;br&gt;Wetland %: 80.42&lt;br&gt;Flood %: 100.00&lt;br&gt;Parcel area (m²): 6317.04</description>
            <styleUrl>#4191087</styleUrl>
            <ExtendedData>
                <Data name="PIN">
                    <value>26916020011.0</value>
                </Data>
                <Data name="Wetland_%">
                    <value>80.42</value>
                </Data>
                <Data name="Flood_%">
                    <value>100.00</value>
                </Data>
                <Data name="Parcel_area_m2">
                    <value>6317.04</value>
                </Data>
            </ExtendedData>
            <Polygon id="4191081">
                <outerBoundaryIs>
                    <LinearRing id="4191085">
                        <coordinates>-78.84208601331929,33.9221098999163,0.0 -78.84275013480142,33.922119622776584,0.0 -78.84348442930768,33.92213036814858,0.0 -78.84348682239573,33.922432800752944,0.0 -78.84207500046922,33.922409422358896,0.0 -78.84208601331929,33.9221098999163,0.0</coordinates>
                    </LinearRing>
                </outerBoundaryIs>
            </Polygon>
        </Placemark>
        <Placemark id="4191096">
            <name>26916020012.0</name>
            <description>PIN: 26916020012.0&lt;br&gt;Wetland %: 88.28&lt;br&gt;Flood %: 100.00&lt;br&gt;Parcel area (m²): 8718.29</description>
            <styleUrl>#4191101</styleUrl>
            <ExtendedData>
                <Data name="PIN">
                    <value>26916020012.0</value>
                </Data>
                <Data name="Wetland_%">
                    <value>88.28</value>
                </Data>
                <Data name="Flood_%">
                    <value>100.00</value>
                </Data>
                <Data name="Parcel_area_m2">
                    <value>8718.29</value>
                </Data>
            </ExtendedData>
            <Polygon id="4191095">
                <outerBoundaryIs>
                    <LinearRing id="4191099">
                        <coordinates>-78.84262809586762,33.92280232137854,0.0 -78.84206389150083,33.92271152619644,0.0 -78.84207500046922,33.922409422358896,0.0 -78.84348682239573,33.922432800752944,0.0 -78.84349099370792,33.92296010752511,0.0 -78.84262809586762,33.92280232137854,0.0</coordinates>
                    </LinearRing>
                </outerBoundaryIs>
            </Polygon>
        </Placemark>
        <Placemark id="4191110">
            <name>29906020026.0</name>
            <description>PIN: 29906020026.0&lt;br&gt;Wetland %: 36.13&lt;br&gt;Flood %: 100.00&lt;br&gt;Parcel area (m²): 1476.76</description>
            <styleUrl>#4191115</styleUrl>
            <ExtendedData>
                <Data name="PIN">
                    <value>29906020026.0</value>
                </Data>
                <Data name="Wetland_%">
                    <value>36.13</value>
                </Data>
                <Data name="Flood_%">
                    <value>100.00</value>
                </Data>
                <Data name="Parcel_area_m2">
                    <value>1476.76</value>
                </Data>
            </ExtendedData>
            <Polygon id="4191109">
                <outerBoundaryIs>
                    <LinearRing id="4191113">
                        <coordinates>-78.85800364384728,33.906812471597675,0.0 -78.85801805820086,33.9065174438517,0.0 -78.85827017177337,33.90652600853279,0.0 -78.85818711452697,33.90698113713585,0.0 -78.85806953158927,33.90696621837302,0.0 -78.85805653162124,33.9069636559201,0.0 -78.85804419849083,33.90695937601585,0.0 -78.85803285716774,33.906953490703444,0.0 -78.85802280559611,33.90694615485095,0.0 -78.85801430723767,33.90693756151295,0.0 -78.85800758471896,33.906927936409225,0.0 -78.8580028167446,33.906917531557944,0.0 -78.85800012737437,33.90690662148255,0.0 -78.8579995873738,33.90689549241213,0.0 -78.85800364384728,33.906812471597675,0.0</coordinates>
                    </LinearRing>
                </outerBoundaryIs>
            </Polygon>
        </Placemark>
        <Placemark id="4191124">
            <name>29906020025.0</name>
            <description>PIN: 29906020025.0&lt;br&gt;Wetland %: 53.06&lt;br&gt;Flood %: 100.00&lt;br&gt;Parcel area (m²): 1359.50</description>
            <styleUrl>#4191129</styleUrl>
            <ExtendedData>
                <Data name="PIN">
                    <value>29906020025.0</value>
                </Data>
                <Data name="Wetland_%">
                    <value>53.06</value>
                </Data>
                <Data name="Flood_%">
                    <value>100.00</value>
                </Data>
                <Data name="Parcel_area_m2">
                    <value>1359.50</value>
                </Data>
            </ExtendedData>
            <Polygon id="4191123">
                <outerBoundaryIs>
                    <LinearRing id="4191127">
                        <coordinates>-78.85818711452697,33.90698113713585,0.0 -78.85827017177337,33.90652600853279,0.0 -78.8584656996085,33.906550816104954,0.0 -78.85838264445206,33.90700594485512,0.0 -78.85818711452697,33.90698113713585,0.0</coordinates>
                    </LinearRing>
                </outerBoundaryIs>
            </Polygon>
        </Placemark>
        <Placemark id="4191138">
            <name>29906020024.0</name>
            <description>PIN: 29906020024.0&lt;br&gt;Wetland %: 56.89&lt;br&gt;Flood %: 100.00&lt;br&gt;Parcel area (m²): 1359.49</description>
            <styleUrl>#4191143</styleUrl>
            <ExtendedData>
                <Data name="PIN">
                    <value>29906020024.0</value>
                </Data>
                <Data name="Wetland_%">
                    <value>56.89</value>
                </Data>
                <Data name="Flood_%">
                    <value>100.00</value>
                </Data>
                <Data name="Parcel_area_m2">
                    <value>1359.49</value>
                </Data>
            </ExtendedData>
            <Polygon id="4191137">
                <outerBoundaryIs>
                    <LinearRing id="4191141">
                        <coordinates>-78.85838264445206,33.90700594485512,0.0 -78.8584656996085,33.906550816104954,0.0 -78.85866122755618,33.9065756233685,0.0 -78.85857817232731,33.90703075222836,0.0 -78.85838264445206,33.90700594485512,0.0</coordinates>
                    </LinearRing>
                </outerBoundaryIs>
            </Polygon>
        </Placemark>
        <Placemark id="4191152">
            <name>29906020023.0</name>
            <description>PIN: 29906020023.0&lt;br&gt;Wetland %: 56.54&lt;br&gt;Flood %: 100.00&lt;br&gt;Parcel area (m²): 1359.50</description>
            <styleUrl>#4191157</styleUrl>
            <ExtendedData>
                <Data name="PIN">
                    <value>29906020023.0</value>
                </Data>
                <Data name="Wetland_%">
                    <value>56.54</value>
                </Data>
                <Data name="Flood_%">
                    <value>100.00</value>
                </Data>
                <Data name="Parcel_area_m2">
                    <value>1359.50</value>
                </Data>
            </ExtendedData>
            <Polygon id="4191151">
                <outerBoundaryIs>
                    <LinearRing id="4191155">
                        <coordinates>-78.85857817232731,33.90703075222836,0.0 -78.85866122755618,33.9065756233685,0.0 -78.85885675563885,33.90660042942194,0.0 -78.85877370245522,33.907055560231896,0.0 -78.85857817232731,33.90703075222836,0.0</coordinates>
                    </LinearRing>
                </outerBoundaryIs>
            </Polygon>
        </Placemark>
        <Placemark id="4191166">
            <name>29906020022.0</name>
            <description>PIN: 29906020022.0&lt;br&gt;Wetland %: 51.13&lt;br&gt;Flood %: 100.00&lt;br&gt;Parcel area (m²): 1359.49</description>
            <styleUrl>#4191171</styleUrl>
            <ExtendedData>
                <Data name="PIN">
                    <value>29906020022.0</value>
                </Data>
                <Data name="Wetland_%">
                    <value>51.13</value>
                </Data>
                <Data name="Flood_%">
                    <value>100.00</value>
                </Data>
                <Data name="Parcel_area_m2">
                    <value>1359.49</value>
                </Data>
            </ExtendedData>
            <Polygon id="4191165">
                <outerBoundaryIs>
                    <LinearRing id="4191169">
                        <coordinates>-78.85877370245522,33.907055560231896,0.0 -78.85885675563885,33.90660042942194,0.0 -78.85905228378928,33.90662523696983,0.0 -78.85896923057804,33.90708036608643,0.0 -78.85877370245522,33.907055560231896,0.0</coordinates>
                    </LinearRing>
                </outerBoundaryIs>
            </Polygon>
        </Placemark>
        <Placemark id="4191180">
            <name>29906020021.0</name>
            <description>PIN: 29906020021.0&lt;br&gt;Wetland %: 47.15&lt;br&gt;Flood %: 100.00&lt;br&gt;Parcel area (m²): 1359.50</description>
            <styleUrl>#4191185</styleUrl>
            <ExtendedData>
                <Data name="PIN">
                    <value>29906020021.0</value>
                </Data>
                <Data name="Wetland_%">
                    <value>47.15</value>
                </Data>
                <Data name="Flood_%">
                    <value>100.00</value>
                </Data>
                <Data name="Parcel_area_m2">
                    <value>1359.50</value>
                </Data>
            </ExtendedData>
            <Polygon id="4191179">
                <outerBoundaryIs>
                    <LinearRing id="4191183">
                        <coordinates>-78.85896923057804,33.90708036608643,0.0 -78.85905228378928,33.90662523696983,0.0 -78.85924781209707,33.906650042406085,0.0 -78.85916476093111,33.90710517347278,0.0 -78.85896923057804,33.90708036608643,0.0</coordinates>
                    </LinearRing>
                </outerBoundaryIs>
            </Polygon>
        </Placemark>
        <Placemark id="4191194">
            <name>29906020020.0</name>
            <description>PIN: 29906020020.0&lt;br&gt;Wetland %: 38.59&lt;br&gt;Flood %: 100.00&lt;br&gt;Parcel area (m²): 1359.50</description>
            <styleUrl>#4191199</styleUrl>
            <ExtendedData>
                <Data name="PIN">
                    <value>29906020020.0</value>
                </Data>
                <Data name="Wetland_%">
                    <value>38.59</value>
                </Data>
                <Data name="Flood_%">
                    <value>100.00</value>
                </Data>
                <Data name="Parcel_area_m2">
                    <value>1359.50</value>
                </Data>
            </ExtendedData>
            <Polygon id="4191193">
                <outerBoundaryIs>
                    <LinearRing id="4191197">
                        <coordinates>-78.85919734933424,33.90710930800717,0.0 -78.85928040033208,33.906654176919076,0.0 -78.85947592872643,33.90667898379839,0.0 -78.85939287770094,33.907134113193116,0.0 -78.85919734933424,33.90710930800717,0.0</coordinates>
                    </LinearRing>
                </outerBoundaryIs>
            </Polygon>
        </Placemark>
        <Placemark id="4191208">
            <name>29906020019.0</name>
            <description>PIN: 29906020019.0&lt;br&gt;Wetland %: 34.74&lt;br&gt;Flood %: 100.00&lt;br&gt;Parcel area (m²): 1359.50</description>
            <styleUrl>#4191213</styleUrl>
            <ExtendedData>
                <Data name="PIN">
                    <value>29906020019.0</value>
                </Data>
                <Data name="Wetland_%">
                    <value>34.74</value>
                </Data>
                <Data name="Flood_%">
                    <value>100.00</value>
                </Data>
                <Data name="Parcel_area_m2">
                    <value>1359.50</value>
                </Data>
            </ExtendedData>
            <Polygon id="4191207">
                <outerBoundaryIs>
                    <LinearRing id="4191211">
                        <coordinates>-78.85939287770094,33.907134113193116,0.0 -78.85947592872643,33.90667898379839,0.0 -78.85967145725571,33.90670378946757,0.0 -78.85958840829797,33.90715891991085,0.0 -78.85939287770094,33.907134113193116,0.0</coordinates>
                    </LinearRing>
                </outerBoundaryIs>
            </Polygon>
        </Placemark>
        <Placemark id="4191222">
            <name>29906020027.0</name>
            <description>PIN: 29906020027.0&lt;br&gt;Wetland %: 99.15&lt;br&gt;Flood %: 100.00&lt;br&gt;Parcel area (m²): 1356.77</description>
            <styleUrl>#4191227</styleUrl>
            <ExtendedData>
                <Data name="PIN">
                    <value>29906020027.0</value>
                </Data>
                <Data name="Wetland_%">
                    <value>99.15</value>
                </Data>
                <Data name="Flood_%">
                    <value>100.00</value>
                </Data>
                <Data name="Parcel_area_m2">
                    <value>1356.77</value>
                </Data>
            </ExtendedData>
            <Polygon id="4191221">
                <outerBoundaryIs>
                    <LinearRing id="4191225">
                        <coordinates>-78.85760655256937,33.907139970944066,0.0 -78.85731017792094,33.90712990193463,0.0 -78.85731883297076,33.90695277251715,0.0 -78.85783098693068,33.90697017196214,0.0 -78.85782233293186,33.90714730141469,0.0 -78.85760655256937,33.907139970944066,0.0</coordinates>
                    </LinearRing>
                </outerBoundaryIs>
            </Polygon>
        </Placemark>
        <Placemark id="4191236">
            <name>29906010004.0</name>
            <description>PIN: 29906010004.0&lt;br&gt;Wetland %: 33.73&lt;br&gt;Flood %: 100.00&lt;br&gt;Parcel area (m²): 1372.76</description>
            <styleUrl>#4191241</styleUrl>
            <ExtendedData>
                <Data name="PIN">
                    <value>29906010004.0</value>
                </Data>
                <Data name="Wetland_%">
                    <value>33.73</value>
                </Data>
                <Data name="Flood_%">
                    <value>100.00</value>
                </Data>
                <Data name="Parcel_area_m2">
                    <value>1372.76</value>
                </Data>
            </ExtendedData>
            <Polygon id="4191235">
                <outerBoundaryIs>
                    <LinearRing id="4191239">
                        <coordinates>-78.85958840829797,33.90715891991085,0.0 -78.85967145725571,33.90670378946757,0.0 -78.85974310035029,33.906712878845404,0.0 -78.85977561520976,33.906750059097554,0.0 -78.85980682809408,33.90678800873914,0.0 -78.85983670951175,33.90682669569477,0.0 -78.85986523648067,33.90686608709944,0.0 -78.85980674835838,33.9071866194346,0.0 -78.85958840829797,33.90715891991085,0.0</coordinates>
                    </LinearRing>
                </outerBoundaryIs>
            </Polygon>
        </Placemark>
        <Placemark id="4191250">
            <name>29906020011.0</name>
            <description>PIN: 29906020011.0&lt;br&gt;Wetland %: 23.65&lt;br&gt;Flood %: 100.00&lt;br&gt;Parcel area (m²): 1531.74</description>
            <styleUrl>#4191255</styleUrl>
            <ExtendedData>
                <Data name="PIN">
                    <value>29906020011.0</value>
                </Data>
                <Data name="Wetland_%">
                    <value>23.65</value>
                </Data>
                <Data name="Flood_%">
                    <value>100.00</value>
                </Data>
                <Data name="Parcel_area_m2">
                    <value>1531.74</value>
                </Data>
            </ExtendedData>
            <Polygon id="4191249">
                <outerBoundaryIs>
                    <LinearRing id="4191253">
                        <coordinates>-78.85797443586122,33.90755882721185,0.0 -78.8579721157456,33.90746749596708,0.0 -78.85797226519205,33.907454740933055,0.0 -78.8579860896067,33.90717179052847,0.0 -78.85798781180074,33.907160342497306,0.0 -78.85799180639242,33.9071492963128,0.0 -78.85799796178252,33.90713896391299,0.0 -78.85800610311702,33.907129634496634,0.0 -78.85801600312202,33.90712157380842,0.0 -78.85802738036712,33.90711500697263,0.0 -78.85803991438016,33.90711011965649,0.0 -78.8580532533955,33.90710705098845,0.0 -78.85806701996148,33.907105885538364,0.0 -78.85808082598801,33.907106657184805,0.0 -78.85824452368469,33.90712742633394,0.0 -78.85816146567824,33.907582556658674,0.0 -78.85797443586122,33.90755882721185,0.0</coordinates>
                    </LinearRing>
                </outerBoundaryIs>
            </Polygon>
        </Placemark>
        <Placemark id="4191264">
            <name>29906020028.0</name>
            <description>PIN: 29906020028.0&lt;br&gt;Wetland %: 99.56&lt;br&gt;Flood %: 100.00&lt;br&gt;Parcel area (m²): 1442.86</description>
            <styleUrl>#4191269</styleUrl>
            <ExtendedData>
                <Data name="PIN">
                    <value>29906020028.0</value>
                </Data>
                <Data name="Wetland_%">
                    <value>99.56</value>
                </Data>
                <Data name="Flood_%">
                    <value>100.00</value>
                </Data>
                <Data name="Parcel_area_m2">
                    <value>1442.86</value>
                </Data>
            </ExtendedData>
            <Polygon id="4191263">
                <outerBoundaryIs>
                    <LinearRing id="4191267">
                        <coordinates>-78.8575845484237,33.907590346209425,0.0 -78.85760655256937,33.907139970944066,0.0 -78.85782233293186,33.90714730141469,0.0 -78.85780758604596,33.90744914636272,0.0 -78.85780733656757,33.907470404746256,0.0 -78.85780872167844,33.90752493965613,0.0 -78.85780790919338,33.90753612561855,0.0 -78.85780492784649,33.90754705221978,0.0 -78.85779985515772,33.907557429480384,0.0 -78.8577928278018,33.90756698107036,0.0 -78.85778403054898,33.90757545403866,0.0 -78.85777369944205,33.90758262157436,0.0 -78.85776210855201,33.90758829360039,0.0 -78.85774956560836,33.90759231850232,0.0 -78.85773640531018,33.90759459112949,0.0 -78.85772297644036,33.907595048965185,0.0 -78.8575845484237,33.907590346209425,0.0</coordinates>
                    </LinearRing>
                </outerBoundaryIs>
            </Polygon>
        </Placemark>
        <Placemark id="4191278">
            <name>29906020012.0</name>
            <description>PIN: 29906020012.0&lt;br&gt;Wetland %: 9.19&lt;br&gt;Flood %: 100.00&lt;br&gt;Parcel area (m²): 1359.51</description>
            <styleUrl>#4191283</styleUrl>
            <ExtendedData>
                <Data name="PIN">
                    <value>29906020012.0</value>
                </Data>
                <Data name="Wetland_%">
                    <value>9.19</value>
                </Data>
                <Data name="Flood_%">
                    <value>100.00</value>
                </Data>
                <Data name="Parcel_area_m2">
                    <value>1359.51</value>
                </Data>
            </ExtendedData>
            <Polygon id="4191277">
                <outerBoundaryIs>
                    <LinearRing id="4191281">
                        <coordinates>-78.85816146567824,33.907582556658674,0.0 -78.85824452368469,33.90712742633394,0.0 -78.85844005179582,33.90715223392436,0.0 -78.85835699479819,33.907607364377476,0.0 -78.85816146567824,33.907582556658674,0.0</coordinates>
                    </LinearRing>
                </outerBoundaryIs>
            </Polygon>
        </Placemark>
        <Placemark id="4191292">
            <name>29906020014.0</name>
            <description>PIN: 29906020014.0&lt;br&gt;Wetland %: 8.54&lt;br&gt;Flood %: 100.00&lt;br&gt;Parcel area (m²): 1370.79</description>
            <styleUrl>#4191297</styleUrl>
            <ExtendedData>
                <Data name="PIN">
                    <value>29906020014.0</value>
                </Data>
                <Data name="Wetland_%">
                    <value>8.54</value>
                </Data>
                <Data name="Flood_%">
                    <value>100.00</value>
                </Data>
                <Data name="Parcel_area_m2">
                    <value>1370.79</value>
                </Data>
            </ExtendedData>
            <Polygon id="4191291">
                <outerBoundaryIs>
                    <LinearRing id="4191295">
                        <coordinates>-78.85855798099608,33.90760228275336,0.0 -78.85863558218205,33.90717704124356,0.0 -78.85884659059148,33.90720381307515,0.0 -78.8587689904451,33.907629053812805,0.0 -78.85855798099608,33.90760228275336,0.0</coordinates>
                    </LinearRing>
                </outerBoundaryIs>
            </Polygon>
        </Placemark>
        <Placemark id="4191306">
            <name>29906020013.0</name>
            <description>PIN: 29906020013.0&lt;br&gt;Wetland %: 10.90&lt;br&gt;Flood %: 100.00&lt;br&gt;Parcel area (m²): 1354.54</description>
            <styleUrl>#4191311</styleUrl>
            <ExtendedData>
                <Data name="PIN">
                    <value>29906020013.0</value>
                </Data>
                <Data name="Wetland_%">
                    <value>10.90</value>
                </Data>
                <Data name="Flood_%">
                    <value>100.00</value>
                </Data>
                <Data name="Parcel_area_m2">
                    <value>1354.54</value>
                </Data>
            </ExtendedData>
            <Polygon id="4191305">
                <outerBoundaryIs>
                    <LinearRing id="4191309">
                        <coordinates>-78.85835699479819,33.907607364377476,0.0 -78.85844005179582,33.90715223392436,0.0 -78.85863558218205,33.90717704124356,0.0 -78.85855798099608,33.90760228275336,0.0 -78.8585550056516,33.90761858580143,0.0 -78.85853096375224,33.907615534970795,0.0 -78.8585284842902,33.907629120993846,0.0 -78.85835699479819,33.907607364377476,0.0</coordinates>
                    </LinearRing>
                </outerBoundaryIs>
            </Polygon>
        </Placemark>
        <Placemark id="4191320">
            <name>29906020015.0</name>
            <description>PIN: 29906020015.0&lt;br&gt;Wetland %: 10.96&lt;br&gt;Flood %: 100.00&lt;br&gt;Parcel area (m²): 1360.21</description>
            <styleUrl>#4191325</styleUrl>
            <ExtendedData>
                <Data name="PIN">
                    <value>29906020015.0</value>
                </Data>
                <Data name="Wetland_%">
                    <value>10.96</value>
                </Data>
                <Data name="Flood_%">
                    <value>100.00</value>
                </Data>
                <Data name="Parcel_area_m2">
                    <value>1360.21</value>
                </Data>
            </ExtendedData>
            <Polygon id="4191319">
                <outerBoundaryIs>
                    <LinearRing id="4191323">
                        <coordinates>-78.8587689904451,33.907629053812805,0.0 -78.85884659059148,33.90720381307515,0.0 -78.859055970944,33.90723037603647,0.0 -78.8589783707033,33.90765561778544,0.0 -78.8587689904451,33.907629053812805,0.0</coordinates>
                    </LinearRing>
                </outerBoundaryIs>
            </Polygon>
        </Placemark>
        <Placemark id="4191334">
            <name>29906020016.0</name>
            <description>PIN: 29906020016.0&lt;br&gt;Wetland %: 14.31&lt;br&gt;Flood %: 100.00&lt;br&gt;Parcel area (m²): 1360.21</description>
            <styleUrl>#4191339</styleUrl>
            <ExtendedData>
                <Data name="PIN">
                    <value>29906020016.0</value>
                </Data>
                <Data name="Wetland_%">
                    <value>14.31</value>
                </Data>
                <Data name="Flood_%">
                    <value>100.00</value>
                </Data>
                <Data name="Parcel_area_m2">
                    <value>1360.21</value>
                </Data>
            </ExtendedData>
            <Polygon id="4191333">
                <outerBoundaryIs>
                    <LinearRing id="4191337">
                        <coordinates>-78.8589783707033,33.90765561778544,0.0 -78.859055970944,33.90723037603647,0.0 -78.85926534921833,33.90725694040966,0.0 -78.85918775109066,33.90768218140419,0.0 -78.8589783707033,33.90765561778544,0.0</coordinates>
                    </LinearRing>
                </outerBoundaryIs>
            </Polygon>
        </Placemark>
        <Placemark id="4191348">
            <name>29906020017.0</name>
            <description>PIN: 29906020017.0&lt;br&gt;Wetland %: 19.80&lt;br&gt;Flood %: 100.00&lt;br&gt;Parcel area (m²): 1370.80</description>
            <styleUrl>#4191353</styleUrl>
            <ExtendedData>
                <Data name="PIN">
                    <value>29906020017.0</value>
                </Data>
                <Data name="Wetland_%">
                    <value>19.80</value>
                </Data>
                <Data name="Flood_%">
                    <value>100.00</value>
                </Data>
                <Data name="Parcel_area_m2">
                    <value>1370.80</value>
                </Data>
            </ExtendedData>
            <Polygon id="4191347">
                <outerBoundaryIs>
                    <LinearRing id="4191351">
                        <coordinates>-78.85918775109066,33.90768218140419,0.0 -78.85926534921833,33.90725694040966,0.0 -78.85947635914509,33.90728370938424,0.0 -78.85939876201222,33.90770895140974,0.0 -78.85918775109066,33.90768218140419,0.0</coordinates>
                    </LinearRing>
                </outerBoundaryIs>
            </Polygon>
        </Placemark>
        <Placemark id="4191362">
            <name>29906020018.0</name>
            <description>PIN: 29906020018.0&lt;br&gt;Wetland %: 32.49&lt;br&gt;Flood %: 100.00&lt;br&gt;Parcel area (m²): 1354.92</description>
            <styleUrl>#4191367</styleUrl>
            <ExtendedData>
                <Data name="PIN">
                    <value>29906020018.0</value>
                </Data>
                <Data name="Wetland_%">
                    <value>32.49</value>
                </Data>
                <Data name="Flood_%">
                    <value>100.00</value>
                </Data>
                <Data name="Parcel_area_m2">
                    <value>1354.92</value>
                </Data>
            </ExtendedData>
            <Polygon id="4191361">
                <outerBoundaryIs>
                    <LinearRing id="4191365">
                        <coordinates>-78.85939876201222,33.90770895140974,0.0 -78.85947635914509,33.90728370938424,0.0 -78.85968492358309,33.90731016879561,0.0 -78.85960732853688,33.907735410967724,0.0 -78.85939876201222,33.90770895140974,0.0</coordinates>
                    </LinearRing>
                </outerBoundaryIs>
            </Polygon>
        </Placemark>
        <Placemark id="4191376">
            <name>29906010002.0</name>
            <description>PIN: 29906010002.0&lt;br&gt;Wetland %: 50.80&lt;br&gt;Flood %: 100.00&lt;br&gt;Parcel area (m²): 1377.07</description>
            <styleUrl>#4191381</styleUrl>
            <ExtendedData>
                <Data name="PIN">
                    <value>29906010002.0</value>
                </Data>
                <Data name="Wetland_%">
                    <value>50.80</value>
                </Data>
                <Data name="Flood_%">
                    <value>100.00</value>
                </Data>
                <Data name="Parcel_area_m2">
                    <value>1377.07</value>
                </Data>
            </ExtendedData>
            <Polygon id="4191375">
                <outerBoundaryIs>
                    <LinearRing id="4191379">
                        <coordinates>-78.85960732853688,33.907735410967724,0.0 -78.85968492358309,33.90731016879561,0.0 -78.85983041811501,33.907328626421844,0.0 -78.85985518959976,33.907331132215816,0.0 -78.85988009828623,33.907332382200195,0.0 -78.8598361437041,33.907764438561365,0.0 -78.85960732853688,33.907735410967724,0.0</coordinates>
                    </LinearRing>
                </outerBoundaryIs>
            </Polygon>
        </Placemark>
        <Placemark id="4191390">
            <name>29906010003.0</name>
            <description>PIN: 29906010003.0&lt;br&gt;Wetland %: 57.84&lt;br&gt;Flood %: 100.00&lt;br&gt;Parcel area (m²): 1766.33</description>
            <styleUrl>#4191395</styleUrl>
            <ExtendedData>
                <Data name="PIN">
                    <value>29906010003.0</value>
                </Data>
                <Data name="Wetland_%">
                    <value>57.84</value>
                </Data>
                <Data name="Flood_%">
                    <value>100.00</value>
                </Data>
                <Data name="Parcel_area_m2">
                    <value>1766.33</value>
                </Data>
            </ExtendedData>
            <Polygon id="4191389">
                <outerBoundaryIs>
                    <LinearRing id="4191393">
                        <coordinates>-78.8598361437041,33.907764438561365,0.0 -78.85988009828623,33.907332382200195,0.0 -78.85991149140386,33.90733216670313,0.0 -78.85994277394137,33.90732995785642,0.0 -78.85997376488186,33.90732577057271,0.0 -78.86000428192575,33.90731962785996,0.0 -78.86007472510899,33.90730305572497,0.0 -78.86008960611568,33.907360325537695,0.0 -78.86010194665765,33.90741801326311,0.0 -78.86011173025209,33.90747604195444,0.0 -78.86011894266817,33.90753433109616,0.0 -78.86012357503627,33.90759280206883,0.0 -78.8601256206717,33.90765137538874,0.0 -78.86012784934634,33.907801444094794,0.0 -78.8598361437041,33.907764438561365,0.0</coordinates>
                    </LinearRing>
                </outerBoundaryIs>
            </Polygon>
        </Placemark>
        <Placemark id="4191404">
            <name>29906020010.0</name>
            <description>PIN: 29906020010.0&lt;br&gt;Wetland %: 0.00&lt;br&gt;Flood %: 100.00&lt;br&gt;Parcel area (m²): 1413.29</description>
            <styleUrl>#4191409</styleUrl>
            <ExtendedData>
                <Data name="PIN">
                    <value>29906020010.0</value>
                </Data>
                <Data name="Wetland_%">
                    <value>0.00</value>
                </Data>
                <Data name="Flood_%">
                    <value>100.00</value>
                </Data>
                <Data name="Parcel_area_m2">
                    <value>1413.29</value>
                </Data>
            </ExtendedData>
            <Polygon id="4191403">
                <outerBoundaryIs>
                    <LinearRing id="4191407">
                        <coordinates>-78.85797726182429,33.90767005807583,0.0 -78.85853067566808,33.907715384824456,0.0 -78.85853433139371,33.90785923790053,0.0 -78.857982314397,33.907868985636505,0.0 -78.85797726182429,33.90767005807583,0.0</coordinates>
                    </LinearRing>
                </outerBoundaryIs>
            </Polygon>
        </Placemark>
        <Placemark id="4191418">
            <name>29906020009.0</name>
            <description>PIN: 29906020009.0&lt;br&gt;Wetland %: 0.00&lt;br&gt;Flood %: 100.00&lt;br&gt;Parcel area (m²): 1359.53</description>
            <styleUrl>#4191423</styleUrl>
            <ExtendedData>
                <Data name="PIN">
                    <value>29906020009.0</value>
                </Data>
                <Data name="Wetland_%">
                    <value>0.00</value>
                </Data>
                <Data name="Flood_%">
                    <value>100.00</value>
                </Data>
                <Data name="Parcel_area_m2">
                    <value>1359.53</value>
                </Data>
            </ExtendedData>
            <Polygon id="4191417">
                <outerBoundaryIs>
                    <LinearRing id="4191421">
                        <coordinates>-78.857982314397,33.907868985636505,0.0 -78.85853433139371,33.90785923790053,0.0 -78.85853851938256,33.90802410941992,0.0 -78.85798650243387,33.90803385629131,0.0 -78.857982314397,33.907868985636505,0.0</coordinates>
                    </LinearRing>
                </outerBoundaryIs>
            </Polygon>
        </Placemark>
        <Placemark id="4191432">
            <name>29906020029.0</name>
            <description>PIN: 29906020029.0&lt;br&gt;Wetland %: 0.00&lt;br&gt;Flood %: 100.00&lt;br&gt;Parcel area (m²): 1359.53</description>
            <styleUrl>#4191437</styleUrl>
            <ExtendedData>
                <Data name="PIN">
                    <value>29906020029.0</value>
                </Data>
                <Data name="Wetland_%">
                    <value>0.00</value>
                </Data>
                <Data name="Flood_%">
                    <value>100.00</value>
                </Data>
                <Data name="Parcel_area_m2">
                    <value>1359.53</value>
                </Data>
            </ExtendedData>
            <Polygon id="4191431">
                <outerBoundaryIs>
                    <LinearRing id="4191435">
                        <coordinates>-78.85742691104161,33.90818327952542,0.0 -78.85739397473655,33.90818215993947,0.0 -78.85741645164397,33.90772217217411,0.0 -78.8576140685015,33.90772888681875,0.0 -78.85760730842799,33.90786724128659,0.0 -78.8575915926696,33.9081888737177,0.0 -78.85742691104161,33.90818327952542,0.0</coordinates>
                    </LinearRing>
                </outerBoundaryIs>
            </Polygon>
        </Placemark>
        <Placemark id="4191446">
            <name>29906020008.0</name>
            <description>PIN: 29906020008.0&lt;br&gt;Wetland %: 0.00&lt;br&gt;Flood %: 100.00&lt;br&gt;Parcel area (m²): 1359.54</description>
            <styleUrl>#4191451</styleUrl>
            <ExtendedData>
                <Data name="PIN">
                    <value>29906020008.0</value>
                </Data>
                <Data name="Wetland_%">
                    <value>0.00</value>
                </Data>
                <Data name="Flood_%">
                    <value>100.00</value>
                </Data>
                <Data name="Parcel_area_m2">
                    <value>1359.54</value>
                </Data>
            </ExtendedData>
            <Polygon id="4191445">
                <outerBoundaryIs>
                    <LinearRing id="4191449">
                        <coordinates>-78.85798650243387,33.90803385629131,0.0 -78.85853851938256,33.90802410941992,0.0 -78.85854270954998,33.908188980970166,0.0 -78.85799069046428,33.90819872784115,0.0 -78.85798650243387,33.90803385629131,0.0</coordinates>
                    </LinearRing>
                </outerBoundaryIs>
            </Polygon>
        </Placemark>
        <Placemark id="4191460">
            <name>29906020030.0</name>
            <description>PIN: 29906020030.0&lt;br&gt;Wetland %: 0.00&lt;br&gt;Flood %: 100.00&lt;br&gt;Parcel area (m²): 1477.58</description>
            <styleUrl>#4191465</styleUrl>
            <ExtendedData>
                <Data name="PIN">
                    <value>29906020030.0</value>
                </Data>
                <Data name="Wetland_%">
                    <value>0.00</value>
                </Data>
                <Data name="Flood_%">
                    <value>100.00</value>
                </Data>
                <Data name="Parcel_area_m2">
                    <value>1477.58</value>
                </Data>
            </ExtendedData>
            <Polygon id="4191459">
                <outerBoundaryIs>
                    <LinearRing id="4191463">
                        <coordinates>-78.85762453008351,33.90818999236829,0.0 -78.8575915926696,33.9081888737177,0.0 -78.85760730842799,33.90786724128659,0.0 -78.8576140685015,33.90772888681875,0.0 -78.85773667715054,33.90773305182518,0.0 -78.85775037063557,33.9077344817646,0.0 -78.85776358675794,33.907737795672915,0.0 -78.85777595243407,33.90774290232113,0.0 -78.85778712399248,33.90774965867768,0.0 -78.8577967870619,33.90775787441571,0.0 -78.85780466938881,33.9077673184484,0.0 -78.85781055144867,33.90777772722953,0.0 -78.85781426741468,33.90778880927953,0.0 -78.8578157147101,33.90780025256606,0.0 -78.85782578711688,33.908196829108874,0.0 -78.85762453008351,33.90818999236829,0.0</coordinates>
                    </LinearRing>
                </outerBoundaryIs>
            </Polygon>
        </Placemark>
        <Placemark id="4191474">
            <name>29906020007.0</name>
            <description>PIN: 29906020007.0&lt;br&gt;Wetland %: 0.00&lt;br&gt;Flood %: 100.00&lt;br&gt;Parcel area (m²): 1359.54</description>
            <styleUrl>#4191479</styleUrl>
            <ExtendedData>
                <Data name="PIN">
                    <value>29906020007.0</value>
                </Data>
                <Data name="Wetland_%">
                    <value>0.00</value>
                </Data>
                <Data name="Flood_%">
                    <value>100.00</value>
                </Data>
                <Data name="Parcel_area_m2">
                    <value>1359.54</value>
                </Data>
            </ExtendedData>
            <Polygon id="4191473">
                <outerBoundaryIs>
                    <LinearRing id="4191477">
                        <coordinates>-78.85799069046428,33.90819872784115,0.0 -78.85854270954998,33.908188980970166,0.0 -78.85854689759326,33.90835385157495,0.0 -78.8579948785331,33.90836359848293,0.0 -78.85799069046428,33.90819872784115,0.0</coordinates>
                    </LinearRing>
                </outerBoundaryIs>
            </Polygon>
        </Placemark>
        <Placemark id="4191488">
            <name>29906020006.0</name>
            <description>PIN: 29906020006.0&lt;br&gt;Wetland %: 0.00&lt;br&gt;Flood %: 100.00&lt;br&gt;Parcel area (m²): 1359.55</description>
            <styleUrl>#4191493</styleUrl>
            <ExtendedData>
                <Data name="PIN">
                    <value>29906020006.0</value>
                </Data>
                <Data name="Wetland_%">
                    <value>0.00</value>
                </Data>
                <Data name="Flood_%">
                    <value>100.00</value>
                </Data>
                <Data name="Parcel_area_m2">
                    <value>1359.55</value>
                </Data>
            </ExtendedData>
            <Polygon id="4191487">
                <outerBoundaryIs>
                    <LinearRing id="4191491">
                        <coordinates>-78.8579948785331,33.90836359848293,0.0 -78.85854689759326,33.90835385157495,0.0 -78.85855108781514,33.90851872221057,0.0 -78.85799906659557,33.90852847001967,0.0 -78.8579948785331,33.90836359848293,0.0</coordinates>
                    </LinearRing>
                </outerBoundaryIs>
            </Polygon>
        </Placemark>
        <Placemark id="4191502">
            <name>29905010005.0</name>
            <description>PIN: 29905010005.0&lt;br&gt;Wetland %: 78.88&lt;br&gt;Flood %: 100.00&lt;br&gt;Parcel area (m²): 1454.36</description>
            <styleUrl>#4191507</styleUrl>
            <ExtendedData>
                <Data name="PIN">
                    <value>29905010005.0</value>
                </Data>
                <Data name="Wetland_%">
                    <value>78.88</value>
                </Data>
                <Data name="Flood_%">
                    <value>100.00</value>
                </Data>
                <Data name="Parcel_area_m2">
                    <value>1454.36</value>
                </Data>
            </ExtendedData>
            <Polygon id="4191501">
                <outerBoundaryIs>
                    <LinearRing id="4191505">
                        <coordinates>-78.8552037081152,33.90810772834396,0.0 -78.85541779385586,33.90811500477166,0.0 -78.85539530725801,33.9085749921507,0.0 -78.85526356042334,33.90857051337986,0.0 -78.85524931330427,33.90856898429667,0.0 -78.85523560047267,33.908565416203935,0.0 -78.85522284004577,33.908559916450514,0.0 -78.85521141836183,33.908552652263936,0.0 -78.85520168254592,33.908543845210254,0.0 -78.85519392884035,33.90853376197276,0.0 -78.85518839406723,33.908522709694495,0.0 -78.85518524402596,33.90851102405268,0.0 -78.85518457588088,33.90849906028062,0.0 -78.8552037081152,33.90810772834396,0.0</coordinates>
                    </LinearRing>
                </outerBoundaryIs>
            </Polygon>
        </Placemark>
        <Placemark id="4191516">
            <name>29905010004.0</name>
            <description>PIN: 29905010004.0&lt;br&gt;Wetland %: 25.25&lt;br&gt;Flood %: 100.00&lt;br&gt;Parcel area (m²): 1359.55</description>
            <styleUrl>#4191521</styleUrl>
            <ExtendedData>
                <Data name="PIN">
                    <value>29905010004.0</value>
                </Data>
                <Data name="Wetland_%">
                    <value>25.25</value>
                </Data>
                <Data name="Flood_%">
                    <value>100.00</value>
                </Data>
                <Data name="Parcel_area_m2">
                    <value>1359.55</value>
                </Data>
            </ExtendedData>
            <Polygon id="4191515">
                <outerBoundaryIs>
                    <LinearRing id="4191519">
                        <coordinates>-78.85539530725801,33.9085749921507,0.0 -78.85541779385586,33.90811500477166,0.0 -78.85561541253976,33.908121722620905,0.0 -78.85559292593626,33.908581709114856,0.0 -78.85542824370972,33.908576111366095,0.0 -78.85539530725801,33.9085749921507,0.0</coordinates>
                    </LinearRing>
                </outerBoundaryIs>
            </Polygon>
        </Placemark>
        <Placemark id="4191530">
            <name>29906020041.0</name>
            <description>PIN: 29906020041.0&lt;br&gt;Wetland %: 2.20&lt;br&gt;Flood %: 100.00&lt;br&gt;Parcel area (m²): 1359.55</description>
            <styleUrl>#4191535</styleUrl>
            <ExtendedData>
                <Data name="PIN">
                    <value>29906020041.0</value>
                </Data>
                <Data name="Wetland_%">
                    <value>2.20</value>
                </Data>
                <Data name="Flood_%">
                    <value>100.00</value>
                </Data>
                <Data name="Parcel_area_m2">
                    <value>1359.55</value>
                </Data>
            </ExtendedData>
            <Polygon id="4191529">
                <outerBoundaryIs>
                    <LinearRing id="4191533">
                        <coordinates>-78.85559292593626,33.908581709114856,0.0 -78.85561541253976,33.908121722620905,0.0 -78.85581302913685,33.90812843831462,0.0 -78.85579054572658,33.90858842578264,0.0 -78.85559292593626,33.908581709114856,0.0</coordinates>
                    </LinearRing>
                </outerBoundaryIs>
            </Polygon>
        </Placemark>
        <Placemark id="4191544">
            <name>29906020040.0</name>
            <description>PIN: 29906020040.0&lt;br&gt;Wetland %: 0.65&lt;br&gt;Flood %: 100.00&lt;br&gt;Parcel area (m²): 1359.55</description>
            <styleUrl>#4191549</styleUrl>
            <ExtendedData>
                <Data name="PIN">
                    <value>29906020040.0</value>
                </Data>
                <Data name="Wetland_%">
                    <value>0.65</value>
                </Data>
                <Data name="Flood_%">
                    <value>100.00</value>
                </Data>
                <Data name="Parcel_area_m2">
                    <value>1359.55</value>
                </Data>
            </ExtendedData>
            <Polygon id="4191543">
                <outerBoundaryIs>
                    <LinearRing id="4191547">
                        <coordinates>-78.85579054572658,33.90858842578264,0.0 -78.85581302913685,33.90812843831462,0.0 -78.85601064790474,33.90813515463221,0.0 -78.85598816338515,33.908595142097944,0.0 -78.85579054572658,33.90858842578264,0.0</coordinates>
                    </LinearRing>
                </outerBoundaryIs>
            </Polygon>
        </Placemark>
        <Placemark id="4191558">
            <name>29906020039.0</name>
            <description>PIN: 29906020039.0&lt;br&gt;Wetland %: 18.42&lt;br&gt;Flood %: 100.00&lt;br&gt;Parcel area (m²): 1359.55</description>
            <styleUrl>#4191563</styleUrl>
            <ExtendedData>
                <Data name="PIN">
                    <value>29906020039.0</value>
                </Data>
                <Data name="Wetland_%">
                    <value>18.42</value>
                </Data>
                <Data name="Flood_%">
                    <value>100.00</value>
                </Data>
                <Data name="Parcel_area_m2">
                    <value>1359.55</value>
                </Data>
            </ExtendedData>
            <Polygon id="4191557">
                <outerBoundaryIs>
                    <LinearRing id="4191561">
                        <coordinates>-78.85598816338515,33.908595142097944,0.0 -78.85601064790474,33.90813515463221,0.0 -78.85620826562226,33.908141870616,0.0 -78.85618578323708,33.90860185813554,0.0 -78.85598816338515,33.908595142097944,0.0</coordinates>
                    </LinearRing>
                </outerBoundaryIs>
            </Polygon>
        </Placemark>
        <Placemark id="4191572">
            <name>29906020038.0</name>
            <description>PIN: 29906020038.0&lt;br&gt;Wetland %: 20.08&lt;br&gt;Flood %: 100.00&lt;br&gt;Parcel area (m²): 1359.55</description>
            <styleUrl>#4191577</styleUrl>
            <ExtendedData>
                <Data name="PIN">
                    <value>29906020038.0</value>
                </Data>
                <Data name="Wetland_%">
                    <value>20.08</value>
                </Data>
                <Data name="Flood_%">
                    <value>100.00</value>
                </Data>
                <Data name="Parcel_area_m2">
                    <value>1359.55</value>
                </Data>
            </ExtendedData>
            <Polygon id="4191571">
                <outerBoundaryIs>
                    <LinearRing id="4191575">
                        <coordinates>-78.85618578323708,33.90860185813554,0.0 -78.85620826562226,33.908141870616,0.0 -78.85640588445182,33.90814858630343,0.0 -78.856383402061,33.90860857293789,0.0 -78.85618578323708,33.90860185813554,0.0</coordinates>
                    </LinearRing>
                </outerBoundaryIs>
            </Polygon>
        </Placemark>
        <Placemark id="4191586">
            <name>29906020055.0</name>
            <description>PIN: 29906020055.0&lt;br&gt;Wetland %: 6.09&lt;br&gt;Flood %: 100.00&lt;br&gt;Parcel area (m²): 226.59</description>
            <styleUrl>#4191591</styleUrl>
            <ExtendedData>
                <Data name="PIN">
                    <value>29906020055.0</value>
                </Data>
                <Data name="Wetland_%">
                    <value>6.09</value>
                </Data>
                <Data name="Flood_%">
                    <value>100.00</value>
                </Data>
                <Data name="Parcel_area_m2">
                    <value>226.59</value>
                </Data>
            </ExtendedData>
            <Polygon id="4191585">
                <outerBoundaryIs>
                    <LinearRing id="4191589">
                        <coordinates>-78.856383402061,33.90860857293789,0.0 -78.85640588445182,33.90814858630343,0.0 -78.85643882073124,33.90814970615195,0.0 -78.85641633853838,33.90860969189069,0.0 -78.856383402061,33.90860857293789,0.0</coordinates>
                    </LinearRing>
                </outerBoundaryIs>
            </Polygon>
        </Placemark>
        <Placemark id="4191600">
            <name>29906020037.0</name>
            <description>PIN: 29906020037.0&lt;br&gt;Wetland %: 0.03&lt;br&gt;Flood %: 100.00&lt;br&gt;Parcel area (m²): 1359.55</description>
            <styleUrl>#4191605</styleUrl>
            <ExtendedData>
                <Data name="PIN">
                    <value>29906020037.0</value>
                </Data>
                <Data name="Wetland_%">
                    <value>0.03</value>
                </Data>
                <Data name="Flood_%">
                    <value>100.00</value>
                </Data>
                <Data name="Parcel_area_m2">
                    <value>1359.55</value>
                </Data>
            </ExtendedData>
            <Polygon id="4191599">
                <outerBoundaryIs>
                    <LinearRing id="4191603">
                        <coordinates>-78.85641633853838,33.90860969189069,0.0 -78.85643882073124,33.90814970615195,0.0 -78.8566364385155,33.90815642145304,0.0 -78.8566139584346,33.90861640814719,0.0 -78.85641633853838,33.90860969189069,0.0</coordinates>
                    </LinearRing>
                </outerBoundaryIs>
            </Polygon>
        </Placemark>
        <Placemark id="4191614">
            <name>29906020036.0</name>
            <description>PIN: 29906020036.0&lt;br&gt;Wetland %: 0.00&lt;br&gt;Flood %: 100.00&lt;br&gt;Parcel area (m²): 1359.55</description>
            <styleUrl>#4191619</styleUrl>
            <ExtendedData>
                <Data name="PIN">
                    <value>29906020036.0</value>
                </Data>
                <Data name="Wetland_%">
                    <value>0.00</value>
                </Data>
                <Data name="Flood_%">
                    <value>100.00</value>
                </Data>
                <Data name="Parcel_area_m2">
                    <value>1359.55</value>
                </Data>
            </ExtendedData>
            <Polygon id="4191613">
                <outerBoundaryIs>
                    <LinearRing id="4191617">
                        <coordinates>-78.8566139584346,33.90861640814719,0.0 -78.8566364385155,33.90815642145304,0.0 -78.85683405741176,33.90816313645778,0.0 -78.85681157732519,33.90862312226675,0.0 -78.8566139584346,33.90861640814719,0.0</coordinates>
                    </LinearRing>
                </outerBoundaryIs>
            </Polygon>
        </Placemark>
        <Placemark id="4191628">
            <name>29906020035.0</name>
            <description>PIN: 29906020035.0&lt;br&gt;Wetland %: 0.00&lt;br&gt;Flood %: 100.00&lt;br&gt;Parcel area (m²): 1359.54</description>
            <styleUrl>#4191633</styleUrl>
            <ExtendedData>
                <Data name="PIN">
                    <value>29906020035.0</value>
                </Data>
                <Data name="Wetland_%">
                    <value>0.00</value>
                </Data>
                <Data name="Flood_%">
                    <value>100.00</value>
                </Data>
                <Data name="Parcel_area_m2">
                    <value>1359.54</value>
                </Data>
            </ExtendedData>
            <Polygon id="4191627">
                <outerBoundaryIs>
                    <LinearRing id="4191631">
                        <coordinates>-78.85681157732519,33.90862312226675,0.0 -78.85683405741176,33.90816313645778,0.0 -78.85703167417634,33.908169851110046,0.0 -78.85700919620177,33.908629837874386,0.0 -78.85681157732519,33.90862312226675,0.0</coordinates>
                    </LinearRing>
                </outerBoundaryIs>
            </Polygon>
        </Placemark>
        <Placemark id="4191642">
            <name>29906020034.0</name>
            <description>PIN: 29906020034.0&lt;br&gt;Wetland %: 0.00&lt;br&gt;Flood %: 100.00&lt;br&gt;Parcel area (m²): 1359.55</description>
            <styleUrl>#4191647</styleUrl>
            <ExtendedData>
                <Data name="PIN">
                    <value>29906020034.0</value>
                </Data>
                <Data name="Wetland_%">
                    <value>0.00</value>
                </Data>
                <Data name="Flood_%">
                    <value>100.00</value>
                </Data>
                <Data name="Parcel_area_m2">
                    <value>1359.55</value>
                </Data>
            </ExtendedData>
            <Polygon id="4191641">
                <outerBoundaryIs>
                    <LinearRing id="4191645">
                        <coordinates>-78.85700919620177,33.908629837874386,0.0 -78.85703167417634,33.908169851110046,0.0 -78.85722929313421,33.90817656548461,0.0 -78.85720681515399,33.90863655136382,0.0 -78.85700919620177,33.908629837874386,0.0</coordinates>
                    </LinearRing>
                </outerBoundaryIs>
            </Polygon>
        </Placemark>
        <Placemark id="4191656">
            <name>29906020033.0</name>
            <description>PIN: 29906020033.0&lt;br&gt;Wetland %: 0.00&lt;br&gt;Flood %: 100.00&lt;br&gt;Parcel area (m²): 1359.55</description>
            <styleUrl>#4191661</styleUrl>
            <ExtendedData>
                <Data name="PIN">
                    <value>29906020033.0</value>
                </Data>
                <Data name="Wetland_%">
                    <value>0.00</value>
                </Data>
                <Data name="Flood_%">
                    <value>100.00</value>
                </Data>
                <Data name="Parcel_area_m2">
                    <value>1359.55</value>
                </Data>
            </ExtendedData>
            <Polygon id="4191655">
                <outerBoundaryIs>
                    <LinearRing id="4191659">
                        <coordinates>-78.85720681515399,33.90863655136382,0.0 -78.85722929313421,33.90817656548461,0.0 -78.85739397473655,33.90818215993947,0.0 -78.85742691104161,33.90818327952542,0.0 -78.85740443409217,33.90864326634128,0.0 -78.85720681515399,33.90863655136382,0.0</coordinates>
                    </LinearRing>
                </outerBoundaryIs>
            </Polygon>
        </Placemark>
        <Placemark id="4191670">
            <name>29906020032.0</name>
            <description>PIN: 29906020032.0&lt;br&gt;Wetland %: 0.00&lt;br&gt;Flood %: 100.00&lt;br&gt;Parcel area (m²): 1359.55</description>
            <styleUrl>#4191675</styleUrl>
            <ExtendedData>
                <Data name="PIN">
                    <value>29906020032.0</value>
                </Data>
                <Data name="Wetland_%">
                    <value>0.00</value>
                </Data>
                <Data name="Flood_%">
                    <value>100.00</value>
                </Data>
                <Data name="Parcel_area_m2">
                    <value>1359.55</value>
                </Data>
            </ExtendedData>
            <Polygon id="4191669">
                <outerBoundaryIs>
                    <LinearRing id="4191673">
                        <coordinates>-78.85740443409217,33.90864326634128,0.0 -78.85742691104161,33.90818327952542,0.0 -78.8575915926696,33.9081888737177,0.0 -78.85762453008351,33.90818999236829,0.0 -78.85760205418724,33.908649979219284,0.0 -78.85740443409217,33.90864326634128,0.0</coordinates>
                    </LinearRing>
                </outerBoundaryIs>
            </Polygon>
        </Placemark>
        <Placemark id="4191684">
            <name>29906020031.0</name>
            <description>PIN: 29906020031.0&lt;br&gt;Wetland %: 0.00&lt;br&gt;Flood %: 100.00&lt;br&gt;Parcel area (m²): 1480.95</description>
            <styleUrl>#4191689</styleUrl>
            <ExtendedData>
                <Data name="PIN">
                    <value>29906020031.0</value>
                </Data>
                <Data name="Wetland_%">
                    <value>0.00</value>
                </Data>
                <Data name="Flood_%">
                    <value>100.00</value>
                </Data>
                <Data name="Parcel_area_m2">
                    <value>1480.95</value>
                </Data>
            </ExtendedData>
            <Polygon id="4191683">
                <outerBoundaryIs>
                    <LinearRing id="4191687">
                        <coordinates>-78.85760205418724,33.908649979219284,0.0 -78.85762453008351,33.90818999236829,0.0 -78.85782578711688,33.908196829108874,0.0 -78.85783564400839,33.90858489230149,0.0 -78.85783483259806,33.908596078279956,0.0 -78.85783185013668,33.90860700486042,0.0 -78.8578267773887,33.9086173821196,0.0 -78.8578197499493,33.908626933708675,0.0 -78.85781095369464,33.90863540579394,0.0 -78.85780062138159,33.908642573311404,0.0 -78.85778903035072,33.90864824533855,0.0 -78.85777648723167,33.90865227114371,0.0 -78.85776332677231,33.9086545437732,0.0 -78.85774989773746,33.90865500161168,0.0 -78.85760205418724,33.908649979219284,0.0</coordinates>
                    </LinearRing>
                </outerBoundaryIs>
            </Polygon>
        </Placemark>
        <Placemark id="4191698">
            <name>29906020005.0</name>
            <description>PIN: 29906020005.0&lt;br&gt;Wetland %: 0.00&lt;br&gt;Flood %: 100.00&lt;br&gt;Parcel area (m²): 1359.56</description>
            <styleUrl>#4191703</styleUrl>
            <ExtendedData>
                <Data name="PIN">
                    <value>29906020005.0</value>
                </Data>
                <Data name="Wetland_%">
                    <value>0.00</value>
                </Data>
                <Data name="Flood_%">
                    <value>100.00</value>
                </Data>
                <Data name="Parcel_area_m2">
                    <value>1359.56</value>
                </Data>
            </ExtendedData>
            <Polygon id="4191697">
                <outerBoundaryIs>
                    <LinearRing id="4191701">
                        <coordinates>-78.85799906659557,33.90852847001967,0.0 -78.85855108781514,33.90851872221057,0.0 -78.85855527586811,33.90868359370388,0.0 -78.85800325467406,33.90869334154989,0.0 -78.85799906659557,33.90852847001967,0.0</coordinates>
                    </LinearRing>
                </outerBoundaryIs>
            </Polygon>
        </Placemark>
        <Placemark id="4191712">
            <name>29906020004.0</name>
            <description>PIN: 29906020004.0&lt;br&gt;Wetland %: 0.00&lt;br&gt;Flood %: 100.00&lt;br&gt;Parcel area (m²): 1359.56</description>
            <styleUrl>#4191717</styleUrl>
            <ExtendedData>
                <Data name="PIN">
                    <value>29906020004.0</value>
                </Data>
                <Data name="Wetland_%">
                    <value>0.00</value>
                </Data>
                <Data name="Flood_%">
                    <value>100.00</value>
                </Data>
                <Data name="Parcel_area_m2">
                    <value>1359.56</value>
                </Data>
            </ExtendedData>
            <Polygon id="4191711">
                <outerBoundaryIs>
                    <LinearRing id="4191715">
                        <coordinates>-78.85800325467406,33.90869334154989,0.0 -78.85855527586811,33.90868359370388,0.0 -78.85855946609959,33.90884846522797,0.0 -78.85800744276855,33.90885821307357,0.0 -78.85800325467406,33.90869334154989,0.0</coordinates>
                    </LinearRing>
                </outerBoundaryIs>
            </Polygon>
        </Placemark>
        <Placemark id="4191726">
            <name>29906020003.0</name>
            <description>PIN: 29906020003.0&lt;br&gt;Wetland %: 0.00&lt;br&gt;Flood %: 100.00&lt;br&gt;Parcel area (m²): 1359.56</description>
            <styleUrl>#4191731</styleUrl>
            <ExtendedData>
                <Data name="PIN">
                    <value>29906020003.0</value>
                </Data>
                <Data name="Wetland_%">
                    <value>0.00</value>
                </Data>
                <Data name="Flood_%">
                    <value>100.00</value>
                </Data>
                <Data name="Parcel_area_m2">
                    <value>1359.56</value>
                </Data>
            </ExtendedData>
            <Polygon id="4191725">
                <outerBoundaryIs>
                    <LinearRing id="4191729">
                        <coordinates>-78.85800744276855,33.90885821307357,0.0 -78.85855946609959,33.90884846522797,0.0 -78.85856365420706,33.90901333580661,0.0 -78.85801163090152,33.90902308368918,0.0 -78.85800744276855,33.90885821307357,0.0</coordinates>
                    </LinearRing>
                </outerBoundaryIs>
            </Polygon>
        </Placemark>
        <Placemark id="4191740">
            <name>29906020002.0</name>
            <description>PIN: 29906020002.0&lt;br&gt;Wetland %: 0.00&lt;br&gt;Flood %: 100.00&lt;br&gt;Parcel area (m²): 1359.57</description>
            <styleUrl>#4191745</styleUrl>
            <ExtendedData>
                <Data name="PIN">
                    <value>29906020002.0</value>
                </Data>
                <Data name="Wetland_%">
                    <value>0.00</value>
                </Data>
                <Data name="Flood_%">
                    <value>100.00</value>
                </Data>
                <Data name="Parcel_area_m2">
                    <value>1359.57</value>
                </Data>
            </ExtendedData>
            <Polygon id="4191739">
                <outerBoundaryIs>
                    <LinearRing id="4191743">
                        <coordinates>-78.85801163090152,33.90902308368918,0.0 -78.85856365420706,33.90901333580661,0.0 -78.85856784447061,33.90917820731762,0.0 -78.8580158201318,33.90918795431694,0.0 -78.85801163090152,33.90902308368918,0.0</coordinates>
                    </LinearRing>
                </outerBoundaryIs>
            </Polygon>
        </Placemark>
        <Placemark id="4191754">
            <name>29905010006.0</name>
            <description>PIN: 29905010006.0&lt;br&gt;Wetland %: 60.15&lt;br&gt;Flood %: 100.00&lt;br&gt;Parcel area (m²): 1454.45</description>
            <styleUrl>#4191759</styleUrl>
            <ExtendedData>
                <Data name="PIN">
                    <value>29905010006.0</value>
                </Data>
                <Data name="Wetland_%">
                    <value>60.15</value>
                </Data>
                <Data name="Flood_%">
                    <value>100.00</value>
                </Data>
                <Data name="Parcel_area_m2">
                    <value>1454.45</value>
                </Data>
            </ExtendedData>
            <Polygon id="4191753">
                <outerBoundaryIs>
                    <LinearRing id="4191757">
                        <coordinates>-78.85515201812437,33.90916501100051,0.0 -78.85517115065439,33.9087736791302,0.0 -78.85517268926183,33.90876297384385,0.0 -78.85517621754182,33.9087526006241,0.0 -78.85518164908454,33.9087428150218,0.0 -78.85518884913802,33.90873385912431,0.0 -78.85519764132016,33.908725952652375,0.0 -78.85520780770867,33.908719289354146,0.0 -78.85521910077956,33.908714035408074,0.0 -78.8552312393516,33.90871031852958,0.0 -78.85524392584132,33.90870823007359,0.0 -78.85525684847046,33.90870782326913,0.0 -78.85538859445593,33.90871230112675,0.0 -78.85536610756877,33.90917228753435,0.0 -78.85515201812437,33.90916501100051,0.0</coordinates>
                    </LinearRing>
                </outerBoundaryIs>
            </Polygon>
        </Placemark>
        <Placemark id="4191768">
            <name>29905010007.0</name>
            <description>PIN: 29905010007.0&lt;br&gt;Wetland %: 63.29&lt;br&gt;Flood %: 100.00&lt;br&gt;Parcel area (m²): 1370.89</description>
            <styleUrl>#4191773</styleUrl>
            <ExtendedData>
                <Data name="PIN">
                    <value>29905010007.0</value>
                </Data>
                <Data name="Wetland_%">
                    <value>63.29</value>
                </Data>
                <Data name="Flood_%">
                    <value>100.00</value>
                </Data>
                <Data name="Parcel_area_m2">
                    <value>1370.89</value>
                </Data>
            </ExtendedData>
            <Polygon id="4191767">
                <outerBoundaryIs>
                    <LinearRing id="4191771">
                        <coordinates>-78.85536610756877,33.90917228753435,0.0 -78.85538859445593,33.90871230112675,0.0 -78.85542153093759,33.908713421245395,0.0 -78.85558786060842,33.90871907365974,0.0 -78.85556537370196,33.90917906008405,0.0 -78.85536610756877,33.90917228753435,0.0</coordinates>
                    </LinearRing>
                </outerBoundaryIs>
            </Polygon>
        </Placemark>
        <Placemark id="4191782">
            <name>29906020042.0</name>
            <description>PIN: 29906020042.0&lt;br&gt;Wetland %: 25.69&lt;br&gt;Flood %: 100.00&lt;br&gt;Parcel area (m²): 1370.90</description>
            <styleUrl>#4191787</styleUrl>
            <ExtendedData>
                <Data name="PIN">
                    <value>29906020042.0</value>
                </Data>
                <Data name="Wetland_%">
                    <value>25.69</value>
                </Data>
                <Data name="Flood_%">
                    <value>100.00</value>
                </Data>
                <Data name="Parcel_area_m2">
                    <value>1370.90</value>
                </Data>
            </ExtendedData>
            <Polygon id="4191781">
                <outerBoundaryIs>
                    <LinearRing id="4191785">
                        <coordinates>-78.85570370795084,33.90918376252654,0.0 -78.85556537370196,33.90917906008405,0.0 -78.85558786060842,33.90871907365974,0.0 -78.85578712676987,33.90872584677396,0.0 -78.8557646420066,33.909185833252366,0.0 -78.85570370795084,33.90918376252654,0.0</coordinates>
                    </LinearRing>
                </outerBoundaryIs>
            </Polygon>
        </Placemark>
    </Document>
</kml>
