<?xml version="1.0" encoding="UTF-8"?>
<kml xmlns="http://www.opengis.net/kml/2.2" xmlns:gx="http://www.google.com/kml/ext/2.2">
    <Document id="2344480">
        <Style id="2344487">
            <LineStyle id="2344489">
                <color>ffffffff</color>
                <colorMode>normal</colorMode>
                <width>1</width>
            </LineStyle>
            <PolyStyle id="2344488">
                <color>80008000</color>
                <colorMode>normal</colorMode>
                <fill>1</fill>
                <outline>1</outline>
            </PolyStyle>
        </Style>
        <Style id="2344501">
            <LineStyle id="2344503">
                <color>ffffffff</color>
                <colorMode>normal</colorMode>
                <width>1</width>
            </LineStyle>
            <PolyStyle id="2344502">
                <color>80008000</color>
                <colorMode>normal</colorMode>
                <fill>1</fill>
                <outline>1</outline>
            </PolyStyle>
        </Style>
        <Style id="2344515">
            <LineStyle id="2344517">
                <color>ffffffff</color>
                <colorMode>normal</colorMode>
                <width>1</width>
            </LineStyle>
            <PolyStyle id="2344516">
                <color>80008000</color>
                <colorMode>normal</colorMode>
                <fill>1</fill>
                <outline>1</outline>
            </PolyStyle>
        </Style>
        <Style id="2344529">
            <LineStyle id="2344531">
                <color>ffffffff</color>
                <colorMode>normal</colorMode>
                <width>1</width>
            </LineStyle>
            <PolyStyle id="2344530">
                <color>80008000</color>
                <colorMode>normal</colorMode>
                <fill>1</fill>
                <outline>1</outline>
            </PolyStyle>
        </Style>
        <Style id="2344543">
            <LineStyle id="2344545">
                <color>ffffffff</color>
                <colorMode>normal</colorMode>
                <width>1</width>
            </LineStyle>
            <PolyStyle id="2344544">
                <color>80008000</color>
                <colorMode>normal</colorMode>
                <fill>1</fill>
                <outline>1</outline>
            </PolyStyle>
        </Style>
        <Style id="2344557">
            <LineStyle id="2344559">
                <color>ffffffff</color>
                <colorMode>normal</colorMode>
                <width>1</width>
            </LineStyle>
            <PolyStyle id="2344558">
                <color>80008000</color>
                <colorMode>normal</colorMode>
                <fill>1</fill>
                <outline>1</outline>
            </PolyStyle>
        </Style>
        <Style id="2344571">
            <LineStyle id="2344573">
                <color>ffffffff</color>
                <colorMode>normal</colorMode>
                <width>1</width>
            </LineStyle>
            <PolyStyle id="2344572">
                <color>80008000</color>
                <colorMode>normal</colorMode>
                <fill>1</fill>
                <outline>1</outline>
            </PolyStyle>
        </Style>
        <Style id="2344585">
            <LineStyle id="2344587">
                <color>ffffffff</color>
                <colorMode>normal</colorMode>
                <width>1</width>
            </LineStyle>
            <PolyStyle id="2344586">
                <color>80008000</color>
                <colorMode>normal</colorMode>
                <fill>1</fill>
                <outline>1</outline>
            </PolyStyle>
        </Style>
        <Style id="2344599">
            <LineStyle id="2344601">
                <color>ffffffff</color>
                <colorMode>normal</colorMode>
                <width>1</width>
            </LineStyle>
            <PolyStyle id="2344600">
                <color>80008000</color>
                <colorMode>normal</colorMode>
                <fill>1</fill>
                <outline>1</outline>
            </PolyStyle>
        </Style>
        <Style id="2344613">
            <LineStyle id="2344615">
                <color>ffffffff</color>
                <colorMode>normal</colorMode>
                <width>1</width>
            </LineStyle>
            <PolyStyle id="2344614">
                <color>80008000</color>
                <colorMode>normal</colorMode>
                <fill>1</fill>
                <outline>1</outline>
            </PolyStyle>
        </Style>
        <Style id="2344627">
            <LineStyle id="2344629">
                <color>ffffffff</color>
                <colorMode>normal</colorMode>
                <width>1</width>
            </LineStyle>
            <PolyStyle id="2344628">
                <color>80008000</color>
                <colorMode>normal</colorMode>
                <fill>1</fill>
                <outline>1</outline>
            </PolyStyle>
        </Style>
        <Style id="2344641">
            <LineStyle id="2344643">
                <color>ffffffff</color>
                <colorMode>normal</colorMode>
                <width>1</width>
            </LineStyle>
            <PolyStyle id="2344642">
                <color>80008000</color>
                <colorMode>normal</colorMode>
                <fill>1</fill>
                <outline>1</outline>
            </PolyStyle>
        </Style>
        <Style id="2344655">
            <LineStyle id="2344657">
                <color>ffffffff</color>
                <colorMode>normal</colorMode>
                <width>1</width>
            </LineStyle>
            <PolyStyle id="2344656">
                <color>80008000</color>
                <colorMode>normal</colorMode>
                <fill>1</fill>
                <outline>1</outline>
            </PolyStyle>
        </Style>
        <Style id="2344669">
            <LineStyle id="2344671">
                <color>ffffffff</color>
                <colorMode>normal</colorMode>
                <width>1</width>
            </LineStyle>
            <PolyStyle id="2344670">
                <color>80008000</color>
                <colorMode>normal</colorMode>
                <fill>1</fill>
                <outline>1</outline>
            </PolyStyle>
        </Style>
        <Style id="2344683">
            <LineStyle id="2344685">
                <color>ffffffff</color>
                <colorMode>normal</colorMode>
                <width>1</width>
            </LineStyle>
            <PolyStyle id="2344684">
                <color>80008000</color>
                <colorMode>normal</colorMode>
                <fill>1</fill>
                <outline>1</outline>
            </PolyStyle>
        </Style>
        <Style id="2344697">
            <LineStyle id="2344699">
                <color>ffffffff</color>
                <colorMode>normal</colorMode>
                <width>1</width>
            </LineStyle>
            <PolyStyle id="2344698">
                <color>80008000</color>
                <colorMode>normal</colorMode>
                <fill>1</fill>
                <outline>1</outline>
            </PolyStyle>
        </Style>
        <Style id="2344706">
            <LineStyle id="2344708">
                <color>ffffffff</color>
                <colorMode>normal</colorMode>
                <width>1</width>
            </LineStyle>
            <PolyStyle id="2344707">
                <color>80008000</color>
                <colorMode>normal</colorMode>
                <fill>1</fill>
                <outline>1</outline>
            </PolyStyle>
        </Style>
        <Style id="2344720">
            <LineStyle id="2344722">
                <color>ffffffff</color>
                <colorMode>normal</colorMode>
                <width>1</width>
            </LineStyle>
            <PolyStyle id="2344721">
                <color>8000a5ff</color>
                <colorMode>normal</colorMode>
                <fill>1</fill>
                <outline>1</outline>
            </PolyStyle>
        </Style>
        <Style id="2344734">
            <LineStyle id="2344736">
                <color>ffffffff</color>
                <colorMode>normal</colorMode>
                <width>1</width>
            </LineStyle>
            <PolyStyle id="2344735">
                <color>8000a5ff</color>
                <colorMode>normal</colorMode>
                <fill>1</fill>
                <outline>1</outline>
            </PolyStyle>
        </Style>
        <Style id="2344748">
            <LineStyle id="2344750">
                <color>ffffffff</color>
                <colorMode>normal</colorMode>
                <width>1</width>
            </LineStyle>
            <PolyStyle id="2344749">
                <color>80008000</color>
                <colorMode>normal</colorMode>
                <fill>1</fill>
                <outline>1</outline>
            </PolyStyle>
        </Style>
        <Style id="2344762">
            <LineStyle id="2344764">
                <color>ffffffff</color>
                <colorMode>normal</colorMode>
                <width>1</width>
            </LineStyle>
            <PolyStyle id="2344763">
                <color>80008000</color>
                <colorMode>normal</colorMode>
                <fill>1</fill>
                <outline>1</outline>
            </PolyStyle>
        </Style>
        <Style id="2344776">
            <LineStyle id="2344778">
                <color>ffffffff</color>
                <colorMode>normal</colorMode>
                <width>1</width>
            </LineStyle>
            <PolyStyle id="2344777">
                <color>80008000</color>
                <colorMode>normal</colorMode>
                <fill>1</fill>
                <outline>1</outline>
            </PolyStyle>
        </Style>
        <Style id="2344790">
            <LineStyle id="2344792">
                <color>ffffffff</color>
                <colorMode>normal</colorMode>
                <width>1</width>
            </LineStyle>
            <PolyStyle id="2344791">
                <color>8000a5ff</color>
                <colorMode>normal</colorMode>
                <fill>1</fill>
                <outline>1</outline>
            </PolyStyle>
        </Style>
        <Style id="2344804">
            <LineStyle id="2344806">
                <color>ffffffff</color>
                <colorMode>normal</colorMode>
                <width>1</width>
            </LineStyle>
            <PolyStyle id="2344805">
                <color>80008000</color>
                <colorMode>normal</colorMode>
                <fill>1</fill>
                <outline>1</outline>
            </PolyStyle>
        </Style>
        <Style id="2344818">
            <LineStyle id="2344820">
                <color>ffffffff</color>
                <colorMode>normal</colorMode>
                <width>1</width>
            </LineStyle>
            <PolyStyle id="2344819">
                <color>80008000</color>
                <colorMode>normal</colorMode>
                <fill>1</fill>
                <outline>1</outline>
            </PolyStyle>
        </Style>
        <Style id="2344832">
            <LineStyle id="2344834">
                <color>ffffffff</color>
                <colorMode>normal</colorMode>
                <width>1</width>
            </LineStyle>
            <PolyStyle id="2344833">
                <color>80008000</color>
                <colorMode>normal</colorMode>
                <fill>1</fill>
                <outline>1</outline>
            </PolyStyle>
        </Style>
        <Style id="2344846">
            <LineStyle id="2344848">
                <color>ffffffff</color>
                <colorMode>normal</colorMode>
                <width>1</width>
            </LineStyle>
            <PolyStyle id="2344847">
                <color>8000a5ff</color>
                <colorMode>normal</colorMode>
                <fill>1</fill>
                <outline>1</outline>
            </PolyStyle>
        </Style>
        <Style id="2344860">
            <LineStyle id="2344862">
                <color>ffffffff</color>
                <colorMode>normal</colorMode>
                <width>1</width>
            </LineStyle>
            <PolyStyle id="2344861">
                <color>800000ff</color>
                <colorMode>normal</colorMode>
                <fill>1</fill>
                <outline>1</outline>
            </PolyStyle>
        </Style>
        <Style id="2344874">
            <LineStyle id="2344876">
                <color>ffffffff</color>
                <colorMode>normal</colorMode>
                <width>1</width>
            </LineStyle>
            <PolyStyle id="2344875">
                <color>8000a5ff</color>
                <colorMode>normal</colorMode>
                <fill>1</fill>
                <outline>1</outline>
            </PolyStyle>
        </Style>
        <Style id="2344888">
            <LineStyle id="2344890">
                <color>ffffffff</color>
                <colorMode>normal</colorMode>
                <width>1</width>
            </LineStyle>
            <PolyStyle id="2344889">
                <color>8000a5ff</color>
                <colorMode>normal</colorMode>
                <fill>1</fill>
                <outline>1</outline>
            </PolyStyle>
        </Style>
        <Style id="2344902">
            <LineStyle id="2344904">
                <color>ffffffff</color>
                <colorMode>normal</colorMode>
                <width>1</width>
            </LineStyle>
            <PolyStyle id="2344903">
                <color>800000ff</color>
                <colorMode>normal</colorMode>
                <fill>1</fill>
                <outline>1</outline>
            </PolyStyle>
        </Style>
        <Style id="2344916">
            <LineStyle id="2344918">
                <color>ffffffff</color>
                <colorMode>normal</colorMode>
                <width>1</width>
            </LineStyle>
            <PolyStyle id="2344917">
                <color>800000ff</color>
                <colorMode>normal</colorMode>
                <fill>1</fill>
                <outline>1</outline>
            </PolyStyle>
        </Style>
        <Style id="2344930">
            <LineStyle id="2344932">
                <color>ffffffff</color>
                <colorMode>normal</colorMode>
                <width>1</width>
            </LineStyle>
            <PolyStyle id="2344931">
                <color>800000ff</color>
                <colorMode>normal</colorMode>
                <fill>1</fill>
                <outline>1</outline>
            </PolyStyle>
        </Style>
        <Style id="2344944">
            <LineStyle id="2344946">
                <color>ffffffff</color>
                <colorMode>normal</colorMode>
                <width>1</width>
            </LineStyle>
            <PolyStyle id="2344945">
                <color>800000ff</color>
                <colorMode>normal</colorMode>
                <fill>1</fill>
                <outline>1</outline>
            </PolyStyle>
        </Style>
        <Style id="2344958">
            <LineStyle id="2344960">
                <color>ffffffff</color>
                <colorMode>normal</colorMode>
                <width>1</width>
            </LineStyle>
            <PolyStyle id="2344959">
                <color>800000ff</color>
                <colorMode>normal</colorMode>
                <fill>1</fill>
                <outline>1</outline>
            </PolyStyle>
        </Style>
        <Style id="2344972">
            <LineStyle id="2344974">
                <color>ffffffff</color>
                <colorMode>normal</colorMode>
                <width>1</width>
            </LineStyle>
            <PolyStyle id="2344973">
                <color>800000ff</color>
                <colorMode>normal</colorMode>
                <fill>1</fill>
                <outline>1</outline>
            </PolyStyle>
        </Style>
        <Style id="2344986">
            <LineStyle id="2344988">
                <color>ffffffff</color>
                <colorMode>normal</colorMode>
                <width>1</width>
            </LineStyle>
            <PolyStyle id="2344987">
                <color>80008000</color>
                <colorMode>normal</colorMode>
                <fill>1</fill>
                <outline>1</outline>
            </PolyStyle>
        </Style>
        <Style id="2345000">
            <LineStyle id="2345002">
                <color>ffffffff</color>
                <colorMode>normal</colorMode>
                <width>1</width>
            </LineStyle>
            <PolyStyle id="2345001">
                <color>80008000</color>
                <colorMode>normal</colorMode>
                <fill>1</fill>
                <outline>1</outline>
            </PolyStyle>
        </Style>
        <Style id="2345014">
            <LineStyle id="2345016">
                <color>ffffffff</color>
                <colorMode>normal</colorMode>
                <width>1</width>
            </LineStyle>
            <PolyStyle id="2345015">
                <color>80008000</color>
                <colorMode>normal</colorMode>
                <fill>1</fill>
                <outline>1</outline>
            </PolyStyle>
        </Style>
        <Style id="2345028">
            <LineStyle id="2345030">
                <color>ffffffff</color>
                <colorMode>normal</colorMode>
                <width>1</width>
            </LineStyle>
            <PolyStyle id="2345029">
                <color>80008000</color>
                <colorMode>normal</colorMode>
                <fill>1</fill>
                <outline>1</outline>
            </PolyStyle>
        </Style>
        <Style id="2345042">
            <LineStyle id="2345044">
                <color>ffffffff</color>
                <colorMode>normal</colorMode>
                <width>1</width>
            </LineStyle>
            <PolyStyle id="2345043">
                <color>80008000</color>
                <colorMode>normal</colorMode>
                <fill>1</fill>
                <outline>1</outline>
            </PolyStyle>
        </Style>
        <Style id="2345056">
            <LineStyle id="2345058">
                <color>ffffffff</color>
                <colorMode>normal</colorMode>
                <width>1</width>
            </LineStyle>
            <PolyStyle id="2345057">
                <color>80008000</color>
                <colorMode>normal</colorMode>
                <fill>1</fill>
                <outline>1</outline>
            </PolyStyle>
        </Style>
        <Style id="2345070">
            <LineStyle id="2345072">
                <color>ffffffff</color>
                <colorMode>normal</colorMode>
                <width>1</width>
            </LineStyle>
            <PolyStyle id="2345071">
                <color>80008000</color>
                <colorMode>normal</colorMode>
                <fill>1</fill>
                <outline>1</outline>
            </PolyStyle>
        </Style>
        <Style id="2345084">
            <LineStyle id="2345086">
                <color>ffffffff</color>
                <colorMode>normal</colorMode>
                <width>1</width>
            </LineStyle>
            <PolyStyle id="2345085">
                <color>80008000</color>
                <colorMode>normal</colorMode>
                <fill>1</fill>
                <outline>1</outline>
            </PolyStyle>
        </Style>
        <Style id="2345098">
            <LineStyle id="2345100">
                <color>ffffffff</color>
                <colorMode>normal</colorMode>
                <width>1</width>
            </LineStyle>
            <PolyStyle id="2345099">
                <color>80008000</color>
                <colorMode>normal</colorMode>
                <fill>1</fill>
                <outline>1</outline>
            </PolyStyle>
        </Style>
        <Style id="2345112">
            <LineStyle id="2345114">
                <color>ffffffff</color>
                <colorMode>normal</colorMode>
                <width>1</width>
            </LineStyle>
            <PolyStyle id="2345113">
                <color>8000a5ff</color>
                <colorMode>normal</colorMode>
                <fill>1</fill>
                <outline>1</outline>
            </PolyStyle>
        </Style>
        <Style id="2345126">
            <LineStyle id="2345128">
                <color>ffffffff</color>
                <colorMode>normal</colorMode>
                <width>1</width>
            </LineStyle>
            <PolyStyle id="2345127">
                <color>800000ff</color>
                <colorMode>normal</colorMode>
                <fill>1</fill>
                <outline>1</outline>
            </PolyStyle>
        </Style>
        <Style id="2345140">
            <LineStyle id="2345142">
                <color>ffffffff</color>
                <colorMode>normal</colorMode>
                <width>1</width>
            </LineStyle>
            <PolyStyle id="2345141">
                <color>8000a5ff</color>
                <colorMode>normal</colorMode>
                <fill>1</fill>
                <outline>1</outline>
            </PolyStyle>
        </Style>
        <Style id="2345154">
            <LineStyle id="2345156">
                <color>ffffffff</color>
                <colorMode>normal</colorMode>
                <width>1</width>
            </LineStyle>
            <PolyStyle id="2345155">
                <color>8000a5ff</color>
                <colorMode>normal</colorMode>
                <fill>1</fill>
                <outline>1</outline>
            </PolyStyle>
        </Style>
        <Style id="2345168">
            <LineStyle id="2345170">
                <color>ffffffff</color>
                <colorMode>normal</colorMode>
                <width>1</width>
            </LineStyle>
            <PolyStyle id="2345169">
                <color>8000a5ff</color>
                <colorMode>normal</colorMode>
                <fill>1</fill>
                <outline>1</outline>
            </PolyStyle>
        </Style>
        <Style id="2345182">
            <LineStyle id="2345184">
                <color>ffffffff</color>
                <colorMode>normal</colorMode>
                <width>1</width>
            </LineStyle>
            <PolyStyle id="2345183">
                <color>800000ff</color>
                <colorMode>normal</colorMode>
                <fill>1</fill>
                <outline>1</outline>
            </PolyStyle>
        </Style>
        <Style id="2345196">
            <LineStyle id="2345198">
                <color>ffffffff</color>
                <colorMode>normal</colorMode>
                <width>1</width>
            </LineStyle>
            <PolyStyle id="2345197">
                <color>800000ff</color>
                <colorMode>normal</colorMode>
                <fill>1</fill>
                <outline>1</outline>
            </PolyStyle>
        </Style>
        <Style id="2345210">
            <LineStyle id="2345212">
                <color>ffffffff</color>
                <colorMode>normal</colorMode>
                <width>1</width>
            </LineStyle>
            <PolyStyle id="2345211">
                <color>800000ff</color>
                <colorMode>normal</colorMode>
                <fill>1</fill>
                <outline>1</outline>
            </PolyStyle>
        </Style>
        <Style id="2345224">
            <LineStyle id="2345226">
                <color>ffffffff</color>
                <colorMode>normal</colorMode>
                <width>1</width>
            </LineStyle>
            <PolyStyle id="2345225">
                <color>800000ff</color>
                <colorMode>normal</colorMode>
                <fill>1</fill>
                <outline>1</outline>
            </PolyStyle>
        </Style>
        <Style id="2345238">
            <LineStyle id="2345240">
                <color>ffffffff</color>
                <colorMode>normal</colorMode>
                <width>1</width>
            </LineStyle>
            <PolyStyle id="2345239">
                <color>80008000</color>
                <colorMode>normal</colorMode>
                <fill>1</fill>
                <outline>1</outline>
            </PolyStyle>
        </Style>
        <Style id="2345252">
            <LineStyle id="2345254">
                <color>ffffffff</color>
                <colorMode>normal</colorMode>
                <width>1</width>
            </LineStyle>
            <PolyStyle id="2345253">
                <color>80008000</color>
                <colorMode>normal</colorMode>
                <fill>1</fill>
                <outline>1</outline>
            </PolyStyle>
        </Style>
        <Style id="2345266">
            <LineStyle id="2345268">
                <color>ffffffff</color>
                <colorMode>normal</colorMode>
                <width>1</width>
            </LineStyle>
            <PolyStyle id="2345267">
                <color>80008000</color>
                <colorMode>normal</colorMode>
                <fill>1</fill>
                <outline>1</outline>
            </PolyStyle>
        </Style>
        <Style id="2345280">
            <LineStyle id="2345282">
                <color>ffffffff</color>
                <colorMode>normal</colorMode>
                <width>1</width>
            </LineStyle>
            <PolyStyle id="2345281">
                <color>80008000</color>
                <colorMode>normal</colorMode>
                <fill>1</fill>
                <outline>1</outline>
            </PolyStyle>
        </Style>
        <Style id="2345294">
            <LineStyle id="2345296">
                <color>ffffffff</color>
                <colorMode>normal</colorMode>
                <width>1</width>
            </LineStyle>
            <PolyStyle id="2345295">
                <color>80008000</color>
                <colorMode>normal</colorMode>
                <fill>1</fill>
                <outline>1</outline>
            </PolyStyle>
        </Style>
        <Style id="2345308">
            <LineStyle id="2345310">
                <color>ffffffff</color>
                <colorMode>normal</colorMode>
                <width>1</width>
            </LineStyle>
            <PolyStyle id="2345309">
                <color>80008000</color>
                <colorMode>normal</colorMode>
                <fill>1</fill>
                <outline>1</outline>
            </PolyStyle>
        </Style>
        <Style id="2345322">
            <LineStyle id="2345324">
                <color>ffffffff</color>
                <colorMode>normal</colorMode>
                <width>1</width>
            </LineStyle>
            <PolyStyle id="2345323">
                <color>80008000</color>
                <colorMode>normal</colorMode>
                <fill>1</fill>
                <outline>1</outline>
            </PolyStyle>
        </Style>
        <Style id="2345336">
            <LineStyle id="2345338">
                <color>ffffffff</color>
                <colorMode>normal</colorMode>
                <width>1</width>
            </LineStyle>
            <PolyStyle id="2345337">
                <color>80008000</color>
                <colorMode>normal</colorMode>
                <fill>1</fill>
                <outline>1</outline>
            </PolyStyle>
        </Style>
        <Style id="2345350">
            <LineStyle id="2345352">
                <color>ffffffff</color>
                <colorMode>normal</colorMode>
                <width>1</width>
            </LineStyle>
            <PolyStyle id="2345351">
                <color>80008000</color>
                <colorMode>normal</colorMode>
                <fill>1</fill>
                <outline>1</outline>
            </PolyStyle>
        </Style>
        <Style id="2345364">
            <LineStyle id="2345366">
                <color>ffffffff</color>
                <colorMode>normal</colorMode>
                <width>1</width>
            </LineStyle>
            <PolyStyle id="2345365">
                <color>80008000</color>
                <colorMode>normal</colorMode>
                <fill>1</fill>
                <outline>1</outline>
            </PolyStyle>
        </Style>
        <Style id="2345378">
            <LineStyle id="2345380">
                <color>ffffffff</color>
                <colorMode>normal</colorMode>
                <width>1</width>
            </LineStyle>
            <PolyStyle id="2345379">
                <color>80008000</color>
                <colorMode>normal</colorMode>
                <fill>1</fill>
                <outline>1</outline>
            </PolyStyle>
        </Style>
        <Style id="2345392">
            <LineStyle id="2345394">
                <color>ffffffff</color>
                <colorMode>normal</colorMode>
                <width>1</width>
            </LineStyle>
            <PolyStyle id="2345393">
                <color>80008000</color>
                <colorMode>normal</colorMode>
                <fill>1</fill>
                <outline>1</outline>
            </PolyStyle>
        </Style>
        <Style id="2345406">
            <LineStyle id="2345408">
                <color>ffffffff</color>
                <colorMode>normal</colorMode>
                <width>1</width>
            </LineStyle>
            <PolyStyle id="2345407">
                <color>80008000</color>
                <colorMode>normal</colorMode>
                <fill>1</fill>
                <outline>1</outline>
            </PolyStyle>
        </Style>
        <Style id="2345420">
            <LineStyle id="2345422">
                <color>ffffffff</color>
                <colorMode>normal</colorMode>
                <width>1</width>
            </LineStyle>
            <PolyStyle id="2345421">
                <color>80008000</color>
                <colorMode>normal</colorMode>
                <fill>1</fill>
                <outline>1</outline>
            </PolyStyle>
        </Style>
        <Style id="2345434">
            <LineStyle id="2345436">
                <color>ffffffff</color>
                <colorMode>normal</colorMode>
                <width>1</width>
            </LineStyle>
            <PolyStyle id="2345435">
                <color>80008000</color>
                <colorMode>normal</colorMode>
                <fill>1</fill>
                <outline>1</outline>
            </PolyStyle>
        </Style>
        <Style id="2345448">
            <LineStyle id="2345450">
                <color>ffffffff</color>
                <colorMode>normal</colorMode>
                <width>1</width>
            </LineStyle>
            <PolyStyle id="2345449">
                <color>80008000</color>
                <colorMode>normal</colorMode>
                <fill>1</fill>
                <outline>1</outline>
            </PolyStyle>
        </Style>
        <Style id="2345462">
            <LineStyle id="2345464">
                <color>ffffffff</color>
                <colorMode>normal</colorMode>
                <width>1</width>
            </LineStyle>
            <PolyStyle id="2345463">
                <color>8000a5ff</color>
                <colorMode>normal</colorMode>
                <fill>1</fill>
                <outline>1</outline>
            </PolyStyle>
        </Style>
        <Style id="2345476">
            <LineStyle id="2345478">
                <color>ffffffff</color>
                <colorMode>normal</colorMode>
                <width>1</width>
            </LineStyle>
            <PolyStyle id="2345477">
                <color>8000a5ff</color>
                <colorMode>normal</colorMode>
                <fill>1</fill>
                <outline>1</outline>
            </PolyStyle>
        </Style>
        <Style id="2345490">
            <LineStyle id="2345492">
                <color>ffffffff</color>
                <colorMode>normal</colorMode>
                <width>1</width>
            </LineStyle>
            <PolyStyle id="2345491">
                <color>8000a5ff</color>
                <colorMode>normal</colorMode>
                <fill>1</fill>
                <outline>1</outline>
            </PolyStyle>
        </Style>
        <Style id="2345504">
            <LineStyle id="2345506">
                <color>ffffffff</color>
                <colorMode>normal</colorMode>
                <width>1</width>
            </LineStyle>
            <PolyStyle id="2345505">
                <color>8000a5ff</color>
                <colorMode>normal</colorMode>
                <fill>1</fill>
                <outline>1</outline>
            </PolyStyle>
        </Style>
        <Style id="2345518">
            <LineStyle id="2345520">
                <color>ffffffff</color>
                <colorMode>normal</colorMode>
                <width>1</width>
            </LineStyle>
            <PolyStyle id="2345519">
                <color>8000a5ff</color>
                <colorMode>normal</colorMode>
                <fill>1</fill>
                <outline>1</outline>
            </PolyStyle>
        </Style>
        <Style id="2345532">
            <LineStyle id="2345534">
                <color>ffffffff</color>
                <colorMode>normal</colorMode>
                <width>1</width>
            </LineStyle>
            <PolyStyle id="2345533">
                <color>8000a5ff</color>
                <colorMode>normal</colorMode>
                <fill>1</fill>
                <outline>1</outline>
            </PolyStyle>
        </Style>
        <Style id="2345546">
            <LineStyle id="2345548">
                <color>ffffffff</color>
                <colorMode>normal</colorMode>
                <width>1</width>
            </LineStyle>
            <PolyStyle id="2345547">
                <color>8000a5ff</color>
                <colorMode>normal</colorMode>
                <fill>1</fill>
                <outline>1</outline>
            </PolyStyle>
        </Style>
        <Style id="2345560">
            <LineStyle id="2345562">
                <color>ffffffff</color>
                <colorMode>normal</colorMode>
                <width>1</width>
            </LineStyle>
            <PolyStyle id="2345561">
                <color>8000a5ff</color>
                <colorMode>normal</colorMode>
                <fill>1</fill>
                <outline>1</outline>
            </PolyStyle>
        </Style>
        <Style id="2345574">
            <LineStyle id="2345576">
                <color>ffffffff</color>
                <colorMode>normal</colorMode>
                <width>1</width>
            </LineStyle>
            <PolyStyle id="2345575">
                <color>8000a5ff</color>
                <colorMode>normal</colorMode>
                <fill>1</fill>
                <outline>1</outline>
            </PolyStyle>
        </Style>
        <Style id="2345588">
            <LineStyle id="2345590">
                <color>ffffffff</color>
                <colorMode>normal</colorMode>
                <width>1</width>
            </LineStyle>
            <PolyStyle id="2345589">
                <color>8000a5ff</color>
                <colorMode>normal</colorMode>
                <fill>1</fill>
                <outline>1</outline>
            </PolyStyle>
        </Style>
        <Style id="2345602">
            <LineStyle id="2345604">
                <color>ffffffff</color>
                <colorMode>normal</colorMode>
                <width>1</width>
            </LineStyle>
            <PolyStyle id="2345603">
                <color>800000ff</color>
                <colorMode>normal</colorMode>
                <fill>1</fill>
                <outline>1</outline>
            </PolyStyle>
        </Style>
        <Placemark id="2344482">
            <name>35711030137.0</name>
            <description>PIN: 35711030137.0&lt;br&gt;Wetland %: 0.00&lt;br&gt;Flood %: 0.00&lt;br&gt;Parcel area (m²): 763.38</description>
            <styleUrl>#2344487</styleUrl>
            <ExtendedData>
                <Data name="PIN">
                    <value>35711030137.0</value>
                </Data>
                <Data name="Wetland_%">
                    <value>0.00</value>
                </Data>
                <Data name="Flood_%">
                    <value>0.00</value>
                </Data>
                <Data name="Parcel_area_m2">
                    <value>763.38</value>
                </Data>
            </ExtendedData>
            <Polygon id="2344481">
                <outerBoundaryIs>
                    <LinearRing id="2344485">
                        <coordinates>-78.69506484891578,33.80999606651813,0.0 -78.69520990612745,33.80993295543306,0.0 -78.69537977148616,33.81021485652864,0.0 -78.69523000289206,33.81027198123081,0.0 -78.69506484891578,33.80999606651813,0.0</coordinates>
                    </LinearRing>
                </outerBoundaryIs>
            </Polygon>
        </Placemark>
        <Placemark id="2344496">
            <name>35714020046.0</name>
            <description>PIN: 35714020046.0&lt;br&gt;Wetland %: 0.00&lt;br&gt;Flood %: 0.00&lt;br&gt;Parcel area (m²): 2230.40</description>
            <styleUrl>#2344501</styleUrl>
            <ExtendedData>
                <Data name="PIN">
                    <value>35714020046.0</value>
                </Data>
                <Data name="Wetland_%">
                    <value>0.00</value>
                </Data>
                <Data name="Flood_%">
                    <value>0.00</value>
                </Data>
                <Data name="Parcel_area_m2">
                    <value>2230.40</value>
                </Data>
            </ExtendedData>
            <Polygon id="2344495">
                <outerBoundaryIs>
                    <LinearRing id="2344499">
                        <coordinates>-78.69499655741951,33.809734113780124,0.0 -78.69484603939514,33.80948182137376,0.0 -78.69490355225815,33.80945556548186,0.0 -78.69490280713471,33.809452638252395,0.0 -78.69490289454087,33.80944936754329,0.0 -78.69490298633178,33.809445932757775,0.0 -78.6949038966547,33.809442678274806,0.0 -78.69490562991832,33.80943943911644,0.0 -78.69490817217336,33.80943673726192,0.0 -78.69491070927253,33.80943422833228,0.0 -78.69491405172515,33.80943239283573,0.0 -78.69491738458905,33.8094309161434,0.0 -78.69492070868336,33.80942976760376,0.0 -78.694924841745,33.809429157269264,0.0 -78.69492896083335,33.80942906981533,0.0 -78.69493306674349,33.80942947549194,0.0 -78.69493633058408,33.80943058164967,0.0 -78.69494040418732,33.80943219626236,0.0 -78.69494364526149,33.80943415435488,0.0 -78.69494605901029,33.80943626119935,0.0 -78.69496184690277,33.80943086377948,0.0 -78.69495005793446,33.80940986022366,0.0 -78.69497695851022,33.809397684000125,0.0 -78.69500256405519,33.809386095189815,0.0 -78.69500180500432,33.80938368903861,0.0 -78.69500187843386,33.80938094121014,0.0 -78.69500195186338,33.80937819338161,0.0 -78.69500202529291,33.80937544555312,0.0 -78.69500292166262,33.809372713048596,0.0 -78.69500463215512,33.80937032582384,0.0 -78.69500633751618,33.809368130622516,0.0 -78.69500970270606,33.80936544408983,0.0 -78.69501305907849,33.809363087512835,0.0 -78.69501803784227,33.80936164056411,0.0 -78.69502217530861,33.809360865248465,0.0 -78.69502710854054,33.80936112216944,0.0 -78.69503202341538,33.80936206604734,0.0 -78.69503609186177,33.80936387358186,0.0 -78.69504013754269,33.80936653305127,0.0 -78.69509499347527,33.809347265647816,0.0 -78.69510921385509,33.809369716119825,0.0 -78.69512762178091,33.80935870491502,0.0 -78.69512687226636,33.80935594176326,0.0 -78.69512780534467,33.809351835343556,0.0 -78.69512873842288,33.809347728923804,0.0 -78.69513130343297,33.809344175129596,0.0 -78.69513386403443,33.809340786313214,0.0 -78.69513636956678,33.809339458368235,0.0 -78.69514054374355,33.809337309134335,0.0 -78.6951447046949,33.80933565483397,0.0 -78.69514966069033,33.809335059814984,0.0 -78.6951545939212,33.809335316730916,0.0 -78.69515950366491,33.80933645262721,0.0 -78.69516356842709,33.80933839808989,0.0 -78.69516761411074,33.80934105755515,0.0 -78.69522592182703,33.80931586079414,0.0 -78.69540885979944,33.8096182418397,0.0 -78.69534972898936,33.80964342336362,0.0 -78.69528393164046,33.80967158711223,0.0 -78.6952414564041,33.80968971052053,0.0 -78.69523595791031,33.80967979384046,0.0 -78.69517636326299,33.80970546814047,0.0 -78.69517515322532,33.809705988594246,0.0 -78.69517984344068,33.80971534092938,0.0 -78.69515070046604,33.80972752685673,0.0 -78.69508327104859,33.80975513787298,0.0 -78.69502333546282,33.80977961695975,0.0 -78.69499655741951,33.809734113780124,0.0</coordinates>
                    </LinearRing>
                </outerBoundaryIs>
            </Polygon>
        </Placemark>
        <Placemark id="2344510">
            <name>35714020039.0</name>
            <description>PIN: 35714020039.0&lt;br&gt;Wetland %: 0.00&lt;br&gt;Flood %: 0.00&lt;br&gt;Parcel area (m²): 2230.40</description>
            <styleUrl>#2344515</styleUrl>
            <ExtendedData>
                <Data name="PIN">
                    <value>35714020039.0</value>
                </Data>
                <Data name="Wetland_%">
                    <value>0.00</value>
                </Data>
                <Data name="Flood_%">
                    <value>0.00</value>
                </Data>
                <Data name="Parcel_area_m2">
                    <value>2230.40</value>
                </Data>
            </ExtendedData>
            <Polygon id="2344509">
                <outerBoundaryIs>
                    <LinearRing id="2344513">
                        <coordinates>-78.69499655741951,33.809734113780124,0.0 -78.69484603939514,33.80948182137376,0.0 -78.69490355225815,33.80945556548186,0.0 -78.69490280713471,33.809452638252395,0.0 -78.69490289454087,33.80944936754329,0.0 -78.69490298633178,33.809445932757775,0.0 -78.6949038966547,33.809442678274806,0.0 -78.69490562991832,33.80943943911644,0.0 -78.69490817217336,33.80943673726192,0.0 -78.69491070927253,33.80943422833228,0.0 -78.69491405172515,33.80943239283573,0.0 -78.69491738458905,33.8094309161434,0.0 -78.69492070868336,33.80942976760376,0.0 -78.694924841745,33.809429157269264,0.0 -78.69492896083335,33.80942906981533,0.0 -78.69493306674349,33.80942947549194,0.0 -78.69493633058408,33.80943058164967,0.0 -78.69494040418732,33.80943219626236,0.0 -78.69494364526149,33.80943415435488,0.0 -78.69494605901029,33.80943626119935,0.0 -78.69496184690277,33.80943086377948,0.0 -78.69495005793446,33.80940986022366,0.0 -78.69497695851022,33.809397684000125,0.0 -78.69500256405519,33.809386095189815,0.0 -78.69500180500432,33.80938368903861,0.0 -78.69500187843386,33.80938094121014,0.0 -78.69500195186338,33.80937819338161,0.0 -78.69500202529291,33.80937544555312,0.0 -78.69500292166262,33.809372713048596,0.0 -78.69500463215512,33.80937032582384,0.0 -78.69500633751618,33.809368130622516,0.0 -78.69500970270606,33.80936544408983,0.0 -78.69501305907849,33.809363087512835,0.0 -78.69501803784227,33.80936164056411,0.0 -78.69502217530861,33.809360865248465,0.0 -78.69502710854054,33.80936112216944,0.0 -78.69503202341538,33.80936206604734,0.0 -78.69503609186177,33.80936387358186,0.0 -78.69504013754269,33.80936653305127,0.0 -78.69509499347527,33.809347265647816,0.0 -78.69510921385509,33.809369716119825,0.0 -78.69512762178091,33.80935870491502,0.0 -78.69512687226636,33.80935594176326,0.0 -78.69512780534467,33.809351835343556,0.0 -78.69512873842288,33.809347728923804,0.0 -78.69513130343297,33.809344175129596,0.0 -78.69513386403443,33.809340786313214,0.0 -78.69513636956678,33.809339458368235,0.0 -78.69514054374355,33.809337309134335,0.0 -78.6951447046949,33.80933565483397,0.0 -78.69514966069033,33.809335059814984,0.0 -78.6951545939212,33.809335316730916,0.0 -78.69515950366491,33.80933645262721,0.0 -78.69516356842709,33.80933839808989,0.0 -78.69516761411074,33.80934105755515,0.0 -78.69522592182703,33.80931586079414,0.0 -78.69540885979944,33.8096182418397,0.0 -78.69534972898936,33.80964342336362,0.0 -78.69528393164046,33.80967158711223,0.0 -78.6952414564041,33.80968971052053,0.0 -78.69523595791031,33.80967979384046,0.0 -78.69517636326299,33.80970546814047,0.0 -78.69517515322532,33.809705988594246,0.0 -78.69517984344068,33.80971534092938,0.0 -78.69515070046604,33.80972752685673,0.0 -78.69508327104859,33.80975513787298,0.0 -78.69502333546282,33.80977961695975,0.0 -78.69499655741951,33.809734113780124,0.0</coordinates>
                    </LinearRing>
                </outerBoundaryIs>
            </Polygon>
        </Placemark>
        <Placemark id="2344524">
            <name>35714020018.0</name>
            <description>PIN: 35714020018.0&lt;br&gt;Wetland %: 0.00&lt;br&gt;Flood %: 0.00&lt;br&gt;Parcel area (m²): 2230.40</description>
            <styleUrl>#2344529</styleUrl>
            <ExtendedData>
                <Data name="PIN">
                    <value>35714020018.0</value>
                </Data>
                <Data name="Wetland_%">
                    <value>0.00</value>
                </Data>
                <Data name="Flood_%">
                    <value>0.00</value>
                </Data>
                <Data name="Parcel_area_m2">
                    <value>2230.40</value>
                </Data>
            </ExtendedData>
            <Polygon id="2344523">
                <outerBoundaryIs>
                    <LinearRing id="2344527">
                        <coordinates>-78.69499655741951,33.809734113780124,0.0 -78.69484603939514,33.80948182137376,0.0 -78.69490355225815,33.80945556548186,0.0 -78.69490280713471,33.809452638252395,0.0 -78.69490289454087,33.80944936754329,0.0 -78.69490298633178,33.809445932757775,0.0 -78.6949038966547,33.809442678274806,0.0 -78.69490562991832,33.80943943911644,0.0 -78.69490817217336,33.80943673726192,0.0 -78.69491070927253,33.80943422833228,0.0 -78.69491405172515,33.80943239283573,0.0 -78.69491738458905,33.8094309161434,0.0 -78.69492070868336,33.80942976760376,0.0 -78.694924841745,33.809429157269264,0.0 -78.69492896083335,33.80942906981533,0.0 -78.69493306674349,33.80942947549194,0.0 -78.69493633058408,33.80943058164967,0.0 -78.69494040418732,33.80943219626236,0.0 -78.69494364526149,33.80943415435488,0.0 -78.69494605901029,33.80943626119935,0.0 -78.69496184690277,33.80943086377948,0.0 -78.69495005793446,33.80940986022366,0.0 -78.69497695851022,33.809397684000125,0.0 -78.69500256405519,33.809386095189815,0.0 -78.69500180500432,33.80938368903861,0.0 -78.69500187843386,33.80938094121014,0.0 -78.69500195186338,33.80937819338161,0.0 -78.69500202529291,33.80937544555312,0.0 -78.69500292166262,33.809372713048596,0.0 -78.69500463215512,33.80937032582384,0.0 -78.69500633751618,33.809368130622516,0.0 -78.69500970270606,33.80936544408983,0.0 -78.69501305907849,33.809363087512835,0.0 -78.69501803784227,33.80936164056411,0.0 -78.69502217530861,33.809360865248465,0.0 -78.69502710854054,33.80936112216944,0.0 -78.69503202341538,33.80936206604734,0.0 -78.69503609186177,33.80936387358186,0.0 -78.69504013754269,33.80936653305127,0.0 -78.69509499347527,33.809347265647816,0.0 -78.69510921385509,33.809369716119825,0.0 -78.69512762178091,33.80935870491502,0.0 -78.69512687226636,33.80935594176326,0.0 -78.69512780534467,33.809351835343556,0.0 -78.69512873842288,33.809347728923804,0.0 -78.69513130343297,33.809344175129596,0.0 -78.69513386403443,33.809340786313214,0.0 -78.69513636956678,33.809339458368235,0.0 -78.69514054374355,33.809337309134335,0.0 -78.6951447046949,33.80933565483397,0.0 -78.69514966069033,33.809335059814984,0.0 -78.6951545939212,33.809335316730916,0.0 -78.69515950366491,33.80933645262721,0.0 -78.69516356842709,33.80933839808989,0.0 -78.69516761411074,33.80934105755515,0.0 -78.69522592182703,33.80931586079414,0.0 -78.69540885979944,33.8096182418397,0.0 -78.69534972898936,33.80964342336362,0.0 -78.69528393164046,33.80967158711223,0.0 -78.6952414564041,33.80968971052053,0.0 -78.69523595791031,33.80967979384046,0.0 -78.69517636326299,33.80970546814047,0.0 -78.69517515322532,33.809705988594246,0.0 -78.69517984344068,33.80971534092938,0.0 -78.69515070046604,33.80972752685673,0.0 -78.69508327104859,33.80975513787298,0.0 -78.69502333546282,33.80977961695975,0.0 -78.69499655741951,33.809734113780124,0.0</coordinates>
                    </LinearRing>
                </outerBoundaryIs>
            </Polygon>
        </Placemark>
        <Placemark id="2344538">
            <name>35714020024.0</name>
            <description>PIN: 35714020024.0&lt;br&gt;Wetland %: 0.00&lt;br&gt;Flood %: 0.00&lt;br&gt;Parcel area (m²): 2230.40</description>
            <styleUrl>#2344543</styleUrl>
            <ExtendedData>
                <Data name="PIN">
                    <value>35714020024.0</value>
                </Data>
                <Data name="Wetland_%">
                    <value>0.00</value>
                </Data>
                <Data name="Flood_%">
                    <value>0.00</value>
                </Data>
                <Data name="Parcel_area_m2">
                    <value>2230.40</value>
                </Data>
            </ExtendedData>
            <Polygon id="2344537">
                <outerBoundaryIs>
                    <LinearRing id="2344541">
                        <coordinates>-78.69499655741951,33.809734113780124,0.0 -78.69484603939514,33.80948182137376,0.0 -78.69490355225815,33.80945556548186,0.0 -78.69490280713471,33.809452638252395,0.0 -78.69490289454087,33.80944936754329,0.0 -78.69490298633178,33.809445932757775,0.0 -78.6949038966547,33.809442678274806,0.0 -78.69490562991832,33.80943943911644,0.0 -78.69490817217336,33.80943673726192,0.0 -78.69491070927253,33.80943422833228,0.0 -78.69491405172515,33.80943239283573,0.0 -78.69491738458905,33.8094309161434,0.0 -78.69492070868336,33.80942976760376,0.0 -78.694924841745,33.809429157269264,0.0 -78.69492896083335,33.80942906981533,0.0 -78.69493306674349,33.80942947549194,0.0 -78.69493633058408,33.80943058164967,0.0 -78.69494040418732,33.80943219626236,0.0 -78.69494364526149,33.80943415435488,0.0 -78.69494605901029,33.80943626119935,0.0 -78.69496184690277,33.80943086377948,0.0 -78.69495005793446,33.80940986022366,0.0 -78.69497695851022,33.809397684000125,0.0 -78.69500256405519,33.809386095189815,0.0 -78.69500180500432,33.80938368903861,0.0 -78.69500187843386,33.80938094121014,0.0 -78.69500195186338,33.80937819338161,0.0 -78.69500202529291,33.80937544555312,0.0 -78.69500292166262,33.809372713048596,0.0 -78.69500463215512,33.80937032582384,0.0 -78.69500633751618,33.809368130622516,0.0 -78.69500970270606,33.80936544408983,0.0 -78.69501305907849,33.809363087512835,0.0 -78.69501803784227,33.80936164056411,0.0 -78.69502217530861,33.809360865248465,0.0 -78.69502710854054,33.80936112216944,0.0 -78.69503202341538,33.80936206604734,0.0 -78.69503609186177,33.80936387358186,0.0 -78.69504013754269,33.80936653305127,0.0 -78.69509499347527,33.809347265647816,0.0 -78.69510921385509,33.809369716119825,0.0 -78.69512762178091,33.80935870491502,0.0 -78.69512687226636,33.80935594176326,0.0 -78.69512780534467,33.809351835343556,0.0 -78.69512873842288,33.809347728923804,0.0 -78.69513130343297,33.809344175129596,0.0 -78.69513386403443,33.809340786313214,0.0 -78.69513636956678,33.809339458368235,0.0 -78.69514054374355,33.809337309134335,0.0 -78.6951447046949,33.80933565483397,0.0 -78.69514966069033,33.809335059814984,0.0 -78.6951545939212,33.809335316730916,0.0 -78.69515950366491,33.80933645262721,0.0 -78.69516356842709,33.80933839808989,0.0 -78.69516761411074,33.80934105755515,0.0 -78.69522592182703,33.80931586079414,0.0 -78.69540885979944,33.8096182418397,0.0 -78.69534972898936,33.80964342336362,0.0 -78.69528393164046,33.80967158711223,0.0 -78.6952414564041,33.80968971052053,0.0 -78.69523595791031,33.80967979384046,0.0 -78.69517636326299,33.80970546814047,0.0 -78.69517515322532,33.809705988594246,0.0 -78.69517984344068,33.80971534092938,0.0 -78.69515070046604,33.80972752685673,0.0 -78.69508327104859,33.80975513787298,0.0 -78.69502333546282,33.80977961695975,0.0 -78.69499655741951,33.809734113780124,0.0</coordinates>
                    </LinearRing>
                </outerBoundaryIs>
            </Polygon>
        </Placemark>
        <Placemark id="2344552">
            <name>35714020058.0</name>
            <description>PIN: 35714020058.0&lt;br&gt;Wetland %: 0.00&lt;br&gt;Flood %: 0.00&lt;br&gt;Parcel area (m²): 2230.40</description>
            <styleUrl>#2344557</styleUrl>
            <ExtendedData>
                <Data name="PIN">
                    <value>35714020058.0</value>
                </Data>
                <Data name="Wetland_%">
                    <value>0.00</value>
                </Data>
                <Data name="Flood_%">
                    <value>0.00</value>
                </Data>
                <Data name="Parcel_area_m2">
                    <value>2230.40</value>
                </Data>
            </ExtendedData>
            <Polygon id="2344551">
                <outerBoundaryIs>
                    <LinearRing id="2344555">
                        <coordinates>-78.69499655741951,33.809734113780124,0.0 -78.69484603939514,33.80948182137376,0.0 -78.69490355225815,33.80945556548186,0.0 -78.69490280713471,33.809452638252395,0.0 -78.69490289454087,33.80944936754329,0.0 -78.69490298633178,33.809445932757775,0.0 -78.6949038966547,33.809442678274806,0.0 -78.69490562991832,33.80943943911644,0.0 -78.69490817217336,33.80943673726192,0.0 -78.69491070927253,33.80943422833228,0.0 -78.69491405172515,33.80943239283573,0.0 -78.69491738458905,33.8094309161434,0.0 -78.69492070868336,33.80942976760376,0.0 -78.694924841745,33.809429157269264,0.0 -78.69492896083335,33.80942906981533,0.0 -78.69493306674349,33.80942947549194,0.0 -78.69493633058408,33.80943058164967,0.0 -78.69494040418732,33.80943219626236,0.0 -78.69494364526149,33.80943415435488,0.0 -78.69494605901029,33.80943626119935,0.0 -78.69496184690277,33.80943086377948,0.0 -78.69495005793446,33.80940986022366,0.0 -78.69497695851022,33.809397684000125,0.0 -78.69500256405519,33.809386095189815,0.0 -78.69500180500432,33.80938368903861,0.0 -78.69500187843386,33.80938094121014,0.0 -78.69500195186338,33.80937819338161,0.0 -78.69500202529291,33.80937544555312,0.0 -78.69500292166262,33.809372713048596,0.0 -78.69500463215512,33.80937032582384,0.0 -78.69500633751618,33.809368130622516,0.0 -78.69500970270606,33.80936544408983,0.0 -78.69501305907849,33.809363087512835,0.0 -78.69501803784227,33.80936164056411,0.0 -78.69502217530861,33.809360865248465,0.0 -78.69502710854054,33.80936112216944,0.0 -78.69503202341538,33.80936206604734,0.0 -78.69503609186177,33.80936387358186,0.0 -78.69504013754269,33.80936653305127,0.0 -78.69509499347527,33.809347265647816,0.0 -78.69510921385509,33.809369716119825,0.0 -78.69512762178091,33.80935870491502,0.0 -78.69512687226636,33.80935594176326,0.0 -78.69512780534467,33.809351835343556,0.0 -78.69512873842288,33.809347728923804,0.0 -78.69513130343297,33.809344175129596,0.0 -78.69513386403443,33.809340786313214,0.0 -78.69513636956678,33.809339458368235,0.0 -78.69514054374355,33.809337309134335,0.0 -78.6951447046949,33.80933565483397,0.0 -78.69514966069033,33.809335059814984,0.0 -78.6951545939212,33.809335316730916,0.0 -78.69515950366491,33.80933645262721,0.0 -78.69516356842709,33.80933839808989,0.0 -78.69516761411074,33.80934105755515,0.0 -78.69522592182703,33.80931586079414,0.0 -78.69540885979944,33.8096182418397,0.0 -78.69534972898936,33.80964342336362,0.0 -78.69528393164046,33.80967158711223,0.0 -78.6952414564041,33.80968971052053,0.0 -78.69523595791031,33.80967979384046,0.0 -78.69517636326299,33.80970546814047,0.0 -78.69517515322532,33.809705988594246,0.0 -78.69517984344068,33.80971534092938,0.0 -78.69515070046604,33.80972752685673,0.0 -78.69508327104859,33.80975513787298,0.0 -78.69502333546282,33.80977961695975,0.0 -78.69499655741951,33.809734113780124,0.0</coordinates>
                    </LinearRing>
                </outerBoundaryIs>
            </Polygon>
        </Placemark>
        <Placemark id="2344566">
            <name>35714020034.0</name>
            <description>PIN: 35714020034.0&lt;br&gt;Wetland %: 0.00&lt;br&gt;Flood %: 0.00&lt;br&gt;Parcel area (m²): 2230.40</description>
            <styleUrl>#2344571</styleUrl>
            <ExtendedData>
                <Data name="PIN">
                    <value>35714020034.0</value>
                </Data>
                <Data name="Wetland_%">
                    <value>0.00</value>
                </Data>
                <Data name="Flood_%">
                    <value>0.00</value>
                </Data>
                <Data name="Parcel_area_m2">
                    <value>2230.40</value>
                </Data>
            </ExtendedData>
            <Polygon id="2344565">
                <outerBoundaryIs>
                    <LinearRing id="2344569">
                        <coordinates>-78.69499655741951,33.809734113780124,0.0 -78.69484603939514,33.80948182137376,0.0 -78.69490355225815,33.80945556548186,0.0 -78.69490280713471,33.809452638252395,0.0 -78.69490289454087,33.80944936754329,0.0 -78.69490298633178,33.809445932757775,0.0 -78.6949038966547,33.809442678274806,0.0 -78.69490562991832,33.80943943911644,0.0 -78.69490817217336,33.80943673726192,0.0 -78.69491070927253,33.80943422833228,0.0 -78.69491405172515,33.80943239283573,0.0 -78.69491738458905,33.8094309161434,0.0 -78.69492070868336,33.80942976760376,0.0 -78.694924841745,33.809429157269264,0.0 -78.69492896083335,33.80942906981533,0.0 -78.69493306674349,33.80942947549194,0.0 -78.69493633058408,33.80943058164967,0.0 -78.69494040418732,33.80943219626236,0.0 -78.69494364526149,33.80943415435488,0.0 -78.69494605901029,33.80943626119935,0.0 -78.69496184690277,33.80943086377948,0.0 -78.69495005793446,33.80940986022366,0.0 -78.69497695851022,33.809397684000125,0.0 -78.69500256405519,33.809386095189815,0.0 -78.69500180500432,33.80938368903861,0.0 -78.69500187843386,33.80938094121014,0.0 -78.69500195186338,33.80937819338161,0.0 -78.69500202529291,33.80937544555312,0.0 -78.69500292166262,33.809372713048596,0.0 -78.69500463215512,33.80937032582384,0.0 -78.69500633751618,33.809368130622516,0.0 -78.69500970270606,33.80936544408983,0.0 -78.69501305907849,33.809363087512835,0.0 -78.69501803784227,33.80936164056411,0.0 -78.69502217530861,33.809360865248465,0.0 -78.69502710854054,33.80936112216944,0.0 -78.69503202341538,33.80936206604734,0.0 -78.69503609186177,33.80936387358186,0.0 -78.69504013754269,33.80936653305127,0.0 -78.69509499347527,33.809347265647816,0.0 -78.69510921385509,33.809369716119825,0.0 -78.69512762178091,33.80935870491502,0.0 -78.69512687226636,33.80935594176326,0.0 -78.69512780534467,33.809351835343556,0.0 -78.69512873842288,33.809347728923804,0.0 -78.69513130343297,33.809344175129596,0.0 -78.69513386403443,33.809340786313214,0.0 -78.69513636956678,33.809339458368235,0.0 -78.69514054374355,33.809337309134335,0.0 -78.6951447046949,33.80933565483397,0.0 -78.69514966069033,33.809335059814984,0.0 -78.6951545939212,33.809335316730916,0.0 -78.69515950366491,33.80933645262721,0.0 -78.69516356842709,33.80933839808989,0.0 -78.69516761411074,33.80934105755515,0.0 -78.69522592182703,33.80931586079414,0.0 -78.69540885979944,33.8096182418397,0.0 -78.69534972898936,33.80964342336362,0.0 -78.69528393164046,33.80967158711223,0.0 -78.6952414564041,33.80968971052053,0.0 -78.69523595791031,33.80967979384046,0.0 -78.69517636326299,33.80970546814047,0.0 -78.69517515322532,33.809705988594246,0.0 -78.69517984344068,33.80971534092938,0.0 -78.69515070046604,33.80972752685673,0.0 -78.69508327104859,33.80975513787298,0.0 -78.69502333546282,33.80977961695975,0.0 -78.69499655741951,33.809734113780124,0.0</coordinates>
                    </LinearRing>
                </outerBoundaryIs>
            </Polygon>
        </Placemark>
        <Placemark id="2344580">
            <name>35714020059.0</name>
            <description>PIN: 35714020059.0&lt;br&gt;Wetland %: 0.00&lt;br&gt;Flood %: 0.00&lt;br&gt;Parcel area (m²): 2230.40</description>
            <styleUrl>#2344585</styleUrl>
            <ExtendedData>
                <Data name="PIN">
                    <value>35714020059.0</value>
                </Data>
                <Data name="Wetland_%">
                    <value>0.00</value>
                </Data>
                <Data name="Flood_%">
                    <value>0.00</value>
                </Data>
                <Data name="Parcel_area_m2">
                    <value>2230.40</value>
                </Data>
            </ExtendedData>
            <Polygon id="2344579">
                <outerBoundaryIs>
                    <LinearRing id="2344583">
                        <coordinates>-78.69499655741951,33.809734113780124,0.0 -78.69484603939514,33.80948182137376,0.0 -78.69490355225815,33.80945556548186,0.0 -78.69490280713471,33.809452638252395,0.0 -78.69490289454087,33.80944936754329,0.0 -78.69490298633178,33.809445932757775,0.0 -78.6949038966547,33.809442678274806,0.0 -78.69490562991832,33.80943943911644,0.0 -78.69490817217336,33.80943673726192,0.0 -78.69491070927253,33.80943422833228,0.0 -78.69491405172515,33.80943239283573,0.0 -78.69491738458905,33.8094309161434,0.0 -78.69492070868336,33.80942976760376,0.0 -78.694924841745,33.809429157269264,0.0 -78.69492896083335,33.80942906981533,0.0 -78.69493306674349,33.80942947549194,0.0 -78.69493633058408,33.80943058164967,0.0 -78.69494040418732,33.80943219626236,0.0 -78.69494364526149,33.80943415435488,0.0 -78.69494605901029,33.80943626119935,0.0 -78.69496184690277,33.80943086377948,0.0 -78.69495005793446,33.80940986022366,0.0 -78.69497695851022,33.809397684000125,0.0 -78.69500256405519,33.809386095189815,0.0 -78.69500180500432,33.80938368903861,0.0 -78.69500187843386,33.80938094121014,0.0 -78.69500195186338,33.80937819338161,0.0 -78.69500202529291,33.80937544555312,0.0 -78.69500292166262,33.809372713048596,0.0 -78.69500463215512,33.80937032582384,0.0 -78.69500633751618,33.809368130622516,0.0 -78.69500970270606,33.80936544408983,0.0 -78.69501305907849,33.809363087512835,0.0 -78.69501803784227,33.80936164056411,0.0 -78.69502217530861,33.809360865248465,0.0 -78.69502710854054,33.80936112216944,0.0 -78.69503202341538,33.80936206604734,0.0 -78.69503609186177,33.80936387358186,0.0 -78.69504013754269,33.80936653305127,0.0 -78.69509499347527,33.809347265647816,0.0 -78.69510921385509,33.809369716119825,0.0 -78.69512762178091,33.80935870491502,0.0 -78.69512687226636,33.80935594176326,0.0 -78.69512780534467,33.809351835343556,0.0 -78.69512873842288,33.809347728923804,0.0 -78.69513130343297,33.809344175129596,0.0 -78.69513386403443,33.809340786313214,0.0 -78.69513636956678,33.809339458368235,0.0 -78.69514054374355,33.809337309134335,0.0 -78.6951447046949,33.80933565483397,0.0 -78.69514966069033,33.809335059814984,0.0 -78.6951545939212,33.809335316730916,0.0 -78.69515950366491,33.80933645262721,0.0 -78.69516356842709,33.80933839808989,0.0 -78.69516761411074,33.80934105755515,0.0 -78.69522592182703,33.80931586079414,0.0 -78.69540885979944,33.8096182418397,0.0 -78.69534972898936,33.80964342336362,0.0 -78.69528393164046,33.80967158711223,0.0 -78.6952414564041,33.80968971052053,0.0 -78.69523595791031,33.80967979384046,0.0 -78.69517636326299,33.80970546814047,0.0 -78.69517515322532,33.809705988594246,0.0 -78.69517984344068,33.80971534092938,0.0 -78.69515070046604,33.80972752685673,0.0 -78.69508327104859,33.80975513787298,0.0 -78.69502333546282,33.80977961695975,0.0 -78.69499655741951,33.809734113780124,0.0</coordinates>
                    </LinearRing>
                </outerBoundaryIs>
            </Polygon>
        </Placemark>
        <Placemark id="2344594">
            <name>35714020049.0</name>
            <description>PIN: 35714020049.0&lt;br&gt;Wetland %: 0.00&lt;br&gt;Flood %: 0.00&lt;br&gt;Parcel area (m²): 2230.40</description>
            <styleUrl>#2344599</styleUrl>
            <ExtendedData>
                <Data name="PIN">
                    <value>35714020049.0</value>
                </Data>
                <Data name="Wetland_%">
                    <value>0.00</value>
                </Data>
                <Data name="Flood_%">
                    <value>0.00</value>
                </Data>
                <Data name="Parcel_area_m2">
                    <value>2230.40</value>
                </Data>
            </ExtendedData>
            <Polygon id="2344593">
                <outerBoundaryIs>
                    <LinearRing id="2344597">
                        <coordinates>-78.69499655741951,33.809734113780124,0.0 -78.69484603939514,33.80948182137376,0.0 -78.69490355225815,33.80945556548186,0.0 -78.69490280713471,33.809452638252395,0.0 -78.69490289454087,33.80944936754329,0.0 -78.69490298633178,33.809445932757775,0.0 -78.6949038966547,33.809442678274806,0.0 -78.69490562991832,33.80943943911644,0.0 -78.69490817217336,33.80943673726192,0.0 -78.69491070927253,33.80943422833228,0.0 -78.69491405172515,33.80943239283573,0.0 -78.69491738458905,33.8094309161434,0.0 -78.69492070868336,33.80942976760376,0.0 -78.694924841745,33.809429157269264,0.0 -78.69492896083335,33.80942906981533,0.0 -78.69493306674349,33.80942947549194,0.0 -78.69493633058408,33.80943058164967,0.0 -78.69494040418732,33.80943219626236,0.0 -78.69494364526149,33.80943415435488,0.0 -78.69494605901029,33.80943626119935,0.0 -78.69496184690277,33.80943086377948,0.0 -78.69495005793446,33.80940986022366,0.0 -78.69497695851022,33.809397684000125,0.0 -78.69500256405519,33.809386095189815,0.0 -78.69500180500432,33.80938368903861,0.0 -78.69500187843386,33.80938094121014,0.0 -78.69500195186338,33.80937819338161,0.0 -78.69500202529291,33.80937544555312,0.0 -78.69500292166262,33.809372713048596,0.0 -78.69500463215512,33.80937032582384,0.0 -78.69500633751618,33.809368130622516,0.0 -78.69500970270606,33.80936544408983,0.0 -78.69501305907849,33.809363087512835,0.0 -78.69501803784227,33.80936164056411,0.0 -78.69502217530861,33.809360865248465,0.0 -78.69502710854054,33.80936112216944,0.0 -78.69503202341538,33.80936206604734,0.0 -78.69503609186177,33.80936387358186,0.0 -78.69504013754269,33.80936653305127,0.0 -78.69509499347527,33.809347265647816,0.0 -78.69510921385509,33.809369716119825,0.0 -78.69512762178091,33.80935870491502,0.0 -78.69512687226636,33.80935594176326,0.0 -78.69512780534467,33.809351835343556,0.0 -78.69512873842288,33.809347728923804,0.0 -78.69513130343297,33.809344175129596,0.0 -78.69513386403443,33.809340786313214,0.0 -78.69513636956678,33.809339458368235,0.0 -78.69514054374355,33.809337309134335,0.0 -78.6951447046949,33.80933565483397,0.0 -78.69514966069033,33.809335059814984,0.0 -78.6951545939212,33.809335316730916,0.0 -78.69515950366491,33.80933645262721,0.0 -78.69516356842709,33.80933839808989,0.0 -78.69516761411074,33.80934105755515,0.0 -78.69522592182703,33.80931586079414,0.0 -78.69540885979944,33.8096182418397,0.0 -78.69534972898936,33.80964342336362,0.0 -78.69528393164046,33.80967158711223,0.0 -78.6952414564041,33.80968971052053,0.0 -78.69523595791031,33.80967979384046,0.0 -78.69517636326299,33.80970546814047,0.0 -78.69517515322532,33.809705988594246,0.0 -78.69517984344068,33.80971534092938,0.0 -78.69515070046604,33.80972752685673,0.0 -78.69508327104859,33.80975513787298,0.0 -78.69502333546282,33.80977961695975,0.0 -78.69499655741951,33.809734113780124,0.0</coordinates>
                    </LinearRing>
                </outerBoundaryIs>
            </Polygon>
        </Placemark>
        <Placemark id="2344608">
            <name>35714020061.0</name>
            <description>PIN: 35714020061.0&lt;br&gt;Wetland %: 0.00&lt;br&gt;Flood %: 0.00&lt;br&gt;Parcel area (m²): 2230.40</description>
            <styleUrl>#2344613</styleUrl>
            <ExtendedData>
                <Data name="PIN">
                    <value>35714020061.0</value>
                </Data>
                <Data name="Wetland_%">
                    <value>0.00</value>
                </Data>
                <Data name="Flood_%">
                    <value>0.00</value>
                </Data>
                <Data name="Parcel_area_m2">
                    <value>2230.40</value>
                </Data>
            </ExtendedData>
            <Polygon id="2344607">
                <outerBoundaryIs>
                    <LinearRing id="2344611">
                        <coordinates>-78.69499655741951,33.809734113780124,0.0 -78.69484603939514,33.80948182137376,0.0 -78.69490355225815,33.80945556548186,0.0 -78.69490280713471,33.809452638252395,0.0 -78.69490289454087,33.80944936754329,0.0 -78.69490298633178,33.809445932757775,0.0 -78.6949038966547,33.809442678274806,0.0 -78.69490562991832,33.80943943911644,0.0 -78.69490817217336,33.80943673726192,0.0 -78.69491070927253,33.80943422833228,0.0 -78.69491405172515,33.80943239283573,0.0 -78.69491738458905,33.8094309161434,0.0 -78.69492070868336,33.80942976760376,0.0 -78.694924841745,33.809429157269264,0.0 -78.69492896083335,33.80942906981533,0.0 -78.69493306674349,33.80942947549194,0.0 -78.69493633058408,33.80943058164967,0.0 -78.69494040418732,33.80943219626236,0.0 -78.69494364526149,33.80943415435488,0.0 -78.69494605901029,33.80943626119935,0.0 -78.69496184690277,33.80943086377948,0.0 -78.69495005793446,33.80940986022366,0.0 -78.69497695851022,33.809397684000125,0.0 -78.69500256405519,33.809386095189815,0.0 -78.69500180500432,33.80938368903861,0.0 -78.69500187843386,33.80938094121014,0.0 -78.69500195186338,33.80937819338161,0.0 -78.69500202529291,33.80937544555312,0.0 -78.69500292166262,33.809372713048596,0.0 -78.69500463215512,33.80937032582384,0.0 -78.69500633751618,33.809368130622516,0.0 -78.69500970270606,33.80936544408983,0.0 -78.69501305907849,33.809363087512835,0.0 -78.69501803784227,33.80936164056411,0.0 -78.69502217530861,33.809360865248465,0.0 -78.69502710854054,33.80936112216944,0.0 -78.69503202341538,33.80936206604734,0.0 -78.69503609186177,33.80936387358186,0.0 -78.69504013754269,33.80936653305127,0.0 -78.69509499347527,33.809347265647816,0.0 -78.69510921385509,33.809369716119825,0.0 -78.69512762178091,33.80935870491502,0.0 -78.69512687226636,33.80935594176326,0.0 -78.69512780534467,33.809351835343556,0.0 -78.69512873842288,33.809347728923804,0.0 -78.69513130343297,33.809344175129596,0.0 -78.69513386403443,33.809340786313214,0.0 -78.69513636956678,33.809339458368235,0.0 -78.69514054374355,33.809337309134335,0.0 -78.6951447046949,33.80933565483397,0.0 -78.69514966069033,33.809335059814984,0.0 -78.6951545939212,33.809335316730916,0.0 -78.69515950366491,33.80933645262721,0.0 -78.69516356842709,33.80933839808989,0.0 -78.69516761411074,33.80934105755515,0.0 -78.69522592182703,33.80931586079414,0.0 -78.69540885979944,33.8096182418397,0.0 -78.69534972898936,33.80964342336362,0.0 -78.69528393164046,33.80967158711223,0.0 -78.6952414564041,33.80968971052053,0.0 -78.69523595791031,33.80967979384046,0.0 -78.69517636326299,33.80970546814047,0.0 -78.69517515322532,33.809705988594246,0.0 -78.69517984344068,33.80971534092938,0.0 -78.69515070046604,33.80972752685673,0.0 -78.69508327104859,33.80975513787298,0.0 -78.69502333546282,33.80977961695975,0.0 -78.69499655741951,33.809734113780124,0.0</coordinates>
                    </LinearRing>
                </outerBoundaryIs>
            </Polygon>
        </Placemark>
        <Placemark id="2344622">
            <name>35714020036.0</name>
            <description>PIN: 35714020036.0&lt;br&gt;Wetland %: 0.00&lt;br&gt;Flood %: 0.00&lt;br&gt;Parcel area (m²): 2230.40</description>
            <styleUrl>#2344627</styleUrl>
            <ExtendedData>
                <Data name="PIN">
                    <value>35714020036.0</value>
                </Data>
                <Data name="Wetland_%">
                    <value>0.00</value>
                </Data>
                <Data name="Flood_%">
                    <value>0.00</value>
                </Data>
                <Data name="Parcel_area_m2">
                    <value>2230.40</value>
                </Data>
            </ExtendedData>
            <Polygon id="2344621">
                <outerBoundaryIs>
                    <LinearRing id="2344625">
                        <coordinates>-78.69499655741951,33.809734113780124,0.0 -78.69484603939514,33.80948182137376,0.0 -78.69490355225815,33.80945556548186,0.0 -78.69490280713471,33.809452638252395,0.0 -78.69490289454087,33.80944936754329,0.0 -78.69490298633178,33.809445932757775,0.0 -78.6949038966547,33.809442678274806,0.0 -78.69490562991832,33.80943943911644,0.0 -78.69490817217336,33.80943673726192,0.0 -78.69491070927253,33.80943422833228,0.0 -78.69491405172515,33.80943239283573,0.0 -78.69491738458905,33.8094309161434,0.0 -78.69492070868336,33.80942976760376,0.0 -78.694924841745,33.809429157269264,0.0 -78.69492896083335,33.80942906981533,0.0 -78.69493306674349,33.80942947549194,0.0 -78.69493633058408,33.80943058164967,0.0 -78.69494040418732,33.80943219626236,0.0 -78.69494364526149,33.80943415435488,0.0 -78.69494605901029,33.80943626119935,0.0 -78.69496184690277,33.80943086377948,0.0 -78.69495005793446,33.80940986022366,0.0 -78.69497695851022,33.809397684000125,0.0 -78.69500256405519,33.809386095189815,0.0 -78.69500180500432,33.80938368903861,0.0 -78.69500187843386,33.80938094121014,0.0 -78.69500195186338,33.80937819338161,0.0 -78.69500202529291,33.80937544555312,0.0 -78.69500292166262,33.809372713048596,0.0 -78.69500463215512,33.80937032582384,0.0 -78.69500633751618,33.809368130622516,0.0 -78.69500970270606,33.80936544408983,0.0 -78.69501305907849,33.809363087512835,0.0 -78.69501803784227,33.80936164056411,0.0 -78.69502217530861,33.809360865248465,0.0 -78.69502710854054,33.80936112216944,0.0 -78.69503202341538,33.80936206604734,0.0 -78.69503609186177,33.80936387358186,0.0 -78.69504013754269,33.80936653305127,0.0 -78.69509499347527,33.809347265647816,0.0 -78.69510921385509,33.809369716119825,0.0 -78.69512762178091,33.80935870491502,0.0 -78.69512687226636,33.80935594176326,0.0 -78.69512780534467,33.809351835343556,0.0 -78.69512873842288,33.809347728923804,0.0 -78.69513130343297,33.809344175129596,0.0 -78.69513386403443,33.809340786313214,0.0 -78.69513636956678,33.809339458368235,0.0 -78.69514054374355,33.809337309134335,0.0 -78.6951447046949,33.80933565483397,0.0 -78.69514966069033,33.809335059814984,0.0 -78.6951545939212,33.809335316730916,0.0 -78.69515950366491,33.80933645262721,0.0 -78.69516356842709,33.80933839808989,0.0 -78.69516761411074,33.80934105755515,0.0 -78.69522592182703,33.80931586079414,0.0 -78.69540885979944,33.8096182418397,0.0 -78.69534972898936,33.80964342336362,0.0 -78.69528393164046,33.80967158711223,0.0 -78.6952414564041,33.80968971052053,0.0 -78.69523595791031,33.80967979384046,0.0 -78.69517636326299,33.80970546814047,0.0 -78.69517515322532,33.809705988594246,0.0 -78.69517984344068,33.80971534092938,0.0 -78.69515070046604,33.80972752685673,0.0 -78.69508327104859,33.80975513787298,0.0 -78.69502333546282,33.80977961695975,0.0 -78.69499655741951,33.809734113780124,0.0</coordinates>
                    </LinearRing>
                </outerBoundaryIs>
            </Polygon>
        </Placemark>
        <Placemark id="2344636">
            <name>35714020062.0</name>
            <description>PIN: 35714020062.0&lt;br&gt;Wetland %: 0.00&lt;br&gt;Flood %: 0.00&lt;br&gt;Parcel area (m²): 2230.40</description>
            <styleUrl>#2344641</styleUrl>
            <ExtendedData>
                <Data name="PIN">
                    <value>35714020062.0</value>
                </Data>
                <Data name="Wetland_%">
                    <value>0.00</value>
                </Data>
                <Data name="Flood_%">
                    <value>0.00</value>
                </Data>
                <Data name="Parcel_area_m2">
                    <value>2230.40</value>
                </Data>
            </ExtendedData>
            <Polygon id="2344635">
                <outerBoundaryIs>
                    <LinearRing id="2344639">
                        <coordinates>-78.69499655741951,33.809734113780124,0.0 -78.69484603939514,33.80948182137376,0.0 -78.69490355225815,33.80945556548186,0.0 -78.69490280713471,33.809452638252395,0.0 -78.69490289454087,33.80944936754329,0.0 -78.69490298633178,33.809445932757775,0.0 -78.6949038966547,33.809442678274806,0.0 -78.69490562991832,33.80943943911644,0.0 -78.69490817217336,33.80943673726192,0.0 -78.69491070927253,33.80943422833228,0.0 -78.69491405172515,33.80943239283573,0.0 -78.69491738458905,33.8094309161434,0.0 -78.69492070868336,33.80942976760376,0.0 -78.694924841745,33.809429157269264,0.0 -78.69492896083335,33.80942906981533,0.0 -78.69493306674349,33.80942947549194,0.0 -78.69493633058408,33.80943058164967,0.0 -78.69494040418732,33.80943219626236,0.0 -78.69494364526149,33.80943415435488,0.0 -78.69494605901029,33.80943626119935,0.0 -78.69496184690277,33.80943086377948,0.0 -78.69495005793446,33.80940986022366,0.0 -78.69497695851022,33.809397684000125,0.0 -78.69500256405519,33.809386095189815,0.0 -78.69500180500432,33.80938368903861,0.0 -78.69500187843386,33.80938094121014,0.0 -78.69500195186338,33.80937819338161,0.0 -78.69500202529291,33.80937544555312,0.0 -78.69500292166262,33.809372713048596,0.0 -78.69500463215512,33.80937032582384,0.0 -78.69500633751618,33.809368130622516,0.0 -78.69500970270606,33.80936544408983,0.0 -78.69501305907849,33.809363087512835,0.0 -78.69501803784227,33.80936164056411,0.0 -78.69502217530861,33.809360865248465,0.0 -78.69502710854054,33.80936112216944,0.0 -78.69503202341538,33.80936206604734,0.0 -78.69503609186177,33.80936387358186,0.0 -78.69504013754269,33.80936653305127,0.0 -78.69509499347527,33.809347265647816,0.0 -78.69510921385509,33.809369716119825,0.0 -78.69512762178091,33.80935870491502,0.0 -78.69512687226636,33.80935594176326,0.0 -78.69512780534467,33.809351835343556,0.0 -78.69512873842288,33.809347728923804,0.0 -78.69513130343297,33.809344175129596,0.0 -78.69513386403443,33.809340786313214,0.0 -78.69513636956678,33.809339458368235,0.0 -78.69514054374355,33.809337309134335,0.0 -78.6951447046949,33.80933565483397,0.0 -78.69514966069033,33.809335059814984,0.0 -78.6951545939212,33.809335316730916,0.0 -78.69515950366491,33.80933645262721,0.0 -78.69516356842709,33.80933839808989,0.0 -78.69516761411074,33.80934105755515,0.0 -78.69522592182703,33.80931586079414,0.0 -78.69540885979944,33.8096182418397,0.0 -78.69534972898936,33.80964342336362,0.0 -78.69528393164046,33.80967158711223,0.0 -78.6952414564041,33.80968971052053,0.0 -78.69523595791031,33.80967979384046,0.0 -78.69517636326299,33.80970546814047,0.0 -78.69517515322532,33.809705988594246,0.0 -78.69517984344068,33.80971534092938,0.0 -78.69515070046604,33.80972752685673,0.0 -78.69508327104859,33.80975513787298,0.0 -78.69502333546282,33.80977961695975,0.0 -78.69499655741951,33.809734113780124,0.0</coordinates>
                    </LinearRing>
                </outerBoundaryIs>
            </Polygon>
        </Placemark>
        <Placemark id="2344650">
            <name>35714020053.0</name>
            <description>PIN: 35714020053.0&lt;br&gt;Wetland %: 0.00&lt;br&gt;Flood %: 0.00&lt;br&gt;Parcel area (m²): 2230.40</description>
            <styleUrl>#2344655</styleUrl>
            <ExtendedData>
                <Data name="PIN">
                    <value>35714020053.0</value>
                </Data>
                <Data name="Wetland_%">
                    <value>0.00</value>
                </Data>
                <Data name="Flood_%">
                    <value>0.00</value>
                </Data>
                <Data name="Parcel_area_m2">
                    <value>2230.40</value>
                </Data>
            </ExtendedData>
            <Polygon id="2344649">
                <outerBoundaryIs>
                    <LinearRing id="2344653">
                        <coordinates>-78.69499655741951,33.809734113780124,0.0 -78.69484603939514,33.80948182137376,0.0 -78.69490355225815,33.80945556548186,0.0 -78.69490280713471,33.809452638252395,0.0 -78.69490289454087,33.80944936754329,0.0 -78.69490298633178,33.809445932757775,0.0 -78.6949038966547,33.809442678274806,0.0 -78.69490562991832,33.80943943911644,0.0 -78.69490817217336,33.80943673726192,0.0 -78.69491070927253,33.80943422833228,0.0 -78.69491405172515,33.80943239283573,0.0 -78.69491738458905,33.8094309161434,0.0 -78.69492070868336,33.80942976760376,0.0 -78.694924841745,33.809429157269264,0.0 -78.69492896083335,33.80942906981533,0.0 -78.69493306674349,33.80942947549194,0.0 -78.69493633058408,33.80943058164967,0.0 -78.69494040418732,33.80943219626236,0.0 -78.69494364526149,33.80943415435488,0.0 -78.69494605901029,33.80943626119935,0.0 -78.69496184690277,33.80943086377948,0.0 -78.69495005793446,33.80940986022366,0.0 -78.69497695851022,33.809397684000125,0.0 -78.69500256405519,33.809386095189815,0.0 -78.69500180500432,33.80938368903861,0.0 -78.69500187843386,33.80938094121014,0.0 -78.69500195186338,33.80937819338161,0.0 -78.69500202529291,33.80937544555312,0.0 -78.69500292166262,33.809372713048596,0.0 -78.69500463215512,33.80937032582384,0.0 -78.69500633751618,33.809368130622516,0.0 -78.69500970270606,33.80936544408983,0.0 -78.69501305907849,33.809363087512835,0.0 -78.69501803784227,33.80936164056411,0.0 -78.69502217530861,33.809360865248465,0.0 -78.69502710854054,33.80936112216944,0.0 -78.69503202341538,33.80936206604734,0.0 -78.69503609186177,33.80936387358186,0.0 -78.69504013754269,33.80936653305127,0.0 -78.69509499347527,33.809347265647816,0.0 -78.69510921385509,33.809369716119825,0.0 -78.69512762178091,33.80935870491502,0.0 -78.69512687226636,33.80935594176326,0.0 -78.69512780534467,33.809351835343556,0.0 -78.69512873842288,33.809347728923804,0.0 -78.69513130343297,33.809344175129596,0.0 -78.69513386403443,33.809340786313214,0.0 -78.69513636956678,33.809339458368235,0.0 -78.69514054374355,33.809337309134335,0.0 -78.6951447046949,33.80933565483397,0.0 -78.69514966069033,33.809335059814984,0.0 -78.6951545939212,33.809335316730916,0.0 -78.69515950366491,33.80933645262721,0.0 -78.69516356842709,33.80933839808989,0.0 -78.69516761411074,33.80934105755515,0.0 -78.69522592182703,33.80931586079414,0.0 -78.69540885979944,33.8096182418397,0.0 -78.69534972898936,33.80964342336362,0.0 -78.69528393164046,33.80967158711223,0.0 -78.6952414564041,33.80968971052053,0.0 -78.69523595791031,33.80967979384046,0.0 -78.69517636326299,33.80970546814047,0.0 -78.69517515322532,33.809705988594246,0.0 -78.69517984344068,33.80971534092938,0.0 -78.69515070046604,33.80972752685673,0.0 -78.69508327104859,33.80975513787298,0.0 -78.69502333546282,33.80977961695975,0.0 -78.69499655741951,33.809734113780124,0.0</coordinates>
                    </LinearRing>
                </outerBoundaryIs>
            </Polygon>
        </Placemark>
        <Placemark id="2344664">
            <name>35714020037.0</name>
            <description>PIN: 35714020037.0&lt;br&gt;Wetland %: 0.00&lt;br&gt;Flood %: 0.00&lt;br&gt;Parcel area (m²): 2230.40</description>
            <styleUrl>#2344669</styleUrl>
            <ExtendedData>
                <Data name="PIN">
                    <value>35714020037.0</value>
                </Data>
                <Data name="Wetland_%">
                    <value>0.00</value>
                </Data>
                <Data name="Flood_%">
                    <value>0.00</value>
                </Data>
                <Data name="Parcel_area_m2">
                    <value>2230.40</value>
                </Data>
            </ExtendedData>
            <Polygon id="2344663">
                <outerBoundaryIs>
                    <LinearRing id="2344667">
                        <coordinates>-78.69499655741951,33.809734113780124,0.0 -78.69484603939514,33.80948182137376,0.0 -78.69490355225815,33.80945556548186,0.0 -78.69490280713471,33.809452638252395,0.0 -78.69490289454087,33.80944936754329,0.0 -78.69490298633178,33.809445932757775,0.0 -78.6949038966547,33.809442678274806,0.0 -78.69490562991832,33.80943943911644,0.0 -78.69490817217336,33.80943673726192,0.0 -78.69491070927253,33.80943422833228,0.0 -78.69491405172515,33.80943239283573,0.0 -78.69491738458905,33.8094309161434,0.0 -78.69492070868336,33.80942976760376,0.0 -78.694924841745,33.809429157269264,0.0 -78.69492896083335,33.80942906981533,0.0 -78.69493306674349,33.80942947549194,0.0 -78.69493633058408,33.80943058164967,0.0 -78.69494040418732,33.80943219626236,0.0 -78.69494364526149,33.80943415435488,0.0 -78.69494605901029,33.80943626119935,0.0 -78.69496184690277,33.80943086377948,0.0 -78.69495005793446,33.80940986022366,0.0 -78.69497695851022,33.809397684000125,0.0 -78.69500256405519,33.809386095189815,0.0 -78.69500180500432,33.80938368903861,0.0 -78.69500187843386,33.80938094121014,0.0 -78.69500195186338,33.80937819338161,0.0 -78.69500202529291,33.80937544555312,0.0 -78.69500292166262,33.809372713048596,0.0 -78.69500463215512,33.80937032582384,0.0 -78.69500633751618,33.809368130622516,0.0 -78.69500970270606,33.80936544408983,0.0 -78.69501305907849,33.809363087512835,0.0 -78.69501803784227,33.80936164056411,0.0 -78.69502217530861,33.809360865248465,0.0 -78.69502710854054,33.80936112216944,0.0 -78.69503202341538,33.80936206604734,0.0 -78.69503609186177,33.80936387358186,0.0 -78.69504013754269,33.80936653305127,0.0 -78.69509499347527,33.809347265647816,0.0 -78.69510921385509,33.809369716119825,0.0 -78.69512762178091,33.80935870491502,0.0 -78.69512687226636,33.80935594176326,0.0 -78.69512780534467,33.809351835343556,0.0 -78.69512873842288,33.809347728923804,0.0 -78.69513130343297,33.809344175129596,0.0 -78.69513386403443,33.809340786313214,0.0 -78.69513636956678,33.809339458368235,0.0 -78.69514054374355,33.809337309134335,0.0 -78.6951447046949,33.80933565483397,0.0 -78.69514966069033,33.809335059814984,0.0 -78.6951545939212,33.809335316730916,0.0 -78.69515950366491,33.80933645262721,0.0 -78.69516356842709,33.80933839808989,0.0 -78.69516761411074,33.80934105755515,0.0 -78.69522592182703,33.80931586079414,0.0 -78.69540885979944,33.8096182418397,0.0 -78.69534972898936,33.80964342336362,0.0 -78.69528393164046,33.80967158711223,0.0 -78.6952414564041,33.80968971052053,0.0 -78.69523595791031,33.80967979384046,0.0 -78.69517636326299,33.80970546814047,0.0 -78.69517515322532,33.809705988594246,0.0 -78.69517984344068,33.80971534092938,0.0 -78.69515070046604,33.80972752685673,0.0 -78.69508327104859,33.80975513787298,0.0 -78.69502333546282,33.80977961695975,0.0 -78.69499655741951,33.809734113780124,0.0</coordinates>
                    </LinearRing>
                </outerBoundaryIs>
            </Polygon>
        </Placemark>
        <Placemark id="2344678">
            <name>35714020064.0</name>
            <description>PIN: 35714020064.0&lt;br&gt;Wetland %: 0.00&lt;br&gt;Flood %: 0.00&lt;br&gt;Parcel area (m²): 2230.40</description>
            <styleUrl>#2344683</styleUrl>
            <ExtendedData>
                <Data name="PIN">
                    <value>35714020064.0</value>
                </Data>
                <Data name="Wetland_%">
                    <value>0.00</value>
                </Data>
                <Data name="Flood_%">
                    <value>0.00</value>
                </Data>
                <Data name="Parcel_area_m2">
                    <value>2230.40</value>
                </Data>
            </ExtendedData>
            <Polygon id="2344677">
                <outerBoundaryIs>
                    <LinearRing id="2344681">
                        <coordinates>-78.69499655741951,33.809734113780124,0.0 -78.69484603939514,33.80948182137376,0.0 -78.69490355225815,33.80945556548186,0.0 -78.69490280713471,33.809452638252395,0.0 -78.69490289454087,33.80944936754329,0.0 -78.69490298633178,33.809445932757775,0.0 -78.6949038966547,33.809442678274806,0.0 -78.69490562991832,33.80943943911644,0.0 -78.69490817217336,33.80943673726192,0.0 -78.69491070927253,33.80943422833228,0.0 -78.69491405172515,33.80943239283573,0.0 -78.69491738458905,33.8094309161434,0.0 -78.69492070868336,33.80942976760376,0.0 -78.694924841745,33.809429157269264,0.0 -78.69492896083335,33.80942906981533,0.0 -78.69493306674349,33.80942947549194,0.0 -78.69493633058408,33.80943058164967,0.0 -78.69494040418732,33.80943219626236,0.0 -78.69494364526149,33.80943415435488,0.0 -78.69494605901029,33.80943626119935,0.0 -78.69496184690277,33.80943086377948,0.0 -78.69495005793446,33.80940986022366,0.0 -78.69497695851022,33.809397684000125,0.0 -78.69500256405519,33.809386095189815,0.0 -78.69500180500432,33.80938368903861,0.0 -78.69500187843386,33.80938094121014,0.0 -78.69500195186338,33.80937819338161,0.0 -78.69500202529291,33.80937544555312,0.0 -78.69500292166262,33.809372713048596,0.0 -78.69500463215512,33.80937032582384,0.0 -78.69500633751618,33.809368130622516,0.0 -78.69500970270606,33.80936544408983,0.0 -78.69501305907849,33.809363087512835,0.0 -78.69501803784227,33.80936164056411,0.0 -78.69502217530861,33.809360865248465,0.0 -78.69502710854054,33.80936112216944,0.0 -78.69503202341538,33.80936206604734,0.0 -78.69503609186177,33.80936387358186,0.0 -78.69504013754269,33.80936653305127,0.0 -78.69509499347527,33.809347265647816,0.0 -78.69510921385509,33.809369716119825,0.0 -78.69512762178091,33.80935870491502,0.0 -78.69512687226636,33.80935594176326,0.0 -78.69512780534467,33.809351835343556,0.0 -78.69512873842288,33.809347728923804,0.0 -78.69513130343297,33.809344175129596,0.0 -78.69513386403443,33.809340786313214,0.0 -78.69513636956678,33.809339458368235,0.0 -78.69514054374355,33.809337309134335,0.0 -78.6951447046949,33.80933565483397,0.0 -78.69514966069033,33.809335059814984,0.0 -78.6951545939212,33.809335316730916,0.0 -78.69515950366491,33.80933645262721,0.0 -78.69516356842709,33.80933839808989,0.0 -78.69516761411074,33.80934105755515,0.0 -78.69522592182703,33.80931586079414,0.0 -78.69540885979944,33.8096182418397,0.0 -78.69534972898936,33.80964342336362,0.0 -78.69528393164046,33.80967158711223,0.0 -78.6952414564041,33.80968971052053,0.0 -78.69523595791031,33.80967979384046,0.0 -78.69517636326299,33.80970546814047,0.0 -78.69517515322532,33.809705988594246,0.0 -78.69517984344068,33.80971534092938,0.0 -78.69515070046604,33.80972752685673,0.0 -78.69508327104859,33.80975513787298,0.0 -78.69502333546282,33.80977961695975,0.0 -78.69499655741951,33.809734113780124,0.0</coordinates>
                    </LinearRing>
                </outerBoundaryIs>
            </Polygon>
        </Placemark>
        <Placemark id="2344692">
            <name>35714020014.0_1</name>
            <description>PIN: 35714020014.0&lt;br&gt;Wetland %: 0.00&lt;br&gt;Flood %: 0.00&lt;br&gt;Parcel area (m²): 4500.58</description>
            <styleUrl>#2344697</styleUrl>
            <ExtendedData>
                <Data name="PIN">
                    <value>35714020014.0</value>
                </Data>
                <Data name="Wetland_%">
                    <value>0.00</value>
                </Data>
                <Data name="Flood_%">
                    <value>0.00</value>
                </Data>
                <Data name="Parcel_area_m2">
                    <value>4500.58</value>
                </Data>
            </ExtendedData>
            <Polygon id="2344691">
                <outerBoundaryIs>
                    <LinearRing id="2344695">
                        <coordinates>-78.69494917279704,33.80935479758797,0.0 -78.6952157915971,33.80922978506378,0.0 -78.69524189666336,33.8092696185335,0.0 -78.69547434952047,33.80962945398208,0.0 -78.6953218558511,33.80969757894889,0.0 -78.69522936191306,33.80973881300734,0.0 -78.69520497516459,33.809749631729225,0.0 -78.69503272160692,33.80982604731311,0.0 -78.69502956074686,33.809821005989676,0.0 -78.69488171005771,33.80959213146786,0.0 -78.69488094329468,33.809590054390426,0.0 -78.69477971806833,33.80943421436639,0.0 -78.69494897803207,33.80935488866773,0.0 -78.69494917279704,33.80935479758797,0.0</coordinates>
                    </LinearRing>
                </outerBoundaryIs>
            </Polygon>
        </Placemark>
        <Placemark id="2344701">
            <name>35714020014.0_2</name>
            <styleUrl>#2344706</styleUrl>
            <Polygon id="2344700">
                <outerBoundaryIs>
                    <LinearRing id="2344704">
                        <coordinates>-78.69546429114315,33.80982102400234,0.0 -78.6956042837057,33.809758507276854,0.0 -78.69577319186429,33.81003141814144,0.0 -78.69578251726242,33.81004648590899,0.0 -78.69557029585208,33.81013610175335,0.0 -78.6955608466041,33.810120938761365,0.0 -78.69539346904885,33.80985235126591,0.0 -78.69546429114315,33.80982102400234,0.0</coordinates>
                    </LinearRing>
                </outerBoundaryIs>
            </Polygon>
        </Placemark>
        <Placemark id="2344715">
            <name>24615030001.0</name>
            <description>PIN: 24615030001.0&lt;br&gt;Wetland %: 6.25&lt;br&gt;Flood %: 100.00&lt;br&gt;Parcel area (m²): 15047.01</description>
            <styleUrl>#2344720</styleUrl>
            <ExtendedData>
                <Data name="PIN">
                    <value>24615030001.0</value>
                </Data>
                <Data name="Wetland_%">
                    <value>6.25</value>
                </Data>
                <Data name="Flood_%">
                    <value>100.00</value>
                </Data>
                <Data name="Parcel_area_m2">
                    <value>15047.01</value>
                </Data>
            </ExtendedData>
            <Polygon id="2344714">
                <outerBoundaryIs>
                    <LinearRing id="2344718">
                        <coordinates>-79.12988403752738,33.94856907003952,0.0 -79.13058389861534,33.94840890728556,0.0 -79.13106282975751,33.94973057606434,0.0 -79.1303682751658,33.949905415554525,0.0 -79.12988403752738,33.94856907003952,0.0</coordinates>
                    </LinearRing>
                </outerBoundaryIs>
            </Polygon>
        </Placemark>
        <Placemark id="2344729">
            <name>45813030051.0</name>
            <description>PIN: 45813030051.0&lt;br&gt;Wetland %: 0.00&lt;br&gt;Flood %: 100.00&lt;br&gt;Parcel area (m²): 280.68</description>
            <styleUrl>#2344734</styleUrl>
            <ExtendedData>
                <Data name="PIN">
                    <value>45813030051.0</value>
                </Data>
                <Data name="Wetland_%">
                    <value>0.00</value>
                </Data>
                <Data name="Flood_%">
                    <value>100.00</value>
                </Data>
                <Data name="Parcel_area_m2">
                    <value>280.68</value>
                </Data>
            </ExtendedData>
            <Polygon id="2344728">
                <outerBoundaryIs>
                    <LinearRing id="2344732">
                        <coordinates>-78.98602599308184,33.617904990653365,0.0 -78.9860260878807,33.617904901102804,0.0 -78.9862974175385,33.6176445367905,0.0 -78.98631294340801,33.6176557476431,0.0 -78.98632367625959,33.61764534372257,0.0 -78.98634859143179,33.61766333513723,0.0 -78.9860663912326,33.617933999294614,0.0 -78.98604942282054,33.61792186655334,0.0 -78.9860418578383,33.61791641721842,0.0 -78.98602599308184,33.617904990653365,0.0</coordinates>
                    </LinearRing>
                </outerBoundaryIs>
            </Polygon>
        </Placemark>
        <Placemark id="2344743">
            <name>46107010052.0</name>
            <description>PIN: 46107010052.0&lt;br&gt;Wetland %: 0.00&lt;br&gt;Flood %: 0.00&lt;br&gt;Parcel area (m²): 999.47</description>
            <styleUrl>#2344748</styleUrl>
            <ExtendedData>
                <Data name="PIN">
                    <value>46107010052.0</value>
                </Data>
                <Data name="Wetland_%">
                    <value>0.00</value>
                </Data>
                <Data name="Flood_%">
                    <value>0.00</value>
                </Data>
                <Data name="Parcel_area_m2">
                    <value>999.47</value>
                </Data>
            </ExtendedData>
            <Polygon id="2344742">
                <outerBoundaryIs>
                    <LinearRing id="2344746">
                        <coordinates>-78.97765003903936,33.60558390884382,0.0 -78.97765004991972,33.60558390451224,0.0 -78.97765006077896,33.60558390108232,0.0 -78.97770644817508,33.60556278810116,0.0 -78.97782985145463,33.60551657902643,0.0 -78.97809537504426,33.6057528867332,0.0 -78.97795963375903,33.60586750248523,0.0 -78.97765003903936,33.60558390884382,0.0</coordinates>
                    </LinearRing>
                </outerBoundaryIs>
            </Polygon>
        </Placemark>
        <Placemark id="2344757">
            <name>46107040183.0</name>
            <description>PIN: 46107040183.0&lt;br&gt;Wetland %: 0.00&lt;br&gt;Flood %: 0.00&lt;br&gt;Parcel area (m²): 2484.34</description>
            <styleUrl>#2344762</styleUrl>
            <ExtendedData>
                <Data name="PIN">
                    <value>46107040183.0</value>
                </Data>
                <Data name="Wetland_%">
                    <value>0.00</value>
                </Data>
                <Data name="Flood_%">
                    <value>0.00</value>
                </Data>
                <Data name="Parcel_area_m2">
                    <value>2484.34</value>
                </Data>
            </ExtendedData>
            <Polygon id="2344756">
                <outerBoundaryIs>
                    <LinearRing id="2344760">
                        <coordinates>-78.97707920293234,33.604592278956844,0.0 -78.97716268232367,33.60454293439941,0.0 -78.97720990739269,33.604525494924566,0.0 -78.97728220260434,33.60448973712549,0.0 -78.97734548532762,33.60445297391857,0.0 -78.97755686309854,33.60433530250295,0.0 -78.97776591029431,33.604559961036514,0.0 -78.97776597972096,33.604560034329204,0.0 -78.97765217384436,33.60463193012074,0.0 -78.97763926069244,33.60464008782095,0.0 -78.9775177206891,33.60470940443803,0.0 -78.9774567415241,33.60474062871949,0.0 -78.97734896449732,33.60479581428273,0.0 -78.97727459087635,33.60481945378635,0.0 -78.97707920293234,33.604592278956844,0.0</coordinates>
                    </LinearRing>
                </outerBoundaryIs>
            </Polygon>
        </Placemark>
        <Placemark id="2344771">
            <name>46107010074.0</name>
            <description>PIN: 46107010074.0&lt;br&gt;Wetland %: 0.00&lt;br&gt;Flood %: 0.00&lt;br&gt;Parcel area (m²): 936.62</description>
            <styleUrl>#2344776</styleUrl>
            <ExtendedData>
                <Data name="PIN">
                    <value>46107010074.0</value>
                </Data>
                <Data name="Wetland_%">
                    <value>0.00</value>
                </Data>
                <Data name="Flood_%">
                    <value>0.00</value>
                </Data>
                <Data name="Parcel_area_m2">
                    <value>936.62</value>
                </Data>
            </ExtendedData>
            <Polygon id="2344770">
                <outerBoundaryIs>
                    <LinearRing id="2344774">
                        <coordinates>-78.9763708605029,33.605272023707066,0.0 -78.97658948547272,33.60521559945955,0.0 -78.9766866361873,33.60547827078195,0.0 -78.97646771781666,33.605534770674886,0.0 -78.97646167604813,33.60551837889365,0.0 -78.97640292524271,33.605359007132954,0.0 -78.9763708605029,33.605272023707066,0.0</coordinates>
                    </LinearRing>
                </outerBoundaryIs>
            </Polygon>
        </Placemark>
        <Placemark id="2344785">
            <name>46109040051.0</name>
            <description>PIN: 46109040051.0&lt;br&gt;Wetland %: 0.00&lt;br&gt;Flood %: 99.97&lt;br&gt;Parcel area (m²): 435.81</description>
            <styleUrl>#2344790</styleUrl>
            <ExtendedData>
                <Data name="PIN">
                    <value>46109040051.0</value>
                </Data>
                <Data name="Wetland_%">
                    <value>0.00</value>
                </Data>
                <Data name="Flood_%">
                    <value>99.97</value>
                </Data>
                <Data name="Parcel_area_m2">
                    <value>435.81</value>
                </Data>
            </ExtendedData>
            <Polygon id="2344784">
                <outerBoundaryIs>
                    <LinearRing id="2344788">
                        <coordinates>-78.98312152742814,33.59586571614151,0.0 -78.98334342926765,33.59562711696091,0.0 -78.98335960449404,33.59561727571117,0.0 -78.9834093940608,33.59565542858992,0.0 -78.98334536330056,33.5957246581143,0.0 -78.98336964240207,33.59574000351805,0.0 -78.98321794091424,33.59590608186284,0.0 -78.98312152742814,33.59586571614151,0.0</coordinates>
                    </LinearRing>
                </outerBoundaryIs>
            </Polygon>
        </Placemark>
        <Placemark id="2344799">
            <name>35101010055.0</name>
            <description>PIN: 35101010055.0&lt;br&gt;Wetland %: 2.79&lt;br&gt;Flood %: 0.00&lt;br&gt;Parcel area (m²): 3374.50</description>
            <styleUrl>#2344804</styleUrl>
            <ExtendedData>
                <Data name="PIN">
                    <value>35101010055.0</value>
                </Data>
                <Data name="Wetland_%">
                    <value>2.79</value>
                </Data>
                <Data name="Flood_%">
                    <value>0.00</value>
                </Data>
                <Data name="Parcel_area_m2">
                    <value>3374.50</value>
                </Data>
            </ExtendedData>
            <Polygon id="2344798">
                <outerBoundaryIs>
                    <LinearRing id="2344802">
                        <coordinates>-78.64750279184342,33.85559815330947,0.0 -78.64753876204665,33.85559471454881,0.0 -78.64757440956997,33.855589432340714,0.0 -78.64760959872847,33.85558232665761,0.0 -78.6476441968822,33.85557342474546,0.0 -78.64767807013867,33.85556276014046,0.0 -78.64771109197248,33.855550373734694,0.0 -78.6477431346305,33.855536311808685,0.0 -78.6477740787827,33.85552062892082,0.0 -78.64784554135814,33.85561807545452,0.0 -78.64790045610955,33.85569295884519,0.0 -78.64790909476295,33.85570446604785,0.0 -78.64799555414187,33.85580126014731,0.0 -78.64822666805556,33.85616566378454,0.0 -78.64792628606214,33.856254549830695,0.0 -78.64750279184342,33.85559815330947,0.0</coordinates>
                    </LinearRing>
                </outerBoundaryIs>
            </Polygon>
        </Placemark>
        <Placemark id="2344813">
            <name>47008020029.0</name>
            <description>PIN: 47008020029.0&lt;br&gt;Wetland %: 0.00&lt;br&gt;Flood %: 0.00&lt;br&gt;Parcel area (m²): 3833.52</description>
            <styleUrl>#2344818</styleUrl>
            <ExtendedData>
                <Data name="PIN">
                    <value>47008020029.0</value>
                </Data>
                <Data name="Wetland_%">
                    <value>0.00</value>
                </Data>
                <Data name="Flood_%">
                    <value>0.00</value>
                </Data>
                <Data name="Parcel_area_m2">
                    <value>3833.52</value>
                </Data>
            </ExtendedData>
            <Polygon id="2344812">
                <outerBoundaryIs>
                    <LinearRing id="2344816">
                        <coordinates>-79.01195819489878,33.57854821786706,0.0 -79.01214368320188,33.57815876485293,0.0 -79.01215269678053,33.57816181966355,0.0 -79.01235714817595,33.578231103255,0.0 -79.01249303164781,33.578277319377165,0.0 -79.01256979273342,33.57830342717219,0.0 -79.01249819910514,33.578453991658044,0.0 -79.01236530914016,33.5787334664447,0.0 -79.01213631168811,33.57869386932165,0.0 -79.01213961775608,33.57880010763049,0.0 -79.01191218145027,33.57879970940633,0.0 -79.01190813420705,33.578654330072204,0.0 -79.0119081331097,33.578654284055325,0.0 -79.01195819489878,33.57854821786706,0.0</coordinates>
                    </LinearRing>
                </outerBoundaryIs>
            </Polygon>
        </Placemark>
        <Placemark id="2344827">
            <name>47008030110.0</name>
            <description>PIN: 47008030110.0&lt;br&gt;Wetland %: 0.00&lt;br&gt;Flood %: 0.00&lt;br&gt;Parcel area (m²): 1031.03</description>
            <styleUrl>#2344832</styleUrl>
            <ExtendedData>
                <Data name="PIN">
                    <value>47008030110.0</value>
                </Data>
                <Data name="Wetland_%">
                    <value>0.00</value>
                </Data>
                <Data name="Flood_%">
                    <value>0.00</value>
                </Data>
                <Data name="Parcel_area_m2">
                    <value>1031.03</value>
                </Data>
            </ExtendedData>
            <Polygon id="2344826">
                <outerBoundaryIs>
                    <LinearRing id="2344830">
                        <coordinates>-79.01246305000733,33.57813944071662,0.0 -79.01257190352322,33.577914431557204,0.0 -79.01264610204149,33.57794714539145,0.0 -79.01274238118862,33.577989594844595,0.0 -79.01282991669272,33.578085392419965,0.0 -79.01275576397771,33.57823865325998,0.0 -79.01246305000733,33.57813944071662,0.0</coordinates>
                    </LinearRing>
                </outerBoundaryIs>
            </Polygon>
        </Placemark>
        <Placemark id="2344841">
            <name>39100000111.0</name>
            <description>PIN: 39100000111.0&lt;br&gt;Wetland %: 0.00&lt;br&gt;Flood %: 100.00&lt;br&gt;Parcel area (m²): 470.93</description>
            <styleUrl>#2344846</styleUrl>
            <ExtendedData>
                <Data name="PIN">
                    <value>39100000111.0</value>
                </Data>
                <Data name="Wetland_%">
                    <value>0.00</value>
                </Data>
                <Data name="Flood_%">
                    <value>100.00</value>
                </Data>
                <Data name="Parcel_area_m2">
                    <value>470.93</value>
                </Data>
            </ExtendedData>
            <Polygon id="2344840">
                <outerBoundaryIs>
                    <LinearRing id="2344844">
                        <coordinates>-78.73938887548654,33.79253070874809,0.0 -78.7394701294006,33.792465446838555,0.0 -78.73947469354873,33.792469407737215,0.0 -78.73951087219588,33.792440349810875,0.0 -78.7395727812022,33.792494082063484,0.0 -78.73956407448027,33.792501075595105,0.0 -78.73962806019762,33.792556609985056,0.0 -78.73950035169159,33.79265918280006,0.0 -78.73948648655342,33.79267038175869,0.0 -78.7393558929731,33.79255734823431,0.0 -78.73938887548654,33.79253070874809,0.0</coordinates>
                    </LinearRing>
                </outerBoundaryIs>
            </Polygon>
        </Placemark>
        <Placemark id="2344855">
            <name>44704030059.0</name>
            <description>PIN: 44704030059.0&lt;br&gt;Wetland %: 48.27&lt;br&gt;Flood %: 100.00&lt;br&gt;Parcel area (m²): 1277.58</description>
            <styleUrl>#2344860</styleUrl>
            <ExtendedData>
                <Data name="PIN">
                    <value>44704030059.0</value>
                </Data>
                <Data name="Wetland_%">
                    <value>48.27</value>
                </Data>
                <Data name="Flood_%">
                    <value>100.00</value>
                </Data>
                <Data name="Parcel_area_m2">
                    <value>1277.58</value>
                </Data>
            </ExtendedData>
            <Polygon id="2344854">
                <outerBoundaryIs>
                    <LinearRing id="2344858">
                        <coordinates>-78.95399633478524,33.6637386831159,0.0 -78.95430240062,33.66390614683988,0.0 -78.95416517300276,33.66409371886768,0.0 -78.95391721101235,33.663991836603714,0.0 -78.95390577590413,33.66398611745543,0.0 -78.95389559662641,33.66397892818656,0.0 -78.95388694161214,33.663970457238335,0.0 -78.95388003638953,33.663960928419556,0.0 -78.95387506489553,33.66395059100656,0.0 -78.95387215547979,33.66393971860974,0.0 -78.9538713855598,33.663928594819474,0.0 -78.9538727762082,33.663917514018245,0.0 -78.95387629033829,33.66390676691972,0.0 -78.95388183496712,33.6638966360964,0.0 -78.95391855157266,33.66384325638802,0.0 -78.9539567245097,33.66379059617967,0.0 -78.95399633478524,33.6637386831159,0.0</coordinates>
                    </LinearRing>
                </outerBoundaryIs>
            </Polygon>
        </Placemark>
        <Placemark id="2344869">
            <name>44704030061.0</name>
            <description>PIN: 44704030061.0&lt;br&gt;Wetland %: 0.00&lt;br&gt;Flood %: 100.00&lt;br&gt;Parcel area (m²): 907.47</description>
            <styleUrl>#2344874</styleUrl>
            <ExtendedData>
                <Data name="PIN">
                    <value>44704030061.0</value>
                </Data>
                <Data name="Wetland_%">
                    <value>0.00</value>
                </Data>
                <Data name="Flood_%">
                    <value>100.00</value>
                </Data>
                <Data name="Parcel_area_m2">
                    <value>907.47</value>
                </Data>
            </ExtendedData>
            <Polygon id="2344868">
                <outerBoundaryIs>
                    <LinearRing id="2344872">
                        <coordinates>-78.95229673023225,33.665427442215346,0.0 -78.95241494630191,33.665140188268595,0.0 -78.95248239593636,33.66516046942021,0.0 -78.95254914984521,33.665182299370024,0.0 -78.95261515773932,33.66520566105106,0.0 -78.9524688163389,33.66548399166024,0.0 -78.95229673023225,33.665427442215346,0.0</coordinates>
                    </LinearRing>
                </outerBoundaryIs>
            </Polygon>
        </Placemark>
        <Placemark id="2344883">
            <name>44704040034.0</name>
            <description>PIN: 44704040034.0&lt;br&gt;Wetland %: 0.00&lt;br&gt;Flood %: 100.00&lt;br&gt;Parcel area (m²): 741.72</description>
            <styleUrl>#2344888</styleUrl>
            <ExtendedData>
                <Data name="PIN">
                    <value>44704040034.0</value>
                </Data>
                <Data name="Wetland_%">
                    <value>0.00</value>
                </Data>
                <Data name="Flood_%">
                    <value>100.00</value>
                </Data>
                <Data name="Parcel_area_m2">
                    <value>741.72</value>
                </Data>
            </ExtendedData>
            <Polygon id="2344882">
                <outerBoundaryIs>
                    <LinearRing id="2344886">
                        <coordinates>-78.95800471139904,33.664301546432924,0.0 -78.95810753945031,33.66401077974865,0.0 -78.95826507529684,33.664049947398205,0.0 -78.95816231708797,33.664340517832215,0.0 -78.95800471139904,33.664301546432924,0.0</coordinates>
                    </LinearRing>
                </outerBoundaryIs>
            </Polygon>
        </Placemark>
        <Placemark id="2344897">
            <name>44704040098.0</name>
            <description>PIN: 44704040098.0&lt;br&gt;Wetland %: 100.00&lt;br&gt;Flood %: 100.00&lt;br&gt;Parcel area (m²): 931.15</description>
            <styleUrl>#2344902</styleUrl>
            <ExtendedData>
                <Data name="PIN">
                    <value>44704040098.0</value>
                </Data>
                <Data name="Wetland_%">
                    <value>100.00</value>
                </Data>
                <Data name="Flood_%">
                    <value>100.00</value>
                </Data>
                <Data name="Parcel_area_m2">
                    <value>931.15</value>
                </Data>
            </ExtendedData>
            <Polygon id="2344896">
                <outerBoundaryIs>
                    <LinearRing id="2344900">
                        <coordinates>-78.95820408270404,33.664957634315385,0.0 -78.95838122254831,33.66487897931697,0.0 -78.95860084834466,33.66511915908473,0.0 -78.95844367374679,33.6652196483459,0.0 -78.95820408270404,33.664957634315385,0.0</coordinates>
                    </LinearRing>
                </outerBoundaryIs>
            </Polygon>
        </Placemark>
        <Placemark id="2344911">
            <name>44704040128.0</name>
            <description>PIN: 44704040128.0&lt;br&gt;Wetland %: 100.00&lt;br&gt;Flood %: 100.00&lt;br&gt;Parcel area (m²): 910.60</description>
            <styleUrl>#2344916</styleUrl>
            <ExtendedData>
                <Data name="PIN">
                    <value>44704040128.0</value>
                </Data>
                <Data name="Wetland_%">
                    <value>100.00</value>
                </Data>
                <Data name="Flood_%">
                    <value>100.00</value>
                </Data>
                <Data name="Parcel_area_m2">
                    <value>910.60</value>
                </Data>
            </ExtendedData>
            <Polygon id="2344910">
                <outerBoundaryIs>
                    <LinearRing id="2344914">
                        <coordinates>-78.95774316598649,33.66523381166112,0.0 -78.95791579272348,33.665064376163976,0.0 -78.9580902916226,33.66489310163919,0.0 -78.95810952434195,33.66478481379982,0.0 -78.95824537283202,33.66483189662433,0.0 -78.95838122254831,33.66487897931697,0.0 -78.95820408270404,33.664957634315385,0.0 -78.95804690899556,33.66505812399406,0.0 -78.95788973492151,33.665158613471185,0.0 -78.95773256048197,33.66525910274685,0.0 -78.957689066707,33.66528691060599,0.0 -78.95774316598649,33.66523381166112,0.0</coordinates>
                    </LinearRing>
                </outerBoundaryIs>
            </Polygon>
        </Placemark>
        <Placemark id="2344925">
            <name>19303040001.0</name>
            <description>PIN: 19303040001.0&lt;br&gt;Wetland %: 41.49&lt;br&gt;Flood %: 100.00&lt;br&gt;Parcel area (m²): 8210.79</description>
            <styleUrl>#2344930</styleUrl>
            <ExtendedData>
                <Data name="PIN">
                    <value>19303040001.0</value>
                </Data>
                <Data name="Wetland_%">
                    <value>41.49</value>
                </Data>
                <Data name="Flood_%">
                    <value>100.00</value>
                </Data>
                <Data name="Parcel_area_m2">
                    <value>8210.79</value>
                </Data>
            </ExtendedData>
            <Polygon id="2344924">
                <outerBoundaryIs>
                    <LinearRing id="2344928">
                        <coordinates>-79.1223163600653,34.05464873802107,0.0 -79.12242002164088,34.05436975567001,0.0 -79.12263973030868,34.05382067709441,0.0 -79.12269665271691,34.05381461533068,0.0 -79.12284224436019,34.05383890548269,0.0 -79.12304259870632,34.05391281013364,0.0 -79.12311095270371,34.05398223711176,0.0 -79.12323348945358,34.054031735444894,0.0 -79.12313002463083,34.05438049212516,0.0 -79.12308081496539,34.054690190564166,0.0 -79.12282929390817,34.054676594777426,0.0 -79.1223163600653,34.05464873802107,0.0</coordinates>
                    </LinearRing>
                </outerBoundaryIs>
            </Polygon>
        </Placemark>
        <Placemark id="2344939">
            <name>36307010047.0</name>
            <description>PIN: 36307010047.0&lt;br&gt;Wetland %: 97.74&lt;br&gt;Flood %: 66.68&lt;br&gt;Parcel area (m²): 1632.88</description>
            <styleUrl>#2344944</styleUrl>
            <ExtendedData>
                <Data name="PIN">
                    <value>36307010047.0</value>
                </Data>
                <Data name="Wetland_%">
                    <value>97.74</value>
                </Data>
                <Data name="Flood_%">
                    <value>66.68</value>
                </Data>
                <Data name="Parcel_area_m2">
                    <value>1632.88</value>
                </Data>
            </ExtendedData>
            <Polygon id="2344938">
                <outerBoundaryIs>
                    <LinearRing id="2344942">
                        <coordinates>-78.90605416723483,33.82441394941512,0.0 -78.90605873918912,33.82438583165712,0.0 -78.90606176174819,33.82435756954246,0.0 -78.90606322916987,33.82432922159931,0.0 -78.90606310634891,33.8242998302914,0.0 -78.90606131296583,33.824270478374316,0.0 -78.90605785070868,33.82424122991317,0.0 -78.90651963236256,33.82419510113087,0.0 -78.90653055464932,33.82425198984291,0.0 -78.90654874772154,33.82448111765091,0.0 -78.90651666944993,33.82447676100923,0.0 -78.90605416723483,33.82441394941512,0.0</coordinates>
                    </LinearRing>
                </outerBoundaryIs>
            </Polygon>
        </Placemark>
        <Placemark id="2344953">
            <name>36307040011.0</name>
            <description>PIN: 36307040011.0&lt;br&gt;Wetland %: 74.84&lt;br&gt;Flood %: 100.00&lt;br&gt;Parcel area (m²): 1673.04</description>
            <styleUrl>#2344958</styleUrl>
            <ExtendedData>
                <Data name="PIN">
                    <value>36307040011.0</value>
                </Data>
                <Data name="Wetland_%">
                    <value>74.84</value>
                </Data>
                <Data name="Flood_%">
                    <value>100.00</value>
                </Data>
                <Data name="Parcel_area_m2">
                    <value>1673.04</value>
                </Data>
            </ExtendedData>
            <Polygon id="2344952">
                <outerBoundaryIs>
                    <LinearRing id="2344956">
                        <coordinates>-78.90539271699083,33.82332257716762,0.0 -78.90574335777644,33.82328211019909,0.0 -78.90556111800761,33.823730821694035,0.0 -78.90538126547396,33.82368142460373,0.0 -78.90537159920346,33.82367803939069,0.0 -78.90536269669406,33.823673418833685,0.0 -78.90535478423315,33.823667678600025,0.0 -78.905348062519,33.82366096458958,0.0 -78.90534270035448,33.82365344561269,0.0 -78.90533883464727,33.82364531339016,0.0 -78.9053365620309,33.82363677158829,0.0 -78.90533594100343,33.82362803675705,0.0 -78.90533686598879,33.82361989629506,0.0 -78.90533922760217,33.823611959621736,0.0 -78.90536891681062,33.82353660187078,0.0 -78.90537865879756,33.82350914882981,0.0 -78.9053864283816,33.82348126015994,0.0 -78.90539219828942,33.823453035513815,0.0 -78.9053959466491,33.8234245746354,0.0 -78.90539766128842,33.82339597833454,0.0 -78.90539750916503,33.82337145150641,0.0 -78.90539585941589,33.82334696337798,0.0 -78.90539271699083,33.82332257716762,0.0</coordinates>
                    </LinearRing>
                </outerBoundaryIs>
            </Polygon>
        </Placemark>
        <Placemark id="2344967">
            <name>36307040009.0</name>
            <description>PIN: 36307040009.0&lt;br&gt;Wetland %: 98.33&lt;br&gt;Flood %: 100.00&lt;br&gt;Parcel area (m²): 1816.87</description>
            <styleUrl>#2344972</styleUrl>
            <ExtendedData>
                <Data name="PIN">
                    <value>36307040009.0</value>
                </Data>
                <Data name="Wetland_%">
                    <value>98.33</value>
                </Data>
                <Data name="Flood_%">
                    <value>100.00</value>
                </Data>
                <Data name="Parcel_area_m2">
                    <value>1816.87</value>
                </Data>
            </ExtendedData>
            <Polygon id="2344966">
                <outerBoundaryIs>
                    <LinearRing id="2344970">
                        <coordinates>-78.90574575061228,33.82380882637007,0.0 -78.9060577184064,33.82342958515971,0.0 -78.90607197348655,33.823461617314,0.0 -78.90607431674282,33.82346280148774,0.0 -78.90611590515255,33.82348381259748,0.0 -78.90616651649297,33.82350938219238,0.0 -78.90618402889764,33.82353886826703,0.0 -78.90624947112165,33.82364905292402,0.0 -78.90625229503642,33.823653807827355,0.0 -78.90627185890123,33.823660756097546,0.0 -78.90628211117958,33.82366439737521,0.0 -78.90628068383688,33.82366536896307,0.0 -78.90589738708522,33.82392639662283,0.0 -78.90587031305496,33.823900118376145,0.0 -78.90584152042393,33.82387514680539,0.0 -78.90581109811224,33.823851558273276,0.0 -78.90577914046264,33.82382942833218,0.0 -78.90574575061228,33.82380882637007,0.0</coordinates>
                    </LinearRing>
                </outerBoundaryIs>
            </Polygon>
        </Placemark>
        <Placemark id="2344981">
            <name>39107030040.0</name>
            <description>PIN: 39107030040.0&lt;br&gt;Wetland %: 0.00&lt;br&gt;Flood %: 0.00&lt;br&gt;Parcel area (m²): 2177.84</description>
            <styleUrl>#2344986</styleUrl>
            <ExtendedData>
                <Data name="PIN">
                    <value>39107030040.0</value>
                </Data>
                <Data name="Wetland_%">
                    <value>0.00</value>
                </Data>
                <Data name="Flood_%">
                    <value>0.00</value>
                </Data>
                <Data name="Parcel_area_m2">
                    <value>2177.84</value>
                </Data>
            </ExtendedData>
            <Polygon id="2344980">
                <outerBoundaryIs>
                    <LinearRing id="2344984">
                        <coordinates>-78.73635642690533,33.793847969009725,0.0 -78.73631694653025,33.79381406371764,0.0 -78.73630739223336,33.7938218063868,0.0 -78.73628565539366,33.79380315489797,0.0 -78.73629941598757,33.79379196971069,0.0 -78.73629136465672,33.79378508659389,0.0 -78.73628261805807,33.793792184700315,0.0 -78.73626091291516,33.79377356084539,0.0 -78.73627211719875,33.79376444580855,0.0 -78.7362365653592,33.79373393968334,0.0 -78.73622297251352,33.79374498993184,0.0 -78.7361973716729,33.79372299543059,0.0 -78.73620615426779,33.79371584296882,0.0 -78.73617298475595,33.79368738726599,0.0 -78.73623532884257,33.79363676041985,0.0 -78.73622959610115,33.79363184449531,0.0 -78.73624598063675,33.79361856334534,0.0 -78.73625309761917,33.79362465909982,0.0 -78.7363244257429,33.793566691311064,0.0 -78.73630974149677,33.793554080279065,0.0 -78.7363003873919,33.79356168770709,0.0 -78.73628016549658,33.793544301416425,0.0 -78.73629025895386,33.793536101394785,0.0 -78.73622946130729,33.79348390942618,0.0 -78.73626280228596,33.7934568344471,0.0 -78.73625574974054,33.79345079489103,0.0 -78.7362776524842,33.79343302368399,0.0 -78.73629198179836,33.79344532697321,0.0 -78.73633507997849,33.79341034886157,0.0 -78.73632722195195,33.793403634340635,0.0 -78.73634936043449,33.79338564735424,0.0 -78.73636066357788,33.79339536618421,0.0 -78.7363685361834,33.793388967343006,0.0 -78.73635124298347,33.793374134868124,0.0 -78.73636258182505,33.7933649122452,0.0 -78.7363695382632,33.79337086795893,0.0 -78.73637458462287,33.79336678146735,0.0 -78.73636540641265,33.793358916251826,0.0 -78.73646004825099,33.79328204755488,0.0 -78.73646938696962,33.79329005369937,0.0 -78.73648708483077,33.793275669085716,0.0 -78.73649932122329,33.79328617524728,0.0 -78.7365071599723,33.793279830797964,0.0 -78.73649862602164,33.79327252667001,0.0 -78.73651776939742,33.79325698601707,0.0 -78.73652788120536,33.793265666532385,0.0 -78.73656902800617,33.793232218458826,0.0 -78.73655456984015,33.793219802805304,0.0 -78.73657650522009,33.79320197712395,0.0 -78.73658613440001,33.7932102357094,0.0 -78.73662428644312,33.793179262852036,0.0 -78.736681092287,33.79322800017296,0.0 -78.73668607275685,33.79322391246402,0.0 -78.73671016013819,33.79324458667791,0.0 -78.73670427298586,33.793249345101906,0.0 -78.73677131889696,33.79330690232226,0.0 -78.7367529148796,33.79332185131783,0.0 -78.73674409152375,33.793314294777375,0.0 -78.73673329193824,33.793323059177645,0.0 -78.73675490893194,33.7933399775334,0.0 -78.73672779151295,33.79336199730988,0.0 -78.73670592587372,33.79334323259595,0.0 -78.73661737401834,33.793415153746935,0.0 -78.73653161442179,33.793484816880685,0.0 -78.73642573475887,33.793570798266046,0.0 -78.73645600587092,33.79359678273084,0.0 -78.73639749713311,33.79364431755496,0.0 -78.73644776562361,33.793687437047105,0.0 -78.7364702064965,33.79366920843224,0.0 -78.73649529344006,33.79369069830046,0.0 -78.73646975705189,33.79371145532812,0.0 -78.73647687405781,33.79371755106965,0.0 -78.73648690023039,33.79370940391935,0.0 -78.73650734963807,33.79372693323732,0.0 -78.73651008681652,33.79372929232022,0.0 -78.73644498314627,33.79378220581425,0.0 -78.73644961996482,33.7937861943107,0.0 -78.7364252605642,33.79380598250167,0.0 -78.73641695402416,33.79379882052917,0.0 -78.73636520697701,33.7938408715104,0.0 -78.73635642690533,33.793847969009725,0.0</coordinates>
                    </LinearRing>
                </outerBoundaryIs>
            </Polygon>
        </Placemark>
        <Placemark id="2344995">
            <name>39107030042.0</name>
            <description>PIN: 39107030042.0&lt;br&gt;Wetland %: 0.00&lt;br&gt;Flood %: 0.00&lt;br&gt;Parcel area (m²): 2177.84</description>
            <styleUrl>#2345000</styleUrl>
            <ExtendedData>
                <Data name="PIN">
                    <value>39107030042.0</value>
                </Data>
                <Data name="Wetland_%">
                    <value>0.00</value>
                </Data>
                <Data name="Flood_%">
                    <value>0.00</value>
                </Data>
                <Data name="Parcel_area_m2">
                    <value>2177.84</value>
                </Data>
            </ExtendedData>
            <Polygon id="2344994">
                <outerBoundaryIs>
                    <LinearRing id="2344998">
                        <coordinates>-78.73635642690533,33.793847969009725,0.0 -78.73631694653025,33.79381406371764,0.0 -78.73630739223336,33.7938218063868,0.0 -78.73628565539366,33.79380315489797,0.0 -78.73629941598757,33.79379196971069,0.0 -78.73629136465672,33.79378508659389,0.0 -78.73628261805807,33.793792184700315,0.0 -78.73626091291516,33.79377356084539,0.0 -78.73627211719875,33.79376444580855,0.0 -78.7362365653592,33.79373393968334,0.0 -78.73622297251352,33.79374498993184,0.0 -78.7361973716729,33.79372299543059,0.0 -78.73620615426779,33.79371584296882,0.0 -78.73617298475595,33.79368738726599,0.0 -78.73623532884257,33.79363676041985,0.0 -78.73622959610115,33.79363184449531,0.0 -78.73624598063675,33.79361856334534,0.0 -78.73625309761917,33.79362465909982,0.0 -78.7363244257429,33.793566691311064,0.0 -78.73630974149677,33.793554080279065,0.0 -78.7363003873919,33.79356168770709,0.0 -78.73628016549658,33.793544301416425,0.0 -78.73629025895386,33.793536101394785,0.0 -78.73622946130729,33.79348390942618,0.0 -78.73626280228596,33.7934568344471,0.0 -78.73625574974054,33.79345079489103,0.0 -78.7362776524842,33.79343302368399,0.0 -78.73629198179836,33.79344532697321,0.0 -78.73633507997849,33.79341034886157,0.0 -78.73632722195195,33.793403634340635,0.0 -78.73634936043449,33.79338564735424,0.0 -78.73636066357788,33.79339536618421,0.0 -78.7363685361834,33.793388967343006,0.0 -78.73635124298347,33.793374134868124,0.0 -78.73636258182505,33.7933649122452,0.0 -78.7363695382632,33.79337086795893,0.0 -78.73637458462287,33.79336678146735,0.0 -78.73636540641265,33.793358916251826,0.0 -78.73646004825099,33.79328204755488,0.0 -78.73646938696962,33.79329005369937,0.0 -78.73648708483077,33.793275669085716,0.0 -78.73649932122329,33.79328617524728,0.0 -78.7365071599723,33.793279830797964,0.0 -78.73649862602164,33.79327252667001,0.0 -78.73651776939742,33.79325698601707,0.0 -78.73652788120536,33.793265666532385,0.0 -78.73656902800617,33.793232218458826,0.0 -78.73655456984015,33.793219802805304,0.0 -78.73657650522009,33.79320197712395,0.0 -78.73658613440001,33.7932102357094,0.0 -78.73662428644312,33.793179262852036,0.0 -78.736681092287,33.79322800017296,0.0 -78.73668607275685,33.79322391246402,0.0 -78.73671016013819,33.79324458667791,0.0 -78.73670427298586,33.793249345101906,0.0 -78.73677131889696,33.79330690232226,0.0 -78.7367529148796,33.79332185131783,0.0 -78.73674409152375,33.793314294777375,0.0 -78.73673329193824,33.793323059177645,0.0 -78.73675490893194,33.7933399775334,0.0 -78.73672779151295,33.79336199730988,0.0 -78.73670592587372,33.79334323259595,0.0 -78.73661737401834,33.793415153746935,0.0 -78.73653161442179,33.793484816880685,0.0 -78.73642573475887,33.793570798266046,0.0 -78.73645600587092,33.79359678273084,0.0 -78.73639749713311,33.79364431755496,0.0 -78.73644776562361,33.793687437047105,0.0 -78.7364702064965,33.79366920843224,0.0 -78.73649529344006,33.79369069830046,0.0 -78.73646975705189,33.79371145532812,0.0 -78.73647687405781,33.79371755106965,0.0 -78.73648690023039,33.79370940391935,0.0 -78.73650734963807,33.79372693323732,0.0 -78.73651008681652,33.79372929232022,0.0 -78.73644498314627,33.79378220581425,0.0 -78.73644961996482,33.7937861943107,0.0 -78.7364252605642,33.79380598250167,0.0 -78.73641695402416,33.79379882052917,0.0 -78.73636520697701,33.7938408715104,0.0 -78.73635642690533,33.793847969009725,0.0</coordinates>
                    </LinearRing>
                </outerBoundaryIs>
            </Polygon>
        </Placemark>
        <Placemark id="2345009">
            <name>39107030047.0</name>
            <description>PIN: 39107030047.0&lt;br&gt;Wetland %: 0.00&lt;br&gt;Flood %: 0.00&lt;br&gt;Parcel area (m²): 2177.84</description>
            <styleUrl>#2345014</styleUrl>
            <ExtendedData>
                <Data name="PIN">
                    <value>39107030047.0</value>
                </Data>
                <Data name="Wetland_%">
                    <value>0.00</value>
                </Data>
                <Data name="Flood_%">
                    <value>0.00</value>
                </Data>
                <Data name="Parcel_area_m2">
                    <value>2177.84</value>
                </Data>
            </ExtendedData>
            <Polygon id="2345008">
                <outerBoundaryIs>
                    <LinearRing id="2345012">
                        <coordinates>-78.73635642690533,33.793847969009725,0.0 -78.73631694653025,33.79381406371764,0.0 -78.73630739223336,33.7938218063868,0.0 -78.73628565539366,33.79380315489797,0.0 -78.73629941598757,33.79379196971069,0.0 -78.73629136465672,33.79378508659389,0.0 -78.73628261805807,33.793792184700315,0.0 -78.73626091291516,33.79377356084539,0.0 -78.73627211719875,33.79376444580855,0.0 -78.7362365653592,33.79373393968334,0.0 -78.73622297251352,33.79374498993184,0.0 -78.7361973716729,33.79372299543059,0.0 -78.73620615426779,33.79371584296882,0.0 -78.73617298475595,33.79368738726599,0.0 -78.73623532884257,33.79363676041985,0.0 -78.73622959610115,33.79363184449531,0.0 -78.73624598063675,33.79361856334534,0.0 -78.73625309761917,33.79362465909982,0.0 -78.7363244257429,33.793566691311064,0.0 -78.73630974149677,33.793554080279065,0.0 -78.7363003873919,33.79356168770709,0.0 -78.73628016549658,33.793544301416425,0.0 -78.73629025895386,33.793536101394785,0.0 -78.73622946130729,33.79348390942618,0.0 -78.73626280228596,33.7934568344471,0.0 -78.73625574974054,33.79345079489103,0.0 -78.7362776524842,33.79343302368399,0.0 -78.73629198179836,33.79344532697321,0.0 -78.73633507997849,33.79341034886157,0.0 -78.73632722195195,33.793403634340635,0.0 -78.73634936043449,33.79338564735424,0.0 -78.73636066357788,33.79339536618421,0.0 -78.7363685361834,33.793388967343006,0.0 -78.73635124298347,33.793374134868124,0.0 -78.73636258182505,33.7933649122452,0.0 -78.7363695382632,33.79337086795893,0.0 -78.73637458462287,33.79336678146735,0.0 -78.73636540641265,33.793358916251826,0.0 -78.73646004825099,33.79328204755488,0.0 -78.73646938696962,33.79329005369937,0.0 -78.73648708483077,33.793275669085716,0.0 -78.73649932122329,33.79328617524728,0.0 -78.7365071599723,33.793279830797964,0.0 -78.73649862602164,33.79327252667001,0.0 -78.73651776939742,33.79325698601707,0.0 -78.73652788120536,33.793265666532385,0.0 -78.73656902800617,33.793232218458826,0.0 -78.73655456984015,33.793219802805304,0.0 -78.73657650522009,33.79320197712395,0.0 -78.73658613440001,33.7932102357094,0.0 -78.73662428644312,33.793179262852036,0.0 -78.736681092287,33.79322800017296,0.0 -78.73668607275685,33.79322391246402,0.0 -78.73671016013819,33.79324458667791,0.0 -78.73670427298586,33.793249345101906,0.0 -78.73677131889696,33.79330690232226,0.0 -78.7367529148796,33.79332185131783,0.0 -78.73674409152375,33.793314294777375,0.0 -78.73673329193824,33.793323059177645,0.0 -78.73675490893194,33.7933399775334,0.0 -78.73672779151295,33.79336199730988,0.0 -78.73670592587372,33.79334323259595,0.0 -78.73661737401834,33.793415153746935,0.0 -78.73653161442179,33.793484816880685,0.0 -78.73642573475887,33.793570798266046,0.0 -78.73645600587092,33.79359678273084,0.0 -78.73639749713311,33.79364431755496,0.0 -78.73644776562361,33.793687437047105,0.0 -78.7364702064965,33.79366920843224,0.0 -78.73649529344006,33.79369069830046,0.0 -78.73646975705189,33.79371145532812,0.0 -78.73647687405781,33.79371755106965,0.0 -78.73648690023039,33.79370940391935,0.0 -78.73650734963807,33.79372693323732,0.0 -78.73651008681652,33.79372929232022,0.0 -78.73644498314627,33.79378220581425,0.0 -78.73644961996482,33.7937861943107,0.0 -78.7364252605642,33.79380598250167,0.0 -78.73641695402416,33.79379882052917,0.0 -78.73636520697701,33.7938408715104,0.0 -78.73635642690533,33.793847969009725,0.0</coordinates>
                    </LinearRing>
                </outerBoundaryIs>
            </Polygon>
        </Placemark>
        <Placemark id="2345023">
            <name>39107030049.0</name>
            <description>PIN: 39107030049.0&lt;br&gt;Wetland %: 0.00&lt;br&gt;Flood %: 0.00&lt;br&gt;Parcel area (m²): 2177.84</description>
            <styleUrl>#2345028</styleUrl>
            <ExtendedData>
                <Data name="PIN">
                    <value>39107030049.0</value>
                </Data>
                <Data name="Wetland_%">
                    <value>0.00</value>
                </Data>
                <Data name="Flood_%">
                    <value>0.00</value>
                </Data>
                <Data name="Parcel_area_m2">
                    <value>2177.84</value>
                </Data>
            </ExtendedData>
            <Polygon id="2345022">
                <outerBoundaryIs>
                    <LinearRing id="2345026">
                        <coordinates>-78.73635642690533,33.793847969009725,0.0 -78.73631694653025,33.79381406371764,0.0 -78.73630739223336,33.7938218063868,0.0 -78.73628565539366,33.79380315489797,0.0 -78.73629941598757,33.79379196971069,0.0 -78.73629136465672,33.79378508659389,0.0 -78.73628261805807,33.793792184700315,0.0 -78.73626091291516,33.79377356084539,0.0 -78.73627211719875,33.79376444580855,0.0 -78.7362365653592,33.79373393968334,0.0 -78.73622297251352,33.79374498993184,0.0 -78.7361973716729,33.79372299543059,0.0 -78.73620615426779,33.79371584296882,0.0 -78.73617298475595,33.79368738726599,0.0 -78.73623532884257,33.79363676041985,0.0 -78.73622959610115,33.79363184449531,0.0 -78.73624598063675,33.79361856334534,0.0 -78.73625309761917,33.79362465909982,0.0 -78.7363244257429,33.793566691311064,0.0 -78.73630974149677,33.793554080279065,0.0 -78.7363003873919,33.79356168770709,0.0 -78.73628016549658,33.793544301416425,0.0 -78.73629025895386,33.793536101394785,0.0 -78.73622946130729,33.79348390942618,0.0 -78.73626280228596,33.7934568344471,0.0 -78.73625574974054,33.79345079489103,0.0 -78.7362776524842,33.79343302368399,0.0 -78.73629198179836,33.79344532697321,0.0 -78.73633507997849,33.79341034886157,0.0 -78.73632722195195,33.793403634340635,0.0 -78.73634936043449,33.79338564735424,0.0 -78.73636066357788,33.79339536618421,0.0 -78.7363685361834,33.793388967343006,0.0 -78.73635124298347,33.793374134868124,0.0 -78.73636258182505,33.7933649122452,0.0 -78.7363695382632,33.79337086795893,0.0 -78.73637458462287,33.79336678146735,0.0 -78.73636540641265,33.793358916251826,0.0 -78.73646004825099,33.79328204755488,0.0 -78.73646938696962,33.79329005369937,0.0 -78.73648708483077,33.793275669085716,0.0 -78.73649932122329,33.79328617524728,0.0 -78.7365071599723,33.793279830797964,0.0 -78.73649862602164,33.79327252667001,0.0 -78.73651776939742,33.79325698601707,0.0 -78.73652788120536,33.793265666532385,0.0 -78.73656902800617,33.793232218458826,0.0 -78.73655456984015,33.793219802805304,0.0 -78.73657650522009,33.79320197712395,0.0 -78.73658613440001,33.7932102357094,0.0 -78.73662428644312,33.793179262852036,0.0 -78.736681092287,33.79322800017296,0.0 -78.73668607275685,33.79322391246402,0.0 -78.73671016013819,33.79324458667791,0.0 -78.73670427298586,33.793249345101906,0.0 -78.73677131889696,33.79330690232226,0.0 -78.7367529148796,33.79332185131783,0.0 -78.73674409152375,33.793314294777375,0.0 -78.73673329193824,33.793323059177645,0.0 -78.73675490893194,33.7933399775334,0.0 -78.73672779151295,33.79336199730988,0.0 -78.73670592587372,33.79334323259595,0.0 -78.73661737401834,33.793415153746935,0.0 -78.73653161442179,33.793484816880685,0.0 -78.73642573475887,33.793570798266046,0.0 -78.73645600587092,33.79359678273084,0.0 -78.73639749713311,33.79364431755496,0.0 -78.73644776562361,33.793687437047105,0.0 -78.7364702064965,33.79366920843224,0.0 -78.73649529344006,33.79369069830046,0.0 -78.73646975705189,33.79371145532812,0.0 -78.73647687405781,33.79371755106965,0.0 -78.73648690023039,33.79370940391935,0.0 -78.73650734963807,33.79372693323732,0.0 -78.73651008681652,33.79372929232022,0.0 -78.73644498314627,33.79378220581425,0.0 -78.73644961996482,33.7937861943107,0.0 -78.7364252605642,33.79380598250167,0.0 -78.73641695402416,33.79379882052917,0.0 -78.73636520697701,33.7938408715104,0.0 -78.73635642690533,33.793847969009725,0.0</coordinates>
                    </LinearRing>
                </outerBoundaryIs>
            </Polygon>
        </Placemark>
        <Placemark id="2345037">
            <name>39107030056.0</name>
            <description>PIN: 39107030056.0&lt;br&gt;Wetland %: 0.00&lt;br&gt;Flood %: 0.00&lt;br&gt;Parcel area (m²): 2177.84</description>
            <styleUrl>#2345042</styleUrl>
            <ExtendedData>
                <Data name="PIN">
                    <value>39107030056.0</value>
                </Data>
                <Data name="Wetland_%">
                    <value>0.00</value>
                </Data>
                <Data name="Flood_%">
                    <value>0.00</value>
                </Data>
                <Data name="Parcel_area_m2">
                    <value>2177.84</value>
                </Data>
            </ExtendedData>
            <Polygon id="2345036">
                <outerBoundaryIs>
                    <LinearRing id="2345040">
                        <coordinates>-78.73635642690533,33.793847969009725,0.0 -78.73631694653025,33.79381406371764,0.0 -78.73630739223336,33.7938218063868,0.0 -78.73628565539366,33.79380315489797,0.0 -78.73629941598757,33.79379196971069,0.0 -78.73629136465672,33.79378508659389,0.0 -78.73628261805807,33.793792184700315,0.0 -78.73626091291516,33.79377356084539,0.0 -78.73627211719875,33.79376444580855,0.0 -78.7362365653592,33.79373393968334,0.0 -78.73622297251352,33.79374498993184,0.0 -78.7361973716729,33.79372299543059,0.0 -78.73620615426779,33.79371584296882,0.0 -78.73617298475595,33.79368738726599,0.0 -78.73623532884257,33.79363676041985,0.0 -78.73622959610115,33.79363184449531,0.0 -78.73624598063675,33.79361856334534,0.0 -78.73625309761917,33.79362465909982,0.0 -78.7363244257429,33.793566691311064,0.0 -78.73630974149677,33.793554080279065,0.0 -78.7363003873919,33.79356168770709,0.0 -78.73628016549658,33.793544301416425,0.0 -78.73629025895386,33.793536101394785,0.0 -78.73622946130729,33.79348390942618,0.0 -78.73626280228596,33.7934568344471,0.0 -78.73625574974054,33.79345079489103,0.0 -78.7362776524842,33.79343302368399,0.0 -78.73629198179836,33.79344532697321,0.0 -78.73633507997849,33.79341034886157,0.0 -78.73632722195195,33.793403634340635,0.0 -78.73634936043449,33.79338564735424,0.0 -78.73636066357788,33.79339536618421,0.0 -78.7363685361834,33.793388967343006,0.0 -78.73635124298347,33.793374134868124,0.0 -78.73636258182505,33.7933649122452,0.0 -78.7363695382632,33.79337086795893,0.0 -78.73637458462287,33.79336678146735,0.0 -78.73636540641265,33.793358916251826,0.0 -78.73646004825099,33.79328204755488,0.0 -78.73646938696962,33.79329005369937,0.0 -78.73648708483077,33.793275669085716,0.0 -78.73649932122329,33.79328617524728,0.0 -78.7365071599723,33.793279830797964,0.0 -78.73649862602164,33.79327252667001,0.0 -78.73651776939742,33.79325698601707,0.0 -78.73652788120536,33.793265666532385,0.0 -78.73656902800617,33.793232218458826,0.0 -78.73655456984015,33.793219802805304,0.0 -78.73657650522009,33.79320197712395,0.0 -78.73658613440001,33.7932102357094,0.0 -78.73662428644312,33.793179262852036,0.0 -78.736681092287,33.79322800017296,0.0 -78.73668607275685,33.79322391246402,0.0 -78.73671016013819,33.79324458667791,0.0 -78.73670427298586,33.793249345101906,0.0 -78.73677131889696,33.79330690232226,0.0 -78.7367529148796,33.79332185131783,0.0 -78.73674409152375,33.793314294777375,0.0 -78.73673329193824,33.793323059177645,0.0 -78.73675490893194,33.7933399775334,0.0 -78.73672779151295,33.79336199730988,0.0 -78.73670592587372,33.79334323259595,0.0 -78.73661737401834,33.793415153746935,0.0 -78.73653161442179,33.793484816880685,0.0 -78.73642573475887,33.793570798266046,0.0 -78.73645600587092,33.79359678273084,0.0 -78.73639749713311,33.79364431755496,0.0 -78.73644776562361,33.793687437047105,0.0 -78.7364702064965,33.79366920843224,0.0 -78.73649529344006,33.79369069830046,0.0 -78.73646975705189,33.79371145532812,0.0 -78.73647687405781,33.79371755106965,0.0 -78.73648690023039,33.79370940391935,0.0 -78.73650734963807,33.79372693323732,0.0 -78.73651008681652,33.79372929232022,0.0 -78.73644498314627,33.79378220581425,0.0 -78.73644961996482,33.7937861943107,0.0 -78.7364252605642,33.79380598250167,0.0 -78.73641695402416,33.79379882052917,0.0 -78.73636520697701,33.7938408715104,0.0 -78.73635642690533,33.793847969009725,0.0</coordinates>
                    </LinearRing>
                </outerBoundaryIs>
            </Polygon>
        </Placemark>
        <Placemark id="2345051">
            <name>39107030058.0</name>
            <description>PIN: 39107030058.0&lt;br&gt;Wetland %: 0.00&lt;br&gt;Flood %: 0.00&lt;br&gt;Parcel area (m²): 2177.84</description>
            <styleUrl>#2345056</styleUrl>
            <ExtendedData>
                <Data name="PIN">
                    <value>39107030058.0</value>
                </Data>
                <Data name="Wetland_%">
                    <value>0.00</value>
                </Data>
                <Data name="Flood_%">
                    <value>0.00</value>
                </Data>
                <Data name="Parcel_area_m2">
                    <value>2177.84</value>
                </Data>
            </ExtendedData>
            <Polygon id="2345050">
                <outerBoundaryIs>
                    <LinearRing id="2345054">
                        <coordinates>-78.73635642690533,33.793847969009725,0.0 -78.73631694653025,33.79381406371764,0.0 -78.73630739223336,33.7938218063868,0.0 -78.73628565539366,33.79380315489797,0.0 -78.73629941598757,33.79379196971069,0.0 -78.73629136465672,33.79378508659389,0.0 -78.73628261805807,33.793792184700315,0.0 -78.73626091291516,33.79377356084539,0.0 -78.73627211719875,33.79376444580855,0.0 -78.7362365653592,33.79373393968334,0.0 -78.73622297251352,33.79374498993184,0.0 -78.7361973716729,33.79372299543059,0.0 -78.73620615426779,33.79371584296882,0.0 -78.73617298475595,33.79368738726599,0.0 -78.73623532884257,33.79363676041985,0.0 -78.73622959610115,33.79363184449531,0.0 -78.73624598063675,33.79361856334534,0.0 -78.73625309761917,33.79362465909982,0.0 -78.7363244257429,33.793566691311064,0.0 -78.73630974149677,33.793554080279065,0.0 -78.7363003873919,33.79356168770709,0.0 -78.73628016549658,33.793544301416425,0.0 -78.73629025895386,33.793536101394785,0.0 -78.73622946130729,33.79348390942618,0.0 -78.73626280228596,33.7934568344471,0.0 -78.73625574974054,33.79345079489103,0.0 -78.7362776524842,33.79343302368399,0.0 -78.73629198179836,33.79344532697321,0.0 -78.73633507997849,33.79341034886157,0.0 -78.73632722195195,33.793403634340635,0.0 -78.73634936043449,33.79338564735424,0.0 -78.73636066357788,33.79339536618421,0.0 -78.7363685361834,33.793388967343006,0.0 -78.73635124298347,33.793374134868124,0.0 -78.73636258182505,33.7933649122452,0.0 -78.7363695382632,33.79337086795893,0.0 -78.73637458462287,33.79336678146735,0.0 -78.73636540641265,33.793358916251826,0.0 -78.73646004825099,33.79328204755488,0.0 -78.73646938696962,33.79329005369937,0.0 -78.73648708483077,33.793275669085716,0.0 -78.73649932122329,33.79328617524728,0.0 -78.7365071599723,33.793279830797964,0.0 -78.73649862602164,33.79327252667001,0.0 -78.73651776939742,33.79325698601707,0.0 -78.73652788120536,33.793265666532385,0.0 -78.73656902800617,33.793232218458826,0.0 -78.73655456984015,33.793219802805304,0.0 -78.73657650522009,33.79320197712395,0.0 -78.73658613440001,33.7932102357094,0.0 -78.73662428644312,33.793179262852036,0.0 -78.736681092287,33.79322800017296,0.0 -78.73668607275685,33.79322391246402,0.0 -78.73671016013819,33.79324458667791,0.0 -78.73670427298586,33.793249345101906,0.0 -78.73677131889696,33.79330690232226,0.0 -78.7367529148796,33.79332185131783,0.0 -78.73674409152375,33.793314294777375,0.0 -78.73673329193824,33.793323059177645,0.0 -78.73675490893194,33.7933399775334,0.0 -78.73672779151295,33.79336199730988,0.0 -78.73670592587372,33.79334323259595,0.0 -78.73661737401834,33.793415153746935,0.0 -78.73653161442179,33.793484816880685,0.0 -78.73642573475887,33.793570798266046,0.0 -78.73645600587092,33.79359678273084,0.0 -78.73639749713311,33.79364431755496,0.0 -78.73644776562361,33.793687437047105,0.0 -78.7364702064965,33.79366920843224,0.0 -78.73649529344006,33.79369069830046,0.0 -78.73646975705189,33.79371145532812,0.0 -78.73647687405781,33.79371755106965,0.0 -78.73648690023039,33.79370940391935,0.0 -78.73650734963807,33.79372693323732,0.0 -78.73651008681652,33.79372929232022,0.0 -78.73644498314627,33.79378220581425,0.0 -78.73644961996482,33.7937861943107,0.0 -78.7364252605642,33.79380598250167,0.0 -78.73641695402416,33.79379882052917,0.0 -78.73636520697701,33.7938408715104,0.0 -78.73635642690533,33.793847969009725,0.0</coordinates>
                    </LinearRing>
                </outerBoundaryIs>
            </Polygon>
        </Placemark>
        <Placemark id="2345065">
            <name>39107030065.0</name>
            <description>PIN: 39107030065.0&lt;br&gt;Wetland %: 0.00&lt;br&gt;Flood %: 0.00&lt;br&gt;Parcel area (m²): 2177.84</description>
            <styleUrl>#2345070</styleUrl>
            <ExtendedData>
                <Data name="PIN">
                    <value>39107030065.0</value>
                </Data>
                <Data name="Wetland_%">
                    <value>0.00</value>
                </Data>
                <Data name="Flood_%">
                    <value>0.00</value>
                </Data>
                <Data name="Parcel_area_m2">
                    <value>2177.84</value>
                </Data>
            </ExtendedData>
            <Polygon id="2345064">
                <outerBoundaryIs>
                    <LinearRing id="2345068">
                        <coordinates>-78.73635642690533,33.793847969009725,0.0 -78.73631694653025,33.79381406371764,0.0 -78.73630739223336,33.7938218063868,0.0 -78.73628565539366,33.79380315489797,0.0 -78.73629941598757,33.79379196971069,0.0 -78.73629136465672,33.79378508659389,0.0 -78.73628261805807,33.793792184700315,0.0 -78.73626091291516,33.79377356084539,0.0 -78.73627211719875,33.79376444580855,0.0 -78.7362365653592,33.79373393968334,0.0 -78.73622297251352,33.79374498993184,0.0 -78.7361973716729,33.79372299543059,0.0 -78.73620615426779,33.79371584296882,0.0 -78.73617298475595,33.79368738726599,0.0 -78.73623532884257,33.79363676041985,0.0 -78.73622959610115,33.79363184449531,0.0 -78.73624598063675,33.79361856334534,0.0 -78.73625309761917,33.79362465909982,0.0 -78.7363244257429,33.793566691311064,0.0 -78.73630974149677,33.793554080279065,0.0 -78.7363003873919,33.79356168770709,0.0 -78.73628016549658,33.793544301416425,0.0 -78.73629025895386,33.793536101394785,0.0 -78.73622946130729,33.79348390942618,0.0 -78.73626280228596,33.7934568344471,0.0 -78.73625574974054,33.79345079489103,0.0 -78.7362776524842,33.79343302368399,0.0 -78.73629198179836,33.79344532697321,0.0 -78.73633507997849,33.79341034886157,0.0 -78.73632722195195,33.793403634340635,0.0 -78.73634936043449,33.79338564735424,0.0 -78.73636066357788,33.79339536618421,0.0 -78.7363685361834,33.793388967343006,0.0 -78.73635124298347,33.793374134868124,0.0 -78.73636258182505,33.7933649122452,0.0 -78.7363695382632,33.79337086795893,0.0 -78.73637458462287,33.79336678146735,0.0 -78.73636540641265,33.793358916251826,0.0 -78.73646004825099,33.79328204755488,0.0 -78.73646938696962,33.79329005369937,0.0 -78.73648708483077,33.793275669085716,0.0 -78.73649932122329,33.79328617524728,0.0 -78.7365071599723,33.793279830797964,0.0 -78.73649862602164,33.79327252667001,0.0 -78.73651776939742,33.79325698601707,0.0 -78.73652788120536,33.793265666532385,0.0 -78.73656902800617,33.793232218458826,0.0 -78.73655456984015,33.793219802805304,0.0 -78.73657650522009,33.79320197712395,0.0 -78.73658613440001,33.7932102357094,0.0 -78.73662428644312,33.793179262852036,0.0 -78.736681092287,33.79322800017296,0.0 -78.73668607275685,33.79322391246402,0.0 -78.73671016013819,33.79324458667791,0.0 -78.73670427298586,33.793249345101906,0.0 -78.73677131889696,33.79330690232226,0.0 -78.7367529148796,33.79332185131783,0.0 -78.73674409152375,33.793314294777375,0.0 -78.73673329193824,33.793323059177645,0.0 -78.73675490893194,33.7933399775334,0.0 -78.73672779151295,33.79336199730988,0.0 -78.73670592587372,33.79334323259595,0.0 -78.73661737401834,33.793415153746935,0.0 -78.73653161442179,33.793484816880685,0.0 -78.73642573475887,33.793570798266046,0.0 -78.73645600587092,33.79359678273084,0.0 -78.73639749713311,33.79364431755496,0.0 -78.73644776562361,33.793687437047105,0.0 -78.7364702064965,33.79366920843224,0.0 -78.73649529344006,33.79369069830046,0.0 -78.73646975705189,33.79371145532812,0.0 -78.73647687405781,33.79371755106965,0.0 -78.73648690023039,33.79370940391935,0.0 -78.73650734963807,33.79372693323732,0.0 -78.73651008681652,33.79372929232022,0.0 -78.73644498314627,33.79378220581425,0.0 -78.73644961996482,33.7937861943107,0.0 -78.7364252605642,33.79380598250167,0.0 -78.73641695402416,33.79379882052917,0.0 -78.73636520697701,33.7938408715104,0.0 -78.73635642690533,33.793847969009725,0.0</coordinates>
                    </LinearRing>
                </outerBoundaryIs>
            </Polygon>
        </Placemark>
        <Placemark id="2345079">
            <name>39107030067.0</name>
            <description>PIN: 39107030067.0&lt;br&gt;Wetland %: 0.00&lt;br&gt;Flood %: 0.00&lt;br&gt;Parcel area (m²): 2177.84</description>
            <styleUrl>#2345084</styleUrl>
            <ExtendedData>
                <Data name="PIN">
                    <value>39107030067.0</value>
                </Data>
                <Data name="Wetland_%">
                    <value>0.00</value>
                </Data>
                <Data name="Flood_%">
                    <value>0.00</value>
                </Data>
                <Data name="Parcel_area_m2">
                    <value>2177.84</value>
                </Data>
            </ExtendedData>
            <Polygon id="2345078">
                <outerBoundaryIs>
                    <LinearRing id="2345082">
                        <coordinates>-78.73635642690533,33.793847969009725,0.0 -78.73631694653025,33.79381406371764,0.0 -78.73630739223336,33.7938218063868,0.0 -78.73628565539366,33.79380315489797,0.0 -78.73629941598757,33.79379196971069,0.0 -78.73629136465672,33.79378508659389,0.0 -78.73628261805807,33.793792184700315,0.0 -78.73626091291516,33.79377356084539,0.0 -78.73627211719875,33.79376444580855,0.0 -78.7362365653592,33.79373393968334,0.0 -78.73622297251352,33.79374498993184,0.0 -78.7361973716729,33.79372299543059,0.0 -78.73620615426779,33.79371584296882,0.0 -78.73617298475595,33.79368738726599,0.0 -78.73623532884257,33.79363676041985,0.0 -78.73622959610115,33.79363184449531,0.0 -78.73624598063675,33.79361856334534,0.0 -78.73625309761917,33.79362465909982,0.0 -78.7363244257429,33.793566691311064,0.0 -78.73630974149677,33.793554080279065,0.0 -78.7363003873919,33.79356168770709,0.0 -78.73628016549658,33.793544301416425,0.0 -78.73629025895386,33.793536101394785,0.0 -78.73622946130729,33.79348390942618,0.0 -78.73626280228596,33.7934568344471,0.0 -78.73625574974054,33.79345079489103,0.0 -78.7362776524842,33.79343302368399,0.0 -78.73629198179836,33.79344532697321,0.0 -78.73633507997849,33.79341034886157,0.0 -78.73632722195195,33.793403634340635,0.0 -78.73634936043449,33.79338564735424,0.0 -78.73636066357788,33.79339536618421,0.0 -78.7363685361834,33.793388967343006,0.0 -78.73635124298347,33.793374134868124,0.0 -78.73636258182505,33.7933649122452,0.0 -78.7363695382632,33.79337086795893,0.0 -78.73637458462287,33.79336678146735,0.0 -78.73636540641265,33.793358916251826,0.0 -78.73646004825099,33.79328204755488,0.0 -78.73646938696962,33.79329005369937,0.0 -78.73648708483077,33.793275669085716,0.0 -78.73649932122329,33.79328617524728,0.0 -78.7365071599723,33.793279830797964,0.0 -78.73649862602164,33.79327252667001,0.0 -78.73651776939742,33.79325698601707,0.0 -78.73652788120536,33.793265666532385,0.0 -78.73656902800617,33.793232218458826,0.0 -78.73655456984015,33.793219802805304,0.0 -78.73657650522009,33.79320197712395,0.0 -78.73658613440001,33.7932102357094,0.0 -78.73662428644312,33.793179262852036,0.0 -78.736681092287,33.79322800017296,0.0 -78.73668607275685,33.79322391246402,0.0 -78.73671016013819,33.79324458667791,0.0 -78.73670427298586,33.793249345101906,0.0 -78.73677131889696,33.79330690232226,0.0 -78.7367529148796,33.79332185131783,0.0 -78.73674409152375,33.793314294777375,0.0 -78.73673329193824,33.793323059177645,0.0 -78.73675490893194,33.7933399775334,0.0 -78.73672779151295,33.79336199730988,0.0 -78.73670592587372,33.79334323259595,0.0 -78.73661737401834,33.793415153746935,0.0 -78.73653161442179,33.793484816880685,0.0 -78.73642573475887,33.793570798266046,0.0 -78.73645600587092,33.79359678273084,0.0 -78.73639749713311,33.79364431755496,0.0 -78.73644776562361,33.793687437047105,0.0 -78.7364702064965,33.79366920843224,0.0 -78.73649529344006,33.79369069830046,0.0 -78.73646975705189,33.79371145532812,0.0 -78.73647687405781,33.79371755106965,0.0 -78.73648690023039,33.79370940391935,0.0 -78.73650734963807,33.79372693323732,0.0 -78.73651008681652,33.79372929232022,0.0 -78.73644498314627,33.79378220581425,0.0 -78.73644961996482,33.7937861943107,0.0 -78.7364252605642,33.79380598250167,0.0 -78.73641695402416,33.79379882052917,0.0 -78.73636520697701,33.7938408715104,0.0 -78.73635642690533,33.793847969009725,0.0</coordinates>
                    </LinearRing>
                </outerBoundaryIs>
            </Polygon>
        </Placemark>
        <Placemark id="2345093">
            <name>39106010060.0</name>
            <description>PIN: 39106010060.0&lt;br&gt;Wetland %: 19.74&lt;br&gt;Flood %: 0.00&lt;br&gt;Parcel area (m²): 3981.26</description>
            <styleUrl>#2345098</styleUrl>
            <ExtendedData>
                <Data name="PIN">
                    <value>39106010060.0</value>
                </Data>
                <Data name="Wetland_%">
                    <value>19.74</value>
                </Data>
                <Data name="Flood_%">
                    <value>0.00</value>
                </Data>
                <Data name="Parcel_area_m2">
                    <value>3981.26</value>
                </Data>
            </ExtendedData>
            <Polygon id="2345092">
                <outerBoundaryIs>
                    <LinearRing id="2345096">
                        <coordinates>-78.73505261076944,33.79369890288848,0.0 -78.73506094698149,33.793694930773725,0.0 -78.73529447740184,33.79398701144027,0.0 -78.73513240139296,33.794077517693545,0.0 -78.73513054392816,33.79407852095842,0.0 -78.73496539378404,33.794167763013434,0.0 -78.73496517563886,33.79416788349188,0.0 -78.7349227916144,33.79419138411205,0.0 -78.73470559704717,33.79431180842526,0.0 -78.73458088219634,33.79420213531972,0.0 -78.73455593903405,33.79418020122026,0.0 -78.73455587461076,33.79418014502131,0.0 -78.7343974325777,33.79404069841833,0.0 -78.7347212453251,33.79387256682549,0.0 -78.7347316028362,33.793867154314846,0.0 -78.73489788810205,33.79378025590037,0.0 -78.73489818822456,33.79378009903997,0.0 -78.73493408323566,33.79376122579554,0.0 -78.73505261076944,33.79369890288848,0.0</coordinates>
                    </LinearRing>
                </outerBoundaryIs>
            </Polygon>
        </Placemark>
        <Placemark id="2345107">
            <name>44704040120.0</name>
            <description>PIN: 44704040120.0&lt;br&gt;Wetland %: 0.00&lt;br&gt;Flood %: 100.00&lt;br&gt;Parcel area (m²): 993.73</description>
            <styleUrl>#2345112</styleUrl>
            <ExtendedData>
                <Data name="PIN">
                    <value>44704040120.0</value>
                </Data>
                <Data name="Wetland_%">
                    <value>0.00</value>
                </Data>
                <Data name="Flood_%">
                    <value>100.00</value>
                </Data>
                <Data name="Parcel_area_m2">
                    <value>993.73</value>
                </Data>
            </ExtendedData>
            <Polygon id="2345106">
                <outerBoundaryIs>
                    <LinearRing id="2345110">
                        <coordinates>-78.95717504716477,33.665200349742534,0.0 -78.95733579687874,33.66509757611321,0.0 -78.95757538567686,33.66535959182099,0.0 -78.95741821050619,33.66546008069362,0.0 -78.95741463576041,33.6654623657576,0.0 -78.95717504716477,33.665200349742534,0.0</coordinates>
                    </LinearRing>
                </outerBoundaryIs>
            </Polygon>
        </Placemark>
        <Placemark id="2345121">
            <name>19302020001.0</name>
            <description>PIN: 19302020001.0&lt;br&gt;Wetland %: 95.46&lt;br&gt;Flood %: 100.00&lt;br&gt;Parcel area (m²): 53085.08</description>
            <styleUrl>#2345126</styleUrl>
            <ExtendedData>
                <Data name="PIN">
                    <value>19302020001.0</value>
                </Data>
                <Data name="Wetland_%">
                    <value>95.46</value>
                </Data>
                <Data name="Flood_%">
                    <value>100.00</value>
                </Data>
                <Data name="Parcel_area_m2">
                    <value>53085.08</value>
                </Data>
            </ExtendedData>
            <Polygon id="2345120">
                <outerBoundaryIs>
                    <LinearRing id="2345124">
                        <coordinates>-79.1239077542253,34.054743749176346,0.0 -79.12393390906766,34.054392642302695,0.0 -79.12397293298643,34.05411075382389,0.0 -79.12413675451903,34.05411923002441,0.0 -79.12423408021142,34.05415933706712,0.0 -79.1243080155722,34.05416510849873,0.0 -79.12439828461744,34.05422782158269,0.0 -79.12444199778162,34.054228340377946,0.0 -79.1245365769585,34.05420221530245,0.0 -79.12463281365189,34.05425704791872,0.0 -79.12464893293408,34.05427041044112,0.0 -79.12473657867004,34.054318238494986,0.0 -79.12477151839394,34.05436429822491,0.0 -79.1248034612822,34.054412689923595,0.0 -79.12487713814126,34.054461640702975,0.0 -79.12497753474074,34.05442050549026,0.0 -79.12502185958192,34.054451619141915,0.0 -79.12507586020118,34.0544139866202,0.0 -79.12512476380375,34.05443133789865,0.0 -79.12523853572429,34.054546998645144,0.0 -79.12537396882378,34.05454854136276,0.0 -79.12547258201893,34.05458356155208,0.0 -79.12545639823693,34.0546744190221,0.0 -79.12549296991608,34.054716814661475,0.0 -79.12556970900539,34.05471502156689,0.0 -79.12560737910695,34.054677434456266,0.0 -79.12560205880345,34.05463628174687,0.0 -79.12560286424068,34.054608669722,0.0 -79.12567194243931,34.054554392101444,0.0 -79.12569504123637,34.05451542611819,0.0 -79.12568464626828,34.05448220692021,0.0 -79.12568090223606,34.0544168988426,0.0 -79.12572377908843,34.05440229968201,0.0 -79.12578062098692,34.05438353020014,0.0 -79.1258150377369,34.05437738968781,0.0 -79.12586179475684,34.05435537191974,0.0 -79.12590732275235,34.05435599425006,0.0 -79.12593447077074,34.054292098526055,0.0 -79.12597176973644,34.05419494744906,0.0 -79.12598548821177,34.054099104313536,0.0 -79.12603705302911,34.05406298847842,0.0 -79.12606076691239,34.053971906398836,0.0 -79.12609202367072,34.05391928249614,0.0 -79.12614038435918,34.05385039688157,0.0 -79.12621889890151,34.05379064383931,0.0 -79.12634856704751,34.053721389924114,0.0 -79.12642215447663,34.05365324114028,0.0 -79.12654642457377,34.05363043587053,0.0 -79.12660487508435,34.05368363258324,0.0 -79.12664194545839,34.05364836736197,0.0 -79.12673072910216,34.053604766652256,0.0 -79.12687896866423,34.0535701370882,0.0 -79.12696969121326,34.05359431781403,0.0 -79.12703753907911,34.053564071085965,0.0 -79.12709591871402,34.053454839238654,0.0 -79.12712559433794,34.0534279179485,0.0 -79.12712625531978,34.053427318277585,0.0 -79.12719411415993,34.0533992459613,0.0 -79.12732448951944,34.05356313753518,0.0 -79.12745465646144,34.05361603757861,0.0 -79.1275387559462,34.054113676416364,0.0 -79.12759524232204,34.05444791503666,0.0 -79.12774356582737,34.05554331462611,0.0 -79.12704073845917,34.055287554859305,0.0 -79.12686859425203,34.0552306689958,0.0 -79.12650792166329,34.05511098035099,0.0 -79.12639846948687,34.055086887325785,0.0 -79.12604119887004,34.05500824346173,0.0 -79.12595739120259,34.05498962708904,0.0 -79.12575835778875,34.05495432417791,0.0 -79.12547708218355,34.0549042074809,0.0 -79.12500771246926,34.054847297766344,0.0 -79.12457604878296,34.054802980957525,0.0 -79.12438739663601,34.05478380960554,0.0 -79.12437833231476,34.054783052202815,0.0 -79.12399346289355,34.054750885514196,0.0 -79.1239077542253,34.054743749176346,0.0</coordinates>
                    </LinearRing>
                </outerBoundaryIs>
            </Polygon>
        </Placemark>
        <Placemark id="2345135">
            <name>44101020005.0</name>
            <description>PIN: 44101020005.0&lt;br&gt;Wetland %: 0.00&lt;br&gt;Flood %: 35.27&lt;br&gt;Parcel area (m²): 2081.50</description>
            <styleUrl>#2345140</styleUrl>
            <ExtendedData>
                <Data name="PIN">
                    <value>44101020005.0</value>
                </Data>
                <Data name="Wetland_%">
                    <value>0.00</value>
                </Data>
                <Data name="Flood_%">
                    <value>35.27</value>
                </Data>
                <Data name="Parcel_area_m2">
                    <value>2081.50</value>
                </Data>
            </ExtendedData>
            <Polygon id="2345134">
                <outerBoundaryIs>
                    <LinearRing id="2345138">
                        <coordinates>-78.97976685899042,33.69561248598298,0.0 -78.9802341070879,33.695524739412804,0.0 -78.98032825079189,33.69578847339627,0.0 -78.97983646723384,33.69589796008771,0.0 -78.97976685899042,33.69561248598298,0.0</coordinates>
                    </LinearRing>
                </outerBoundaryIs>
            </Polygon>
        </Placemark>
        <Placemark id="2345149">
            <name>30506040002.0</name>
            <description>PIN: 30506040002.0&lt;br&gt;Wetland %: 0.00&lt;br&gt;Flood %: 100.00&lt;br&gt;Parcel area (m²): 3371.73</description>
            <styleUrl>#2345154</styleUrl>
            <ExtendedData>
                <Data name="PIN">
                    <value>30506040002.0</value>
                </Data>
                <Data name="Wetland_%">
                    <value>0.00</value>
                </Data>
                <Data name="Flood_%">
                    <value>100.00</value>
                </Data>
                <Data name="Parcel_area_m2">
                    <value>3371.73</value>
                </Data>
            </ExtendedData>
            <Polygon id="2345148">
                <outerBoundaryIs>
                    <LinearRing id="2345152">
                        <coordinates>-78.66535503217307,33.90189283042523,0.0 -78.66543769049045,33.9018133181921,0.0 -78.6656496247175,33.90161057549438,0.0 -78.66610446012278,33.901931841330416,0.0 -78.66579435725815,33.90222066271652,0.0 -78.66535503217307,33.90189283042523,0.0</coordinates>
                    </LinearRing>
                </outerBoundaryIs>
            </Polygon>
        </Placemark>
        <Placemark id="2345163">
            <name>30507030001.0</name>
            <description>PIN: 30507030001.0&lt;br&gt;Wetland %: 0.00&lt;br&gt;Flood %: 100.00&lt;br&gt;Parcel area (m²): 3230.11</description>
            <styleUrl>#2345168</styleUrl>
            <ExtendedData>
                <Data name="PIN">
                    <value>30507030001.0</value>
                </Data>
                <Data name="Wetland_%">
                    <value>0.00</value>
                </Data>
                <Data name="Flood_%">
                    <value>100.00</value>
                </Data>
                <Data name="Parcel_area_m2">
                    <value>3230.11</value>
                </Data>
            </ExtendedData>
            <Polygon id="2345162">
                <outerBoundaryIs>
                    <LinearRing id="2345166">
                        <coordinates>-78.66579435725815,33.90222066271652,0.0 -78.66610446012278,33.901931841330416,0.0 -78.66651914457752,33.90222471256837,0.0 -78.66643490946727,33.90230719210326,0.0 -78.66620796088202,33.90252940975251,0.0 -78.66613763038123,33.90247691011158,0.0 -78.66579435725815,33.90222066271652,0.0</coordinates>
                    </LinearRing>
                </outerBoundaryIs>
            </Polygon>
        </Placemark>
        <Placemark id="2345177">
            <name>36307040012.0</name>
            <description>PIN: 36307040012.0&lt;br&gt;Wetland %: 99.42&lt;br&gt;Flood %: 100.00&lt;br&gt;Parcel area (m²): 2510.40</description>
            <styleUrl>#2345182</styleUrl>
            <ExtendedData>
                <Data name="PIN">
                    <value>36307040012.0</value>
                </Data>
                <Data name="Wetland_%">
                    <value>99.42</value>
                </Data>
                <Data name="Flood_%">
                    <value>100.00</value>
                </Data>
                <Data name="Parcel_area_m2">
                    <value>2510.40</value>
                </Data>
            </ExtendedData>
            <Polygon id="2345176">
                <outerBoundaryIs>
                    <LinearRing id="2345180">
                        <coordinates>-78.90533190202329,33.823162794062796,0.0 -78.90587055961994,33.82292216038564,0.0 -78.90594375909461,33.822979639847055,0.0 -78.90600432143407,33.82305048311367,0.0 -78.90600718274762,33.8230538298488,0.0 -78.90599262567189,33.82316749501292,0.0 -78.90599109740334,33.82317943320483,0.0 -78.90600695630357,33.82324937696791,0.0 -78.90600725006672,33.82325165388629,0.0 -78.90574335777644,33.82328211019909,0.0 -78.90539271699083,33.82332257716762,0.0 -78.90538729853856,33.8232948622268,0.0 -78.9053799532995,33.82326745922325,0.0 -78.90537070717086,33.82324045878729,0.0 -78.90535958920266,33.823213955210214,0.0 -78.90534663937825,33.82318803755672,0.0 -78.90533190202329,33.823162794062796,0.0</coordinates>
                    </LinearRing>
                </outerBoundaryIs>
            </Polygon>
        </Placemark>
        <Placemark id="2345191">
            <name>36307010050.0</name>
            <description>PIN: 36307010050.0&lt;br&gt;Wetland %: 63.55&lt;br&gt;Flood %: 41.12&lt;br&gt;Parcel area (m²): 2377.24</description>
            <styleUrl>#2345196</styleUrl>
            <ExtendedData>
                <Data name="PIN">
                    <value>36307010050.0</value>
                </Data>
                <Data name="Wetland_%">
                    <value>63.55</value>
                </Data>
                <Data name="Flood_%">
                    <value>41.12</value>
                </Data>
                <Data name="Parcel_area_m2">
                    <value>2377.24</value>
                </Data>
            </ExtendedData>
            <Polygon id="2345190">
                <outerBoundaryIs>
                    <LinearRing id="2345194">
                        <coordinates>-78.90579389609837,33.825083554122195,0.0 -78.90580726644761,33.825058659858136,0.0 -78.90581938853795,33.825033324182144,0.0 -78.90583024077354,33.82500759092356,0.0 -78.90586841297504,33.82491070239607,0.0 -78.90649198798889,33.82508262485751,0.0 -78.90656237801214,33.82510203213275,0.0 -78.90648075946481,33.825196164118836,0.0 -78.90647282587888,33.82535711375466,0.0 -78.9064636842447,33.82535343084852,0.0 -78.90579389609837,33.825083554122195,0.0</coordinates>
                    </LinearRing>
                </outerBoundaryIs>
            </Polygon>
        </Placemark>
        <Placemark id="2345205">
            <name>36307010049.0</name>
            <description>PIN: 36307010049.0&lt;br&gt;Wetland %: 51.74&lt;br&gt;Flood %: 41.16&lt;br&gt;Parcel area (m²): 2879.36</description>
            <styleUrl>#2345210</styleUrl>
            <ExtendedData>
                <Data name="PIN">
                    <value>36307010049.0</value>
                </Data>
                <Data name="Wetland_%">
                    <value>51.74</value>
                </Data>
                <Data name="Flood_%">
                    <value>41.16</value>
                </Data>
                <Data name="Parcel_area_m2">
                    <value>2879.36</value>
                </Data>
            </ExtendedData>
            <Polygon id="2345204">
                <outerBoundaryIs>
                    <LinearRing id="2345208">
                        <coordinates>-78.90586841297504,33.82491070239607,0.0 -78.90599526074465,33.82458873474007,0.0 -78.90650633814708,33.82473034833119,0.0 -78.90652826846494,33.824736424722666,0.0 -78.9065058097435,33.82481172640055,0.0 -78.90639096017946,33.824933587109,0.0 -78.90641686372373,33.82504126671036,0.0 -78.90643693313585,33.82504690127355,0.0 -78.90646320958304,33.825033716600096,0.0 -78.90652456072839,33.825013420748256,0.0 -78.90655651515888,33.825039181576095,0.0 -78.90659204153268,33.82506782220717,0.0 -78.90656237801214,33.82510203213275,0.0 -78.90649198798889,33.82508262485751,0.0 -78.90586841297504,33.82491070239607,0.0</coordinates>
                    </LinearRing>
                </outerBoundaryIs>
            </Polygon>
        </Placemark>
        <Placemark id="2345219">
            <name>36307010048.0</name>
            <description>PIN: 36307010048.0&lt;br&gt;Wetland %: 81.94&lt;br&gt;Flood %: 53.73&lt;br&gt;Parcel area (m²): 1733.67</description>
            <styleUrl>#2345224</styleUrl>
            <ExtendedData>
                <Data name="PIN">
                    <value>36307010048.0</value>
                </Data>
                <Data name="Wetland_%">
                    <value>81.94</value>
                </Data>
                <Data name="Flood_%">
                    <value>53.73</value>
                </Data>
                <Data name="Parcel_area_m2">
                    <value>1733.67</value>
                </Data>
            </ExtendedData>
            <Polygon id="2345218">
                <outerBoundaryIs>
                    <LinearRing id="2345222">
                        <coordinates>-78.90599526074465,33.82458873474007,0.0 -78.90602627752588,33.82451000716379,0.0 -78.90603761551023,33.824478415980806,0.0 -78.90604692109771,33.82444636651879,0.0 -78.90605416723483,33.82441394941512,0.0 -78.90651666944993,33.82447676100923,0.0 -78.90654874772154,33.82448111765091,0.0 -78.90655036571633,33.82450149694688,0.0 -78.90654335116625,33.82459374177567,0.0 -78.90655843831233,33.82463527347404,0.0 -78.90652826846494,33.824736424722666,0.0 -78.90650633814708,33.82473034833119,0.0 -78.90599526074465,33.82458873474007,0.0</coordinates>
                    </LinearRing>
                </outerBoundaryIs>
            </Polygon>
        </Placemark>
        <Placemark id="2345233">
            <name>39107030043.0</name>
            <description>PIN: 39107030043.0&lt;br&gt;Wetland %: 0.00&lt;br&gt;Flood %: 0.00&lt;br&gt;Parcel area (m²): 2177.84</description>
            <styleUrl>#2345238</styleUrl>
            <ExtendedData>
                <Data name="PIN">
                    <value>39107030043.0</value>
                </Data>
                <Data name="Wetland_%">
                    <value>0.00</value>
                </Data>
                <Data name="Flood_%">
                    <value>0.00</value>
                </Data>
                <Data name="Parcel_area_m2">
                    <value>2177.84</value>
                </Data>
            </ExtendedData>
            <Polygon id="2345232">
                <outerBoundaryIs>
                    <LinearRing id="2345236">
                        <coordinates>-78.73635642690533,33.793847969009725,0.0 -78.73631694653025,33.79381406371764,0.0 -78.73630739223336,33.7938218063868,0.0 -78.73628565539366,33.79380315489797,0.0 -78.73629941598757,33.79379196971069,0.0 -78.73629136465672,33.79378508659389,0.0 -78.73628261805807,33.793792184700315,0.0 -78.73626091291516,33.79377356084539,0.0 -78.73627211719875,33.79376444580855,0.0 -78.7362365653592,33.79373393968334,0.0 -78.73622297251352,33.79374498993184,0.0 -78.7361973716729,33.79372299543059,0.0 -78.73620615426779,33.79371584296882,0.0 -78.73617298475595,33.79368738726599,0.0 -78.73623532884257,33.79363676041985,0.0 -78.73622959610115,33.79363184449531,0.0 -78.73624598063675,33.79361856334534,0.0 -78.73625309761917,33.79362465909982,0.0 -78.7363244257429,33.793566691311064,0.0 -78.73630974149677,33.793554080279065,0.0 -78.7363003873919,33.79356168770709,0.0 -78.73628016549658,33.793544301416425,0.0 -78.73629025895386,33.793536101394785,0.0 -78.73622946130729,33.79348390942618,0.0 -78.73626280228596,33.7934568344471,0.0 -78.73625574974054,33.79345079489103,0.0 -78.7362776524842,33.79343302368399,0.0 -78.73629198179836,33.79344532697321,0.0 -78.73633507997849,33.79341034886157,0.0 -78.73632722195195,33.793403634340635,0.0 -78.73634936043449,33.79338564735424,0.0 -78.73636066357788,33.79339536618421,0.0 -78.7363685361834,33.793388967343006,0.0 -78.73635124298347,33.793374134868124,0.0 -78.73636258182505,33.7933649122452,0.0 -78.7363695382632,33.79337086795893,0.0 -78.73637458462287,33.79336678146735,0.0 -78.73636540641265,33.793358916251826,0.0 -78.73646004825099,33.79328204755488,0.0 -78.73646938696962,33.79329005369937,0.0 -78.73648708483077,33.793275669085716,0.0 -78.73649932122329,33.79328617524728,0.0 -78.7365071599723,33.793279830797964,0.0 -78.73649862602164,33.79327252667001,0.0 -78.73651776939742,33.79325698601707,0.0 -78.73652788120536,33.793265666532385,0.0 -78.73656902800617,33.793232218458826,0.0 -78.73655456984015,33.793219802805304,0.0 -78.73657650522009,33.79320197712395,0.0 -78.73658613440001,33.7932102357094,0.0 -78.73662428644312,33.793179262852036,0.0 -78.736681092287,33.79322800017296,0.0 -78.73668607275685,33.79322391246402,0.0 -78.73671016013819,33.79324458667791,0.0 -78.73670427298586,33.793249345101906,0.0 -78.73677131889696,33.79330690232226,0.0 -78.7367529148796,33.79332185131783,0.0 -78.73674409152375,33.793314294777375,0.0 -78.73673329193824,33.793323059177645,0.0 -78.73675490893194,33.7933399775334,0.0 -78.73672779151295,33.79336199730988,0.0 -78.73670592587372,33.79334323259595,0.0 -78.73661737401834,33.793415153746935,0.0 -78.73653161442179,33.793484816880685,0.0 -78.73642573475887,33.793570798266046,0.0 -78.73645600587092,33.79359678273084,0.0 -78.73639749713311,33.79364431755496,0.0 -78.73644776562361,33.793687437047105,0.0 -78.7364702064965,33.79366920843224,0.0 -78.73649529344006,33.79369069830046,0.0 -78.73646975705189,33.79371145532812,0.0 -78.73647687405781,33.79371755106965,0.0 -78.73648690023039,33.79370940391935,0.0 -78.73650734963807,33.79372693323732,0.0 -78.73651008681652,33.79372929232022,0.0 -78.73644498314627,33.79378220581425,0.0 -78.73644961996482,33.7937861943107,0.0 -78.7364252605642,33.79380598250167,0.0 -78.73641695402416,33.79379882052917,0.0 -78.73636520697701,33.7938408715104,0.0 -78.73635642690533,33.793847969009725,0.0</coordinates>
                    </LinearRing>
                </outerBoundaryIs>
            </Polygon>
        </Placemark>
        <Placemark id="2345247">
            <name>39107030044.0</name>
            <description>PIN: 39107030044.0&lt;br&gt;Wetland %: 0.00&lt;br&gt;Flood %: 0.00&lt;br&gt;Parcel area (m²): 2177.84</description>
            <styleUrl>#2345252</styleUrl>
            <ExtendedData>
                <Data name="PIN">
                    <value>39107030044.0</value>
                </Data>
                <Data name="Wetland_%">
                    <value>0.00</value>
                </Data>
                <Data name="Flood_%">
                    <value>0.00</value>
                </Data>
                <Data name="Parcel_area_m2">
                    <value>2177.84</value>
                </Data>
            </ExtendedData>
            <Polygon id="2345246">
                <outerBoundaryIs>
                    <LinearRing id="2345250">
                        <coordinates>-78.73635642690533,33.793847969009725,0.0 -78.73631694653025,33.79381406371764,0.0 -78.73630739223336,33.7938218063868,0.0 -78.73628565539366,33.79380315489797,0.0 -78.73629941598757,33.79379196971069,0.0 -78.73629136465672,33.79378508659389,0.0 -78.73628261805807,33.793792184700315,0.0 -78.73626091291516,33.79377356084539,0.0 -78.73627211719875,33.79376444580855,0.0 -78.7362365653592,33.79373393968334,0.0 -78.73622297251352,33.79374498993184,0.0 -78.7361973716729,33.79372299543059,0.0 -78.73620615426779,33.79371584296882,0.0 -78.73617298475595,33.79368738726599,0.0 -78.73623532884257,33.79363676041985,0.0 -78.73622959610115,33.79363184449531,0.0 -78.73624598063675,33.79361856334534,0.0 -78.73625309761917,33.79362465909982,0.0 -78.7363244257429,33.793566691311064,0.0 -78.73630974149677,33.793554080279065,0.0 -78.7363003873919,33.79356168770709,0.0 -78.73628016549658,33.793544301416425,0.0 -78.73629025895386,33.793536101394785,0.0 -78.73622946130729,33.79348390942618,0.0 -78.73626280228596,33.7934568344471,0.0 -78.73625574974054,33.79345079489103,0.0 -78.7362776524842,33.79343302368399,0.0 -78.73629198179836,33.79344532697321,0.0 -78.73633507997849,33.79341034886157,0.0 -78.73632722195195,33.793403634340635,0.0 -78.73634936043449,33.79338564735424,0.0 -78.73636066357788,33.79339536618421,0.0 -78.7363685361834,33.793388967343006,0.0 -78.73635124298347,33.793374134868124,0.0 -78.73636258182505,33.7933649122452,0.0 -78.7363695382632,33.79337086795893,0.0 -78.73637458462287,33.79336678146735,0.0 -78.73636540641265,33.793358916251826,0.0 -78.73646004825099,33.79328204755488,0.0 -78.73646938696962,33.79329005369937,0.0 -78.73648708483077,33.793275669085716,0.0 -78.73649932122329,33.79328617524728,0.0 -78.7365071599723,33.793279830797964,0.0 -78.73649862602164,33.79327252667001,0.0 -78.73651776939742,33.79325698601707,0.0 -78.73652788120536,33.793265666532385,0.0 -78.73656902800617,33.793232218458826,0.0 -78.73655456984015,33.793219802805304,0.0 -78.73657650522009,33.79320197712395,0.0 -78.73658613440001,33.7932102357094,0.0 -78.73662428644312,33.793179262852036,0.0 -78.736681092287,33.79322800017296,0.0 -78.73668607275685,33.79322391246402,0.0 -78.73671016013819,33.79324458667791,0.0 -78.73670427298586,33.793249345101906,0.0 -78.73677131889696,33.79330690232226,0.0 -78.7367529148796,33.79332185131783,0.0 -78.73674409152375,33.793314294777375,0.0 -78.73673329193824,33.793323059177645,0.0 -78.73675490893194,33.7933399775334,0.0 -78.73672779151295,33.79336199730988,0.0 -78.73670592587372,33.79334323259595,0.0 -78.73661737401834,33.793415153746935,0.0 -78.73653161442179,33.793484816880685,0.0 -78.73642573475887,33.793570798266046,0.0 -78.73645600587092,33.79359678273084,0.0 -78.73639749713311,33.79364431755496,0.0 -78.73644776562361,33.793687437047105,0.0 -78.7364702064965,33.79366920843224,0.0 -78.73649529344006,33.79369069830046,0.0 -78.73646975705189,33.79371145532812,0.0 -78.73647687405781,33.79371755106965,0.0 -78.73648690023039,33.79370940391935,0.0 -78.73650734963807,33.79372693323732,0.0 -78.73651008681652,33.79372929232022,0.0 -78.73644498314627,33.79378220581425,0.0 -78.73644961996482,33.7937861943107,0.0 -78.7364252605642,33.79380598250167,0.0 -78.73641695402416,33.79379882052917,0.0 -78.73636520697701,33.7938408715104,0.0 -78.73635642690533,33.793847969009725,0.0</coordinates>
                    </LinearRing>
                </outerBoundaryIs>
            </Polygon>
        </Placemark>
        <Placemark id="2345261">
            <name>39107030045.0</name>
            <description>PIN: 39107030045.0&lt;br&gt;Wetland %: 0.00&lt;br&gt;Flood %: 0.00&lt;br&gt;Parcel area (m²): 2177.84</description>
            <styleUrl>#2345266</styleUrl>
            <ExtendedData>
                <Data name="PIN">
                    <value>39107030045.0</value>
                </Data>
                <Data name="Wetland_%">
                    <value>0.00</value>
                </Data>
                <Data name="Flood_%">
                    <value>0.00</value>
                </Data>
                <Data name="Parcel_area_m2">
                    <value>2177.84</value>
                </Data>
            </ExtendedData>
            <Polygon id="2345260">
                <outerBoundaryIs>
                    <LinearRing id="2345264">
                        <coordinates>-78.73635642690533,33.793847969009725,0.0 -78.73631694653025,33.79381406371764,0.0 -78.73630739223336,33.7938218063868,0.0 -78.73628565539366,33.79380315489797,0.0 -78.73629941598757,33.79379196971069,0.0 -78.73629136465672,33.79378508659389,0.0 -78.73628261805807,33.793792184700315,0.0 -78.73626091291516,33.79377356084539,0.0 -78.73627211719875,33.79376444580855,0.0 -78.7362365653592,33.79373393968334,0.0 -78.73622297251352,33.79374498993184,0.0 -78.7361973716729,33.79372299543059,0.0 -78.73620615426779,33.79371584296882,0.0 -78.73617298475595,33.79368738726599,0.0 -78.73623532884257,33.79363676041985,0.0 -78.73622959610115,33.79363184449531,0.0 -78.73624598063675,33.79361856334534,0.0 -78.73625309761917,33.79362465909982,0.0 -78.7363244257429,33.793566691311064,0.0 -78.73630974149677,33.793554080279065,0.0 -78.7363003873919,33.79356168770709,0.0 -78.73628016549658,33.793544301416425,0.0 -78.73629025895386,33.793536101394785,0.0 -78.73622946130729,33.79348390942618,0.0 -78.73626280228596,33.7934568344471,0.0 -78.73625574974054,33.79345079489103,0.0 -78.7362776524842,33.79343302368399,0.0 -78.73629198179836,33.79344532697321,0.0 -78.73633507997849,33.79341034886157,0.0 -78.73632722195195,33.793403634340635,0.0 -78.73634936043449,33.79338564735424,0.0 -78.73636066357788,33.79339536618421,0.0 -78.7363685361834,33.793388967343006,0.0 -78.73635124298347,33.793374134868124,0.0 -78.73636258182505,33.7933649122452,0.0 -78.7363695382632,33.79337086795893,0.0 -78.73637458462287,33.79336678146735,0.0 -78.73636540641265,33.793358916251826,0.0 -78.73646004825099,33.79328204755488,0.0 -78.73646938696962,33.79329005369937,0.0 -78.73648708483077,33.793275669085716,0.0 -78.73649932122329,33.79328617524728,0.0 -78.7365071599723,33.793279830797964,0.0 -78.73649862602164,33.79327252667001,0.0 -78.73651776939742,33.79325698601707,0.0 -78.73652788120536,33.793265666532385,0.0 -78.73656902800617,33.793232218458826,0.0 -78.73655456984015,33.793219802805304,0.0 -78.73657650522009,33.79320197712395,0.0 -78.73658613440001,33.7932102357094,0.0 -78.73662428644312,33.793179262852036,0.0 -78.736681092287,33.79322800017296,0.0 -78.73668607275685,33.79322391246402,0.0 -78.73671016013819,33.79324458667791,0.0 -78.73670427298586,33.793249345101906,0.0 -78.73677131889696,33.79330690232226,0.0 -78.7367529148796,33.79332185131783,0.0 -78.73674409152375,33.793314294777375,0.0 -78.73673329193824,33.793323059177645,0.0 -78.73675490893194,33.7933399775334,0.0 -78.73672779151295,33.79336199730988,0.0 -78.73670592587372,33.79334323259595,0.0 -78.73661737401834,33.793415153746935,0.0 -78.73653161442179,33.793484816880685,0.0 -78.73642573475887,33.793570798266046,0.0 -78.73645600587092,33.79359678273084,0.0 -78.73639749713311,33.79364431755496,0.0 -78.73644776562361,33.793687437047105,0.0 -78.7364702064965,33.79366920843224,0.0 -78.73649529344006,33.79369069830046,0.0 -78.73646975705189,33.79371145532812,0.0 -78.73647687405781,33.79371755106965,0.0 -78.73648690023039,33.79370940391935,0.0 -78.73650734963807,33.79372693323732,0.0 -78.73651008681652,33.79372929232022,0.0 -78.73644498314627,33.79378220581425,0.0 -78.73644961996482,33.7937861943107,0.0 -78.7364252605642,33.79380598250167,0.0 -78.73641695402416,33.79379882052917,0.0 -78.73636520697701,33.7938408715104,0.0 -78.73635642690533,33.793847969009725,0.0</coordinates>
                    </LinearRing>
                </outerBoundaryIs>
            </Polygon>
        </Placemark>
        <Placemark id="2345275">
            <name>39107030046.0</name>
            <description>PIN: 39107030046.0&lt;br&gt;Wetland %: 0.00&lt;br&gt;Flood %: 0.00&lt;br&gt;Parcel area (m²): 2177.84</description>
            <styleUrl>#2345280</styleUrl>
            <ExtendedData>
                <Data name="PIN">
                    <value>39107030046.0</value>
                </Data>
                <Data name="Wetland_%">
                    <value>0.00</value>
                </Data>
                <Data name="Flood_%">
                    <value>0.00</value>
                </Data>
                <Data name="Parcel_area_m2">
                    <value>2177.84</value>
                </Data>
            </ExtendedData>
            <Polygon id="2345274">
                <outerBoundaryIs>
                    <LinearRing id="2345278">
                        <coordinates>-78.73635642690533,33.793847969009725,0.0 -78.73631694653025,33.79381406371764,0.0 -78.73630739223336,33.7938218063868,0.0 -78.73628565539366,33.79380315489797,0.0 -78.73629941598757,33.79379196971069,0.0 -78.73629136465672,33.79378508659389,0.0 -78.73628261805807,33.793792184700315,0.0 -78.73626091291516,33.79377356084539,0.0 -78.73627211719875,33.79376444580855,0.0 -78.7362365653592,33.79373393968334,0.0 -78.73622297251352,33.79374498993184,0.0 -78.7361973716729,33.79372299543059,0.0 -78.73620615426779,33.79371584296882,0.0 -78.73617298475595,33.79368738726599,0.0 -78.73623532884257,33.79363676041985,0.0 -78.73622959610115,33.79363184449531,0.0 -78.73624598063675,33.79361856334534,0.0 -78.73625309761917,33.79362465909982,0.0 -78.7363244257429,33.793566691311064,0.0 -78.73630974149677,33.793554080279065,0.0 -78.7363003873919,33.79356168770709,0.0 -78.73628016549658,33.793544301416425,0.0 -78.73629025895386,33.793536101394785,0.0 -78.73622946130729,33.79348390942618,0.0 -78.73626280228596,33.7934568344471,0.0 -78.73625574974054,33.79345079489103,0.0 -78.7362776524842,33.79343302368399,0.0 -78.73629198179836,33.79344532697321,0.0 -78.73633507997849,33.79341034886157,0.0 -78.73632722195195,33.793403634340635,0.0 -78.73634936043449,33.79338564735424,0.0 -78.73636066357788,33.79339536618421,0.0 -78.7363685361834,33.793388967343006,0.0 -78.73635124298347,33.793374134868124,0.0 -78.73636258182505,33.7933649122452,0.0 -78.7363695382632,33.79337086795893,0.0 -78.73637458462287,33.79336678146735,0.0 -78.73636540641265,33.793358916251826,0.0 -78.73646004825099,33.79328204755488,0.0 -78.73646938696962,33.79329005369937,0.0 -78.73648708483077,33.793275669085716,0.0 -78.73649932122329,33.79328617524728,0.0 -78.7365071599723,33.793279830797964,0.0 -78.73649862602164,33.79327252667001,0.0 -78.73651776939742,33.79325698601707,0.0 -78.73652788120536,33.793265666532385,0.0 -78.73656902800617,33.793232218458826,0.0 -78.73655456984015,33.793219802805304,0.0 -78.73657650522009,33.79320197712395,0.0 -78.73658613440001,33.7932102357094,0.0 -78.73662428644312,33.793179262852036,0.0 -78.736681092287,33.79322800017296,0.0 -78.73668607275685,33.79322391246402,0.0 -78.73671016013819,33.79324458667791,0.0 -78.73670427298586,33.793249345101906,0.0 -78.73677131889696,33.79330690232226,0.0 -78.7367529148796,33.79332185131783,0.0 -78.73674409152375,33.793314294777375,0.0 -78.73673329193824,33.793323059177645,0.0 -78.73675490893194,33.7933399775334,0.0 -78.73672779151295,33.79336199730988,0.0 -78.73670592587372,33.79334323259595,0.0 -78.73661737401834,33.793415153746935,0.0 -78.73653161442179,33.793484816880685,0.0 -78.73642573475887,33.793570798266046,0.0 -78.73645600587092,33.79359678273084,0.0 -78.73639749713311,33.79364431755496,0.0 -78.73644776562361,33.793687437047105,0.0 -78.7364702064965,33.79366920843224,0.0 -78.73649529344006,33.79369069830046,0.0 -78.73646975705189,33.79371145532812,0.0 -78.73647687405781,33.79371755106965,0.0 -78.73648690023039,33.79370940391935,0.0 -78.73650734963807,33.79372693323732,0.0 -78.73651008681652,33.79372929232022,0.0 -78.73644498314627,33.79378220581425,0.0 -78.73644961996482,33.7937861943107,0.0 -78.7364252605642,33.79380598250167,0.0 -78.73641695402416,33.79379882052917,0.0 -78.73636520697701,33.7938408715104,0.0 -78.73635642690533,33.793847969009725,0.0</coordinates>
                    </LinearRing>
                </outerBoundaryIs>
            </Polygon>
        </Placemark>
        <Placemark id="2345289">
            <name>39107030060.0</name>
            <description>PIN: 39107030060.0&lt;br&gt;Wetland %: 0.00&lt;br&gt;Flood %: 0.00&lt;br&gt;Parcel area (m²): 2177.84</description>
            <styleUrl>#2345294</styleUrl>
            <ExtendedData>
                <Data name="PIN">
                    <value>39107030060.0</value>
                </Data>
                <Data name="Wetland_%">
                    <value>0.00</value>
                </Data>
                <Data name="Flood_%">
                    <value>0.00</value>
                </Data>
                <Data name="Parcel_area_m2">
                    <value>2177.84</value>
                </Data>
            </ExtendedData>
            <Polygon id="2345288">
                <outerBoundaryIs>
                    <LinearRing id="2345292">
                        <coordinates>-78.73635642690533,33.793847969009725,0.0 -78.73631694653025,33.79381406371764,0.0 -78.73630739223336,33.7938218063868,0.0 -78.73628565539366,33.79380315489797,0.0 -78.73629941598757,33.79379196971069,0.0 -78.73629136465672,33.79378508659389,0.0 -78.73628261805807,33.793792184700315,0.0 -78.73626091291516,33.79377356084539,0.0 -78.73627211719875,33.79376444580855,0.0 -78.7362365653592,33.79373393968334,0.0 -78.73622297251352,33.79374498993184,0.0 -78.7361973716729,33.79372299543059,0.0 -78.73620615426779,33.79371584296882,0.0 -78.73617298475595,33.79368738726599,0.0 -78.73623532884257,33.79363676041985,0.0 -78.73622959610115,33.79363184449531,0.0 -78.73624598063675,33.79361856334534,0.0 -78.73625309761917,33.79362465909982,0.0 -78.7363244257429,33.793566691311064,0.0 -78.73630974149677,33.793554080279065,0.0 -78.7363003873919,33.79356168770709,0.0 -78.73628016549658,33.793544301416425,0.0 -78.73629025895386,33.793536101394785,0.0 -78.73622946130729,33.79348390942618,0.0 -78.73626280228596,33.7934568344471,0.0 -78.73625574974054,33.79345079489103,0.0 -78.7362776524842,33.79343302368399,0.0 -78.73629198179836,33.79344532697321,0.0 -78.73633507997849,33.79341034886157,0.0 -78.73632722195195,33.793403634340635,0.0 -78.73634936043449,33.79338564735424,0.0 -78.73636066357788,33.79339536618421,0.0 -78.7363685361834,33.793388967343006,0.0 -78.73635124298347,33.793374134868124,0.0 -78.73636258182505,33.7933649122452,0.0 -78.7363695382632,33.79337086795893,0.0 -78.73637458462287,33.79336678146735,0.0 -78.73636540641265,33.793358916251826,0.0 -78.73646004825099,33.79328204755488,0.0 -78.73646938696962,33.79329005369937,0.0 -78.73648708483077,33.793275669085716,0.0 -78.73649932122329,33.79328617524728,0.0 -78.7365071599723,33.793279830797964,0.0 -78.73649862602164,33.79327252667001,0.0 -78.73651776939742,33.79325698601707,0.0 -78.73652788120536,33.793265666532385,0.0 -78.73656902800617,33.793232218458826,0.0 -78.73655456984015,33.793219802805304,0.0 -78.73657650522009,33.79320197712395,0.0 -78.73658613440001,33.7932102357094,0.0 -78.73662428644312,33.793179262852036,0.0 -78.736681092287,33.79322800017296,0.0 -78.73668607275685,33.79322391246402,0.0 -78.73671016013819,33.79324458667791,0.0 -78.73670427298586,33.793249345101906,0.0 -78.73677131889696,33.79330690232226,0.0 -78.7367529148796,33.79332185131783,0.0 -78.73674409152375,33.793314294777375,0.0 -78.73673329193824,33.793323059177645,0.0 -78.73675490893194,33.7933399775334,0.0 -78.73672779151295,33.79336199730988,0.0 -78.73670592587372,33.79334323259595,0.0 -78.73661737401834,33.793415153746935,0.0 -78.73653161442179,33.793484816880685,0.0 -78.73642573475887,33.793570798266046,0.0 -78.73645600587092,33.79359678273084,0.0 -78.73639749713311,33.79364431755496,0.0 -78.73644776562361,33.793687437047105,0.0 -78.7364702064965,33.79366920843224,0.0 -78.73649529344006,33.79369069830046,0.0 -78.73646975705189,33.79371145532812,0.0 -78.73647687405781,33.79371755106965,0.0 -78.73648690023039,33.79370940391935,0.0 -78.73650734963807,33.79372693323732,0.0 -78.73651008681652,33.79372929232022,0.0 -78.73644498314627,33.79378220581425,0.0 -78.73644961996482,33.7937861943107,0.0 -78.7364252605642,33.79380598250167,0.0 -78.73641695402416,33.79379882052917,0.0 -78.73636520697701,33.7938408715104,0.0 -78.73635642690533,33.793847969009725,0.0</coordinates>
                    </LinearRing>
                </outerBoundaryIs>
            </Polygon>
        </Placemark>
        <Placemark id="2345303">
            <name>39107030061.0</name>
            <description>PIN: 39107030061.0&lt;br&gt;Wetland %: 0.00&lt;br&gt;Flood %: 0.00&lt;br&gt;Parcel area (m²): 2177.84</description>
            <styleUrl>#2345308</styleUrl>
            <ExtendedData>
                <Data name="PIN">
                    <value>39107030061.0</value>
                </Data>
                <Data name="Wetland_%">
                    <value>0.00</value>
                </Data>
                <Data name="Flood_%">
                    <value>0.00</value>
                </Data>
                <Data name="Parcel_area_m2">
                    <value>2177.84</value>
                </Data>
            </ExtendedData>
            <Polygon id="2345302">
                <outerBoundaryIs>
                    <LinearRing id="2345306">
                        <coordinates>-78.73635642690533,33.793847969009725,0.0 -78.73631694653025,33.79381406371764,0.0 -78.73630739223336,33.7938218063868,0.0 -78.73628565539366,33.79380315489797,0.0 -78.73629941598757,33.79379196971069,0.0 -78.73629136465672,33.79378508659389,0.0 -78.73628261805807,33.793792184700315,0.0 -78.73626091291516,33.79377356084539,0.0 -78.73627211719875,33.79376444580855,0.0 -78.7362365653592,33.79373393968334,0.0 -78.73622297251352,33.79374498993184,0.0 -78.7361973716729,33.79372299543059,0.0 -78.73620615426779,33.79371584296882,0.0 -78.73617298475595,33.79368738726599,0.0 -78.73623532884257,33.79363676041985,0.0 -78.73622959610115,33.79363184449531,0.0 -78.73624598063675,33.79361856334534,0.0 -78.73625309761917,33.79362465909982,0.0 -78.7363244257429,33.793566691311064,0.0 -78.73630974149677,33.793554080279065,0.0 -78.7363003873919,33.79356168770709,0.0 -78.73628016549658,33.793544301416425,0.0 -78.73629025895386,33.793536101394785,0.0 -78.73622946130729,33.79348390942618,0.0 -78.73626280228596,33.7934568344471,0.0 -78.73625574974054,33.79345079489103,0.0 -78.7362776524842,33.79343302368399,0.0 -78.73629198179836,33.79344532697321,0.0 -78.73633507997849,33.79341034886157,0.0 -78.73632722195195,33.793403634340635,0.0 -78.73634936043449,33.79338564735424,0.0 -78.73636066357788,33.79339536618421,0.0 -78.7363685361834,33.793388967343006,0.0 -78.73635124298347,33.793374134868124,0.0 -78.73636258182505,33.7933649122452,0.0 -78.7363695382632,33.79337086795893,0.0 -78.73637458462287,33.79336678146735,0.0 -78.73636540641265,33.793358916251826,0.0 -78.73646004825099,33.79328204755488,0.0 -78.73646938696962,33.79329005369937,0.0 -78.73648708483077,33.793275669085716,0.0 -78.73649932122329,33.79328617524728,0.0 -78.7365071599723,33.793279830797964,0.0 -78.73649862602164,33.79327252667001,0.0 -78.73651776939742,33.79325698601707,0.0 -78.73652788120536,33.793265666532385,0.0 -78.73656902800617,33.793232218458826,0.0 -78.73655456984015,33.793219802805304,0.0 -78.73657650522009,33.79320197712395,0.0 -78.73658613440001,33.7932102357094,0.0 -78.73662428644312,33.793179262852036,0.0 -78.736681092287,33.79322800017296,0.0 -78.73668607275685,33.79322391246402,0.0 -78.73671016013819,33.79324458667791,0.0 -78.73670427298586,33.793249345101906,0.0 -78.73677131889696,33.79330690232226,0.0 -78.7367529148796,33.79332185131783,0.0 -78.73674409152375,33.793314294777375,0.0 -78.73673329193824,33.793323059177645,0.0 -78.73675490893194,33.7933399775334,0.0 -78.73672779151295,33.79336199730988,0.0 -78.73670592587372,33.79334323259595,0.0 -78.73661737401834,33.793415153746935,0.0 -78.73653161442179,33.793484816880685,0.0 -78.73642573475887,33.793570798266046,0.0 -78.73645600587092,33.79359678273084,0.0 -78.73639749713311,33.79364431755496,0.0 -78.73644776562361,33.793687437047105,0.0 -78.7364702064965,33.79366920843224,0.0 -78.73649529344006,33.79369069830046,0.0 -78.73646975705189,33.79371145532812,0.0 -78.73647687405781,33.79371755106965,0.0 -78.73648690023039,33.79370940391935,0.0 -78.73650734963807,33.79372693323732,0.0 -78.73651008681652,33.79372929232022,0.0 -78.73644498314627,33.79378220581425,0.0 -78.73644961996482,33.7937861943107,0.0 -78.7364252605642,33.79380598250167,0.0 -78.73641695402416,33.79379882052917,0.0 -78.73636520697701,33.7938408715104,0.0 -78.73635642690533,33.793847969009725,0.0</coordinates>
                    </LinearRing>
                </outerBoundaryIs>
            </Polygon>
        </Placemark>
        <Placemark id="2345317">
            <name>39107030062.0</name>
            <description>PIN: 39107030062.0&lt;br&gt;Wetland %: 0.00&lt;br&gt;Flood %: 0.00&lt;br&gt;Parcel area (m²): 2177.84</description>
            <styleUrl>#2345322</styleUrl>
            <ExtendedData>
                <Data name="PIN">
                    <value>39107030062.0</value>
                </Data>
                <Data name="Wetland_%">
                    <value>0.00</value>
                </Data>
                <Data name="Flood_%">
                    <value>0.00</value>
                </Data>
                <Data name="Parcel_area_m2">
                    <value>2177.84</value>
                </Data>
            </ExtendedData>
            <Polygon id="2345316">
                <outerBoundaryIs>
                    <LinearRing id="2345320">
                        <coordinates>-78.73635642690533,33.793847969009725,0.0 -78.73631694653025,33.79381406371764,0.0 -78.73630739223336,33.7938218063868,0.0 -78.73628565539366,33.79380315489797,0.0 -78.73629941598757,33.79379196971069,0.0 -78.73629136465672,33.79378508659389,0.0 -78.73628261805807,33.793792184700315,0.0 -78.73626091291516,33.79377356084539,0.0 -78.73627211719875,33.79376444580855,0.0 -78.7362365653592,33.79373393968334,0.0 -78.73622297251352,33.79374498993184,0.0 -78.7361973716729,33.79372299543059,0.0 -78.73620615426779,33.79371584296882,0.0 -78.73617298475595,33.79368738726599,0.0 -78.73623532884257,33.79363676041985,0.0 -78.73622959610115,33.79363184449531,0.0 -78.73624598063675,33.79361856334534,0.0 -78.73625309761917,33.79362465909982,0.0 -78.7363244257429,33.793566691311064,0.0 -78.73630974149677,33.793554080279065,0.0 -78.7363003873919,33.79356168770709,0.0 -78.73628016549658,33.793544301416425,0.0 -78.73629025895386,33.793536101394785,0.0 -78.73622946130729,33.79348390942618,0.0 -78.73626280228596,33.7934568344471,0.0 -78.73625574974054,33.79345079489103,0.0 -78.7362776524842,33.79343302368399,0.0 -78.73629198179836,33.79344532697321,0.0 -78.73633507997849,33.79341034886157,0.0 -78.73632722195195,33.793403634340635,0.0 -78.73634936043449,33.79338564735424,0.0 -78.73636066357788,33.79339536618421,0.0 -78.7363685361834,33.793388967343006,0.0 -78.73635124298347,33.793374134868124,0.0 -78.73636258182505,33.7933649122452,0.0 -78.7363695382632,33.79337086795893,0.0 -78.73637458462287,33.79336678146735,0.0 -78.73636540641265,33.793358916251826,0.0 -78.73646004825099,33.79328204755488,0.0 -78.73646938696962,33.79329005369937,0.0 -78.73648708483077,33.793275669085716,0.0 -78.73649932122329,33.79328617524728,0.0 -78.7365071599723,33.793279830797964,0.0 -78.73649862602164,33.79327252667001,0.0 -78.73651776939742,33.79325698601707,0.0 -78.73652788120536,33.793265666532385,0.0 -78.73656902800617,33.793232218458826,0.0 -78.73655456984015,33.793219802805304,0.0 -78.73657650522009,33.79320197712395,0.0 -78.73658613440001,33.7932102357094,0.0 -78.73662428644312,33.793179262852036,0.0 -78.736681092287,33.79322800017296,0.0 -78.73668607275685,33.79322391246402,0.0 -78.73671016013819,33.79324458667791,0.0 -78.73670427298586,33.793249345101906,0.0 -78.73677131889696,33.79330690232226,0.0 -78.7367529148796,33.79332185131783,0.0 -78.73674409152375,33.793314294777375,0.0 -78.73673329193824,33.793323059177645,0.0 -78.73675490893194,33.7933399775334,0.0 -78.73672779151295,33.79336199730988,0.0 -78.73670592587372,33.79334323259595,0.0 -78.73661737401834,33.793415153746935,0.0 -78.73653161442179,33.793484816880685,0.0 -78.73642573475887,33.793570798266046,0.0 -78.73645600587092,33.79359678273084,0.0 -78.73639749713311,33.79364431755496,0.0 -78.73644776562361,33.793687437047105,0.0 -78.7364702064965,33.79366920843224,0.0 -78.73649529344006,33.79369069830046,0.0 -78.73646975705189,33.79371145532812,0.0 -78.73647687405781,33.79371755106965,0.0 -78.73648690023039,33.79370940391935,0.0 -78.73650734963807,33.79372693323732,0.0 -78.73651008681652,33.79372929232022,0.0 -78.73644498314627,33.79378220581425,0.0 -78.73644961996482,33.7937861943107,0.0 -78.7364252605642,33.79380598250167,0.0 -78.73641695402416,33.79379882052917,0.0 -78.73636520697701,33.7938408715104,0.0 -78.73635642690533,33.793847969009725,0.0</coordinates>
                    </LinearRing>
                </outerBoundaryIs>
            </Polygon>
        </Placemark>
        <Placemark id="2345331">
            <name>39107030063.0</name>
            <description>PIN: 39107030063.0&lt;br&gt;Wetland %: 0.00&lt;br&gt;Flood %: 0.00&lt;br&gt;Parcel area (m²): 2177.84</description>
            <styleUrl>#2345336</styleUrl>
            <ExtendedData>
                <Data name="PIN">
                    <value>39107030063.0</value>
                </Data>
                <Data name="Wetland_%">
                    <value>0.00</value>
                </Data>
                <Data name="Flood_%">
                    <value>0.00</value>
                </Data>
                <Data name="Parcel_area_m2">
                    <value>2177.84</value>
                </Data>
            </ExtendedData>
            <Polygon id="2345330">
                <outerBoundaryIs>
                    <LinearRing id="2345334">
                        <coordinates>-78.73635642690533,33.793847969009725,0.0 -78.73631694653025,33.79381406371764,0.0 -78.73630739223336,33.7938218063868,0.0 -78.73628565539366,33.79380315489797,0.0 -78.73629941598757,33.79379196971069,0.0 -78.73629136465672,33.79378508659389,0.0 -78.73628261805807,33.793792184700315,0.0 -78.73626091291516,33.79377356084539,0.0 -78.73627211719875,33.79376444580855,0.0 -78.7362365653592,33.79373393968334,0.0 -78.73622297251352,33.79374498993184,0.0 -78.7361973716729,33.79372299543059,0.0 -78.73620615426779,33.79371584296882,0.0 -78.73617298475595,33.79368738726599,0.0 -78.73623532884257,33.79363676041985,0.0 -78.73622959610115,33.79363184449531,0.0 -78.73624598063675,33.79361856334534,0.0 -78.73625309761917,33.79362465909982,0.0 -78.7363244257429,33.793566691311064,0.0 -78.73630974149677,33.793554080279065,0.0 -78.7363003873919,33.79356168770709,0.0 -78.73628016549658,33.793544301416425,0.0 -78.73629025895386,33.793536101394785,0.0 -78.73622946130729,33.79348390942618,0.0 -78.73626280228596,33.7934568344471,0.0 -78.73625574974054,33.79345079489103,0.0 -78.7362776524842,33.79343302368399,0.0 -78.73629198179836,33.79344532697321,0.0 -78.73633507997849,33.79341034886157,0.0 -78.73632722195195,33.793403634340635,0.0 -78.73634936043449,33.79338564735424,0.0 -78.73636066357788,33.79339536618421,0.0 -78.7363685361834,33.793388967343006,0.0 -78.73635124298347,33.793374134868124,0.0 -78.73636258182505,33.7933649122452,0.0 -78.7363695382632,33.79337086795893,0.0 -78.73637458462287,33.79336678146735,0.0 -78.73636540641265,33.793358916251826,0.0 -78.73646004825099,33.79328204755488,0.0 -78.73646938696962,33.79329005369937,0.0 -78.73648708483077,33.793275669085716,0.0 -78.73649932122329,33.79328617524728,0.0 -78.7365071599723,33.793279830797964,0.0 -78.73649862602164,33.79327252667001,0.0 -78.73651776939742,33.79325698601707,0.0 -78.73652788120536,33.793265666532385,0.0 -78.73656902800617,33.793232218458826,0.0 -78.73655456984015,33.793219802805304,0.0 -78.73657650522009,33.79320197712395,0.0 -78.73658613440001,33.7932102357094,0.0 -78.73662428644312,33.793179262852036,0.0 -78.736681092287,33.79322800017296,0.0 -78.73668607275685,33.79322391246402,0.0 -78.73671016013819,33.79324458667791,0.0 -78.73670427298586,33.793249345101906,0.0 -78.73677131889696,33.79330690232226,0.0 -78.7367529148796,33.79332185131783,0.0 -78.73674409152375,33.793314294777375,0.0 -78.73673329193824,33.793323059177645,0.0 -78.73675490893194,33.7933399775334,0.0 -78.73672779151295,33.79336199730988,0.0 -78.73670592587372,33.79334323259595,0.0 -78.73661737401834,33.793415153746935,0.0 -78.73653161442179,33.793484816880685,0.0 -78.73642573475887,33.793570798266046,0.0 -78.73645600587092,33.79359678273084,0.0 -78.73639749713311,33.79364431755496,0.0 -78.73644776562361,33.793687437047105,0.0 -78.7364702064965,33.79366920843224,0.0 -78.73649529344006,33.79369069830046,0.0 -78.73646975705189,33.79371145532812,0.0 -78.73647687405781,33.79371755106965,0.0 -78.73648690023039,33.79370940391935,0.0 -78.73650734963807,33.79372693323732,0.0 -78.73651008681652,33.79372929232022,0.0 -78.73644498314627,33.79378220581425,0.0 -78.73644961996482,33.7937861943107,0.0 -78.7364252605642,33.79380598250167,0.0 -78.73641695402416,33.79379882052917,0.0 -78.73636520697701,33.7938408715104,0.0 -78.73635642690533,33.793847969009725,0.0</coordinates>
                    </LinearRing>
                </outerBoundaryIs>
            </Polygon>
        </Placemark>
        <Placemark id="2345345">
            <name>39107030034.0</name>
            <description>PIN: 39107030034.0&lt;br&gt;Wetland %: 39.29&lt;br&gt;Flood %: 0.00&lt;br&gt;Parcel area (m²): 1032.41</description>
            <styleUrl>#2345350</styleUrl>
            <ExtendedData>
                <Data name="PIN">
                    <value>39107030034.0</value>
                </Data>
                <Data name="Wetland_%">
                    <value>39.29</value>
                </Data>
                <Data name="Flood_%">
                    <value>0.00</value>
                </Data>
                <Data name="Parcel_area_m2">
                    <value>1032.41</value>
                </Data>
            </ExtendedData>
            <Polygon id="2345344">
                <outerBoundaryIs>
                    <LinearRing id="2345348">
                        <coordinates>-78.7348567517663,33.79328895185656,0.0 -78.7349477387162,33.79324098572399,0.0 -78.7350236991377,33.793200940656796,0.0 -78.7352479452649,33.79350161411772,0.0 -78.73508352561213,33.793587438621124,0.0 -78.73494348326287,33.79340311134126,0.0 -78.7348567517663,33.79328895185656,0.0</coordinates>
                    </LinearRing>
                </outerBoundaryIs>
            </Polygon>
        </Placemark>
        <Placemark id="2345359">
            <name>35711030135.0</name>
            <description>PIN: 35711030135.0&lt;br&gt;Wetland %: 0.00&lt;br&gt;Flood %: 0.00&lt;br&gt;Parcel area (m²): 834.05</description>
            <styleUrl>#2345364</styleUrl>
            <ExtendedData>
                <Data name="PIN">
                    <value>35711030135.0</value>
                </Data>
                <Data name="Wetland_%">
                    <value>0.00</value>
                </Data>
                <Data name="Flood_%">
                    <value>0.00</value>
                </Data>
                <Data name="Parcel_area_m2">
                    <value>834.05</value>
                </Data>
            </ExtendedData>
            <Polygon id="2345358">
                <outerBoundaryIs>
                    <LinearRing id="2345362">
                        <coordinates>-78.6947585258727,33.81013486823181,0.0 -78.69486017737239,33.81008985262953,0.0 -78.69489767460497,33.81007319705237,0.0 -78.69491683998373,33.8100646181559,0.0 -78.69508649771053,33.810340394143175,0.0 -78.69492288406046,33.81040948233495,0.0 -78.6947585258727,33.81013486823181,0.0</coordinates>
                    </LinearRing>
                </outerBoundaryIs>
            </Polygon>
        </Placemark>
        <Placemark id="2345373">
            <name>35711030136.0</name>
            <description>PIN: 35711030136.0&lt;br&gt;Wetland %: 0.00&lt;br&gt;Flood %: 0.00&lt;br&gt;Parcel area (m²): 770.63</description>
            <styleUrl>#2345378</styleUrl>
            <ExtendedData>
                <Data name="PIN">
                    <value>35711030136.0</value>
                </Data>
                <Data name="Wetland_%">
                    <value>0.00</value>
                </Data>
                <Data name="Flood_%">
                    <value>0.00</value>
                </Data>
                <Data name="Parcel_area_m2">
                    <value>770.63</value>
                </Data>
            </ExtendedData>
            <Polygon id="2345372">
                <outerBoundaryIs>
                    <LinearRing id="2345376">
                        <coordinates>-78.69491683998373,33.8100646181559,0.0 -78.69506484891578,33.80999606651813,0.0 -78.69523000289206,33.81027198123081,0.0 -78.69508649771053,33.810340394143175,0.0 -78.69491683998373,33.8100646181559,0.0</coordinates>
                    </LinearRing>
                </outerBoundaryIs>
            </Polygon>
        </Placemark>
        <Placemark id="2345387">
            <name>35714020013.0</name>
            <description>PIN: 35714020013.0&lt;br&gt;Wetland %: 0.00&lt;br&gt;Flood %: 0.00&lt;br&gt;Parcel area (m²): 993.76</description>
            <styleUrl>#2345392</styleUrl>
            <ExtendedData>
                <Data name="PIN">
                    <value>35714020013.0</value>
                </Data>
                <Data name="Wetland_%">
                    <value>0.00</value>
                </Data>
                <Data name="Flood_%">
                    <value>0.00</value>
                </Data>
                <Data name="Parcel_area_m2">
                    <value>993.76</value>
                </Data>
            </ExtendedData>
            <Polygon id="2345386">
                <outerBoundaryIs>
                    <LinearRing id="2345390">
                        <coordinates>-78.69520990612745,33.80993295543306,0.0 -78.69527264254533,33.80990628972162,0.0 -78.69539346904885,33.80985235126591,0.0 -78.6955608466041,33.810120938761365,0.0 -78.69557029585208,33.81013610175335,0.0 -78.69537977148616,33.81021485652864,0.0 -78.69520990612745,33.80993295543306,0.0</coordinates>
                    </LinearRing>
                </outerBoundaryIs>
            </Polygon>
        </Placemark>
        <Placemark id="2345401">
            <name>46107010073.0</name>
            <description>PIN: 46107010073.0&lt;br&gt;Wetland %: 0.00&lt;br&gt;Flood %: 0.00&lt;br&gt;Parcel area (m²): 1325.80</description>
            <styleUrl>#2345406</styleUrl>
            <ExtendedData>
                <Data name="PIN">
                    <value>46107010073.0</value>
                </Data>
                <Data name="Wetland_%">
                    <value>0.00</value>
                </Data>
                <Data name="Flood_%">
                    <value>0.00</value>
                </Data>
                <Data name="Parcel_area_m2">
                    <value>1325.80</value>
                </Data>
            </ExtendedData>
            <Polygon id="2345400">
                <outerBoundaryIs>
                    <LinearRing id="2345404">
                        <coordinates>-78.97624887291467,33.60559125064325,0.0 -78.97624955502425,33.605591075118184,0.0 -78.97629766468225,33.60557865809196,0.0 -78.97640310176652,33.605551446870074,0.0 -78.97646771781666,33.605534770674886,0.0 -78.9766866361873,33.60547827078195,0.0 -78.97668722716858,33.60547987059822,0.0 -78.97670618924954,33.605531248642336,0.0 -78.97671804563805,33.60556337905508,0.0 -78.97671806792931,33.60556343985077,0.0 -78.97673809109133,33.60561770346654,0.0 -78.97674063434766,33.60562459272009,0.0 -78.97674649511983,33.60564047643042,0.0 -78.97654309385918,33.60569297078673,0.0 -78.97638129789614,33.605811948169325,0.0 -78.97634091766714,33.605841641522005,0.0 -78.97632644229448,33.60580227061379,0.0 -78.97624887291467,33.60559125064325,0.0</coordinates>
                    </LinearRing>
                </outerBoundaryIs>
            </Polygon>
        </Placemark>
        <Placemark id="2345415">
            <name>46107010067.0</name>
            <description>PIN: 46107010067.0&lt;br&gt;Wetland %: 0.00&lt;br&gt;Flood %: 0.00&lt;br&gt;Parcel area (m²): 2618.87</description>
            <styleUrl>#2345420</styleUrl>
            <ExtendedData>
                <Data name="PIN">
                    <value>46107010067.0</value>
                </Data>
                <Data name="Wetland_%">
                    <value>0.00</value>
                </Data>
                <Data name="Flood_%">
                    <value>0.00</value>
                </Data>
                <Data name="Parcel_area_m2">
                    <value>2618.87</value>
                </Data>
            </ExtendedData>
            <Polygon id="2345414">
                <outerBoundaryIs>
                    <LinearRing id="2345418">
                        <coordinates>-78.97674649511983,33.60564047643042,0.0 -78.97674063434766,33.60562459272009,0.0 -78.97673809109133,33.60561770346654,0.0 -78.97672217601519,33.605573519676604,0.0 -78.9767183653166,33.605563444723074,0.0 -78.97671806285337,33.60556264334786,0.0 -78.97670618924954,33.605531248642336,0.0 -78.97669807310685,33.60550865717342,0.0 -78.97668722716858,33.60547987059822,0.0 -78.9766866361873,33.60547827078195,0.0 -78.97658948547272,33.60521559945955,0.0 -78.97667827115409,33.605194584848554,0.0 -78.9767665413458,33.605172105083426,0.0 -78.97685426350833,33.605148168651816,0.0 -78.97694140292597,33.605122784907586,0.0 -78.9770971576023,33.60544541141551,0.0 -78.97710420709667,33.605457620203474,0.0 -78.97711299824809,33.60546900968954,0.0 -78.9771237561943,33.60547972426521,0.0 -78.97713605416556,33.60548920765313,0.0 -78.9771496919967,33.60549730775282,0.0 -78.97716444856471,33.60550389286525,0.0 -78.97718008601457,33.60550885536998,0.0 -78.97719634965361,33.60551211623329,0.0 -78.97721297557861,33.60551362152507,0.0 -78.97722969701397,33.60551334793466,0.0 -78.97717149233175,33.60552883344622,0.0 -78.97707263152813,33.60555513564831,0.0 -78.9770365776261,33.605564727134194,0.0 -78.9770042939639,33.605573316073574,0.0 -78.97686350784558,33.60561077297582,0.0 -78.97674749086583,33.60564163821764,0.0 -78.97674649511983,33.60564047643042,0.0</coordinates>
                    </LinearRing>
                </outerBoundaryIs>
            </Polygon>
        </Placemark>
        <Placemark id="2345429">
            <name>46107010068.0</name>
            <description>PIN: 46107010068.0&lt;br&gt;Wetland %: 0.00&lt;br&gt;Flood %: 0.00&lt;br&gt;Parcel area (m²): 2618.87</description>
            <styleUrl>#2345434</styleUrl>
            <ExtendedData>
                <Data name="PIN">
                    <value>46107010068.0</value>
                </Data>
                <Data name="Wetland_%">
                    <value>0.00</value>
                </Data>
                <Data name="Flood_%">
                    <value>0.00</value>
                </Data>
                <Data name="Parcel_area_m2">
                    <value>2618.87</value>
                </Data>
            </ExtendedData>
            <Polygon id="2345428">
                <outerBoundaryIs>
                    <LinearRing id="2345432">
                        <coordinates>-78.97674649511983,33.60564047643042,0.0 -78.97674063434766,33.60562459272009,0.0 -78.97673809109133,33.60561770346654,0.0 -78.97672217601519,33.605573519676604,0.0 -78.9767183653166,33.605563444723074,0.0 -78.97671806285337,33.60556264334786,0.0 -78.97670618924954,33.605531248642336,0.0 -78.97669807310685,33.60550865717342,0.0 -78.97668722716858,33.60547987059822,0.0 -78.9766866361873,33.60547827078195,0.0 -78.97658948547272,33.60521559945955,0.0 -78.97667827115409,33.605194584848554,0.0 -78.9767665413458,33.605172105083426,0.0 -78.97685426350833,33.605148168651816,0.0 -78.97694140292597,33.605122784907586,0.0 -78.9770971576023,33.60544541141551,0.0 -78.97710420709667,33.605457620203474,0.0 -78.97711299824809,33.60546900968954,0.0 -78.9771237561943,33.60547972426521,0.0 -78.97713605416556,33.60548920765313,0.0 -78.9771496919967,33.60549730775282,0.0 -78.97716444856471,33.60550389286525,0.0 -78.97718008601457,33.60550885536998,0.0 -78.97719634965361,33.60551211623329,0.0 -78.97721297557861,33.60551362152507,0.0 -78.97722969701397,33.60551334793466,0.0 -78.97717149233175,33.60552883344622,0.0 -78.97707263152813,33.60555513564831,0.0 -78.9770365776261,33.605564727134194,0.0 -78.9770042939639,33.605573316073574,0.0 -78.97686350784558,33.60561077297582,0.0 -78.97674749086583,33.60564163821764,0.0 -78.97674649511983,33.60564047643042,0.0</coordinates>
                    </LinearRing>
                </outerBoundaryIs>
            </Polygon>
        </Placemark>
        <Placemark id="2345443">
            <name>46107010069.0</name>
            <description>PIN: 46107010069.0&lt;br&gt;Wetland %: 0.00&lt;br&gt;Flood %: 0.00&lt;br&gt;Parcel area (m²): 2618.87</description>
            <styleUrl>#2345448</styleUrl>
            <ExtendedData>
                <Data name="PIN">
                    <value>46107010069.0</value>
                </Data>
                <Data name="Wetland_%">
                    <value>0.00</value>
                </Data>
                <Data name="Flood_%">
                    <value>0.00</value>
                </Data>
                <Data name="Parcel_area_m2">
                    <value>2618.87</value>
                </Data>
            </ExtendedData>
            <Polygon id="2345442">
                <outerBoundaryIs>
                    <LinearRing id="2345446">
                        <coordinates>-78.97674649511983,33.60564047643042,0.0 -78.97674063434766,33.60562459272009,0.0 -78.97673809109133,33.60561770346654,0.0 -78.97672217601519,33.605573519676604,0.0 -78.9767183653166,33.605563444723074,0.0 -78.97671806285337,33.60556264334786,0.0 -78.97670618924954,33.605531248642336,0.0 -78.97669807310685,33.60550865717342,0.0 -78.97668722716858,33.60547987059822,0.0 -78.9766866361873,33.60547827078195,0.0 -78.97658948547272,33.60521559945955,0.0 -78.97667827115409,33.605194584848554,0.0 -78.9767665413458,33.605172105083426,0.0 -78.97685426350833,33.605148168651816,0.0 -78.97694140292597,33.605122784907586,0.0 -78.9770971576023,33.60544541141551,0.0 -78.97710420709667,33.605457620203474,0.0 -78.97711299824809,33.60546900968954,0.0 -78.9771237561943,33.60547972426521,0.0 -78.97713605416556,33.60548920765313,0.0 -78.9771496919967,33.60549730775282,0.0 -78.97716444856471,33.60550389286525,0.0 -78.97718008601457,33.60550885536998,0.0 -78.97719634965361,33.60551211623329,0.0 -78.97721297557861,33.60551362152507,0.0 -78.97722969701397,33.60551334793466,0.0 -78.97717149233175,33.60552883344622,0.0 -78.97707263152813,33.60555513564831,0.0 -78.9770365776261,33.605564727134194,0.0 -78.9770042939639,33.605573316073574,0.0 -78.97686350784558,33.60561077297582,0.0 -78.97674749086583,33.60564163821764,0.0 -78.97674649511983,33.60564047643042,0.0</coordinates>
                    </LinearRing>
                </outerBoundaryIs>
            </Polygon>
        </Placemark>
        <Placemark id="2345457">
            <name>45804010060.0</name>
            <description>PIN: 45804010060.0&lt;br&gt;Wetland %: 0.00&lt;br&gt;Flood %: 100.00&lt;br&gt;Parcel area (m²): 712.55</description>
            <styleUrl>#2345462</styleUrl>
            <ExtendedData>
                <Data name="PIN">
                    <value>45804010060.0</value>
                </Data>
                <Data name="Wetland_%">
                    <value>0.00</value>
                </Data>
                <Data name="Flood_%">
                    <value>100.00</value>
                </Data>
                <Data name="Parcel_area_m2">
                    <value>712.55</value>
                </Data>
            </ExtendedData>
            <Polygon id="2345456">
                <outerBoundaryIs>
                    <LinearRing id="2345460">
                        <coordinates>-78.9925819630082,33.64084800332721,0.0 -78.9924681241801,33.64094710321564,0.0 -78.99221694456519,33.6407452430758,0.0 -78.99233078339445,33.640646144317294,0.0 -78.9925819630082,33.64084800332721,0.0</coordinates>
                    </LinearRing>
                </outerBoundaryIs>
            </Polygon>
        </Placemark>
        <Placemark id="2345471">
            <name>45804010061.0</name>
            <description>PIN: 45804010061.0&lt;br&gt;Wetland %: 0.00&lt;br&gt;Flood %: 100.00&lt;br&gt;Parcel area (m²): 712.55</description>
            <styleUrl>#2345476</styleUrl>
            <ExtendedData>
                <Data name="PIN">
                    <value>45804010061.0</value>
                </Data>
                <Data name="Wetland_%">
                    <value>0.00</value>
                </Data>
                <Data name="Flood_%">
                    <value>100.00</value>
                </Data>
                <Data name="Parcel_area_m2">
                    <value>712.55</value>
                </Data>
            </ExtendedData>
            <Polygon id="2345470">
                <outerBoundaryIs>
                    <LinearRing id="2345474">
                        <coordinates>-78.9925819630082,33.64084800332721,0.0 -78.9924681241801,33.64094710321564,0.0 -78.99221694456519,33.6407452430758,0.0 -78.99233078339445,33.640646144317294,0.0 -78.9925819630082,33.64084800332721,0.0</coordinates>
                    </LinearRing>
                </outerBoundaryIs>
            </Polygon>
        </Placemark>
        <Placemark id="2345485">
            <name>45804010062.0</name>
            <description>PIN: 45804010062.0&lt;br&gt;Wetland %: 0.00&lt;br&gt;Flood %: 100.00&lt;br&gt;Parcel area (m²): 712.55</description>
            <styleUrl>#2345490</styleUrl>
            <ExtendedData>
                <Data name="PIN">
                    <value>45804010062.0</value>
                </Data>
                <Data name="Wetland_%">
                    <value>0.00</value>
                </Data>
                <Data name="Flood_%">
                    <value>100.00</value>
                </Data>
                <Data name="Parcel_area_m2">
                    <value>712.55</value>
                </Data>
            </ExtendedData>
            <Polygon id="2345484">
                <outerBoundaryIs>
                    <LinearRing id="2345488">
                        <coordinates>-78.9925819630082,33.64084800332721,0.0 -78.9924681241801,33.64094710321564,0.0 -78.99221694456519,33.6407452430758,0.0 -78.99233078339445,33.640646144317294,0.0 -78.9925819630082,33.64084800332721,0.0</coordinates>
                    </LinearRing>
                </outerBoundaryIs>
            </Polygon>
        </Placemark>
        <Placemark id="2345499">
            <name>45804010063.0</name>
            <description>PIN: 45804010063.0&lt;br&gt;Wetland %: 0.00&lt;br&gt;Flood %: 100.00&lt;br&gt;Parcel area (m²): 712.55</description>
            <styleUrl>#2345504</styleUrl>
            <ExtendedData>
                <Data name="PIN">
                    <value>45804010063.0</value>
                </Data>
                <Data name="Wetland_%">
                    <value>0.00</value>
                </Data>
                <Data name="Flood_%">
                    <value>100.00</value>
                </Data>
                <Data name="Parcel_area_m2">
                    <value>712.55</value>
                </Data>
            </ExtendedData>
            <Polygon id="2345498">
                <outerBoundaryIs>
                    <LinearRing id="2345502">
                        <coordinates>-78.9925819630082,33.64084800332721,0.0 -78.9924681241801,33.64094710321564,0.0 -78.99221694456519,33.6407452430758,0.0 -78.99233078339445,33.640646144317294,0.0 -78.9925819630082,33.64084800332721,0.0</coordinates>
                    </LinearRing>
                </outerBoundaryIs>
            </Polygon>
        </Placemark>
        <Placemark id="2345513">
            <name>45804010042.0</name>
            <description>PIN: 45804010042.0&lt;br&gt;Wetland %: 0.00&lt;br&gt;Flood %: 100.00&lt;br&gt;Parcel area (m²): 712.55</description>
            <styleUrl>#2345518</styleUrl>
            <ExtendedData>
                <Data name="PIN">
                    <value>45804010042.0</value>
                </Data>
                <Data name="Wetland_%">
                    <value>0.00</value>
                </Data>
                <Data name="Flood_%">
                    <value>100.00</value>
                </Data>
                <Data name="Parcel_area_m2">
                    <value>712.55</value>
                </Data>
            </ExtendedData>
            <Polygon id="2345512">
                <outerBoundaryIs>
                    <LinearRing id="2345516">
                        <coordinates>-78.9922676380432,33.640615462355214,0.0 -78.99215379916102,33.640714561957566,0.0 -78.99190261985694,33.64051270205567,0.0 -78.99201645876127,33.64041360268169,0.0 -78.9922676380432,33.640615462355214,0.0</coordinates>
                    </LinearRing>
                </outerBoundaryIs>
            </Polygon>
        </Placemark>
        <Placemark id="2345527">
            <name>45804010043.0</name>
            <description>PIN: 45804010043.0&lt;br&gt;Wetland %: 0.00&lt;br&gt;Flood %: 100.00&lt;br&gt;Parcel area (m²): 712.55</description>
            <styleUrl>#2345532</styleUrl>
            <ExtendedData>
                <Data name="PIN">
                    <value>45804010043.0</value>
                </Data>
                <Data name="Wetland_%">
                    <value>0.00</value>
                </Data>
                <Data name="Flood_%">
                    <value>100.00</value>
                </Data>
                <Data name="Parcel_area_m2">
                    <value>712.55</value>
                </Data>
            </ExtendedData>
            <Polygon id="2345526">
                <outerBoundaryIs>
                    <LinearRing id="2345530">
                        <coordinates>-78.9922676380432,33.640615462355214,0.0 -78.99215379916102,33.640714561957566,0.0 -78.99190261985694,33.64051270205567,0.0 -78.99201645876127,33.64041360268169,0.0 -78.9922676380432,33.640615462355214,0.0</coordinates>
                    </LinearRing>
                </outerBoundaryIs>
            </Polygon>
        </Placemark>
        <Placemark id="2345541">
            <name>45804010044.0</name>
            <description>PIN: 45804010044.0&lt;br&gt;Wetland %: 0.00&lt;br&gt;Flood %: 100.00&lt;br&gt;Parcel area (m²): 712.55</description>
            <styleUrl>#2345546</styleUrl>
            <ExtendedData>
                <Data name="PIN">
                    <value>45804010044.0</value>
                </Data>
                <Data name="Wetland_%">
                    <value>0.00</value>
                </Data>
                <Data name="Flood_%">
                    <value>100.00</value>
                </Data>
                <Data name="Parcel_area_m2">
                    <value>712.55</value>
                </Data>
            </ExtendedData>
            <Polygon id="2345540">
                <outerBoundaryIs>
                    <LinearRing id="2345544">
                        <coordinates>-78.9922676380432,33.640615462355214,0.0 -78.99215379916102,33.640714561957566,0.0 -78.99190261985694,33.64051270205567,0.0 -78.99201645876127,33.64041360268169,0.0 -78.9922676380432,33.640615462355214,0.0</coordinates>
                    </LinearRing>
                </outerBoundaryIs>
            </Polygon>
        </Placemark>
        <Placemark id="2345555">
            <name>45804010045.0</name>
            <description>PIN: 45804010045.0&lt;br&gt;Wetland %: 0.00&lt;br&gt;Flood %: 100.00&lt;br&gt;Parcel area (m²): 712.55</description>
            <styleUrl>#2345560</styleUrl>
            <ExtendedData>
                <Data name="PIN">
                    <value>45804010045.0</value>
                </Data>
                <Data name="Wetland_%">
                    <value>0.00</value>
                </Data>
                <Data name="Flood_%">
                    <value>100.00</value>
                </Data>
                <Data name="Parcel_area_m2">
                    <value>712.55</value>
                </Data>
            </ExtendedData>
            <Polygon id="2345554">
                <outerBoundaryIs>
                    <LinearRing id="2345558">
                        <coordinates>-78.9922676380432,33.640615462355214,0.0 -78.99215379916102,33.640714561957566,0.0 -78.99190261985694,33.64051270205567,0.0 -78.99201645876127,33.64041360268169,0.0 -78.9922676380432,33.640615462355214,0.0</coordinates>
                    </LinearRing>
                </outerBoundaryIs>
            </Polygon>
        </Placemark>
        <Placemark id="2345569">
            <name>45804010046.0</name>
            <description>PIN: 45804010046.0&lt;br&gt;Wetland %: 0.00&lt;br&gt;Flood %: 100.00&lt;br&gt;Parcel area (m²): 712.55</description>
            <styleUrl>#2345574</styleUrl>
            <ExtendedData>
                <Data name="PIN">
                    <value>45804010046.0</value>
                </Data>
                <Data name="Wetland_%">
                    <value>0.00</value>
                </Data>
                <Data name="Flood_%">
                    <value>100.00</value>
                </Data>
                <Data name="Parcel_area_m2">
                    <value>712.55</value>
                </Data>
            </ExtendedData>
            <Polygon id="2345568">
                <outerBoundaryIs>
                    <LinearRing id="2345572">
                        <coordinates>-78.9922676380432,33.640615462355214,0.0 -78.99215379916102,33.640714561957566,0.0 -78.99190261985694,33.64051270205567,0.0 -78.99201645876127,33.64041360268169,0.0 -78.9922676380432,33.640615462355214,0.0</coordinates>
                    </LinearRing>
                </outerBoundaryIs>
            </Polygon>
        </Placemark>
        <Placemark id="2345583">
            <name>23305010002.0</name>
            <description>PIN: 23305010002.0&lt;br&gt;Wetland %: 0.00&lt;br&gt;Flood %: 100.00&lt;br&gt;Parcel area (m²): 5459.49</description>
            <styleUrl>#2345588</styleUrl>
            <ExtendedData>
                <Data name="PIN">
                    <value>23305010002.0</value>
                </Data>
                <Data name="Wetland_%">
                    <value>0.00</value>
                </Data>
                <Data name="Flood_%">
                    <value>100.00</value>
                </Data>
                <Data name="Parcel_area_m2">
                    <value>5459.49</value>
                </Data>
            </ExtendedData>
            <Polygon id="2345582">
                <outerBoundaryIs>
                    <LinearRing id="2345586">
                        <coordinates>-79.1157540298322,33.99301099887044,0.0 -79.11589199168642,33.99348244696832,0.0 -79.11587953747276,33.99348603659525,0.0 -79.11581475436884,33.99350567000276,0.0 -79.11574409637056,33.99352985148197,0.0 -79.11567173130388,33.993556584492026,0.0 -79.11559846463649,33.993586911181794,0.0 -79.1155201305591,33.99362248720552,0.0 -79.11544172335458,33.99366149903522,0.0 -79.11538410134156,33.99369309406805,0.0 -79.11526985300678,33.99376302250259,0.0 -79.11504322664149,33.9932440832186,0.0 -79.1157540298322,33.99301099887044,0.0</coordinates>
                    </LinearRing>
                </outerBoundaryIs>
            </Polygon>
        </Placemark>
        <Placemark id="2345597">
            <name>23300000021.0</name>
            <description>PIN: 23300000021.0&lt;br&gt;Wetland %: 83.96&lt;br&gt;Flood %: 100.00&lt;br&gt;Parcel area (m²): 78286.70</description>
            <styleUrl>#2345602</styleUrl>
            <ExtendedData>
                <Data name="PIN">
                    <value>23300000021.0</value>
                </Data>
                <Data name="Wetland_%">
                    <value>83.96</value>
                </Data>
                <Data name="Flood_%">
                    <value>100.00</value>
                </Data>
                <Data name="Parcel_area_m2">
                    <value>78286.70</value>
                </Data>
            </ExtendedData>
            <Polygon id="2345596">
                <outerBoundaryIs>
                    <LinearRing id="2345600">
                        <coordinates>-79.11289678331144,33.99395481912974,0.0 -79.11294891161901,33.99368354963083,0.0 -79.11295594959537,33.993612424613396,0.0 -79.11289975578123,33.993583034287,0.0 -79.1128523719111,33.99358970782712,0.0 -79.1127453649293,33.99355525345788,0.0 -79.11272461211247,33.99343965640619,0.0 -79.11273725290279,33.993359961528675,0.0 -79.11272563611732,33.99332436537522,0.0 -79.11272359595503,33.993304577412246,0.0 -79.11270671271957,33.99328439049224,0.0 -79.11268459089729,33.993277354082494,0.0 -79.11265264236883,33.99326690346166,0.0 -79.11261492534666,33.99325619282033,0.0 -79.11260386067686,33.99323403366759,0.0 -79.1125842847369,33.993223771257576,0.0 -79.11256999634011,33.99319812699097,0.0 -79.1125763459136,33.993171937235886,0.0 -79.11259426852025,33.993144722277265,0.0 -79.11261032426141,33.99312744260422,0.0 -79.11262793271196,33.99311465253481,0.0 -79.11266785438784,33.9930999698247,0.0 -79.11269858424173,33.99309064407345,0.0 -79.11273334106217,33.99308584736228,0.0 -79.11276246872892,33.993074435582656,0.0 -79.11278650628189,33.99306930444036,0.0 -79.11283446149518,33.99306470757238,0.0 -79.11286623070461,33.993045605253386,0.0 -79.11288386326409,33.993031614244664,0.0 -79.11290341002511,33.993005625217975,0.0 -79.11291267338368,33.992997003704126,0.0 -79.11284334752827,33.9928098857426,0.0 -79.11255538047385,33.99277354865549,0.0 -79.11254472534925,33.99254454632725,0.0 -79.1123943943427,33.99255256729472,0.0 -79.11237810532955,33.9923688325872,0.0 -79.11236198492217,33.99218699072093,0.0 -79.11204016728182,33.99218948075665,0.0 -79.11193011022792,33.99209159685892,0.0 -79.11230802589168,33.991953803172514,0.0 -79.11370915218897,33.991352835081514,0.0 -79.1139180234026,33.991306990445935,0.0 -79.11482459729119,33.99409630422194,0.0 -79.11459128788768,33.99429552171676,0.0 -79.11452214337791,33.99435456142537,0.0 -79.11423945069207,33.99457354492104,0.0 -79.11389275830396,33.994871444659545,0.0 -79.1137016119444,33.99503565571332,0.0 -79.11363256796525,33.995040797159064,0.0 -79.1135229042857,33.99499150819612,0.0 -79.1133897910752,33.994622589967676,0.0 -79.11317979355236,33.99457856674653,0.0 -79.11313694683251,33.99449792244125,0.0 -79.11290168237362,33.994279391652064,0.0 -79.11288914639513,33.99417168280242,0.0 -79.11303275605809,33.994151673428874,0.0 -79.11309954631903,33.99408088634606,0.0 -79.11307905600263,33.99404006521003,0.0 -79.11302380431879,33.9940301125136,0.0 -79.11295739300637,33.99397926050477,0.0 -79.11289678331144,33.99395481912974,0.0</coordinates>
                    </LinearRing>
                </outerBoundaryIs>
            </Polygon>
        </Placemark>
    </Document>
</kml>
