<?xml version="1.0" encoding="UTF-8"?>
<kml xmlns="http://www.opengis.net/kml/2.2" xmlns:gx="http://www.google.com/kml/ext/2.2">
    <Document id="2212081">
        <Style id="2212088">
            <LineStyle id="2212090">
                <color>ffffffff</color>
                <colorMode>normal</colorMode>
                <width>1</width>
            </LineStyle>
            <PolyStyle id="2212089">
                <color>8000a5ff</color>
                <colorMode>normal</colorMode>
                <fill>1</fill>
                <outline>1</outline>
            </PolyStyle>
        </Style>
        <Style id="2212102">
            <LineStyle id="2212104">
                <color>ffffffff</color>
                <colorMode>normal</colorMode>
                <width>1</width>
            </LineStyle>
            <PolyStyle id="2212103">
                <color>8000a5ff</color>
                <colorMode>normal</colorMode>
                <fill>1</fill>
                <outline>1</outline>
            </PolyStyle>
        </Style>
        <Style id="2212116">
            <LineStyle id="2212118">
                <color>ffffffff</color>
                <colorMode>normal</colorMode>
                <width>1</width>
            </LineStyle>
            <PolyStyle id="2212117">
                <color>8000a5ff</color>
                <colorMode>normal</colorMode>
                <fill>1</fill>
                <outline>1</outline>
            </PolyStyle>
        </Style>
        <Style id="2212130">
            <LineStyle id="2212132">
                <color>ffffffff</color>
                <colorMode>normal</colorMode>
                <width>1</width>
            </LineStyle>
            <PolyStyle id="2212131">
                <color>8000a5ff</color>
                <colorMode>normal</colorMode>
                <fill>1</fill>
                <outline>1</outline>
            </PolyStyle>
        </Style>
        <Style id="2212144">
            <LineStyle id="2212146">
                <color>ffffffff</color>
                <colorMode>normal</colorMode>
                <width>1</width>
            </LineStyle>
            <PolyStyle id="2212145">
                <color>8000a5ff</color>
                <colorMode>normal</colorMode>
                <fill>1</fill>
                <outline>1</outline>
            </PolyStyle>
        </Style>
        <Style id="2212158">
            <LineStyle id="2212160">
                <color>ffffffff</color>
                <colorMode>normal</colorMode>
                <width>1</width>
            </LineStyle>
            <PolyStyle id="2212159">
                <color>8000a5ff</color>
                <colorMode>normal</colorMode>
                <fill>1</fill>
                <outline>1</outline>
            </PolyStyle>
        </Style>
        <Style id="2212172">
            <LineStyle id="2212174">
                <color>ffffffff</color>
                <colorMode>normal</colorMode>
                <width>1</width>
            </LineStyle>
            <PolyStyle id="2212173">
                <color>8000a5ff</color>
                <colorMode>normal</colorMode>
                <fill>1</fill>
                <outline>1</outline>
            </PolyStyle>
        </Style>
        <Style id="2212186">
            <LineStyle id="2212188">
                <color>ffffffff</color>
                <colorMode>normal</colorMode>
                <width>1</width>
            </LineStyle>
            <PolyStyle id="2212187">
                <color>8000a5ff</color>
                <colorMode>normal</colorMode>
                <fill>1</fill>
                <outline>1</outline>
            </PolyStyle>
        </Style>
        <Style id="2212200">
            <LineStyle id="2212202">
                <color>ffffffff</color>
                <colorMode>normal</colorMode>
                <width>1</width>
            </LineStyle>
            <PolyStyle id="2212201">
                <color>8000a5ff</color>
                <colorMode>normal</colorMode>
                <fill>1</fill>
                <outline>1</outline>
            </PolyStyle>
        </Style>
        <Style id="2212214">
            <LineStyle id="2212216">
                <color>ffffffff</color>
                <colorMode>normal</colorMode>
                <width>1</width>
            </LineStyle>
            <PolyStyle id="2212215">
                <color>8000a5ff</color>
                <colorMode>normal</colorMode>
                <fill>1</fill>
                <outline>1</outline>
            </PolyStyle>
        </Style>
        <Style id="2212228">
            <LineStyle id="2212230">
                <color>ffffffff</color>
                <colorMode>normal</colorMode>
                <width>1</width>
            </LineStyle>
            <PolyStyle id="2212229">
                <color>8000a5ff</color>
                <colorMode>normal</colorMode>
                <fill>1</fill>
                <outline>1</outline>
            </PolyStyle>
        </Style>
        <Style id="2212242">
            <LineStyle id="2212244">
                <color>ffffffff</color>
                <colorMode>normal</colorMode>
                <width>1</width>
            </LineStyle>
            <PolyStyle id="2212243">
                <color>8000a5ff</color>
                <colorMode>normal</colorMode>
                <fill>1</fill>
                <outline>1</outline>
            </PolyStyle>
        </Style>
        <Style id="2212256">
            <LineStyle id="2212258">
                <color>ffffffff</color>
                <colorMode>normal</colorMode>
                <width>1</width>
            </LineStyle>
            <PolyStyle id="2212257">
                <color>8000a5ff</color>
                <colorMode>normal</colorMode>
                <fill>1</fill>
                <outline>1</outline>
            </PolyStyle>
        </Style>
        <Style id="2212270">
            <LineStyle id="2212272">
                <color>ffffffff</color>
                <colorMode>normal</colorMode>
                <width>1</width>
            </LineStyle>
            <PolyStyle id="2212271">
                <color>8000a5ff</color>
                <colorMode>normal</colorMode>
                <fill>1</fill>
                <outline>1</outline>
            </PolyStyle>
        </Style>
        <Style id="2212284">
            <LineStyle id="2212286">
                <color>ffffffff</color>
                <colorMode>normal</colorMode>
                <width>1</width>
            </LineStyle>
            <PolyStyle id="2212285">
                <color>8000a5ff</color>
                <colorMode>normal</colorMode>
                <fill>1</fill>
                <outline>1</outline>
            </PolyStyle>
        </Style>
        <Style id="2212298">
            <LineStyle id="2212300">
                <color>ffffffff</color>
                <colorMode>normal</colorMode>
                <width>1</width>
            </LineStyle>
            <PolyStyle id="2212299">
                <color>8000a5ff</color>
                <colorMode>normal</colorMode>
                <fill>1</fill>
                <outline>1</outline>
            </PolyStyle>
        </Style>
        <Style id="2212312">
            <LineStyle id="2212314">
                <color>ffffffff</color>
                <colorMode>normal</colorMode>
                <width>1</width>
            </LineStyle>
            <PolyStyle id="2212313">
                <color>8000a5ff</color>
                <colorMode>normal</colorMode>
                <fill>1</fill>
                <outline>1</outline>
            </PolyStyle>
        </Style>
        <Style id="2212326">
            <LineStyle id="2212328">
                <color>ffffffff</color>
                <colorMode>normal</colorMode>
                <width>1</width>
            </LineStyle>
            <PolyStyle id="2212327">
                <color>80008000</color>
                <colorMode>normal</colorMode>
                <fill>1</fill>
                <outline>1</outline>
            </PolyStyle>
        </Style>
        <Style id="2212340">
            <LineStyle id="2212342">
                <color>ffffffff</color>
                <colorMode>normal</colorMode>
                <width>1</width>
            </LineStyle>
            <PolyStyle id="2212341">
                <color>80008000</color>
                <colorMode>normal</colorMode>
                <fill>1</fill>
                <outline>1</outline>
            </PolyStyle>
        </Style>
        <Style id="2212354">
            <LineStyle id="2212356">
                <color>ffffffff</color>
                <colorMode>normal</colorMode>
                <width>1</width>
            </LineStyle>
            <PolyStyle id="2212355">
                <color>80008000</color>
                <colorMode>normal</colorMode>
                <fill>1</fill>
                <outline>1</outline>
            </PolyStyle>
        </Style>
        <Style id="2212368">
            <LineStyle id="2212370">
                <color>ffffffff</color>
                <colorMode>normal</colorMode>
                <width>1</width>
            </LineStyle>
            <PolyStyle id="2212369">
                <color>80008000</color>
                <colorMode>normal</colorMode>
                <fill>1</fill>
                <outline>1</outline>
            </PolyStyle>
        </Style>
        <Style id="2212382">
            <LineStyle id="2212384">
                <color>ffffffff</color>
                <colorMode>normal</colorMode>
                <width>1</width>
            </LineStyle>
            <PolyStyle id="2212383">
                <color>80008000</color>
                <colorMode>normal</colorMode>
                <fill>1</fill>
                <outline>1</outline>
            </PolyStyle>
        </Style>
        <Style id="2212396">
            <LineStyle id="2212398">
                <color>ffffffff</color>
                <colorMode>normal</colorMode>
                <width>1</width>
            </LineStyle>
            <PolyStyle id="2212397">
                <color>8000a5ff</color>
                <colorMode>normal</colorMode>
                <fill>1</fill>
                <outline>1</outline>
            </PolyStyle>
        </Style>
        <Style id="2212405">
            <LineStyle id="2212407">
                <color>ffffffff</color>
                <colorMode>normal</colorMode>
                <width>1</width>
            </LineStyle>
            <PolyStyle id="2212406">
                <color>8000a5ff</color>
                <colorMode>normal</colorMode>
                <fill>1</fill>
                <outline>1</outline>
            </PolyStyle>
        </Style>
        <Style id="2212419">
            <LineStyle id="2212421">
                <color>ffffffff</color>
                <colorMode>normal</colorMode>
                <width>1</width>
            </LineStyle>
            <PolyStyle id="2212420">
                <color>80008000</color>
                <colorMode>normal</colorMode>
                <fill>1</fill>
                <outline>1</outline>
            </PolyStyle>
        </Style>
        <Style id="2212433">
            <LineStyle id="2212435">
                <color>ffffffff</color>
                <colorMode>normal</colorMode>
                <width>1</width>
            </LineStyle>
            <PolyStyle id="2212434">
                <color>80008000</color>
                <colorMode>normal</colorMode>
                <fill>1</fill>
                <outline>1</outline>
            </PolyStyle>
        </Style>
        <Style id="2212447">
            <LineStyle id="2212449">
                <color>ffffffff</color>
                <colorMode>normal</colorMode>
                <width>1</width>
            </LineStyle>
            <PolyStyle id="2212448">
                <color>80008000</color>
                <colorMode>normal</colorMode>
                <fill>1</fill>
                <outline>1</outline>
            </PolyStyle>
        </Style>
        <Style id="2212461">
            <LineStyle id="2212463">
                <color>ffffffff</color>
                <colorMode>normal</colorMode>
                <width>1</width>
            </LineStyle>
            <PolyStyle id="2212462">
                <color>80008000</color>
                <colorMode>normal</colorMode>
                <fill>1</fill>
                <outline>1</outline>
            </PolyStyle>
        </Style>
        <Style id="2212475">
            <LineStyle id="2212477">
                <color>ffffffff</color>
                <colorMode>normal</colorMode>
                <width>1</width>
            </LineStyle>
            <PolyStyle id="2212476">
                <color>800000ff</color>
                <colorMode>normal</colorMode>
                <fill>1</fill>
                <outline>1</outline>
            </PolyStyle>
        </Style>
        <Style id="2212489">
            <LineStyle id="2212491">
                <color>ffffffff</color>
                <colorMode>normal</colorMode>
                <width>1</width>
            </LineStyle>
            <PolyStyle id="2212490">
                <color>800000ff</color>
                <colorMode>normal</colorMode>
                <fill>1</fill>
                <outline>1</outline>
            </PolyStyle>
        </Style>
        <Style id="2212503">
            <LineStyle id="2212505">
                <color>ffffffff</color>
                <colorMode>normal</colorMode>
                <width>1</width>
            </LineStyle>
            <PolyStyle id="2212504">
                <color>8000a5ff</color>
                <colorMode>normal</colorMode>
                <fill>1</fill>
                <outline>1</outline>
            </PolyStyle>
        </Style>
        <Style id="2212517">
            <LineStyle id="2212519">
                <color>ffffffff</color>
                <colorMode>normal</colorMode>
                <width>1</width>
            </LineStyle>
            <PolyStyle id="2212518">
                <color>8000a5ff</color>
                <colorMode>normal</colorMode>
                <fill>1</fill>
                <outline>1</outline>
            </PolyStyle>
        </Style>
        <Style id="2212531">
            <LineStyle id="2212533">
                <color>ffffffff</color>
                <colorMode>normal</colorMode>
                <width>1</width>
            </LineStyle>
            <PolyStyle id="2212532">
                <color>8000a5ff</color>
                <colorMode>normal</colorMode>
                <fill>1</fill>
                <outline>1</outline>
            </PolyStyle>
        </Style>
        <Style id="2212545">
            <LineStyle id="2212547">
                <color>ffffffff</color>
                <colorMode>normal</colorMode>
                <width>1</width>
            </LineStyle>
            <PolyStyle id="2212546">
                <color>8000a5ff</color>
                <colorMode>normal</colorMode>
                <fill>1</fill>
                <outline>1</outline>
            </PolyStyle>
        </Style>
        <Style id="2212559">
            <LineStyle id="2212561">
                <color>ffffffff</color>
                <colorMode>normal</colorMode>
                <width>1</width>
            </LineStyle>
            <PolyStyle id="2212560">
                <color>8000a5ff</color>
                <colorMode>normal</colorMode>
                <fill>1</fill>
                <outline>1</outline>
            </PolyStyle>
        </Style>
        <Style id="2212573">
            <LineStyle id="2212575">
                <color>ffffffff</color>
                <colorMode>normal</colorMode>
                <width>1</width>
            </LineStyle>
            <PolyStyle id="2212574">
                <color>800000ff</color>
                <colorMode>normal</colorMode>
                <fill>1</fill>
                <outline>1</outline>
            </PolyStyle>
        </Style>
        <Style id="2212587">
            <LineStyle id="2212589">
                <color>ffffffff</color>
                <colorMode>normal</colorMode>
                <width>1</width>
            </LineStyle>
            <PolyStyle id="2212588">
                <color>800000ff</color>
                <colorMode>normal</colorMode>
                <fill>1</fill>
                <outline>1</outline>
            </PolyStyle>
        </Style>
        <Style id="2212601">
            <LineStyle id="2212603">
                <color>ffffffff</color>
                <colorMode>normal</colorMode>
                <width>1</width>
            </LineStyle>
            <PolyStyle id="2212602">
                <color>8000a5ff</color>
                <colorMode>normal</colorMode>
                <fill>1</fill>
                <outline>1</outline>
            </PolyStyle>
        </Style>
        <Style id="2212615">
            <LineStyle id="2212617">
                <color>ffffffff</color>
                <colorMode>normal</colorMode>
                <width>1</width>
            </LineStyle>
            <PolyStyle id="2212616">
                <color>8000a5ff</color>
                <colorMode>normal</colorMode>
                <fill>1</fill>
                <outline>1</outline>
            </PolyStyle>
        </Style>
        <Style id="2212629">
            <LineStyle id="2212631">
                <color>ffffffff</color>
                <colorMode>normal</colorMode>
                <width>1</width>
            </LineStyle>
            <PolyStyle id="2212630">
                <color>8000a5ff</color>
                <colorMode>normal</colorMode>
                <fill>1</fill>
                <outline>1</outline>
            </PolyStyle>
        </Style>
        <Style id="2212643">
            <LineStyle id="2212645">
                <color>ffffffff</color>
                <colorMode>normal</colorMode>
                <width>1</width>
            </LineStyle>
            <PolyStyle id="2212644">
                <color>8000a5ff</color>
                <colorMode>normal</colorMode>
                <fill>1</fill>
                <outline>1</outline>
            </PolyStyle>
        </Style>
        <Style id="2212657">
            <LineStyle id="2212659">
                <color>ffffffff</color>
                <colorMode>normal</colorMode>
                <width>1</width>
            </LineStyle>
            <PolyStyle id="2212658">
                <color>8000a5ff</color>
                <colorMode>normal</colorMode>
                <fill>1</fill>
                <outline>1</outline>
            </PolyStyle>
        </Style>
        <Style id="2212671">
            <LineStyle id="2212673">
                <color>ffffffff</color>
                <colorMode>normal</colorMode>
                <width>1</width>
            </LineStyle>
            <PolyStyle id="2212672">
                <color>8000a5ff</color>
                <colorMode>normal</colorMode>
                <fill>1</fill>
                <outline>1</outline>
            </PolyStyle>
        </Style>
        <Style id="2212685">
            <LineStyle id="2212687">
                <color>ffffffff</color>
                <colorMode>normal</colorMode>
                <width>1</width>
            </LineStyle>
            <PolyStyle id="2212686">
                <color>8000a5ff</color>
                <colorMode>normal</colorMode>
                <fill>1</fill>
                <outline>1</outline>
            </PolyStyle>
        </Style>
        <Style id="2212699">
            <LineStyle id="2212701">
                <color>ffffffff</color>
                <colorMode>normal</colorMode>
                <width>1</width>
            </LineStyle>
            <PolyStyle id="2212700">
                <color>8000a5ff</color>
                <colorMode>normal</colorMode>
                <fill>1</fill>
                <outline>1</outline>
            </PolyStyle>
        </Style>
        <Style id="2212713">
            <LineStyle id="2212715">
                <color>ffffffff</color>
                <colorMode>normal</colorMode>
                <width>1</width>
            </LineStyle>
            <PolyStyle id="2212714">
                <color>8000a5ff</color>
                <colorMode>normal</colorMode>
                <fill>1</fill>
                <outline>1</outline>
            </PolyStyle>
        </Style>
        <Style id="2212727">
            <LineStyle id="2212729">
                <color>ffffffff</color>
                <colorMode>normal</colorMode>
                <width>1</width>
            </LineStyle>
            <PolyStyle id="2212728">
                <color>8000a5ff</color>
                <colorMode>normal</colorMode>
                <fill>1</fill>
                <outline>1</outline>
            </PolyStyle>
        </Style>
        <Style id="2212741">
            <LineStyle id="2212743">
                <color>ffffffff</color>
                <colorMode>normal</colorMode>
                <width>1</width>
            </LineStyle>
            <PolyStyle id="2212742">
                <color>8000a5ff</color>
                <colorMode>normal</colorMode>
                <fill>1</fill>
                <outline>1</outline>
            </PolyStyle>
        </Style>
        <Style id="2212755">
            <LineStyle id="2212757">
                <color>ffffffff</color>
                <colorMode>normal</colorMode>
                <width>1</width>
            </LineStyle>
            <PolyStyle id="2212756">
                <color>8000a5ff</color>
                <colorMode>normal</colorMode>
                <fill>1</fill>
                <outline>1</outline>
            </PolyStyle>
        </Style>
        <Style id="2212769">
            <LineStyle id="2212771">
                <color>ffffffff</color>
                <colorMode>normal</colorMode>
                <width>1</width>
            </LineStyle>
            <PolyStyle id="2212770">
                <color>8000a5ff</color>
                <colorMode>normal</colorMode>
                <fill>1</fill>
                <outline>1</outline>
            </PolyStyle>
        </Style>
        <Style id="2212783">
            <LineStyle id="2212785">
                <color>ffffffff</color>
                <colorMode>normal</colorMode>
                <width>1</width>
            </LineStyle>
            <PolyStyle id="2212784">
                <color>8000a5ff</color>
                <colorMode>normal</colorMode>
                <fill>1</fill>
                <outline>1</outline>
            </PolyStyle>
        </Style>
        <Style id="2212797">
            <LineStyle id="2212799">
                <color>ffffffff</color>
                <colorMode>normal</colorMode>
                <width>1</width>
            </LineStyle>
            <PolyStyle id="2212798">
                <color>8000a5ff</color>
                <colorMode>normal</colorMode>
                <fill>1</fill>
                <outline>1</outline>
            </PolyStyle>
        </Style>
        <Style id="2212811">
            <LineStyle id="2212813">
                <color>ffffffff</color>
                <colorMode>normal</colorMode>
                <width>1</width>
            </LineStyle>
            <PolyStyle id="2212812">
                <color>8000a5ff</color>
                <colorMode>normal</colorMode>
                <fill>1</fill>
                <outline>1</outline>
            </PolyStyle>
        </Style>
        <Style id="2212825">
            <LineStyle id="2212827">
                <color>ffffffff</color>
                <colorMode>normal</colorMode>
                <width>1</width>
            </LineStyle>
            <PolyStyle id="2212826">
                <color>8000a5ff</color>
                <colorMode>normal</colorMode>
                <fill>1</fill>
                <outline>1</outline>
            </PolyStyle>
        </Style>
        <Style id="2212839">
            <LineStyle id="2212841">
                <color>ffffffff</color>
                <colorMode>normal</colorMode>
                <width>1</width>
            </LineStyle>
            <PolyStyle id="2212840">
                <color>8000a5ff</color>
                <colorMode>normal</colorMode>
                <fill>1</fill>
                <outline>1</outline>
            </PolyStyle>
        </Style>
        <Style id="2212853">
            <LineStyle id="2212855">
                <color>ffffffff</color>
                <colorMode>normal</colorMode>
                <width>1</width>
            </LineStyle>
            <PolyStyle id="2212854">
                <color>8000a5ff</color>
                <colorMode>normal</colorMode>
                <fill>1</fill>
                <outline>1</outline>
            </PolyStyle>
        </Style>
        <Style id="2212867">
            <LineStyle id="2212869">
                <color>ffffffff</color>
                <colorMode>normal</colorMode>
                <width>1</width>
            </LineStyle>
            <PolyStyle id="2212868">
                <color>8000a5ff</color>
                <colorMode>normal</colorMode>
                <fill>1</fill>
                <outline>1</outline>
            </PolyStyle>
        </Style>
        <Style id="2212881">
            <LineStyle id="2212883">
                <color>ffffffff</color>
                <colorMode>normal</colorMode>
                <width>1</width>
            </LineStyle>
            <PolyStyle id="2212882">
                <color>8000a5ff</color>
                <colorMode>normal</colorMode>
                <fill>1</fill>
                <outline>1</outline>
            </PolyStyle>
        </Style>
        <Style id="2212895">
            <LineStyle id="2212897">
                <color>ffffffff</color>
                <colorMode>normal</colorMode>
                <width>1</width>
            </LineStyle>
            <PolyStyle id="2212896">
                <color>8000a5ff</color>
                <colorMode>normal</colorMode>
                <fill>1</fill>
                <outline>1</outline>
            </PolyStyle>
        </Style>
        <Style id="2212909">
            <LineStyle id="2212911">
                <color>ffffffff</color>
                <colorMode>normal</colorMode>
                <width>1</width>
            </LineStyle>
            <PolyStyle id="2212910">
                <color>800000ff</color>
                <colorMode>normal</colorMode>
                <fill>1</fill>
                <outline>1</outline>
            </PolyStyle>
        </Style>
        <Style id="2212923">
            <LineStyle id="2212925">
                <color>ffffffff</color>
                <colorMode>normal</colorMode>
                <width>1</width>
            </LineStyle>
            <PolyStyle id="2212924">
                <color>8000a5ff</color>
                <colorMode>normal</colorMode>
                <fill>1</fill>
                <outline>1</outline>
            </PolyStyle>
        </Style>
        <Style id="2212937">
            <LineStyle id="2212939">
                <color>ffffffff</color>
                <colorMode>normal</colorMode>
                <width>1</width>
            </LineStyle>
            <PolyStyle id="2212938">
                <color>8000a5ff</color>
                <colorMode>normal</colorMode>
                <fill>1</fill>
                <outline>1</outline>
            </PolyStyle>
        </Style>
        <Style id="2212951">
            <LineStyle id="2212953">
                <color>ffffffff</color>
                <colorMode>normal</colorMode>
                <width>1</width>
            </LineStyle>
            <PolyStyle id="2212952">
                <color>800000ff</color>
                <colorMode>normal</colorMode>
                <fill>1</fill>
                <outline>1</outline>
            </PolyStyle>
        </Style>
        <Style id="2212965">
            <LineStyle id="2212967">
                <color>ffffffff</color>
                <colorMode>normal</colorMode>
                <width>1</width>
            </LineStyle>
            <PolyStyle id="2212966">
                <color>8000a5ff</color>
                <colorMode>normal</colorMode>
                <fill>1</fill>
                <outline>1</outline>
            </PolyStyle>
        </Style>
        <Style id="2212979">
            <LineStyle id="2212981">
                <color>ffffffff</color>
                <colorMode>normal</colorMode>
                <width>1</width>
            </LineStyle>
            <PolyStyle id="2212980">
                <color>800000ff</color>
                <colorMode>normal</colorMode>
                <fill>1</fill>
                <outline>1</outline>
            </PolyStyle>
        </Style>
        <Style id="2212993">
            <LineStyle id="2212995">
                <color>ffffffff</color>
                <colorMode>normal</colorMode>
                <width>1</width>
            </LineStyle>
            <PolyStyle id="2212994">
                <color>8000a5ff</color>
                <colorMode>normal</colorMode>
                <fill>1</fill>
                <outline>1</outline>
            </PolyStyle>
        </Style>
        <Style id="2213007">
            <LineStyle id="2213009">
                <color>ffffffff</color>
                <colorMode>normal</colorMode>
                <width>1</width>
            </LineStyle>
            <PolyStyle id="2213008">
                <color>8000a5ff</color>
                <colorMode>normal</colorMode>
                <fill>1</fill>
                <outline>1</outline>
            </PolyStyle>
        </Style>
        <Style id="2213021">
            <LineStyle id="2213023">
                <color>ffffffff</color>
                <colorMode>normal</colorMode>
                <width>1</width>
            </LineStyle>
            <PolyStyle id="2213022">
                <color>8000a5ff</color>
                <colorMode>normal</colorMode>
                <fill>1</fill>
                <outline>1</outline>
            </PolyStyle>
        </Style>
        <Style id="2213035">
            <LineStyle id="2213037">
                <color>ffffffff</color>
                <colorMode>normal</colorMode>
                <width>1</width>
            </LineStyle>
            <PolyStyle id="2213036">
                <color>8000a5ff</color>
                <colorMode>normal</colorMode>
                <fill>1</fill>
                <outline>1</outline>
            </PolyStyle>
        </Style>
        <Style id="2213049">
            <LineStyle id="2213051">
                <color>ffffffff</color>
                <colorMode>normal</colorMode>
                <width>1</width>
            </LineStyle>
            <PolyStyle id="2213050">
                <color>8000a5ff</color>
                <colorMode>normal</colorMode>
                <fill>1</fill>
                <outline>1</outline>
            </PolyStyle>
        </Style>
        <Style id="2213063">
            <LineStyle id="2213065">
                <color>ffffffff</color>
                <colorMode>normal</colorMode>
                <width>1</width>
            </LineStyle>
            <PolyStyle id="2213064">
                <color>8000a5ff</color>
                <colorMode>normal</colorMode>
                <fill>1</fill>
                <outline>1</outline>
            </PolyStyle>
        </Style>
        <Style id="2213077">
            <LineStyle id="2213079">
                <color>ffffffff</color>
                <colorMode>normal</colorMode>
                <width>1</width>
            </LineStyle>
            <PolyStyle id="2213078">
                <color>8000a5ff</color>
                <colorMode>normal</colorMode>
                <fill>1</fill>
                <outline>1</outline>
            </PolyStyle>
        </Style>
        <Style id="2213091">
            <LineStyle id="2213093">
                <color>ffffffff</color>
                <colorMode>normal</colorMode>
                <width>1</width>
            </LineStyle>
            <PolyStyle id="2213092">
                <color>8000a5ff</color>
                <colorMode>normal</colorMode>
                <fill>1</fill>
                <outline>1</outline>
            </PolyStyle>
        </Style>
        <Style id="2213105">
            <LineStyle id="2213107">
                <color>ffffffff</color>
                <colorMode>normal</colorMode>
                <width>1</width>
            </LineStyle>
            <PolyStyle id="2213106">
                <color>8000a5ff</color>
                <colorMode>normal</colorMode>
                <fill>1</fill>
                <outline>1</outline>
            </PolyStyle>
        </Style>
        <Style id="2213119">
            <LineStyle id="2213121">
                <color>ffffffff</color>
                <colorMode>normal</colorMode>
                <width>1</width>
            </LineStyle>
            <PolyStyle id="2213120">
                <color>8000a5ff</color>
                <colorMode>normal</colorMode>
                <fill>1</fill>
                <outline>1</outline>
            </PolyStyle>
        </Style>
        <Style id="2213133">
            <LineStyle id="2213135">
                <color>ffffffff</color>
                <colorMode>normal</colorMode>
                <width>1</width>
            </LineStyle>
            <PolyStyle id="2213134">
                <color>8000a5ff</color>
                <colorMode>normal</colorMode>
                <fill>1</fill>
                <outline>1</outline>
            </PolyStyle>
        </Style>
        <Style id="2213147">
            <LineStyle id="2213149">
                <color>ffffffff</color>
                <colorMode>normal</colorMode>
                <width>1</width>
            </LineStyle>
            <PolyStyle id="2213148">
                <color>800000ff</color>
                <colorMode>normal</colorMode>
                <fill>1</fill>
                <outline>1</outline>
            </PolyStyle>
        </Style>
        <Style id="2213161">
            <LineStyle id="2213163">
                <color>ffffffff</color>
                <colorMode>normal</colorMode>
                <width>1</width>
            </LineStyle>
            <PolyStyle id="2213162">
                <color>8000a5ff</color>
                <colorMode>normal</colorMode>
                <fill>1</fill>
                <outline>1</outline>
            </PolyStyle>
        </Style>
        <Style id="2213175">
            <LineStyle id="2213177">
                <color>ffffffff</color>
                <colorMode>normal</colorMode>
                <width>1</width>
            </LineStyle>
            <PolyStyle id="2213176">
                <color>8000a5ff</color>
                <colorMode>normal</colorMode>
                <fill>1</fill>
                <outline>1</outline>
            </PolyStyle>
        </Style>
        <Style id="2213189">
            <LineStyle id="2213191">
                <color>ffffffff</color>
                <colorMode>normal</colorMode>
                <width>1</width>
            </LineStyle>
            <PolyStyle id="2213190">
                <color>8000a5ff</color>
                <colorMode>normal</colorMode>
                <fill>1</fill>
                <outline>1</outline>
            </PolyStyle>
        </Style>
        <Style id="2213203">
            <LineStyle id="2213205">
                <color>ffffffff</color>
                <colorMode>normal</colorMode>
                <width>1</width>
            </LineStyle>
            <PolyStyle id="2213204">
                <color>8000a5ff</color>
                <colorMode>normal</colorMode>
                <fill>1</fill>
                <outline>1</outline>
            </PolyStyle>
        </Style>
        <Placemark id="2212083">
            <name>45814010022.0</name>
            <description>PIN: 45814010022.0&lt;br&gt;Wetland %: 0.00&lt;br&gt;Flood %: 100.00&lt;br&gt;Parcel area (m²): 801.18</description>
            <styleUrl>#2212088</styleUrl>
            <ExtendedData>
                <Data name="PIN">
                    <value>45814010022.0</value>
                </Data>
                <Data name="Wetland_%">
                    <value>0.00</value>
                </Data>
                <Data name="Flood_%">
                    <value>100.00</value>
                </Data>
                <Data name="Parcel_area_m2">
                    <value>801.18</value>
                </Data>
            </ExtendedData>
            <Polygon id="2212082">
                <outerBoundaryIs>
                    <LinearRing id="2212086">
                        <coordinates>-78.99849945825808,33.61998397269658,0.0 -78.99841985646117,33.62008682007837,0.0 -78.99831681450917,33.62003118522391,0.0 -78.99830774196154,33.620042894221214,0.0 -78.99830326572874,33.620048669870776,0.0 -78.99825377772567,33.62002175121672,0.0 -78.99827748303036,33.61999137195735,0.0 -78.9982288003479,33.61996515362358,0.0 -78.9982099380596,33.6199915625466,0.0 -78.99820587678518,33.619997249312064,0.0 -78.99815963730805,33.61997195084314,0.0 -78.99816718610872,33.61996212296415,0.0 -78.99817488384629,33.61995210177714,0.0 -78.99807184221247,33.619896466717194,0.0 -78.99815058677757,33.6197951732347,0.0 -78.99825199423522,33.61985042457741,0.0 -78.99826722482331,33.61983126252169,0.0 -78.99831752244754,33.61985868945982,0.0 -78.99831464119222,33.619862441745795,0.0 -78.99829211121109,33.61989178929723,0.0 -78.99833835830357,33.61991675863153,0.0 -78.99835825806416,33.6198911232319,0.0 -78.99836206734902,33.61988621526358,0.0 -78.99841155530824,33.61991313387476,0.0 -78.99840488653383,33.61992178546593,0.0 -78.99839885127847,33.61992961573264,0.0 -78.99849945825808,33.61998397269658,0.0</coordinates>
                    </LinearRing>
                </outerBoundaryIs>
            </Polygon>
        </Placemark>
        <Placemark id="2212097">
            <name>45814040007.0</name>
            <description>PIN: 45814040007.0&lt;br&gt;Wetland %: 0.00&lt;br&gt;Flood %: 100.00&lt;br&gt;Parcel area (m²): 805.49</description>
            <styleUrl>#2212102</styleUrl>
            <ExtendedData>
                <Data name="PIN">
                    <value>45814040007.0</value>
                </Data>
                <Data name="Wetland_%">
                    <value>0.00</value>
                </Data>
                <Data name="Flood_%">
                    <value>100.00</value>
                </Data>
                <Data name="Parcel_area_m2">
                    <value>805.49</value>
                </Data>
            </ExtendedData>
            <Polygon id="2212096">
                <outerBoundaryIs>
                    <LinearRing id="2212100">
                        <coordinates>-78.9990981483183,33.61938837232259,0.0 -78.99898556872765,33.61935441140331,0.0 -78.99897514208006,33.61937898455604,0.0 -78.99892211953328,33.61936281326491,0.0 -78.99893863222898,33.619323740786115,0.0 -78.99888315763579,33.61930703458529,0.0 -78.99886750936271,33.61934425133642,0.0 -78.99881285213253,33.61932772340212,0.0 -78.99882156520677,33.61930620172889,0.0 -78.99870572465008,33.61927117032546,0.0 -78.99875604466766,33.619155670303726,0.0 -78.99887188509001,33.619190701660564,0.0 -78.99887882792919,33.61917467659934,0.0 -78.99893511597901,33.61919172609363,0.0 -78.99892121378795,33.61922449029214,0.0 -78.998971789235,33.61923990760209,0.0 -78.99898740501493,33.619204091929696,0.0 -78.99904205838156,33.61922078478058,0.0 -78.99903425432184,33.619238527626955,0.0 -78.99914765114329,33.61927266679865,0.0 -78.9990981483183,33.61938837232259,0.0</coordinates>
                    </LinearRing>
                </outerBoundaryIs>
            </Polygon>
        </Placemark>
        <Placemark id="2212111">
            <name>45814020056.0</name>
            <description>PIN: 45814020056.0&lt;br&gt;Wetland %: 0.00&lt;br&gt;Flood %: 100.00&lt;br&gt;Parcel area (m²): 1561.10</description>
            <styleUrl>#2212116</styleUrl>
            <ExtendedData>
                <Data name="PIN">
                    <value>45814020056.0</value>
                </Data>
                <Data name="Wetland_%">
                    <value>0.00</value>
                </Data>
                <Data name="Flood_%">
                    <value>100.00</value>
                </Data>
                <Data name="Parcel_area_m2">
                    <value>1561.10</value>
                </Data>
            </ExtendedData>
            <Polygon id="2212110">
                <outerBoundaryIs>
                    <LinearRing id="2212114">
                        <coordinates>-78.99528677358431,33.62029066159102,0.0 -78.99536250538219,33.62008010742165,0.0 -78.99582097122531,33.6201897510647,0.0 -78.9957450720863,33.62040059230329,0.0 -78.99528677358431,33.62029066159102,0.0</coordinates>
                    </LinearRing>
                </outerBoundaryIs>
            </Polygon>
        </Placemark>
        <Placemark id="2212125">
            <name>45814040001.0</name>
            <description>PIN: 45814040001.0&lt;br&gt;Wetland %: 7.52&lt;br&gt;Flood %: 100.00&lt;br&gt;Parcel area (m²): 4666.24</description>
            <styleUrl>#2212130</styleUrl>
            <ExtendedData>
                <Data name="PIN">
                    <value>45814040001.0</value>
                </Data>
                <Data name="Wetland_%">
                    <value>7.52</value>
                </Data>
                <Data name="Flood_%">
                    <value>100.00</value>
                </Data>
                <Data name="Parcel_area_m2">
                    <value>4666.24</value>
                </Data>
            </ExtendedData>
            <Polygon id="2212124">
                <outerBoundaryIs>
                    <LinearRing id="2212128">
                        <coordinates>-78.99844025986664,33.61915246906898,0.0 -78.9986704704412,33.61885400737653,0.0 -78.99890423063087,33.61896684958657,0.0 -78.99894016859547,33.61898400862335,0.0 -78.99931636472887,33.619163471463146,0.0 -78.99907671255691,33.61947419209087,0.0 -78.99897082590414,33.619611478566256,0.0 -78.99877195259933,33.61950808500821,0.0 -78.9988046994855,33.619469783373006,0.0 -78.99886483226568,33.6193994528132,0.0 -78.99844025986664,33.61915246906898,0.0</coordinates>
                    </LinearRing>
                </outerBoundaryIs>
            </Polygon>
        </Placemark>
        <Placemark id="2212139">
            <name>45814010047.0</name>
            <description>PIN: 45814010047.0&lt;br&gt;Wetland %: 0.00&lt;br&gt;Flood %: 100.00&lt;br&gt;Parcel area (m²): 811.17</description>
            <styleUrl>#2212144</styleUrl>
            <ExtendedData>
                <Data name="PIN">
                    <value>45814010047.0</value>
                </Data>
                <Data name="Wetland_%">
                    <value>0.00</value>
                </Data>
                <Data name="Flood_%">
                    <value>100.00</value>
                </Data>
                <Data name="Parcel_area_m2">
                    <value>811.17</value>
                </Data>
            </ExtendedData>
            <Polygon id="2212138">
                <outerBoundaryIs>
                    <LinearRing id="2212142">
                        <coordinates>-78.9984586012449,33.61961974049337,0.0 -78.99851330810871,33.61952767917138,0.0 -78.99848727710872,33.61951659007893,0.0 -78.99851207754743,33.61947438151331,0.0 -78.99855520197137,33.61949229027535,0.0 -78.99857999095262,33.61945057487317,0.0 -78.99853767881417,33.619433064411275,0.0 -78.99856587528937,33.61938609900482,0.0 -78.9985886578075,33.61939556786779,0.0 -78.99864167049535,33.61930570593299,0.0 -78.99877592879083,33.61936132409435,0.0 -78.9987212261104,33.61945322144296,0.0 -78.9987440086841,33.6194626893756,0.0 -78.99871837125393,33.61950557260609,0.0 -78.99867605522013,33.6194882280868,0.0 -78.9986503942469,33.619532126508986,0.0 -78.99869107552675,33.61954911624164,0.0 -78.99866458887149,33.61959319520539,0.0 -78.99864017982932,33.61958301272247,0.0 -78.99858634196531,33.61967302634003,0.0 -78.9984586012449,33.61961974049337,0.0</coordinates>
                    </LinearRing>
                </outerBoundaryIs>
            </Polygon>
        </Placemark>
        <Placemark id="2212153">
            <name>45814010040.0</name>
            <description>PIN: 45814010040.0&lt;br&gt;Wetland %: 0.00&lt;br&gt;Flood %: 100.00&lt;br&gt;Parcel area (m²): 804.18</description>
            <styleUrl>#2212158</styleUrl>
            <ExtendedData>
                <Data name="PIN">
                    <value>45814010040.0</value>
                </Data>
                <Data name="Wetland_%">
                    <value>0.00</value>
                </Data>
                <Data name="Flood_%">
                    <value>100.00</value>
                </Data>
                <Data name="Parcel_area_m2">
                    <value>804.18</value>
                </Data>
            </ExtendedData>
            <Polygon id="2212152">
                <outerBoundaryIs>
                    <LinearRing id="2212156">
                        <coordinates>-78.99878939864593,33.620340916021036,0.0 -78.9986879629068,33.620286847125996,0.0 -78.9986727119816,33.620306888295936,0.0 -78.99862077604848,33.620279242850266,0.0 -78.99864873036678,33.62024274775493,0.0 -78.99860328002991,33.62021883590147,0.0 -78.99858040043449,33.62024903558566,0.0 -78.99852845629977,33.620221747136,0.0 -78.99854454051886,33.6202011972618,0.0 -78.99844228710114,33.620146976911805,0.0 -78.99851938144387,33.620045986570126,0.0 -78.99862650594478,33.62010270479546,0.0 -78.99864091912515,33.620083364394716,0.0 -78.99868961408379,33.62010906053706,0.0 -78.99866335436373,33.62014332914645,0.0 -78.99871286228739,33.62016939562038,0.0 -78.99873406380965,33.62014070833807,0.0 -78.99878275500895,33.62016656943695,0.0 -78.99876666321417,33.620187449329286,0.0 -78.99886648893695,33.62024009045911,0.0 -78.99878939864593,33.620340916021036,0.0</coordinates>
                    </LinearRing>
                </outerBoundaryIs>
            </Polygon>
        </Placemark>
        <Placemark id="2212167">
            <name>45814020072.0</name>
            <description>PIN: 45814020072.0&lt;br&gt;Wetland %: 0.00&lt;br&gt;Flood %: 100.00&lt;br&gt;Parcel area (m²): 7036.68</description>
            <styleUrl>#2212172</styleUrl>
            <ExtendedData>
                <Data name="PIN">
                    <value>45814020072.0</value>
                </Data>
                <Data name="Wetland_%">
                    <value>0.00</value>
                </Data>
                <Data name="Flood_%">
                    <value>100.00</value>
                </Data>
                <Data name="Parcel_area_m2">
                    <value>7036.68</value>
                </Data>
            </ExtendedData>
            <Polygon id="2212166">
                <outerBoundaryIs>
                    <LinearRing id="2212170">
                        <coordinates>-78.99436127181369,33.620679647492786,0.0 -78.994758083988,33.61979313914829,0.0 -78.99493537405824,33.619835193189196,0.0 -78.99505038983733,33.619862340790874,0.0 -78.99505670835856,33.61986383234797,0.0 -78.99506201362358,33.61986508557925,0.0 -78.9951051303179,33.61974682013495,0.0 -78.99510768503048,33.61973981472577,0.0 -78.99511201973277,33.61972792442615,0.0 -78.99516107486949,33.61974431256437,0.0 -78.99517011028321,33.61974733191102,0.0 -78.99526446028652,33.61977885291645,0.0 -78.99526294520788,33.61978249562394,0.0 -78.99526289733224,33.619782607589705,0.0 -78.9952209562735,33.619883518047565,0.0 -78.99520340821826,33.61992573816641,0.0 -78.99519224506957,33.61995259360382,0.0 -78.99510752276883,33.62015580604635,0.0 -78.99506872267513,33.62024886912615,0.0 -78.99471723931488,33.62081034169944,0.0 -78.99471549839254,33.620814609387736,0.0 -78.99470952038173,33.620830737378256,0.0 -78.99469271201438,33.620876093763655,0.0 -78.99468481512785,33.62087134760974,0.0 -78.99466664064984,33.620860426755215,0.0 -78.99450452535312,33.62076300227296,0.0 -78.99438239975541,33.62068961068563,0.0 -78.99436127181369,33.620679647492786,0.0</coordinates>
                    </LinearRing>
                </outerBoundaryIs>
            </Polygon>
        </Placemark>
        <Placemark id="2212181">
            <name>45814030096.0</name>
            <description>PIN: 45814030096.0&lt;br&gt;Wetland %: 0.00&lt;br&gt;Flood %: 100.00&lt;br&gt;Parcel area (m²): 1526.18</description>
            <styleUrl>#2212186</styleUrl>
            <ExtendedData>
                <Data name="PIN">
                    <value>45814030096.0</value>
                </Data>
                <Data name="Wetland_%">
                    <value>0.00</value>
                </Data>
                <Data name="Flood_%">
                    <value>100.00</value>
                </Data>
                <Data name="Parcel_area_m2">
                    <value>1526.18</value>
                </Data>
            </ExtendedData>
            <Polygon id="2212180">
                <outerBoundaryIs>
                    <LinearRing id="2212184">
                        <coordinates>-78.99517934148031,33.61934777595613,0.0 -78.9956052424416,33.61918855315598,0.0 -78.99571232761795,33.61938932166936,0.0 -78.9952864215542,33.61954854476407,0.0 -78.99517934148031,33.61934777595613,0.0</coordinates>
                    </LinearRing>
                </outerBoundaryIs>
            </Polygon>
        </Placemark>
        <Placemark id="2212195">
            <name>45814020032.0</name>
            <description>PIN: 45814020032.0&lt;br&gt;Wetland %: 0.00&lt;br&gt;Flood %: 100.00&lt;br&gt;Parcel area (m²): 1559.43</description>
            <styleUrl>#2212200</styleUrl>
            <ExtendedData>
                <Data name="PIN">
                    <value>45814020032.0</value>
                </Data>
                <Data name="Wetland_%">
                    <value>0.00</value>
                </Data>
                <Data name="Flood_%">
                    <value>100.00</value>
                </Data>
                <Data name="Parcel_area_m2">
                    <value>1559.43</value>
                </Data>
            </ExtendedData>
            <Polygon id="2212194">
                <outerBoundaryIs>
                    <LinearRing id="2212198">
                        <coordinates>-78.99589969942873,33.62044547637232,0.0 -78.99597543533251,33.620234965213854,0.0 -78.9964319654542,33.62034953764038,0.0 -78.9963860665605,33.62047706462154,0.0 -78.99635618319738,33.62056009250206,0.0 -78.99589969942873,33.62044547637232,0.0</coordinates>
                    </LinearRing>
                </outerBoundaryIs>
            </Polygon>
        </Placemark>
        <Placemark id="2212209">
            <name>45814020036.0</name>
            <description>PIN: 45814020036.0&lt;br&gt;Wetland %: 0.00&lt;br&gt;Flood %: 100.00&lt;br&gt;Parcel area (m²): 1560.35</description>
            <styleUrl>#2212214</styleUrl>
            <ExtendedData>
                <Data name="PIN">
                    <value>45814020036.0</value>
                </Data>
                <Data name="Wetland_%">
                    <value>0.00</value>
                </Data>
                <Data name="Flood_%">
                    <value>100.00</value>
                </Data>
                <Data name="Parcel_area_m2">
                    <value>1560.35</value>
                </Data>
            </ExtendedData>
            <Polygon id="2212208">
                <outerBoundaryIs>
                    <LinearRing id="2212212">
                        <coordinates>-78.99676450708176,33.620729593723595,0.0 -78.99706444235991,33.62042088143124,0.0 -78.99726771628464,33.62056025900121,0.0 -78.99696775386222,33.620870153782796,0.0 -78.99676450708176,33.620729593723595,0.0</coordinates>
                    </LinearRing>
                </outerBoundaryIs>
            </Polygon>
        </Placemark>
        <Placemark id="2212223">
            <name>45814020050.0</name>
            <description>PIN: 45814020050.0&lt;br&gt;Wetland %: 0.00&lt;br&gt;Flood %: 100.00&lt;br&gt;Parcel area (m²): 1595.19</description>
            <styleUrl>#2212228</styleUrl>
            <ExtendedData>
                <Data name="PIN">
                    <value>45814020050.0</value>
                </Data>
                <Data name="Wetland_%">
                    <value>0.00</value>
                </Data>
                <Data name="Flood_%">
                    <value>100.00</value>
                </Data>
                <Data name="Parcel_area_m2">
                    <value>1595.19</value>
                </Data>
            </ExtendedData>
            <Polygon id="2212222">
                <outerBoundaryIs>
                    <LinearRing id="2212226">
                        <coordinates>-78.99654617706487,33.61990175486654,0.0 -78.99683725345795,33.61958352283401,0.0 -78.99704924138187,33.61972857375466,0.0 -78.99675109985283,33.62003934897571,0.0 -78.99654617706487,33.61990175486654,0.0</coordinates>
                    </LinearRing>
                </outerBoundaryIs>
            </Polygon>
        </Placemark>
        <Placemark id="2212237">
            <name>29610030014.0</name>
            <description>PIN: 29610030014.0&lt;br&gt;Wetland %: 0.00&lt;br&gt;Flood %: 100.00&lt;br&gt;Parcel area (m²): 8909.60</description>
            <styleUrl>#2212242</styleUrl>
            <ExtendedData>
                <Data name="PIN">
                    <value>29610030014.0</value>
                </Data>
                <Data name="Wetland_%">
                    <value>0.00</value>
                </Data>
                <Data name="Flood_%">
                    <value>100.00</value>
                </Data>
                <Data name="Parcel_area_m2">
                    <value>8909.60</value>
                </Data>
            </ExtendedData>
            <Polygon id="2212236">
                <outerBoundaryIs>
                    <LinearRing id="2212240">
                        <coordinates>-78.96508875845615,33.89872038646906,0.0 -78.96530949477643,33.89841623042452,0.0 -78.96515799607616,33.89797627614979,0.0 -78.9642594858907,33.89830189313447,0.0 -78.96407743456616,33.89805052523669,0.0 -78.96441207962444,33.89796259948317,0.0 -78.96476589686311,33.89786963494176,0.0 -78.96510567629481,33.89778035673818,0.0 -78.96545427935732,33.89879416869989,0.0 -78.96582346035747,33.89883544502375,0.0 -78.966287558991,33.898887330383964,0.0 -78.9664447879071,33.89890490833228,0.0 -78.96613288041685,33.89929329375822,0.0 -78.96527309612766,33.8988139208405,0.0 -78.96508875845615,33.89872038646906,0.0</coordinates>
                    </LinearRing>
                </outerBoundaryIs>
            </Polygon>
        </Placemark>
        <Placemark id="2212251">
            <name>14303040001.0</name>
            <description>PIN: 14303040001.0&lt;br&gt;Wetland %: 0.00&lt;br&gt;Flood %: 100.00&lt;br&gt;Parcel area (m²): 7010.80</description>
            <styleUrl>#2212256</styleUrl>
            <ExtendedData>
                <Data name="PIN">
                    <value>14303040001.0</value>
                </Data>
                <Data name="Wetland_%">
                    <value>0.00</value>
                </Data>
                <Data name="Flood_%">
                    <value>100.00</value>
                </Data>
                <Data name="Parcel_area_m2">
                    <value>7010.80</value>
                </Data>
            </ExtendedData>
            <Polygon id="2212250">
                <outerBoundaryIs>
                    <LinearRing id="2212254">
                        <coordinates>-79.08881743074888,34.133365168886826,0.0 -79.08961470747919,34.13304385922665,0.0 -79.08996607706996,34.1329022524905,0.0 -79.09000938715897,34.13288479785341,0.0 -79.09001978240613,34.13290307794933,0.0 -79.09016541405167,34.13315918917324,0.0 -79.09023702220817,34.1332836274267,0.0 -79.08988083427117,34.1334822624614,0.0 -79.08975989778072,34.1333173413629,0.0 -79.08960726139577,34.13337878536765,0.0 -79.0889746383757,34.13363344476687,0.0 -79.08881743074888,34.133365168886826,0.0</coordinates>
                    </LinearRing>
                </outerBoundaryIs>
            </Polygon>
        </Placemark>
        <Placemark id="2212265">
            <name>16103010003.0</name>
            <description>PIN: 16103010003.0&lt;br&gt;Wetland %: 0.00&lt;br&gt;Flood %: 100.00&lt;br&gt;Parcel area (m²): 11939.94</description>
            <styleUrl>#2212270</styleUrl>
            <ExtendedData>
                <Data name="PIN">
                    <value>16103010003.0</value>
                </Data>
                <Data name="Wetland_%">
                    <value>0.00</value>
                </Data>
                <Data name="Flood_%">
                    <value>100.00</value>
                </Data>
                <Data name="Parcel_area_m2">
                    <value>11939.94</value>
                </Data>
            </ExtendedData>
            <Polygon id="2212264">
                <outerBoundaryIs>
                    <LinearRing id="2212268">
                        <coordinates>-79.155560300348,34.11051506379011,0.0 -79.15571249777226,34.109790183541556,0.0 -79.15603773381393,34.109840894047636,0.0 -79.15697199102875,34.10998655720674,0.0 -79.1567007629847,34.1105504108145,0.0 -79.155560300348,34.11051506379011,0.0</coordinates>
                    </LinearRing>
                </outerBoundaryIs>
            </Polygon>
        </Placemark>
        <Placemark id="2212279">
            <name>23600000022.0</name>
            <description>PIN: 23600000022.0&lt;br&gt;Wetland %: 34.07&lt;br&gt;Flood %: 100.00&lt;br&gt;Parcel area (m²): 109300.25</description>
            <styleUrl>#2212284</styleUrl>
            <ExtendedData>
                <Data name="PIN">
                    <value>23600000022.0</value>
                </Data>
                <Data name="Wetland_%">
                    <value>34.07</value>
                </Data>
                <Data name="Flood_%">
                    <value>100.00</value>
                </Data>
                <Data name="Parcel_area_m2">
                    <value>109300.25</value>
                </Data>
            </ExtendedData>
            <Polygon id="2212278">
                <outerBoundaryIs>
                    <LinearRing id="2212282">
                        <coordinates>-79.21429762152296,33.986356761037875,0.0 -79.21663299225473,33.98552531462447,0.0 -79.21838241055977,33.98490244204634,0.0 -79.22025314334185,33.9842360799976,0.0 -79.22030893992468,33.984928893835544,0.0 -79.22089377060001,33.984931280992555,0.0 -79.22094782503468,33.985267432366115,0.0 -79.22099758118148,33.98557685013433,0.0 -79.22102215101717,33.9857297170813,0.0 -79.22112156542593,33.986054740751584,0.0 -79.21913050749652,33.98630442708634,0.0 -79.21896024765893,33.98528303270396,0.0 -79.21837274900362,33.98536925894411,0.0 -79.21777365847353,33.98545737658346,0.0 -79.2179438999679,33.98647894292956,0.0 -79.21660917208945,33.98667513758581,0.0 -79.21435482754907,33.9870064748358,0.0 -79.21424090114259,33.987023218921934,0.0 -79.21424247186738,33.987004857518876,0.0 -79.2142975324802,33.98636105341833,0.0 -79.21429762152296,33.986356761037875,0.0</coordinates>
                    </LinearRing>
                </outerBoundaryIs>
            </Polygon>
        </Placemark>
        <Placemark id="2212293">
            <name>23616010004.0</name>
            <description>PIN: 23616010004.0&lt;br&gt;Wetland %: 1.19&lt;br&gt;Flood %: 100.00&lt;br&gt;Parcel area (m²): 17359.65</description>
            <styleUrl>#2212298</styleUrl>
            <ExtendedData>
                <Data name="PIN">
                    <value>23616010004.0</value>
                </Data>
                <Data name="Wetland_%">
                    <value>1.19</value>
                </Data>
                <Data name="Flood_%">
                    <value>100.00</value>
                </Data>
                <Data name="Parcel_area_m2">
                    <value>17359.65</value>
                </Data>
            </ExtendedData>
            <Polygon id="2212292">
                <outerBoundaryIs>
                    <LinearRing id="2212296">
                        <coordinates>-79.23908088951359,33.981748333637135,0.0 -79.24050487553454,33.981370440853816,0.0 -79.2407974826403,33.9821058702284,0.0 -79.23936171561132,33.982485744713784,0.0 -79.23936055666987,33.982482703501404,0.0 -79.23908088951359,33.981748333637135,0.0</coordinates>
                    </LinearRing>
                </outerBoundaryIs>
            </Polygon>
        </Placemark>
        <Placemark id="2212307">
            <name>19106020010.0</name>
            <description>PIN: 19106020010.0&lt;br&gt;Wetland %: 31.20&lt;br&gt;Flood %: 100.00&lt;br&gt;Parcel area (m²): 7533.38</description>
            <styleUrl>#2212312</styleUrl>
            <ExtendedData>
                <Data name="PIN">
                    <value>19106020010.0</value>
                </Data>
                <Data name="Wetland_%">
                    <value>31.20</value>
                </Data>
                <Data name="Flood_%">
                    <value>100.00</value>
                </Data>
                <Data name="Parcel_area_m2">
                    <value>7533.38</value>
                </Data>
            </ExtendedData>
            <Polygon id="2212306">
                <outerBoundaryIs>
                    <LinearRing id="2212310">
                        <coordinates>-79.0512826984321,34.04724516729769,0.0 -79.05085468056814,34.04722523010809,0.0 -79.05108869742588,34.04615755420397,0.0 -79.05143053568332,34.046343640664965,0.0 -79.05141708662794,34.04637413580039,0.0 -79.05156506161597,34.046412758876286,0.0 -79.0513815939515,34.047249773363866,0.0 -79.0512826984321,34.04724516729769,0.0</coordinates>
                    </LinearRing>
                </outerBoundaryIs>
            </Polygon>
        </Placemark>
        <Placemark id="2212321">
            <name>44612020084.0</name>
            <description>PIN: 44612020084.0&lt;br&gt;Wetland %: 0.00&lt;br&gt;Flood %: 0.00&lt;br&gt;Parcel area (m²): 271.07</description>
            <styleUrl>#2212326</styleUrl>
            <ExtendedData>
                <Data name="PIN">
                    <value>44612020084.0</value>
                </Data>
                <Data name="Wetland_%">
                    <value>0.00</value>
                </Data>
                <Data name="Flood_%">
                    <value>0.00</value>
                </Data>
                <Data name="Parcel_area_m2">
                    <value>271.07</value>
                </Data>
            </ExtendedData>
            <Polygon id="2212320">
                <outerBoundaryIs>
                    <LinearRing id="2212324">
                        <coordinates>-78.92193117567042,33.65495171937814,0.0 -78.92207098896426,33.6548258105989,0.0 -78.92217604733338,33.65491090396879,0.0 -78.92197839192262,33.65498996332264,0.0 -78.92193117567042,33.65495171937814,0.0</coordinates>
                    </LinearRing>
                </outerBoundaryIs>
            </Polygon>
        </Placemark>
        <Placemark id="2212335">
            <name>44612020087.0</name>
            <description>PIN: 44612020087.0&lt;br&gt;Wetland %: 0.00&lt;br&gt;Flood %: 0.00&lt;br&gt;Parcel area (m²): 221.82</description>
            <styleUrl>#2212340</styleUrl>
            <ExtendedData>
                <Data name="PIN">
                    <value>44612020087.0</value>
                </Data>
                <Data name="Wetland_%">
                    <value>0.00</value>
                </Data>
                <Data name="Flood_%">
                    <value>0.00</value>
                </Data>
                <Data name="Parcel_area_m2">
                    <value>221.82</value>
                </Data>
            </ExtendedData>
            <Polygon id="2212334">
                <outerBoundaryIs>
                    <LinearRing id="2212338">
                        <coordinates>-78.92164574630478,33.65495586791467,0.0 -78.92172075232291,33.65488789849051,0.0 -78.92177631158452,33.654930777258436,0.0 -78.92179475030886,33.65500727963894,0.0 -78.92172007612443,33.65507494802565,0.0 -78.9216711095635,33.65497544293172,0.0 -78.92164574630478,33.65495586791467,0.0</coordinates>
                    </LinearRing>
                </outerBoundaryIs>
            </Polygon>
        </Placemark>
        <Placemark id="2212349">
            <name>44612020079.0</name>
            <description>PIN: 44612020079.0&lt;br&gt;Wetland %: 0.00&lt;br&gt;Flood %: 0.00&lt;br&gt;Parcel area (m²): 220.06</description>
            <styleUrl>#2212354</styleUrl>
            <ExtendedData>
                <Data name="PIN">
                    <value>44612020079.0</value>
                </Data>
                <Data name="Wetland_%">
                    <value>0.00</value>
                </Data>
                <Data name="Flood_%">
                    <value>0.00</value>
                </Data>
                <Data name="Parcel_area_m2">
                    <value>220.06</value>
                </Data>
            </ExtendedData>
            <Polygon id="2212348">
                <outerBoundaryIs>
                    <LinearRing id="2212352">
                        <coordinates>-78.92167685429102,33.655272071085356,0.0 -78.92172756874184,33.655226120973175,0.0 -78.92189410067645,33.655257523569844,0.0 -78.92178264184115,33.655358512834205,0.0 -78.92167685429102,33.655272071085356,0.0</coordinates>
                    </LinearRing>
                </outerBoundaryIs>
            </Polygon>
        </Placemark>
        <Placemark id="2212363">
            <name>44612020071.0</name>
            <description>PIN: 44612020071.0&lt;br&gt;Wetland %: 0.00&lt;br&gt;Flood %: 0.00&lt;br&gt;Parcel area (m²): 44.88</description>
            <styleUrl>#2212368</styleUrl>
            <ExtendedData>
                <Data name="PIN">
                    <value>44612020071.0</value>
                </Data>
                <Data name="Wetland_%">
                    <value>0.00</value>
                </Data>
                <Data name="Flood_%">
                    <value>0.00</value>
                </Data>
                <Data name="Parcel_area_m2">
                    <value>44.88</value>
                </Data>
            </ExtendedData>
            <Polygon id="2212362">
                <outerBoundaryIs>
                    <LinearRing id="2212366">
                        <coordinates>-78.92159446177153,33.654868306209195,0.0 -78.92162212503749,33.65484574742729,0.0 -78.92168734524896,33.65490182913569,0.0 -78.92165968720171,33.6549242157473,0.0 -78.92159446177153,33.654868306209195,0.0</coordinates>
                    </LinearRing>
                </outerBoundaryIs>
            </Polygon>
        </Placemark>
        <Placemark id="2212377">
            <name>44612020076.0</name>
            <description>PIN: 44612020076.0&lt;br&gt;Wetland %: 0.00&lt;br&gt;Flood %: 0.00&lt;br&gt;Parcel area (m²): 44.88</description>
            <styleUrl>#2212382</styleUrl>
            <ExtendedData>
                <Data name="PIN">
                    <value>44612020076.0</value>
                </Data>
                <Data name="Wetland_%">
                    <value>0.00</value>
                </Data>
                <Data name="Flood_%">
                    <value>0.00</value>
                </Data>
                <Data name="Parcel_area_m2">
                    <value>44.88</value>
                </Data>
            </ExtendedData>
            <Polygon id="2212376">
                <outerBoundaryIs>
                    <LinearRing id="2212380">
                        <coordinates>-78.92152603766652,33.65477454388904,0.0 -78.92149837441994,33.65479710174815,0.0 -78.92143315542314,33.65474102266191,0.0 -78.92146081351385,33.65471863429721,0.0 -78.92152603766652,33.65477454388904,0.0</coordinates>
                    </LinearRing>
                </outerBoundaryIs>
            </Polygon>
        </Placemark>
        <Placemark id="2212391">
            <name>44600000011.0_1</name>
            <description>PIN: 44600000011.0&lt;br&gt;Wetland %: 0.00&lt;br&gt;Flood %: 31.54&lt;br&gt;Parcel area (m²): 155794.36</description>
            <styleUrl>#2212396</styleUrl>
            <ExtendedData>
                <Data name="PIN">
                    <value>44600000011.0</value>
                </Data>
                <Data name="Wetland_%">
                    <value>0.00</value>
                </Data>
                <Data name="Flood_%">
                    <value>31.54</value>
                </Data>
                <Data name="Parcel_area_m2">
                    <value>155794.36</value>
                </Data>
            </ExtendedData>
            <Polygon id="2212390">
                <outerBoundaryIs>
                    <LinearRing id="2212394">
                        <coordinates>-78.92073198836029,33.655310818817675,0.0 -78.9210364933607,33.655036409970585,0.0 -78.92147362843563,33.65535985703034,0.0 -78.92192875598771,33.6556966129917,0.0 -78.92215943604162,33.655878329796806,0.0 -78.92215628427336,33.655881032255316,0.0 -78.92174741445767,33.65623136540182,0.0 -78.92117022850985,33.65671976562771,0.0 -78.9209755965715,33.65688436025146,0.0 -78.92060730571731,33.65719568845842,0.0 -78.91953781524585,33.65810057559216,0.0 -78.91948310222787,33.658146866994635,0.0 -78.91944797267057,33.65817573682137,0.0 -78.91942575587493,33.65815837180899,0.0 -78.91854387961665,33.6574269258199,0.0 -78.9184277595303,33.65733061218942,0.0 -78.92039976665949,33.65560851333295,0.0 -78.92068030814389,33.655357391761626,0.0 -78.92073198836029,33.655310818817675,0.0</coordinates>
                    </LinearRing>
                </outerBoundaryIs>
            </Polygon>
        </Placemark>
        <Placemark id="2212400">
            <name>44600000011.0_2</name>
            <styleUrl>#2212405</styleUrl>
            <Polygon id="2212399">
                <outerBoundaryIs>
                    <LinearRing id="2212403">
                        <coordinates>-78.9203498935207,33.6589442813581,0.0 -78.91981490519728,33.65849808856373,0.0 -78.91957802837095,33.6583005277375,0.0 -78.9196224807528,33.65826347449726,0.0 -78.91997416885012,33.657967331802105,0.0 -78.9206811407757,33.65737201662048,0.0 -78.92131533180202,33.65683749938983,0.0 -78.92229011170822,33.65601929397456,0.0 -78.92289728360328,33.65550963677271,0.0 -78.92290650081833,33.65550223156626,0.0 -78.92311365151438,33.6556713530728,0.0 -78.92346731541001,33.65593382778205,0.0 -78.92355783882752,33.656001010062425,0.0 -78.92355786424714,33.65600102943052,0.0 -78.92359546580033,33.65602893626235,0.0 -78.92408179086134,33.656389859228,0.0 -78.92406659064706,33.6564031583639,0.0 -78.92398776576051,33.65647212752348,0.0 -78.92392648240835,33.656525738017166,0.0 -78.92286667036534,33.6574532438243,0.0 -78.92130125878836,33.65882317904625,0.0 -78.92108608772003,33.65885065846335,0.0 -78.92088328820468,33.65887628380824,0.0 -78.92087721948212,33.6588714239126,0.0 -78.92068976456152,33.65872130690241,0.0 -78.92063273821981,33.65876862959181,0.0 -78.9206119176398,33.658814156019375,0.0 -78.92062211997613,33.65890379753831,0.0 -78.92062277160649,33.65890952776897,0.0 -78.9203498935207,33.6589442813581,0.0</coordinates>
                    </LinearRing>
                </outerBoundaryIs>
            </Polygon>
        </Placemark>
        <Placemark id="2212414">
            <name>44612020068.0</name>
            <description>PIN: 44612020068.0&lt;br&gt;Wetland %: 13.78&lt;br&gt;Flood %: 0.00&lt;br&gt;Parcel area (m²): 3603.66</description>
            <styleUrl>#2212419</styleUrl>
            <ExtendedData>
                <Data name="PIN">
                    <value>44612020068.0</value>
                </Data>
                <Data name="Wetland_%">
                    <value>13.78</value>
                </Data>
                <Data name="Flood_%">
                    <value>0.00</value>
                </Data>
                <Data name="Parcel_area_m2">
                    <value>3603.66</value>
                </Data>
            </ExtendedData>
            <Polygon id="2212413">
                <outerBoundaryIs>
                    <LinearRing id="2212417">
                        <coordinates>-78.9215783082477,33.6544123627967,0.0 -78.92170942214639,33.654523135037735,0.0 -78.9217918581422,33.65459278296985,0.0 -78.9219222323085,33.654705321177445,0.0 -78.92185982000903,33.65476187819016,0.0 -78.92172075232291,33.65488789849051,0.0 -78.92164574630478,33.65495586791467,0.0 -78.92155391068736,33.65503908669675,0.0 -78.92147700911067,33.6551087730184,0.0 -78.92112438315606,33.65482142687181,0.0 -78.92129688789603,33.654666048436056,0.0 -78.92156821220374,33.6544214650248,0.0 -78.9215783082477,33.6544123627967,0.0</coordinates>
                    </LinearRing>
                </outerBoundaryIs>
            </Polygon>
        </Placemark>
        <Placemark id="2212428">
            <name>44612020083.0</name>
            <description>PIN: 44612020083.0&lt;br&gt;Wetland %: 0.00&lt;br&gt;Flood %: 0.00&lt;br&gt;Parcel area (m²): 228.06</description>
            <styleUrl>#2212433</styleUrl>
            <ExtendedData>
                <Data name="PIN">
                    <value>44612020083.0</value>
                </Data>
                <Data name="Wetland_%">
                    <value>0.00</value>
                </Data>
                <Data name="Flood_%">
                    <value>0.00</value>
                </Data>
                <Data name="Parcel_area_m2">
                    <value>228.06</value>
                </Data>
            </ExtendedData>
            <Polygon id="2212427">
                <outerBoundaryIs>
                    <LinearRing id="2212431">
                        <coordinates>-78.92197839192262,33.65498996332264,0.0 -78.92217604733338,33.65491090396879,0.0 -78.92222916691075,33.65495392910935,0.0 -78.92216605909292,33.65501110955178,0.0 -78.92202324799287,33.65502629510804,0.0 -78.92197839192262,33.65498996332264,0.0</coordinates>
                    </LinearRing>
                </outerBoundaryIs>
            </Polygon>
        </Placemark>
        <Placemark id="2212442">
            <name>46109030216.0</name>
            <description>PIN: 46109030216.0&lt;br&gt;Wetland %: 0.00&lt;br&gt;Flood %: 0.00&lt;br&gt;Parcel area (m²): 1282.12</description>
            <styleUrl>#2212447</styleUrl>
            <ExtendedData>
                <Data name="PIN">
                    <value>46109030216.0</value>
                </Data>
                <Data name="Wetland_%">
                    <value>0.00</value>
                </Data>
                <Data name="Flood_%">
                    <value>0.00</value>
                </Data>
                <Data name="Parcel_area_m2">
                    <value>1282.12</value>
                </Data>
            </ExtendedData>
            <Polygon id="2212441">
                <outerBoundaryIs>
                    <LinearRing id="2212445">
                        <coordinates>-78.98006201762254,33.59857797690211,0.0 -78.9803808987576,33.59824558193461,0.0 -78.98053709866956,33.59834913577905,0.0 -78.98034933045128,33.598550769123,0.0 -78.98022078924807,33.598683338318196,0.0 -78.98006201762254,33.59857797690211,0.0</coordinates>
                    </LinearRing>
                </outerBoundaryIs>
            </Polygon>
        </Placemark>
        <Placemark id="2212456">
            <name>46109020209.0</name>
            <description>PIN: 46109020209.0&lt;br&gt;Wetland %: 0.00&lt;br&gt;Flood %: 0.00&lt;br&gt;Parcel area (m²): 483.19</description>
            <styleUrl>#2212461</styleUrl>
            <ExtendedData>
                <Data name="PIN">
                    <value>46109020209.0</value>
                </Data>
                <Data name="Wetland_%">
                    <value>0.00</value>
                </Data>
                <Data name="Flood_%">
                    <value>0.00</value>
                </Data>
                <Data name="Parcel_area_m2">
                    <value>483.19</value>
                </Data>
            </ExtendedData>
            <Polygon id="2212455">
                <outerBoundaryIs>
                    <LinearRing id="2212459">
                        <coordinates>-78.98026731424541,33.59871421173543,0.0 -78.98042095605174,33.59855610217467,0.0 -78.98047139590797,33.59858996546208,0.0 -78.98053557428372,33.598524343980955,0.0 -78.98058671047201,33.59855885177629,0.0 -78.9805661209724,33.598580266432606,0.0 -78.98037051422864,33.5987837081008,0.0 -78.98026731424541,33.59871421173543,0.0</coordinates>
                    </LinearRing>
                </outerBoundaryIs>
            </Polygon>
        </Placemark>
        <Placemark id="2212470">
            <name>44816010006.0</name>
            <description>PIN: 44816010006.0&lt;br&gt;Wetland %: 53.00&lt;br&gt;Flood %: 49.58&lt;br&gt;Parcel area (m²): 7728.93</description>
            <styleUrl>#2212475</styleUrl>
            <ExtendedData>
                <Data name="PIN">
                    <value>44816010006.0</value>
                </Data>
                <Data name="Wetland_%">
                    <value>53.00</value>
                </Data>
                <Data name="Flood_%">
                    <value>49.58</value>
                </Data>
                <Data name="Parcel_area_m2">
                    <value>7728.93</value>
                </Data>
            </ExtendedData>
            <Polygon id="2212469">
                <outerBoundaryIs>
                    <LinearRing id="2212473">
                        <coordinates>-79.01442353167931,33.64927999422887,0.0 -79.01442350843875,33.64927997311087,0.0 -79.01441127540065,33.649283693629,0.0 -79.01435482142249,33.6493008620746,0.0 -79.01419957602577,33.64934758569207,0.0 -79.01419894939542,33.64934777585054,0.0 -79.01412394925292,33.64937034634951,0.0 -79.01478287816111,33.64858919298796,0.0 -79.01506840625588,33.64825082844468,0.0 -79.0150773278953,33.64825595496404,0.0 -79.0150862653148,33.64826039446156,0.0 -79.01509520669033,33.64826466175227,0.0 -79.01510498422677,33.64826825520035,0.0 -79.01511477576449,33.64827133296555,0.0 -79.0151245780486,33.648273895897525,0.0 -79.01513521361616,33.64827595720995,0.0 -79.01514504064733,33.648277489625755,0.0 -79.01515570276047,33.648278348181094,0.0 -79.01516637671801,33.648278691018774,0.0 -79.01517624317513,33.648278506780535,0.0 -79.01518694077946,33.64827781998619,0.0 -79.01519765240432,33.64827661660721,0.0 -79.01520755617103,33.64827471387712,0.0 -79.0152291868772,33.64827008266693,0.0 -79.01531646199,33.648531647837856,0.0 -79.0149942384333,33.64896502674536,0.0 -79.014619565303,33.649468941216654,0.0 -79.01456341550876,33.649413577404275,0.0 -79.01455860310797,33.64940894710468,0.0 -79.01454992858211,33.649400665041824,0.0 -79.01442353167931,33.64927999422887,0.0</coordinates>
                    </LinearRing>
                </outerBoundaryIs>
            </Polygon>
        </Placemark>
        <Placemark id="2212484">
            <name>44816020006.0</name>
            <description>PIN: 44816020006.0&lt;br&gt;Wetland %: 86.02&lt;br&gt;Flood %: 31.12&lt;br&gt;Parcel area (m²): 34319.52</description>
            <styleUrl>#2212489</styleUrl>
            <ExtendedData>
                <Data name="PIN">
                    <value>44816020006.0</value>
                </Data>
                <Data name="Wetland_%">
                    <value>86.02</value>
                </Data>
                <Data name="Flood_%">
                    <value>31.12</value>
                </Data>
                <Data name="Parcel_area_m2">
                    <value>34319.52</value>
                </Data>
            </ExtendedData>
            <Polygon id="2212483">
                <outerBoundaryIs>
                    <LinearRing id="2212487">
                        <coordinates>-79.01011240229313,33.64906955328965,0.0 -79.0102298152642,33.64904153958425,0.0 -79.01023035310605,33.64904141205338,0.0 -79.01028510207382,33.6490283488911,0.0 -79.01041896133214,33.64899648431796,0.0 -79.01051425867989,33.648948087637116,0.0 -79.01061768749759,33.648895561063455,0.0 -79.01070001269996,33.64885341684642,0.0 -79.01070026911917,33.648852912282955,0.0 -79.010701735776,33.648850008212385,0.0 -79.01079585644675,33.6486881225115,0.0 -79.01080866856954,33.6486670241504,0.0 -79.01082748791225,33.64863485292496,0.0 -79.01099851148831,33.648237953820036,0.0 -79.01101408779385,33.64820255103552,0.0 -79.01101585267193,33.64819854328264,0.0 -79.01105367997855,33.648161695715636,0.0 -79.01112933447425,33.64808800144783,0.0 -79.01116128504884,33.648056555648985,0.0 -79.01146228633041,33.64759209876473,0.0 -79.01163402841128,33.6473322153501,0.0 -79.01190470853234,33.647175232810106,0.0 -79.01222941497771,33.64713458203253,0.0 -79.01225208931086,33.64712573805511,0.0 -79.0130455373558,33.64673869404915,0.0 -79.01310364846228,33.646710505053605,0.0 -79.01312594865084,33.64666979852594,0.0 -79.01315083087916,33.646624151222014,0.0 -79.01315169468856,33.64662227465521,0.0 -79.01322976553448,33.64647903002888,0.0 -79.0132329463513,33.646472952522835,0.0 -79.01325813081344,33.646424848674684,0.0 -79.01327565748103,33.646413102286495,0.0 -79.01328325468336,33.646404289871754,0.0 -79.01328327593262,33.64640430374246,0.0 -79.013414501292,33.646485952780885,0.0 -79.01332803361905,33.646636966166646,0.0 -79.01323041987504,33.64680807487849,0.0 -79.0131464786552,33.64684916384381,0.0 -79.01298858251195,33.646925834443074,0.0 -79.01257805648201,33.64712507052835,0.0 -79.01224398285359,33.647287220132206,0.0 -79.01253458099215,33.64740752946767,0.0 -79.01286995624814,33.647546256048514,0.0 -79.01288135787821,33.64755073353702,0.0 -79.01289112050274,33.647555015100615,0.0 -79.01287218660401,33.647627905385086,0.0 -79.0128433765758,33.647737234675795,0.0 -79.0122708838189,33.64865430310739,0.0 -79.0121633640255,33.64882731074709,0.0 -79.01216335660371,33.648827305216074,0.0 -79.01210386409036,33.64877435236152,0.0 -79.01198781194832,33.64867105434749,0.0 -79.01192983508507,33.648619263132225,0.0 -79.0119062029685,33.648597950752425,0.0 -79.01189763251247,33.64859022215623,0.0 -79.01187911928231,33.648573429661575,0.0 -79.01184153137025,33.6485402496176,0.0 -79.01184051879589,33.64853935574052,0.0 -79.01184050822299,33.64853934655105,0.0 -79.01184045853024,33.64853930336042,0.0 -79.01181031755837,33.648547688892606,0.0 -79.0117709855896,33.64855863142452,0.0 -79.01176223391988,33.64856098354549,0.0 -79.0117486610193,33.64856462902567,0.0 -79.01173547734868,33.64856837186344,0.0 -79.01173377197651,33.6485688567201,0.0 -79.01172571802223,33.64857106944291,0.0 -79.01172550096355,33.64857112908546,0.0 -79.01163039772825,33.64859726281655,0.0 -79.01156812069324,33.64873397446926,0.0 -79.01156808209005,33.64873405862994,0.0 -79.01151651495042,33.64873038673217,0.0 -79.01149014299307,33.64872850838501,0.0 -79.01139972192423,33.64872226293698,0.0 -79.01135066317526,33.64871887486426,0.0 -79.01134237046014,33.64872194867598,0.0 -79.01134225950472,33.648721990183084,0.0 -79.01131999741239,33.64873023723962,0.0 -79.01119982877562,33.64877554282223,0.0 -79.01119979724285,33.64877555403983,0.0 -79.01117385986313,33.64877859726931,0.0 -79.01085866280236,33.648815593194826,0.0 -79.01079192080908,33.648823454173346,0.0 -79.01073813705443,33.64890989657055,0.0 -79.01069634578539,33.64897706734824,0.0 -79.01062626494455,33.64900235039449,0.0 -79.0106258201873,33.6490025100916,0.0 -79.01059193578283,33.64901473232317,0.0 -79.0104320000205,33.649072638188485,0.0 -79.01033255918536,33.64910866567693,0.0 -79.01032124231591,33.64911286955277,0.0 -79.01032117597428,33.64911289373867,0.0 -79.0103134943363,33.64911574732913,0.0 -79.01031105868778,33.649116566749925,0.0 -79.01030521245926,33.64911853443122,0.0 -79.01011240229313,33.64906955328965,0.0</coordinates>
                    </LinearRing>
                </outerBoundaryIs>
            </Polygon>
        </Placemark>
        <Placemark id="2212498">
            <name>32208020008.0</name>
            <description>PIN: 32208020008.0&lt;br&gt;Wetland %: 7.98&lt;br&gt;Flood %: 100.00&lt;br&gt;Parcel area (m²): 7914.77</description>
            <styleUrl>#2212503</styleUrl>
            <ExtendedData>
                <Data name="PIN">
                    <value>32208020008.0</value>
                </Data>
                <Data name="Wetland_%">
                    <value>7.98</value>
                </Data>
                <Data name="Flood_%">
                    <value>100.00</value>
                </Data>
                <Data name="Parcel_area_m2">
                    <value>7914.77</value>
                </Data>
            </ExtendedData>
            <Polygon id="2212497">
                <outerBoundaryIs>
                    <LinearRing id="2212501">
                        <coordinates>-78.97334471385568,33.88219483682609,0.0 -78.97345663625904,33.881850466156344,0.0 -78.97390453638249,33.881234628677824,0.0 -78.97420766058478,33.881344218685,0.0 -78.97398828144911,33.88177325491421,0.0 -78.97426182890503,33.881879270264626,0.0 -78.9740782815943,33.88222109683499,0.0 -78.97334471385568,33.88219483682609,0.0</coordinates>
                    </LinearRing>
                </outerBoundaryIs>
            </Polygon>
        </Placemark>
        <Placemark id="2212512">
            <name>32208030005.0</name>
            <description>PIN: 32208030005.0&lt;br&gt;Wetland %: 0.00&lt;br&gt;Flood %: 100.00&lt;br&gt;Parcel area (m²): 4567.05</description>
            <styleUrl>#2212517</styleUrl>
            <ExtendedData>
                <Data name="PIN">
                    <value>32208030005.0</value>
                </Data>
                <Data name="Wetland_%">
                    <value>0.00</value>
                </Data>
                <Data name="Flood_%">
                    <value>100.00</value>
                </Data>
                <Data name="Parcel_area_m2">
                    <value>4567.05</value>
                </Data>
            </ExtendedData>
            <Polygon id="2212511">
                <outerBoundaryIs>
                    <LinearRing id="2212515">
                        <coordinates>-78.9721655819278,33.879987849883335,0.0 -78.97217665497136,33.87993751735687,0.0 -78.97263224252266,33.87997555781317,0.0 -78.97267949914335,33.87975314718534,0.0 -78.97303594175344,33.87983767034809,0.0 -78.97323149293291,33.87973533071199,0.0 -78.97327123295159,33.879717582005355,0.0 -78.97315410619706,33.88029042401897,0.0 -78.97271757603176,33.88023622049841,0.0 -78.97267441866666,33.88014428144386,0.0 -78.97253320881262,33.88008733341052,0.0 -78.9721655819278,33.879987849883335,0.0</coordinates>
                    </LinearRing>
                </outerBoundaryIs>
            </Polygon>
        </Placemark>
        <Placemark id="2212526">
            <name>32208020013.0</name>
            <description>PIN: 32208020013.0&lt;br&gt;Wetland %: 0.00&lt;br&gt;Flood %: 100.00&lt;br&gt;Parcel area (m²): 2935.50</description>
            <styleUrl>#2212531</styleUrl>
            <ExtendedData>
                <Data name="PIN">
                    <value>32208020013.0</value>
                </Data>
                <Data name="Wetland_%">
                    <value>0.00</value>
                </Data>
                <Data name="Flood_%">
                    <value>100.00</value>
                </Data>
                <Data name="Parcel_area_m2">
                    <value>2935.50</value>
                </Data>
            </ExtendedData>
            <Polygon id="2212525">
                <outerBoundaryIs>
                    <LinearRing id="2212529">
                        <coordinates>-78.97200519639273,33.880780888557446,0.0 -78.97203048355192,33.88065175679917,0.0 -78.97208571942141,33.880370371723735,0.0 -78.97254125429929,33.880515967095995,0.0 -78.9725134748812,33.88057598866667,0.0 -78.97275510601021,33.88081257938202,0.0 -78.97200519639273,33.880780888557446,0.0</coordinates>
                    </LinearRing>
                </outerBoundaryIs>
            </Polygon>
        </Placemark>
        <Placemark id="2212540">
            <name>32208020010.0</name>
            <description>PIN: 32208020010.0&lt;br&gt;Wetland %: 0.00&lt;br&gt;Flood %: 100.00&lt;br&gt;Parcel area (m²): 9522.45</description>
            <styleUrl>#2212545</styleUrl>
            <ExtendedData>
                <Data name="PIN">
                    <value>32208020010.0</value>
                </Data>
                <Data name="Wetland_%">
                    <value>0.00</value>
                </Data>
                <Data name="Flood_%">
                    <value>100.00</value>
                </Data>
                <Data name="Parcel_area_m2">
                    <value>9522.45</value>
                </Data>
            </ExtendedData>
            <Polygon id="2212539">
                <outerBoundaryIs>
                    <LinearRing id="2212543">
                        <coordinates>-78.97426197977023,33.88069710550184,0.0 -78.97447612795547,33.88037213219322,0.0 -78.97447629168191,33.88037188323925,0.0 -78.97493129255463,33.880390291927235,0.0 -78.97502667030155,33.88025869674092,0.0 -78.97567032363729,33.88056920051037,0.0 -78.97549748272345,33.88077134885242,0.0 -78.97533800423936,33.88096581195852,0.0 -78.97525613978821,33.88108336914073,0.0 -78.97426197977023,33.88069710550184,0.0</coordinates>
                    </LinearRing>
                </outerBoundaryIs>
            </Polygon>
        </Placemark>
        <Placemark id="2212554">
            <name>29102010004.0</name>
            <description>PIN: 29102010004.0&lt;br&gt;Wetland %: 0.00&lt;br&gt;Flood %: 100.00&lt;br&gt;Parcel area (m²): 2227.40</description>
            <styleUrl>#2212559</styleUrl>
            <ExtendedData>
                <Data name="PIN">
                    <value>29102010004.0</value>
                </Data>
                <Data name="Wetland_%">
                    <value>0.00</value>
                </Data>
                <Data name="Flood_%">
                    <value>100.00</value>
                </Data>
                <Data name="Parcel_area_m2">
                    <value>2227.40</value>
                </Data>
            </ExtendedData>
            <Polygon id="2212553">
                <outerBoundaryIs>
                    <LinearRing id="2212557">
                        <coordinates>-79.13230506854354,33.91747525313039,0.0 -79.13306068350747,33.91744661161288,0.0 -79.13316849472977,33.9176376882005,0.0 -79.13243348882241,33.91767413364111,0.0 -79.13242418885896,33.91765975842626,0.0 -79.13238829983635,33.917604068420566,0.0 -79.13230506854354,33.91747525313039,0.0</coordinates>
                    </LinearRing>
                </outerBoundaryIs>
            </Polygon>
        </Placemark>
        <Placemark id="2212568">
            <name>27815040003.0</name>
            <description>PIN: 27815040003.0&lt;br&gt;Wetland %: 48.09&lt;br&gt;Flood %: 100.00&lt;br&gt;Parcel area (m²): 17291.33</description>
            <styleUrl>#2212573</styleUrl>
            <ExtendedData>
                <Data name="PIN">
                    <value>27815040003.0</value>
                </Data>
                <Data name="Wetland_%">
                    <value>48.09</value>
                </Data>
                <Data name="Flood_%">
                    <value>100.00</value>
                </Data>
                <Data name="Parcel_area_m2">
                    <value>17291.33</value>
                </Data>
            </ExtendedData>
            <Polygon id="2212567">
                <outerBoundaryIs>
                    <LinearRing id="2212571">
                        <coordinates>-79.1310926780698,33.92256197900589,0.0 -79.13219912849803,33.92250070942769,0.0 -79.13230016981632,33.92339669667658,0.0 -79.13229962731248,33.92352545800428,0.0 -79.13223111229945,33.92352936518977,0.0 -79.13117378052226,33.92358965861246,0.0 -79.1310926780698,33.92256197900589,0.0</coordinates>
                    </LinearRing>
                </outerBoundaryIs>
            </Polygon>
        </Placemark>
        <Placemark id="2212582">
            <name>29110020002.0</name>
            <description>PIN: 29110020002.0&lt;br&gt;Wetland %: 47.14&lt;br&gt;Flood %: 61.01&lt;br&gt;Parcel area (m²): 11368.88</description>
            <styleUrl>#2212587</styleUrl>
            <ExtendedData>
                <Data name="PIN">
                    <value>29110020002.0</value>
                </Data>
                <Data name="Wetland_%">
                    <value>47.14</value>
                </Data>
                <Data name="Flood_%">
                    <value>61.01</value>
                </Data>
                <Data name="Parcel_area_m2">
                    <value>11368.88</value>
                </Data>
            </ExtendedData>
            <Polygon id="2212581">
                <outerBoundaryIs>
                    <LinearRing id="2212585">
                        <coordinates>-79.13061240580902,33.906434000981065,0.0 -79.13192865087609,33.906260299200234,0.0 -79.13244866178583,33.90619167029832,0.0 -79.13231272866686,33.90666865506005,0.0 -79.13241203074199,33.90671541098539,0.0 -79.13132545141227,33.90676552458992,0.0 -79.13069615003778,33.90679482659616,0.0 -79.13068483576264,33.90674358929862,0.0 -79.13064482483469,33.90655124891574,0.0 -79.13061240580902,33.906434000981065,0.0</coordinates>
                    </LinearRing>
                </outerBoundaryIs>
            </Polygon>
        </Placemark>
        <Placemark id="2212596">
            <name>29102020006.0</name>
            <description>PIN: 29102020006.0&lt;br&gt;Wetland %: 1.63&lt;br&gt;Flood %: 100.00&lt;br&gt;Parcel area (m²): 66364.99</description>
            <styleUrl>#2212601</styleUrl>
            <ExtendedData>
                <Data name="PIN">
                    <value>29102020006.0</value>
                </Data>
                <Data name="Wetland_%">
                    <value>1.63</value>
                </Data>
                <Data name="Flood_%">
                    <value>100.00</value>
                </Data>
                <Data name="Parcel_area_m2">
                    <value>66364.99</value>
                </Data>
            </ExtendedData>
            <Polygon id="2212595">
                <outerBoundaryIs>
                    <LinearRing id="2212599">
                        <coordinates>-79.12628933034439,33.91944511060404,0.0 -79.1269956693636,33.91870566081651,0.0 -79.1304711144991,33.91778614518051,0.0 -79.13051783614802,33.918140255224785,0.0 -79.13055919762567,33.91862743444092,0.0 -79.13057325963936,33.91881508726542,0.0 -79.13058424712865,33.91895458804712,0.0 -79.12920704944179,33.919246495809766,0.0 -79.12831098937633,33.919436732211665,0.0 -79.12801444638527,33.919502694512666,0.0 -79.12749086516796,33.91966023481145,0.0 -79.12731920811373,33.91970725424501,0.0 -79.12659027413363,33.91990691416196,0.0 -79.12628933034439,33.91944511060404,0.0</coordinates>
                    </LinearRing>
                </outerBoundaryIs>
            </Polygon>
        </Placemark>
        <Placemark id="2212610">
            <name>29102020003.0</name>
            <description>PIN: 29102020003.0&lt;br&gt;Wetland %: 0.00&lt;br&gt;Flood %: 100.00&lt;br&gt;Parcel area (m²): 3743.82</description>
            <styleUrl>#2212615</styleUrl>
            <ExtendedData>
                <Data name="PIN">
                    <value>29102020003.0</value>
                </Data>
                <Data name="Wetland_%">
                    <value>0.00</value>
                </Data>
                <Data name="Flood_%">
                    <value>100.00</value>
                </Data>
                <Data name="Parcel_area_m2">
                    <value>3743.82</value>
                </Data>
            </ExtendedData>
            <Polygon id="2212609">
                <outerBoundaryIs>
                    <LinearRing id="2212613">
                        <coordinates>-79.13068377958417,33.917520648932644,0.0 -79.13066793580916,33.91733898104914,0.0 -79.13128506730112,33.917313925501276,0.0 -79.13148588150707,33.91763267094351,0.0 -79.13151138168217,33.91767314701474,0.0 -79.13148498725582,33.91767390171715,0.0 -79.13079543041873,33.91769362192924,0.0 -79.13068377958417,33.917520648932644,0.0</coordinates>
                    </LinearRing>
                </outerBoundaryIs>
            </Polygon>
        </Placemark>
        <Placemark id="2212624">
            <name>29206040001.0</name>
            <description>PIN: 29206040001.0&lt;br&gt;Wetland %: 0.00&lt;br&gt;Flood %: 100.00&lt;br&gt;Parcel area (m²): 3596.35</description>
            <styleUrl>#2212629</styleUrl>
            <ExtendedData>
                <Data name="PIN">
                    <value>29206040001.0</value>
                </Data>
                <Data name="Wetland_%">
                    <value>0.00</value>
                </Data>
                <Data name="Flood_%">
                    <value>100.00</value>
                </Data>
                <Data name="Parcel_area_m2">
                    <value>3596.35</value>
                </Data>
            </ExtendedData>
            <Polygon id="2212623">
                <outerBoundaryIs>
                    <LinearRing id="2212627">
                        <coordinates>-79.09344213525996,33.90617626676602,0.0 -79.09383902556937,33.90596506453395,0.0 -79.09384805404304,33.90597689442978,0.0 -79.09400685133437,33.906184952956366,0.0 -79.09412280861372,33.9063368816164,0.0 -79.09412705641412,33.90634244748771,0.0 -79.09407348404247,33.90637040432481,0.0 -79.09399110154888,33.906413396074576,0.0 -79.09366853688563,33.90658172959052,0.0 -79.09366579752992,33.90657814037185,0.0 -79.09338668976542,33.90621231950421,0.0 -79.09338313686997,33.90620766256674,0.0 -79.09344213525996,33.90617626676602,0.0</coordinates>
                    </LinearRing>
                </outerBoundaryIs>
            </Polygon>
        </Placemark>
        <Placemark id="2212638">
            <name>29206040002.0</name>
            <description>PIN: 29206040002.0&lt;br&gt;Wetland %: 0.00&lt;br&gt;Flood %: 100.00&lt;br&gt;Parcel area (m²): 5909.31</description>
            <styleUrl>#2212643</styleUrl>
            <ExtendedData>
                <Data name="PIN">
                    <value>29206040002.0</value>
                </Data>
                <Data name="Wetland_%">
                    <value>0.00</value>
                </Data>
                <Data name="Flood_%">
                    <value>100.00</value>
                </Data>
                <Data name="Parcel_area_m2">
                    <value>5909.31</value>
                </Data>
            </ExtendedData>
            <Polygon id="2212637">
                <outerBoundaryIs>
                    <LinearRing id="2212641">
                        <coordinates>-79.09366853688563,33.90658172959052,0.0 -79.09399110154888,33.906413396074576,0.0 -79.09407348404247,33.90637040432481,0.0 -79.09412705641412,33.90634244748771,0.0 -79.09436645578704,33.90621751573634,0.0 -79.09441677686534,33.90619125662041,0.0 -79.0944784323971,33.90615908048021,0.0 -79.09450400420451,33.90619259779104,0.0 -79.09464061776632,33.906371656344646,0.0 -79.09474497015661,33.90650843031556,0.0 -79.09463633817847,33.90656518202158,0.0 -79.09462933582715,33.90656884060421,0.0 -79.09434014920053,33.90671991661998,0.0 -79.09426836479163,33.90675741764809,0.0 -79.09393532627728,33.90693140069011,0.0 -79.09366853688563,33.90658172959052,0.0</coordinates>
                    </LinearRing>
                </outerBoundaryIs>
            </Polygon>
        </Placemark>
        <Placemark id="2212652">
            <name>29200000008.0</name>
            <description>PIN: 29200000008.0&lt;br&gt;Wetland %: 22.96&lt;br&gt;Flood %: 100.00&lt;br&gt;Parcel area (m²): 97588.80</description>
            <styleUrl>#2212657</styleUrl>
            <ExtendedData>
                <Data name="PIN">
                    <value>29200000008.0</value>
                </Data>
                <Data name="Wetland_%">
                    <value>22.96</value>
                </Data>
                <Data name="Flood_%">
                    <value>100.00</value>
                </Data>
                <Data name="Parcel_area_m2">
                    <value>97588.80</value>
                </Data>
            </ExtendedData>
            <Polygon id="2212651">
                <outerBoundaryIs>
                    <LinearRing id="2212655">
                        <coordinates>-79.09006428195433,33.910849804168606,0.0 -79.09006939191559,33.91084697346,0.0 -79.09197848156366,33.90978921928507,0.0 -79.0941236147595,33.908600615386774,0.0 -79.09473324199386,33.90826281222413,0.0 -79.09484068184133,33.908365290026154,0.0 -79.094377431211,33.90862466349337,0.0 -79.09402000101572,33.90882478150708,0.0 -79.09328380553383,33.90920318823278,0.0 -79.09367615253124,33.909744493615634,0.0 -79.09386666978872,33.91000733738281,0.0 -79.09386757878634,33.910008591442704,0.0 -79.09329756990412,33.91030949633266,0.0 -79.09320457750192,33.91035858608505,0.0 -79.09353379545931,33.91079280480791,0.0 -79.09373300299424,33.91105554336449,0.0 -79.0920432761522,33.91194750675433,0.0 -79.09198490715053,33.91197831726802,0.0 -79.09139614499615,33.91228909894294,0.0 -79.09122295843763,33.9123805156078,0.0 -79.09006428195433,33.910849804168606,0.0</coordinates>
                    </LinearRing>
                </outerBoundaryIs>
            </Polygon>
        </Placemark>
        <Placemark id="2212666">
            <name>29110020004.0</name>
            <description>PIN: 29110020004.0&lt;br&gt;Wetland %: 32.60&lt;br&gt;Flood %: 62.97&lt;br&gt;Parcel area (m²): 7511.18</description>
            <styleUrl>#2212671</styleUrl>
            <ExtendedData>
                <Data name="PIN">
                    <value>29110020004.0</value>
                </Data>
                <Data name="Wetland_%">
                    <value>32.60</value>
                </Data>
                <Data name="Flood_%">
                    <value>62.97</value>
                </Data>
                <Data name="Parcel_area_m2">
                    <value>7511.18</value>
                </Data>
            </ExtendedData>
            <Polygon id="2212665">
                <outerBoundaryIs>
                    <LinearRing id="2212669">
                        <coordinates>-79.13007695485747,33.90514344863842,0.0 -79.1320807906797,33.90468291371975,0.0 -79.13195324087552,33.90480895590431,0.0 -79.13202626325779,33.90496639774569,0.0 -79.13195775799959,33.904982109314425,0.0 -79.13098465688373,33.90520583394063,0.0 -79.13017253785166,33.905381584239734,0.0 -79.13007695485747,33.90514344863842,0.0</coordinates>
                    </LinearRing>
                </outerBoundaryIs>
            </Polygon>
        </Placemark>
        <Placemark id="2212680">
            <name>29110030005.0</name>
            <description>PIN: 29110030005.0&lt;br&gt;Wetland %: 0.00&lt;br&gt;Flood %: 100.00&lt;br&gt;Parcel area (m²): 10433.24</description>
            <styleUrl>#2212685</styleUrl>
            <ExtendedData>
                <Data name="PIN">
                    <value>29110030005.0</value>
                </Data>
                <Data name="Wetland_%">
                    <value>0.00</value>
                </Data>
                <Data name="Flood_%">
                    <value>100.00</value>
                </Data>
                <Data name="Parcel_area_m2">
                    <value>10433.24</value>
                </Data>
            </ExtendedData>
            <Polygon id="2212679">
                <outerBoundaryIs>
                    <LinearRing id="2212683">
                        <coordinates>-79.12783695967728,33.90143973579675,0.0 -79.12799081523335,33.90128070056748,0.0 -79.12826850650798,33.9009794226488,0.0 -79.12852430598187,33.90069946116527,0.0 -79.12859106695485,33.90092708288069,0.0 -79.12911503024273,33.90093619727155,0.0 -79.12915500637828,33.901410471406514,0.0 -79.12916026996615,33.90147171405007,0.0 -79.12786761292118,33.90160245296633,0.0 -79.12783695967728,33.90143973579675,0.0</coordinates>
                    </LinearRing>
                </outerBoundaryIs>
            </Polygon>
        </Placemark>
        <Placemark id="2212694">
            <name>29111010002.0</name>
            <description>PIN: 29111010002.0&lt;br&gt;Wetland %: 0.00&lt;br&gt;Flood %: 100.00&lt;br&gt;Parcel area (m²): 6227.52</description>
            <styleUrl>#2212699</styleUrl>
            <ExtendedData>
                <Data name="PIN">
                    <value>29111010002.0</value>
                </Data>
                <Data name="Wetland_%">
                    <value>0.00</value>
                </Data>
                <Data name="Flood_%">
                    <value>100.00</value>
                </Data>
                <Data name="Parcel_area_m2">
                    <value>6227.52</value>
                </Data>
            </ExtendedData>
            <Polygon id="2212693">
                <outerBoundaryIs>
                    <LinearRing id="2212697">
                        <coordinates>-79.12551569624159,33.90394689229598,0.0 -79.1260795067861,33.90335737371059,0.0 -79.12614370578764,33.90326856393673,0.0 -79.12623729354111,33.90373831682667,0.0 -79.12634226656313,33.90403500917969,0.0 -79.12623122449703,33.904155172369514,0.0 -79.12608585851068,33.904312476847686,0.0 -79.12551569624159,33.90394689229598,0.0</coordinates>
                    </LinearRing>
                </outerBoundaryIs>
            </Polygon>
        </Placemark>
        <Placemark id="2212708">
            <name>29209040001.0</name>
            <description>PIN: 29209040001.0&lt;br&gt;Wetland %: 0.00&lt;br&gt;Flood %: 100.00&lt;br&gt;Parcel area (m²): 8894.38</description>
            <styleUrl>#2212713</styleUrl>
            <ExtendedData>
                <Data name="PIN">
                    <value>29209040001.0</value>
                </Data>
                <Data name="Wetland_%">
                    <value>0.00</value>
                </Data>
                <Data name="Flood_%">
                    <value>100.00</value>
                </Data>
                <Data name="Parcel_area_m2">
                    <value>8894.38</value>
                </Data>
            </ExtendedData>
            <Polygon id="2212707">
                <outerBoundaryIs>
                    <LinearRing id="2212711">
                        <coordinates>-79.1064585272912,33.90240620723847,0.0 -79.10724339805486,33.901921917461735,0.0 -79.1073444260951,33.901858570478396,0.0 -79.10748727167578,33.90176900416615,0.0 -79.10779569786858,33.90215819696415,0.0 -79.10765855508976,33.902243236713524,0.0 -79.10676934038649,33.90279461382292,0.0 -79.10646269906591,33.90241142069159,0.0 -79.1064585272912,33.90240620723847,0.0</coordinates>
                    </LinearRing>
                </outerBoundaryIs>
            </Polygon>
        </Placemark>
        <Placemark id="2212722">
            <name>29102030008.0</name>
            <description>PIN: 29102030008.0&lt;br&gt;Wetland %: 0.00&lt;br&gt;Flood %: 100.00&lt;br&gt;Parcel area (m²): 1560.11</description>
            <styleUrl>#2212727</styleUrl>
            <ExtendedData>
                <Data name="PIN">
                    <value>29102030008.0</value>
                </Data>
                <Data name="Wetland_%">
                    <value>0.00</value>
                </Data>
                <Data name="Flood_%">
                    <value>100.00</value>
                </Data>
                <Data name="Parcel_area_m2">
                    <value>1560.11</value>
                </Data>
            </ExtendedData>
            <Polygon id="2212721">
                <outerBoundaryIs>
                    <LinearRing id="2212725">
                        <coordinates>-79.13007073432811,33.91655993833595,0.0 -79.13037798286987,33.91649396047088,0.0 -79.13043354957527,33.91716209414552,0.0 -79.13036428715282,33.9170471406756,0.0 -79.13007073432811,33.91655993833595,0.0</coordinates>
                    </LinearRing>
                </outerBoundaryIs>
            </Polygon>
        </Placemark>
        <Placemark id="2212736">
            <name>27800000047.0</name>
            <description>PIN: 27800000047.0&lt;br&gt;Wetland %: 7.82&lt;br&gt;Flood %: 71.14&lt;br&gt;Parcel area (m²): 137367.08</description>
            <styleUrl>#2212741</styleUrl>
            <ExtendedData>
                <Data name="PIN">
                    <value>27800000047.0</value>
                </Data>
                <Data name="Wetland_%">
                    <value>7.82</value>
                </Data>
                <Data name="Flood_%">
                    <value>71.14</value>
                </Data>
                <Data name="Parcel_area_m2">
                    <value>137367.08</value>
                </Data>
            </ExtendedData>
            <Polygon id="2212735">
                <outerBoundaryIs>
                    <LinearRing id="2212739">
                        <coordinates>-79.1226950139636,33.92260478563003,0.0 -79.1226292936551,33.922594340511765,0.0 -79.12258150545304,33.92259310176905,0.0 -79.12254941832126,33.922590210499095,0.0 -79.1225197510592,33.92258976115706,0.0 -79.12249417801856,33.922590577815654,0.0 -79.12246446210402,33.92259236075101,0.0 -79.12243466383511,33.92259792216462,0.0 -79.12241485946527,33.922598824380266,0.0 -79.12239680807197,33.9225949434783,0.0 -79.12237303670112,33.922588742903635,0.0 -79.12234267373032,33.922582440673835,0.0 -79.12231792745258,33.9225830975626,0.0 -79.12228977845966,33.92258868302251,0.0 -79.1222599839146,33.92259407309561,0.0 -79.12223016206836,33.92260066584124,0.0 -79.12220953358543,33.92260155644195,0.0 -79.12218975649076,33.922601256843535,0.0 -79.12216997723327,33.922600957209184,0.0 -79.12216014164099,33.92259840292483,0.0 -79.12214306785985,33.922587492296856,0.0 -79.12213510667709,33.92257448578656,0.0 -79.12212876964252,33.922562706071865,0.0 -79.12211746448409,33.92255188373265,0.0 -79.12209606217452,33.92255035730664,0.0 -79.12208037934442,33.922551321908365,0.0 -79.12206384404257,33.92255347668662,0.0 -79.12205385494164,33.92255796456697,0.0 -79.1220364180321,33.9225637122565,0.0 -79.12201991266033,33.92256449393583,0.0 -79.12200265759172,33.922561999488956,0.0 -79.1219928209274,33.92255944517487,0.0 -79.12198228315121,33.922551038832104,0.0 -79.12197497066887,33.92254628973151,0.0 -79.12197509799266,33.922540449352894,0.0 -79.12196881821794,33.92252609385719,0.0 -79.12195905319969,33.9225201045048,0.0 -79.12194337033424,33.922521070892394,0.0 -79.12193507593365,33.92252335050974,0.0 -79.12192590987729,33.922527849045984,0.0 -79.12191766897799,33.922527724188,0.0 -79.12190780718113,33.922526372579654,0.0 -79.12190206477226,33.9225250824822,0.0 -79.12189163134268,33.922512039399884,0.0 -79.12184856866173,33.92248321164698,0.0 -79.12179265388113,33.92243889705106,0.0 -79.12174374777422,33.92241341593944,0.0 -79.12172152251796,33.92241187607651,0.0 -79.12168763110463,33.922416173097005,0.0 -79.12165626813737,33.92241793088034,0.0 -79.12165212789714,33.922418726721915,0.0 -79.12100811291756,33.92227616049867,0.0 -79.12090839699268,33.92219253011669,0.0 -79.12121158237557,33.921969769078075,0.0 -79.12347989423662,33.920292006931945,0.0 -79.12554862698549,33.920220671581006,0.0 -79.12628933034439,33.91944511060404,0.0 -79.12659027413363,33.91990691416196,0.0 -79.1266822366501,33.92007529947819,0.0 -79.12687606619656,33.920430604134815,0.0 -79.12699457673091,33.92064783964192,0.0 -79.1270785904077,33.920802348298274,0.0 -79.12707859666126,33.92080235921519,0.0 -79.12696917632124,33.92090619742866,0.0 -79.12696052858769,33.92092479135203,0.0 -79.1269353795385,33.92094399721157,0.0 -79.12689202080034,33.92096670853057,0.0 -79.1268221363613,33.920996061679766,0.0 -79.12667599457164,33.921044707703864,0.0 -79.12656539406576,33.92108890880426,0.0 -79.1264895488299,33.921127104686626,0.0 -79.12635268561122,33.92120389449699,0.0 -79.12621496970786,33.9212818761653,0.0 -79.12602614414718,33.92135994268951,0.0 -79.12597187285391,33.92139159307769,0.0 -79.1259345869398,33.92143827645875,0.0 -79.12591629863138,33.92148318357882,0.0 -79.12592182736142,33.92157003234109,0.0 -79.12566106075538,33.92165817576123,0.0 -79.1254061001293,33.921744861542244,0.0 -79.12525994661208,33.92179385025613,0.0 -79.12508274220609,33.92186814003716,0.0 -79.12491786515027,33.921944160945024,0.0 -79.12471415905591,33.922061858488334,0.0 -79.12453485942818,33.922156560261186,0.0 -79.12441050959177,33.922226494593296,0.0 -79.12430224063155,33.922314881768266,0.0 -79.12417205092831,33.92242578957965,0.0 -79.1240930370906,33.92249572152842,0.0 -79.1239530340222,33.92256507400599,0.0 -79.12385995302658,33.92259957312944,0.0 -79.12375566979357,33.922618610538755,0.0 -79.12360344862391,33.92260548306826,0.0 -79.12346382565374,33.922581721900066,0.0 -79.12331727283753,33.922535349520956,0.0 -79.12326725403682,33.92252308078479,0.0 -79.12322933094615,33.92252319293963,0.0 -79.1231994765941,33.92253133212996,0.0 -79.12318353342076,33.92254414799526,0.0 -79.1231520627472,33.92258868647893,0.0 -79.12314961891484,33.92261703760213,0.0 -79.12305086910847,33.92261209273479,0.0 -79.12303039272496,33.92261106749996,0.0 -79.12300247949791,33.922605834264765,0.0 -79.1229456172311,33.92260497322741,0.0 -79.12288942452564,33.922611166801104,0.0 -79.12277804394921,33.922615320596734,0.0 -79.1226950139636,33.92260478563003,0.0</coordinates>
                    </LinearRing>
                </outerBoundaryIs>
            </Polygon>
        </Placemark>
        <Placemark id="2212750">
            <name>31107010003.0</name>
            <description>PIN: 31107010003.0&lt;br&gt;Wetland %: 0.00&lt;br&gt;Flood %: 100.00&lt;br&gt;Parcel area (m²): 2317.86</description>
            <styleUrl>#2212755</styleUrl>
            <ExtendedData>
                <Data name="PIN">
                    <value>31107010003.0</value>
                </Data>
                <Data name="Wetland_%">
                    <value>0.00</value>
                </Data>
                <Data name="Flood_%">
                    <value>100.00</value>
                </Data>
                <Data name="Parcel_area_m2">
                    <value>2317.86</value>
                </Data>
            </ExtendedData>
            <Polygon id="2212749">
                <outerBoundaryIs>
                    <LinearRing id="2212753">
                        <coordinates>-78.60869209554896,33.87369133517637,0.0 -78.60862843729905,33.87402482623344,0.0 -78.60846500915505,33.87410746410809,0.0 -78.60810630162598,33.8736138940233,0.0 -78.60869209554896,33.87369133517637,0.0</coordinates>
                    </LinearRing>
                </outerBoundaryIs>
            </Polygon>
        </Placemark>
        <Placemark id="2212764">
            <name>31107010005.0</name>
            <description>PIN: 31107010005.0&lt;br&gt;Wetland %: 0.00&lt;br&gt;Flood %: 100.00&lt;br&gt;Parcel area (m²): 1622.05</description>
            <styleUrl>#2212769</styleUrl>
            <ExtendedData>
                <Data name="PIN">
                    <value>31107010005.0</value>
                </Data>
                <Data name="Wetland_%">
                    <value>0.00</value>
                </Data>
                <Data name="Flood_%">
                    <value>100.00</value>
                </Data>
                <Data name="Parcel_area_m2">
                    <value>1622.05</value>
                </Data>
            </ExtendedData>
            <Polygon id="2212763">
                <outerBoundaryIs>
                    <LinearRing id="2212767">
                        <coordinates>-78.60866144697714,33.87437775195811,0.0 -78.60899957471217,33.87420677519489,0.0 -78.60917039122684,33.874441807491024,0.0 -78.60883226290869,33.874612784711374,0.0 -78.60866144697714,33.87437775195811,0.0</coordinates>
                    </LinearRing>
                </outerBoundaryIs>
            </Polygon>
        </Placemark>
        <Placemark id="2212778">
            <name>32402010009.0</name>
            <description>PIN: 32402010009.0&lt;br&gt;Wetland %: 11.79&lt;br&gt;Flood %: 100.00&lt;br&gt;Parcel area (m²): 5648.95</description>
            <styleUrl>#2212783</styleUrl>
            <ExtendedData>
                <Data name="PIN">
                    <value>32402010009.0</value>
                </Data>
                <Data name="Wetland_%">
                    <value>11.79</value>
                </Data>
                <Data name="Flood_%">
                    <value>100.00</value>
                </Data>
                <Data name="Parcel_area_m2">
                    <value>5648.95</value>
                </Data>
            </ExtendedData>
            <Polygon id="2212777">
                <outerBoundaryIs>
                    <LinearRing id="2212781">
                        <coordinates>-79.03367943385749,33.891256473907404,0.0 -79.03379531159415,33.891125846715134,0.0 -79.033808013098,33.89111092807636,0.0 -79.03395127781994,33.89093572198174,0.0 -79.0341110627698,33.89072280735504,0.0 -79.03412042596143,33.890709726081994,0.0 -79.0341588053552,33.890652951328,0.0 -79.03453215096712,33.8909401265358,0.0 -79.03439913706775,33.89113559901981,0.0 -79.03409813751767,33.89157838852346,0.0 -79.03367943385749,33.891256473907404,0.0</coordinates>
                    </LinearRing>
                </outerBoundaryIs>
            </Polygon>
        </Placemark>
        <Placemark id="2212792">
            <name>32402010006.0</name>
            <description>PIN: 32402010006.0&lt;br&gt;Wetland %: 29.22&lt;br&gt;Flood %: 100.00&lt;br&gt;Parcel area (m²): 2940.30</description>
            <styleUrl>#2212797</styleUrl>
            <ExtendedData>
                <Data name="PIN">
                    <value>32402010006.0</value>
                </Data>
                <Data name="Wetland_%">
                    <value>29.22</value>
                </Data>
                <Data name="Flood_%">
                    <value>100.00</value>
                </Data>
                <Data name="Parcel_area_m2">
                    <value>2940.30</value>
                </Data>
            </ExtendedData>
            <Polygon id="2212791">
                <outerBoundaryIs>
                    <LinearRing id="2212795">
                        <coordinates>-79.03663762443007,33.89010412484536,0.0 -79.03634438199474,33.89009661629646,0.0 -79.03642204911051,33.88942826424667,0.0 -79.03675284420508,33.88949051892711,0.0 -79.03675163100498,33.88949397648997,0.0 -79.03665047458041,33.88978241603979,0.0 -79.03668836928841,33.890108871962845,0.0 -79.03663762443007,33.89010412484536,0.0</coordinates>
                    </LinearRing>
                </outerBoundaryIs>
            </Polygon>
        </Placemark>
        <Placemark id="2212806">
            <name>28204030005.0</name>
            <description>PIN: 28204030005.0&lt;br&gt;Wetland %: 0.00&lt;br&gt;Flood %: 100.00&lt;br&gt;Parcel area (m²): 2425.63</description>
            <styleUrl>#2212811</styleUrl>
            <ExtendedData>
                <Data name="PIN">
                    <value>28204030005.0</value>
                </Data>
                <Data name="Wetland_%">
                    <value>0.00</value>
                </Data>
                <Data name="Flood_%">
                    <value>100.00</value>
                </Data>
                <Data name="Parcel_area_m2">
                    <value>2425.63</value>
                </Data>
            </ExtendedData>
            <Polygon id="2212805">
                <outerBoundaryIs>
                    <LinearRing id="2212809">
                        <coordinates>-79.24560244360292,33.94408698585997,0.0 -79.24610656543592,33.943919886769905,0.0 -79.24597796896354,33.944432040104985,0.0 -79.24570813904246,33.94441862165997,0.0 -79.24560244360292,33.94408698585997,0.0</coordinates>
                    </LinearRing>
                </outerBoundaryIs>
            </Polygon>
        </Placemark>
        <Placemark id="2212820">
            <name>42603020062.0</name>
            <description>PIN: 42603020062.0&lt;br&gt;Wetland %: 0.00&lt;br&gt;Flood %: 100.00&lt;br&gt;Parcel area (m²): 593.29</description>
            <styleUrl>#2212825</styleUrl>
            <ExtendedData>
                <Data name="PIN">
                    <value>42603020062.0</value>
                </Data>
                <Data name="Wetland_%">
                    <value>0.00</value>
                </Data>
                <Data name="Flood_%">
                    <value>100.00</value>
                </Data>
                <Data name="Parcel_area_m2">
                    <value>593.29</value>
                </Data>
            </ExtendedData>
            <Polygon id="2212819">
                <outerBoundaryIs>
                    <LinearRing id="2212823">
                        <coordinates>-78.92753672483362,33.722566680989104,0.0 -78.92786383467417,33.722538965846056,0.0 -78.92787912878119,33.72265885892859,0.0 -78.92755234965105,33.722687707085306,0.0 -78.92753672483362,33.722566680989104,0.0</coordinates>
                    </LinearRing>
                </outerBoundaryIs>
            </Polygon>
        </Placemark>
        <Placemark id="2212834">
            <name>42603020011.0</name>
            <description>PIN: 42603020011.0&lt;br&gt;Wetland %: 0.00&lt;br&gt;Flood %: 100.00&lt;br&gt;Parcel area (m²): 1269.54</description>
            <styleUrl>#2212839</styleUrl>
            <ExtendedData>
                <Data name="PIN">
                    <value>42603020011.0</value>
                </Data>
                <Data name="Wetland_%">
                    <value>0.00</value>
                </Data>
                <Data name="Flood_%">
                    <value>100.00</value>
                </Data>
                <Data name="Parcel_area_m2">
                    <value>1269.54</value>
                </Data>
            </ExtendedData>
            <Polygon id="2212833">
                <outerBoundaryIs>
                    <LinearRing id="2212837">
                        <coordinates>-78.92793704595924,33.72224495273751,0.0 -78.92802020493741,33.72220082524593,0.0 -78.92825377628814,33.722076879683236,0.0 -78.92827389588454,33.72213175610828,0.0 -78.92833421891679,33.72238830858323,0.0 -78.92800978397476,33.72242085907435,0.0 -78.92800523967117,33.722394326353566,0.0 -78.92799868930324,33.72236808832594,0.0 -78.92799015949443,33.72234225006213,0.0 -78.92797968334175,33.72231691674119,0.0 -78.92796730481793,33.72229219011659,0.0 -78.92795307333343,33.722268170228986,0.0 -78.92793704595924,33.72224495273751,0.0</coordinates>
                    </LinearRing>
                </outerBoundaryIs>
            </Polygon>
        </Placemark>
        <Placemark id="2212848">
            <name>16207040001.0</name>
            <description>PIN: 16207040001.0&lt;br&gt;Wetland %: 5.24&lt;br&gt;Flood %: 60.02&lt;br&gt;Parcel area (m²): 37541.96</description>
            <styleUrl>#2212853</styleUrl>
            <ExtendedData>
                <Data name="PIN">
                    <value>16207040001.0</value>
                </Data>
                <Data name="Wetland_%">
                    <value>5.24</value>
                </Data>
                <Data name="Flood_%">
                    <value>60.02</value>
                </Data>
                <Data name="Parcel_area_m2">
                    <value>37541.96</value>
                </Data>
            </ExtendedData>
            <Polygon id="2212847">
                <outerBoundaryIs>
                    <LinearRing id="2212851">
                        <coordinates>-79.19585567320046,34.10364964653629,0.0 -79.19559659364533,34.1035579242923,0.0 -79.19469538191457,34.1032388613984,0.0 -79.19610860628208,34.102815816756866,0.0 -79.19610867517004,34.10281584030253,0.0 -79.1971031371851,34.10316613067305,0.0 -79.19766665636398,34.103364621205834,0.0 -79.1983280161026,34.10359756972386,0.0 -79.19839561618427,34.10362137953505,0.0 -79.19839566889247,34.103621399237575,0.0 -79.19783930236031,34.104349986357406,0.0 -79.19783917752966,34.10434994216126,0.0 -79.19764741768908,34.104282241299394,0.0 -79.19585568825978,34.10364965216591,0.0 -79.19585567320046,34.10364964653629,0.0</coordinates>
                    </LinearRing>
                </outerBoundaryIs>
            </Polygon>
        </Placemark>
        <Placemark id="2212862">
            <name>16207010003.0</name>
            <description>PIN: 16207010003.0&lt;br&gt;Wetland %: 0.00&lt;br&gt;Flood %: 68.64&lt;br&gt;Parcel area (m²): 30902.37</description>
            <styleUrl>#2212867</styleUrl>
            <ExtendedData>
                <Data name="PIN">
                    <value>16207010003.0</value>
                </Data>
                <Data name="Wetland_%">
                    <value>0.00</value>
                </Data>
                <Data name="Flood_%">
                    <value>68.64</value>
                </Data>
                <Data name="Parcel_area_m2">
                    <value>30902.37</value>
                </Data>
            </ExtendedData>
            <Polygon id="2212861">
                <outerBoundaryIs>
                    <LinearRing id="2212865">
                        <coordinates>-79.19546103694378,34.10481899506332,0.0 -79.19581502472393,34.103770097645345,0.0 -79.19585567320046,34.10364964653629,0.0 -79.19585568825978,34.10364965216591,0.0 -79.19764741768908,34.104282241299394,0.0 -79.19783917752966,34.10434994216126,0.0 -79.19783930236031,34.104349986357406,0.0 -79.19764053749915,34.10461037991429,0.0 -79.1972608390736,34.10510780092693,0.0 -79.19726080664805,34.10510934706619,0.0 -79.19725934475608,34.10510911212205,0.0 -79.19546103694378,34.10481899506332,0.0</coordinates>
                    </LinearRing>
                </outerBoundaryIs>
            </Polygon>
        </Placemark>
        <Placemark id="2212876">
            <name>16206020001.0</name>
            <description>PIN: 16206020001.0&lt;br&gt;Wetland %: 0.00&lt;br&gt;Flood %: 100.00&lt;br&gt;Parcel area (m²): 5920.88</description>
            <styleUrl>#2212881</styleUrl>
            <ExtendedData>
                <Data name="PIN">
                    <value>16206020001.0</value>
                </Data>
                <Data name="Wetland_%">
                    <value>0.00</value>
                </Data>
                <Data name="Flood_%">
                    <value>100.00</value>
                </Data>
                <Data name="Parcel_area_m2">
                    <value>5920.88</value>
                </Data>
            </ExtendedData>
            <Polygon id="2212875">
                <outerBoundaryIs>
                    <LinearRing id="2212879">
                        <coordinates>-79.1855601769137,34.10411540490751,0.0 -79.18526959654278,34.104247076565315,0.0 -79.18498438431922,34.10438591244813,0.0 -79.18463113363045,34.10388375574182,0.0 -79.18524383299201,34.103595915910496,0.0 -79.1855601769137,34.10411540490751,0.0</coordinates>
                    </LinearRing>
                </outerBoundaryIs>
            </Polygon>
        </Placemark>
        <Placemark id="2212890">
            <name>16202030002.0</name>
            <description>PIN: 16202030002.0&lt;br&gt;Wetland %: 0.92&lt;br&gt;Flood %: 100.00&lt;br&gt;Parcel area (m²): 25296.67</description>
            <styleUrl>#2212895</styleUrl>
            <ExtendedData>
                <Data name="PIN">
                    <value>16202030002.0</value>
                </Data>
                <Data name="Wetland_%">
                    <value>0.92</value>
                </Data>
                <Data name="Flood_%">
                    <value>100.00</value>
                </Data>
                <Data name="Parcel_area_m2">
                    <value>25296.67</value>
                </Data>
            </ExtendedData>
            <Polygon id="2212889">
                <outerBoundaryIs>
                    <LinearRing id="2212893">
                        <coordinates>-79.19055906202428,34.108311103884766,0.0 -79.19057432064999,34.10811930298109,0.0 -79.19089545265633,34.10690553583089,0.0 -79.19210314839238,34.10712125269664,0.0 -79.1916711486173,34.10838871802027,0.0 -79.19165263427398,34.10839299727003,0.0 -79.19163484292001,34.10839903565709,0.0 -79.19161801479989,34.10840675100649,0.0 -79.19160237758851,34.10841604021888,0.0 -79.19158814319675,34.108426776518364,0.0 -79.19157550330343,34.108438815699984,0.0 -79.19156462939293,34.108451994326884,0.0 -79.19155566942828,34.10846613328891,0.0 -79.19154874342057,34.10848104224727,0.0 -79.19154394559673,34.10849651966594,0.0 -79.19055906202428,34.108311103884766,0.0</coordinates>
                    </LinearRing>
                </outerBoundaryIs>
            </Polygon>
        </Placemark>
        <Placemark id="2212904">
            <name>16202030003.0</name>
            <description>PIN: 16202030003.0&lt;br&gt;Wetland %: 62.20&lt;br&gt;Flood %: 100.00&lt;br&gt;Parcel area (m²): 38387.00</description>
            <styleUrl>#2212909</styleUrl>
            <ExtendedData>
                <Data name="PIN">
                    <value>16202030003.0</value>
                </Data>
                <Data name="Wetland_%">
                    <value>62.20</value>
                </Data>
                <Data name="Flood_%">
                    <value>100.00</value>
                </Data>
                <Data name="Parcel_area_m2">
                    <value>38387.00</value>
                </Data>
            </ExtendedData>
            <Polygon id="2212903">
                <outerBoundaryIs>
                    <LinearRing id="2212907">
                        <coordinates>-79.1903982843851,34.11224771781409,0.0 -79.1902509911352,34.11213162289826,0.0 -79.19055906202428,34.108311103884766,0.0 -79.19154394559673,34.10849651966594,0.0 -79.19154556229327,34.10849826205628,0.0 -79.19154465079303,34.10850237097594,0.0 -79.19154453514682,34.1085078676479,0.0 -79.19154359257196,34.1085133504786,0.0 -79.19154347334076,34.108519017541035,0.0 -79.19154418468005,34.10852452534958,0.0 -79.19154489383286,34.10853003402809,0.0 -79.19154560156848,34.10853571312869,0.0 -79.19154631182424,34.10854122092142,0.0 -79.19154785266981,34.108546568558694,0.0 -79.19154938770612,34.108552089259454,0.0 -79.19155092746824,34.10855743688092,0.0 -79.19155329884738,34.108562627067236,0.0 -79.19155566488347,34.10856781356843,0.0 -79.19155803519828,34.1085730028373,0.0 -79.19156123288982,34.10857803010019,0.0 -79.19156360682805,34.10858304717535,0.0 -79.1915668102728,34.10858790407912,0.0 -79.19157084103759,34.10859260168137,0.0 -79.19157487650942,34.10859712710571,0.0 -79.1915789130655,34.10860165254567,0.0 -79.19158295105815,34.108606006661894,0.0 -79.19158699269296,34.108610187682864,0.0 -79.19159186596428,34.10861421036676,0.0 -79.19159674179397,34.108618059939595,0.0 -79.19160161650233,34.10862191129948,0.0 -79.1916065006432,34.10862541740208,0.0 -79.19161221315026,34.10862876602164,0.0 -79.19161710343452,34.10863192862239,0.0 -79.19162282429063,34.108634931968496,0.0 -79.19162854766698,34.10863776400652,0.0 -79.1916350994286,34.10864043765976,0.0 -79.19164083363576,34.108642754919536,0.0 -79.19164656784322,34.10864507217903,0.0 -79.19165313519925,34.10864705617117,0.0 -79.19165970614023,34.1086488697725,0.0 -79.19166542951876,34.108651701808824,0.0 -79.19106223384809,34.110363793270544,0.0 -79.1903986624294,34.11224716780405,0.0 -79.19039843067524,34.11224782455509,0.0 -79.1903982843851,34.11224771781409,0.0</coordinates>
                    </LinearRing>
                </outerBoundaryIs>
            </Polygon>
        </Placemark>
        <Placemark id="2212918">
            <name>44809010005.0</name>
            <description>PIN: 44809010005.0&lt;br&gt;Wetland %: 0.00&lt;br&gt;Flood %: 100.00&lt;br&gt;Parcel area (m²): 3004.27</description>
            <styleUrl>#2212923</styleUrl>
            <ExtendedData>
                <Data name="PIN">
                    <value>44809010005.0</value>
                </Data>
                <Data name="Wetland_%">
                    <value>0.00</value>
                </Data>
                <Data name="Flood_%">
                    <value>100.00</value>
                </Data>
                <Data name="Parcel_area_m2">
                    <value>3004.27</value>
                </Data>
            </ExtendedData>
            <Polygon id="2212917">
                <outerBoundaryIs>
                    <LinearRing id="2212921">
                        <coordinates>-79.01439765754365,33.656735814715546,0.0 -79.01415089688426,33.656566044001565,0.0 -79.0144832259928,33.65623084016399,0.0 -79.01484082445154,33.656476959245026,0.0 -79.01450931440388,33.656812351258125,0.0 -79.01439765754365,33.656735814715546,0.0</coordinates>
                    </LinearRing>
                </outerBoundaryIs>
            </Polygon>
        </Placemark>
        <Placemark id="2212932">
            <name>44809010003.0</name>
            <description>PIN: 44809010003.0&lt;br&gt;Wetland %: 0.00&lt;br&gt;Flood %: 100.00&lt;br&gt;Parcel area (m²): 2802.41</description>
            <styleUrl>#2212937</styleUrl>
            <ExtendedData>
                <Data name="PIN">
                    <value>44809010003.0</value>
                </Data>
                <Data name="Wetland_%">
                    <value>0.00</value>
                </Data>
                <Data name="Flood_%">
                    <value>100.00</value>
                </Data>
                <Data name="Parcel_area_m2">
                    <value>2802.41</value>
                </Data>
            </ExtendedData>
            <Polygon id="2212931">
                <outerBoundaryIs>
                    <LinearRing id="2212935">
                        <coordinates>-79.0137090543828,33.656910140297605,0.0 -79.01410154089884,33.65653226254589,0.0 -79.01415089688426,33.656566044001565,0.0 -79.01439765754365,33.656735814715546,0.0 -79.01401611193707,33.657102531015845,0.0 -79.01376586744672,33.65694129357829,0.0 -79.0137090543828,33.656910140297605,0.0</coordinates>
                    </LinearRing>
                </outerBoundaryIs>
            </Polygon>
        </Placemark>
        <Placemark id="2212946">
            <name>31407030036.0</name>
            <description>PIN: 31407030036.0&lt;br&gt;Wetland %: 87.66&lt;br&gt;Flood %: 100.00&lt;br&gt;Parcel area (m²): 1655.91</description>
            <styleUrl>#2212951</styleUrl>
            <ExtendedData>
                <Data name="PIN">
                    <value>31407030036.0</value>
                </Data>
                <Data name="Wetland_%">
                    <value>87.66</value>
                </Data>
                <Data name="Flood_%">
                    <value>100.00</value>
                </Data>
                <Data name="Parcel_area_m2">
                    <value>1655.91</value>
                </Data>
            </ExtendedData>
            <Polygon id="2212945">
                <outerBoundaryIs>
                    <LinearRing id="2212949">
                        <coordinates>-78.70033280131307,33.87286268284433,0.0 -78.70039365455058,33.87239561187504,0.0 -78.7004181802534,33.87239598959087,0.0 -78.70044267516333,33.87239707566595,0.0 -78.70045534020265,33.87239761112011,0.0 -78.70046775559547,33.87239976274992,0.0 -78.70047962862512,33.87240347822019,0.0 -78.70049067723961,33.87240867021744,0.0 -78.70050063874592,33.872415214807745,0.0 -78.70050927828768,33.87242295790749,0.0 -78.70051638992584,33.8724317153033,0.0 -78.70052671494614,33.87244498078374,0.0 -78.70053879880105,33.87245716860628,0.0 -78.70055248144752,33.87246811705584,0.0 -78.70056758182643,33.872477682066155,0.0 -78.70058390007242,33.872485735457275,0.0 -78.70060122056384,33.872492172207444,0.0 -78.7006193120671,33.87249690504447,0.0 -78.70060133374658,33.872845098007346,0.0 -78.70042693789098,33.872901338311664,0.0 -78.70033280131307,33.87286268284433,0.0</coordinates>
                    </LinearRing>
                </outerBoundaryIs>
            </Polygon>
        </Placemark>
        <Placemark id="2212960">
            <name>31406040018.0</name>
            <description>PIN: 31406040018.0&lt;br&gt;Wetland %: 22.48&lt;br&gt;Flood %: 100.00&lt;br&gt;Parcel area (m²): 1076.03</description>
            <styleUrl>#2212965</styleUrl>
            <ExtendedData>
                <Data name="PIN">
                    <value>31406040018.0</value>
                </Data>
                <Data name="Wetland_%">
                    <value>22.48</value>
                </Data>
                <Data name="Flood_%">
                    <value>100.00</value>
                </Data>
                <Data name="Parcel_area_m2">
                    <value>1076.03</value>
                </Data>
            </ExtendedData>
            <Polygon id="2212959">
                <outerBoundaryIs>
                    <LinearRing id="2212963">
                        <coordinates>-78.69945796345688,33.872378429721714,0.0 -78.69972856383431,33.87208303645088,0.0 -78.69973592573551,33.87208832782196,0.0 -78.6998776961885,33.872191750937795,0.0 -78.69961486376656,33.87247710751733,0.0 -78.69945796345688,33.872378429721714,0.0</coordinates>
                    </LinearRing>
                </outerBoundaryIs>
            </Polygon>
        </Placemark>
        <Placemark id="2212974">
            <name>31411010038.0</name>
            <description>PIN: 31411010038.0&lt;br&gt;Wetland %: 100.00&lt;br&gt;Flood %: 100.00&lt;br&gt;Parcel area (m²): 1304.30</description>
            <styleUrl>#2212979</styleUrl>
            <ExtendedData>
                <Data name="PIN">
                    <value>31411010038.0</value>
                </Data>
                <Data name="Wetland_%">
                    <value>100.00</value>
                </Data>
                <Data name="Flood_%">
                    <value>100.00</value>
                </Data>
                <Data name="Parcel_area_m2">
                    <value>1304.30</value>
                </Data>
            </ExtendedData>
            <Polygon id="2212973">
                <outerBoundaryIs>
                    <LinearRing id="2212977">
                        <coordinates>-78.69845829801451,33.868839879010686,0.0 -78.69849447555718,33.86846676569211,0.0 -78.69854328179764,33.8684677915526,0.0 -78.69859195168948,33.86847100841519,0.0 -78.69864034275047,33.86847640731932,0.0 -78.69868831590894,33.868483973054,0.0 -78.69873573014813,33.868493682255,0.0 -78.69878244884642,33.868505508933886,0.0 -78.69864721836282,33.86884412861865,0.0 -78.69861519317742,33.8688310280284,0.0 -78.69845829801451,33.868839879010686,0.0</coordinates>
                    </LinearRing>
                </outerBoundaryIs>
            </Polygon>
        </Placemark>
        <Placemark id="2212988">
            <name>31410020013.0</name>
            <description>PIN: 31410020013.0&lt;br&gt;Wetland %: 0.00&lt;br&gt;Flood %: 100.00&lt;br&gt;Parcel area (m²): 2013.84</description>
            <styleUrl>#2212993</styleUrl>
            <ExtendedData>
                <Data name="PIN">
                    <value>31410020013.0</value>
                </Data>
                <Data name="Wetland_%">
                    <value>0.00</value>
                </Data>
                <Data name="Flood_%">
                    <value>100.00</value>
                </Data>
                <Data name="Parcel_area_m2">
                    <value>2013.84</value>
                </Data>
            </ExtendedData>
            <Polygon id="2212987">
                <outerBoundaryIs>
                    <LinearRing id="2212991">
                        <coordinates>-78.70164597467966,33.86921221015838,0.0 -78.70202504939022,33.868887746865795,0.0 -78.70204849740247,33.8689068532087,0.0 -78.7020727771314,33.86892562682161,0.0 -78.70209706917367,33.868944060621175,0.0 -78.70212218973866,33.86896215982682,0.0 -78.70214731723723,33.86897991821708,0.0 -78.70217245503137,33.86899733134448,0.0 -78.70219842894024,33.86901424676434,0.0 -78.70188751046453,33.86934856886621,0.0 -78.70184532533011,33.86939373538621,0.0 -78.70184530301852,33.86939376112894,0.0 -78.70184524405742,33.86939382317187,0.0 -78.7018341894583,33.86940565646312,0.0 -78.7015831023616,33.8692661521013,0.0 -78.7015964155406,33.869254731442155,0.0 -78.70159642327395,33.869254725271915,0.0 -78.70159643103136,33.86925471820023,0.0 -78.70159645538423,33.86925469700519,0.0 -78.70164597467966,33.86921221015838,0.0</coordinates>
                    </LinearRing>
                </outerBoundaryIs>
            </Polygon>
        </Placemark>
        <Placemark id="2213002">
            <name>31410020015.0</name>
            <description>PIN: 31410020015.0&lt;br&gt;Wetland %: 0.90&lt;br&gt;Flood %: 100.00&lt;br&gt;Parcel area (m²): 2673.32</description>
            <styleUrl>#2213007</styleUrl>
            <ExtendedData>
                <Data name="PIN">
                    <value>31410020015.0</value>
                </Data>
                <Data name="Wetland_%">
                    <value>0.90</value>
                </Data>
                <Data name="Flood_%">
                    <value>100.00</value>
                </Data>
                <Data name="Parcel_area_m2">
                    <value>2673.32</value>
                </Data>
            </ExtendedData>
            <Polygon id="2213001">
                <outerBoundaryIs>
                    <LinearRing id="2213005">
                        <coordinates>-78.70145811420068,33.8687501022555,0.0 -78.70177214093101,33.86863763937515,0.0 -78.70179139243142,33.8686601133765,0.0 -78.70181065177492,33.86868241524677,0.0 -78.70183073389565,33.86870455739949,0.0 -78.70185082859838,33.86872618747198,0.0 -78.70187175258712,33.868747657045134,0.0 -78.70139793644422,33.86907214052196,0.0 -78.70134012364194,33.86911155374546,0.0 -78.70134011374714,33.86911155987551,0.0 -78.701340041049,33.869111609937875,0.0 -78.70133996174633,33.86911166438743,0.0 -78.70132428500757,33.86912235206631,0.0 -78.70096822546796,33.86892452084747,0.0 -78.70099076363341,33.86891647701141,0.0 -78.70099084219076,33.86891645050877,0.0 -78.70107100614169,33.86888784367919,0.0 -78.70114327765792,33.86886220748275,0.0 -78.70145811420068,33.8687501022555,0.0</coordinates>
                    </LinearRing>
                </outerBoundaryIs>
            </Polygon>
        </Placemark>
        <Placemark id="2213016">
            <name>31411040064.0</name>
            <description>PIN: 31411040064.0&lt;br&gt;Wetland %: 0.00&lt;br&gt;Flood %: 100.00&lt;br&gt;Parcel area (m²): 1122.75</description>
            <styleUrl>#2213021</styleUrl>
            <ExtendedData>
                <Data name="PIN">
                    <value>31411040064.0</value>
                </Data>
                <Data name="Wetland_%">
                    <value>0.00</value>
                </Data>
                <Data name="Flood_%">
                    <value>100.00</value>
                </Data>
                <Data name="Parcel_area_m2">
                    <value>1122.75</value>
                </Data>
            </ExtendedData>
            <Polygon id="2213015">
                <outerBoundaryIs>
                    <LinearRing id="2213019">
                        <coordinates>-78.69718085828367,33.86777953557967,0.0 -78.6974875260023,33.86767902296946,0.0 -78.69757985134687,33.86787930186138,0.0 -78.69728501597571,33.86800548243668,0.0 -78.69718085828367,33.86777953557967,0.0</coordinates>
                    </LinearRing>
                </outerBoundaryIs>
            </Polygon>
        </Placemark>
        <Placemark id="2213030">
            <name>31410020041.0</name>
            <description>PIN: 31410020041.0&lt;br&gt;Wetland %: 25.18&lt;br&gt;Flood %: 100.00&lt;br&gt;Parcel area (m²): 1778.55</description>
            <styleUrl>#2213035</styleUrl>
            <ExtendedData>
                <Data name="PIN">
                    <value>31410020041.0</value>
                </Data>
                <Data name="Wetland_%">
                    <value>25.18</value>
                </Data>
                <Data name="Flood_%">
                    <value>100.00</value>
                </Data>
                <Data name="Parcel_area_m2">
                    <value>1778.55</value>
                </Data>
            </ExtendedData>
            <Polygon id="2213029">
                <outerBoundaryIs>
                    <LinearRing id="2213033">
                        <coordinates>-78.7013924703462,33.869918835267114,0.0 -78.70137966380955,33.86991798339605,0.0 -78.70136717159671,33.86991548136844,0.0 -78.70135529919422,33.8699113889703,0.0 -78.70134433263424,33.869905806214796,0.0 -78.70172482043475,33.869427448841776,0.0 -78.70191069225446,33.8695307192585,0.0 -78.70158492100639,33.86994028749548,0.0 -78.70154707850554,33.86993263307615,0.0 -78.70150880554712,33.8699266455868,0.0 -78.70147020868907,33.86992234323947,0.0 -78.70143139465738,33.869919737935824,0.0 -78.7013924703462,33.869918835267114,0.0</coordinates>
                    </LinearRing>
                </outerBoundaryIs>
            </Polygon>
        </Placemark>
        <Placemark id="2213044">
            <name>45711010022.0</name>
            <description>PIN: 45711010022.0&lt;br&gt;Wetland %: 8.14&lt;br&gt;Flood %: 100.00&lt;br&gt;Parcel area (m²): 8507.41</description>
            <styleUrl>#2213049</styleUrl>
            <ExtendedData>
                <Data name="PIN">
                    <value>45711010022.0</value>
                </Data>
                <Data name="Wetland_%">
                    <value>8.14</value>
                </Data>
                <Data name="Flood_%">
                    <value>100.00</value>
                </Data>
                <Data name="Parcel_area_m2">
                    <value>8507.41</value>
                </Data>
            </ExtendedData>
            <Polygon id="2213043">
                <outerBoundaryIs>
                    <LinearRing id="2213047">
                        <coordinates>-79.03339360324233,33.62871796454055,0.0 -79.03358252070313,33.62876641512382,0.0 -79.03371266163863,33.62880082021285,0.0 -79.033806072115,33.62882551384984,0.0 -79.03419625849035,33.62892882614041,0.0 -79.0345875805611,33.62903244657677,0.0 -79.03453514586833,33.629206827549126,0.0 -79.03424884330526,33.62940467412198,0.0 -79.03360685062043,33.62940553287607,0.0 -79.03344765007546,33.629405745829445,0.0 -79.03339360324233,33.62871796454055,0.0</coordinates>
                    </LinearRing>
                </outerBoundaryIs>
            </Polygon>
        </Placemark>
        <Placemark id="2213058">
            <name>14606030001.0</name>
            <description>PIN: 14606030001.0&lt;br&gt;Wetland %: 10.56&lt;br&gt;Flood %: 82.21&lt;br&gt;Parcel area (m²): 4520.36</description>
            <styleUrl>#2213063</styleUrl>
            <ExtendedData>
                <Data name="PIN">
                    <value>14606030001.0</value>
                </Data>
                <Data name="Wetland_%">
                    <value>10.56</value>
                </Data>
                <Data name="Flood_%">
                    <value>82.21</value>
                </Data>
                <Data name="Parcel_area_m2">
                    <value>4520.36</value>
                </Data>
            </ExtendedData>
            <Polygon id="2213057">
                <outerBoundaryIs>
                    <LinearRing id="2213061">
                        <coordinates>-78.98436457900561,34.12756214450604,0.0 -78.98480150043449,34.12693717555105,0.0 -78.98517915632944,34.12707747579006,0.0 -78.98470256342866,34.12773805211927,0.0 -78.98457115330191,34.127668403490986,0.0 -78.98443154048827,34.12759621735499,0.0 -78.98436457900561,34.12756214450604,0.0</coordinates>
                    </LinearRing>
                </outerBoundaryIs>
            </Polygon>
        </Placemark>
        <Placemark id="2213072">
            <name>14605020003.0</name>
            <description>PIN: 14605020003.0&lt;br&gt;Wetland %: 0.02&lt;br&gt;Flood %: 100.00&lt;br&gt;Parcel area (m²): 18078.22</description>
            <styleUrl>#2213077</styleUrl>
            <ExtendedData>
                <Data name="PIN">
                    <value>14605020003.0</value>
                </Data>
                <Data name="Wetland_%">
                    <value>0.02</value>
                </Data>
                <Data name="Flood_%">
                    <value>100.00</value>
                </Data>
                <Data name="Parcel_area_m2">
                    <value>18078.22</value>
                </Data>
            </ExtendedData>
            <Polygon id="2213071">
                <outerBoundaryIs>
                    <LinearRing id="2213075">
                        <coordinates>-78.9753663011368,34.129504210729294,0.0 -78.97536652530837,34.12948779182873,0.0 -78.97536318047638,34.129419360527415,0.0 -78.9753629238474,34.12939513285408,0.0 -78.97537751222126,34.128881171427935,0.0 -78.97542367988719,34.1287805601353,0.0 -78.97546679383512,34.128661065887975,0.0 -78.97549035819246,34.12859786268456,0.0 -78.97551486878564,34.12853490937168,0.0 -78.97669850180212,34.1286639593878,0.0 -78.97653572182905,34.1296415222232,0.0 -78.97537075143784,34.12950473325949,0.0 -78.9753663011368,34.129504210729294,0.0</coordinates>
                    </LinearRing>
                </outerBoundaryIs>
            </Polygon>
        </Placemark>
        <Placemark id="2213086">
            <name>31410020018.0</name>
            <description>PIN: 31410020018.0&lt;br&gt;Wetland %: 9.66&lt;br&gt;Flood %: 100.00&lt;br&gt;Parcel area (m²): 1555.72</description>
            <styleUrl>#2213091</styleUrl>
            <ExtendedData>
                <Data name="PIN">
                    <value>31410020018.0</value>
                </Data>
                <Data name="Wetland_%">
                    <value>9.66</value>
                </Data>
                <Data name="Flood_%">
                    <value>100.00</value>
                </Data>
                <Data name="Parcel_area_m2">
                    <value>1555.72</value>
                </Data>
            </ExtendedData>
            <Polygon id="2213085">
                <outerBoundaryIs>
                    <LinearRing id="2213089">
                        <coordinates>-78.70048579852131,33.868656477012195,0.0 -78.70049784070588,33.86864126811553,0.0 -78.70049791345375,33.868641175662695,0.0 -78.70049795262567,33.86864112588039,0.0 -78.7005399637491,33.86858806627598,0.0 -78.70054549065433,33.86858115256828,0.0 -78.7007121961142,33.86837263947649,0.0 -78.70072765301951,33.86838113507497,0.0 -78.70074557491213,33.86838984328743,0.0 -78.70076268705878,33.868398020549016,0.0 -78.7007806353636,33.868405698312365,0.0 -78.70079858742992,33.86841303249809,0.0 -78.70081655868161,33.86841985021725,0.0 -78.70083535963079,33.86842616741572,0.0 -78.70085417089717,33.86843213845221,0.0 -78.7008729971751,33.868437425180836,0.0 -78.70089183261679,33.86844236843195,0.0 -78.70091150106927,33.86844680851719,0.0 -78.70086788118952,33.868587352331375,0.0 -78.70081891202513,33.86874513060302,0.0 -78.70079870271564,33.86880912077673,0.0 -78.700798695558,33.868809145898595,0.0 -78.70079866041911,33.868809247167235,0.0 -78.70079300326147,33.86882716501938,0.0 -78.70048579852131,33.868656477012195,0.0</coordinates>
                    </LinearRing>
                </outerBoundaryIs>
            </Polygon>
        </Placemark>
        <Placemark id="2213100">
            <name>31411040033.0</name>
            <description>PIN: 31411040033.0&lt;br&gt;Wetland %: 6.16&lt;br&gt;Flood %: 100.00&lt;br&gt;Parcel area (m²): 1353.44</description>
            <styleUrl>#2213105</styleUrl>
            <ExtendedData>
                <Data name="PIN">
                    <value>31411040033.0</value>
                </Data>
                <Data name="Wetland_%">
                    <value>6.16</value>
                </Data>
                <Data name="Flood_%">
                    <value>100.00</value>
                </Data>
                <Data name="Parcel_area_m2">
                    <value>1353.44</value>
                </Data>
            </ExtendedData>
            <Polygon id="2213099">
                <outerBoundaryIs>
                    <LinearRing id="2213103">
                        <coordinates>-78.6987515514418,33.8676928695967,0.0 -78.69876636033855,33.867674272204624,0.0 -78.6987664665676,33.86767414068877,0.0 -78.69876651467459,33.867674080249564,0.0 -78.6988142964872,33.86761407332128,0.0 -78.69897635614504,33.86741102589994,0.0 -78.69898000852704,33.86740645048195,0.0 -78.69919907870512,33.867528882437036,0.0 -78.6991959765164,33.867532775379225,0.0 -78.69903305557112,33.867737355734896,0.0 -78.6989856342005,33.867796460269226,0.0 -78.69898558383595,33.8677965242744,0.0 -78.6989855782399,33.8677965313861,0.0 -78.69898557153908,33.8677965393792,0.0 -78.69898553123781,33.86779659094397,0.0 -78.69897094105367,33.86781477301495,0.0 -78.6987515514418,33.8676928695967,0.0</coordinates>
                    </LinearRing>
                </outerBoundaryIs>
            </Polygon>
        </Placemark>
        <Placemark id="2213114">
            <name>31410020019.0</name>
            <description>PIN: 31410020019.0&lt;br&gt;Wetland %: 33.26&lt;br&gt;Flood %: 100.00&lt;br&gt;Parcel area (m²): 1028.79</description>
            <styleUrl>#2213119</styleUrl>
            <ExtendedData>
                <Data name="PIN">
                    <value>31410020019.0</value>
                </Data>
                <Data name="Wetland_%">
                    <value>33.26</value>
                </Data>
                <Data name="Flood_%">
                    <value>100.00</value>
                </Data>
                <Data name="Parcel_area_m2">
                    <value>1028.79</value>
                </Data>
            </ExtendedData>
            <Polygon id="2213113">
                <outerBoundaryIs>
                    <LinearRing id="2213117">
                        <coordinates>-78.70005140390818,33.87051244472213,0.0 -78.70027643170029,33.87043779176059,0.0 -78.70040839554959,33.87069958231405,0.0 -78.70018194412651,33.87077444179502,0.0 -78.70005140390818,33.87051244472213,0.0</coordinates>
                    </LinearRing>
                </outerBoundaryIs>
            </Polygon>
        </Placemark>
        <Placemark id="2213128">
            <name>31411010002.0</name>
            <description>PIN: 31411010002.0&lt;br&gt;Wetland %: 0.00&lt;br&gt;Flood %: 100.00&lt;br&gt;Parcel area (m²): 1247.56</description>
            <styleUrl>#2213133</styleUrl>
            <ExtendedData>
                <Data name="PIN">
                    <value>31411010002.0</value>
                </Data>
                <Data name="Wetland_%">
                    <value>0.00</value>
                </Data>
                <Data name="Flood_%">
                    <value>100.00</value>
                </Data>
                <Data name="Parcel_area_m2">
                    <value>1247.56</value>
                </Data>
            </ExtendedData>
            <Polygon id="2213127">
                <outerBoundaryIs>
                    <LinearRing id="2213131">
                        <coordinates>-78.69939352395573,33.87161733208686,0.0 -78.69941507893135,33.87157027878454,0.0 -78.69943900530693,33.87152402986646,0.0 -78.69946525763562,33.87147866746707,0.0 -78.69949378939,33.871434273700686,0.0 -78.69993047465174,33.87163515281573,0.0 -78.6999675874228,33.871652225900036,0.0 -78.69992915428757,33.87168463205258,0.0 -78.69990736918155,33.87170299992608,0.0 -78.69983236447014,33.87174120302393,0.0 -78.69939352395573,33.87161733208686,0.0</coordinates>
                    </LinearRing>
                </outerBoundaryIs>
            </Polygon>
        </Placemark>
        <Placemark id="2213142">
            <name>31411010046.0</name>
            <description>PIN: 31411010046.0&lt;br&gt;Wetland %: 85.40&lt;br&gt;Flood %: 100.00&lt;br&gt;Parcel area (m²): 919.90</description>
            <styleUrl>#2213147</styleUrl>
            <ExtendedData>
                <Data name="PIN">
                    <value>31411010046.0</value>
                </Data>
                <Data name="Wetland_%">
                    <value>85.40</value>
                </Data>
                <Data name="Flood_%">
                    <value>100.00</value>
                </Data>
                <Data name="Parcel_area_m2">
                    <value>919.90</value>
                </Data>
            </ExtendedData>
            <Polygon id="2213141">
                <outerBoundaryIs>
                    <LinearRing id="2213145">
                        <coordinates>-78.69882099952518,33.86925129938941,0.0 -78.69898646875443,33.8689828992324,0.0 -78.69899201451403,33.86898516784254,0.0 -78.69917068767784,33.86905825470249,0.0 -78.69917879511503,33.86906157025115,0.0 -78.69902672376577,33.869308237983056,0.0 -78.69897612080864,33.86929199273387,0.0 -78.69892493197004,33.86927707868895,0.0 -78.69887320770502,33.86926350941227,0.0 -78.69882099952518,33.86925129938941,0.0</coordinates>
                    </LinearRing>
                </outerBoundaryIs>
            </Polygon>
        </Placemark>
        <Placemark id="2213156">
            <name>31411010045.0</name>
            <description>PIN: 31411010045.0&lt;br&gt;Wetland %: 0.00&lt;br&gt;Flood %: 100.00&lt;br&gt;Parcel area (m²): 838.46</description>
            <styleUrl>#2213161</styleUrl>
            <ExtendedData>
                <Data name="PIN">
                    <value>31411010045.0</value>
                </Data>
                <Data name="Wetland_%">
                    <value>0.00</value>
                </Data>
                <Data name="Flood_%">
                    <value>100.00</value>
                </Data>
                <Data name="Parcel_area_m2">
                    <value>838.46</value>
                </Data>
            </ExtendedData>
            <Polygon id="2213155">
                <outerBoundaryIs>
                    <LinearRing id="2213159">
                        <coordinates>-78.69977331383463,33.869344723124705,0.0 -78.69968672728666,33.86930348425583,0.0 -78.69987283420444,33.869061617481975,0.0 -78.70003920391558,33.86915069536522,0.0 -78.69985588857278,33.86938893514206,0.0 -78.69977331383463,33.869344723124705,0.0</coordinates>
                    </LinearRing>
                </outerBoundaryIs>
            </Polygon>
        </Placemark>
        <Placemark id="2213170">
            <name>31410020049.0</name>
            <description>PIN: 31410020049.0&lt;br&gt;Wetland %: 0.00&lt;br&gt;Flood %: 100.00&lt;br&gt;Parcel area (m²): 835.26</description>
            <styleUrl>#2213175</styleUrl>
            <ExtendedData>
                <Data name="PIN">
                    <value>31410020049.0</value>
                </Data>
                <Data name="Wetland_%">
                    <value>0.00</value>
                </Data>
                <Data name="Flood_%">
                    <value>100.00</value>
                </Data>
                <Data name="Parcel_area_m2">
                    <value>835.26</value>
                </Data>
            </ExtendedData>
            <Polygon id="2213169">
                <outerBoundaryIs>
                    <LinearRing id="2213173">
                        <coordinates>-78.70039659208427,33.86967843566409,0.0 -78.70057990762915,33.8694401951227,0.0 -78.70074627772074,33.8695292720289,0.0 -78.70056296352698,33.86976751283174,0.0 -78.70039659208427,33.86967843566409,0.0</coordinates>
                    </LinearRing>
                </outerBoundaryIs>
            </Polygon>
        </Placemark>
        <Placemark id="2213184">
            <name>31411040034.0</name>
            <description>PIN: 31411040034.0&lt;br&gt;Wetland %: 0.56&lt;br&gt;Flood %: 100.00&lt;br&gt;Parcel area (m²): 1354.05</description>
            <styleUrl>#2213189</styleUrl>
            <ExtendedData>
                <Data name="PIN">
                    <value>31411040034.0</value>
                </Data>
                <Data name="Wetland_%">
                    <value>0.56</value>
                </Data>
                <Data name="Flood_%">
                    <value>100.00</value>
                </Data>
                <Data name="Parcel_area_m2">
                    <value>1354.05</value>
                </Data>
            </ExtendedData>
            <Polygon id="2213183">
                <outerBoundaryIs>
                    <LinearRing id="2213187">
                        <coordinates>-78.69853210382999,33.86757093403099,0.0 -78.69854737440912,33.86755189246054,0.0 -78.69854746502712,33.86755177869392,0.0 -78.69854748625849,33.86755175293169,0.0 -78.69859635941127,33.867490803974675,0.0 -78.69875673742649,33.86728927785116,0.0 -78.69876092941338,33.86728401164488,0.0 -78.69898000852704,33.86740645048195,0.0 -78.69897635614504,33.86741102589994,0.0 -78.6988142964872,33.86761407332128,0.0 -78.69876651467459,33.867674080249564,0.0 -78.6987664665676,33.86767414068877,0.0 -78.69876636033855,33.867674272204624,0.0 -78.6987515514418,33.8676928695967,0.0 -78.6986179660761,33.86761864356257,0.0 -78.69853210382999,33.86757093403099,0.0</coordinates>
                    </LinearRing>
                </outerBoundaryIs>
            </Polygon>
        </Placemark>
        <Placemark id="2213198">
            <name>31411040056.0</name>
            <description>PIN: 31411040056.0&lt;br&gt;Wetland %: 8.23&lt;br&gt;Flood %: 100.00&lt;br&gt;Parcel area (m²): 952.73</description>
            <styleUrl>#2213203</styleUrl>
            <ExtendedData>
                <Data name="PIN">
                    <value>31411040056.0</value>
                </Data>
                <Data name="Wetland_%">
                    <value>8.23</value>
                </Data>
                <Data name="Flood_%">
                    <value>100.00</value>
                </Data>
                <Data name="Parcel_area_m2">
                    <value>952.73</value>
                </Data>
            </ExtendedData>
            <Polygon id="2213197">
                <outerBoundaryIs>
                    <LinearRing id="2213201">
                        <coordinates>-78.69893277657945,33.868406997581594,0.0 -78.69908648648878,33.8681199194197,0.0 -78.69928685319087,33.868226060787535,0.0 -78.69909148315242,33.868479964425,0.0 -78.69907450366964,33.868470873008114,0.0 -78.69904017846555,33.868453246183954,0.0 -78.69900508244874,33.86843670902441,0.0 -78.69896926470544,33.86842128589162,0.0 -78.69893277657945,33.868406997581594,0.0</coordinates>
                    </LinearRing>
                </outerBoundaryIs>
            </Polygon>
        </Placemark>
    </Document>
</kml>
