<?xml version="1.0" encoding="UTF-8"?>
<kml xmlns="http://www.opengis.net/kml/2.2" xmlns:gx="http://www.google.com/kml/ext/2.2">
    <Document id="1968640">
        <Style id="1968647">
            <LineStyle id="1968649">
                <color>ffffffff</color>
                <colorMode>normal</colorMode>
                <width>1</width>
            </LineStyle>
            <PolyStyle id="1968648">
                <color>8000a5ff</color>
                <colorMode>normal</colorMode>
                <fill>1</fill>
                <outline>1</outline>
            </PolyStyle>
        </Style>
        <Style id="1968661">
            <LineStyle id="1968663">
                <color>ffffffff</color>
                <colorMode>normal</colorMode>
                <width>1</width>
            </LineStyle>
            <PolyStyle id="1968662">
                <color>8000a5ff</color>
                <colorMode>normal</colorMode>
                <fill>1</fill>
                <outline>1</outline>
            </PolyStyle>
        </Style>
        <Style id="1968675">
            <LineStyle id="1968677">
                <color>ffffffff</color>
                <colorMode>normal</colorMode>
                <width>1</width>
            </LineStyle>
            <PolyStyle id="1968676">
                <color>8000a5ff</color>
                <colorMode>normal</colorMode>
                <fill>1</fill>
                <outline>1</outline>
            </PolyStyle>
        </Style>
        <Style id="1968689">
            <LineStyle id="1968691">
                <color>ffffffff</color>
                <colorMode>normal</colorMode>
                <width>1</width>
            </LineStyle>
            <PolyStyle id="1968690">
                <color>8000a5ff</color>
                <colorMode>normal</colorMode>
                <fill>1</fill>
                <outline>1</outline>
            </PolyStyle>
        </Style>
        <Style id="1968703">
            <LineStyle id="1968705">
                <color>ffffffff</color>
                <colorMode>normal</colorMode>
                <width>1</width>
            </LineStyle>
            <PolyStyle id="1968704">
                <color>8000a5ff</color>
                <colorMode>normal</colorMode>
                <fill>1</fill>
                <outline>1</outline>
            </PolyStyle>
        </Style>
        <Style id="1968717">
            <LineStyle id="1968719">
                <color>ffffffff</color>
                <colorMode>normal</colorMode>
                <width>1</width>
            </LineStyle>
            <PolyStyle id="1968718">
                <color>8000a5ff</color>
                <colorMode>normal</colorMode>
                <fill>1</fill>
                <outline>1</outline>
            </PolyStyle>
        </Style>
        <Style id="1968731">
            <LineStyle id="1968733">
                <color>ffffffff</color>
                <colorMode>normal</colorMode>
                <width>1</width>
            </LineStyle>
            <PolyStyle id="1968732">
                <color>8000a5ff</color>
                <colorMode>normal</colorMode>
                <fill>1</fill>
                <outline>1</outline>
            </PolyStyle>
        </Style>
        <Style id="1968745">
            <LineStyle id="1968747">
                <color>ffffffff</color>
                <colorMode>normal</colorMode>
                <width>1</width>
            </LineStyle>
            <PolyStyle id="1968746">
                <color>8000a5ff</color>
                <colorMode>normal</colorMode>
                <fill>1</fill>
                <outline>1</outline>
            </PolyStyle>
        </Style>
        <Style id="1968759">
            <LineStyle id="1968761">
                <color>ffffffff</color>
                <colorMode>normal</colorMode>
                <width>1</width>
            </LineStyle>
            <PolyStyle id="1968760">
                <color>8000a5ff</color>
                <colorMode>normal</colorMode>
                <fill>1</fill>
                <outline>1</outline>
            </PolyStyle>
        </Style>
        <Style id="1968773">
            <LineStyle id="1968775">
                <color>ffffffff</color>
                <colorMode>normal</colorMode>
                <width>1</width>
            </LineStyle>
            <PolyStyle id="1968774">
                <color>8000a5ff</color>
                <colorMode>normal</colorMode>
                <fill>1</fill>
                <outline>1</outline>
            </PolyStyle>
        </Style>
        <Style id="1968787">
            <LineStyle id="1968789">
                <color>ffffffff</color>
                <colorMode>normal</colorMode>
                <width>1</width>
            </LineStyle>
            <PolyStyle id="1968788">
                <color>8000a5ff</color>
                <colorMode>normal</colorMode>
                <fill>1</fill>
                <outline>1</outline>
            </PolyStyle>
        </Style>
        <Style id="1968801">
            <LineStyle id="1968803">
                <color>ffffffff</color>
                <colorMode>normal</colorMode>
                <width>1</width>
            </LineStyle>
            <PolyStyle id="1968802">
                <color>8000a5ff</color>
                <colorMode>normal</colorMode>
                <fill>1</fill>
                <outline>1</outline>
            </PolyStyle>
        </Style>
        <Style id="1968815">
            <LineStyle id="1968817">
                <color>ffffffff</color>
                <colorMode>normal</colorMode>
                <width>1</width>
            </LineStyle>
            <PolyStyle id="1968816">
                <color>8000a5ff</color>
                <colorMode>normal</colorMode>
                <fill>1</fill>
                <outline>1</outline>
            </PolyStyle>
        </Style>
        <Style id="1968829">
            <LineStyle id="1968831">
                <color>ffffffff</color>
                <colorMode>normal</colorMode>
                <width>1</width>
            </LineStyle>
            <PolyStyle id="1968830">
                <color>8000a5ff</color>
                <colorMode>normal</colorMode>
                <fill>1</fill>
                <outline>1</outline>
            </PolyStyle>
        </Style>
        <Style id="1968843">
            <LineStyle id="1968845">
                <color>ffffffff</color>
                <colorMode>normal</colorMode>
                <width>1</width>
            </LineStyle>
            <PolyStyle id="1968844">
                <color>8000a5ff</color>
                <colorMode>normal</colorMode>
                <fill>1</fill>
                <outline>1</outline>
            </PolyStyle>
        </Style>
        <Style id="1968857">
            <LineStyle id="1968859">
                <color>ffffffff</color>
                <colorMode>normal</colorMode>
                <width>1</width>
            </LineStyle>
            <PolyStyle id="1968858">
                <color>8000a5ff</color>
                <colorMode>normal</colorMode>
                <fill>1</fill>
                <outline>1</outline>
            </PolyStyle>
        </Style>
        <Style id="1968871">
            <LineStyle id="1968873">
                <color>ffffffff</color>
                <colorMode>normal</colorMode>
                <width>1</width>
            </LineStyle>
            <PolyStyle id="1968872">
                <color>8000a5ff</color>
                <colorMode>normal</colorMode>
                <fill>1</fill>
                <outline>1</outline>
            </PolyStyle>
        </Style>
        <Style id="1968885">
            <LineStyle id="1968887">
                <color>ffffffff</color>
                <colorMode>normal</colorMode>
                <width>1</width>
            </LineStyle>
            <PolyStyle id="1968886">
                <color>8000a5ff</color>
                <colorMode>normal</colorMode>
                <fill>1</fill>
                <outline>1</outline>
            </PolyStyle>
        </Style>
        <Style id="1968899">
            <LineStyle id="1968901">
                <color>ffffffff</color>
                <colorMode>normal</colorMode>
                <width>1</width>
            </LineStyle>
            <PolyStyle id="1968900">
                <color>8000a5ff</color>
                <colorMode>normal</colorMode>
                <fill>1</fill>
                <outline>1</outline>
            </PolyStyle>
        </Style>
        <Style id="1968913">
            <LineStyle id="1968915">
                <color>ffffffff</color>
                <colorMode>normal</colorMode>
                <width>1</width>
            </LineStyle>
            <PolyStyle id="1968914">
                <color>8000a5ff</color>
                <colorMode>normal</colorMode>
                <fill>1</fill>
                <outline>1</outline>
            </PolyStyle>
        </Style>
        <Style id="1968927">
            <LineStyle id="1968929">
                <color>ffffffff</color>
                <colorMode>normal</colorMode>
                <width>1</width>
            </LineStyle>
            <PolyStyle id="1968928">
                <color>8000a5ff</color>
                <colorMode>normal</colorMode>
                <fill>1</fill>
                <outline>1</outline>
            </PolyStyle>
        </Style>
        <Style id="1968941">
            <LineStyle id="1968943">
                <color>ffffffff</color>
                <colorMode>normal</colorMode>
                <width>1</width>
            </LineStyle>
            <PolyStyle id="1968942">
                <color>8000a5ff</color>
                <colorMode>normal</colorMode>
                <fill>1</fill>
                <outline>1</outline>
            </PolyStyle>
        </Style>
        <Style id="1968955">
            <LineStyle id="1968957">
                <color>ffffffff</color>
                <colorMode>normal</colorMode>
                <width>1</width>
            </LineStyle>
            <PolyStyle id="1968956">
                <color>8000a5ff</color>
                <colorMode>normal</colorMode>
                <fill>1</fill>
                <outline>1</outline>
            </PolyStyle>
        </Style>
        <Style id="1968969">
            <LineStyle id="1968971">
                <color>ffffffff</color>
                <colorMode>normal</colorMode>
                <width>1</width>
            </LineStyle>
            <PolyStyle id="1968970">
                <color>8000a5ff</color>
                <colorMode>normal</colorMode>
                <fill>1</fill>
                <outline>1</outline>
            </PolyStyle>
        </Style>
        <Style id="1968983">
            <LineStyle id="1968985">
                <color>ffffffff</color>
                <colorMode>normal</colorMode>
                <width>1</width>
            </LineStyle>
            <PolyStyle id="1968984">
                <color>8000a5ff</color>
                <colorMode>normal</colorMode>
                <fill>1</fill>
                <outline>1</outline>
            </PolyStyle>
        </Style>
        <Style id="1968997">
            <LineStyle id="1968999">
                <color>ffffffff</color>
                <colorMode>normal</colorMode>
                <width>1</width>
            </LineStyle>
            <PolyStyle id="1968998">
                <color>8000a5ff</color>
                <colorMode>normal</colorMode>
                <fill>1</fill>
                <outline>1</outline>
            </PolyStyle>
        </Style>
        <Style id="1969011">
            <LineStyle id="1969013">
                <color>ffffffff</color>
                <colorMode>normal</colorMode>
                <width>1</width>
            </LineStyle>
            <PolyStyle id="1969012">
                <color>8000a5ff</color>
                <colorMode>normal</colorMode>
                <fill>1</fill>
                <outline>1</outline>
            </PolyStyle>
        </Style>
        <Style id="1969025">
            <LineStyle id="1969027">
                <color>ffffffff</color>
                <colorMode>normal</colorMode>
                <width>1</width>
            </LineStyle>
            <PolyStyle id="1969026">
                <color>8000a5ff</color>
                <colorMode>normal</colorMode>
                <fill>1</fill>
                <outline>1</outline>
            </PolyStyle>
        </Style>
        <Style id="1969039">
            <LineStyle id="1969041">
                <color>ffffffff</color>
                <colorMode>normal</colorMode>
                <width>1</width>
            </LineStyle>
            <PolyStyle id="1969040">
                <color>8000a5ff</color>
                <colorMode>normal</colorMode>
                <fill>1</fill>
                <outline>1</outline>
            </PolyStyle>
        </Style>
        <Style id="1969053">
            <LineStyle id="1969055">
                <color>ffffffff</color>
                <colorMode>normal</colorMode>
                <width>1</width>
            </LineStyle>
            <PolyStyle id="1969054">
                <color>8000a5ff</color>
                <colorMode>normal</colorMode>
                <fill>1</fill>
                <outline>1</outline>
            </PolyStyle>
        </Style>
        <Style id="1969067">
            <LineStyle id="1969069">
                <color>ffffffff</color>
                <colorMode>normal</colorMode>
                <width>1</width>
            </LineStyle>
            <PolyStyle id="1969068">
                <color>800000ff</color>
                <colorMode>normal</colorMode>
                <fill>1</fill>
                <outline>1</outline>
            </PolyStyle>
        </Style>
        <Style id="1969081">
            <LineStyle id="1969083">
                <color>ffffffff</color>
                <colorMode>normal</colorMode>
                <width>1</width>
            </LineStyle>
            <PolyStyle id="1969082">
                <color>8000a5ff</color>
                <colorMode>normal</colorMode>
                <fill>1</fill>
                <outline>1</outline>
            </PolyStyle>
        </Style>
        <Style id="1969095">
            <LineStyle id="1969097">
                <color>ffffffff</color>
                <colorMode>normal</colorMode>
                <width>1</width>
            </LineStyle>
            <PolyStyle id="1969096">
                <color>8000a5ff</color>
                <colorMode>normal</colorMode>
                <fill>1</fill>
                <outline>1</outline>
            </PolyStyle>
        </Style>
        <Style id="1969109">
            <LineStyle id="1969111">
                <color>ffffffff</color>
                <colorMode>normal</colorMode>
                <width>1</width>
            </LineStyle>
            <PolyStyle id="1969110">
                <color>8000a5ff</color>
                <colorMode>normal</colorMode>
                <fill>1</fill>
                <outline>1</outline>
            </PolyStyle>
        </Style>
        <Style id="1969123">
            <LineStyle id="1969125">
                <color>ffffffff</color>
                <colorMode>normal</colorMode>
                <width>1</width>
            </LineStyle>
            <PolyStyle id="1969124">
                <color>8000a5ff</color>
                <colorMode>normal</colorMode>
                <fill>1</fill>
                <outline>1</outline>
            </PolyStyle>
        </Style>
        <Style id="1969137">
            <LineStyle id="1969139">
                <color>ffffffff</color>
                <colorMode>normal</colorMode>
                <width>1</width>
            </LineStyle>
            <PolyStyle id="1969138">
                <color>8000a5ff</color>
                <colorMode>normal</colorMode>
                <fill>1</fill>
                <outline>1</outline>
            </PolyStyle>
        </Style>
        <Style id="1969151">
            <LineStyle id="1969153">
                <color>ffffffff</color>
                <colorMode>normal</colorMode>
                <width>1</width>
            </LineStyle>
            <PolyStyle id="1969152">
                <color>8000a5ff</color>
                <colorMode>normal</colorMode>
                <fill>1</fill>
                <outline>1</outline>
            </PolyStyle>
        </Style>
        <Style id="1969165">
            <LineStyle id="1969167">
                <color>ffffffff</color>
                <colorMode>normal</colorMode>
                <width>1</width>
            </LineStyle>
            <PolyStyle id="1969166">
                <color>8000a5ff</color>
                <colorMode>normal</colorMode>
                <fill>1</fill>
                <outline>1</outline>
            </PolyStyle>
        </Style>
        <Style id="1969179">
            <LineStyle id="1969181">
                <color>ffffffff</color>
                <colorMode>normal</colorMode>
                <width>1</width>
            </LineStyle>
            <PolyStyle id="1969180">
                <color>8000a5ff</color>
                <colorMode>normal</colorMode>
                <fill>1</fill>
                <outline>1</outline>
            </PolyStyle>
        </Style>
        <Style id="1969193">
            <LineStyle id="1969195">
                <color>ffffffff</color>
                <colorMode>normal</colorMode>
                <width>1</width>
            </LineStyle>
            <PolyStyle id="1969194">
                <color>8000a5ff</color>
                <colorMode>normal</colorMode>
                <fill>1</fill>
                <outline>1</outline>
            </PolyStyle>
        </Style>
        <Style id="1969207">
            <LineStyle id="1969209">
                <color>ffffffff</color>
                <colorMode>normal</colorMode>
                <width>1</width>
            </LineStyle>
            <PolyStyle id="1969208">
                <color>800000ff</color>
                <colorMode>normal</colorMode>
                <fill>1</fill>
                <outline>1</outline>
            </PolyStyle>
        </Style>
        <Style id="1969221">
            <LineStyle id="1969223">
                <color>ffffffff</color>
                <colorMode>normal</colorMode>
                <width>1</width>
            </LineStyle>
            <PolyStyle id="1969222">
                <color>8000a5ff</color>
                <colorMode>normal</colorMode>
                <fill>1</fill>
                <outline>1</outline>
            </PolyStyle>
        </Style>
        <Style id="1969235">
            <LineStyle id="1969237">
                <color>ffffffff</color>
                <colorMode>normal</colorMode>
                <width>1</width>
            </LineStyle>
            <PolyStyle id="1969236">
                <color>8000a5ff</color>
                <colorMode>normal</colorMode>
                <fill>1</fill>
                <outline>1</outline>
            </PolyStyle>
        </Style>
        <Style id="1969249">
            <LineStyle id="1969251">
                <color>ffffffff</color>
                <colorMode>normal</colorMode>
                <width>1</width>
            </LineStyle>
            <PolyStyle id="1969250">
                <color>8000a5ff</color>
                <colorMode>normal</colorMode>
                <fill>1</fill>
                <outline>1</outline>
            </PolyStyle>
        </Style>
        <Style id="1969263">
            <LineStyle id="1969265">
                <color>ffffffff</color>
                <colorMode>normal</colorMode>
                <width>1</width>
            </LineStyle>
            <PolyStyle id="1969264">
                <color>8000a5ff</color>
                <colorMode>normal</colorMode>
                <fill>1</fill>
                <outline>1</outline>
            </PolyStyle>
        </Style>
        <Style id="1969277">
            <LineStyle id="1969279">
                <color>ffffffff</color>
                <colorMode>normal</colorMode>
                <width>1</width>
            </LineStyle>
            <PolyStyle id="1969278">
                <color>8000a5ff</color>
                <colorMode>normal</colorMode>
                <fill>1</fill>
                <outline>1</outline>
            </PolyStyle>
        </Style>
        <Style id="1969291">
            <LineStyle id="1969293">
                <color>ffffffff</color>
                <colorMode>normal</colorMode>
                <width>1</width>
            </LineStyle>
            <PolyStyle id="1969292">
                <color>8000a5ff</color>
                <colorMode>normal</colorMode>
                <fill>1</fill>
                <outline>1</outline>
            </PolyStyle>
        </Style>
        <Style id="1969305">
            <LineStyle id="1969307">
                <color>ffffffff</color>
                <colorMode>normal</colorMode>
                <width>1</width>
            </LineStyle>
            <PolyStyle id="1969306">
                <color>8000a5ff</color>
                <colorMode>normal</colorMode>
                <fill>1</fill>
                <outline>1</outline>
            </PolyStyle>
        </Style>
        <Style id="1969319">
            <LineStyle id="1969321">
                <color>ffffffff</color>
                <colorMode>normal</colorMode>
                <width>1</width>
            </LineStyle>
            <PolyStyle id="1969320">
                <color>8000a5ff</color>
                <colorMode>normal</colorMode>
                <fill>1</fill>
                <outline>1</outline>
            </PolyStyle>
        </Style>
        <Style id="1969333">
            <LineStyle id="1969335">
                <color>ffffffff</color>
                <colorMode>normal</colorMode>
                <width>1</width>
            </LineStyle>
            <PolyStyle id="1969334">
                <color>8000a5ff</color>
                <colorMode>normal</colorMode>
                <fill>1</fill>
                <outline>1</outline>
            </PolyStyle>
        </Style>
        <Style id="1969347">
            <LineStyle id="1969349">
                <color>ffffffff</color>
                <colorMode>normal</colorMode>
                <width>1</width>
            </LineStyle>
            <PolyStyle id="1969348">
                <color>8000a5ff</color>
                <colorMode>normal</colorMode>
                <fill>1</fill>
                <outline>1</outline>
            </PolyStyle>
        </Style>
        <Style id="1969361">
            <LineStyle id="1969363">
                <color>ffffffff</color>
                <colorMode>normal</colorMode>
                <width>1</width>
            </LineStyle>
            <PolyStyle id="1969362">
                <color>8000a5ff</color>
                <colorMode>normal</colorMode>
                <fill>1</fill>
                <outline>1</outline>
            </PolyStyle>
        </Style>
        <Style id="1969375">
            <LineStyle id="1969377">
                <color>ffffffff</color>
                <colorMode>normal</colorMode>
                <width>1</width>
            </LineStyle>
            <PolyStyle id="1969376">
                <color>8000a5ff</color>
                <colorMode>normal</colorMode>
                <fill>1</fill>
                <outline>1</outline>
            </PolyStyle>
        </Style>
        <Style id="1969389">
            <LineStyle id="1969391">
                <color>ffffffff</color>
                <colorMode>normal</colorMode>
                <width>1</width>
            </LineStyle>
            <PolyStyle id="1969390">
                <color>8000a5ff</color>
                <colorMode>normal</colorMode>
                <fill>1</fill>
                <outline>1</outline>
            </PolyStyle>
        </Style>
        <Style id="1969403">
            <LineStyle id="1969405">
                <color>ffffffff</color>
                <colorMode>normal</colorMode>
                <width>1</width>
            </LineStyle>
            <PolyStyle id="1969404">
                <color>8000a5ff</color>
                <colorMode>normal</colorMode>
                <fill>1</fill>
                <outline>1</outline>
            </PolyStyle>
        </Style>
        <Style id="1969417">
            <LineStyle id="1969419">
                <color>ffffffff</color>
                <colorMode>normal</colorMode>
                <width>1</width>
            </LineStyle>
            <PolyStyle id="1969418">
                <color>8000a5ff</color>
                <colorMode>normal</colorMode>
                <fill>1</fill>
                <outline>1</outline>
            </PolyStyle>
        </Style>
        <Style id="1969431">
            <LineStyle id="1969433">
                <color>ffffffff</color>
                <colorMode>normal</colorMode>
                <width>1</width>
            </LineStyle>
            <PolyStyle id="1969432">
                <color>8000a5ff</color>
                <colorMode>normal</colorMode>
                <fill>1</fill>
                <outline>1</outline>
            </PolyStyle>
        </Style>
        <Style id="1969445">
            <LineStyle id="1969447">
                <color>ffffffff</color>
                <colorMode>normal</colorMode>
                <width>1</width>
            </LineStyle>
            <PolyStyle id="1969446">
                <color>8000a5ff</color>
                <colorMode>normal</colorMode>
                <fill>1</fill>
                <outline>1</outline>
            </PolyStyle>
        </Style>
        <Style id="1969459">
            <LineStyle id="1969461">
                <color>ffffffff</color>
                <colorMode>normal</colorMode>
                <width>1</width>
            </LineStyle>
            <PolyStyle id="1969460">
                <color>8000a5ff</color>
                <colorMode>normal</colorMode>
                <fill>1</fill>
                <outline>1</outline>
            </PolyStyle>
        </Style>
        <Style id="1969473">
            <LineStyle id="1969475">
                <color>ffffffff</color>
                <colorMode>normal</colorMode>
                <width>1</width>
            </LineStyle>
            <PolyStyle id="1969474">
                <color>8000a5ff</color>
                <colorMode>normal</colorMode>
                <fill>1</fill>
                <outline>1</outline>
            </PolyStyle>
        </Style>
        <Style id="1969487">
            <LineStyle id="1969489">
                <color>ffffffff</color>
                <colorMode>normal</colorMode>
                <width>1</width>
            </LineStyle>
            <PolyStyle id="1969488">
                <color>8000a5ff</color>
                <colorMode>normal</colorMode>
                <fill>1</fill>
                <outline>1</outline>
            </PolyStyle>
        </Style>
        <Style id="1969501">
            <LineStyle id="1969503">
                <color>ffffffff</color>
                <colorMode>normal</colorMode>
                <width>1</width>
            </LineStyle>
            <PolyStyle id="1969502">
                <color>800000ff</color>
                <colorMode>normal</colorMode>
                <fill>1</fill>
                <outline>1</outline>
            </PolyStyle>
        </Style>
        <Style id="1969515">
            <LineStyle id="1969517">
                <color>ffffffff</color>
                <colorMode>normal</colorMode>
                <width>1</width>
            </LineStyle>
            <PolyStyle id="1969516">
                <color>8000a5ff</color>
                <colorMode>normal</colorMode>
                <fill>1</fill>
                <outline>1</outline>
            </PolyStyle>
        </Style>
        <Style id="1969529">
            <LineStyle id="1969531">
                <color>ffffffff</color>
                <colorMode>normal</colorMode>
                <width>1</width>
            </LineStyle>
            <PolyStyle id="1969530">
                <color>8000a5ff</color>
                <colorMode>normal</colorMode>
                <fill>1</fill>
                <outline>1</outline>
            </PolyStyle>
        </Style>
        <Style id="1969543">
            <LineStyle id="1969545">
                <color>ffffffff</color>
                <colorMode>normal</colorMode>
                <width>1</width>
            </LineStyle>
            <PolyStyle id="1969544">
                <color>8000a5ff</color>
                <colorMode>normal</colorMode>
                <fill>1</fill>
                <outline>1</outline>
            </PolyStyle>
        </Style>
        <Style id="1969557">
            <LineStyle id="1969559">
                <color>ffffffff</color>
                <colorMode>normal</colorMode>
                <width>1</width>
            </LineStyle>
            <PolyStyle id="1969558">
                <color>8000a5ff</color>
                <colorMode>normal</colorMode>
                <fill>1</fill>
                <outline>1</outline>
            </PolyStyle>
        </Style>
        <Style id="1969571">
            <LineStyle id="1969573">
                <color>ffffffff</color>
                <colorMode>normal</colorMode>
                <width>1</width>
            </LineStyle>
            <PolyStyle id="1969572">
                <color>8000a5ff</color>
                <colorMode>normal</colorMode>
                <fill>1</fill>
                <outline>1</outline>
            </PolyStyle>
        </Style>
        <Style id="1969585">
            <LineStyle id="1969587">
                <color>ffffffff</color>
                <colorMode>normal</colorMode>
                <width>1</width>
            </LineStyle>
            <PolyStyle id="1969586">
                <color>8000a5ff</color>
                <colorMode>normal</colorMode>
                <fill>1</fill>
                <outline>1</outline>
            </PolyStyle>
        </Style>
        <Style id="1969599">
            <LineStyle id="1969601">
                <color>ffffffff</color>
                <colorMode>normal</colorMode>
                <width>1</width>
            </LineStyle>
            <PolyStyle id="1969600">
                <color>8000a5ff</color>
                <colorMode>normal</colorMode>
                <fill>1</fill>
                <outline>1</outline>
            </PolyStyle>
        </Style>
        <Style id="1969613">
            <LineStyle id="1969615">
                <color>ffffffff</color>
                <colorMode>normal</colorMode>
                <width>1</width>
            </LineStyle>
            <PolyStyle id="1969614">
                <color>800000ff</color>
                <colorMode>normal</colorMode>
                <fill>1</fill>
                <outline>1</outline>
            </PolyStyle>
        </Style>
        <Style id="1969627">
            <LineStyle id="1969629">
                <color>ffffffff</color>
                <colorMode>normal</colorMode>
                <width>1</width>
            </LineStyle>
            <PolyStyle id="1969628">
                <color>800000ff</color>
                <colorMode>normal</colorMode>
                <fill>1</fill>
                <outline>1</outline>
            </PolyStyle>
        </Style>
        <Style id="1969641">
            <LineStyle id="1969643">
                <color>ffffffff</color>
                <colorMode>normal</colorMode>
                <width>1</width>
            </LineStyle>
            <PolyStyle id="1969642">
                <color>800000ff</color>
                <colorMode>normal</colorMode>
                <fill>1</fill>
                <outline>1</outline>
            </PolyStyle>
        </Style>
        <Style id="1969655">
            <LineStyle id="1969657">
                <color>ffffffff</color>
                <colorMode>normal</colorMode>
                <width>1</width>
            </LineStyle>
            <PolyStyle id="1969656">
                <color>800000ff</color>
                <colorMode>normal</colorMode>
                <fill>1</fill>
                <outline>1</outline>
            </PolyStyle>
        </Style>
        <Style id="1969669">
            <LineStyle id="1969671">
                <color>ffffffff</color>
                <colorMode>normal</colorMode>
                <width>1</width>
            </LineStyle>
            <PolyStyle id="1969670">
                <color>8000a5ff</color>
                <colorMode>normal</colorMode>
                <fill>1</fill>
                <outline>1</outline>
            </PolyStyle>
        </Style>
        <Style id="1969683">
            <LineStyle id="1969685">
                <color>ffffffff</color>
                <colorMode>normal</colorMode>
                <width>1</width>
            </LineStyle>
            <PolyStyle id="1969684">
                <color>8000a5ff</color>
                <colorMode>normal</colorMode>
                <fill>1</fill>
                <outline>1</outline>
            </PolyStyle>
        </Style>
        <Style id="1969697">
            <LineStyle id="1969699">
                <color>ffffffff</color>
                <colorMode>normal</colorMode>
                <width>1</width>
            </LineStyle>
            <PolyStyle id="1969698">
                <color>8000a5ff</color>
                <colorMode>normal</colorMode>
                <fill>1</fill>
                <outline>1</outline>
            </PolyStyle>
        </Style>
        <Style id="1969711">
            <LineStyle id="1969713">
                <color>ffffffff</color>
                <colorMode>normal</colorMode>
                <width>1</width>
            </LineStyle>
            <PolyStyle id="1969712">
                <color>8000a5ff</color>
                <colorMode>normal</colorMode>
                <fill>1</fill>
                <outline>1</outline>
            </PolyStyle>
        </Style>
        <Style id="1969725">
            <LineStyle id="1969727">
                <color>ffffffff</color>
                <colorMode>normal</colorMode>
                <width>1</width>
            </LineStyle>
            <PolyStyle id="1969726">
                <color>8000a5ff</color>
                <colorMode>normal</colorMode>
                <fill>1</fill>
                <outline>1</outline>
            </PolyStyle>
        </Style>
        <Style id="1969739">
            <LineStyle id="1969741">
                <color>ffffffff</color>
                <colorMode>normal</colorMode>
                <width>1</width>
            </LineStyle>
            <PolyStyle id="1969740">
                <color>8000a5ff</color>
                <colorMode>normal</colorMode>
                <fill>1</fill>
                <outline>1</outline>
            </PolyStyle>
        </Style>
        <Style id="1969753">
            <LineStyle id="1969755">
                <color>ffffffff</color>
                <colorMode>normal</colorMode>
                <width>1</width>
            </LineStyle>
            <PolyStyle id="1969754">
                <color>8000a5ff</color>
                <colorMode>normal</colorMode>
                <fill>1</fill>
                <outline>1</outline>
            </PolyStyle>
        </Style>
        <Placemark id="1968642">
            <name>46415030077.0</name>
            <description>PIN: 46415030077.0&lt;br&gt;Wetland %: 0.00&lt;br&gt;Flood %: 100.00&lt;br&gt;Parcel area (m²): 1457.56</description>
            <styleUrl>#1968647</styleUrl>
            <ExtendedData>
                <Data name="PIN">
                    <value>46415030077.0</value>
                </Data>
                <Data name="Wetland_%">
                    <value>0.00</value>
                </Data>
                <Data name="Flood_%">
                    <value>100.00</value>
                </Data>
                <Data name="Parcel_area_m2">
                    <value>1457.56</value>
                </Data>
            </ExtendedData>
            <Polygon id="1968641">
                <outerBoundaryIs>
                    <LinearRing id="1968645">
                        <coordinates>-79.0698149519172,33.590947315763934,0.0 -79.06981249886903,33.59089932790541,0.0 -79.06980351120201,33.5907235980111,0.0 -79.0697941155552,33.5905395919012,0.0 -79.06982421359942,33.590544270832574,0.0 -79.06985397041876,33.59055028379437,0.0 -79.06988330230533,33.590557615047395,0.0 -79.06991212676942,33.59056624255792,0.0 -79.07012579746575,33.590635647253464,0.0 -79.06995910172236,33.59099519160443,0.0 -79.0698582103338,33.5909616824426,0.0 -79.0698149519172,33.590947315763934,0.0</coordinates>
                    </LinearRing>
                </outerBoundaryIs>
            </Polygon>
        </Placemark>
        <Placemark id="1968656">
            <name>46415030076.0</name>
            <description>PIN: 46415030076.0&lt;br&gt;Wetland %: 0.00&lt;br&gt;Flood %: 100.00&lt;br&gt;Parcel area (m²): 1208.11</description>
            <styleUrl>#1968661</styleUrl>
            <ExtendedData>
                <Data name="PIN">
                    <value>46415030076.0</value>
                </Data>
                <Data name="Wetland_%">
                    <value>0.00</value>
                </Data>
                <Data name="Flood_%">
                    <value>100.00</value>
                </Data>
                <Data name="Parcel_area_m2">
                    <value>1208.11</value>
                </Data>
            </ExtendedData>
            <Polygon id="1968655">
                <outerBoundaryIs>
                    <LinearRing id="1968659">
                        <coordinates>-79.06995910172236,33.59099519160443,0.0 -79.07012579746575,33.590635647253464,0.0 -79.07032177408126,33.59069928948426,0.0 -79.07017622827419,33.59101327425633,0.0 -79.07015455550174,33.59106003089768,0.0 -79.06995910172236,33.59099519160443,0.0</coordinates>
                    </LinearRing>
                </outerBoundaryIs>
            </Polygon>
        </Placemark>
        <Placemark id="1968670">
            <name>46415030080.0</name>
            <description>PIN: 46415030080.0&lt;br&gt;Wetland %: 0.00&lt;br&gt;Flood %: 100.00&lt;br&gt;Parcel area (m²): 988.33</description>
            <styleUrl>#1968675</styleUrl>
            <ExtendedData>
                <Data name="PIN">
                    <value>46415030080.0</value>
                </Data>
                <Data name="Wetland_%">
                    <value>0.00</value>
                </Data>
                <Data name="Flood_%">
                    <value>100.00</value>
                </Data>
                <Data name="Parcel_area_m2">
                    <value>988.33</value>
                </Data>
            </ExtendedData>
            <Polygon id="1968669">
                <outerBoundaryIs>
                    <LinearRing id="1968673">
                        <coordinates>-79.06943517640715,33.590912875468796,0.0 -79.06981249886903,33.59089932790541,0.0 -79.0698149519172,33.590947315763934,0.0 -79.06981640183808,33.590975689819444,0.0 -79.06982148452927,33.5910751010557,0.0 -79.06944416117068,33.591088606253265,0.0 -79.06943517640715,33.590912875468796,0.0</coordinates>
                    </LinearRing>
                </outerBoundaryIs>
            </Polygon>
        </Placemark>
        <Placemark id="1968684">
            <name>46415030075.0</name>
            <description>PIN: 46415030075.0&lt;br&gt;Wetland %: 0.00&lt;br&gt;Flood %: 100.00&lt;br&gt;Parcel area (m²): 1211.62</description>
            <styleUrl>#1968689</styleUrl>
            <ExtendedData>
                <Data name="PIN">
                    <value>46415030075.0</value>
                </Data>
                <Data name="Wetland_%">
                    <value>0.00</value>
                </Data>
                <Data name="Flood_%">
                    <value>100.00</value>
                </Data>
                <Data name="Parcel_area_m2">
                    <value>1211.62</value>
                </Data>
            </ExtendedData>
            <Polygon id="1968683">
                <outerBoundaryIs>
                    <LinearRing id="1968687">
                        <coordinates>-79.07015455550174,33.59106003089768,0.0 -79.07017622827419,33.59101327425633,0.0 -79.07032177408126,33.59069928948426,0.0 -79.07051770123607,33.59076289094095,0.0 -79.07037090789065,33.591079539688444,0.0 -79.07034991242244,33.591124828677586,0.0 -79.07015455550174,33.59106003089768,0.0</coordinates>
                    </LinearRing>
                </outerBoundaryIs>
            </Polygon>
        </Placemark>
        <Placemark id="1968698">
            <name>46415020039.0</name>
            <description>PIN: 46415020039.0&lt;br&gt;Wetland %: 0.00&lt;br&gt;Flood %: 100.00&lt;br&gt;Parcel area (m²): 822.51</description>
            <styleUrl>#1968703</styleUrl>
            <ExtendedData>
                <Data name="PIN">
                    <value>46415020039.0</value>
                </Data>
                <Data name="Wetland_%">
                    <value>0.00</value>
                </Data>
                <Data name="Flood_%">
                    <value>100.00</value>
                </Data>
                <Data name="Parcel_area_m2">
                    <value>822.51</value>
                </Data>
            </ExtendedData>
            <Polygon id="1968697">
                <outerBoundaryIs>
                    <LinearRing id="1968701">
                        <coordinates>-79.06998301819714,33.59329826624962,0.0 -79.07037751703479,33.5932030915197,0.0 -79.07042209155547,33.59333251024118,0.0 -79.07007539781355,33.59341611550981,0.0 -79.07002759525686,33.59342764367094,0.0 -79.06998301819714,33.59329826624962,0.0</coordinates>
                    </LinearRing>
                </outerBoundaryIs>
            </Polygon>
        </Placemark>
        <Placemark id="1968712">
            <name>46802040018.0</name>
            <description>PIN: 46802040018.0&lt;br&gt;Wetland %: 0.00&lt;br&gt;Flood %: 100.00&lt;br&gt;Parcel area (m²): 1005.71</description>
            <styleUrl>#1968717</styleUrl>
            <ExtendedData>
                <Data name="PIN">
                    <value>46802040018.0</value>
                </Data>
                <Data name="Wetland_%">
                    <value>0.00</value>
                </Data>
                <Data name="Flood_%">
                    <value>100.00</value>
                </Data>
                <Data name="Parcel_area_m2">
                    <value>1005.71</value>
                </Data>
            </ExtendedData>
            <Polygon id="1968711">
                <outerBoundaryIs>
                    <LinearRing id="1968715">
                        <coordinates>-79.0727814242305,33.58576464184473,0.0 -79.07296805118953,33.58567716840226,0.0 -79.07316794437806,33.585998045785864,0.0 -79.07314249151078,33.586009851729244,0.0 -79.07311771852333,33.58602262973961,0.0 -79.07309367668945,33.58603635175575,0.0 -79.07303665334203,33.58606948274493,0.0 -79.0727814242305,33.58576464184473,0.0</coordinates>
                    </LinearRing>
                </outerBoundaryIs>
            </Polygon>
        </Placemark>
        <Placemark id="1968726">
            <name>46802030001.0</name>
            <description>PIN: 46802030001.0&lt;br&gt;Wetland %: 0.00&lt;br&gt;Flood %: 100.00&lt;br&gt;Parcel area (m²): 906.81</description>
            <styleUrl>#1968731</styleUrl>
            <ExtendedData>
                <Data name="PIN">
                    <value>46802030001.0</value>
                </Data>
                <Data name="Wetland_%">
                    <value>0.00</value>
                </Data>
                <Data name="Flood_%">
                    <value>100.00</value>
                </Data>
                <Data name="Parcel_area_m2">
                    <value>906.81</value>
                </Data>
            </ExtendedData>
            <Polygon id="1968725">
                <outerBoundaryIs>
                    <LinearRing id="1968729">
                        <coordinates>-79.07264123787537,33.58583034754407,0.0 -79.0727814242305,33.58576464184473,0.0 -79.07303665334203,33.58606948274493,0.0 -79.07290426477883,33.5861472673847,0.0 -79.07264123787537,33.58583034754407,0.0</coordinates>
                    </LinearRing>
                </outerBoundaryIs>
            </Polygon>
        </Placemark>
        <Placemark id="1968740">
            <name>46802040011.0</name>
            <description>PIN: 46802040011.0&lt;br&gt;Wetland %: 0.00&lt;br&gt;Flood %: 100.00&lt;br&gt;Parcel area (m²): 783.99</description>
            <styleUrl>#1968745</styleUrl>
            <ExtendedData>
                <Data name="PIN">
                    <value>46802040011.0</value>
                </Data>
                <Data name="Wetland_%">
                    <value>0.00</value>
                </Data>
                <Data name="Flood_%">
                    <value>100.00</value>
                </Data>
                <Data name="Parcel_area_m2">
                    <value>783.99</value>
                </Data>
            </ExtendedData>
            <Polygon id="1968739">
                <outerBoundaryIs>
                    <LinearRing id="1968743">
                        <coordinates>-79.07409314815408,33.58615575514452,0.0 -79.07412827797812,33.58602442235682,0.0 -79.07451091481927,33.58609222954316,0.0 -79.07447562135549,33.586223918847466,0.0 -79.07409314815408,33.58615575514452,0.0</coordinates>
                    </LinearRing>
                </outerBoundaryIs>
            </Polygon>
        </Placemark>
        <Placemark id="1968754">
            <name>46802030002.0</name>
            <description>PIN: 46802030002.0&lt;br&gt;Wetland %: 0.00&lt;br&gt;Flood %: 99.96&lt;br&gt;Parcel area (m²): 936.08</description>
            <styleUrl>#1968759</styleUrl>
            <ExtendedData>
                <Data name="PIN">
                    <value>46802030002.0</value>
                </Data>
                <Data name="Wetland_%">
                    <value>0.00</value>
                </Data>
                <Data name="Flood_%">
                    <value>99.96</value>
                </Data>
                <Data name="Parcel_area_m2">
                    <value>936.08</value>
                </Data>
            </ExtendedData>
            <Polygon id="1968753">
                <outerBoundaryIs>
                    <LinearRing id="1968757">
                        <coordinates>-79.07249908345122,33.5858969757067,0.0 -79.07264123787537,33.58583034754407,0.0 -79.07290426477883,33.5861472673847,0.0 -79.07277468663797,33.58622340011822,0.0 -79.07249908345122,33.5858969757067,0.0</coordinates>
                    </LinearRing>
                </outerBoundaryIs>
            </Polygon>
        </Placemark>
        <Placemark id="1968768">
            <name>46802010087.0</name>
            <description>PIN: 46802010087.0&lt;br&gt;Wetland %: 0.00&lt;br&gt;Flood %: 100.00&lt;br&gt;Parcel area (m²): 786.75</description>
            <styleUrl>#1968773</styleUrl>
            <ExtendedData>
                <Data name="PIN">
                    <value>46802010087.0</value>
                </Data>
                <Data name="Wetland_%">
                    <value>0.00</value>
                </Data>
                <Data name="Flood_%">
                    <value>100.00</value>
                </Data>
                <Data name="Parcel_area_m2">
                    <value>786.75</value>
                </Data>
            </ExtendedData>
            <Polygon id="1968767">
                <outerBoundaryIs>
                    <LinearRing id="1968771">
                        <coordinates>-79.07391743612281,33.58681342991088,0.0 -79.07395255858988,33.58668133853561,0.0 -79.07433575942014,33.5867488663947,0.0 -79.07430091641967,33.58688043459661,0.0 -79.07391743612281,33.58681342991088,0.0</coordinates>
                    </LinearRing>
                </outerBoundaryIs>
            </Polygon>
        </Placemark>
        <Placemark id="1968782">
            <name>46802010088.0</name>
            <description>PIN: 46802010088.0&lt;br&gt;Wetland %: 0.00&lt;br&gt;Flood %: 100.00&lt;br&gt;Parcel area (m²): 781.29</description>
            <styleUrl>#1968787</styleUrl>
            <ExtendedData>
                <Data name="PIN">
                    <value>46802010088.0</value>
                </Data>
                <Data name="Wetland_%">
                    <value>0.00</value>
                </Data>
                <Data name="Flood_%">
                    <value>100.00</value>
                </Data>
                <Data name="Parcel_area_m2">
                    <value>781.29</value>
                </Data>
            </ExtendedData>
            <Polygon id="1968781">
                <outerBoundaryIs>
                    <LinearRing id="1968785">
                        <coordinates>-79.07388294204638,33.58694314005211,0.0 -79.07391743612281,33.58681342991088,0.0 -79.07430091641967,33.58688043459661,0.0 -79.0742659478057,33.587012460814954,0.0 -79.07388294204638,33.58694314005211,0.0</coordinates>
                    </LinearRing>
                </outerBoundaryIs>
            </Polygon>
        </Placemark>
        <Placemark id="1968796">
            <name>46414040005.0</name>
            <description>PIN: 46414040005.0&lt;br&gt;Wetland %: 0.00&lt;br&gt;Flood %: 84.80&lt;br&gt;Parcel area (m²): 925.59</description>
            <styleUrl>#1968801</styleUrl>
            <ExtendedData>
                <Data name="PIN">
                    <value>46414040005.0</value>
                </Data>
                <Data name="Wetland_%">
                    <value>0.00</value>
                </Data>
                <Data name="Flood_%">
                    <value>84.80</value>
                </Data>
                <Data name="Parcel_area_m2">
                    <value>925.59</value>
                </Data>
            </ExtendedData>
            <Polygon id="1968795">
                <outerBoundaryIs>
                    <LinearRing id="1968799">
                        <coordinates>-79.06720372153175,33.593010008018574,0.0 -79.06724165344812,33.592928745839565,0.0 -79.06728938277003,33.592880378111715,0.0 -79.06733238515703,33.592901211228195,0.0 -79.06764666273068,33.59305346176049,0.0 -79.06762511468614,33.59308495379147,0.0 -79.06755799494103,33.593183045755104,0.0 -79.06734829212814,33.59308062038214,0.0 -79.06720372153175,33.593010008018574,0.0</coordinates>
                    </LinearRing>
                </outerBoundaryIs>
            </Polygon>
        </Placemark>
        <Placemark id="1968810">
            <name>46414040004.0</name>
            <description>PIN: 46414040004.0&lt;br&gt;Wetland %: 0.00&lt;br&gt;Flood %: 100.00&lt;br&gt;Parcel area (m²): 906.51</description>
            <styleUrl>#1968815</styleUrl>
            <ExtendedData>
                <Data name="PIN">
                    <value>46414040004.0</value>
                </Data>
                <Data name="Wetland_%">
                    <value>0.00</value>
                </Data>
                <Data name="Flood_%">
                    <value>100.00</value>
                </Data>
                <Data name="Parcel_area_m2">
                    <value>906.51</value>
                </Data>
            </ExtendedData>
            <Polygon id="1968809">
                <outerBoundaryIs>
                    <LinearRing id="1968813">
                        <coordinates>-79.06784192095778,33.59304566704524,0.0 -79.06793080085491,33.59291722441274,0.0 -79.06828607087556,33.59308940437202,0.0 -79.0681971913492,33.593217846355586,0.0 -79.06784192095778,33.59304566704524,0.0</coordinates>
                    </LinearRing>
                </outerBoundaryIs>
            </Polygon>
        </Placemark>
        <Placemark id="1968824">
            <name>46414010034.0</name>
            <description>PIN: 46414010034.0&lt;br&gt;Wetland %: 0.00&lt;br&gt;Flood %: 100.00&lt;br&gt;Parcel area (m²): 922.37</description>
            <styleUrl>#1968829</styleUrl>
            <ExtendedData>
                <Data name="PIN">
                    <value>46414010034.0</value>
                </Data>
                <Data name="Wetland_%">
                    <value>0.00</value>
                </Data>
                <Data name="Flood_%">
                    <value>100.00</value>
                </Data>
                <Data name="Parcel_area_m2">
                    <value>922.37</value>
                </Data>
            </ExtendedData>
            <Polygon id="1968823">
                <outerBoundaryIs>
                    <LinearRing id="1968827">
                        <coordinates>-79.06775137128008,33.59317647812043,0.0 -79.06781269475813,33.593087889225444,0.0 -79.06784192095778,33.59304566704524,0.0 -79.0681971913492,33.593217846355586,0.0 -79.06810570079337,33.593348288501744,0.0 -79.06775137128008,33.59317647812043,0.0</coordinates>
                    </LinearRing>
                </outerBoundaryIs>
            </Polygon>
        </Placemark>
        <Placemark id="1968838">
            <name>42603020006.0</name>
            <description>PIN: 42603020006.0&lt;br&gt;Wetland %: 19.73&lt;br&gt;Flood %: 100.00&lt;br&gt;Parcel area (m²): 1374.47</description>
            <styleUrl>#1968843</styleUrl>
            <ExtendedData>
                <Data name="PIN">
                    <value>42603020006.0</value>
                </Data>
                <Data name="Wetland_%">
                    <value>19.73</value>
                </Data>
                <Data name="Flood_%">
                    <value>100.00</value>
                </Data>
                <Data name="Parcel_area_m2">
                    <value>1374.47</value>
                </Data>
            </ExtendedData>
            <Polygon id="1968837">
                <outerBoundaryIs>
                    <LinearRing id="1968841">
                        <coordinates>-78.92725818924552,33.72199287998813,0.0 -78.92748294900318,33.72183238319697,0.0 -78.92772650951349,33.72206995356234,0.0 -78.92755348704266,33.72219667618759,0.0 -78.92754408967085,33.722201953782225,0.0 -78.92753378681562,33.72220587772315,0.0 -78.92752285618091,33.72220834533363,0.0 -78.92751158977528,33.72220928754822,0.0 -78.92750029037204,33.72220868148106,0.0 -78.9274892609146,33.722206542130685,0.0 -78.92747879685562,33.72220292676128,0.0 -78.92746917972664,33.72219793299108,0.0 -78.9274606675358,33.72219169412177,0.0 -78.92726899585858,33.722003492050064,0.0 -78.92725818924552,33.72199287998813,0.0</coordinates>
                    </LinearRing>
                </outerBoundaryIs>
            </Polygon>
        </Placemark>
        <Placemark id="1968852">
            <name>42600000387.0</name>
            <description>PIN: 42600000387.0&lt;br&gt;Wetland %: 0.00&lt;br&gt;Flood %: 100.00&lt;br&gt;Parcel area (m²): 595.67</description>
            <styleUrl>#1968857</styleUrl>
            <ExtendedData>
                <Data name="PIN">
                    <value>42600000387.0</value>
                </Data>
                <Data name="Wetland_%">
                    <value>0.00</value>
                </Data>
                <Data name="Flood_%">
                    <value>100.00</value>
                </Data>
                <Data name="Parcel_area_m2">
                    <value>595.67</value>
                </Data>
            </ExtendedData>
            <Polygon id="1968851">
                <outerBoundaryIs>
                    <LinearRing id="1968855">
                        <coordinates>-78.92591645947296,33.722881445950804,0.0 -78.92586341449119,33.72282986185633,0.0 -78.92585169375941,33.72283843482591,0.0 -78.9257897952371,33.7227787858782,0.0 -78.92580402732416,33.72276838531715,0.0 -78.92575257725399,33.72271889065884,0.0 -78.925899895475,33.7226122765468,0.0 -78.92594651627249,33.72265737436817,0.0 -78.92592307948269,33.72267432828674,0.0 -78.92599703837696,33.722745505994645,0.0 -78.92601713309111,33.72273072289951,0.0 -78.92606377447741,33.72277496868622,0.0 -78.92591645947296,33.722881445950804,0.0</coordinates>
                    </LinearRing>
                </outerBoundaryIs>
            </Polygon>
        </Placemark>
        <Placemark id="1968866">
            <name>42600000390.0</name>
            <description>PIN: 42600000390.0&lt;br&gt;Wetland %: 0.00&lt;br&gt;Flood %: 100.00&lt;br&gt;Parcel area (m²): 595.67</description>
            <styleUrl>#1968871</styleUrl>
            <ExtendedData>
                <Data name="PIN">
                    <value>42600000390.0</value>
                </Data>
                <Data name="Wetland_%">
                    <value>0.00</value>
                </Data>
                <Data name="Flood_%">
                    <value>100.00</value>
                </Data>
                <Data name="Parcel_area_m2">
                    <value>595.67</value>
                </Data>
            </ExtendedData>
            <Polygon id="1968865">
                <outerBoundaryIs>
                    <LinearRing id="1968869">
                        <coordinates>-78.92591645947296,33.722881445950804,0.0 -78.92586341449119,33.72282986185633,0.0 -78.92585169375941,33.72283843482591,0.0 -78.9257897952371,33.7227787858782,0.0 -78.92580402732416,33.72276838531715,0.0 -78.92575257725399,33.72271889065884,0.0 -78.925899895475,33.7226122765468,0.0 -78.92594651627249,33.72265737436817,0.0 -78.92592307948269,33.72267432828674,0.0 -78.92599703837696,33.722745505994645,0.0 -78.92601713309111,33.72273072289951,0.0 -78.92606377447741,33.72277496868622,0.0 -78.92591645947296,33.722881445950804,0.0</coordinates>
                    </LinearRing>
                </outerBoundaryIs>
            </Polygon>
        </Placemark>
        <Placemark id="1968880">
            <name>42600000380.0</name>
            <description>PIN: 42600000380.0&lt;br&gt;Wetland %: 0.00&lt;br&gt;Flood %: 100.00&lt;br&gt;Parcel area (m²): 526.57</description>
            <styleUrl>#1968885</styleUrl>
            <ExtendedData>
                <Data name="PIN">
                    <value>42600000380.0</value>
                </Data>
                <Data name="Wetland_%">
                    <value>0.00</value>
                </Data>
                <Data name="Flood_%">
                    <value>100.00</value>
                </Data>
                <Data name="Parcel_area_m2">
                    <value>526.57</value>
                </Data>
            </ExtendedData>
            <Polygon id="1968879">
                <outerBoundaryIs>
                    <LinearRing id="1968883">
                        <coordinates>-78.92612164695835,33.72242009439286,0.0 -78.92603974938623,33.72240549756372,0.0 -78.92603425941181,33.72242860788217,0.0 -78.9259613685353,33.72241570166505,0.0 -78.92600130941386,33.722259507132016,0.0 -78.92608238865463,33.72227392521037,0.0 -78.92608690002675,33.72225731408818,0.0 -78.92614749947684,33.72226830943685,0.0 -78.92614298019056,33.72228525053812,0.0 -78.92622323732974,33.72229965473627,0.0 -78.92618329287146,33.722456014328316,0.0 -78.92611614050453,33.722443891716026,0.0 -78.92612164695835,33.72242009439286,0.0</coordinates>
                    </LinearRing>
                </outerBoundaryIs>
            </Polygon>
        </Placemark>
        <Placemark id="1968894">
            <name>42600000382.0</name>
            <description>PIN: 42600000382.0&lt;br&gt;Wetland %: 0.00&lt;br&gt;Flood %: 100.00&lt;br&gt;Parcel area (m²): 526.57</description>
            <styleUrl>#1968899</styleUrl>
            <ExtendedData>
                <Data name="PIN">
                    <value>42600000382.0</value>
                </Data>
                <Data name="Wetland_%">
                    <value>0.00</value>
                </Data>
                <Data name="Flood_%">
                    <value>100.00</value>
                </Data>
                <Data name="Parcel_area_m2">
                    <value>526.57</value>
                </Data>
            </ExtendedData>
            <Polygon id="1968893">
                <outerBoundaryIs>
                    <LinearRing id="1968897">
                        <coordinates>-78.92612164695835,33.72242009439286,0.0 -78.92603974938623,33.72240549756372,0.0 -78.92603425941181,33.72242860788217,0.0 -78.9259613685353,33.72241570166505,0.0 -78.92600130941386,33.722259507132016,0.0 -78.92608238865463,33.72227392521037,0.0 -78.92608690002675,33.72225731408818,0.0 -78.92614749947684,33.72226830943685,0.0 -78.92614298019056,33.72228525053812,0.0 -78.92622323732974,33.72229965473627,0.0 -78.92618329287146,33.722456014328316,0.0 -78.92611614050453,33.722443891716026,0.0 -78.92612164695835,33.72242009439286,0.0</coordinates>
                    </LinearRing>
                </outerBoundaryIs>
            </Polygon>
        </Placemark>
        <Placemark id="1968908">
            <name>42603020009.0</name>
            <description>PIN: 42603020009.0&lt;br&gt;Wetland %: 0.00&lt;br&gt;Flood %: 100.00&lt;br&gt;Parcel area (m²): 161.41</description>
            <styleUrl>#1968913</styleUrl>
            <ExtendedData>
                <Data name="PIN">
                    <value>42603020009.0</value>
                </Data>
                <Data name="Wetland_%">
                    <value>0.00</value>
                </Data>
                <Data name="Flood_%">
                    <value>100.00</value>
                </Data>
                <Data name="Parcel_area_m2">
                    <value>161.41</value>
                </Data>
            </ExtendedData>
            <Polygon id="1968907">
                <outerBoundaryIs>
                    <LinearRing id="1968911">
                        <coordinates>-78.9279678834455,33.72213052722155,0.0 -78.9278836011474,33.72217558830287,0.0 -78.9278821116359,33.7221666368522,0.0 -78.9278823781199,33.722157601181316,0.0 -78.92788439374317,33.72214872199302,0.0 -78.92788810648582,33.7221402329198,0.0 -78.92789341594903,33.72213235956783,0.0 -78.92789907790241,33.722126844379396,0.0 -78.92790578069167,33.72212221519859,0.0 -78.92791333001378,33.722118607668044,0.0 -78.9279215031699,33.722116126288796,0.0 -78.9279300631138,33.72211484375359,0.0 -78.9279387585162,33.72211479824229,0.0 -78.92794733677698,33.72211599093383,0.0 -78.92795554618306,33.722118386042816,0.0 -78.9279631487691,33.72212191464243,0.0 -78.92798035238586,33.722130793870605,0.0 -78.9279987289221,33.72213784377382,0.0 -78.92801800027695,33.72214295867481,0.0 -78.92803787688925,33.72214606066437,0.0 -78.92805805870843,33.72214710412769,0.0 -78.92807824173305,33.722146073148004,0.0 -78.92809812012561,33.722142983345584,0.0 -78.92811739704509,33.72213788025588,0.0 -78.92813577918778,33.722130841943375,0.0 -78.92815299094308,33.72212197382756,0.0 -78.92816877221406,33.722111409547836,0.0 -78.92818288493453,33.722099309269126,0.0 -78.92819511643552,33.7220858543265,0.0 -78.9282052815601,33.72207124906447,0.0 -78.92821322935296,33.72205571192946,0.0 -78.92821883760098,33.72203947808443,0.0 -78.92822202269508,33.722022793260166,0.0 -78.92822273656616,33.7220059064887,0.0 -78.92822096871312,33.721989075548635,0.0 -78.92821674549172,33.72197255162053,0.0 -78.92821655927943,33.721971990200466,0.0 -78.92824349061773,33.72204882391542,0.0 -78.92825377628814,33.722076879683236,0.0 -78.92802020493741,33.72220082524593,0.0 -78.9279678834455,33.72213052722155,0.0</coordinates>
                    </LinearRing>
                </outerBoundaryIs>
            </Polygon>
        </Placemark>
        <Placemark id="1968922">
            <name>42603020033.0</name>
            <description>PIN: 42603020033.0&lt;br&gt;Wetland %: 0.00&lt;br&gt;Flood %: 100.00&lt;br&gt;Parcel area (m²): 1221.31</description>
            <styleUrl>#1968927</styleUrl>
            <ExtendedData>
                <Data name="PIN">
                    <value>42603020033.0</value>
                </Data>
                <Data name="Wetland_%">
                    <value>0.00</value>
                </Data>
                <Data name="Flood_%">
                    <value>100.00</value>
                </Data>
                <Data name="Parcel_area_m2">
                    <value>1221.31</value>
                </Data>
            </ExtendedData>
            <Polygon id="1968921">
                <outerBoundaryIs>
                    <LinearRing id="1968925">
                        <coordinates>-78.92707151502829,33.72273000945557,0.0 -78.92730188885308,33.72270980090326,0.0 -78.92733527013755,33.72296959665233,0.0 -78.92700865494456,33.72299785266537,0.0 -78.92699237557746,33.722866399027055,0.0 -78.926991284221,33.72284967862201,0.0 -78.92699264703083,33.72283297229893,0.0 -78.92699644398365,33.72281652955939,0.0 -78.92700261837217,33.72280059928966,0.0 -78.92701107708658,33.722785418040544,0.0 -78.92702169264281,33.72277121547294,0.0 -78.92703430559993,33.72275820357512,0.0 -78.92704872885471,33.72274657763673,0.0 -78.92707151502829,33.72273000945557,0.0</coordinates>
                    </LinearRing>
                </outerBoundaryIs>
            </Polygon>
        </Placemark>
        <Placemark id="1968936">
            <name>42603020051.0</name>
            <description>PIN: 42603020051.0&lt;br&gt;Wetland %: 24.00&lt;br&gt;Flood %: 100.00&lt;br&gt;Parcel area (m²): 703.81</description>
            <styleUrl>#1968941</styleUrl>
            <ExtendedData>
                <Data name="PIN">
                    <value>42603020051.0</value>
                </Data>
                <Data name="Wetland_%">
                    <value>24.00</value>
                </Data>
                <Data name="Flood_%">
                    <value>100.00</value>
                </Data>
                <Data name="Parcel_area_m2">
                    <value>703.81</value>
                </Data>
            </ExtendedData>
            <Polygon id="1968935">
                <outerBoundaryIs>
                    <LinearRing id="1968939">
                        <coordinates>-78.92662655526416,33.72244204945736,0.0 -78.926747932737,33.722353450390784,0.0 -78.92701453738108,33.722578791260624,0.0 -78.92694217809796,33.72263140058192,0.0 -78.9269270202959,33.72264314046558,0.0 -78.92691277547654,33.722655651477915,0.0 -78.92662655526416,33.72244204945736,0.0</coordinates>
                    </LinearRing>
                </outerBoundaryIs>
            </Polygon>
        </Placemark>
        <Placemark id="1968950">
            <name>42603020061.0</name>
            <description>PIN: 42603020061.0&lt;br&gt;Wetland %: 0.00&lt;br&gt;Flood %: 100.00&lt;br&gt;Parcel area (m²): 605.48</description>
            <styleUrl>#1968955</styleUrl>
            <ExtendedData>
                <Data name="PIN">
                    <value>42603020061.0</value>
                </Data>
                <Data name="Wetland_%">
                    <value>0.00</value>
                </Data>
                <Data name="Flood_%">
                    <value>100.00</value>
                </Data>
                <Data name="Parcel_area_m2">
                    <value>605.48</value>
                </Data>
            </ExtendedData>
            <Polygon id="1968949">
                <outerBoundaryIs>
                    <LinearRing id="1968953">
                        <coordinates>-78.92756790824046,33.72281104463817,0.0 -78.92789481326044,33.72278200733161,0.0 -78.92791049303877,33.72290512859219,0.0 -78.92758338329962,33.72293372687993,0.0 -78.92756790824046,33.72281104463817,0.0</coordinates>
                    </LinearRing>
                </outerBoundaryIs>
            </Polygon>
        </Placemark>
        <Placemark id="1968964">
            <name>45615010010.0</name>
            <description>PIN: 45615010010.0&lt;br&gt;Wetland %: 0.00&lt;br&gt;Flood %: 100.00&lt;br&gt;Parcel area (m²): 11521.84</description>
            <styleUrl>#1968969</styleUrl>
            <ExtendedData>
                <Data name="PIN">
                    <value>45615010010.0</value>
                </Data>
                <Data name="Wetland_%">
                    <value>0.00</value>
                </Data>
                <Data name="Flood_%">
                    <value>100.00</value>
                </Data>
                <Data name="Parcel_area_m2">
                    <value>11521.84</value>
                </Data>
            </ExtendedData>
            <Polygon id="1968963">
                <outerBoundaryIs>
                    <LinearRing id="1968967">
                        <coordinates>-79.07302851046289,33.621905737669366,0.0 -79.0732752453471,33.621376951364496,0.0 -79.07345394366315,33.621431283976136,0.0 -79.07373055800954,33.62151532235024,0.0 -79.07401288804515,33.62160099512579,0.0 -79.07431153966036,33.62169156032821,0.0 -79.07454409035536,33.62176236584643,0.0 -79.0743078248327,33.62230093955191,0.0 -79.07400512897776,33.62220739087408,0.0 -79.07371548529555,33.622117995443546,0.0 -79.07302851046289,33.621905737669366,0.0</coordinates>
                    </LinearRing>
                </outerBoundaryIs>
            </Polygon>
        </Placemark>
        <Placemark id="1968978">
            <name>45613040037.0</name>
            <description>PIN: 45613040037.0&lt;br&gt;Wetland %: 0.00&lt;br&gt;Flood %: 100.00&lt;br&gt;Parcel area (m²): 1171.88</description>
            <styleUrl>#1968983</styleUrl>
            <ExtendedData>
                <Data name="PIN">
                    <value>45613040037.0</value>
                </Data>
                <Data name="Wetland_%">
                    <value>0.00</value>
                </Data>
                <Data name="Flood_%">
                    <value>100.00</value>
                </Data>
                <Data name="Parcel_area_m2">
                    <value>1171.88</value>
                </Data>
            </ExtendedData>
            <Polygon id="1968977">
                <outerBoundaryIs>
                    <LinearRing id="1968981">
                        <coordinates>-79.05835175542965,33.61841107694235,0.0 -79.05835171579896,33.618411065496154,0.0 -79.0581334852072,33.6183468182866,0.0 -79.05813347127858,33.61834681445992,0.0 -79.05816491030924,33.618268197552865,0.0 -79.05821055152403,33.61815405853575,0.0 -79.05822385356471,33.61812079334619,0.0 -79.05847147895993,33.61818992464784,0.0 -79.05853517049995,33.618207704460325,0.0 -79.058535217654,33.61820771692667,0.0 -79.05851907661533,33.61824811419666,0.0 -79.05846725989497,33.61837779484922,0.0 -79.05843624095516,33.618436084369996,0.0 -79.05843620043801,33.618436160397316,0.0 -79.05843618758702,33.618436156587556,0.0 -79.05835175542965,33.61841107694235,0.0</coordinates>
                    </LinearRing>
                </outerBoundaryIs>
            </Polygon>
        </Placemark>
        <Placemark id="1968992">
            <name>45613040057.0</name>
            <description>PIN: 45613040057.0&lt;br&gt;Wetland %: 35.77&lt;br&gt;Flood %: 100.00&lt;br&gt;Parcel area (m²): 10611.35</description>
            <styleUrl>#1968997</styleUrl>
            <ExtendedData>
                <Data name="PIN">
                    <value>45613040057.0</value>
                </Data>
                <Data name="Wetland_%">
                    <value>35.77</value>
                </Data>
                <Data name="Flood_%">
                    <value>100.00</value>
                </Data>
                <Data name="Parcel_area_m2">
                    <value>10611.35</value>
                </Data>
            </ExtendedData>
            <Polygon id="1968991">
                <outerBoundaryIs>
                    <LinearRing id="1968995">
                        <coordinates>-79.05966997483948,33.61879958689333,0.0 -79.05905940664907,33.618620073304164,0.0 -79.05905353017566,33.61861834575576,0.0 -79.05904856618874,33.618616885989326,0.0 -79.05904852655786,33.618616874543335,0.0 -79.0590497081598,33.618615575388844,0.0 -79.05905453614169,33.61861027213499,0.0 -79.05905975543507,33.618604537593164,0.0 -79.05931096537341,33.61832855410081,0.0 -79.0594852453748,33.618128373857814,0.0 -79.05965468881955,33.617933173626135,0.0 -79.0602421295729,33.61812507174743,0.0 -79.06029851730257,33.61829460775046,0.0 -79.0600432289389,33.61890416458356,0.0 -79.05971525503357,33.61881227406398,0.0 -79.05966997483948,33.61879958689333,0.0</coordinates>
                    </LinearRing>
                </outerBoundaryIs>
            </Polygon>
        </Placemark>
        <Placemark id="1969006">
            <name>45613040033.0</name>
            <description>PIN: 45613040033.0&lt;br&gt;Wetland %: 0.03&lt;br&gt;Flood %: 100.00&lt;br&gt;Parcel area (m²): 1104.67</description>
            <styleUrl>#1969011</styleUrl>
            <ExtendedData>
                <Data name="PIN">
                    <value>45613040033.0</value>
                </Data>
                <Data name="Wetland_%">
                    <value>0.03</value>
                </Data>
                <Data name="Flood_%">
                    <value>100.00</value>
                </Data>
                <Data name="Parcel_area_m2">
                    <value>1104.67</value>
                </Data>
            </ExtendedData>
            <Polygon id="1969005">
                <outerBoundaryIs>
                    <LinearRing id="1969009">
                        <coordinates>-79.05906964558,33.618180860675054,0.0 -79.05915768320479,33.61808053411731,0.0 -79.05918980041784,33.61804393420736,0.0 -79.05919430498555,33.61803829305336,0.0 -79.05920277487157,33.61802769315144,0.0 -79.05921492008446,33.61801059756139,0.0 -79.05922541589504,33.617992829367516,0.0 -79.05923342878566,33.61797458923094,0.0 -79.05923344236525,33.617974560582496,0.0 -79.0594852453748,33.618128373857814,0.0 -79.05931096537341,33.61832855410081,0.0 -79.05930851729318,33.61832705811323,0.0 -79.05929244988329,33.61831722262529,0.0 -79.05906964558,33.618180860675054,0.0</coordinates>
                    </LinearRing>
                </outerBoundaryIs>
            </Polygon>
        </Placemark>
        <Placemark id="1969020">
            <name>45615010007.0</name>
            <description>PIN: 45615010007.0&lt;br&gt;Wetland %: 21.77&lt;br&gt;Flood %: 100.00&lt;br&gt;Parcel area (m²): 5274.79</description>
            <styleUrl>#1969025</styleUrl>
            <ExtendedData>
                <Data name="PIN">
                    <value>45615010007.0</value>
                </Data>
                <Data name="Wetland_%">
                    <value>21.77</value>
                </Data>
                <Data name="Flood_%">
                    <value>100.00</value>
                </Data>
                <Data name="Parcel_area_m2">
                    <value>5274.79</value>
                </Data>
            </ExtendedData>
            <Polygon id="1969019">
                <outerBoundaryIs>
                    <LinearRing id="1969023">
                        <coordinates>-79.07454409035536,33.62176236584643,0.0 -79.07431153966036,33.62169156032821,0.0 -79.07460476184336,33.62089705100208,0.0 -79.0750094073353,33.621011856469906,0.0 -79.07470810398152,33.62181217271719,0.0 -79.07454409035536,33.62176236584643,0.0</coordinates>
                    </LinearRing>
                </outerBoundaryIs>
            </Polygon>
        </Placemark>
        <Placemark id="1969034">
            <name>45615010004.0</name>
            <description>PIN: 45615010004.0&lt;br&gt;Wetland %: 0.00&lt;br&gt;Flood %: 100.00&lt;br&gt;Parcel area (m²): 3452.83</description>
            <styleUrl>#1969039</styleUrl>
            <ExtendedData>
                <Data name="PIN">
                    <value>45615010004.0</value>
                </Data>
                <Data name="Wetland_%">
                    <value>0.00</value>
                </Data>
                <Data name="Flood_%">
                    <value>100.00</value>
                </Data>
                <Data name="Parcel_area_m2">
                    <value>3452.83</value>
                </Data>
            </ExtendedData>
            <Polygon id="1969033">
                <outerBoundaryIs>
                    <LinearRing id="1969037">
                        <coordinates>-79.07345394366315,33.621431283976136,0.0 -79.07374874962582,33.620661327412165,0.0 -79.07375121870024,33.620654879241094,0.0 -79.07401013274,33.62072834005918,0.0 -79.07373055800954,33.62151532235024,0.0 -79.07345394366315,33.621431283976136,0.0</coordinates>
                    </LinearRing>
                </outerBoundaryIs>
            </Polygon>
        </Placemark>
        <Placemark id="1969048">
            <name>26308040007.0</name>
            <description>PIN: 26308040007.0&lt;br&gt;Wetland %: 0.00&lt;br&gt;Flood %: 100.00&lt;br&gt;Parcel area (m²): 5863.19</description>
            <styleUrl>#1969053</styleUrl>
            <ExtendedData>
                <Data name="PIN">
                    <value>26308040007.0</value>
                </Data>
                <Data name="Wetland_%">
                    <value>0.00</value>
                </Data>
                <Data name="Flood_%">
                    <value>100.00</value>
                </Data>
                <Data name="Parcel_area_m2">
                    <value>5863.19</value>
                </Data>
            </ExtendedData>
            <Polygon id="1969047">
                <outerBoundaryIs>
                    <LinearRing id="1969051">
                        <coordinates>-78.64821365293975,33.92797127568691,0.0 -78.64824749211738,33.9280262666468,0.0 -78.6483764318423,33.928110650723035,0.0 -78.64709217105094,33.92870501330467,0.0 -78.64685622118198,33.92840136845869,0.0 -78.64821365293975,33.92797127568691,0.0</coordinates>
                    </LinearRing>
                </outerBoundaryIs>
            </Polygon>
        </Placemark>
        <Placemark id="1969062">
            <name>26400000002.0</name>
            <description>PIN: 26400000002.0&lt;br&gt;Wetland %: 99.99&lt;br&gt;Flood %: 93.85&lt;br&gt;Parcel area (m²): 1438512.83</description>
            <styleUrl>#1969067</styleUrl>
            <ExtendedData>
                <Data name="PIN">
                    <value>26400000002.0</value>
                </Data>
                <Data name="Wetland_%">
                    <value>99.99</value>
                </Data>
                <Data name="Flood_%">
                    <value>93.85</value>
                </Data>
                <Data name="Parcel_area_m2">
                    <value>1438512.83</value>
                </Data>
            </ExtendedData>
            <Polygon id="1969061">
                <outerBoundaryIs>
                    <LinearRing id="1969065">
                        <coordinates>-78.64406873191417,33.9390378734433,0.0 -78.64410320262427,33.938730578108874,0.0 -78.64412472026926,33.93813356984332,0.0 -78.64481858016872,33.93760705938034,0.0 -78.64581304604809,33.93685223374918,0.0 -78.64706597058724,33.93569078829783,0.0 -78.64901929346118,33.93388092775431,0.0 -78.65239026588627,33.93075664741894,0.0 -78.65882236499685,33.93563982699646,0.0 -78.65922229207247,33.93594274195945,0.0 -78.65910861338209,33.93599935828944,0.0 -78.65880867053177,33.936143693630626,0.0 -78.6587217772694,33.93618552382139,0.0 -78.65843096050068,33.936327797395435,0.0 -78.65825098604137,33.93642680422,0.0 -78.65814003186749,33.936504434234955,0.0 -78.65809449672122,33.93666285276285,0.0 -78.65809109716986,33.936787874383405,0.0 -78.65818453771766,33.93686919408784,0.0 -78.65834669128604,33.936940470537536,0.0 -78.65859105040957,33.93699061809446,0.0 -78.65874042640067,33.937016291899496,0.0 -78.65878472991851,33.93702451734905,0.0 -78.65894389208962,33.937054155785574,0.0 -78.65913262510075,33.93714878486841,0.0 -78.65914271942928,33.93726272107418,0.0 -78.65913815946122,33.937430531739395,0.0 -78.6591380855136,33.93743325242287,0.0 -78.65909347950331,33.93755749684529,0.0 -78.65902002732025,33.937772262649744,0.0 -78.65890979313815,33.93779303279536,0.0 -78.65895439953536,33.93766878844622,0.0 -78.6588368551901,33.93747309811035,0.0 -78.6588402526536,33.9373480746669,0.0 -78.65877602556095,33.937314387093025,0.0 -78.65850368713993,33.93717109940725,0.0 -78.65827581080148,33.93703019690614,0.0 -78.65807420402922,33.93692398219564,0.0 -78.65775082704626,33.93674725485869,0.0 -78.65742734822791,33.93660471489337,0.0 -78.65711180114299,33.93665562602713,0.0 -78.6568761971433,33.93679893945778,0.0 -78.65673402130366,33.93702391577415,0.0 -78.65668600932194,33.93727318179226,0.0 -78.6567873766383,33.93754812399258,0.0 -78.65683434791924,33.93782203525977,0.0 -78.65686689471092,33.93814120782747,0.0 -78.65672286628373,33.938434191178786,0.0 -78.65672801365233,33.938729994081626,0.0 -78.65670956554743,33.93892311873306,0.0 -78.65679939930644,33.93910677485411,0.0 -78.65686254245547,33.939301439809746,0.0 -78.65686892686718,33.93943059950923,0.0 -78.65687160867981,33.939483571107324,0.0 -78.65664794041267,33.939672815069905,0.0 -78.65645209061799,33.939839732744204,0.0 -78.65636925843413,33.939883698158475,0.0 -78.6563133166849,33.939939514772355,0.0 -78.65617712323403,33.93991408736808,0.0 -78.65602928645845,33.939831739595725,0.0 -78.65589856007034,33.93963579637473,0.0 -78.65592525394052,33.93941241675361,0.0 -78.65598625203405,33.93889810380554,0.0 -78.65606239239833,33.93861517885532,0.0 -78.65627463607667,33.9378456479002,0.0 -78.65626557808672,33.9376633461463,0.0 -78.6560939504091,33.93745546088027,0.0 -78.65579427052911,33.9374382820537,0.0 -78.65564395973327,33.937446952178185,0.0 -78.65535405823456,33.93755521536341,0.0 -78.6551462643141,33.937676372933176,0.0 -78.65505941229414,33.93786802954055,0.0 -78.65494546530695,33.93802515294962,0.0 -78.65488580520925,33.938217496063025,0.0 -78.65487806716187,33.93850171432777,0.0 -78.65487187688885,33.938729089469916,0.0 -78.6544972810758,33.93894949605588,0.0 -78.65433192605234,33.939026092599114,0.0 -78.65396228527928,33.939064459914064,0.0 -78.65338607472057,33.939178813642876,0.0 -78.65316364445684,33.93932236772964,0.0 -78.65315109984462,33.93935907318869,0.0 -78.65308935180794,33.939537114326185,0.0 -78.65304318113735,33.939718372639355,0.0 -78.65313321435801,33.939924715695696,0.0 -78.6532656913945,33.940086502187306,0.0 -78.65362666804718,33.94036636079187,0.0 -78.65403081822171,33.940544627109176,0.0 -78.65434173769086,33.94066425850511,0.0 -78.65451707761501,33.94073595887603,0.0 -78.65474496227282,33.940876696875264,0.0 -78.65496337137623,33.94088082831026,0.0 -78.6565195458756,33.94087623234135,0.0 -78.65676035408107,33.9408754589081,0.0 -78.65689982621309,33.94090163488367,0.0 -78.65678454609946,33.94101681034002,0.0 -78.65650043794544,33.941093570727574,0.0 -78.65623148363939,33.94115893312029,0.0 -78.65582255017863,33.9411864262947,0.0 -78.65551265273943,33.941180566317975,0.0 -78.6550610492141,33.941230616833536,0.0 -78.65436672729803,33.94138174330865,0.0 -78.65368481410653,33.94159186451935,0.0 -78.65336012891805,33.94164448307131,0.0 -78.65297999247522,33.9416137473402,0.0 -78.65264449140459,33.94154880403229,0.0 -78.65240177622799,33.94164970652293,0.0 -78.6519635383301,33.94172353797616,0.0 -78.65167928776538,33.941835508537146,0.0 -78.65150968559136,33.941855835872744,0.0 -78.65118545728168,33.941861376598105,0.0 -78.65105564898342,33.94196458868368,0.0 -78.65090913850216,33.94219652148211,0.0 -78.65094605283545,33.94238502288818,0.0 -78.65109620769196,33.94256381366012,0.0 -78.65125986790885,33.94273117534072,0.0 -78.65149523238303,33.94290006554672,0.0 -78.65166099767053,33.943020561603696,0.0 -78.65157450718235,33.94307751480603,0.0 -78.65137848113712,33.94303857862963,0.0 -78.65114009637527,33.94301069394893,0.0 -78.65091444912092,33.943029787324434,0.0 -78.65069929038316,33.943178287695005,0.0 -78.65027995041437,33.94364731931529,0.0 -78.65024219847902,33.94370107159837,0.0 -78.6501963048402,33.943690578895286,0.0 -78.65016877043082,33.9436419470921,0.0 -78.65011186152563,33.943612003408674,0.0 -78.65006561235148,33.943644802865236,0.0 -78.65002247499393,33.943744845639756,0.0 -78.65001408590821,33.94384073423917,0.0 -78.65008394014825,33.94400065059577,0.0 -78.65021772379836,33.94425767552402,0.0 -78.65011194902365,33.94416789313086,0.0 -78.6463373180055,33.940963757709255,0.0 -78.64599632351009,33.94067428407487,0.0 -78.64453328942449,33.939432263979725,0.0 -78.64406873191417,33.9390378734433,0.0</coordinates>
                    </LinearRing>
                </outerBoundaryIs>
            </Polygon>
        </Placemark>
        <Placemark id="1969076">
            <name>26308040008.0</name>
            <description>PIN: 26308040008.0&lt;br&gt;Wetland %: 0.00&lt;br&gt;Flood %: 100.00&lt;br&gt;Parcel area (m²): 21594.31</description>
            <styleUrl>#1969081</styleUrl>
            <ExtendedData>
                <Data name="PIN">
                    <value>26308040008.0</value>
                </Data>
                <Data name="Wetland_%">
                    <value>0.00</value>
                </Data>
                <Data name="Flood_%">
                    <value>100.00</value>
                </Data>
                <Data name="Parcel_area_m2">
                    <value>21594.31</value>
                </Data>
            </ExtendedData>
            <Polygon id="1969075">
                <outerBoundaryIs>
                    <LinearRing id="1969079">
                        <coordinates>-78.64630783209579,33.9275564034351,0.0 -78.64779544605081,33.92709477365746,0.0 -78.64821365293975,33.92797127568691,0.0 -78.64685622118198,33.92840136845869,0.0 -78.64655500479977,33.92795508574631,0.0 -78.64649334144781,33.927858209682306,0.0 -78.6464110961844,33.92773001482875,0.0 -78.64636527039796,33.92765697946808,0.0 -78.6463297982928,33.92759737142953,0.0 -78.64630783209579,33.9275564034351,0.0</coordinates>
                    </LinearRing>
                </outerBoundaryIs>
            </Polygon>
        </Placemark>
        <Placemark id="1969090">
            <name>26400000005.0</name>
            <description>PIN: 26400000005.0&lt;br&gt;Wetland %: 27.33&lt;br&gt;Flood %: 98.78&lt;br&gt;Parcel area (m²): 151025.07</description>
            <styleUrl>#1969095</styleUrl>
            <ExtendedData>
                <Data name="PIN">
                    <value>26400000005.0</value>
                </Data>
                <Data name="Wetland_%">
                    <value>27.33</value>
                </Data>
                <Data name="Flood_%">
                    <value>98.78</value>
                </Data>
                <Data name="Parcel_area_m2">
                    <value>151025.07</value>
                </Data>
            </ExtendedData>
            <Polygon id="1969089">
                <outerBoundaryIs>
                    <LinearRing id="1969093">
                        <coordinates>-78.65109775389537,33.92357798441044,0.0 -78.6512659155184,33.923578936861155,0.0 -78.6512840476184,33.923579109071696,0.0 -78.65161789519394,33.92358113860818,0.0 -78.65281420488401,33.923579914452354,0.0 -78.65392559907127,33.92357861839971,0.0 -78.65427096685971,33.92358137385253,0.0 -78.65445312971534,33.92358293149206,0.0 -78.65453061495778,33.92358336589963,0.0 -78.6550603800162,33.924171916613844,0.0 -78.65454064450516,33.924093181182606,0.0 -78.65481675549954,33.925822473827814,0.0 -78.65224484566873,33.92734923046558,0.0 -78.6520195816676,33.9271743432978,0.0 -78.65153299331834,33.927088836487236,0.0 -78.65117416241635,33.92685351268026,0.0 -78.65072445787685,33.92686681229808,0.0 -78.65208634427853,33.9256020560225,0.0 -78.65109775389537,33.92357798441044,0.0</coordinates>
                    </LinearRing>
                </outerBoundaryIs>
            </Polygon>
        </Placemark>
        <Placemark id="1969104">
            <name>32408020001.0</name>
            <description>PIN: 32408020001.0&lt;br&gt;Wetland %: 0.00&lt;br&gt;Flood %: 100.00&lt;br&gt;Parcel area (m²): 1200.56</description>
            <styleUrl>#1969109</styleUrl>
            <ExtendedData>
                <Data name="PIN">
                    <value>32408020001.0</value>
                </Data>
                <Data name="Wetland_%">
                    <value>0.00</value>
                </Data>
                <Data name="Flood_%">
                    <value>100.00</value>
                </Data>
                <Data name="Parcel_area_m2">
                    <value>1200.56</value>
                </Data>
            </ExtendedData>
            <Polygon id="1969103">
                <outerBoundaryIs>
                    <LinearRing id="1969107">
                        <coordinates>-79.0410826814969,33.88142473475618,0.0 -79.0414050701664,33.881210458423844,0.0 -79.04155094936205,33.88136296083667,0.0 -79.0412287593802,33.8815772406856,0.0 -79.0410826814969,33.88142473475618,0.0</coordinates>
                    </LinearRing>
                </outerBoundaryIs>
            </Polygon>
        </Placemark>
        <Placemark id="1969118">
            <name>31500000016.0</name>
            <description>PIN: 31500000016.0&lt;br&gt;Wetland %: 24.15&lt;br&gt;Flood %: 100.00&lt;br&gt;Parcel area (m²): 114701.69</description>
            <styleUrl>#1969123</styleUrl>
            <ExtendedData>
                <Data name="PIN">
                    <value>31500000016.0</value>
                </Data>
                <Data name="Wetland_%">
                    <value>24.15</value>
                </Data>
                <Data name="Flood_%">
                    <value>100.00</value>
                </Data>
                <Data name="Parcel_area_m2">
                    <value>114701.69</value>
                </Data>
            </ExtendedData>
            <Polygon id="1969117">
                <outerBoundaryIs>
                    <LinearRing id="1969121">
                        <coordinates>-78.73102589975085,33.861168981488724,0.0 -78.73092343630712,33.8611032409577,0.0 -78.73033205707313,33.860574767366124,0.0 -78.72947769346325,33.860803427264635,0.0 -78.72946794184105,33.86062231360042,0.0 -78.7294877133936,33.860215629303624,0.0 -78.72950283733203,33.86004803547342,0.0 -78.72951788553104,33.85969556017609,0.0 -78.72953509129803,33.85944879426159,0.0 -78.72954166112794,33.85935578556004,0.0 -78.72955409381811,33.85897748991778,0.0 -78.72955838426402,33.858806089647125,0.0 -78.7295699293832,33.85834478556423,0.0 -78.72957122298827,33.85829566827646,0.0 -78.72960862220006,33.85772006027597,0.0 -78.72960943864213,33.85770749121901,0.0 -78.72962770922821,33.857708030876836,0.0 -78.73287003408676,33.857806827069425,0.0 -78.73290460509084,33.85791032732978,0.0 -78.73289568932925,33.8579673811685,0.0 -78.73289349708524,33.85798813190234,0.0 -78.7328907798734,33.85802880342723,0.0 -78.73288991268788,33.85806177819755,0.0 -78.73289159813817,33.85809170600168,0.0 -78.73289499601154,33.85811908737574,0.0 -78.73291056689442,33.85818483685611,0.0 -78.73292799904812,33.85824254523935,0.0 -78.73296341469577,33.858336834878294,0.0 -78.73297794400246,33.85837954209433,0.0 -78.7329854193875,33.85840854584322,0.0 -78.73298614344392,33.85841233917014,0.0 -78.73298975124678,33.8584318214919,0.0 -78.73299164683145,33.85845367797571,0.0 -78.73299081838933,33.85851654859789,0.0 -78.73298946094627,33.858536799596784,0.0 -78.73298735453194,33.85855428684012,0.0 -78.7329844620934,33.85857021375343,0.0 -78.7329791444088,33.85858454852939,0.0 -78.73297128094536,33.858601586754986,0.0 -78.73295927993799,33.8586194097087,0.0 -78.73294395823002,33.85863820010338,0.0 -78.73292190349942,33.858662368250876,0.0 -78.73290248615439,33.85868022591941,0.0 -78.73285368462304,33.85871902296853,0.0 -78.73284187219168,33.85872963285797,0.0 -78.73283336016674,33.858740129082676,0.0 -78.73281543839961,33.858763684675935,0.0 -78.73277346034978,33.858824944299315,0.0 -78.73274204732398,33.85886440414782,0.0 -78.73269337699595,33.858925541240005,0.0 -78.73268565909076,33.85893708292099,0.0 -78.73267873745448,33.85894967191107,0.0 -78.73266810423144,33.85897817190934,0.0 -78.73265982402819,33.85901101006864,0.0 -78.73265281792308,33.85905813228792,0.0 -78.7326192826726,33.859111643524685,0.0 -78.73258982840134,33.85916660222942,0.0 -78.73257671710802,33.8591952282253,0.0 -78.73255306972835,33.85924857591223,0.0 -78.7325371480728,33.85929020889192,0.0 -78.7325254361859,33.859328312038414,0.0 -78.73251873713275,33.85936375690742,0.0 -78.73251345112799,33.85940816146249,0.0 -78.73251208910071,33.85942858193724,0.0 -78.73133154091929,33.859209885913415,0.0 -78.73113329384574,33.86118935576336,0.0 -78.73105813429926,33.86116105396183,0.0 -78.73102589975085,33.861168981488724,0.0</coordinates>
                    </LinearRing>
                </outerBoundaryIs>
            </Polygon>
        </Placemark>
        <Placemark id="1969132">
            <name>34802020004.0</name>
            <description>PIN: 34802020004.0&lt;br&gt;Wetland %: 0.00&lt;br&gt;Flood %: 100.00&lt;br&gt;Parcel area (m²): 3921.52</description>
            <styleUrl>#1969137</styleUrl>
            <ExtendedData>
                <Data name="PIN">
                    <value>34802020004.0</value>
                </Data>
                <Data name="Wetland_%">
                    <value>0.00</value>
                </Data>
                <Data name="Flood_%">
                    <value>100.00</value>
                </Data>
                <Data name="Parcel_area_m2">
                    <value>3921.52</value>
                </Data>
            </ExtendedData>
            <Polygon id="1969131">
                <outerBoundaryIs>
                    <LinearRing id="1969135">
                        <coordinates>-78.73635188471974,33.85826873795963,0.0 -78.73688708083131,33.85818521783609,0.0 -78.73703609064744,33.85816042648135,0.0 -78.73713572210438,33.85846865080669,0.0 -78.73700095662689,33.85851090272779,0.0 -78.73681276898677,33.858567801929176,0.0 -78.7368075206775,33.85856938816523,0.0 -78.73675735100164,33.85858455679599,0.0 -78.73645238756494,33.85867676239333,0.0 -78.73643261111384,33.85861420161506,0.0 -78.73639515610496,33.85847193534129,0.0 -78.73637192000241,33.85838422448958,0.0 -78.73635188471974,33.85826873795963,0.0</coordinates>
                    </LinearRing>
                </outerBoundaryIs>
            </Polygon>
        </Placemark>
        <Placemark id="1969146">
            <name>34802020005.0</name>
            <description>PIN: 34802020005.0&lt;br&gt;Wetland %: 17.74&lt;br&gt;Flood %: 100.00&lt;br&gt;Parcel area (m²): 2690.40</description>
            <styleUrl>#1969151</styleUrl>
            <ExtendedData>
                <Data name="PIN">
                    <value>34802020005.0</value>
                </Data>
                <Data name="Wetland_%">
                    <value>17.74</value>
                </Data>
                <Data name="Flood_%">
                    <value>100.00</value>
                </Data>
                <Data name="Parcel_area_m2">
                    <value>2690.40</value>
                </Data>
            </ExtendedData>
            <Polygon id="1969145">
                <outerBoundaryIs>
                    <LinearRing id="1969149">
                        <coordinates>-78.73630173870976,33.857982252421955,0.0 -78.7362942585061,33.85793951661531,0.0 -78.73629373300186,33.85793651434112,0.0 -78.7368294841992,33.85796487076709,0.0 -78.73697654599673,33.857972224558836,0.0 -78.73703609064744,33.85816042648135,0.0 -78.73688708083131,33.85818521783609,0.0 -78.73635188471974,33.85826873795963,0.0 -78.73630173870976,33.857982252421955,0.0</coordinates>
                    </LinearRing>
                </outerBoundaryIs>
            </Polygon>
        </Placemark>
        <Placemark id="1969160">
            <name>29613030002.0</name>
            <description>PIN: 29613030002.0&lt;br&gt;Wetland %: 0.00&lt;br&gt;Flood %: 100.00&lt;br&gt;Parcel area (m²): 4869.55</description>
            <styleUrl>#1969165</styleUrl>
            <ExtendedData>
                <Data name="PIN">
                    <value>29613030002.0</value>
                </Data>
                <Data name="Wetland_%">
                    <value>0.00</value>
                </Data>
                <Data name="Flood_%">
                    <value>100.00</value>
                </Data>
                <Data name="Parcel_area_m2">
                    <value>4869.55</value>
                </Data>
            </ExtendedData>
            <Polygon id="1969159">
                <outerBoundaryIs>
                    <LinearRing id="1969163">
                        <coordinates>-78.9464277911663,33.890634475574686,0.0 -78.94665834941759,33.89050394963857,0.0 -78.9470534682575,33.89028025666086,0.0 -78.94719905314113,33.890464963498104,0.0 -78.94737025636248,33.890681191310925,0.0 -78.9467900610416,33.89095953513607,0.0 -78.94665047763941,33.890834317727744,0.0 -78.94648507479937,33.89068593793424,0.0 -78.94648184524493,33.89068313540487,0.0 -78.94647861460969,33.890680332857485,0.0 -78.9464277911663,33.890634475574686,0.0</coordinates>
                    </LinearRing>
                </outerBoundaryIs>
            </Polygon>
        </Placemark>
        <Placemark id="1969174">
            <name>32204020006.0</name>
            <description>PIN: 32204020006.0&lt;br&gt;Wetland %: 0.00&lt;br&gt;Flood %: 100.00&lt;br&gt;Parcel area (m²): 3368.86</description>
            <styleUrl>#1969179</styleUrl>
            <ExtendedData>
                <Data name="PIN">
                    <value>32204020006.0</value>
                </Data>
                <Data name="Wetland_%">
                    <value>0.00</value>
                </Data>
                <Data name="Flood_%">
                    <value>100.00</value>
                </Data>
                <Data name="Parcel_area_m2">
                    <value>3368.86</value>
                </Data>
            </ExtendedData>
            <Polygon id="1969173">
                <outerBoundaryIs>
                    <LinearRing id="1969177">
                        <coordinates>-78.94780322793437,33.88938705149699,0.0 -78.94812097476452,33.88919386944538,0.0 -78.94852054330525,33.88964840406046,0.0 -78.94840930829754,33.88971700560058,0.0 -78.94819435676898,33.889849864851534,0.0 -78.94780322793437,33.88938705149699,0.0</coordinates>
                    </LinearRing>
                </outerBoundaryIs>
            </Polygon>
        </Placemark>
        <Placemark id="1969188">
            <name>18600000030.0</name>
            <description>PIN: 18600000030.0&lt;br&gt;Wetland %: 19.58&lt;br&gt;Flood %: 100.00&lt;br&gt;Parcel area (m²): 142325.99</description>
            <styleUrl>#1969193</styleUrl>
            <ExtendedData>
                <Data name="PIN">
                    <value>18600000030.0</value>
                </Data>
                <Data name="Wetland_%">
                    <value>19.58</value>
                </Data>
                <Data name="Flood_%">
                    <value>100.00</value>
                </Data>
                <Data name="Parcel_area_m2">
                    <value>142325.99</value>
                </Data>
            </ExtendedData>
            <Polygon id="1969187">
                <outerBoundaryIs>
                    <LinearRing id="1969191">
                        <coordinates>-78.88542923059536,34.03986556362201,0.0 -78.8830921000737,34.039667319652466,0.0 -78.88257278826192,34.04131297806558,0.0 -78.88205832209903,34.04125231578892,0.0 -78.88099441195719,34.03888372101009,0.0 -78.88674375853422,34.039767754915474,0.0 -78.88780092421575,34.04043004090258,0.0 -78.88782417876054,34.04050010692331,0.0 -78.8878665069836,34.04059171334371,0.0 -78.88804126409492,34.04097197703976,0.0 -78.8880772946955,34.04108478135089,0.0 -78.88811798864018,34.04124302237896,0.0 -78.88814746204544,34.04138749917908,0.0 -78.88815633760203,34.04146307266925,0.0 -78.88815634845038,34.04146316033627,0.0 -78.8881667066917,34.041545019905485,0.0 -78.88816670859201,34.041545030760375,0.0 -78.8881735460536,34.04160287557258,0.0 -78.88818316863075,34.04174890315813,0.0 -78.88818353686716,34.04193566546392,0.0 -78.88818011677566,34.0420077667489,0.0 -78.88817173057241,34.04211397383813,0.0 -78.88816108491139,34.04221137800799,0.0 -78.8881548750704,34.04226247302205,0.0 -78.88700257019327,34.04225609299681,0.0 -78.88676484494485,34.042254795033244,0.0 -78.88666578715672,34.04225448216119,0.0 -78.88645800477168,34.041639307723415,0.0 -78.88525589816754,34.041610587760985,0.0 -78.88542923059536,34.03986556362201,0.0</coordinates>
                    </LinearRing>
                </outerBoundaryIs>
            </Polygon>
        </Placemark>
        <Placemark id="1969202">
            <name>18606030002.0</name>
            <description>PIN: 18606030002.0&lt;br&gt;Wetland %: 96.22&lt;br&gt;Flood %: 100.00&lt;br&gt;Parcel area (m²): 27660.66</description>
            <styleUrl>#1969207</styleUrl>
            <ExtendedData>
                <Data name="PIN">
                    <value>18606030002.0</value>
                </Data>
                <Data name="Wetland_%">
                    <value>96.22</value>
                </Data>
                <Data name="Flood_%">
                    <value>100.00</value>
                </Data>
                <Data name="Parcel_area_m2">
                    <value>27660.66</value>
                </Data>
            </ExtendedData>
            <Polygon id="1969201">
                <outerBoundaryIs>
                    <LinearRing id="1969205">
                        <coordinates>-78.88838237467343,34.04211731295193,0.0 -78.88839782689864,34.042017311945486,0.0 -78.88840139534663,34.04193902718232,0.0 -78.88840124067059,34.041743678105,0.0 -78.88839101068514,34.04158870527731,0.0 -78.8883635213265,34.04136334105176,0.0 -78.88833181963255,34.04120869016202,0.0 -78.88828883632492,34.04104285069612,0.0 -78.88824901149081,34.04091640949379,0.0 -78.8880726844091,34.04053285457697,0.0 -78.88801791885594,34.04040065398578,0.0 -78.88974236011488,34.041219340289494,0.0 -78.8897380155162,34.04129703198124,0.0 -78.8897529759515,34.0422118607108,0.0 -78.88838237467343,34.04211731295193,0.0</coordinates>
                    </LinearRing>
                </outerBoundaryIs>
            </Polygon>
        </Placemark>
        <Placemark id="1969216">
            <name>12600000023.0</name>
            <description>PIN: 12600000023.0&lt;br&gt;Wetland %: 31.86&lt;br&gt;Flood %: 100.00&lt;br&gt;Parcel area (m²): 173669.23</description>
            <styleUrl>#1969221</styleUrl>
            <ExtendedData>
                <Data name="PIN">
                    <value>12600000023.0</value>
                </Data>
                <Data name="Wetland_%">
                    <value>31.86</value>
                </Data>
                <Data name="Flood_%">
                    <value>100.00</value>
                </Data>
                <Data name="Parcel_area_m2">
                    <value>173669.23</value>
                </Data>
            </ExtendedData>
            <Polygon id="1969215">
                <outerBoundaryIs>
                    <LinearRing id="1969219">
                        <coordinates>-78.94556816932128,34.17076575511444,0.0 -78.94484972567642,34.17052298257,0.0 -78.94468238531543,34.170502349872336,0.0 -78.9444228833459,34.17046352810504,0.0 -78.94416890401618,34.17036655741574,0.0 -78.94380918052425,34.169955505098876,0.0 -78.94343319357532,34.16970584587116,0.0 -78.94293311770063,34.16970101013143,0.0 -78.94255309727073,34.16941279913083,0.0 -78.94263370297145,34.168877944923544,0.0 -78.94186302949375,34.16843517531571,0.0 -78.94152444045923,34.1680399286209,0.0 -78.94118722623934,34.168139314787965,0.0 -78.94112090266256,34.16687084828174,0.0 -78.94111011341928,34.16658444692053,0.0 -78.94122658798516,34.16628656611678,0.0 -78.94125794441668,34.166029575417035,0.0 -78.94124292974645,34.16594683651464,0.0 -78.94208847215027,34.16587348546125,0.0 -78.94299310453026,34.16579500100461,0.0 -78.94321390356116,34.16577584415379,0.0 -78.94321399251518,34.165776433623954,0.0 -78.94335022709416,34.16667959292084,0.0 -78.94356253901235,34.16689338938412,0.0 -78.94478310208072,34.16677904424056,0.0 -78.9447878237873,34.16681033128773,0.0 -78.94432147745884,34.16685903691533,0.0 -78.9444445622274,34.167761304270776,0.0 -78.94493665284838,34.16771927252308,0.0 -78.94494302591744,34.16771872855247,0.0 -78.94495536002097,34.16773527012635,0.0 -78.9449690939593,34.167751031302124,0.0 -78.9449841558825,34.167765931529864,0.0 -78.94500046739005,34.167779891955135,0.0 -78.94500469069273,34.1677931529393,0.0 -78.94599443307837,34.17090040015589,0.0 -78.94556816932128,34.17076575511444,0.0</coordinates>
                    </LinearRing>
                </outerBoundaryIs>
            </Polygon>
        </Placemark>
        <Placemark id="1969230">
            <name>12709040002.0</name>
            <description>PIN: 12709040002.0&lt;br&gt;Wetland %: 0.03&lt;br&gt;Flood %: 100.00&lt;br&gt;Parcel area (m²): 17786.42</description>
            <styleUrl>#1969235</styleUrl>
            <ExtendedData>
                <Data name="PIN">
                    <value>12709040002.0</value>
                </Data>
                <Data name="Wetland_%">
                    <value>0.03</value>
                </Data>
                <Data name="Flood_%">
                    <value>100.00</value>
                </Data>
                <Data name="Parcel_area_m2">
                    <value>17786.42</value>
                </Data>
            </ExtendedData>
            <Polygon id="1969229">
                <outerBoundaryIs>
                    <LinearRing id="1969233">
                        <coordinates>-78.93899170120437,34.173209838364436,0.0 -78.9398851451722,34.17188619805695,0.0 -78.94057244357415,34.1721852160464,0.0 -78.9397000681243,34.173510696415704,0.0 -78.93954153733596,34.173438616036016,0.0 -78.93907097372816,34.173242984614355,0.0 -78.93899170120437,34.173209838364436,0.0</coordinates>
                    </LinearRing>
                </outerBoundaryIs>
            </Polygon>
        </Placemark>
        <Placemark id="1969244">
            <name>25911010006.0</name>
            <description>PIN: 25911010006.0&lt;br&gt;Wetland %: 0.00&lt;br&gt;Flood %: 100.00&lt;br&gt;Parcel area (m²): 5115.42</description>
            <styleUrl>#1969249</styleUrl>
            <ExtendedData>
                <Data name="PIN">
                    <value>25911010006.0</value>
                </Data>
                <Data name="Wetland_%">
                    <value>0.00</value>
                </Data>
                <Data name="Flood_%">
                    <value>100.00</value>
                </Data>
                <Data name="Parcel_area_m2">
                    <value>5115.42</value>
                </Data>
            </ExtendedData>
            <Polygon id="1969243">
                <outerBoundaryIs>
                    <LinearRing id="1969247">
                        <coordinates>-78.6962778801862,33.954417356824834,0.0 -78.6973667547716,33.95428504285281,0.0 -78.69739952035825,33.95449360099354,0.0 -78.69676991449163,33.95470978035932,0.0 -78.6967829171497,33.954787854534494,0.0 -78.69645199594535,33.95480623732517,0.0 -78.69645005738883,33.95478127808505,0.0 -78.6962778801862,33.954417356824834,0.0</coordinates>
                    </LinearRing>
                </outerBoundaryIs>
            </Polygon>
        </Placemark>
        <Placemark id="1969258">
            <name>25906040012.0</name>
            <description>PIN: 25906040012.0&lt;br&gt;Wetland %: 0.00&lt;br&gt;Flood %: 100.00&lt;br&gt;Parcel area (m²): 6588.94</description>
            <styleUrl>#1969263</styleUrl>
            <ExtendedData>
                <Data name="PIN">
                    <value>25906040012.0</value>
                </Data>
                <Data name="Wetland_%">
                    <value>0.00</value>
                </Data>
                <Data name="Flood_%">
                    <value>100.00</value>
                </Data>
                <Data name="Parcel_area_m2">
                    <value>6588.94</value>
                </Data>
            </ExtendedData>
            <Polygon id="1969257">
                <outerBoundaryIs>
                    <LinearRing id="1969261">
                        <coordinates>-78.69494593984774,33.955830489345146,0.0 -78.6949390479893,33.955684268158066,0.0 -78.69574706734696,33.95559558135247,0.0 -78.69619366390802,33.955550024925934,0.0 -78.69623663983211,33.95581952030425,0.0 -78.69624008606944,33.95588922197489,0.0 -78.69495958282884,33.95602937566253,0.0 -78.69494593984774,33.955830489345146,0.0</coordinates>
                    </LinearRing>
                </outerBoundaryIs>
            </Polygon>
        </Placemark>
        <Placemark id="1969272">
            <name>25906040014.0</name>
            <description>PIN: 25906040014.0&lt;br&gt;Wetland %: 0.00&lt;br&gt;Flood %: 100.00&lt;br&gt;Parcel area (m²): 7405.86</description>
            <styleUrl>#1969277</styleUrl>
            <ExtendedData>
                <Data name="PIN">
                    <value>25906040014.0</value>
                </Data>
                <Data name="Wetland_%">
                    <value>0.00</value>
                </Data>
                <Data name="Flood_%">
                    <value>100.00</value>
                </Data>
                <Data name="Parcel_area_m2">
                    <value>7405.86</value>
                </Data>
            </ExtendedData>
            <Polygon id="1969271">
                <outerBoundaryIs>
                    <LinearRing id="1969275">
                        <coordinates>-78.69477227966384,33.954412833889506,0.0 -78.69569662804142,33.95442121386623,0.0 -78.69587758512658,33.954422993651406,0.0 -78.69606737085788,33.9548317938583,0.0 -78.69586078899839,33.95484217434666,0.0 -78.69493704518234,33.95488333410063,0.0 -78.69477227966384,33.954412833889506,0.0</coordinates>
                    </LinearRing>
                </outerBoundaryIs>
            </Polygon>
        </Placemark>
        <Placemark id="1969286">
            <name>25906040010.0</name>
            <description>PIN: 25906040010.0&lt;br&gt;Wetland %: 0.00&lt;br&gt;Flood %: 100.00&lt;br&gt;Parcel area (m²): 6760.56</description>
            <styleUrl>#1969291</styleUrl>
            <ExtendedData>
                <Data name="PIN">
                    <value>25906040010.0</value>
                </Data>
                <Data name="Wetland_%">
                    <value>0.00</value>
                </Data>
                <Data name="Flood_%">
                    <value>100.00</value>
                </Data>
                <Data name="Parcel_area_m2">
                    <value>6760.56</value>
                </Data>
            </ExtendedData>
            <Polygon id="1969285">
                <outerBoundaryIs>
                    <LinearRing id="1969289">
                        <coordinates>-78.69570392468867,33.956853114174905,0.0 -78.6956438124698,33.95647338567788,0.0 -78.69615703738269,33.95641644757788,0.0 -78.69621460336177,33.95678187698298,0.0 -78.69621669639226,33.956795721813435,0.0 -78.69630888273866,33.95740577176697,0.0 -78.69602802955794,33.957517464602546,0.0 -78.69601122771623,33.95752414693846,0.0 -78.69576769469973,33.956844520392934,0.0 -78.69570392468867,33.956853114174905,0.0</coordinates>
                    </LinearRing>
                </outerBoundaryIs>
            </Polygon>
        </Placemark>
        <Placemark id="1969300">
            <name>25900000014.0</name>
            <description>PIN: 25900000014.0&lt;br&gt;Wetland %: 12.90&lt;br&gt;Flood %: 21.90&lt;br&gt;Parcel area (m²): 97217.24</description>
            <styleUrl>#1969305</styleUrl>
            <ExtendedData>
                <Data name="PIN">
                    <value>25900000014.0</value>
                </Data>
                <Data name="Wetland_%">
                    <value>12.90</value>
                </Data>
                <Data name="Flood_%">
                    <value>21.90</value>
                </Data>
                <Data name="Parcel_area_m2">
                    <value>97217.24</value>
                </Data>
            </ExtendedData>
            <Polygon id="1969299">
                <outerBoundaryIs>
                    <LinearRing id="1969303">
                        <coordinates>-78.68744964167274,33.947857526870536,0.0 -78.68832250386045,33.94768940139634,0.0 -78.6883850937226,33.94767737926432,0.0 -78.68839328236393,33.947692606059974,0.0 -78.6890690344626,33.948949234225196,0.0 -78.68947009389056,33.949695025570044,0.0 -78.69133407281099,33.95140270615852,0.0 -78.6915717655876,33.95162046087898,0.0 -78.69189246474639,33.95174488625977,0.0 -78.69311091681145,33.95221761339471,0.0 -78.69311943663526,33.952316070549955,0.0 -78.69315772495409,33.95270865700609,0.0 -78.69319354025872,33.953172602030875,0.0 -78.6910127162607,33.952266540328736,0.0 -78.68869111771117,33.95017886661663,0.0 -78.68814838897245,33.9491640758593,0.0 -78.68746356177581,33.94788355403479,0.0 -78.68744964167274,33.947857526870536,0.0</coordinates>
                    </LinearRing>
                </outerBoundaryIs>
            </Polygon>
        </Placemark>
        <Placemark id="1969314">
            <name>25900000012.0</name>
            <description>PIN: 25900000012.0&lt;br&gt;Wetland %: 13.67&lt;br&gt;Flood %: 33.36&lt;br&gt;Parcel area (m²): 99915.18</description>
            <styleUrl>#1969319</styleUrl>
            <ExtendedData>
                <Data name="PIN">
                    <value>25900000012.0</value>
                </Data>
                <Data name="Wetland_%">
                    <value>13.67</value>
                </Data>
                <Data name="Flood_%">
                    <value>33.36</value>
                </Data>
                <Data name="Parcel_area_m2">
                    <value>99915.18</value>
                </Data>
            </ExtendedData>
            <Polygon id="1969313">
                <outerBoundaryIs>
                    <LinearRing id="1969317">
                        <coordinates>-78.68577353303763,33.948182638325854,0.0 -78.68652452630158,33.94803610878834,0.0 -78.686545685067,33.94807209686431,0.0 -78.68675961795506,33.948435962623975,0.0 -78.68739478695097,33.949516262207084,0.0 -78.6880251362445,33.95058833438949,0.0 -78.6905012894593,33.952813167257396,0.0 -78.69051332270804,33.95282397834146,0.0 -78.69136867509317,33.95318015326553,0.0 -78.69325489500866,33.95396834809626,0.0 -78.69329321151864,33.954511887661475,0.0 -78.69329322613686,33.95451206922291,0.0 -78.6932953558809,33.95453955390573,0.0 -78.69323726140492,33.954633457134136,0.0 -78.69306888865549,33.95456370670539,0.0 -78.6919797352152,33.95411250520449,0.0 -78.69189056317514,33.95407556334825,0.0 -78.69094429886123,33.95368354297371,0.0 -78.6903439086398,33.95343480667228,0.0 -78.69021656776663,33.95338204964476,0.0 -78.68984888470497,33.95312461248656,0.0 -78.68790707044109,33.95137642854926,0.0 -78.68750869873371,33.95101776794162,0.0 -78.68743410241893,33.95095060723316,0.0 -78.68639050412514,33.94944491651601,0.0 -78.68594731337762,33.948537157885504,0.0 -78.68582561605669,33.948287889206455,0.0 -78.68580146788625,33.948238427038156,0.0 -78.68579537804794,33.94822626434835,0.0 -78.68577353303763,33.948182638325854,0.0</coordinates>
                    </LinearRing>
                </outerBoundaryIs>
            </Polygon>
        </Placemark>
        <Placemark id="1969328">
            <name>32808010003.0</name>
            <description>PIN: 32808010003.0&lt;br&gt;Wetland %: 0.00&lt;br&gt;Flood %: 100.00&lt;br&gt;Parcel area (m²): 6053.02</description>
            <styleUrl>#1969333</styleUrl>
            <ExtendedData>
                <Data name="PIN">
                    <value>32808010003.0</value>
                </Data>
                <Data name="Wetland_%">
                    <value>0.00</value>
                </Data>
                <Data name="Flood_%">
                    <value>100.00</value>
                </Data>
                <Data name="Parcel_area_m2">
                    <value>6053.02</value>
                </Data>
            </ExtendedData>
            <Polygon id="1969327">
                <outerBoundaryIs>
                    <LinearRing id="1969331">
                        <coordinates>-79.17586550134048,33.88592457279439,0.0 -79.17587233807895,33.88592338287188,0.0 -79.17676536875267,33.88576802455502,0.0 -79.17676830835497,33.88577797122596,0.0 -79.17688132177224,33.88616036140776,0.0 -79.17686516615373,33.88616490630165,0.0 -79.17602821455583,33.88640034890282,0.0 -79.175983313824,33.886248386900164,0.0 -79.17595837831402,33.886171444890316,0.0 -79.17593174535934,33.88609489905693,0.0 -79.17590342522097,33.88601877570403,0.0 -79.17587342707893,33.88594310111993,0.0 -79.17586550134048,33.88592457279439,0.0</coordinates>
                    </LinearRing>
                </outerBoundaryIs>
            </Polygon>
        </Placemark>
        <Placemark id="1969342">
            <name>13105040001.0</name>
            <description>PIN: 13105040001.0&lt;br&gt;Wetland %: 6.95&lt;br&gt;Flood %: 89.64&lt;br&gt;Parcel area (m²): 14905.93</description>
            <styleUrl>#1969347</styleUrl>
            <ExtendedData>
                <Data name="PIN">
                    <value>13105040001.0</value>
                </Data>
                <Data name="Wetland_%">
                    <value>6.95</value>
                </Data>
                <Data name="Flood_%">
                    <value>89.64</value>
                </Data>
                <Data name="Parcel_area_m2">
                    <value>14905.93</value>
                </Data>
            </ExtendedData>
            <Polygon id="1969341">
                <outerBoundaryIs>
                    <LinearRing id="1969345">
                        <coordinates>-78.97825315148687,34.15151272143772,0.0 -78.9785975050979,34.15143742390506,0.0 -78.97888927069528,34.15223878179583,0.0 -78.97907107442748,34.152884036921485,0.0 -78.97897749262236,34.15331263040397,0.0 -78.9785126268655,34.153449126510225,0.0 -78.97825315148687,34.15151272143772,0.0</coordinates>
                    </LinearRing>
                </outerBoundaryIs>
            </Polygon>
        </Placemark>
        <Placemark id="1969356">
            <name>42903040002.0</name>
            <description>PIN: 42903040002.0&lt;br&gt;Wetland %: 0.00&lt;br&gt;Flood %: 91.87&lt;br&gt;Parcel area (m²): 8597.26</description>
            <styleUrl>#1969361</styleUrl>
            <ExtendedData>
                <Data name="PIN">
                    <value>42903040002.0</value>
                </Data>
                <Data name="Wetland_%">
                    <value>0.00</value>
                </Data>
                <Data name="Flood_%">
                    <value>91.87</value>
                </Data>
                <Data name="Parcel_area_m2">
                    <value>8597.26</value>
                </Data>
            </ExtendedData>
            <Polygon id="1969355">
                <outerBoundaryIs>
                    <LinearRing id="1969359">
                        <coordinates>-79.0292197431796,33.72285410505143,0.0 -79.029068574028,33.722702731735275,0.0 -79.02940820238163,33.722236507656454,0.0 -79.03024531335511,33.72230973461403,0.0 -79.03024872917666,33.72231003254125,0.0 -79.03019241412974,33.72248916359622,0.0 -79.03018310484043,33.72251877692086,0.0 -79.03013281501197,33.7227042244741,0.0 -79.03013195661384,33.7227118554881,0.0 -79.03013075244885,33.722722578193185,0.0 -79.03013200783431,33.72273960662831,0.0 -79.0301340746836,33.722757164790416,0.0 -79.03013943805065,33.722774431831,0.0 -79.03014647036923,33.722790693657814,0.0 -79.030154051253,33.72280372722559,0.0 -79.03015675780696,33.72280838456922,0.0 -79.03018083239004,33.72283471092326,0.0 -79.03020022645049,33.72284979602697,0.0 -79.03021567638,33.72285760202885,0.0 -79.03023245052039,33.722864232271405,0.0 -79.03024828004095,33.72287049210834,0.0 -79.03024039712543,33.722870366547184,0.0 -79.0292197431796,33.72285410505143,0.0</coordinates>
                    </LinearRing>
                </outerBoundaryIs>
            </Polygon>
        </Placemark>
        <Placemark id="1969370">
            <name>19001040002.0</name>
            <description>PIN: 19001040002.0&lt;br&gt;Wetland %: 10.40&lt;br&gt;Flood %: 100.00&lt;br&gt;Parcel area (m²): 42765.58</description>
            <styleUrl>#1969375</styleUrl>
            <ExtendedData>
                <Data name="PIN">
                    <value>19001040002.0</value>
                </Data>
                <Data name="Wetland_%">
                    <value>10.40</value>
                </Data>
                <Data name="Flood_%">
                    <value>100.00</value>
                </Data>
                <Data name="Parcel_area_m2">
                    <value>42765.58</value>
                </Data>
            </ExtendedData>
            <Polygon id="1969369">
                <outerBoundaryIs>
                    <LinearRing id="1969373">
                        <coordinates>-79.03871593589092,34.04886525286347,0.0 -79.03996593791796,34.04893347316758,0.0 -79.03992571468973,34.04944417507807,0.0 -79.04069641290094,34.04948623121579,0.0 -79.04060513213533,34.050645316779494,0.0 -79.04056664923523,34.05065327338175,0.0 -79.0391674578088,34.050942552305706,0.0 -79.03871593589092,34.04886525286347,0.0</coordinates>
                    </LinearRing>
                </outerBoundaryIs>
            </Polygon>
        </Placemark>
        <Placemark id="1969384">
            <name>19116030002.0</name>
            <description>PIN: 19116030002.0&lt;br&gt;Wetland %: 0.00&lt;br&gt;Flood %: 100.00&lt;br&gt;Parcel area (m²): 5749.50</description>
            <styleUrl>#1969389</styleUrl>
            <ExtendedData>
                <Data name="PIN">
                    <value>19116030002.0</value>
                </Data>
                <Data name="Wetland_%">
                    <value>0.00</value>
                </Data>
                <Data name="Flood_%">
                    <value>100.00</value>
                </Data>
                <Data name="Parcel_area_m2">
                    <value>5749.50</value>
                </Data>
            </ExtendedData>
            <Polygon id="1969383">
                <outerBoundaryIs>
                    <LinearRing id="1969387">
                        <coordinates>-79.06769452309665,34.032877000725136,0.0 -79.0678548545336,34.03246618590751,0.0 -79.06881442702615,34.032557656405885,0.0 -79.0687122600538,34.032777100765365,0.0 -79.06859479576653,34.03290459405048,0.0 -79.06848011096469,34.03293326313937,0.0 -79.06769452309665,34.032877000725136,0.0</coordinates>
                    </LinearRing>
                </outerBoundaryIs>
            </Polygon>
        </Placemark>
        <Placemark id="1969398">
            <name>20701010002.0</name>
            <description>PIN: 20701010002.0&lt;br&gt;Wetland %: 0.00&lt;br&gt;Flood %: 100.00&lt;br&gt;Parcel area (m²): 19415.89</description>
            <styleUrl>#1969403</styleUrl>
            <ExtendedData>
                <Data name="PIN">
                    <value>20701010002.0</value>
                </Data>
                <Data name="Wetland_%">
                    <value>0.00</value>
                </Data>
                <Data name="Flood_%">
                    <value>100.00</value>
                </Data>
                <Data name="Parcel_area_m2">
                    <value>19415.89</value>
                </Data>
            </ExtendedData>
            <Polygon id="1969397">
                <outerBoundaryIs>
                    <LinearRing id="1969401">
                        <coordinates>-79.07107491033025,34.02958466579315,0.0 -79.07124932355954,34.02900387050356,0.0 -79.0714324070785,34.02839419523411,0.0 -79.071440614944,34.02836686586799,0.0 -79.07172975203194,34.02842078080951,0.0 -79.0724716760298,34.02885977635424,0.0 -79.07263738997382,34.02896637221435,0.0 -79.0728286504435,34.02908940125862,0.0 -79.07160201708753,34.029623189628865,0.0 -79.07098233507847,34.029892936669,0.0 -79.07107491033025,34.02958466579315,0.0</coordinates>
                    </LinearRing>
                </outerBoundaryIs>
            </Polygon>
        </Placemark>
        <Placemark id="1969412">
            <name>19116020004.0</name>
            <description>PIN: 19116020004.0&lt;br&gt;Wetland %: 0.46&lt;br&gt;Flood %: 100.00&lt;br&gt;Parcel area (m²): 26546.05</description>
            <styleUrl>#1969417</styleUrl>
            <ExtendedData>
                <Data name="PIN">
                    <value>19116020004.0</value>
                </Data>
                <Data name="Wetland_%">
                    <value>0.46</value>
                </Data>
                <Data name="Flood_%">
                    <value>100.00</value>
                </Data>
                <Data name="Parcel_area_m2">
                    <value>26546.05</value>
                </Data>
            </ExtendedData>
            <Polygon id="1969411">
                <outerBoundaryIs>
                    <LinearRing id="1969415">
                        <coordinates>-79.06796021467056,34.03595866735766,0.0 -79.06771692355949,34.03310357547962,0.0 -79.06840937260978,34.03311171203535,0.0 -79.06834060938913,34.03415468524954,0.0 -79.06831786631889,34.03449964133624,0.0 -79.06863497777196,34.03562597439129,0.0 -79.06862199165373,34.036131602716225,0.0 -79.06806216438638,34.036000376678295,0.0 -79.06796039402398,34.03596076244472,0.0 -79.06796021467056,34.03595866735766,0.0</coordinates>
                    </LinearRing>
                </outerBoundaryIs>
            </Polygon>
        </Placemark>
        <Placemark id="1969426">
            <name>42009010023.0</name>
            <description>PIN: 42009010023.0&lt;br&gt;Wetland %: 0.00&lt;br&gt;Flood %: 100.00&lt;br&gt;Parcel area (m²): 1127.12</description>
            <styleUrl>#1969431</styleUrl>
            <ExtendedData>
                <Data name="PIN">
                    <value>42009010023.0</value>
                </Data>
                <Data name="Wetland_%">
                    <value>0.00</value>
                </Data>
                <Data name="Flood_%">
                    <value>100.00</value>
                </Data>
                <Data name="Parcel_area_m2">
                    <value>1127.12</value>
                </Data>
            </ExtendedData>
            <Polygon id="1969425">
                <outerBoundaryIs>
                    <LinearRing id="1969429">
                        <coordinates>-78.8822864233736,33.73613233022435,0.0 -78.88240984227943,33.736043245028114,0.0 -78.88268256351255,33.7364493805764,0.0 -78.88255928964914,33.736544732533275,0.0 -78.8825592667491,33.736544697867316,0.0 -78.8822864233736,33.73613233022435,0.0</coordinates>
                    </LinearRing>
                </outerBoundaryIs>
            </Polygon>
        </Placemark>
        <Placemark id="1969440">
            <name>41912030023.0</name>
            <description>PIN: 41912030023.0&lt;br&gt;Wetland %: 0.00&lt;br&gt;Flood %: 100.00&lt;br&gt;Parcel area (m²): 1610.49</description>
            <styleUrl>#1969445</styleUrl>
            <ExtendedData>
                <Data name="PIN">
                    <value>41912030023.0</value>
                </Data>
                <Data name="Wetland_%">
                    <value>0.00</value>
                </Data>
                <Data name="Flood_%">
                    <value>100.00</value>
                </Data>
                <Data name="Parcel_area_m2">
                    <value>1610.49</value>
                </Data>
            </ExtendedData>
            <Polygon id="1969439">
                <outerBoundaryIs>
                    <LinearRing id="1969443">
                        <coordinates>-78.88584840011765,33.733631239953915,0.0 -78.88602063516983,33.73355136746826,0.0 -78.88633952939779,33.73403293453564,0.0 -78.88616813383501,33.73411213453597,0.0 -78.88584850110045,33.7336313923049,0.0 -78.88584840011765,33.733631239953915,0.0</coordinates>
                    </LinearRing>
                </outerBoundaryIs>
            </Polygon>
        </Placemark>
        <Placemark id="1969454">
            <name>40215010019.0</name>
            <description>PIN: 40215010019.0&lt;br&gt;Wetland %: 0.00&lt;br&gt;Flood %: 100.00&lt;br&gt;Parcel area (m²): 53.91</description>
            <styleUrl>#1969459</styleUrl>
            <ExtendedData>
                <Data name="PIN">
                    <value>40215010019.0</value>
                </Data>
                <Data name="Wetland_%">
                    <value>0.00</value>
                </Data>
                <Data name="Flood_%">
                    <value>100.00</value>
                </Data>
                <Data name="Parcel_area_m2">
                    <value>53.91</value>
                </Data>
            </ExtendedData>
            <Polygon id="1969453">
                <outerBoundaryIs>
                    <LinearRing id="1969457">
                        <coordinates>-79.06924112341876,33.760653899710434,0.0 -79.06928193326894,33.76061078588106,0.0 -79.06933355183084,33.760644871845294,0.0 -79.06929274199032,33.76068798569139,0.0 -79.06924112341876,33.760653899710434,0.0</coordinates>
                    </LinearRing>
                </outerBoundaryIs>
            </Polygon>
        </Placemark>
        <Placemark id="1969468">
            <name>40215010017.0</name>
            <description>PIN: 40215010017.0&lt;br&gt;Wetland %: 0.00&lt;br&gt;Flood %: 95.19&lt;br&gt;Parcel area (m²): 1268.98</description>
            <styleUrl>#1969473</styleUrl>
            <ExtendedData>
                <Data name="PIN">
                    <value>40215010017.0</value>
                </Data>
                <Data name="Wetland_%">
                    <value>0.00</value>
                </Data>
                <Data name="Flood_%">
                    <value>95.19</value>
                </Data>
                <Data name="Parcel_area_m2">
                    <value>1268.98</value>
                </Data>
            </ExtendedData>
            <Polygon id="1969467">
                <outerBoundaryIs>
                    <LinearRing id="1969471">
                        <coordinates>-79.06944764866336,33.76079024519719,0.0 -79.06971938296178,33.76050315322471,0.0 -79.06977838146105,33.76052978803145,0.0 -79.0698991847896,33.760584323425284,0.0 -79.06963921984072,33.760916799476306,0.0 -79.06944764866336,33.76079024519719,0.0</coordinates>
                    </LinearRing>
                </outerBoundaryIs>
            </Polygon>
        </Placemark>
        <Placemark id="1969482">
            <name>40215010003.0</name>
            <description>PIN: 40215010003.0&lt;br&gt;Wetland %: 0.00&lt;br&gt;Flood %: 100.00&lt;br&gt;Parcel area (m²): 1022.69</description>
            <styleUrl>#1969487</styleUrl>
            <ExtendedData>
                <Data name="PIN">
                    <value>40215010003.0</value>
                </Data>
                <Data name="Wetland_%">
                    <value>0.00</value>
                </Data>
                <Data name="Flood_%">
                    <value>100.00</value>
                </Data>
                <Data name="Parcel_area_m2">
                    <value>1022.69</value>
                </Data>
            </ExtendedData>
            <Polygon id="1969481">
                <outerBoundaryIs>
                    <LinearRing id="1969485">
                        <coordinates>-79.06929343516651,33.76130311996138,0.0 -79.0692548320944,33.76127764379845,0.0 -79.0692198885385,33.761254583224826,0.0 -79.06922079099265,33.761253630462335,0.0 -79.06947589535174,33.76098409398936,0.0 -79.06961526034839,33.76107613925255,0.0 -79.06963026368835,33.76108592997085,0.0 -79.06937868929668,33.76135788844656,0.0 -79.06937783060613,33.761358815737765,0.0 -79.06929343516651,33.76130311996138,0.0</coordinates>
                    </LinearRing>
                </outerBoundaryIs>
            </Polygon>
        </Placemark>
        <Placemark id="1969496">
            <name>40215010010.0</name>
            <description>PIN: 40215010010.0&lt;br&gt;Wetland %: 65.99&lt;br&gt;Flood %: 100.00&lt;br&gt;Parcel area (m²): 1040.19</description>
            <styleUrl>#1969501</styleUrl>
            <ExtendedData>
                <Data name="PIN">
                    <value>40215010010.0</value>
                </Data>
                <Data name="Wetland_%">
                    <value>65.99</value>
                </Data>
                <Data name="Flood_%">
                    <value>100.00</value>
                </Data>
                <Data name="Parcel_area_m2">
                    <value>1040.19</value>
                </Data>
            </ExtendedData>
            <Polygon id="1969495">
                <outerBoundaryIs>
                    <LinearRing id="1969499">
                        <coordinates>-79.07077632248111,33.76138941272217,0.0 -79.07094278102407,33.76105544667131,0.0 -79.07109059511276,33.76112217553771,0.0 -79.07111737566343,33.76113426556654,0.0 -79.07095861441209,33.76145283181384,0.0 -79.07077632248111,33.76138941272217,0.0</coordinates>
                    </LinearRing>
                </outerBoundaryIs>
            </Polygon>
        </Placemark>
        <Placemark id="1969510">
            <name>40216020018.0</name>
            <description>PIN: 40216020018.0&lt;br&gt;Wetland %: 0.00&lt;br&gt;Flood %: 100.00&lt;br&gt;Parcel area (m²): 3579.91</description>
            <styleUrl>#1969515</styleUrl>
            <ExtendedData>
                <Data name="PIN">
                    <value>40216020018.0</value>
                </Data>
                <Data name="Wetland_%">
                    <value>0.00</value>
                </Data>
                <Data name="Flood_%">
                    <value>100.00</value>
                </Data>
                <Data name="Parcel_area_m2">
                    <value>3579.91</value>
                </Data>
            </ExtendedData>
            <Polygon id="1969509">
                <outerBoundaryIs>
                    <LinearRing id="1969513">
                        <coordinates>-79.07452670556768,33.76010238230834,0.0 -79.07450893820007,33.760064488102984,0.0 -79.07431582888817,33.75986213013952,0.0 -79.07413235056926,33.75961112042083,0.0 -79.07411355874594,33.75958551764386,0.0 -79.07487482810981,33.75979170441437,0.0 -79.0746845300668,33.760438568805554,0.0 -79.07452670556768,33.76010238230834,0.0</coordinates>
                    </LinearRing>
                </outerBoundaryIs>
            </Polygon>
        </Placemark>
        <Placemark id="1969524">
            <name>40215010058.0</name>
            <description>PIN: 40215010058.0&lt;br&gt;Wetland %: 0.00&lt;br&gt;Flood %: 100.00&lt;br&gt;Parcel area (m²): 1415.36</description>
            <styleUrl>#1969529</styleUrl>
            <ExtendedData>
                <Data name="PIN">
                    <value>40215010058.0</value>
                </Data>
                <Data name="Wetland_%">
                    <value>0.00</value>
                </Data>
                <Data name="Flood_%">
                    <value>100.00</value>
                </Data>
                <Data name="Parcel_area_m2">
                    <value>1415.36</value>
                </Data>
            </ExtendedData>
            <Polygon id="1969523">
                <outerBoundaryIs>
                    <LinearRing id="1969527">
                        <coordinates>-79.07224266131313,33.759381332838224,0.0 -79.07246647553586,33.759045055780774,0.0 -79.07268218699323,33.75914521735079,0.0 -79.07245837449099,33.75948149210411,0.0 -79.07224266131313,33.759381332838224,0.0</coordinates>
                    </LinearRing>
                </outerBoundaryIs>
            </Polygon>
        </Placemark>
        <Placemark id="1969538">
            <name>40215010060.0</name>
            <description>PIN: 40215010060.0&lt;br&gt;Wetland %: 0.00&lt;br&gt;Flood %: 100.00&lt;br&gt;Parcel area (m²): 1415.35</description>
            <styleUrl>#1969543</styleUrl>
            <ExtendedData>
                <Data name="PIN">
                    <value>40215010060.0</value>
                </Data>
                <Data name="Wetland_%">
                    <value>0.00</value>
                </Data>
                <Data name="Flood_%">
                    <value>100.00</value>
                </Data>
                <Data name="Parcel_area_m2">
                    <value>1415.35</value>
                </Data>
            </ExtendedData>
            <Polygon id="1969537">
                <outerBoundaryIs>
                    <LinearRing id="1969541">
                        <coordinates>-79.07181124395476,33.759181015995146,0.0 -79.07203505935888,33.758844738803646,0.0 -79.0722507698755,33.758944898424815,0.0 -79.07202695289317,33.75928117596644,0.0 -79.07181124395476,33.759181015995146,0.0</coordinates>
                    </LinearRing>
                </outerBoundaryIs>
            </Polygon>
        </Placemark>
        <Placemark id="1969552">
            <name>40215010063.0</name>
            <description>PIN: 40215010063.0&lt;br&gt;Wetland %: 0.00&lt;br&gt;Flood %: 100.00&lt;br&gt;Parcel area (m²): 1415.32</description>
            <styleUrl>#1969557</styleUrl>
            <ExtendedData>
                <Data name="PIN">
                    <value>40215010063.0</value>
                </Data>
                <Data name="Wetland_%">
                    <value>0.00</value>
                </Data>
                <Data name="Flood_%">
                    <value>100.00</value>
                </Data>
                <Data name="Parcel_area_m2">
                    <value>1415.32</value>
                </Data>
            </ExtendedData>
            <Polygon id="1969551">
                <outerBoundaryIs>
                    <LinearRing id="1969555">
                        <coordinates>-79.07116411788341,33.758880538287684,0.0 -79.07138793500928,33.75854426314927,0.0 -79.0716036419258,33.75864442116588,0.0 -79.07137982212211,33.75898069753924,0.0 -79.07116411788341,33.758880538287684,0.0</coordinates>
                    </LinearRing>
                </outerBoundaryIs>
            </Polygon>
        </Placemark>
        <Placemark id="1969566">
            <name>40215010075.0</name>
            <description>PIN: 40215010075.0&lt;br&gt;Wetland %: 0.00&lt;br&gt;Flood %: 100.00&lt;br&gt;Parcel area (m²): 1364.74</description>
            <styleUrl>#1969571</styleUrl>
            <ExtendedData>
                <Data name="PIN">
                    <value>40215010075.0</value>
                </Data>
                <Data name="Wetland_%">
                    <value>0.00</value>
                </Data>
                <Data name="Flood_%">
                    <value>100.00</value>
                </Data>
                <Data name="Parcel_area_m2">
                    <value>1364.74</value>
                </Data>
            </ExtendedData>
            <Polygon id="1969565">
                <outerBoundaryIs>
                    <LinearRing id="1969569">
                        <coordinates>-79.07120592083227,33.759481559143005,0.0 -79.07116099731658,33.7594607002037,0.0 -79.07137682545564,33.75913645647147,0.0 -79.07159253707736,33.75923661454665,0.0 -79.07137670625987,33.759560858598554,0.0 -79.07120592083227,33.759481559143005,0.0</coordinates>
                    </LinearRing>
                </outerBoundaryIs>
            </Polygon>
        </Placemark>
        <Placemark id="1969580">
            <name>40215010070.0</name>
            <description>PIN: 40215010070.0&lt;br&gt;Wetland %: 0.00&lt;br&gt;Flood %: 100.00&lt;br&gt;Parcel area (m²): 1364.74</description>
            <styleUrl>#1969585</styleUrl>
            <ExtendedData>
                <Data name="PIN">
                    <value>40215010070.0</value>
                </Data>
                <Data name="Wetland_%">
                    <value>0.00</value>
                </Data>
                <Data name="Flood_%">
                    <value>100.00</value>
                </Data>
                <Data name="Parcel_area_m2">
                    <value>1364.74</value>
                </Data>
            </ExtendedData>
            <Polygon id="1969579">
                <outerBoundaryIs>
                    <LinearRing id="1969583">
                        <coordinates>-79.07025645717066,33.75904069134442,0.0 -79.0700824527344,33.75895989432793,0.0 -79.0702982836927,33.75863565154459,0.0 -79.07051399275106,33.7587358142144,0.0 -79.07029816235256,33.759060057367826,0.0 -79.07025645717066,33.75904069134442,0.0</coordinates>
                    </LinearRing>
                </outerBoundaryIs>
            </Polygon>
        </Placemark>
        <Placemark id="1969594">
            <name>40215010084.0</name>
            <description>PIN: 40215010084.0&lt;br&gt;Wetland %: 0.00&lt;br&gt;Flood %: 100.00&lt;br&gt;Parcel area (m²): 1365.17</description>
            <styleUrl>#1969599</styleUrl>
            <ExtendedData>
                <Data name="PIN">
                    <value>40215010084.0</value>
                </Data>
                <Data name="Wetland_%">
                    <value>0.00</value>
                </Data>
                <Data name="Flood_%">
                    <value>100.00</value>
                </Data>
                <Data name="Parcel_area_m2">
                    <value>1365.17</value>
                </Data>
            </ExtendedData>
            <Polygon id="1969593">
                <outerBoundaryIs>
                    <LinearRing id="1969597">
                        <coordinates>-79.06990539738938,33.75999341301845,0.0 -79.07011665318915,33.75966694994006,0.0 -79.07033377209882,33.759764965769016,0.0 -79.07012251897865,33.76009143195051,0.0 -79.06990539738938,33.75999341301845,0.0</coordinates>
                    </LinearRing>
                </outerBoundaryIs>
            </Polygon>
        </Placemark>
        <Placemark id="1969608">
            <name>40215030002.0</name>
            <description>PIN: 40215030002.0&lt;br&gt;Wetland %: 82.02&lt;br&gt;Flood %: 14.04&lt;br&gt;Parcel area (m²): 9870.28</description>
            <styleUrl>#1969613</styleUrl>
            <ExtendedData>
                <Data name="PIN">
                    <value>40215030002.0</value>
                </Data>
                <Data name="Wetland_%">
                    <value>82.02</value>
                </Data>
                <Data name="Flood_%">
                    <value>14.04</value>
                </Data>
                <Data name="Parcel_area_m2">
                    <value>9870.28</value>
                </Data>
            </ExtendedData>
            <Polygon id="1969607">
                <outerBoundaryIs>
                    <LinearRing id="1969611">
                        <coordinates>-79.06690407640312,33.75726595419141,0.0 -79.06685485694122,33.75714320270075,0.0 -79.06684181257965,33.757019281187326,0.0 -79.06911073791566,33.75804181923324,0.0 -79.06911701409012,33.75804464726773,0.0 -79.06962239811061,33.75827239959159,0.0 -79.06994737926199,33.758418879365536,0.0 -79.06983621896975,33.758587391321406,0.0 -79.069527824224,33.758448388061865,0.0 -79.06911217244819,33.75826107323148,0.0 -79.06860824689545,33.7580339756122,0.0 -79.06690407640312,33.75726595419141,0.0</coordinates>
                    </LinearRing>
                </outerBoundaryIs>
            </Polygon>
        </Placemark>
        <Placemark id="1969622">
            <name>40215020002.0</name>
            <description>PIN: 40215020002.0&lt;br&gt;Wetland %: 79.86&lt;br&gt;Flood %: 14.37&lt;br&gt;Parcel area (m²): 8186.73</description>
            <styleUrl>#1969627</styleUrl>
            <ExtendedData>
                <Data name="PIN">
                    <value>40215020002.0</value>
                </Data>
                <Data name="Wetland_%">
                    <value>79.86</value>
                </Data>
                <Data name="Flood_%">
                    <value>14.37</value>
                </Data>
                <Data name="Parcel_area_m2">
                    <value>8186.73</value>
                </Data>
            </ExtendedData>
            <Polygon id="1969621">
                <outerBoundaryIs>
                    <LinearRing id="1969625">
                        <coordinates>-79.06722993404196,33.75807472634831,0.0 -79.0671182637133,33.75779972111564,0.0 -79.06760322840886,33.758018282576266,0.0 -79.06910248870825,33.75869394226213,0.0 -79.06937687328326,33.75881759296616,0.0 -79.06965291490266,33.758941974194265,0.0 -79.06958103988877,33.75912742794417,0.0 -79.06919160963501,33.75896039526846,0.0 -79.06909747790002,33.75891797496752,0.0 -79.06722993404196,33.75807472634831,0.0</coordinates>
                    </LinearRing>
                </outerBoundaryIs>
            </Polygon>
        </Placemark>
        <Placemark id="1969636">
            <name>40215020006.0</name>
            <description>PIN: 40215020006.0&lt;br&gt;Wetland %: 76.54&lt;br&gt;Flood %: 14.57&lt;br&gt;Parcel area (m²): 7032.35</description>
            <styleUrl>#1969641</styleUrl>
            <ExtendedData>
                <Data name="PIN">
                    <value>40215020006.0</value>
                </Data>
                <Data name="Wetland_%">
                    <value>76.54</value>
                </Data>
                <Data name="Flood_%">
                    <value>14.57</value>
                </Data>
                <Data name="Parcel_area_m2">
                    <value>7032.35</value>
                </Data>
            </ExtendedData>
            <Polygon id="1969635">
                <outerBoundaryIs>
                    <LinearRing id="1969639">
                        <coordinates>-79.06718647008438,33.75892354602979,0.0 -79.06715384196019,33.7586902552354,0.0 -79.0689921250711,33.75951867608474,0.0 -79.0690831221778,33.759559673018806,0.0 -79.06936462126623,33.75968582658856,0.0 -79.06929248149657,33.759871957875724,0.0 -79.06907828048693,33.75977609350955,0.0 -79.06890329888476,33.75969725387997,0.0 -79.06718647008438,33.75892354602979,0.0</coordinates>
                    </LinearRing>
                </outerBoundaryIs>
            </Polygon>
        </Placemark>
        <Placemark id="1969650">
            <name>40215020004.0</name>
            <description>PIN: 40215020004.0&lt;br&gt;Wetland %: 80.13&lt;br&gt;Flood %: 12.74&lt;br&gt;Parcel area (m²): 7443.71</description>
            <styleUrl>#1969655</styleUrl>
            <ExtendedData>
                <Data name="PIN">
                    <value>40215020004.0</value>
                </Data>
                <Data name="Wetland_%">
                    <value>80.13</value>
                </Data>
                <Data name="Flood_%">
                    <value>12.74</value>
                </Data>
                <Data name="Parcel_area_m2">
                    <value>7443.71</value>
                </Data>
            </ExtendedData>
            <Polygon id="1969649">
                <outerBoundaryIs>
                    <LinearRing id="1969653">
                        <coordinates>-79.0671739655539,33.75848067272387,0.0 -79.06720234178427,33.758274856533625,0.0 -79.06720635695801,33.75827666626087,0.0 -79.06909280578925,33.75912681848619,0.0 -79.06913445821863,33.75914558882154,0.0 -79.06950889991255,33.7593135620652,0.0 -79.0694367607651,33.75949969344956,0.0 -79.06908796418729,33.75934323719186,0.0 -79.0690662693135,33.75933346191441,0.0 -79.0671739655539,33.75848067272387,0.0</coordinates>
                    </LinearRing>
                </outerBoundaryIs>
            </Polygon>
        </Placemark>
        <Placemark id="1969664">
            <name>40215010027.0</name>
            <description>PIN: 40215010027.0&lt;br&gt;Wetland %: 0.00&lt;br&gt;Flood %: 100.00&lt;br&gt;Parcel area (m²): 1415.60</description>
            <styleUrl>#1969669</styleUrl>
            <ExtendedData>
                <Data name="PIN">
                    <value>40215010027.0</value>
                </Data>
                <Data name="Wetland_%">
                    <value>0.00</value>
                </Data>
                <Data name="Flood_%">
                    <value>100.00</value>
                </Data>
                <Data name="Parcel_area_m2">
                    <value>1415.60</value>
                </Data>
            </ExtendedData>
            <Polygon id="1969663">
                <outerBoundaryIs>
                    <LinearRing id="1969667">
                        <coordinates>-79.07076820269374,33.76097663679696,0.0 -79.07064685836566,33.760921860241815,0.0 -79.07086588804081,33.76058333149259,0.0 -79.07108301334452,33.76068134604027,0.0 -79.07086398107413,33.7610198733139,0.0 -79.07076820269374,33.76097663679696,0.0</coordinates>
                    </LinearRing>
                </outerBoundaryIs>
            </Polygon>
        </Placemark>
        <Placemark id="1969678">
            <name>40215010025.0</name>
            <description>PIN: 40215010025.0&lt;br&gt;Wetland %: 0.00&lt;br&gt;Flood %: 100.00&lt;br&gt;Parcel area (m²): 1415.58</description>
            <styleUrl>#1969683</styleUrl>
            <ExtendedData>
                <Data name="PIN">
                    <value>40215010025.0</value>
                </Data>
                <Data name="Wetland_%">
                    <value>0.00</value>
                </Data>
                <Data name="Flood_%">
                    <value>100.00</value>
                </Data>
                <Data name="Parcel_area_m2">
                    <value>1415.58</value>
                </Data>
            </ExtendedData>
            <Polygon id="1969677">
                <outerBoundaryIs>
                    <LinearRing id="1969681">
                        <coordinates>-79.07041897439328,33.76081897909722,0.0 -79.07024439486052,33.76074016844662,0.0 -79.07021261894734,33.76072582400066,0.0 -79.07043164978776,33.76038729781068,0.0 -79.07064877080647,33.760485315778304,0.0 -79.07042974062932,33.76082383964153,0.0 -79.07041897439328,33.76081897909722,0.0</coordinates>
                    </LinearRing>
                </outerBoundaryIs>
            </Polygon>
        </Placemark>
        <Placemark id="1969692">
            <name>40215010040.0</name>
            <description>PIN: 40215010040.0&lt;br&gt;Wetland %: 0.00&lt;br&gt;Flood %: 100.00&lt;br&gt;Parcel area (m²): 1363.23</description>
            <styleUrl>#1969697</styleUrl>
            <ExtendedData>
                <Data name="PIN">
                    <value>40215010040.0</value>
                </Data>
                <Data name="Wetland_%">
                    <value>0.00</value>
                </Data>
                <Data name="Flood_%">
                    <value>100.00</value>
                </Data>
                <Data name="Parcel_area_m2">
                    <value>1363.23</value>
                </Data>
            </ExtendedData>
            <Polygon id="1969691">
                <outerBoundaryIs>
                    <LinearRing id="1969695">
                        <coordinates>-79.07209289195077,33.760911284776334,0.0 -79.07226349805487,33.760569216666276,0.0 -79.07249134914973,33.76064844404182,0.0 -79.07232074055361,33.76099051241043,0.0 -79.07209289195077,33.760911284776334,0.0</coordinates>
                    </LinearRing>
                </outerBoundaryIs>
            </Polygon>
        </Placemark>
        <Placemark id="1969706">
            <name>40216020020.0</name>
            <description>PIN: 40216020020.0&lt;br&gt;Wetland %: 11.66&lt;br&gt;Flood %: 100.00&lt;br&gt;Parcel area (m²): 8734.47</description>
            <styleUrl>#1969711</styleUrl>
            <ExtendedData>
                <Data name="PIN">
                    <value>40216020020.0</value>
                </Data>
                <Data name="Wetland_%">
                    <value>11.66</value>
                </Data>
                <Data name="Flood_%">
                    <value>100.00</value>
                </Data>
                <Data name="Parcel_area_m2">
                    <value>8734.47</value>
                </Data>
            </ExtendedData>
            <Polygon id="1969705">
                <outerBoundaryIs>
                    <LinearRing id="1969709">
                        <coordinates>-79.07343106029256,33.758740241073305,0.0 -79.07356211204198,33.75858266743528,0.0 -79.07322310696678,33.75839882382873,0.0 -79.07313937212726,33.75835341366544,0.0 -79.07322662909873,33.7582410455754,0.0 -79.07364003764722,33.757708661509874,0.0 -79.07398488009908,33.75788893586019,0.0 -79.07393904677954,33.75806244128789,0.0 -79.07389987431033,33.7581955032948,0.0 -79.07388850321419,33.758225737715044,0.0 -79.0738587735373,33.75830430910121,0.0 -79.07396770769591,33.75836356304671,0.0 -79.07401295847147,33.758879455649804,0.0 -79.07401296531633,33.75887953602617,0.0 -79.07401283217196,33.75887950238667,0.0 -79.07348043255989,33.75875206099241,0.0 -79.07343117736592,33.75874026905175,0.0 -79.07343106029256,33.758740241073305,0.0</coordinates>
                    </LinearRing>
                </outerBoundaryIs>
            </Polygon>
        </Placemark>
        <Placemark id="1969720">
            <name>31315010036.0</name>
            <description>PIN: 31315010036.0&lt;br&gt;Wetland %: 0.00&lt;br&gt;Flood %: 100.00&lt;br&gt;Parcel area (m²): 3106.88</description>
            <styleUrl>#1969725</styleUrl>
            <ExtendedData>
                <Data name="PIN">
                    <value>31315010036.0</value>
                </Data>
                <Data name="Wetland_%">
                    <value>0.00</value>
                </Data>
                <Data name="Flood_%">
                    <value>100.00</value>
                </Data>
                <Data name="Parcel_area_m2">
                    <value>3106.88</value>
                </Data>
            </ExtendedData>
            <Polygon id="1969719">
                <outerBoundaryIs>
                    <LinearRing id="1969723">
                        <coordinates>-78.67498392545117,33.86180201114214,0.0 -78.67550147894633,33.86129207929795,0.0 -78.67587466459038,33.86156527085213,0.0 -78.6758241728447,33.86158472035585,0.0 -78.67507848605509,33.86187195903526,0.0 -78.67498392545117,33.86180201114214,0.0</coordinates>
                    </LinearRing>
                </outerBoundaryIs>
            </Polygon>
        </Placemark>
        <Placemark id="1969734">
            <name>31315010035.0</name>
            <description>PIN: 31315010035.0&lt;br&gt;Wetland %: 11.40&lt;br&gt;Flood %: 100.00&lt;br&gt;Parcel area (m²): 3937.36</description>
            <styleUrl>#1969739</styleUrl>
            <ExtendedData>
                <Data name="PIN">
                    <value>31315010035.0</value>
                </Data>
                <Data name="Wetland_%">
                    <value>11.40</value>
                </Data>
                <Data name="Flood_%">
                    <value>100.00</value>
                </Data>
                <Data name="Parcel_area_m2">
                    <value>3937.36</value>
                </Data>
            </ExtendedData>
            <Polygon id="1969733">
                <outerBoundaryIs>
                    <LinearRing id="1969737">
                        <coordinates>-78.6746878013829,33.86158378961379,0.0 -78.6752042655021,33.86107450056622,0.0 -78.67531893393398,33.861158445323625,0.0 -78.67550147894633,33.86129207929795,0.0 -78.67498392545117,33.86180201114214,0.0 -78.6746878013829,33.86158378961379,0.0</coordinates>
                    </LinearRing>
                </outerBoundaryIs>
            </Polygon>
        </Placemark>
        <Placemark id="1969748">
            <name>31316030009.0</name>
            <description>PIN: 31316030009.0&lt;br&gt;Wetland %: 17.65&lt;br&gt;Flood %: 100.00&lt;br&gt;Parcel area (m²): 6044.27</description>
            <styleUrl>#1969753</styleUrl>
            <ExtendedData>
                <Data name="PIN">
                    <value>31316030009.0</value>
                </Data>
                <Data name="Wetland_%">
                    <value>17.65</value>
                </Data>
                <Data name="Flood_%">
                    <value>100.00</value>
                </Data>
                <Data name="Parcel_area_m2">
                    <value>6044.27</value>
                </Data>
            </ExtendedData>
            <Polygon id="1969747">
                <outerBoundaryIs>
                    <LinearRing id="1969751">
                        <coordinates>-78.67832291984804,33.86051430082693,0.0 -78.678322967133,33.860512585282216,0.0 -78.67825087909384,33.85997720294655,0.0 -78.67897885066581,33.85995768258858,0.0 -78.67902824963984,33.860552739585145,0.0 -78.67832291984804,33.86051430082693,0.0</coordinates>
                    </LinearRing>
                </outerBoundaryIs>
            </Polygon>
        </Placemark>
    </Document>
</kml>
