<?xml version="1.0" encoding="UTF-8"?>
<kml xmlns="http://www.opengis.net/kml/2.2" xmlns:gx="http://www.google.com/kml/ext/2.2">
    <Document id="3029719">
        <Style id="3029726">
            <LineStyle id="3029728">
                <color>ffffffff</color>
                <colorMode>normal</colorMode>
                <width>1</width>
            </LineStyle>
            <PolyStyle id="3029727">
                <color>8000a5ff</color>
                <colorMode>normal</colorMode>
                <fill>1</fill>
                <outline>1</outline>
            </PolyStyle>
        </Style>
        <Style id="3029740">
            <LineStyle id="3029742">
                <color>ffffffff</color>
                <colorMode>normal</colorMode>
                <width>1</width>
            </LineStyle>
            <PolyStyle id="3029741">
                <color>8000a5ff</color>
                <colorMode>normal</colorMode>
                <fill>1</fill>
                <outline>1</outline>
            </PolyStyle>
        </Style>
        <Style id="3029754">
            <LineStyle id="3029756">
                <color>ffffffff</color>
                <colorMode>normal</colorMode>
                <width>1</width>
            </LineStyle>
            <PolyStyle id="3029755">
                <color>8000a5ff</color>
                <colorMode>normal</colorMode>
                <fill>1</fill>
                <outline>1</outline>
            </PolyStyle>
        </Style>
        <Style id="3029768">
            <LineStyle id="3029770">
                <color>ffffffff</color>
                <colorMode>normal</colorMode>
                <width>1</width>
            </LineStyle>
            <PolyStyle id="3029769">
                <color>8000a5ff</color>
                <colorMode>normal</colorMode>
                <fill>1</fill>
                <outline>1</outline>
            </PolyStyle>
        </Style>
        <Style id="3029782">
            <LineStyle id="3029784">
                <color>ffffffff</color>
                <colorMode>normal</colorMode>
                <width>1</width>
            </LineStyle>
            <PolyStyle id="3029783">
                <color>8000a5ff</color>
                <colorMode>normal</colorMode>
                <fill>1</fill>
                <outline>1</outline>
            </PolyStyle>
        </Style>
        <Style id="3029796">
            <LineStyle id="3029798">
                <color>ffffffff</color>
                <colorMode>normal</colorMode>
                <width>1</width>
            </LineStyle>
            <PolyStyle id="3029797">
                <color>8000a5ff</color>
                <colorMode>normal</colorMode>
                <fill>1</fill>
                <outline>1</outline>
            </PolyStyle>
        </Style>
        <Style id="3029810">
            <LineStyle id="3029812">
                <color>ffffffff</color>
                <colorMode>normal</colorMode>
                <width>1</width>
            </LineStyle>
            <PolyStyle id="3029811">
                <color>8000a5ff</color>
                <colorMode>normal</colorMode>
                <fill>1</fill>
                <outline>1</outline>
            </PolyStyle>
        </Style>
        <Style id="3029824">
            <LineStyle id="3029826">
                <color>ffffffff</color>
                <colorMode>normal</colorMode>
                <width>1</width>
            </LineStyle>
            <PolyStyle id="3029825">
                <color>8000a5ff</color>
                <colorMode>normal</colorMode>
                <fill>1</fill>
                <outline>1</outline>
            </PolyStyle>
        </Style>
        <Style id="3029838">
            <LineStyle id="3029840">
                <color>ffffffff</color>
                <colorMode>normal</colorMode>
                <width>1</width>
            </LineStyle>
            <PolyStyle id="3029839">
                <color>8000a5ff</color>
                <colorMode>normal</colorMode>
                <fill>1</fill>
                <outline>1</outline>
            </PolyStyle>
        </Style>
        <Style id="3029852">
            <LineStyle id="3029854">
                <color>ffffffff</color>
                <colorMode>normal</colorMode>
                <width>1</width>
            </LineStyle>
            <PolyStyle id="3029853">
                <color>8000a5ff</color>
                <colorMode>normal</colorMode>
                <fill>1</fill>
                <outline>1</outline>
            </PolyStyle>
        </Style>
        <Style id="3029866">
            <LineStyle id="3029868">
                <color>ffffffff</color>
                <colorMode>normal</colorMode>
                <width>1</width>
            </LineStyle>
            <PolyStyle id="3029867">
                <color>8000a5ff</color>
                <colorMode>normal</colorMode>
                <fill>1</fill>
                <outline>1</outline>
            </PolyStyle>
        </Style>
        <Style id="3029880">
            <LineStyle id="3029882">
                <color>ffffffff</color>
                <colorMode>normal</colorMode>
                <width>1</width>
            </LineStyle>
            <PolyStyle id="3029881">
                <color>8000a5ff</color>
                <colorMode>normal</colorMode>
                <fill>1</fill>
                <outline>1</outline>
            </PolyStyle>
        </Style>
        <Style id="3029894">
            <LineStyle id="3029896">
                <color>ffffffff</color>
                <colorMode>normal</colorMode>
                <width>1</width>
            </LineStyle>
            <PolyStyle id="3029895">
                <color>8000a5ff</color>
                <colorMode>normal</colorMode>
                <fill>1</fill>
                <outline>1</outline>
            </PolyStyle>
        </Style>
        <Style id="3029908">
            <LineStyle id="3029910">
                <color>ffffffff</color>
                <colorMode>normal</colorMode>
                <width>1</width>
            </LineStyle>
            <PolyStyle id="3029909">
                <color>8000a5ff</color>
                <colorMode>normal</colorMode>
                <fill>1</fill>
                <outline>1</outline>
            </PolyStyle>
        </Style>
        <Style id="3029922">
            <LineStyle id="3029924">
                <color>ffffffff</color>
                <colorMode>normal</colorMode>
                <width>1</width>
            </LineStyle>
            <PolyStyle id="3029923">
                <color>8000a5ff</color>
                <colorMode>normal</colorMode>
                <fill>1</fill>
                <outline>1</outline>
            </PolyStyle>
        </Style>
        <Style id="3029936">
            <LineStyle id="3029938">
                <color>ffffffff</color>
                <colorMode>normal</colorMode>
                <width>1</width>
            </LineStyle>
            <PolyStyle id="3029937">
                <color>8000a5ff</color>
                <colorMode>normal</colorMode>
                <fill>1</fill>
                <outline>1</outline>
            </PolyStyle>
        </Style>
        <Style id="3029950">
            <LineStyle id="3029952">
                <color>ffffffff</color>
                <colorMode>normal</colorMode>
                <width>1</width>
            </LineStyle>
            <PolyStyle id="3029951">
                <color>8000a5ff</color>
                <colorMode>normal</colorMode>
                <fill>1</fill>
                <outline>1</outline>
            </PolyStyle>
        </Style>
        <Style id="3029964">
            <LineStyle id="3029966">
                <color>ffffffff</color>
                <colorMode>normal</colorMode>
                <width>1</width>
            </LineStyle>
            <PolyStyle id="3029965">
                <color>8000a5ff</color>
                <colorMode>normal</colorMode>
                <fill>1</fill>
                <outline>1</outline>
            </PolyStyle>
        </Style>
        <Style id="3029978">
            <LineStyle id="3029980">
                <color>ffffffff</color>
                <colorMode>normal</colorMode>
                <width>1</width>
            </LineStyle>
            <PolyStyle id="3029979">
                <color>8000a5ff</color>
                <colorMode>normal</colorMode>
                <fill>1</fill>
                <outline>1</outline>
            </PolyStyle>
        </Style>
        <Style id="3029992">
            <LineStyle id="3029994">
                <color>ffffffff</color>
                <colorMode>normal</colorMode>
                <width>1</width>
            </LineStyle>
            <PolyStyle id="3029993">
                <color>8000a5ff</color>
                <colorMode>normal</colorMode>
                <fill>1</fill>
                <outline>1</outline>
            </PolyStyle>
        </Style>
        <Style id="3030006">
            <LineStyle id="3030008">
                <color>ffffffff</color>
                <colorMode>normal</colorMode>
                <width>1</width>
            </LineStyle>
            <PolyStyle id="3030007">
                <color>8000a5ff</color>
                <colorMode>normal</colorMode>
                <fill>1</fill>
                <outline>1</outline>
            </PolyStyle>
        </Style>
        <Style id="3030020">
            <LineStyle id="3030022">
                <color>ffffffff</color>
                <colorMode>normal</colorMode>
                <width>1</width>
            </LineStyle>
            <PolyStyle id="3030021">
                <color>8000a5ff</color>
                <colorMode>normal</colorMode>
                <fill>1</fill>
                <outline>1</outline>
            </PolyStyle>
        </Style>
        <Style id="3030034">
            <LineStyle id="3030036">
                <color>ffffffff</color>
                <colorMode>normal</colorMode>
                <width>1</width>
            </LineStyle>
            <PolyStyle id="3030035">
                <color>8000a5ff</color>
                <colorMode>normal</colorMode>
                <fill>1</fill>
                <outline>1</outline>
            </PolyStyle>
        </Style>
        <Style id="3030048">
            <LineStyle id="3030050">
                <color>ffffffff</color>
                <colorMode>normal</colorMode>
                <width>1</width>
            </LineStyle>
            <PolyStyle id="3030049">
                <color>8000a5ff</color>
                <colorMode>normal</colorMode>
                <fill>1</fill>
                <outline>1</outline>
            </PolyStyle>
        </Style>
        <Style id="3030062">
            <LineStyle id="3030064">
                <color>ffffffff</color>
                <colorMode>normal</colorMode>
                <width>1</width>
            </LineStyle>
            <PolyStyle id="3030063">
                <color>8000a5ff</color>
                <colorMode>normal</colorMode>
                <fill>1</fill>
                <outline>1</outline>
            </PolyStyle>
        </Style>
        <Style id="3030076">
            <LineStyle id="3030078">
                <color>ffffffff</color>
                <colorMode>normal</colorMode>
                <width>1</width>
            </LineStyle>
            <PolyStyle id="3030077">
                <color>8000a5ff</color>
                <colorMode>normal</colorMode>
                <fill>1</fill>
                <outline>1</outline>
            </PolyStyle>
        </Style>
        <Style id="3030090">
            <LineStyle id="3030092">
                <color>ffffffff</color>
                <colorMode>normal</colorMode>
                <width>1</width>
            </LineStyle>
            <PolyStyle id="3030091">
                <color>8000a5ff</color>
                <colorMode>normal</colorMode>
                <fill>1</fill>
                <outline>1</outline>
            </PolyStyle>
        </Style>
        <Style id="3030104">
            <LineStyle id="3030106">
                <color>ffffffff</color>
                <colorMode>normal</colorMode>
                <width>1</width>
            </LineStyle>
            <PolyStyle id="3030105">
                <color>8000a5ff</color>
                <colorMode>normal</colorMode>
                <fill>1</fill>
                <outline>1</outline>
            </PolyStyle>
        </Style>
        <Style id="3030118">
            <LineStyle id="3030120">
                <color>ffffffff</color>
                <colorMode>normal</colorMode>
                <width>1</width>
            </LineStyle>
            <PolyStyle id="3030119">
                <color>8000a5ff</color>
                <colorMode>normal</colorMode>
                <fill>1</fill>
                <outline>1</outline>
            </PolyStyle>
        </Style>
        <Style id="3030132">
            <LineStyle id="3030134">
                <color>ffffffff</color>
                <colorMode>normal</colorMode>
                <width>1</width>
            </LineStyle>
            <PolyStyle id="3030133">
                <color>8000a5ff</color>
                <colorMode>normal</colorMode>
                <fill>1</fill>
                <outline>1</outline>
            </PolyStyle>
        </Style>
        <Style id="3030146">
            <LineStyle id="3030148">
                <color>ffffffff</color>
                <colorMode>normal</colorMode>
                <width>1</width>
            </LineStyle>
            <PolyStyle id="3030147">
                <color>8000a5ff</color>
                <colorMode>normal</colorMode>
                <fill>1</fill>
                <outline>1</outline>
            </PolyStyle>
        </Style>
        <Style id="3030160">
            <LineStyle id="3030162">
                <color>ffffffff</color>
                <colorMode>normal</colorMode>
                <width>1</width>
            </LineStyle>
            <PolyStyle id="3030161">
                <color>8000a5ff</color>
                <colorMode>normal</colorMode>
                <fill>1</fill>
                <outline>1</outline>
            </PolyStyle>
        </Style>
        <Style id="3030174">
            <LineStyle id="3030176">
                <color>ffffffff</color>
                <colorMode>normal</colorMode>
                <width>1</width>
            </LineStyle>
            <PolyStyle id="3030175">
                <color>8000a5ff</color>
                <colorMode>normal</colorMode>
                <fill>1</fill>
                <outline>1</outline>
            </PolyStyle>
        </Style>
        <Style id="3030188">
            <LineStyle id="3030190">
                <color>ffffffff</color>
                <colorMode>normal</colorMode>
                <width>1</width>
            </LineStyle>
            <PolyStyle id="3030189">
                <color>8000a5ff</color>
                <colorMode>normal</colorMode>
                <fill>1</fill>
                <outline>1</outline>
            </PolyStyle>
        </Style>
        <Style id="3030202">
            <LineStyle id="3030204">
                <color>ffffffff</color>
                <colorMode>normal</colorMode>
                <width>1</width>
            </LineStyle>
            <PolyStyle id="3030203">
                <color>8000a5ff</color>
                <colorMode>normal</colorMode>
                <fill>1</fill>
                <outline>1</outline>
            </PolyStyle>
        </Style>
        <Style id="3030216">
            <LineStyle id="3030218">
                <color>ffffffff</color>
                <colorMode>normal</colorMode>
                <width>1</width>
            </LineStyle>
            <PolyStyle id="3030217">
                <color>8000a5ff</color>
                <colorMode>normal</colorMode>
                <fill>1</fill>
                <outline>1</outline>
            </PolyStyle>
        </Style>
        <Style id="3030230">
            <LineStyle id="3030232">
                <color>ffffffff</color>
                <colorMode>normal</colorMode>
                <width>1</width>
            </LineStyle>
            <PolyStyle id="3030231">
                <color>8000a5ff</color>
                <colorMode>normal</colorMode>
                <fill>1</fill>
                <outline>1</outline>
            </PolyStyle>
        </Style>
        <Style id="3030244">
            <LineStyle id="3030246">
                <color>ffffffff</color>
                <colorMode>normal</colorMode>
                <width>1</width>
            </LineStyle>
            <PolyStyle id="3030245">
                <color>8000a5ff</color>
                <colorMode>normal</colorMode>
                <fill>1</fill>
                <outline>1</outline>
            </PolyStyle>
        </Style>
        <Style id="3030258">
            <LineStyle id="3030260">
                <color>ffffffff</color>
                <colorMode>normal</colorMode>
                <width>1</width>
            </LineStyle>
            <PolyStyle id="3030259">
                <color>8000a5ff</color>
                <colorMode>normal</colorMode>
                <fill>1</fill>
                <outline>1</outline>
            </PolyStyle>
        </Style>
        <Style id="3030272">
            <LineStyle id="3030274">
                <color>ffffffff</color>
                <colorMode>normal</colorMode>
                <width>1</width>
            </LineStyle>
            <PolyStyle id="3030273">
                <color>8000a5ff</color>
                <colorMode>normal</colorMode>
                <fill>1</fill>
                <outline>1</outline>
            </PolyStyle>
        </Style>
        <Style id="3030286">
            <LineStyle id="3030288">
                <color>ffffffff</color>
                <colorMode>normal</colorMode>
                <width>1</width>
            </LineStyle>
            <PolyStyle id="3030287">
                <color>8000a5ff</color>
                <colorMode>normal</colorMode>
                <fill>1</fill>
                <outline>1</outline>
            </PolyStyle>
        </Style>
        <Style id="3030300">
            <LineStyle id="3030302">
                <color>ffffffff</color>
                <colorMode>normal</colorMode>
                <width>1</width>
            </LineStyle>
            <PolyStyle id="3030301">
                <color>8000a5ff</color>
                <colorMode>normal</colorMode>
                <fill>1</fill>
                <outline>1</outline>
            </PolyStyle>
        </Style>
        <Style id="3030314">
            <LineStyle id="3030316">
                <color>ffffffff</color>
                <colorMode>normal</colorMode>
                <width>1</width>
            </LineStyle>
            <PolyStyle id="3030315">
                <color>8000a5ff</color>
                <colorMode>normal</colorMode>
                <fill>1</fill>
                <outline>1</outline>
            </PolyStyle>
        </Style>
        <Style id="3030328">
            <LineStyle id="3030330">
                <color>ffffffff</color>
                <colorMode>normal</colorMode>
                <width>1</width>
            </LineStyle>
            <PolyStyle id="3030329">
                <color>8000a5ff</color>
                <colorMode>normal</colorMode>
                <fill>1</fill>
                <outline>1</outline>
            </PolyStyle>
        </Style>
        <Style id="3030342">
            <LineStyle id="3030344">
                <color>ffffffff</color>
                <colorMode>normal</colorMode>
                <width>1</width>
            </LineStyle>
            <PolyStyle id="3030343">
                <color>8000a5ff</color>
                <colorMode>normal</colorMode>
                <fill>1</fill>
                <outline>1</outline>
            </PolyStyle>
        </Style>
        <Style id="3030356">
            <LineStyle id="3030358">
                <color>ffffffff</color>
                <colorMode>normal</colorMode>
                <width>1</width>
            </LineStyle>
            <PolyStyle id="3030357">
                <color>8000a5ff</color>
                <colorMode>normal</colorMode>
                <fill>1</fill>
                <outline>1</outline>
            </PolyStyle>
        </Style>
        <Style id="3030370">
            <LineStyle id="3030372">
                <color>ffffffff</color>
                <colorMode>normal</colorMode>
                <width>1</width>
            </LineStyle>
            <PolyStyle id="3030371">
                <color>8000a5ff</color>
                <colorMode>normal</colorMode>
                <fill>1</fill>
                <outline>1</outline>
            </PolyStyle>
        </Style>
        <Style id="3030384">
            <LineStyle id="3030386">
                <color>ffffffff</color>
                <colorMode>normal</colorMode>
                <width>1</width>
            </LineStyle>
            <PolyStyle id="3030385">
                <color>8000a5ff</color>
                <colorMode>normal</colorMode>
                <fill>1</fill>
                <outline>1</outline>
            </PolyStyle>
        </Style>
        <Style id="3030398">
            <LineStyle id="3030400">
                <color>ffffffff</color>
                <colorMode>normal</colorMode>
                <width>1</width>
            </LineStyle>
            <PolyStyle id="3030399">
                <color>8000a5ff</color>
                <colorMode>normal</colorMode>
                <fill>1</fill>
                <outline>1</outline>
            </PolyStyle>
        </Style>
        <Style id="3030412">
            <LineStyle id="3030414">
                <color>ffffffff</color>
                <colorMode>normal</colorMode>
                <width>1</width>
            </LineStyle>
            <PolyStyle id="3030413">
                <color>8000a5ff</color>
                <colorMode>normal</colorMode>
                <fill>1</fill>
                <outline>1</outline>
            </PolyStyle>
        </Style>
        <Style id="3030426">
            <LineStyle id="3030428">
                <color>ffffffff</color>
                <colorMode>normal</colorMode>
                <width>1</width>
            </LineStyle>
            <PolyStyle id="3030427">
                <color>8000a5ff</color>
                <colorMode>normal</colorMode>
                <fill>1</fill>
                <outline>1</outline>
            </PolyStyle>
        </Style>
        <Style id="3030435">
            <LineStyle id="3030437">
                <color>ffffffff</color>
                <colorMode>normal</colorMode>
                <width>1</width>
            </LineStyle>
            <PolyStyle id="3030436">
                <color>8000a5ff</color>
                <colorMode>normal</colorMode>
                <fill>1</fill>
                <outline>1</outline>
            </PolyStyle>
        </Style>
        <Style id="3030444">
            <LineStyle id="3030446">
                <color>ffffffff</color>
                <colorMode>normal</colorMode>
                <width>1</width>
            </LineStyle>
            <PolyStyle id="3030445">
                <color>8000a5ff</color>
                <colorMode>normal</colorMode>
                <fill>1</fill>
                <outline>1</outline>
            </PolyStyle>
        </Style>
        <Style id="3030453">
            <LineStyle id="3030455">
                <color>ffffffff</color>
                <colorMode>normal</colorMode>
                <width>1</width>
            </LineStyle>
            <PolyStyle id="3030454">
                <color>8000a5ff</color>
                <colorMode>normal</colorMode>
                <fill>1</fill>
                <outline>1</outline>
            </PolyStyle>
        </Style>
        <Style id="3030462">
            <LineStyle id="3030464">
                <color>ffffffff</color>
                <colorMode>normal</colorMode>
                <width>1</width>
            </LineStyle>
            <PolyStyle id="3030463">
                <color>8000a5ff</color>
                <colorMode>normal</colorMode>
                <fill>1</fill>
                <outline>1</outline>
            </PolyStyle>
        </Style>
        <Style id="3030471">
            <LineStyle id="3030473">
                <color>ffffffff</color>
                <colorMode>normal</colorMode>
                <width>1</width>
            </LineStyle>
            <PolyStyle id="3030472">
                <color>8000a5ff</color>
                <colorMode>normal</colorMode>
                <fill>1</fill>
                <outline>1</outline>
            </PolyStyle>
        </Style>
        <Style id="3030480">
            <LineStyle id="3030482">
                <color>ffffffff</color>
                <colorMode>normal</colorMode>
                <width>1</width>
            </LineStyle>
            <PolyStyle id="3030481">
                <color>8000a5ff</color>
                <colorMode>normal</colorMode>
                <fill>1</fill>
                <outline>1</outline>
            </PolyStyle>
        </Style>
        <Style id="3030489">
            <LineStyle id="3030491">
                <color>ffffffff</color>
                <colorMode>normal</colorMode>
                <width>1</width>
            </LineStyle>
            <PolyStyle id="3030490">
                <color>8000a5ff</color>
                <colorMode>normal</colorMode>
                <fill>1</fill>
                <outline>1</outline>
            </PolyStyle>
        </Style>
        <Style id="3030498">
            <LineStyle id="3030500">
                <color>ffffffff</color>
                <colorMode>normal</colorMode>
                <width>1</width>
            </LineStyle>
            <PolyStyle id="3030499">
                <color>8000a5ff</color>
                <colorMode>normal</colorMode>
                <fill>1</fill>
                <outline>1</outline>
            </PolyStyle>
        </Style>
        <Style id="3030507">
            <LineStyle id="3030509">
                <color>ffffffff</color>
                <colorMode>normal</colorMode>
                <width>1</width>
            </LineStyle>
            <PolyStyle id="3030508">
                <color>8000a5ff</color>
                <colorMode>normal</colorMode>
                <fill>1</fill>
                <outline>1</outline>
            </PolyStyle>
        </Style>
        <Style id="3030521">
            <LineStyle id="3030523">
                <color>ffffffff</color>
                <colorMode>normal</colorMode>
                <width>1</width>
            </LineStyle>
            <PolyStyle id="3030522">
                <color>8000a5ff</color>
                <colorMode>normal</colorMode>
                <fill>1</fill>
                <outline>1</outline>
            </PolyStyle>
        </Style>
        <Style id="3030535">
            <LineStyle id="3030537">
                <color>ffffffff</color>
                <colorMode>normal</colorMode>
                <width>1</width>
            </LineStyle>
            <PolyStyle id="3030536">
                <color>8000a5ff</color>
                <colorMode>normal</colorMode>
                <fill>1</fill>
                <outline>1</outline>
            </PolyStyle>
        </Style>
        <Style id="3030549">
            <LineStyle id="3030551">
                <color>ffffffff</color>
                <colorMode>normal</colorMode>
                <width>1</width>
            </LineStyle>
            <PolyStyle id="3030550">
                <color>8000a5ff</color>
                <colorMode>normal</colorMode>
                <fill>1</fill>
                <outline>1</outline>
            </PolyStyle>
        </Style>
        <Style id="3030563">
            <LineStyle id="3030565">
                <color>ffffffff</color>
                <colorMode>normal</colorMode>
                <width>1</width>
            </LineStyle>
            <PolyStyle id="3030564">
                <color>8000a5ff</color>
                <colorMode>normal</colorMode>
                <fill>1</fill>
                <outline>1</outline>
            </PolyStyle>
        </Style>
        <Style id="3030577">
            <LineStyle id="3030579">
                <color>ffffffff</color>
                <colorMode>normal</colorMode>
                <width>1</width>
            </LineStyle>
            <PolyStyle id="3030578">
                <color>8000a5ff</color>
                <colorMode>normal</colorMode>
                <fill>1</fill>
                <outline>1</outline>
            </PolyStyle>
        </Style>
        <Style id="3030591">
            <LineStyle id="3030593">
                <color>ffffffff</color>
                <colorMode>normal</colorMode>
                <width>1</width>
            </LineStyle>
            <PolyStyle id="3030592">
                <color>8000a5ff</color>
                <colorMode>normal</colorMode>
                <fill>1</fill>
                <outline>1</outline>
            </PolyStyle>
        </Style>
        <Style id="3030605">
            <LineStyle id="3030607">
                <color>ffffffff</color>
                <colorMode>normal</colorMode>
                <width>1</width>
            </LineStyle>
            <PolyStyle id="3030606">
                <color>8000a5ff</color>
                <colorMode>normal</colorMode>
                <fill>1</fill>
                <outline>1</outline>
            </PolyStyle>
        </Style>
        <Style id="3030619">
            <LineStyle id="3030621">
                <color>ffffffff</color>
                <colorMode>normal</colorMode>
                <width>1</width>
            </LineStyle>
            <PolyStyle id="3030620">
                <color>8000a5ff</color>
                <colorMode>normal</colorMode>
                <fill>1</fill>
                <outline>1</outline>
            </PolyStyle>
        </Style>
        <Style id="3030633">
            <LineStyle id="3030635">
                <color>ffffffff</color>
                <colorMode>normal</colorMode>
                <width>1</width>
            </LineStyle>
            <PolyStyle id="3030634">
                <color>8000a5ff</color>
                <colorMode>normal</colorMode>
                <fill>1</fill>
                <outline>1</outline>
            </PolyStyle>
        </Style>
        <Style id="3030647">
            <LineStyle id="3030649">
                <color>ffffffff</color>
                <colorMode>normal</colorMode>
                <width>1</width>
            </LineStyle>
            <PolyStyle id="3030648">
                <color>8000a5ff</color>
                <colorMode>normal</colorMode>
                <fill>1</fill>
                <outline>1</outline>
            </PolyStyle>
        </Style>
        <Style id="3030661">
            <LineStyle id="3030663">
                <color>ffffffff</color>
                <colorMode>normal</colorMode>
                <width>1</width>
            </LineStyle>
            <PolyStyle id="3030662">
                <color>8000a5ff</color>
                <colorMode>normal</colorMode>
                <fill>1</fill>
                <outline>1</outline>
            </PolyStyle>
        </Style>
        <Style id="3030675">
            <LineStyle id="3030677">
                <color>ffffffff</color>
                <colorMode>normal</colorMode>
                <width>1</width>
            </LineStyle>
            <PolyStyle id="3030676">
                <color>8000a5ff</color>
                <colorMode>normal</colorMode>
                <fill>1</fill>
                <outline>1</outline>
            </PolyStyle>
        </Style>
        <Style id="3030689">
            <LineStyle id="3030691">
                <color>ffffffff</color>
                <colorMode>normal</colorMode>
                <width>1</width>
            </LineStyle>
            <PolyStyle id="3030690">
                <color>8000a5ff</color>
                <colorMode>normal</colorMode>
                <fill>1</fill>
                <outline>1</outline>
            </PolyStyle>
        </Style>
        <Style id="3030703">
            <LineStyle id="3030705">
                <color>ffffffff</color>
                <colorMode>normal</colorMode>
                <width>1</width>
            </LineStyle>
            <PolyStyle id="3030704">
                <color>8000a5ff</color>
                <colorMode>normal</colorMode>
                <fill>1</fill>
                <outline>1</outline>
            </PolyStyle>
        </Style>
        <Style id="3030717">
            <LineStyle id="3030719">
                <color>ffffffff</color>
                <colorMode>normal</colorMode>
                <width>1</width>
            </LineStyle>
            <PolyStyle id="3030718">
                <color>8000a5ff</color>
                <colorMode>normal</colorMode>
                <fill>1</fill>
                <outline>1</outline>
            </PolyStyle>
        </Style>
        <Style id="3030731">
            <LineStyle id="3030733">
                <color>ffffffff</color>
                <colorMode>normal</colorMode>
                <width>1</width>
            </LineStyle>
            <PolyStyle id="3030732">
                <color>8000a5ff</color>
                <colorMode>normal</colorMode>
                <fill>1</fill>
                <outline>1</outline>
            </PolyStyle>
        </Style>
        <Style id="3030745">
            <LineStyle id="3030747">
                <color>ffffffff</color>
                <colorMode>normal</colorMode>
                <width>1</width>
            </LineStyle>
            <PolyStyle id="3030746">
                <color>8000a5ff</color>
                <colorMode>normal</colorMode>
                <fill>1</fill>
                <outline>1</outline>
            </PolyStyle>
        </Style>
        <Style id="3030759">
            <LineStyle id="3030761">
                <color>ffffffff</color>
                <colorMode>normal</colorMode>
                <width>1</width>
            </LineStyle>
            <PolyStyle id="3030760">
                <color>8000a5ff</color>
                <colorMode>normal</colorMode>
                <fill>1</fill>
                <outline>1</outline>
            </PolyStyle>
        </Style>
        <Style id="3030773">
            <LineStyle id="3030775">
                <color>ffffffff</color>
                <colorMode>normal</colorMode>
                <width>1</width>
            </LineStyle>
            <PolyStyle id="3030774">
                <color>8000a5ff</color>
                <colorMode>normal</colorMode>
                <fill>1</fill>
                <outline>1</outline>
            </PolyStyle>
        </Style>
        <Style id="3030787">
            <LineStyle id="3030789">
                <color>ffffffff</color>
                <colorMode>normal</colorMode>
                <width>1</width>
            </LineStyle>
            <PolyStyle id="3030788">
                <color>8000a5ff</color>
                <colorMode>normal</colorMode>
                <fill>1</fill>
                <outline>1</outline>
            </PolyStyle>
        </Style>
        <Style id="3030801">
            <LineStyle id="3030803">
                <color>ffffffff</color>
                <colorMode>normal</colorMode>
                <width>1</width>
            </LineStyle>
            <PolyStyle id="3030802">
                <color>8000a5ff</color>
                <colorMode>normal</colorMode>
                <fill>1</fill>
                <outline>1</outline>
            </PolyStyle>
        </Style>
        <Style id="3030815">
            <LineStyle id="3030817">
                <color>ffffffff</color>
                <colorMode>normal</colorMode>
                <width>1</width>
            </LineStyle>
            <PolyStyle id="3030816">
                <color>8000a5ff</color>
                <colorMode>normal</colorMode>
                <fill>1</fill>
                <outline>1</outline>
            </PolyStyle>
        </Style>
        <Style id="3030829">
            <LineStyle id="3030831">
                <color>ffffffff</color>
                <colorMode>normal</colorMode>
                <width>1</width>
            </LineStyle>
            <PolyStyle id="3030830">
                <color>8000a5ff</color>
                <colorMode>normal</colorMode>
                <fill>1</fill>
                <outline>1</outline>
            </PolyStyle>
        </Style>
        <Style id="3030843">
            <LineStyle id="3030845">
                <color>ffffffff</color>
                <colorMode>normal</colorMode>
                <width>1</width>
            </LineStyle>
            <PolyStyle id="3030844">
                <color>8000a5ff</color>
                <colorMode>normal</colorMode>
                <fill>1</fill>
                <outline>1</outline>
            </PolyStyle>
        </Style>
        <Style id="3030857">
            <LineStyle id="3030859">
                <color>ffffffff</color>
                <colorMode>normal</colorMode>
                <width>1</width>
            </LineStyle>
            <PolyStyle id="3030858">
                <color>8000a5ff</color>
                <colorMode>normal</colorMode>
                <fill>1</fill>
                <outline>1</outline>
            </PolyStyle>
        </Style>
        <Style id="3030871">
            <LineStyle id="3030873">
                <color>ffffffff</color>
                <colorMode>normal</colorMode>
                <width>1</width>
            </LineStyle>
            <PolyStyle id="3030872">
                <color>8000a5ff</color>
                <colorMode>normal</colorMode>
                <fill>1</fill>
                <outline>1</outline>
            </PolyStyle>
        </Style>
        <Style id="3030885">
            <LineStyle id="3030887">
                <color>ffffffff</color>
                <colorMode>normal</colorMode>
                <width>1</width>
            </LineStyle>
            <PolyStyle id="3030886">
                <color>8000a5ff</color>
                <colorMode>normal</colorMode>
                <fill>1</fill>
                <outline>1</outline>
            </PolyStyle>
        </Style>
        <Style id="3030899">
            <LineStyle id="3030901">
                <color>ffffffff</color>
                <colorMode>normal</colorMode>
                <width>1</width>
            </LineStyle>
            <PolyStyle id="3030900">
                <color>8000a5ff</color>
                <colorMode>normal</colorMode>
                <fill>1</fill>
                <outline>1</outline>
            </PolyStyle>
        </Style>
        <Style id="3030913">
            <LineStyle id="3030915">
                <color>ffffffff</color>
                <colorMode>normal</colorMode>
                <width>1</width>
            </LineStyle>
            <PolyStyle id="3030914">
                <color>8000a5ff</color>
                <colorMode>normal</colorMode>
                <fill>1</fill>
                <outline>1</outline>
            </PolyStyle>
        </Style>
        <Placemark id="3029721">
            <name>45901030028.0</name>
            <description>PIN: 45901030028.0&lt;br&gt;Wetland %: 27.27&lt;br&gt;Flood %: 100.00&lt;br&gt;Parcel area (m²): 1668.08</description>
            <styleUrl>#3029726</styleUrl>
            <ExtendedData>
                <Data name="PIN">
                    <value>45901030028.0</value>
                </Data>
                <Data name="Wetland_%">
                    <value>27.27</value>
                </Data>
                <Data name="Flood_%">
                    <value>100.00</value>
                </Data>
                <Data name="Parcel_area_m2">
                    <value>1668.08</value>
                </Data>
            </ExtendedData>
            <Polygon id="3029720">
                <outerBoundaryIs>
                    <LinearRing id="3029724">
                        <coordinates>-78.97969647940147,33.639066131962984,0.0 -78.9799569552097,33.63878482726005,0.0 -78.98022202046032,33.639010294859446,0.0 -78.97988259917527,33.63922398670305,0.0 -78.9798593535513,33.63919903677886,0.0 -78.97983444916973,33.639174746104224,0.0 -78.9798087033524,33.6391513012161,0.0 -78.97978211609923,33.63912870211398,0.0 -78.97975468637432,33.639106946976575,0.0 -78.97972559494592,33.63908602330838,0.0 -78.97969647940147,33.639066131962984,0.0</coordinates>
                    </LinearRing>
                </outerBoundaryIs>
            </Polygon>
        </Placemark>
        <Placemark id="3029735">
            <name>45908020058.0</name>
            <description>PIN: 45908020058.0&lt;br&gt;Wetland %: 0.00&lt;br&gt;Flood %: 100.00&lt;br&gt;Parcel area (m²): 2010.75</description>
            <styleUrl>#3029740</styleUrl>
            <ExtendedData>
                <Data name="PIN">
                    <value>45908020058.0</value>
                </Data>
                <Data name="Wetland_%">
                    <value>0.00</value>
                </Data>
                <Data name="Flood_%">
                    <value>100.00</value>
                </Data>
                <Data name="Parcel_area_m2">
                    <value>2010.75</value>
                </Data>
            </ExtendedData>
            <Polygon id="3029734">
                <outerBoundaryIs>
                    <LinearRing id="3029738">
                        <coordinates>-78.97831635049144,33.63287072171107,0.0 -78.97843438281107,33.63278855428763,0.0 -78.97853845954968,33.63271610141568,0.0 -78.97856858766866,33.632695127261044,0.0 -78.97856870777905,33.63269524738108,0.0 -78.97888245535663,33.63301108704897,0.0 -78.97863100998029,33.63318789918701,0.0 -78.97831635049144,33.63287072171107,0.0</coordinates>
                    </LinearRing>
                </outerBoundaryIs>
            </Polygon>
        </Placemark>
        <Placemark id="3029749">
            <name>45902020019.0</name>
            <description>PIN: 45902020019.0&lt;br&gt;Wetland %: 0.00&lt;br&gt;Flood %: 100.00&lt;br&gt;Parcel area (m²): 2146.09</description>
            <styleUrl>#3029754</styleUrl>
            <ExtendedData>
                <Data name="PIN">
                    <value>45902020019.0</value>
                </Data>
                <Data name="Wetland_%">
                    <value>0.00</value>
                </Data>
                <Data name="Flood_%">
                    <value>100.00</value>
                </Data>
                <Data name="Parcel_area_m2">
                    <value>2146.09</value>
                </Data>
            </ExtendedData>
            <Polygon id="3029748">
                <outerBoundaryIs>
                    <LinearRing id="3029752">
                        <coordinates>-78.97117640717241,33.64120224012435,0.0 -78.97120220984841,33.64118823094318,0.0 -78.9712612901551,33.64115672663515,0.0 -78.9713095754989,33.64113002827825,0.0 -78.97131875181702,33.64112416570052,0.0 -78.97133210467783,33.64111545030744,0.0 -78.97134046149459,33.64110940200023,0.0 -78.97135300210726,33.641100329626866,0.0 -78.97135549339073,33.641099168243564,0.0 -78.97136220260718,33.64109343652133,0.0 -78.97137557749062,33.64108369056354,0.0 -78.97138228158471,33.641078131027406,0.0 -78.97139568577079,33.64106718235568,0.0 -78.97139736186655,33.64106583531492,0.0 -78.97140407404147,33.64105993136781,0.0 -78.97141329065782,33.641052351242074,0.0 -78.97177063425308,33.64133656890568,0.0 -78.97144934835158,33.64154658430875,0.0 -78.97144431011168,33.641551140279645,0.0 -78.9714427167866,33.641549052274726,0.0 -78.97118040523239,33.64120694537822,0.0 -78.97117640717241,33.64120224012435,0.0</coordinates>
                    </LinearRing>
                </outerBoundaryIs>
            </Polygon>
        </Placemark>
        <Placemark id="3029763">
            <name>45902040020.0</name>
            <description>PIN: 45902040020.0&lt;br&gt;Wetland %: 0.00&lt;br&gt;Flood %: 100.00&lt;br&gt;Parcel area (m²): 2087.01</description>
            <styleUrl>#3029768</styleUrl>
            <ExtendedData>
                <Data name="PIN">
                    <value>45902040020.0</value>
                </Data>
                <Data name="Wetland_%">
                    <value>0.00</value>
                </Data>
                <Data name="Flood_%">
                    <value>100.00</value>
                </Data>
                <Data name="Parcel_area_m2">
                    <value>2087.01</value>
                </Data>
            </ExtendedData>
            <Polygon id="3029762">
                <outerBoundaryIs>
                    <LinearRing id="3029766">
                        <coordinates>-78.97398862534547,33.6378576917941,0.0 -78.97432276091679,33.638150284973534,0.0 -78.97403769027777,33.63835849524043,0.0 -78.9740154209377,33.63832703012007,0.0 -78.97394421633118,33.63824493459043,0.0 -78.97387352213296,33.63817607709812,0.0 -78.97379541677738,33.638107957563804,0.0 -78.97379060940955,33.63810272501065,0.0 -78.97378581307522,33.638096975824574,0.0 -78.9737818442691,33.638091068841455,0.0 -78.97377870379435,33.63808483180333,0.0 -78.973775567357,33.63807842256008,0.0 -78.97377407764762,33.63807186895599,0.0 -78.97377259087637,33.63806514403073,0.0 -78.97377193057591,33.638058260389464,0.0 -78.9737720876154,33.638051561522985,0.0 -78.97377224867068,33.63804469135302,0.0 -78.97377404949903,33.63803801944688,0.0 -78.97377584815023,33.63803134840699,0.0 -78.9737784652186,33.638024862159476,0.0 -78.97378189556805,33.63801873379325,0.0 -78.97378614437667,33.6380127884162,0.0 -78.97379038401188,33.63800718833295,0.0 -78.97379544100708,33.63800177212265,0.0 -78.9738013072461,33.63799688599838,0.0 -78.97380798277119,33.63799252815697,0.0 -78.97390745122001,33.63792044905621,0.0 -78.9739149641926,33.63791541766237,0.0 -78.97393924243863,33.63789622831639,0.0 -78.97398862534547,33.6378576917941,0.0</coordinates>
                    </LinearRing>
                </outerBoundaryIs>
            </Polygon>
        </Placemark>
        <Placemark id="3029777">
            <name>45902030004.0</name>
            <description>PIN: 45902030004.0&lt;br&gt;Wetland %: 0.00&lt;br&gt;Flood %: 100.00&lt;br&gt;Parcel area (m²): 1879.63</description>
            <styleUrl>#3029782</styleUrl>
            <ExtendedData>
                <Data name="PIN">
                    <value>45902030004.0</value>
                </Data>
                <Data name="Wetland_%">
                    <value>0.00</value>
                </Data>
                <Data name="Flood_%">
                    <value>100.00</value>
                </Data>
                <Data name="Parcel_area_m2">
                    <value>1879.63</value>
                </Data>
            </ExtendedData>
            <Polygon id="3029776">
                <outerBoundaryIs>
                    <LinearRing id="3029780">
                        <coordinates>-78.970191574144,33.63702198270291,0.0 -78.97055794729631,33.636745872739645,0.0 -78.97074931275628,33.636923219628365,0.0 -78.97074933911063,33.636923245315714,0.0 -78.97042114571613,33.637218021978484,0.0 -78.97040333014837,33.63720690505598,0.0 -78.97038634804197,33.63719528591147,0.0 -78.97037019640997,33.637183337669555,0.0 -78.97035405878027,33.63717070147186,0.0 -78.97033875276644,33.63715773349013,0.0 -78.97032345260426,33.637144424667504,0.0 -78.970191574144,33.63702198270291,0.0</coordinates>
                    </LinearRing>
                </outerBoundaryIs>
            </Polygon>
        </Placemark>
        <Placemark id="3029791">
            <name>45902040032.0</name>
            <description>PIN: 45902040032.0&lt;br&gt;Wetland %: 0.00&lt;br&gt;Flood %: 100.00&lt;br&gt;Parcel area (m²): 2019.14</description>
            <styleUrl>#3029796</styleUrl>
            <ExtendedData>
                <Data name="PIN">
                    <value>45902040032.0</value>
                </Data>
                <Data name="Wetland_%">
                    <value>0.00</value>
                </Data>
                <Data name="Flood_%">
                    <value>100.00</value>
                </Data>
                <Data name="Parcel_area_m2">
                    <value>2019.14</value>
                </Data>
            </ExtendedData>
            <Polygon id="3029790">
                <outerBoundaryIs>
                    <LinearRing id="3029794">
                        <coordinates>-78.97529455262769,33.63710883460389,0.0 -78.97535124847762,33.63703863020356,0.0 -78.97556956916618,33.63676832742929,0.0 -78.97557124004457,33.63676715071532,0.0 -78.97584128542036,33.63691951515613,0.0 -78.97584372131108,33.63692075735852,0.0 -78.97584204749967,33.63692210539738,0.0 -78.97556702938947,33.637262613135164,0.0 -78.97529455262769,33.63710883460389,0.0</coordinates>
                    </LinearRing>
                </outerBoundaryIs>
            </Polygon>
        </Placemark>
        <Placemark id="3029805">
            <name>45902040031.0</name>
            <description>PIN: 45902040031.0&lt;br&gt;Wetland %: 0.00&lt;br&gt;Flood %: 100.00&lt;br&gt;Parcel area (m²): 2386.81</description>
            <styleUrl>#3029810</styleUrl>
            <ExtendedData>
                <Data name="PIN">
                    <value>45902040031.0</value>
                </Data>
                <Data name="Wetland_%">
                    <value>0.00</value>
                </Data>
                <Data name="Flood_%">
                    <value>100.00</value>
                </Data>
                <Data name="Parcel_area_m2">
                    <value>2386.81</value>
                </Data>
            </ExtendedData>
            <Polygon id="3029804">
                <outerBoundaryIs>
                    <LinearRing id="3029808">
                        <coordinates>-78.97494252715732,33.6368082183782,0.0 -78.97511599259839,33.63659370952293,0.0 -78.97511853306298,33.63659048702868,0.0 -78.97512188682208,33.63658762150543,0.0 -78.97512524273674,33.63658475601742,0.0 -78.97512776898465,33.63658204829985,0.0 -78.97513194119205,33.636579365756646,0.0 -78.97513528289002,33.636577015045255,0.0 -78.97513862055364,33.63657483653886,0.0 -78.97514194613574,33.63657317374619,0.0 -78.9751469305168,33.63657084995894,0.0 -78.97515107748261,33.63656919882504,0.0 -78.97515522144984,33.63656772171699,0.0 -78.97515935525622,33.63656658627894,0.0 -78.97516431146101,33.6365654652221,0.0 -78.97516843831913,33.63656467240849,0.0 -78.97517338244258,33.63656406706509,0.0 -78.97517750121123,33.636563619563034,0.0 -78.97518243730863,33.63656335682636,0.0 -78.97518736643693,33.636563437615806,0.0 -78.97519146805473,33.63656367621134,0.0 -78.97519638913607,33.63656410050909,0.0 -78.97520048270698,33.636564682613006,0.0 -78.97520539172862,33.63656562172261,0.0 -78.97520947319762,33.63656672044159,0.0 -78.97521355283077,33.6365679895978,0.0 -78.9752184475949,33.636569445286916,0.0 -78.97522251516857,33.63657122925496,0.0 -78.97522658056548,33.63657301408916,0.0 -78.97523064007153,33.63657514246722,0.0 -78.97556880414099,33.63676590940913,0.0 -78.97557124004457,33.63676715071532,0.0 -78.97556956916618,33.63676832742929,0.0 -78.97535124847762,33.63703863020356,0.0 -78.97494252715732,33.6368082183782,0.0</coordinates>
                    </LinearRing>
                </outerBoundaryIs>
            </Polygon>
        </Placemark>
        <Placemark id="3029819">
            <name>45901040022.0</name>
            <description>PIN: 45901040022.0&lt;br&gt;Wetland %: 0.00&lt;br&gt;Flood %: 100.00&lt;br&gt;Parcel area (m²): 1618.90</description>
            <styleUrl>#3029824</styleUrl>
            <ExtendedData>
                <Data name="PIN">
                    <value>45901040022.0</value>
                </Data>
                <Data name="Wetland_%">
                    <value>0.00</value>
                </Data>
                <Data name="Flood_%">
                    <value>100.00</value>
                </Data>
                <Data name="Parcel_area_m2">
                    <value>1618.90</value>
                </Data>
            </ExtendedData>
            <Polygon id="3029818">
                <outerBoundaryIs>
                    <LinearRing id="3029822">
                        <coordinates>-78.98186586984384,33.63828579520883,0.0 -78.9819003005932,33.63825405459241,0.0 -78.98193634885337,33.638223373113014,0.0 -78.98197319334984,33.6381937337461,0.0 -78.98209936984215,33.63810370104335,0.0 -78.98241199021889,33.63837696342072,0.0 -78.9822261085965,33.6385190518975,0.0 -78.98186586984384,33.63828579520883,0.0</coordinates>
                    </LinearRing>
                </outerBoundaryIs>
            </Polygon>
        </Placemark>
        <Placemark id="3029833">
            <name>45908020059.0</name>
            <description>PIN: 45908020059.0&lt;br&gt;Wetland %: 0.00&lt;br&gt;Flood %: 100.00&lt;br&gt;Parcel area (m²): 2016.92</description>
            <styleUrl>#3029838</styleUrl>
            <ExtendedData>
                <Data name="PIN">
                    <value>45908020059.0</value>
                </Data>
                <Data name="Wetland_%">
                    <value>0.00</value>
                </Data>
                <Data name="Flood_%">
                    <value>100.00</value>
                </Data>
                <Data name="Parcel_area_m2">
                    <value>2016.92</value>
                </Data>
            </ExtendedData>
            <Polygon id="3029832">
                <outerBoundaryIs>
                    <LinearRing id="3029836">
                        <coordinates>-78.97806329093864,33.6330463040018,0.0 -78.9780911828243,33.63302695113163,0.0 -78.97823398599111,33.632927869300985,0.0 -78.97831635049144,33.63287072171107,0.0 -78.97863100998029,33.63318789918701,0.0 -78.9783779501381,33.63336348211383,0.0 -78.97806329093864,33.6330463040018,0.0</coordinates>
                    </LinearRing>
                </outerBoundaryIs>
            </Polygon>
        </Placemark>
        <Placemark id="3029847">
            <name>45907020024.0</name>
            <description>PIN: 45907020024.0&lt;br&gt;Wetland %: 0.00&lt;br&gt;Flood %: 100.00&lt;br&gt;Parcel area (m²): 2371.72</description>
            <styleUrl>#3029852</styleUrl>
            <ExtendedData>
                <Data name="PIN">
                    <value>45907020024.0</value>
                </Data>
                <Data name="Wetland_%">
                    <value>0.00</value>
                </Data>
                <Data name="Flood_%">
                    <value>100.00</value>
                </Data>
                <Data name="Parcel_area_m2">
                    <value>2371.72</value>
                </Data>
            </ExtendedData>
            <Polygon id="3029846">
                <outerBoundaryIs>
                    <LinearRing id="3029850">
                        <coordinates>-78.9722391873263,33.63301851936514,0.0 -78.97245468899487,33.63274376605584,0.0 -78.972792839185,33.632928807162834,0.0 -78.97279689630435,33.63293093558662,0.0 -78.97280012513869,33.632933394058895,0.0 -78.97280417635791,33.63293586602653,0.0 -78.97280740117516,33.632938495802144,0.0 -78.97281061791534,33.63294146998795,0.0 -78.97281301334876,33.63294443069596,0.0 -78.9728162260719,33.632947576185174,0.0 -78.97281861748822,33.632950708196624,0.0 -78.9728210008698,33.63295418281512,0.0 -78.97282338528711,33.63295765925442,0.0 -78.97282494628408,33.632961120377495,0.0 -78.97282650427813,33.632964755526565,0.0 -78.97282805829718,33.63296856017591,0.0 -78.972828789889,33.63297235313319,0.0 -78.97282952367878,33.6329761443226,0.0 -78.9728302563697,33.632979936395905,0.0 -78.97283098392313,33.632983901558305,0.0 -78.9728308953279,33.6329876792524,0.0 -78.97283080267296,33.632991630053255,0.0 -78.97282989384809,33.632995394287384,0.0 -78.9728298011931,33.63299934508822,0.0 -78.97282806890492,33.633003095809386,0.0 -78.9728271600375,33.63300686184671,0.0 -78.97282543284437,33.63301044128191,0.0 -78.97282370562992,33.63301402161873,0.0 -78.97282197951432,33.633017601071586,0.0 -78.9728194339315,33.63302099660943,0.0 -78.97281771077634,33.633024403839364,0.0 -78.97264661186556,33.63324307299084,0.0 -78.9722391873263,33.63301851936514,0.0</coordinates>
                    </LinearRing>
                </outerBoundaryIs>
            </Polygon>
        </Placemark>
        <Placemark id="3029861">
            <name>45907020001.0</name>
            <description>PIN: 45907020001.0&lt;br&gt;Wetland %: 0.00&lt;br&gt;Flood %: 100.00&lt;br&gt;Parcel area (m²): 1881.76</description>
            <styleUrl>#3029866</styleUrl>
            <ExtendedData>
                <Data name="PIN">
                    <value>45907020001.0</value>
                </Data>
                <Data name="Wetland_%">
                    <value>0.00</value>
                </Data>
                <Data name="Flood_%">
                    <value>100.00</value>
                </Data>
                <Data name="Parcel_area_m2">
                    <value>1881.76</value>
                </Data>
            </ExtendedData>
            <Polygon id="3029860">
                <outerBoundaryIs>
                    <LinearRing id="3029864">
                        <coordinates>-78.97096427418947,33.63280771427309,0.0 -78.97096924341673,33.63280607768796,0.0 -78.97097256491294,33.63280458631001,0.0 -78.97097504899808,33.63280376755768,0.0 -78.97098003623819,33.63280127171437,0.0 -78.97098335369179,33.63279995254127,0.0 -78.97098584584005,33.632798790280106,0.0 -78.97098834198815,33.63279745761699,0.0 -78.97099084219958,33.63279595184709,0.0 -78.97099584367889,33.63279294122653,0.0 -78.97099918132191,33.63279076192914,0.0 -78.9710008470232,33.63278975926685,0.0 -78.97100251492249,33.63278875483673,0.0 -78.97101926651969,33.63277511206464,0.0 -78.9710217828352,33.63277292017858,0.0 -78.97102431529808,33.63277004037364,0.0 -78.9710248376183,33.63276951590309,0.0 -78.97102683967648,33.632767504978844,0.0 -78.97103022569671,33.63276326462904,0.0 -78.97103361571645,33.63275885387723,0.0 -78.97103531584622,33.6327564763139,0.0 -78.97104167150378,33.632746717032475,0.0 -78.97104383933576,33.63274338567751,0.0 -78.97104555343542,33.63274032106142,0.0 -78.97105165732307,33.632725302011046,0.0 -78.97105254719557,33.63272239432501,0.0 -78.97105259961613,33.63272016106833,0.0 -78.97105436424914,33.63271503543593,0.0 -78.97105443277461,33.632712116063686,0.0 -78.97105530540058,33.632709897180305,0.0 -78.9710553981152,33.6327059472822,0.0 -78.97105649062048,33.63269445280051,0.0 -78.971055914151,33.63268396273186,0.0 -78.97105519472345,33.63267965495189,0.0 -78.97105451451228,33.632673630512755,0.0 -78.97105374450845,33.6326713855521,0.0 -78.97105298773008,33.6326686230923,0.0 -78.97105228849222,33.63266345518832,0.0 -78.97105072943685,33.632659822703815,0.0 -78.97104994148418,33.63265843429609,0.0 -78.97104841068152,33.63265359817902,0.0 -78.971046064773,33.63264857640279,0.0 -78.97104371374478,33.63264372681389,0.0 -78.97104135867467,33.632639049430075,0.0 -78.97112332962166,33.63268214947365,0.0 -78.97144670834817,33.632827069514555,0.0 -78.97141925820107,33.632862133728686,0.0 -78.97115869357344,33.633194970950846,0.0 -78.97111254777707,33.63310654041775,0.0 -78.97096427418947,33.63280771427309,0.0</coordinates>
                    </LinearRing>
                </outerBoundaryIs>
            </Polygon>
        </Placemark>
        <Placemark id="3029875">
            <name>45902040034.0</name>
            <description>PIN: 45902040034.0&lt;br&gt;Wetland %: 0.00&lt;br&gt;Flood %: 100.00&lt;br&gt;Parcel area (m²): 3173.26</description>
            <styleUrl>#3029880</styleUrl>
            <ExtendedData>
                <Data name="PIN">
                    <value>45902040034.0</value>
                </Data>
                <Data name="Wetland_%">
                    <value>0.00</value>
                </Data>
                <Data name="Flood_%">
                    <value>100.00</value>
                </Data>
                <Data name="Parcel_area_m2">
                    <value>3173.26</value>
                </Data>
            </ExtendedData>
            <Polygon id="3029874">
                <outerBoundaryIs>
                    <LinearRing id="3029878">
                        <coordinates>-78.97584843551502,33.63742117694849,0.0 -78.97612262953983,33.63708065419987,0.0 -78.97612429634226,33.6370796514868,0.0 -78.97612583449377,33.63708414310976,0.0 -78.97612819504904,33.63708864910764,0.0 -78.9761305504945,33.637093327292945,0.0 -78.97613208754761,33.63709781979976,0.0 -78.97613527238381,33.63710216793191,0.0 -78.9761376359155,33.63710650080517,0.0 -78.9761408247634,33.63711067763368,0.0 -78.97614401872163,33.63711468227457,0.0 -78.97614721164452,33.637118685094514,0.0 -78.97615122880586,33.63712253185197,0.0 -78.97615525513086,33.63712603331498,0.0 -78.97615928249184,33.637129536598756,0.0 -78.97616330771851,33.63713303894548,0.0 -78.97616816451283,33.63713621037246,0.0 -78.97617220177321,33.63713919880824,0.0 -78.97617706257923,33.637142198931386,0.0 -78.9761819303297,33.637144856429536,0.0 -78.9761868010347,33.63714734170468,0.0 -78.97619249817627,33.63714966914903,0.0 -78.97619737908063,33.63715181095041,0.0 -78.97620308831898,33.637153621778815,0.0 -78.97620797618896,33.6371554200534,0.0 -78.97621369342853,33.6371568891758,0.0 -78.97621941472146,33.63715818519119,0.0 -78.97622514004657,33.6371593090012,0.0 -78.9762308693405,33.63716026331053,0.0 -78.97623660779756,33.637160872325374,0.0 -78.9762423491877,33.63716131001875,0.0 -78.97624809460989,33.63716157550672,0.0 -78.97625384589799,33.63716149835198,0.0 -78.97626042178845,33.637161433803186,0.0 -78.9762661832751,33.63716101317443,0.0 -78.97627195390348,33.63716024815285,0.0 -78.97627772343274,33.637159484014894,0.0 -78.97628350100459,33.637158376367964,0.0 -78.97628846020383,33.63715708214177,0.0 -78.97629424583916,33.637155630084,0.0 -78.97636013570302,33.63728935643272,0.0 -78.97654999597896,33.637673048522046,0.0 -78.97655236351513,33.63767721188668,0.0 -78.9765520570762,33.63767717439754,0.0 -78.97654580985626,33.63767641726378,0.0 -78.97624337209314,33.63764397113516,0.0 -78.97612741079183,33.63757832571526,0.0 -78.97584843551502,33.63742117694849,0.0</coordinates>
                    </LinearRing>
                </outerBoundaryIs>
            </Polygon>
        </Placemark>
        <Placemark id="3029889">
            <name>45901040021.0</name>
            <description>PIN: 45901040021.0&lt;br&gt;Wetland %: 1.16&lt;br&gt;Flood %: 100.00&lt;br&gt;Parcel area (m²): 1571.12</description>
            <styleUrl>#3029894</styleUrl>
            <ExtendedData>
                <Data name="PIN">
                    <value>45901040021.0</value>
                </Data>
                <Data name="Wetland_%">
                    <value>1.16</value>
                </Data>
                <Data name="Flood_%">
                    <value>100.00</value>
                </Data>
                <Data name="Parcel_area_m2">
                    <value>1571.12</value>
                </Data>
            </ExtendedData>
            <Polygon id="3029888">
                <outerBoundaryIs>
                    <LinearRing id="3029892">
                        <coordinates>-78.98209936984215,33.63810370104335,0.0 -78.98231083097176,33.63795045410329,0.0 -78.9826228027362,33.63822369814298,0.0 -78.98241199021889,33.63837696342072,0.0 -78.98209936984215,33.63810370104335,0.0</coordinates>
                    </LinearRing>
                </outerBoundaryIs>
            </Polygon>
        </Placemark>
        <Placemark id="3029903">
            <name>45902040026.0</name>
            <description>PIN: 45902040026.0&lt;br&gt;Wetland %: 0.00&lt;br&gt;Flood %: 100.00&lt;br&gt;Parcel area (m²): 3291.02</description>
            <styleUrl>#3029908</styleUrl>
            <ExtendedData>
                <Data name="PIN">
                    <value>45902040026.0</value>
                </Data>
                <Data name="Wetland_%">
                    <value>0.00</value>
                </Data>
                <Data name="Flood_%">
                    <value>100.00</value>
                </Data>
                <Data name="Parcel_area_m2">
                    <value>3291.02</value>
                </Data>
            </ExtendedData>
            <Polygon id="3029902">
                <outerBoundaryIs>
                    <LinearRing id="3029906">
                        <coordinates>-78.97536638563872,33.637935782690164,0.0 -78.9753672392003,33.63793442121489,0.0 -78.97536975958948,33.63793205703686,0.0 -78.97537395485243,33.63792834664738,0.0 -78.9753773379269,33.637924277502925,0.0 -78.9753798974694,33.637920195764,0.0 -78.97538328451361,33.637915957119056,0.0 -78.97538585212304,33.63791153096979,0.0 -78.97538842078902,33.63790710573971,0.0 -78.97539099348846,33.63790250830446,0.0 -78.97539274588998,33.637897898327886,0.0 -78.97539449615661,33.63789328741427,0.0 -78.97539625259147,33.637888505232524,0.0 -78.97539718551597,33.637883709554856,0.0 -78.97539894195047,33.637878927373045,0.0 -78.97539905863214,33.63787394604738,0.0 -78.97539999259202,33.63786915219053,0.0 -78.97540010929474,33.637864169963265,0.0 -78.97540022597632,33.63785918863756,0.0 -78.97539951727015,33.63785436605643,0.0 -78.97539963393062,33.637849385632336,0.0 -78.97539810279274,33.63784454957299,0.0 -78.9753973951647,33.63783972700951,0.0 -78.9753958640271,33.63783489095015,0.0 -78.97580872427268,33.6377485315612,0.0 -78.97593010267943,33.63772320131377,0.0 -78.97600190398936,33.637779876064926,0.0 -78.97599785740375,33.63795268255509,0.0 -78.97599386007906,33.63812338471211,0.0 -78.9759937796185,33.63812682070008,0.0 -78.97581447259519,33.638274912437204,0.0 -78.97581042720721,33.63827226930205,0.0 -78.97549233359081,33.63803114555828,0.0 -78.97536799913968,33.637937010521725,0.0 -78.97536638563872,33.637935782690164,0.0</coordinates>
                    </LinearRing>
                </outerBoundaryIs>
            </Polygon>
        </Placemark>
        <Placemark id="3029917">
            <name>45902040013.0</name>
            <description>PIN: 45902040013.0&lt;br&gt;Wetland %: 0.00&lt;br&gt;Flood %: 100.00&lt;br&gt;Parcel area (m²): 2433.49</description>
            <styleUrl>#3029922</styleUrl>
            <ExtendedData>
                <Data name="PIN">
                    <value>45902040013.0</value>
                </Data>
                <Data name="Wetland_%">
                    <value>0.00</value>
                </Data>
                <Data name="Flood_%">
                    <value>100.00</value>
                </Data>
                <Data name="Parcel_area_m2">
                    <value>2433.49</value>
                </Data>
            </ExtendedData>
            <Polygon id="3029916">
                <outerBoundaryIs>
                    <LinearRing id="3029920">
                        <coordinates>-78.97326800065565,33.63834895973964,0.0 -78.97348002042712,33.63820759377062,0.0 -78.97348586255734,33.63820373728534,0.0 -78.97349336456556,33.63819922164854,0.0 -78.97350249611773,33.63819524865342,0.0 -78.97351079024675,33.63819194739826,0.0 -78.97351989361968,33.63818917623067,0.0 -78.97352898090568,33.63818709117783,0.0 -78.97353886938217,33.63818587972074,0.0 -78.97354874688752,33.63818518219087,0.0 -78.97355778585063,33.638185158186715,0.0 -78.97356762898552,33.63818583465388,0.0 -78.97357745812704,33.63818719997579,0.0 -78.97358644874815,33.638189237922,0.0 -78.97359542328384,33.6381919619829,0.0 -78.9736043817132,33.6381953730601,0.0 -78.97361250671672,33.638199285476205,0.0 -78.97362061557193,33.63820388671186,0.0 -78.97362789102257,33.638208988385074,0.0 -78.97363515436237,33.63821460667291,0.0 -78.97373034418445,33.638290051605196,0.0 -78.97378898158854,33.63834737039334,0.0 -78.9738506087203,33.638417452885776,0.0 -78.9738855798332,33.63846785521114,0.0 -78.97357263609851,33.63867320181452,0.0 -78.97326800065565,33.63834895973964,0.0</coordinates>
                    </LinearRing>
                </outerBoundaryIs>
            </Polygon>
        </Placemark>
        <Placemark id="3029931">
            <name>45902030032.0</name>
            <description>PIN: 45902030032.0&lt;br&gt;Wetland %: 0.00&lt;br&gt;Flood %: 100.00&lt;br&gt;Parcel area (m²): 4391.46</description>
            <styleUrl>#3029936</styleUrl>
            <ExtendedData>
                <Data name="PIN">
                    <value>45902030032.0</value>
                </Data>
                <Data name="Wetland_%">
                    <value>0.00</value>
                </Data>
                <Data name="Flood_%">
                    <value>100.00</value>
                </Data>
                <Data name="Parcel_area_m2">
                    <value>4391.46</value>
                </Data>
            </ExtendedData>
            <Polygon id="3029930">
                <outerBoundaryIs>
                    <LinearRing id="3029934">
                        <coordinates>-78.96980350413752,33.63930252386441,0.0 -78.97057763013609,33.63888210039742,0.0 -78.97072263842759,33.63946042691495,0.0 -78.97071691194373,33.639459302832655,0.0 -78.9707111825583,33.63945834826796,0.0 -78.97070544506558,33.63945773901442,0.0 -78.97069970757295,33.63945712976061,0.0 -78.97069396203642,33.63945686311317,0.0 -78.9706873870451,33.63945692738341,0.0 -78.97068163344345,33.63945700424354,0.0 -78.9706758717766,33.6394574246117,0.0 -78.97067010606649,33.63945801718448,0.0 -78.97066433226989,33.63945895416684,0.0 -78.9706585585155,33.63945988934566,0.0 -78.97065277665337,33.639461169835684,0.0 -78.9706469908113,33.639462619825544,0.0 -78.9706411968614,33.63946441512651,0.0 -78.9706362232019,33.63946622390177,0.0 -78.97063042120729,33.63946836180885,0.0 -78.97062543653779,33.63947068541286,0.0 -78.97062044890264,33.639473181239296,0.0 -78.97061545511035,33.63947584743182,0.0 -78.97061045430907,33.63947885805168,0.0 -78.970606274855,33.63948188306528,0.0 -78.97060127003091,33.639485064988065,0.0 -78.97059708360983,33.63948843262569,0.0 -78.97059289206715,33.63949197245041,0.0 -78.97058869544513,33.63949568265897,0.0 -78.97058531720509,33.639499579484124,0.0 -78.97058194004268,33.63950347632687,0.0 -78.97057855377876,33.639507714856876,0.0 -78.97057516639423,33.63951195517227,0.0 -78.97057260253435,33.63951620901555,0.0 -78.97057003249606,33.63952063412672,0.0 -78.97056745949207,33.639525231460446,0.0 -78.97056777832042,33.63953029840821,0.0 -78.96980350413752,33.63930252386441,0.0</coordinates>
                    </LinearRing>
                </outerBoundaryIs>
            </Polygon>
        </Placemark>
        <Placemark id="3029945">
            <name>45902040016.0</name>
            <description>PIN: 45902040016.0&lt;br&gt;Wetland %: 0.00&lt;br&gt;Flood %: 100.00&lt;br&gt;Parcel area (m²): 3260.62</description>
            <styleUrl>#3029950</styleUrl>
            <ExtendedData>
                <Data name="PIN">
                    <value>45902040016.0</value>
                </Data>
                <Data name="Wetland_%">
                    <value>0.00</value>
                </Data>
                <Data name="Flood_%">
                    <value>100.00</value>
                </Data>
                <Data name="Parcel_area_m2">
                    <value>3260.62</value>
                </Data>
            </ExtendedData>
            <Polygon id="3029944">
                <outerBoundaryIs>
                    <LinearRing id="3029948">
                        <coordinates>-78.97397405172103,33.63946088310348,0.0 -78.97408739609334,33.63890209192179,0.0 -78.97408900959418,33.63890331976985,0.0 -78.97409386930693,33.638906321759634,0.0 -78.97409873817058,33.63890897935684,0.0 -78.97410360597779,33.63891163603457,0.0 -78.97410930210167,33.63891396355666,0.0 -78.97411417796096,33.63891627672551,0.0 -78.9741198832359,33.638918259854755,0.0 -78.97412559360416,33.63892007169795,0.0 -78.97413130690991,33.638921712219734,0.0 -78.97413702828841,33.63892300833123,0.0 -78.97414275366107,33.63892413404057,0.0 -78.97414848309126,33.63892508664302,0.0 -78.97415421653666,33.63892586794178,0.0 -78.97415995805461,33.63892630483023,0.0 -78.97416570356654,33.63892657131656,0.0 -78.97417227851494,33.63892650686121,0.0 -78.97417803207816,33.63892642983849,0.0 -78.97418379369262,33.63892600930697,0.0 -78.97418955934315,33.63892541657018,0.0 -78.97419533304475,33.63892448032467,0.0 -78.97420110674624,33.63892354407886,0.0 -78.97420688849871,33.63892226432429,0.0 -78.974212674266,33.638920813266026,0.0 -78.9742184681053,33.63891901779741,0.0 -78.97422344567335,33.6389170375744,0.0 -78.9742292435271,33.638915070801815,0.0 -78.97423422698978,33.63891274703457,0.0 -78.9742392155662,33.638910251079736,0.0 -78.97424420921404,33.6389075847405,0.0 -78.97424920877776,33.638904573955685,0.0 -78.97425338913322,33.63890154973783,0.0 -78.97425839273231,33.63889836674755,0.0 -78.97426258111693,33.638894999922535,0.0 -78.97449825158554,33.63935728132882,0.0 -78.97446809866626,33.639381702247135,0.0 -78.97424860684062,33.639561262847124,0.0 -78.97397405172103,33.63946088310348,0.0</coordinates>
                    </LinearRing>
                </outerBoundaryIs>
            </Polygon>
        </Placemark>
        <Placemark id="3029959">
            <name>45901040016.0</name>
            <description>PIN: 45901040016.0&lt;br&gt;Wetland %: 0.00&lt;br&gt;Flood %: 100.00&lt;br&gt;Parcel area (m²): 1801.60</description>
            <styleUrl>#3029964</styleUrl>
            <ExtendedData>
                <Data name="PIN">
                    <value>45901040016.0</value>
                </Data>
                <Data name="Wetland_%">
                    <value>0.00</value>
                </Data>
                <Data name="Flood_%">
                    <value>100.00</value>
                </Data>
                <Data name="Parcel_area_m2">
                    <value>1801.60</value>
                </Data>
            </ExtendedData>
            <Polygon id="3029958">
                <outerBoundaryIs>
                    <LinearRing id="3029962">
                        <coordinates>-78.98287867065713,33.637243582029164,0.0 -78.9828834697625,33.63721393507478,0.0 -78.98288667640043,33.63718220118061,0.0 -78.98288902854378,33.63715182789433,0.0 -78.98288974602656,33.63712108337574,0.0 -78.98288964106194,33.6370903263302,0.0 -78.98288787447046,33.63706039990107,0.0 -78.9828844862729,33.63702958924743,0.0 -78.98335637207536,33.636974525226876,0.0 -78.98334889466425,33.63727952752429,0.0 -78.98287867065713,33.637243582029164,0.0</coordinates>
                    </LinearRing>
                </outerBoundaryIs>
            </Polygon>
        </Placemark>
        <Placemark id="3029973">
            <name>45902030007.0</name>
            <description>PIN: 45902030007.0&lt;br&gt;Wetland %: 0.00&lt;br&gt;Flood %: 100.00&lt;br&gt;Parcel area (m²): 2016.44</description>
            <styleUrl>#3029978</styleUrl>
            <ExtendedData>
                <Data name="PIN">
                    <value>45902030007.0</value>
                </Data>
                <Data name="Wetland_%">
                    <value>0.00</value>
                </Data>
                <Data name="Flood_%">
                    <value>100.00</value>
                </Data>
                <Data name="Parcel_area_m2">
                    <value>2016.44</value>
                </Data>
            </ExtendedData>
            <Polygon id="3029972">
                <outerBoundaryIs>
                    <LinearRing id="3029976">
                        <coordinates>-78.97113718369252,33.63674748583446,0.0 -78.97128010066622,33.63666493014021,0.0 -78.97140789422185,33.63659110841051,0.0 -78.9716867323749,33.63692867745614,0.0 -78.97168834284162,33.636930077558645,0.0 -78.97168667599058,33.636931080211866,0.0 -78.97141845308298,33.63708646997759,0.0 -78.97113718369252,33.63674748583446,0.0</coordinates>
                    </LinearRing>
                </outerBoundaryIs>
            </Polygon>
        </Placemark>
        <Placemark id="3029987">
            <name>45901010027.0</name>
            <description>PIN: 45901010027.0&lt;br&gt;Wetland %: 0.00&lt;br&gt;Flood %: 100.00&lt;br&gt;Parcel area (m²): 2846.43</description>
            <styleUrl>#3029992</styleUrl>
            <ExtendedData>
                <Data name="PIN">
                    <value>45901010027.0</value>
                </Data>
                <Data name="Wetland_%">
                    <value>0.00</value>
                </Data>
                <Data name="Flood_%">
                    <value>100.00</value>
                </Data>
                <Data name="Parcel_area_m2">
                    <value>2846.43</value>
                </Data>
            </ExtendedData>
            <Polygon id="3029986">
                <outerBoundaryIs>
                    <LinearRing id="3029990">
                        <coordinates>-78.98207827826282,33.64055557674038,0.0 -78.98240827940235,33.64078292710921,0.0 -78.98207677514274,33.64108833922698,0.0 -78.98195173035465,33.6410485234104,0.0 -78.98190791803009,33.64102461160415,0.0 -78.98186580246886,33.64099832292158,0.0 -78.981822061305,33.64097131948727,0.0 -78.98177912553149,33.640945015571575,0.0 -78.9817540585822,33.640927596351624,0.0 -78.98172899784117,33.64091000405497,0.0 -78.98172274250598,33.640896329441816,0.0 -78.98172553555713,33.64088228493222,0.0 -78.98173646326599,33.640871811516256,0.0 -78.98174907973244,33.64085930294596,0.0 -78.98178686927344,33.64082452446706,0.0 -78.9818254910889,33.640789245465605,0.0 -78.9818649422763,33.64075363636062,0.0 -78.98187417400533,33.64074536753493,0.0 -78.98190777522944,33.64071395790373,0.0 -78.98194473119874,33.64067968257419,0.0 -78.98195060922116,33.640674279449335,0.0 -78.98199261667246,33.640634760652404,0.0 -78.98203544546644,33.64059525525735,0.0 -78.98207490851934,33.64055913037011,0.0 -78.98207827826282,33.64055557674038,0.0</coordinates>
                    </LinearRing>
                </outerBoundaryIs>
            </Polygon>
        </Placemark>
        <Placemark id="3030001">
            <name>45902040017.0</name>
            <description>PIN: 45902040017.0&lt;br&gt;Wetland %: 0.00&lt;br&gt;Flood %: 100.00&lt;br&gt;Parcel area (m²): 2796.20</description>
            <styleUrl>#3030006</styleUrl>
            <ExtendedData>
                <Data name="PIN">
                    <value>45902040017.0</value>
                </Data>
                <Data name="Wetland_%">
                    <value>0.00</value>
                </Data>
                <Data name="Flood_%">
                    <value>100.00</value>
                </Data>
                <Data name="Parcel_area_m2">
                    <value>2796.20</value>
                </Data>
            </ExtendedData>
            <Polygon id="3030000">
                <outerBoundaryIs>
                    <LinearRing id="3030004">
                        <coordinates>-78.97426258111693,33.638894999922535,0.0 -78.97426677142359,33.63889145905372,0.0 -78.97427014541677,33.638887735234206,0.0 -78.97427434590838,33.638883851793594,0.0 -78.97427772393694,33.63887995576884,0.0 -78.97428110600114,33.63887588753891,0.0 -78.97428367073749,33.63887163363587,0.0 -78.97428706085192,33.6388672218973,0.0 -78.97428962554545,33.638862969797344,0.0 -78.97429219833178,33.63885837238569,0.0 -78.97429394867655,33.63885376148838,0.0 -78.97429570519179,33.63884897932298,0.0 -78.97429745551503,33.63884436932722,0.0 -78.97429839068784,33.638839572792286,0.0 -78.97430014906149,33.63883461928798,0.0 -78.97430026177183,33.63882981016914,0.0 -78.97452679484816,33.63880551816168,0.0 -78.97483982330664,33.63877182033176,0.0 -78.97465412127403,33.63922949239422,0.0 -78.97465407676374,33.63922959719188,0.0 -78.97449825158554,33.63935728132882,0.0 -78.97426258111693,33.638894999922535,0.0</coordinates>
                    </LinearRing>
                </outerBoundaryIs>
            </Polygon>
        </Placemark>
        <Placemark id="3030015">
            <name>45901010032.0</name>
            <description>PIN: 45901010032.0&lt;br&gt;Wetland %: 19.89&lt;br&gt;Flood %: 100.00&lt;br&gt;Parcel area (m²): 2389.54</description>
            <styleUrl>#3030020</styleUrl>
            <ExtendedData>
                <Data name="PIN">
                    <value>45901010032.0</value>
                </Data>
                <Data name="Wetland_%">
                    <value>19.89</value>
                </Data>
                <Data name="Flood_%">
                    <value>100.00</value>
                </Data>
                <Data name="Parcel_area_m2">
                    <value>2389.54</value>
                </Data>
            </ExtendedData>
            <Polygon id="3030014">
                <outerBoundaryIs>
                    <LinearRing id="3030018">
                        <coordinates>-78.98174733543793,33.639913575554864,0.0 -78.98177436943266,33.63988188550226,0.0 -78.98193280482457,33.63960258515122,0.0 -78.9820030972955,33.63957521484959,0.0 -78.98226541009758,33.640072038138356,0.0 -78.9822379798916,33.64008550800701,0.0 -78.98220178659068,33.6401223736281,0.0 -78.9822000767604,33.64012526619022,0.0 -78.98219836877334,33.640127987413464,0.0 -78.98218027781073,33.640163774128325,0.0 -78.98218017988205,33.64020311884808,0.0 -78.98218006358802,33.64020810017838,0.0 -78.98217989917666,33.64021514256223,0.0 -78.98217888642867,33.640223372477145,0.0 -78.98217372449636,33.64023325462714,0.0 -78.98174733543793,33.639913575554864,0.0</coordinates>
                    </LinearRing>
                </outerBoundaryIs>
            </Polygon>
        </Placemark>
        <Placemark id="3030029">
            <name>45902020013.0</name>
            <description>PIN: 45902020013.0&lt;br&gt;Wetland %: 0.00&lt;br&gt;Flood %: 100.00&lt;br&gt;Parcel area (m²): 2385.46</description>
            <styleUrl>#3030034</styleUrl>
            <ExtendedData>
                <Data name="PIN">
                    <value>45902020013.0</value>
                </Data>
                <Data name="Wetland_%">
                    <value>0.00</value>
                </Data>
                <Data name="Flood_%">
                    <value>100.00</value>
                </Data>
                <Data name="Parcel_area_m2">
                    <value>2385.46</value>
                </Data>
            </ExtendedData>
            <Polygon id="3030028">
                <outerBoundaryIs>
                    <LinearRing id="3030032">
                        <coordinates>-78.9708204805572,33.63965415801594,0.0 -78.97095630328359,33.63965739178492,0.0 -78.97126422258602,33.6396665741141,0.0 -78.97126914568969,33.63966682722936,0.0 -78.97127324557898,33.63966723729359,0.0 -78.97127815659907,33.639668005220045,0.0 -78.97128306463402,33.639668946270575,0.0 -78.9712871483979,33.63967004335083,0.0 -78.97129204327155,33.639671499194854,0.0 -78.9712961189729,33.63967293978306,0.0 -78.97130018551258,33.639674724763275,0.0 -78.9713042469325,33.63967668193062,0.0 -78.97130830246698,33.63967898173985,0.0 -78.97131235584577,33.63968128151351,0.0 -78.97131558596797,33.63968374003975,0.0 -78.97131880692858,33.639686542958046,0.0 -78.97132202791057,33.63968934497465,0.0 -78.97132524487202,33.63969231829449,0.0 -78.97132845779181,33.639695463819166,0.0 -78.97133084532018,33.6396987671595,0.0 -78.97133322878567,33.63970224360635,0.0 -78.97133561121574,33.6397057182322,0.0 -78.97133717034669,33.639709353414055,0.0 -78.97133872846328,33.639712985873345,0.0 -78.97134028249585,33.63971679234073,0.0 -78.97134183657083,33.6397205970049,0.0 -78.97134256521178,33.63972456128811,0.0 -78.97134329679552,33.639728354250266,0.0 -78.97134320408652,33.63973230414434,0.0 -78.97134314362782,33.639734880005406,0.0 -78.97134307912722,33.639737628071416,0.0 -78.9713407158508,33.63976834555322,0.0 -78.97133996198814,33.639800464025164,0.0 -78.97134002951827,33.63983259508285,0.0 -78.97134174381415,33.63986458181209,0.0 -78.97134513200812,33.63989522236705,0.0 -78.97134506752865,33.639897969531376,0.0 -78.97135098549275,33.63996095384584,0.0 -78.97094835092624,33.63999609267523,0.0 -78.9708634758918,33.64000355305522,0.0 -78.9708204805572,33.63965415801594,0.0</coordinates>
                    </LinearRing>
                </outerBoundaryIs>
            </Polygon>
        </Placemark>
        <Placemark id="3030043">
            <name>45901040017.0</name>
            <description>PIN: 45901040017.0&lt;br&gt;Wetland %: 0.00&lt;br&gt;Flood %: 100.00&lt;br&gt;Parcel area (m²): 1772.02</description>
            <styleUrl>#3030048</styleUrl>
            <ExtendedData>
                <Data name="PIN">
                    <value>45901040017.0</value>
                </Data>
                <Data name="Wetland_%">
                    <value>0.00</value>
                </Data>
                <Data name="Flood_%">
                    <value>100.00</value>
                </Data>
                <Data name="Parcel_area_m2">
                    <value>1772.02</value>
                </Data>
            </ExtendedData>
            <Polygon id="3030042">
                <outerBoundaryIs>
                    <LinearRing id="3030046">
                        <coordinates>-78.98281217520748,33.637452288972106,0.0 -78.98283302495517,33.63740383162671,0.0 -78.98285143171603,33.63735447664163,0.0 -78.98286574481922,33.63730453890211,0.0 -78.98287301305706,33.63727476089498,0.0 -78.98287867065713,33.637243582029164,0.0 -78.98334889466425,33.63727952752429,0.0 -78.98325583881046,33.637569745269815,0.0 -78.98281217520748,33.637452288972106,0.0</coordinates>
                    </LinearRing>
                </outerBoundaryIs>
            </Polygon>
        </Placemark>
        <Placemark id="3030057">
            <name>45902030042.0</name>
            <description>PIN: 45902030042.0&lt;br&gt;Wetland %: 0.00&lt;br&gt;Flood %: 100.00&lt;br&gt;Parcel area (m²): 2520.86</description>
            <styleUrl>#3030062</styleUrl>
            <ExtendedData>
                <Data name="PIN">
                    <value>45902030042.0</value>
                </Data>
                <Data name="Wetland_%">
                    <value>0.00</value>
                </Data>
                <Data name="Flood_%">
                    <value>100.00</value>
                </Data>
                <Data name="Parcel_area_m2">
                    <value>2520.86</value>
                </Data>
            </ExtendedData>
            <Polygon id="3030056">
                <outerBoundaryIs>
                    <LinearRing id="3030060">
                        <coordinates>-78.97298424953242,33.638535711280866,0.0 -78.97328888459027,33.6388599531445,0.0 -78.97295174086958,33.63908105231138,0.0 -78.97294061529963,33.63906489002699,0.0 -78.97291355090572,33.63902767641234,0.0 -78.9728848236547,33.6389912950589,0.0 -78.97285525387638,33.63895575762194,0.0 -78.97282481653242,33.63892226958907,0.0 -78.97282240775957,33.638919824579695,0.0 -78.97271177885337,33.63880202917755,0.0 -78.97270938620116,33.638798897149144,0.0 -78.97270617434235,33.638795751677605,0.0 -78.97270460817002,33.63879246094024,0.0 -78.9727022246533,33.63878898542097,0.0 -78.97270066546048,33.63878535115746,0.0 -78.97269828596208,33.638781704334725,0.0 -78.97269755028769,33.63877808358505,0.0 -78.97269599322988,33.63877445025846,0.0 -78.97269525831884,33.63877065905391,0.0 -78.97269453070179,33.63876669479583,0.0 -78.97269461935116,33.6387629153019,0.0 -78.97269388659603,33.63875912413272,0.0 -78.9726948006256,33.63875518681395,0.0 -78.97269488923267,33.63875140912325,0.0 -78.97269579816623,33.63874764309019,0.0 -78.97269671029109,33.63874387891336,0.0 -78.97269761922448,33.63874011288029,0.0 -78.97269934951979,33.63873636032569,0.0 -78.97270107788934,33.63873278181462,0.0 -78.9727028022619,33.63872937370534,0.0 -78.97270452449969,33.63872596465903,0.0 -78.9727070691348,33.63872257091202,0.0 -78.97270960975179,33.63871934846833,0.0 -78.97271296773356,33.63871630990485,0.0 -78.97271550029309,33.63871343096947,0.0 -78.97271885421421,33.63871056551235,0.0 -78.97272220009926,33.63870804266199,0.0 -78.97272554596297,33.63870552071309,0.0 -78.97298424953242,33.638535711280866,0.0</coordinates>
                    </LinearRing>
                </outerBoundaryIs>
            </Polygon>
        </Placemark>
        <Placemark id="3030071">
            <name>45901030027.0</name>
            <description>PIN: 45901030027.0&lt;br&gt;Wetland %: 0.00&lt;br&gt;Flood %: 100.00&lt;br&gt;Parcel area (m²): 1602.13</description>
            <styleUrl>#3030076</styleUrl>
            <ExtendedData>
                <Data name="PIN">
                    <value>45901030027.0</value>
                </Data>
                <Data name="Wetland_%">
                    <value>0.00</value>
                </Data>
                <Data name="Flood_%">
                    <value>100.00</value>
                </Data>
                <Data name="Parcel_area_m2">
                    <value>1602.13</value>
                </Data>
            </ExtendedData>
            <Polygon id="3030070">
                <outerBoundaryIs>
                    <LinearRing id="3030074">
                        <coordinates>-78.97946817585351,33.6389553538994,0.0 -78.97959925952104,33.63869065978061,0.0 -78.97981110386779,33.638697047310366,0.0 -78.9799569552097,33.63878482726005,0.0 -78.97969647940147,33.639066131962984,0.0 -78.97966569705007,33.63904724427274,0.0 -78.97963489572672,33.63902921491371,0.0 -78.97960242035772,33.63901236045902,0.0 -78.97956992414566,33.63899653657505,0.0 -78.97953658141243,33.63898172975832,0.0 -78.97950239321409,33.63896794092739,0.0 -78.97946817585351,33.6389553538994,0.0</coordinates>
                    </LinearRing>
                </outerBoundaryIs>
            </Polygon>
        </Placemark>
        <Placemark id="3030085">
            <name>45902040014.0</name>
            <description>PIN: 45902040014.0&lt;br&gt;Wetland %: 0.00&lt;br&gt;Flood %: 100.00&lt;br&gt;Parcel area (m²): 2149.37</description>
            <styleUrl>#3030090</styleUrl>
            <ExtendedData>
                <Data name="PIN">
                    <value>45902040014.0</value>
                </Data>
                <Data name="Wetland_%">
                    <value>0.00</value>
                </Data>
                <Data name="Flood_%">
                    <value>100.00</value>
                </Data>
                <Data name="Parcel_area_m2">
                    <value>2149.37</value>
                </Data>
            </ExtendedData>
            <Polygon id="3030084">
                <outerBoundaryIs>
                    <LinearRing id="3030088">
                        <coordinates>-78.97348166093785,33.638733392557405,0.0 -78.97350002084444,33.63872132266434,0.0 -78.97357263609851,33.63867320181452,0.0 -78.9738855798332,33.63846785521114,0.0 -78.97397064013508,33.63858986802974,0.0 -78.97399120748207,33.638623882999234,0.0 -78.97405965753264,33.63875335480914,0.0 -78.97405105338997,33.638769880726464,0.0 -78.97361727075764,33.638942318109045,0.0 -78.97348166093785,33.638733392557405,0.0</coordinates>
                    </LinearRing>
                </outerBoundaryIs>
            </Polygon>
        </Placemark>
        <Placemark id="3030099">
            <name>45902030037.0</name>
            <description>PIN: 45902030037.0&lt;br&gt;Wetland %: 0.00&lt;br&gt;Flood %: 100.00&lt;br&gt;Parcel area (m²): 2017.80</description>
            <styleUrl>#3030104</styleUrl>
            <ExtendedData>
                <Data name="PIN">
                    <value>45902030037.0</value>
                </Data>
                <Data name="Wetland_%">
                    <value>0.00</value>
                </Data>
                <Data name="Flood_%">
                    <value>100.00</value>
                </Data>
                <Data name="Parcel_area_m2">
                    <value>2017.80</value>
                </Data>
            </ExtendedData>
            <Polygon id="3030098">
                <outerBoundaryIs>
                    <LinearRing id="3030102">
                        <coordinates>-78.97183002205887,33.63856074922188,0.0 -78.97201638480537,33.63843842665526,0.0 -78.97208872908888,33.638390942597916,0.0 -78.97239336025639,33.6387151875783,0.0 -78.97213465797252,33.638884822644386,0.0 -78.97183002205887,33.63856074922188,0.0</coordinates>
                    </LinearRing>
                </outerBoundaryIs>
            </Polygon>
        </Placemark>
        <Placemark id="3030113">
            <name>45902020014.0</name>
            <description>PIN: 45902020014.0&lt;br&gt;Wetland %: 0.00&lt;br&gt;Flood %: 100.00&lt;br&gt;Parcel area (m²): 2859.91</description>
            <styleUrl>#3030118</styleUrl>
            <ExtendedData>
                <Data name="PIN">
                    <value>45902020014.0</value>
                </Data>
                <Data name="Wetland_%">
                    <value>0.00</value>
                </Data>
                <Data name="Flood_%">
                    <value>100.00</value>
                </Data>
                <Data name="Parcel_area_m2">
                    <value>2859.91</value>
                </Data>
            </ExtendedData>
            <Polygon id="3030112">
                <outerBoundaryIs>
                    <LinearRing id="3030116">
                        <coordinates>-78.97160832917349,33.63953425306903,0.0 -78.97213116243074,33.63973424757131,0.0 -78.97211436303719,33.63995991505455,0.0 -78.97155064479081,33.63996148398676,0.0 -78.97154103094773,33.63988091423161,0.0 -78.9715402751897,33.63987815089387,0.0 -78.97153833910977,33.63985561109534,0.0 -78.97153643422136,33.63983169634433,0.0 -78.97153617419148,33.63980781040427,0.0 -78.97153673851825,33.639783764826085,0.0 -78.97153811911801,33.63975990401965,0.0 -78.9715411446154,33.639736070220906,0.0 -78.97154499038318,33.639712250791995,0.0 -78.97154965349938,33.639688616152405,0.0 -78.9715551328855,33.63966516628426,0.0 -78.97156225418055,33.63964191654749,0.0 -78.97157018963037,33.63961884974327,0.0 -78.97157893941989,33.6395961417536,0.0 -78.97158850655433,33.63957361855238,0.0 -78.9715988910332,33.639551280139486,0.0 -78.97160832917349,33.63953425306903,0.0</coordinates>
                    </LinearRing>
                </outerBoundaryIs>
            </Polygon>
        </Placemark>
        <Placemark id="3030127">
            <name>45902040009.0</name>
            <description>PIN: 45902040009.0&lt;br&gt;Wetland %: 0.00&lt;br&gt;Flood %: 100.00&lt;br&gt;Parcel area (m²): 2865.44</description>
            <styleUrl>#3030132</styleUrl>
            <ExtendedData>
                <Data name="PIN">
                    <value>45902040009.0</value>
                </Data>
                <Data name="Wetland_%">
                    <value>0.00</value>
                </Data>
                <Data name="Flood_%">
                    <value>100.00</value>
                </Data>
                <Data name="Parcel_area_m2">
                    <value>2865.44</value>
                </Data>
            </ExtendedData>
            <Polygon id="3030126">
                <outerBoundaryIs>
                    <LinearRing id="3030130">
                        <coordinates>-78.97325276254938,33.6397696670514,0.0 -78.97325533137979,33.63976524186689,0.0 -78.97325790020992,33.639760816682376,0.0 -78.97325965062811,33.6397562058004,0.0 -78.97326222455261,33.639751609330034,0.0 -78.97326315575457,33.6397469850086,0.0 -78.97326491018913,33.639742202823165,0.0 -78.97326584325191,33.639737407162926,0.0 -78.97326677954834,33.63973261155574,0.0 -78.97326771664898,33.639727643690506,0.0 -78.9732678294179,33.63972283457321,0.0 -78.97326794218685,33.63971802545596,0.0 -78.97326723867918,33.63971303157829,0.0 -78.97326735144814,33.63970822246103,0.0 -78.97326664176792,33.639703399851356,0.0 -78.97326511179446,33.639698563784634,0.0 -78.97326440429134,33.63969374030868,0.0 -78.97326286920224,33.639689076429256,0.0 -78.9732613340921,33.63968441345139,0.0 -78.97325898088715,33.63967973524858,0.0 -78.9732566214886,33.63967522921536,0.0 -78.97325425699543,33.63967089446782,0.0 -78.97325189358043,33.63966655973788,0.0 -78.97324870875251,33.63966221333626,0.0 -78.97324551593331,33.63965820773816,0.0 -78.97324232417118,33.63965420305924,0.0 -78.97323913021125,33.63965020014807,0.0 -78.97323510796718,33.639646524583185,0.0 -78.97323108164308,33.63964302302636,0.0 -78.97322705428363,33.639639519648455,0.0 -78.97322302502113,33.63963618941245,0.0 -78.97321816929345,33.63963301698695,0.0 -78.97321330548982,33.63963018897121,0.0 -78.97320926309935,33.63962737262722,0.0 -78.97320357390882,33.639624702439455,0.0 -78.97316464006595,33.639532998054584,0.0 -78.97362956190695,33.63939939114275,0.0 -78.9736598437283,33.63947462738491,0.0 -78.9737352121327,33.63965954165443,0.0 -78.97365592905076,33.63995703803693,0.0 -78.97328609349518,33.639784991293084,0.0 -78.97325276254938,33.6397696670514,0.0</coordinates>
                    </LinearRing>
                </outerBoundaryIs>
            </Polygon>
        </Placemark>
        <Placemark id="3030141">
            <name>45902040005.0</name>
            <description>PIN: 45902040005.0&lt;br&gt;Wetland %: 0.00&lt;br&gt;Flood %: 100.00&lt;br&gt;Parcel area (m²): 1992.74</description>
            <styleUrl>#3030146</styleUrl>
            <ExtendedData>
                <Data name="PIN">
                    <value>45902040005.0</value>
                </Data>
                <Data name="Wetland_%">
                    <value>0.00</value>
                </Data>
                <Data name="Flood_%">
                    <value>100.00</value>
                </Data>
                <Data name="Parcel_area_m2">
                    <value>1992.74</value>
                </Data>
            </ExtendedData>
            <Polygon id="3030140">
                <outerBoundaryIs>
                    <LinearRing id="3030144">
                        <coordinates>-78.97378010556422,33.63721887779223,0.0 -78.97382798634823,33.637159538617276,0.0 -78.9739586660036,33.63699758036557,0.0 -78.97436576191717,33.637227111067375,0.0 -78.974367383441,33.63722799540355,0.0 -78.97436314897388,33.63723342422144,0.0 -78.97436229540338,33.63723478568991,0.0 -78.97429466644877,33.63731563370222,0.0 -78.97429044403816,33.637320547705514,0.0 -78.97427356113049,33.637339686111815,0.0 -78.97422377608008,33.637395399080695,0.0 -78.97421449968628,33.637405557086886,0.0 -78.97419598828854,33.637424152867254,0.0 -78.97416734584604,33.63745426719523,0.0 -78.97378010556422,33.63721887779223,0.0</coordinates>
                    </LinearRing>
                </outerBoundaryIs>
            </Polygon>
        </Placemark>
        <Placemark id="3030155">
            <name>45907030090.0</name>
            <description>PIN: 45907030090.0&lt;br&gt;Wetland %: 0.00&lt;br&gt;Flood %: 100.00&lt;br&gt;Parcel area (m²): 2437.65</description>
            <styleUrl>#3030160</styleUrl>
            <ExtendedData>
                <Data name="PIN">
                    <value>45907030090.0</value>
                </Data>
                <Data name="Wetland_%">
                    <value>0.00</value>
                </Data>
                <Data name="Flood_%">
                    <value>100.00</value>
                </Data>
                <Data name="Parcel_area_m2">
                    <value>2437.65</value>
                </Data>
            </ExtendedData>
            <Polygon id="3030154">
                <outerBoundaryIs>
                    <LinearRing id="3030158">
                        <coordinates>-78.97237929773279,33.6308034662432,0.0 -78.97238101684269,33.63080023032178,0.0 -78.97239548741787,33.630778818455674,0.0 -78.97240230345267,33.63076844973249,0.0 -78.9724039932925,33.630766415623,0.0 -78.9724159626513,33.63074650953569,0.0 -78.97242366150734,33.630733576641,0.0 -78.97242451796333,33.63073204476485,0.0 -78.97243566710473,33.630712125212874,0.0 -78.97244337991388,33.63069850526393,0.0 -78.97244423854595,33.63069697252149,0.0 -78.97245458140857,33.630676353353806,0.0 -78.97246147694442,33.630662548619895,0.0 -78.97247100255295,33.63064174376543,0.0 -78.97247794054618,33.630626220620364,0.0 -78.97249192710635,33.63059036787516,0.0 -78.97301606470053,33.63072823986971,0.0 -78.97286142657913,33.63096824523781,0.0 -78.97279403901094,33.63107283289271,0.0 -78.97237929773279,33.6308034662432,0.0</coordinates>
                    </LinearRing>
                </outerBoundaryIs>
            </Polygon>
        </Placemark>
        <Placemark id="3030169">
            <name>45907040030.0</name>
            <description>PIN: 45907040030.0&lt;br&gt;Wetland %: 0.00&lt;br&gt;Flood %: 100.00&lt;br&gt;Parcel area (m²): 1852.43</description>
            <styleUrl>#3030174</styleUrl>
            <ExtendedData>
                <Data name="PIN">
                    <value>45907040030.0</value>
                </Data>
                <Data name="Wetland_%">
                    <value>0.00</value>
                </Data>
                <Data name="Flood_%">
                    <value>100.00</value>
                </Data>
                <Data name="Parcel_area_m2">
                    <value>1852.43</value>
                </Data>
            </ExtendedData>
            <Polygon id="3030168">
                <outerBoundaryIs>
                    <LinearRing id="3030172">
                        <coordinates>-78.97704265433943,33.63108784424388,0.0 -78.97740086000987,33.630807629341994,0.0 -78.97740253471419,33.630806283101634,0.0 -78.97759326180643,33.63097693199023,0.0 -78.97760774361603,33.63099005605933,0.0 -78.97761175471854,33.63099424451402,0.0 -78.9776213961461,33.63100350838685,0.0 -78.9776278078592,33.631010487072054,0.0 -78.97763421528315,33.6310174647848,0.0 -78.97763499744549,33.63101919669527,0.0 -78.97764059782357,33.63102564438117,0.0 -78.97764620406242,33.63103174942405,0.0 -78.97764780350688,33.6310336660838,0.0 -78.97765419005758,33.63104167437573,0.0 -78.97766535057382,33.631056289995875,0.0 -78.97766851518352,33.63106149641448,0.0 -78.97767170390348,33.63106567230566,0.0 -78.97767566860287,33.631071752277066,0.0 -78.97767883939825,33.63107678652539,0.0 -78.9776820201038,33.63108130502379,0.0 -78.97768439742374,33.63108495262111,0.0 -78.97717346051051,33.63118586384765,0.0 -78.97704271045046,33.63108788845608,0.0 -78.9770426882385,33.63108787005343,0.0 -78.97704265433943,33.63108784424388,0.0</coordinates>
                    </LinearRing>
                </outerBoundaryIs>
            </Polygon>
        </Placemark>
        <Placemark id="3030183">
            <name>45907030092.0</name>
            <description>PIN: 45907030092.0&lt;br&gt;Wetland %: 0.00&lt;br&gt;Flood %: 100.00&lt;br&gt;Parcel area (m²): 2103.53</description>
            <styleUrl>#3030188</styleUrl>
            <ExtendedData>
                <Data name="PIN">
                    <value>45907030092.0</value>
                </Data>
                <Data name="Wetland_%">
                    <value>0.00</value>
                </Data>
                <Data name="Flood_%">
                    <value>100.00</value>
                </Data>
                <Data name="Parcel_area_m2">
                    <value>2103.53</value>
                </Data>
            </ExtendedData>
            <Polygon id="3030182">
                <outerBoundaryIs>
                    <LinearRing id="3030186">
                        <coordinates>-78.9719732284684,33.63123202128763,0.0 -78.97218438581655,33.6310217439049,0.0 -78.97257849962561,33.63128924295106,0.0 -78.97236121437523,33.631505477872295,0.0 -78.97234987239118,33.63149748446889,0.0 -78.9719732284684,33.63123202128763,0.0</coordinates>
                    </LinearRing>
                </outerBoundaryIs>
            </Polygon>
        </Placemark>
        <Placemark id="3030197">
            <name>45908030008.0</name>
            <description>PIN: 45908030008.0&lt;br&gt;Wetland %: 0.00&lt;br&gt;Flood %: 100.00&lt;br&gt;Parcel area (m²): 2404.28</description>
            <styleUrl>#3030202</styleUrl>
            <ExtendedData>
                <Data name="PIN">
                    <value>45908030008.0</value>
                </Data>
                <Data name="Wetland_%">
                    <value>0.00</value>
                </Data>
                <Data name="Flood_%">
                    <value>100.00</value>
                </Data>
                <Data name="Parcel_area_m2">
                    <value>2404.28</value>
                </Data>
            </ExtendedData>
            <Polygon id="3030196">
                <outerBoundaryIs>
                    <LinearRing id="3030200">
                        <coordinates>-78.98062356635054,33.63181173829534,0.0 -78.98062447702135,33.631807972235215,0.0 -78.98062620278974,33.631804392672684,0.0 -78.98062793073468,33.63180081224382,0.0 -78.98062965650281,33.63179723268121,0.0 -78.98063220066499,33.631793836964256,0.0 -78.98063474186071,33.63179061437189,0.0 -78.98064156173443,33.63178202661161,0.0 -78.9808074300096,33.63157316455956,0.0 -78.98121460098629,33.63179923602256,0.0 -78.98098773536088,33.63208487264082,0.0 -78.98098605772206,33.63208639205418,0.0 -78.9809727758224,33.63207684617269,0.0 -78.98095939104064,33.63206722735471,0.0 -78.98089224220726,33.63202248659898,0.0 -78.98082340160127,33.63197978089709,0.0 -78.9807536926958,33.631939122804816,0.0 -78.98065716698329,33.63188582661908,0.0 -78.98065392782628,33.63188371002261,0.0 -78.98064987854539,33.63188124015042,0.0 -78.9806466495271,33.631878781882975,0.0 -78.98064342849179,33.63187598190934,0.0 -78.98064020754093,33.63187317832921,0.0 -78.9806369894723,33.63187020523076,0.0 -78.98063460294554,33.63186689937912,0.0 -78.98063220907828,33.631863769286454,0.0 -78.98062982761058,33.631860293050124,0.0 -78.98062826418642,33.631856831088285,0.0 -78.98062588159915,33.63185335663746,0.0 -78.98062432327609,33.63184972248772,0.0 -78.98062359023183,33.63184593136163,0.0 -78.98062203085229,33.63184229629266,0.0 -78.98062129888598,33.63183850518409,0.0 -78.98062139118366,33.631834554376724,0.0 -78.98062163873607,33.631823957882226,0.0 -78.98062174828421,33.63181926866518,0.0 -78.98062183657993,33.63181548916166,0.0 -78.98062356635054,33.63181173829534,0.0</coordinates>
                    </LinearRing>
                </outerBoundaryIs>
            </Polygon>
        </Placemark>
        <Placemark id="3030211">
            <name>45907040032.0</name>
            <description>PIN: 45907040032.0&lt;br&gt;Wetland %: 0.00&lt;br&gt;Flood %: 100.00&lt;br&gt;Parcel area (m²): 2019.51</description>
            <styleUrl>#3030216</styleUrl>
            <ExtendedData>
                <Data name="PIN">
                    <value>45907040032.0</value>
                </Data>
                <Data name="Wetland_%">
                    <value>0.00</value>
                </Data>
                <Data name="Flood_%">
                    <value>100.00</value>
                </Data>
                <Data name="Parcel_area_m2">
                    <value>2019.51</value>
                </Data>
            </ExtendedData>
            <Polygon id="3030210">
                <outerBoundaryIs>
                    <LinearRing id="3030214">
                        <coordinates>-78.97683185052287,33.631669612944684,0.0 -78.97683352637277,33.63166826492667,0.0 -78.97703203729827,33.63150639793752,0.0 -78.97703963474395,33.63149684990625,0.0 -78.9770599720559,33.63147128813674,0.0 -78.97741114069916,33.631772743429316,0.0 -78.97717659566185,33.631964777258,0.0 -78.97683346205275,33.6316710129989,0.0 -78.97683185052287,33.631669612944684,0.0</coordinates>
                    </LinearRing>
                </outerBoundaryIs>
            </Polygon>
        </Placemark>
        <Placemark id="3030225">
            <name>45907030093.0</name>
            <description>PIN: 45907030093.0&lt;br&gt;Wetland %: 0.00&lt;br&gt;Flood %: 100.00&lt;br&gt;Parcel area (m²): 2050.23</description>
            <styleUrl>#3030230</styleUrl>
            <ExtendedData>
                <Data name="PIN">
                    <value>45907030093.0</value>
                </Data>
                <Data name="Wetland_%">
                    <value>0.00</value>
                </Data>
                <Data name="Flood_%">
                    <value>100.00</value>
                </Data>
                <Data name="Parcel_area_m2">
                    <value>2050.23</value>
                </Data>
            </ExtendedData>
            <Polygon id="3030224">
                <outerBoundaryIs>
                    <LinearRing id="3030228">
                        <coordinates>-78.97176124875826,33.63144228662123,0.0 -78.97191866968998,33.6312861379028,0.0 -78.9719732284684,33.63123202128763,0.0 -78.97234987239118,33.63149748446889,0.0 -78.97236121437523,33.631505477872295,0.0 -78.97231716368522,33.63154931540229,0.0 -78.97215529154133,33.63171040455858,0.0 -78.97176124875826,33.63144228662123,0.0</coordinates>
                    </LinearRing>
                </outerBoundaryIs>
            </Polygon>
        </Placemark>
        <Placemark id="3030239">
            <name>45902010086.0</name>
            <description>PIN: 45902010086.0&lt;br&gt;Wetland %: 0.00&lt;br&gt;Flood %: 100.00&lt;br&gt;Parcel area (m²): 2876.15</description>
            <styleUrl>#3030244</styleUrl>
            <ExtendedData>
                <Data name="PIN">
                    <value>45902010086.0</value>
                </Data>
                <Data name="Wetland_%">
                    <value>0.00</value>
                </Data>
                <Data name="Flood_%">
                    <value>100.00</value>
                </Data>
                <Data name="Parcel_area_m2">
                    <value>2876.15</value>
                </Data>
            </ExtendedData>
            <Polygon id="3030238">
                <outerBoundaryIs>
                    <LinearRing id="3030242">
                        <coordinates>-78.97312808961357,33.63983016337254,0.0 -78.97313469279386,33.639828898045536,0.0 -78.97314044641809,33.63982882107114,0.0 -78.97314620412284,33.639828570088284,0.0 -78.97315196580244,33.63982814960499,0.0 -78.97315773149907,33.639827557818,0.0 -78.9731635052721,33.63982662162081,0.0 -78.97316928416123,33.63982551323608,0.0 -78.97317424463806,33.63982421915305,0.0 -78.97318003447897,33.639822597741556,0.0 -78.97318582438311,33.639820973624985,0.0 -78.97319079987082,33.63981899340852,0.0 -78.97319578155238,33.63981684102216,0.0 -78.97320158754509,33.639814530789735,0.0 -78.97320657618219,33.63981203577854,0.0 -78.97321074748493,33.639809355087074,0.0 -78.9732157441766,33.63980651656709,0.0 -78.97322074490613,33.639803505841954,0.0 -78.9732249283012,33.639800309436694,0.0 -78.97322911463499,33.63979694171018,0.0 -78.97323330312439,33.639793574018874,0.0 -78.97323667721845,33.63978984932647,0.0 -78.97324087672234,33.639785965903855,0.0 -78.97324425373367,33.6397820707918,0.0 -78.97324681560893,33.639777988231984,0.0 -78.97325019667886,33.639773920013134,0.0 -78.97325276254938,33.6397696670514,0.0 -78.97328609349518,33.639784991293084,0.0 -78.97365592905076,33.63995703803693,0.0 -78.9736298542517,33.64005282878941,0.0 -78.97315866898388,33.64041829302953,0.0 -78.97313273531451,33.639912370576994,0.0 -78.97312808961357,33.63983016337254,0.0</coordinates>
                    </LinearRing>
                </outerBoundaryIs>
            </Polygon>
        </Placemark>
        <Placemark id="3030253">
            <name>45902040025.0</name>
            <description>PIN: 45902040025.0&lt;br&gt;Wetland %: 0.00&lt;br&gt;Flood %: 100.00&lt;br&gt;Parcel area (m²): 3213.47</description>
            <styleUrl>#3030258</styleUrl>
            <ExtendedData>
                <Data name="PIN">
                    <value>45902040025.0</value>
                </Data>
                <Data name="Wetland_%">
                    <value>0.00</value>
                </Data>
                <Data name="Flood_%">
                    <value>100.00</value>
                </Data>
                <Data name="Parcel_area_m2">
                    <value>3213.47</value>
                </Data>
            </ExtendedData>
            <Polygon id="3030252">
                <outerBoundaryIs>
                    <LinearRing id="3030256">
                        <coordinates>-78.975251348283,33.63797100961954,0.0 -78.9752579070642,33.63797163212359,0.0 -78.97526365251606,33.63797189855892,0.0 -78.97526940200197,33.637971992788835,0.0 -78.9752751555218,33.637971914813406,0.0 -78.97528091706727,33.63797149423071,0.0 -78.97528668262548,33.63797090234422,0.0 -78.97529244820475,33.63797030955587,0.0 -78.97529740558736,33.63796918761007,0.0 -78.97530318322589,33.637968080009074,0.0 -78.97530896491925,33.63796679930118,0.0 -78.975313932205,33.637965162507236,0.0 -78.97531972591513,33.63796336878991,0.0 -78.97532470234609,33.63796138760299,0.0 -78.97532968384635,33.6379592360316,0.0 -78.97533466722432,33.637956912219614,0.0 -78.97533965571381,33.637954416220005,0.0 -78.97534464927249,33.6379517498359,0.0 -78.97534964475105,33.63794890940801,0.0 -78.9753538250218,33.6379458851525,0.0 -78.97535800714907,33.63794268955799,0.0 -78.97536219548677,33.637939320891974,0.0 -78.97536471076455,33.63793712890151,0.0 -78.97536638563872,33.637935782690164,0.0 -78.97536799913968,33.637937010521725,0.0 -78.97549233359081,33.63803114555828,0.0 -78.97581042720721,33.63827226930205,0.0 -78.97581447259519,33.638274912437204,0.0 -78.97563182831293,33.63842518244755,0.0 -78.97562113344968,33.6384256953814,0.0 -78.9751251303187,33.63844831938319,0.0 -78.97515581381474,33.63833112588371,0.0 -78.975251348283,33.63797100961954,0.0</coordinates>
                    </LinearRing>
                </outerBoundaryIs>
            </Polygon>
        </Placemark>
        <Placemark id="3030267">
            <name>45907020003.0</name>
            <description>PIN: 45907020003.0&lt;br&gt;Wetland %: 0.00&lt;br&gt;Flood %: 100.00&lt;br&gt;Parcel area (m²): 2480.63</description>
            <styleUrl>#3030272</styleUrl>
            <ExtendedData>
                <Data name="PIN">
                    <value>45907020003.0</value>
                </Data>
                <Data name="Wetland_%">
                    <value>0.00</value>
                </Data>
                <Data name="Flood_%">
                    <value>100.00</value>
                </Data>
                <Data name="Parcel_area_m2">
                    <value>2480.63</value>
                </Data>
            </ExtendedData>
            <Polygon id="3030266">
                <outerBoundaryIs>
                    <LinearRing id="3030270">
                        <coordinates>-78.97030177242672,33.63259223631473,0.0 -78.97076166551938,33.63268857830315,0.0 -78.97076154455596,33.632693730931834,0.0 -78.97076211883413,33.63270422096642,0.0 -78.97076281917516,33.63270938708649,0.0 -78.97076351951625,33.63271455320654,0.0 -78.97076504116197,33.632719732817925,0.0 -78.97076576569594,33.632723868412214,0.0 -78.97076653967187,33.63272594387432,0.0 -78.97076809251813,33.632729748532064,0.0 -78.9707688452453,33.632732683198704,0.0 -78.97077043951175,33.63273476942962,0.0 -78.97077197030023,33.63273960555004,0.0 -78.970772759327,33.632740993977244,0.0 -78.97077432023802,33.63274445512635,0.0 -78.9707775016795,33.63274897562227,0.0 -78.97078067397933,33.63275383960902,0.0 -78.97078224699769,33.63275678504434,0.0 -78.970790226187,33.632766881705216,0.0 -78.97079825077677,33.63277509043848,0.0 -78.97080515885108,33.63278065797484,0.0 -78.97081195897735,33.63278613895478,0.0 -78.97081680909059,33.63278948456711,0.0 -78.97082166542359,33.632792657108,0.0 -78.97082409308307,33.632794242017106,0.0 -78.9708265247217,33.63279565742587,0.0 -78.97083707563175,33.63280115672214,0.0 -78.97060178402035,33.63315177218522,0.0 -78.9703784283003,33.63292114807679,0.0 -78.97030177242672,33.63259223631473,0.0</coordinates>
                    </LinearRing>
                </outerBoundaryIs>
            </Polygon>
        </Placemark>
        <Placemark id="3030281">
            <name>45902020030.0</name>
            <description>PIN: 45902020030.0&lt;br&gt;Wetland %: 0.00&lt;br&gt;Flood %: 100.00&lt;br&gt;Parcel area (m²): 1975.82</description>
            <styleUrl>#3030286</styleUrl>
            <ExtendedData>
                <Data name="PIN">
                    <value>45902020030.0</value>
                </Data>
                <Data name="Wetland_%">
                    <value>0.00</value>
                </Data>
                <Data name="Flood_%">
                    <value>100.00</value>
                </Data>
                <Data name="Parcel_area_m2">
                    <value>1975.82</value>
                </Data>
            </ExtendedData>
            <Polygon id="3030280">
                <outerBoundaryIs>
                    <LinearRing id="3030284">
                        <coordinates>-78.9725419601294,33.63966624848306,0.0 -78.97296218332045,33.639546685237946,0.0 -78.97301500741847,33.63967676169042,0.0 -78.97301325992825,33.63968120124791,0.0 -78.97301068707058,33.639685797730785,0.0 -78.97300975183839,33.639690593353734,0.0 -78.97300800140812,33.639695204232275,0.0 -78.97300706725358,33.63969999987286,0.0 -78.97300613309892,33.63970479551349,0.0 -78.97300519492676,33.63970976245747,0.0 -78.97300508212207,33.63971457247611,0.0 -78.9730049693385,33.63971938159314,0.0 -78.97300485253754,33.639724362013546,0.0 -78.97300556004755,33.639729184589335,0.0 -78.97300626971344,33.63973400720047,0.0 -78.97300697830147,33.639738829793934,0.0 -78.97300850718331,33.63974366584614,0.0 -78.97301004225966,33.63974832972869,0.0 -78.9730115762583,33.639752993593575,0.0 -78.97301311023595,33.639757658359976,0.0 -78.97301546962409,33.63976216439779,0.0 -78.97301783302986,33.63976649913221,0.0 -78.97302019751382,33.639770833884235,0.0 -78.97302338123515,33.63977518117557,0.0 -78.97302657409065,33.63977918497612,0.0 -78.97302976288682,33.63978336188321,0.0 -78.97303217061172,33.63978580687054,0.0 -78.97303295978143,33.63978719347863,0.0 -78.9730312899092,33.63978836927383,0.0 -78.97268491422476,33.640017391384156,0.0 -78.9725419601294,33.63966624848306,0.0</coordinates>
                    </LinearRing>
                </outerBoundaryIs>
            </Polygon>
        </Placemark>
        <Placemark id="3030295">
            <name>45901040018.0</name>
            <description>PIN: 45901040018.0&lt;br&gt;Wetland %: 0.00&lt;br&gt;Flood %: 100.00&lt;br&gt;Parcel area (m²): 1745.80</description>
            <styleUrl>#3030300</styleUrl>
            <ExtendedData>
                <Data name="PIN">
                    <value>45901040018.0</value>
                </Data>
                <Data name="Wetland_%">
                    <value>0.00</value>
                </Data>
                <Data name="Flood_%">
                    <value>100.00</value>
                </Data>
                <Data name="Parcel_area_m2">
                    <value>1745.80</value>
                </Data>
            </ExtendedData>
            <Polygon id="3030294">
                <outerBoundaryIs>
                    <LinearRing id="3030298">
                        <coordinates>-78.98268862861765,33.637640990915415,0.0 -78.98270976371582,33.637615563934745,0.0 -78.98272925104129,33.63759028051136,0.0 -78.98274794828585,33.63756378189486,0.0 -78.98276584790406,33.63753606796232,0.0 -78.98278982088296,33.637494707595415,0.0 -78.98281217520748,33.637452288972106,0.0 -78.98325583881046,33.637569745269815,0.0 -78.98308561165585,33.637835271512145,0.0 -78.98268862861765,33.637640990915415,0.0</coordinates>
                    </LinearRing>
                </outerBoundaryIs>
            </Polygon>
        </Placemark>
        <Placemark id="3030309">
            <name>45902040006.0</name>
            <description>PIN: 45902040006.0&lt;br&gt;Wetland %: 0.00&lt;br&gt;Flood %: 100.00&lt;br&gt;Parcel area (m²): 1664.23</description>
            <styleUrl>#3030314</styleUrl>
            <ExtendedData>
                <Data name="PIN">
                    <value>45902040006.0</value>
                </Data>
                <Data name="Wetland_%">
                    <value>0.00</value>
                </Data>
                <Data name="Flood_%">
                    <value>100.00</value>
                </Data>
                <Data name="Parcel_area_m2">
                    <value>1664.23</value>
                </Data>
            </ExtendedData>
            <Polygon id="3030308">
                <outerBoundaryIs>
                    <LinearRing id="3030312">
                        <coordinates>-78.97360757279597,33.63735831419888,0.0 -78.9736270184027,33.637342879808486,0.0 -78.97363938803043,33.6373330639102,0.0 -78.97374588829182,33.637246643925664,0.0 -78.97378010556422,33.63721887779223,0.0 -78.97416734584604,33.63745426719523,0.0 -78.97415303669408,33.63746880909383,0.0 -78.97413450403181,33.637488264970926,0.0 -78.97408825784126,33.63753321078963,0.0 -78.97406135464605,33.63755922992852,0.0 -78.97405127704633,33.63756851342741,0.0 -78.97396482187717,33.637646306109374,0.0 -78.97396313783581,33.6376479966942,0.0 -78.97360757279597,33.63735831419888,0.0</coordinates>
                    </LinearRing>
                </outerBoundaryIs>
            </Polygon>
        </Placemark>
        <Placemark id="3030323">
            <name>45902030019.0</name>
            <description>PIN: 45902030019.0&lt;br&gt;Wetland %: 0.00&lt;br&gt;Flood %: 100.00&lt;br&gt;Parcel area (m²): 2337.94</description>
            <styleUrl>#3030328</styleUrl>
            <ExtendedData>
                <Data name="PIN">
                    <value>45902030019.0</value>
                </Data>
                <Data name="Wetland_%">
                    <value>0.00</value>
                </Data>
                <Data name="Flood_%">
                    <value>100.00</value>
                </Data>
                <Data name="Parcel_area_m2">
                    <value>2337.94</value>
                </Data>
            </ExtendedData>
            <Polygon id="3030322">
                <outerBoundaryIs>
                    <LinearRing id="3030326">
                        <coordinates>-78.97086725667126,33.638060401791265,0.0 -78.97078817159776,33.63761408618994,0.0 -78.9707906759737,33.637612409121836,0.0 -78.97080468838472,33.63761057834037,0.0 -78.9708187118669,33.637608230023126,0.0 -78.9708327463141,33.637605368678,0.0 -78.97084678588101,33.63760233514409,0.0 -78.97086002132367,33.63759860021728,0.0 -78.97087408211645,33.63759470837791,0.0 -78.97088733152935,33.63759028639615,0.0 -78.9709005911397,33.63758552184157,0.0 -78.97091303936989,33.63758022714497,0.0 -78.97092631804884,33.6375746042499,0.0 -78.97093878240386,33.63756862253397,0.0 -78.97095043558394,33.637562285656934,0.0 -78.97096209576952,33.63755560435117,0.0 -78.97097376805962,33.63754840733103,0.0 -78.97098462811796,33.637540854230785,0.0 -78.97099631246806,33.63753314329835,0.0 -78.97100716342322,33.63752593188359,0.0 -78.97128681229687,33.63786403008513,0.0 -78.97109739569699,33.63797520117754,0.0 -78.97100687209257,33.63802833080368,0.0 -78.97094071950335,33.63806486801422,0.0 -78.97093198076396,33.63806969600307,0.0 -78.97093195018077,33.63806971263769,0.0 -78.97086725667126,33.638060401791265,0.0</coordinates>
                    </LinearRing>
                </outerBoundaryIs>
            </Polygon>
        </Placemark>
        <Placemark id="3030337">
            <name>45901040019.0</name>
            <description>PIN: 45901040019.0&lt;br&gt;Wetland %: 0.08&lt;br&gt;Flood %: 100.00&lt;br&gt;Parcel area (m²): 1752.55</description>
            <styleUrl>#3030342</styleUrl>
            <ExtendedData>
                <Data name="PIN">
                    <value>45901040019.0</value>
                </Data>
                <Data name="Wetland_%">
                    <value>0.08</value>
                </Data>
                <Data name="Flood_%">
                    <value>100.00</value>
                </Data>
                <Data name="Parcel_area_m2">
                    <value>1752.55</value>
                </Data>
            </ExtendedData>
            <Polygon id="3030336">
                <outerBoundaryIs>
                    <LinearRing id="3030340">
                        <coordinates>-78.98251982616787,33.63779716834378,0.0 -78.98255916159066,33.637766540368496,0.0 -78.98259770958676,33.63773435178937,0.0 -78.98263300712975,33.63770056419064,0.0 -78.98266752153634,33.637665216962894,0.0 -78.98268862861765,33.637640990915415,0.0 -78.98308561165585,33.637835271512145,0.0 -78.98283361556288,33.63807043342117,0.0 -78.98251982616787,33.63779716834378,0.0</coordinates>
                    </LinearRing>
                </outerBoundaryIs>
            </Polygon>
        </Placemark>
        <Placemark id="3030351">
            <name>45908040032.0</name>
            <description>PIN: 45908040032.0&lt;br&gt;Wetland %: 28.92&lt;br&gt;Flood %: 100.00&lt;br&gt;Parcel area (m²): 726.48</description>
            <styleUrl>#3030356</styleUrl>
            <ExtendedData>
                <Data name="PIN">
                    <value>45908040032.0</value>
                </Data>
                <Data name="Wetland_%">
                    <value>28.92</value>
                </Data>
                <Data name="Flood_%">
                    <value>100.00</value>
                </Data>
                <Data name="Parcel_area_m2">
                    <value>726.48</value>
                </Data>
            </ExtendedData>
            <Polygon id="3030350">
                <outerBoundaryIs>
                    <LinearRing id="3030354">
                        <coordinates>-78.98322173742682,33.63141484793451,0.0 -78.98343283572048,33.63124114714793,0.0 -78.98357058131717,33.63135903290342,0.0 -78.98335948197665,33.631532732101434,0.0 -78.98324735029135,33.63143676841293,0.0 -78.98322173742682,33.63141484793451,0.0</coordinates>
                    </LinearRing>
                </outerBoundaryIs>
            </Polygon>
        </Placemark>
        <Placemark id="3030365">
            <name>45907030080.0</name>
            <description>PIN: 45907030080.0&lt;br&gt;Wetland %: 0.00&lt;br&gt;Flood %: 100.00&lt;br&gt;Parcel area (m²): 1905.15</description>
            <styleUrl>#3030370</styleUrl>
            <ExtendedData>
                <Data name="PIN">
                    <value>45907030080.0</value>
                </Data>
                <Data name="Wetland_%">
                    <value>0.00</value>
                </Data>
                <Data name="Flood_%">
                    <value>100.00</value>
                </Data>
                <Data name="Parcel_area_m2">
                    <value>1905.15</value>
                </Data>
            </ExtendedData>
            <Polygon id="3030364">
                <outerBoundaryIs>
                    <LinearRing id="3030368">
                        <coordinates>-78.971034194688,33.63128735355866,0.0 -78.97120864995966,33.63111289551843,0.0 -78.971241314762,33.6310829408254,0.0 -78.97161357092764,33.63132817667415,0.0 -78.97140158902911,33.631538441369926,0.0 -78.97115425917158,33.631364446745344,0.0 -78.971034194688,33.63128735355866,0.0</coordinates>
                    </LinearRing>
                </outerBoundaryIs>
            </Polygon>
        </Placemark>
        <Placemark id="3030379">
            <name>45908030044.0</name>
            <description>PIN: 45908030044.0&lt;br&gt;Wetland %: 0.00&lt;br&gt;Flood %: 100.00&lt;br&gt;Parcel area (m²): 1849.33</description>
            <styleUrl>#3030384</styleUrl>
            <ExtendedData>
                <Data name="PIN">
                    <value>45908030044.0</value>
                </Data>
                <Data name="Wetland_%">
                    <value>0.00</value>
                </Data>
                <Data name="Flood_%">
                    <value>100.00</value>
                </Data>
                <Data name="Parcel_area_m2">
                    <value>1849.33</value>
                </Data>
            </ExtendedData>
            <Polygon id="3030378">
                <outerBoundaryIs>
                    <LinearRing id="3030382">
                        <coordinates>-78.97789312832019,33.631610017899476,0.0 -78.97801289570529,33.63151266710012,0.0 -78.97802211880177,33.63150474115812,0.0 -78.97803135094632,33.631496474428765,0.0 -78.97803976368877,33.631488021113455,0.0 -78.97804736532645,33.63147921088082,0.0 -78.97805579521372,33.63147007056381,0.0 -78.97806938079383,33.63145122042474,0.0 -78.97807195022935,33.63144679425061,0.0 -78.97807618415908,33.63144136620246,0.0 -78.97808217023632,33.631431327233344,0.0 -78.97808733611772,33.631421273937214,0.0 -78.97808907111737,33.6314173500169,0.0 -78.97844830343276,33.631725464364884,0.0 -78.97832141343824,33.63183383441216,0.0 -78.97823787574605,33.63190518013798,0.0 -78.97789474277458,33.631611247520055,0.0 -78.97789312832019,33.631610017899476,0.0</coordinates>
                    </LinearRing>
                </outerBoundaryIs>
            </Polygon>
        </Placemark>
        <Placemark id="3030393">
            <name>45908030045.0</name>
            <description>PIN: 45908030045.0&lt;br&gt;Wetland %: 0.00&lt;br&gt;Flood %: 100.00&lt;br&gt;Parcel area (m²): 2450.54</description>
            <styleUrl>#3030398</styleUrl>
            <ExtendedData>
                <Data name="PIN">
                    <value>45908030045.0</value>
                </Data>
                <Data name="Wetland_%">
                    <value>0.00</value>
                </Data>
                <Data name="Flood_%">
                    <value>100.00</value>
                </Data>
                <Data name="Parcel_area_m2">
                    <value>2450.54</value>
                </Data>
            </ExtendedData>
            <Polygon id="3030392">
                <outerBoundaryIs>
                    <LinearRing id="3030396">
                        <coordinates>-78.97808907111737,33.6314173500169,0.0 -78.97809079806075,33.63141377050718,0.0 -78.97809250893405,33.631410878015735,0.0 -78.978092545102,33.631409331773874,0.0 -78.97809514559717,33.631403531545104,0.0 -78.97809952523019,33.6313919203495,0.0 -78.97810039766206,33.631389701415955,0.0 -78.9781012532716,33.63138833995576,0.0 -78.97810303942968,33.6313821827574,0.0 -78.97810393592398,33.631378935099654,0.0 -78.9781047904555,33.63137757362172,0.0 -78.97810665801909,33.6313679822513,0.0 -78.97810752859922,33.631365934656735,0.0 -78.97810845326805,33.63136148246295,0.0 -78.97810940712621,33.63135582845571,0.0 -78.97811032378105,33.631351718869496,0.0 -78.97811127763903,33.631346064862164,0.0 -78.9781113258484,33.63134400380739,0.0 -78.97811225267242,33.63133955164889,0.0 -78.97811236115403,33.63133491382486,0.0 -78.97811328285103,33.63133063475567,0.0 -78.97811339533943,33.63132582562786,0.0 -78.97811344761892,33.631323590564485,0.0 -78.97811370070733,33.631312770477706,0.0 -78.9781111949019,33.63127939722354,0.0 -78.97882941303497,33.63141434890114,0.0 -78.97861344482189,33.631590652785576,0.0 -78.97854554538914,33.63164608185361,0.0 -78.97844830343276,33.631725464364884,0.0 -78.97808907111737,33.6314173500169,0.0</coordinates>
                    </LinearRing>
                </outerBoundaryIs>
            </Polygon>
        </Placemark>
        <Placemark id="3030407">
            <name>45908040034.0</name>
            <description>PIN: 45908040034.0&lt;br&gt;Wetland %: 33.21&lt;br&gt;Flood %: 100.00&lt;br&gt;Parcel area (m²): 681.02</description>
            <styleUrl>#3030412</styleUrl>
            <ExtendedData>
                <Data name="PIN">
                    <value>45908040034.0</value>
                </Data>
                <Data name="Wetland_%">
                    <value>33.21</value>
                </Data>
                <Data name="Flood_%">
                    <value>100.00</value>
                </Data>
                <Data name="Parcel_area_m2">
                    <value>681.02</value>
                </Data>
            </ExtendedData>
            <Polygon id="3030406">
                <outerBoundaryIs>
                    <LinearRing id="3030410">
                        <coordinates>-78.98358252174587,33.63170111019804,0.0 -78.98350973716823,33.631639910425605,0.0 -78.9837083302706,33.63147674447691,0.0 -78.98380251932683,33.6315574714994,0.0 -78.983846071587,33.631594799404205,0.0 -78.9838368265748,33.63160239349965,0.0 -78.98379571115686,33.63163615952668,0.0 -78.98373159645114,33.631688813846466,0.0 -78.9836487827972,33.63175682425695,0.0 -78.98358252174587,33.63170111019804,0.0</coordinates>
                    </LinearRing>
                </outerBoundaryIs>
            </Polygon>
        </Placemark>
        <Placemark id="3030421">
            <name>45900000320.0_1</name>
            <description>PIN: 45900000320.0&lt;br&gt;Wetland %: 34.83&lt;br&gt;Flood %: 100.00&lt;br&gt;Parcel area (m²): 77870.33</description>
            <styleUrl>#3030426</styleUrl>
            <ExtendedData>
                <Data name="PIN">
                    <value>45900000320.0</value>
                </Data>
                <Data name="Wetland_%">
                    <value>34.83</value>
                </Data>
                <Data name="Flood_%">
                    <value>100.00</value>
                </Data>
                <Data name="Parcel_area_m2">
                    <value>77870.33</value>
                </Data>
            </ExtendedData>
            <Polygon id="3030420">
                <outerBoundaryIs>
                    <LinearRing id="3030424">
                        <coordinates>-78.98226079117997,33.63252663781247,0.0 -78.98183294419333,33.632165353749286,0.0 -78.98174673328118,33.63209246717466,0.0 -78.98157915143217,33.63195055386355,0.0 -78.98128909226124,33.63170543633415,0.0 -78.98139745611198,33.631568548683106,0.0 -78.98150920213007,33.63142759251947,0.0 -78.98171707148327,33.63160332503708,0.0 -78.98197168409966,33.63181830942434,0.0 -78.982202933335,33.63201349640981,0.0 -78.98255021095929,33.63230645354612,0.0 -78.98276648710353,33.63229830348103,0.0 -78.9828661467956,33.63229453722868,0.0 -78.98227812234487,33.63278163411953,0.0 -78.98226079117997,33.63252663781247,0.0</coordinates>
                    </LinearRing>
                </outerBoundaryIs>
            </Polygon>
        </Placemark>
        <Placemark id="3030430">
            <name>45900000320.0_2</name>
            <styleUrl>#3030435</styleUrl>
            <Polygon id="3030429">
                <outerBoundaryIs>
                    <LinearRing id="3030433">
                        <coordinates>-78.98120565381342,33.633448739471184,0.0 -78.98096142061995,33.6332466379412,0.0 -78.98077523554417,33.63309204666795,0.0 -78.98077362500179,33.63309064668311,0.0 -78.98053988116543,33.63289679082935,0.0 -78.98034724457243,33.6327371119782,0.0 -78.98055249836735,33.63256778957708,0.0 -78.98076601655573,33.63274808422275,0.0 -78.98099725834228,33.632943443786985,0.0 -78.98138964074566,33.63327528540112,0.0 -78.9817214032194,33.63324279117368,0.0 -78.98123709835423,33.63364395669547,0.0 -78.98122283016569,33.63355760960794,0.0 -78.98122213611659,33.633552100922635,0.0 -78.98120565381342,33.633448739471184,0.0</coordinates>
                    </LinearRing>
                </outerBoundaryIs>
            </Polygon>
        </Placemark>
        <Placemark id="3030439">
            <name>45900000320.0_3</name>
            <styleUrl>#3030444</styleUrl>
            <Polygon id="3030438">
                <outerBoundaryIs>
                    <LinearRing id="3030442">
                        <coordinates>-78.98011854310138,33.634191098875235,0.0 -78.97990232082941,33.634020896809886,0.0 -78.97972319971029,33.63388050963753,0.0 -78.97948439678125,33.63369223958788,0.0 -78.97931657355771,33.63356062849753,0.0 -78.97924960909673,33.633507987051495,0.0 -78.97931892643719,33.63345998033276,0.0 -78.97942666644124,33.633385111707284,0.0 -78.97943919599814,33.633376381092496,0.0 -78.97944080945076,33.6333776097733,0.0 -78.97973823563727,33.63362388387702,0.0 -78.97997115616991,33.63381772776068,0.0 -78.98016218212209,33.633976176715294,0.0 -78.98029275432825,33.63408449822969,0.0 -78.98053941810642,33.634077190639324,0.0 -78.9807205968078,33.63407178677256,0.0 -78.98019861221374,33.63450415206682,0.0 -78.98011854310138,33.634191098875235,0.0</coordinates>
                    </LinearRing>
                </outerBoundaryIs>
            </Polygon>
        </Placemark>
        <Placemark id="3030448">
            <name>45900000320.0_4</name>
            <styleUrl>#3030453</styleUrl>
            <Polygon id="3030447">
                <outerBoundaryIs>
                    <LinearRing id="3030451">
                        <coordinates>-78.97816551598332,33.634261030865346,0.0 -78.97833255694552,33.63414503819956,0.0 -78.97864721430334,33.634392284179796,0.0 -78.97891265005615,33.63460109496806,0.0 -78.97912080100475,33.63476498029355,0.0 -78.97922084857215,33.634843593248775,0.0 -78.97924829073668,33.63486466056393,0.0 -78.9792854062635,33.63489379073412,0.0 -78.97934348579439,33.634939929004794,0.0 -78.9797067939612,33.63503507863877,0.0 -78.97973465949183,33.63504237648625,0.0 -78.97954119390668,33.63519917659579,0.0 -78.97946665718348,33.63525946823095,0.0 -78.97944902379491,33.63527567546035,0.0 -78.97932634714603,33.63539188028818,0.0 -78.9792718604361,33.63543806686873,0.0 -78.97909869017806,33.63558492334258,0.0 -78.97904804202355,33.635627876018404,0.0 -78.97904804948153,33.635627833749076,0.0 -78.97904805909523,33.63562779151504,0.0 -78.97905442810423,33.63559686254675,0.0 -78.9790999467265,33.6353758049157,0.0 -78.97912558518726,33.6352281162291,0.0 -78.97893773831746,33.63503913192725,0.0 -78.97879966286591,33.63490027540671,0.0 -78.97858534030668,33.634684053402935,0.0 -78.97837583718311,33.634472550370965,0.0 -78.97816551598332,33.634261030865346,0.0</coordinates>
                    </LinearRing>
                </outerBoundaryIs>
            </Polygon>
        </Placemark>
        <Placemark id="3030457">
            <name>45900000320.0_5</name>
            <styleUrl>#3030462</styleUrl>
            <Polygon id="3030456">
                <outerBoundaryIs>
                    <LinearRing id="3030460">
                        <coordinates>-78.97705745006347,33.635054568756736,0.0 -78.97726076371845,33.634898447822366,0.0 -78.97747026296918,33.63510995359776,0.0 -78.977680590718,33.635321302089785,0.0 -78.97789491153738,33.63553752472287,0.0 -78.97813171759701,33.63577610885453,0.0 -78.97825213485345,33.63589715055178,0.0 -78.97863798190897,33.63595624805163,0.0 -78.97865658356208,33.635959097701075,0.0 -78.97863478698387,33.63597764127889,0.0 -78.97847132737085,33.63611602960054,0.0 -78.97835984380804,33.63621025320335,0.0 -78.97822509117482,33.6363156073986,0.0 -78.97821337765005,33.636324693086884,0.0 -78.97819441393781,33.63634031555769,0.0 -78.97816143195345,33.63636748527424,0.0 -78.97811663918311,33.63640374808913,0.0 -78.97796629080703,33.636525458751244,0.0 -78.97802275409299,33.63622737699465,0.0 -78.97802722358091,33.63620377684254,0.0 -78.97806093008441,33.636027353717736,0.0 -78.97795389176902,33.63596666699132,0.0 -78.97778115612135,33.63586933753117,0.0 -78.97757598141791,33.635753778832246,0.0 -78.97729163121872,33.635615790002404,0.0 -78.97701915657984,33.63546201523593,0.0 -78.9767466767237,33.63530841203489,0.0 -78.97686395148602,33.63521256560237,0.0 -78.97705745006347,33.635054568756736,0.0</coordinates>
                    </LinearRing>
                </outerBoundaryIs>
            </Polygon>
        </Placemark>
        <Placemark id="3030466">
            <name>45900000320.0_6</name>
            <styleUrl>#3030471</styleUrl>
            <Polygon id="3030465">
                <outerBoundaryIs>
                    <LinearRing id="3030469">
                        <coordinates>-78.97705353195576,33.63690707486791,0.0 -78.97678834313204,33.63675771314028,0.0 -78.97651018874751,33.636600752441424,0.0 -78.97622878407881,33.63644219011553,0.0 -78.97595630872581,33.636288413024445,0.0 -78.97608493161749,33.636129009273304,0.0 -78.97635741286324,33.63628261481621,0.0 -78.97662989402052,33.63643621883537,0.0 -78.9769023772029,33.63658982316925,0.0 -78.97701590884954,33.636653881264365,0.0 -78.97725676694348,33.63678961262184,0.0 -78.97762542002361,33.636801319592195,0.0 -78.9776292163161,33.636801381738984,0.0 -78.97762952564646,33.6368013877048,0.0 -78.9774276550698,33.63696594982409,0.0 -78.97696442272705,33.63734410083883,0.0 -78.97696444554929,33.63734400109682,0.0 -78.97696625946398,33.63733588354691,0.0 -78.97699717382181,33.63718746361043,0.0 -78.97702550286184,33.63705145987287,0.0 -78.97705515460005,33.63690795828493,0.0 -78.97705353195576,33.63690707486791,0.0</coordinates>
                    </LinearRing>
                </outerBoundaryIs>
            </Polygon>
        </Placemark>
        <Placemark id="3030475">
            <name>45900000320.0_7</name>
            <styleUrl>#3030480</styleUrl>
            <Polygon id="3030474">
                <outerBoundaryIs>
                    <LinearRing id="3030478">
                        <coordinates>-78.97523954149335,33.63717717611699,0.0 -78.97529455262769,33.63710883460389,0.0 -78.97556702938947,33.637262613135164,0.0 -78.97584843551502,33.63742117694849,0.0 -78.97612741079183,33.63757832571526,0.0 -78.97624337209314,33.63764397113516,0.0 -78.97654580985626,33.63767641726378,0.0 -78.9765520570762,33.63767717439754,0.0 -78.97655236351513,33.63767721188668,0.0 -78.97613285262318,33.638012605003205,0.0 -78.9761266429048,33.63801770568318,0.0 -78.9759937796185,33.63812682070008,0.0 -78.97599386007906,33.63812338471211,0.0 -78.97599785740375,33.63795268255509,0.0 -78.97600190398936,33.637779876064926,0.0 -78.97593010267943,33.63772320131377,0.0 -78.97588089309951,33.63768425006408,0.0 -78.97552754811026,33.63740475012902,0.0 -78.97523954149335,33.63717717611699,0.0</coordinates>
                    </LinearRing>
                </outerBoundaryIs>
            </Polygon>
        </Placemark>
        <Placemark id="3030484">
            <name>45900000320.0_8</name>
            <styleUrl>#3030489</styleUrl>
            <Polygon id="3030483">
                <outerBoundaryIs>
                    <LinearRing id="3030487">
                        <coordinates>-78.97473274547683,33.63860752215571,0.0 -78.97460741379358,33.63841577611273,0.0 -78.9743988377854,33.638094659415394,0.0 -78.97452053960652,33.637985487553834,0.0 -78.97479256555593,33.638193726926986,0.0 -78.97507104483229,33.63840705468617,0.0 -78.9751251303187,33.63844831938319,0.0 -78.97562113344968,33.6384256953814,0.0 -78.97563182831293,33.63842518244755,0.0 -78.97527993897465,33.63871477431886,0.0 -78.97486436288882,33.63905710053512,0.0 -78.97471308347751,33.63918119485549,0.0 -78.97465407676374,33.63922959719188,0.0 -78.97465412127403,33.63922949239422,0.0 -78.97483982330664,33.63877182033176,0.0 -78.97473274547683,33.63860752215571,0.0</coordinates>
                    </LinearRing>
                </outerBoundaryIs>
            </Polygon>
        </Placemark>
        <Placemark id="3030493">
            <name>45900000320.0_9</name>
            <styleUrl>#3030498</styleUrl>
            <Polygon id="3030492">
                <outerBoundaryIs>
                    <LinearRing id="3030496">
                        <coordinates>-78.97338403124573,33.638797082748546,0.0 -78.97348166093785,33.638733392557405,0.0 -78.97361727075764,33.638942318109045,0.0 -78.97391234026317,33.63939440799087,0.0 -78.97394961087588,33.639451891272266,0.0 -78.97397405172103,33.63946088310348,0.0 -78.97424860684062,33.639561262847124,0.0 -78.97419065572788,33.639609002211465,0.0 -78.9741279554628,33.639660657477705,0.0 -78.97409609412617,33.63968959248002,0.0 -78.97408093906071,33.63970335745575,0.0 -78.97406107661644,33.63972063857769,0.0 -78.97403480548267,33.63974349323734,0.0 -78.97392423253294,33.63982555524534,0.0 -78.9739018429477,33.6398421698509,0.0 -78.9736298542517,33.64005282878941,0.0 -78.97365592905076,33.63995703803693,0.0 -78.9737352121327,33.63965954165443,0.0 -78.9736598437283,33.63947462738491,0.0 -78.97362956190695,33.63939939114275,0.0 -78.97351921664806,33.63912919612709,0.0 -78.97338403124573,33.638797082748546,0.0</coordinates>
                    </LinearRing>
                </outerBoundaryIs>
            </Polygon>
        </Placemark>
        <Placemark id="3030502">
            <name>45900000320.0_10</name>
            <styleUrl>#3030507</styleUrl>
            <Polygon id="3030501">
                <outerBoundaryIs>
                    <LinearRing id="3030505">
                        <coordinates>-78.97224156793204,33.639546369246425,0.0 -78.97244019364223,33.6394157816666,0.0 -78.9725419601294,33.63966624848306,0.0 -78.97268491422476,33.640017391384156,0.0 -78.97276651365307,33.64021684050521,0.0 -78.97281779289185,33.640342767088896,0.0 -78.97315866898388,33.64041829302953,0.0 -78.9719173172282,33.64138880477909,0.0 -78.97191599469932,33.641390065632635,0.0 -78.97191395511612,33.64139201372142,0.0 -78.97189724891685,33.64140544901828,0.0 -78.97188464122839,33.6414155882464,0.0 -78.971649182893,33.641609830150735,0.0 -78.97164666631502,33.641612022948216,0.0 -78.97123775909742,33.64194912079031,0.0 -78.97123765663349,33.64194898381617,0.0 -78.9710760321774,33.641732720523024,0.0 -78.97144431011168,33.641551140279645,0.0 -78.97144934835158,33.64154658430875,0.0 -78.97177063425308,33.64133656890568,0.0 -78.97211150270574,33.6409923393058,0.0 -78.97214681717804,33.64053793708666,0.0 -78.97214057295021,33.64024367827683,0.0 -78.97211436303719,33.63995991505455,0.0 -78.97213116243074,33.63973424757131,0.0 -78.97224156793204,33.639546369246425,0.0</coordinates>
                    </LinearRing>
                </outerBoundaryIs>
            </Polygon>
        </Placemark>
        <Placemark id="3030516">
            <name>45805020072.0</name>
            <description>PIN: 45805020072.0&lt;br&gt;Wetland %: 0.00&lt;br&gt;Flood %: 100.00&lt;br&gt;Parcel area (m²): 1785.03</description>
            <styleUrl>#3030521</styleUrl>
            <ExtendedData>
                <Data name="PIN">
                    <value>45805020072.0</value>
                </Data>
                <Data name="Wetland_%">
                    <value>0.00</value>
                </Data>
                <Data name="Flood_%">
                    <value>100.00</value>
                </Data>
                <Data name="Parcel_area_m2">
                    <value>1785.03</value>
                </Data>
            </ExtendedData>
            <Polygon id="3030515">
                <outerBoundaryIs>
                    <LinearRing id="3030519">
                        <coordinates>-78.98877127310064,33.63365842700568,0.0 -78.98877244784819,33.63365761634501,0.0 -78.98909125393723,33.63342223231012,0.0 -78.989288936264,33.6336786278173,0.0 -78.98908205292494,33.6338344638344,0.0 -78.98907517928367,33.63383932074061,0.0 -78.98906687311197,33.633843137838944,0.0 -78.98905776270352,33.63384625366348,0.0 -78.98904866827776,33.63384868246789,0.0 -78.98903958580759,33.63385059735955,0.0 -78.9890305204403,33.633851823445404,0.0 -78.98902664951065,33.633851962466885,0.0 -78.98902065262476,33.633852178721256,0.0 -78.98901161704765,33.633852031633424,0.0 -78.9890108874432,33.633851969247644,0.0 -78.98900177723498,33.6338511832714,0.0 -78.98899277468244,33.63384966306252,0.0 -78.98898378705717,33.63384745491441,0.0 -78.98897481649416,33.63384455976382,0.0 -78.98896668433261,33.63384099007951,0.0 -78.98895856305043,33.63383690646489,0.0 -78.98895045376759,33.63383230713442,0.0 -78.98894318070977,33.63382703413693,0.0 -78.98893674096938,33.6338212587943,0.0 -78.98877127310064,33.63365842700568,0.0</coordinates>
                    </LinearRing>
                </outerBoundaryIs>
            </Polygon>
        </Placemark>
        <Placemark id="3030530">
            <name>45908010025.0</name>
            <description>PIN: 45908010025.0&lt;br&gt;Wetland %: 12.07&lt;br&gt;Flood %: 100.00&lt;br&gt;Parcel area (m²): 2205.77</description>
            <styleUrl>#3030535</styleUrl>
            <ExtendedData>
                <Data name="PIN">
                    <value>45908010025.0</value>
                </Data>
                <Data name="Wetland_%">
                    <value>12.07</value>
                </Data>
                <Data name="Flood_%">
                    <value>100.00</value>
                </Data>
                <Data name="Parcel_area_m2">
                    <value>2205.77</value>
                </Data>
            </ExtendedData>
            <Polygon id="3030529">
                <outerBoundaryIs>
                    <LinearRing id="3030533">
                        <coordinates>-78.98411206407476,33.63398903063251,0.0 -78.98411864772929,33.63398862215605,0.0 -78.98412523214532,33.63398804232259,0.0 -78.98413182670717,33.633987119916185,0.0 -78.98413760398736,33.633986010999855,0.0 -78.9841442116751,33.63398457199388,0.0 -78.98415081828475,33.63398313296998,0.0 -78.98415661156564,33.633981337935566,0.0 -78.98416322910307,33.63397938408013,0.0 -78.98416903441061,33.63397707333028,0.0 -78.9841748407957,33.633974762597774,0.0 -78.9841806479419,33.63397228050831,0.0 -78.98418646743121,33.633969454077935,0.0 -78.98419228873838,33.63396645720986,0.0 -78.98419729278476,33.63396327293073,0.0 -78.98420312210206,33.63395993255271,0.0 -78.9842081330597,33.633956405647744,0.0 -78.98421315014653,33.6339527083755,0.0 -78.984217343801,33.63394899586268,0.0 -78.9842223688979,33.633944955080686,0.0 -78.98422657455731,33.633940727754286,0.0 -78.98423078233003,33.63393650226614,0.0 -78.98423417182737,33.633932086644954,0.0 -78.9842383854543,33.63392751761196,0.0 -78.98424178281451,33.63392276479235,0.0 -78.98424518245618,33.63391800659823,0.0 -78.98424776253458,33.6339130672696,0.0 -78.98425034052006,33.63390812520096,0.0 -78.98425292571264,33.63390301278272,0.0 -78.98425550980603,33.63389790124843,0.0 -78.98425727769606,33.633892603222925,0.0 -78.98425904340918,33.63388730606381,0.0 -78.98426081127776,33.63388200893984,0.0 -78.98426175968872,33.633876526173566,0.0 -78.98426353159378,33.633871055942414,0.0 -78.98426365974375,33.63386556069368,0.0 -78.98433925301352,33.63386990404027,0.0 -78.9845125096666,33.63401633184909,0.0 -78.98465661696305,33.63413812353139,0.0 -78.98429049258348,33.6343998168065,0.0 -78.98428750035863,33.63439343815039,0.0 -78.98411206407476,33.63398903063251,0.0</coordinates>
                    </LinearRing>
                </outerBoundaryIs>
            </Polygon>
        </Placemark>
        <Placemark id="3030544">
            <name>45908010017.0</name>
            <description>PIN: 45908010017.0&lt;br&gt;Wetland %: 15.25&lt;br&gt;Flood %: 100.00&lt;br&gt;Parcel area (m²): 2011.30</description>
            <styleUrl>#3030549</styleUrl>
            <ExtendedData>
                <Data name="PIN">
                    <value>45908010017.0</value>
                </Data>
                <Data name="Wetland_%">
                    <value>15.25</value>
                </Data>
                <Data name="Flood_%">
                    <value>100.00</value>
                </Data>
                <Data name="Parcel_area_m2">
                    <value>2011.30</value>
                </Data>
            </ExtendedData>
            <Polygon id="3030543">
                <outerBoundaryIs>
                    <LinearRing id="3030547">
                        <coordinates>-78.98320773608748,33.6346455689019,0.0 -78.98321433364943,33.63464447432148,0.0 -78.98322094032495,33.63464303534746,0.0 -78.98322755099721,33.63464142506919,0.0 -78.98323334434141,33.6346396300783,0.0 -78.98323996197115,33.6346376753709,0.0 -78.98324576732651,33.63463536556625,0.0 -78.98325157669947,33.63463288355592,0.0 -78.98325821357037,33.63463024278334,0.0 -78.98326320859701,33.63462740203406,0.0 -78.98326902998049,33.634624405209756,0.0 -78.98327485538142,33.63462123617971,0.0 -78.98327986349632,33.634617880634224,0.0 -78.98328488066123,33.634614183400004,0.0 -78.9832898957121,33.63461048432721,0.0 -78.98329491581615,33.63460661486951,0.0 -78.98329911861319,33.63460255979817,0.0 -78.98330333050222,33.63459816123497,0.0 -78.98330753623843,33.634593933940344,0.0 -78.98367851670234,33.63483723202533,0.0 -78.98324631552164,33.6351461473033,0.0 -78.98320773608748,33.6346455689019,0.0</coordinates>
                    </LinearRing>
                </outerBoundaryIs>
            </Polygon>
        </Placemark>
        <Placemark id="3030558">
            <name>45908010032.0</name>
            <description>PIN: 45908010032.0&lt;br&gt;Wetland %: 0.00&lt;br&gt;Flood %: 100.00&lt;br&gt;Parcel area (m²): 1485.43</description>
            <styleUrl>#3030563</styleUrl>
            <ExtendedData>
                <Data name="PIN">
                    <value>45908010032.0</value>
                </Data>
                <Data name="Wetland_%">
                    <value>0.00</value>
                </Data>
                <Data name="Flood_%">
                    <value>100.00</value>
                </Data>
                <Data name="Parcel_area_m2">
                    <value>1485.43</value>
                </Data>
            </ExtendedData>
            <Polygon id="3030557">
                <outerBoundaryIs>
                    <LinearRing id="3030561">
                        <coordinates>-78.9827984677596,33.63348835854974,0.0 -78.98298057885253,33.63333009632644,0.0 -78.98323319844587,33.633519014411974,0.0 -78.98323335850709,33.633519132473744,0.0 -78.98331236192415,33.63357717878022,0.0 -78.98329813107954,33.6335884588584,0.0 -78.98310969927087,33.63374122382781,0.0 -78.98303631199589,33.6336819495471,0.0 -78.98303606328935,33.63368174886288,0.0 -78.9827984677596,33.63348835854974,0.0</coordinates>
                    </LinearRing>
                </outerBoundaryIs>
            </Polygon>
        </Placemark>
        <Placemark id="3030572">
            <name>45908010031.0</name>
            <description>PIN: 45908010031.0&lt;br&gt;Wetland %: 0.00&lt;br&gt;Flood %: 100.00&lt;br&gt;Parcel area (m²): 1443.44</description>
            <styleUrl>#3030577</styleUrl>
            <ExtendedData>
                <Data name="PIN">
                    <value>45908010031.0</value>
                </Data>
                <Data name="Wetland_%">
                    <value>0.00</value>
                </Data>
                <Data name="Flood_%">
                    <value>100.00</value>
                </Data>
                <Data name="Parcel_area_m2">
                    <value>1443.44</value>
                </Data>
            </ExtendedData>
            <Polygon id="3030571">
                <outerBoundaryIs>
                    <LinearRing id="3030575">
                        <coordinates>-78.98298057885253,33.63333009632644,0.0 -78.98317407127583,33.63316194315069,0.0 -78.98338865695882,33.63333564292981,0.0 -78.98340241877796,33.633379682157965,0.0 -78.9834024590098,33.633379806380894,0.0 -78.98344305239657,33.633504571843794,0.0 -78.98342562741817,33.63351184748242,0.0 -78.98340818746557,33.63351981105649,0.0 -78.98339156085189,33.63352812974166,0.0 -78.98337492222424,33.633536963237816,0.0 -78.98335827154024,33.63354631334817,0.0 -78.9833432514285,33.63355620688816,0.0 -78.98332740198438,33.63356643052783,0.0 -78.98331236192415,33.63357717878022,0.0 -78.98323335850709,33.633519132473744,0.0 -78.98323319844587,33.633519014411974,0.0 -78.98298057885253,33.63333009632644,0.0</coordinates>
                    </LinearRing>
                </outerBoundaryIs>
            </Polygon>
        </Placemark>
        <Placemark id="3030586">
            <name>45908040003.0</name>
            <description>PIN: 45908040003.0&lt;br&gt;Wetland %: 0.00&lt;br&gt;Flood %: 100.00&lt;br&gt;Parcel area (m²): 2106.96</description>
            <styleUrl>#3030591</styleUrl>
            <ExtendedData>
                <Data name="PIN">
                    <value>45908040003.0</value>
                </Data>
                <Data name="Wetland_%">
                    <value>0.00</value>
                </Data>
                <Data name="Flood_%">
                    <value>100.00</value>
                </Data>
                <Data name="Parcel_area_m2">
                    <value>2106.96</value>
                </Data>
            </ExtendedData>
            <Polygon id="3030585">
                <outerBoundaryIs>
                    <LinearRing id="3030589">
                        <coordinates>-78.98150920213007,33.63142759251947,0.0 -78.98157945101873,33.63133956522754,0.0 -78.98177499757465,33.631093105887565,0.0 -78.98177584988991,33.63109174434903,0.0 -78.98180016884014,33.63110588908742,0.0 -78.9818374119974,33.63112951965266,0.0 -78.98187298631365,33.631154156569245,0.0 -78.98190853880962,33.63117982133408,0.0 -78.9819424224441,33.63120649335385,0.0 -78.98197546294651,33.631234180707594,0.0 -78.98200766101972,33.631262714743954,0.0 -78.98206727790046,33.631313344214675,0.0 -78.98171707148327,33.63160332503708,0.0 -78.98150920213007,33.63142759251947,0.0</coordinates>
                    </LinearRing>
                </outerBoundaryIs>
            </Polygon>
        </Placemark>
        <Placemark id="3030600">
            <name>45908040009.0</name>
            <description>PIN: 45908040009.0&lt;br&gt;Wetland %: 0.00&lt;br&gt;Flood %: 100.00&lt;br&gt;Parcel area (m²): 3083.94</description>
            <styleUrl>#3030605</styleUrl>
            <ExtendedData>
                <Data name="PIN">
                    <value>45908040009.0</value>
                </Data>
                <Data name="Wetland_%">
                    <value>0.00</value>
                </Data>
                <Data name="Flood_%">
                    <value>100.00</value>
                </Data>
                <Data name="Parcel_area_m2">
                    <value>3083.94</value>
                </Data>
            </ExtendedData>
            <Polygon id="3030599">
                <outerBoundaryIs>
                    <LinearRing id="3030603">
                        <coordinates>-78.98262270450029,33.631559015663576,0.0 -78.9829729055446,33.63126903223696,0.0 -78.98342412239462,33.63164976818845,0.0 -78.98340608677557,33.63171854455968,0.0 -78.98281678595774,33.631727304668985,0.0 -78.98281607982896,33.63172230990282,0.0 -78.98281619605388,33.63171732946712,0.0 -78.98281548698436,33.631712506924046,0.0 -78.98281395661819,33.631707670969725,0.0 -78.98281324754886,33.63170284842665,0.0 -78.98281171826073,33.631698012489906,0.0 -78.98280936255868,33.63169333623134,0.0 -78.98280782711774,33.63168867156323,0.0 -78.9828054714582,33.631683993501376,0.0 -78.98280228644407,33.631679647340775,0.0 -78.98279992281086,33.63167531098508,0.0 -78.98279673783938,33.631670963021115,0.0 -78.98279354882848,33.63166678816419,0.0 -78.98279035584132,33.63166278370948,0.0 -78.9827876221262,33.631660167629306,0.0 -78.9827863385962,33.63165893896793,0.0 -78.98278231708225,33.6316550923527,0.0 -78.9827796244163,33.63165275023142,0.0 -78.9827782928993,33.631651591137924,0.0 -78.9827742666031,33.631648088084646,0.0 -78.9827694120514,33.631644916048266,0.0 -78.98276537661957,33.63164175828965,0.0 -78.98276051405209,33.63163892976237,0.0 -78.9827556493504,33.63163610029806,0.0 -78.98274995637215,33.63163360275212,0.0 -78.98274508069254,33.631631289921486,0.0 -78.98274020211431,33.63162914751064,0.0 -78.98273449714372,33.63162716387566,0.0 -78.98272878707677,33.631625352428365,0.0 -78.98272307005021,33.63162388540936,0.0 -78.98271734906815,33.63162258789085,0.0 -78.98271162402534,33.63162146438076,0.0 -78.98270589502695,33.63162051037114,0.0 -78.98270015796992,33.63161990167384,0.0 -78.98269605842918,33.63161949108667,0.0 -78.9826928052913,33.63161806430242,0.0 -78.98262270450029,33.631559015663576,0.0</coordinates>
                    </LinearRing>
                </outerBoundaryIs>
            </Polygon>
        </Placemark>
        <Placemark id="3030614">
            <name>45908010047.0</name>
            <description>PIN: 45908010047.0&lt;br&gt;Wetland %: 3.43&lt;br&gt;Flood %: 100.00&lt;br&gt;Parcel area (m²): 900.20</description>
            <styleUrl>#3030619</styleUrl>
            <ExtendedData>
                <Data name="PIN">
                    <value>45908010047.0</value>
                </Data>
                <Data name="Wetland_%">
                    <value>3.43</value>
                </Data>
                <Data name="Flood_%">
                    <value>100.00</value>
                </Data>
                <Data name="Parcel_area_m2">
                    <value>900.20</value>
                </Data>
            </ExtendedData>
            <Polygon id="3030613">
                <outerBoundaryIs>
                    <LinearRing id="3030617">
                        <coordinates>-78.98540398595436,33.633598306177014,0.0 -78.98571872852493,33.63334229112296,0.0 -78.98581479564237,33.63346636743799,0.0 -78.98558879805279,33.63365165826569,0.0 -78.98551024167064,33.63368859345842,0.0 -78.98540398595436,33.633598306177014,0.0</coordinates>
                    </LinearRing>
                </outerBoundaryIs>
            </Polygon>
        </Placemark>
        <Placemark id="3030628">
            <name>45805020002.0</name>
            <description>PIN: 45805020002.0&lt;br&gt;Wetland %: 30.69&lt;br&gt;Flood %: 100.00&lt;br&gt;Parcel area (m²): 776.41</description>
            <styleUrl>#3030633</styleUrl>
            <ExtendedData>
                <Data name="PIN">
                    <value>45805020002.0</value>
                </Data>
                <Data name="Wetland_%">
                    <value>30.69</value>
                </Data>
                <Data name="Flood_%">
                    <value>100.00</value>
                </Data>
                <Data name="Parcel_area_m2">
                    <value>776.41</value>
                </Data>
            </ExtendedData>
            <Polygon id="3030627">
                <outerBoundaryIs>
                    <LinearRing id="3030631">
                        <coordinates>-78.98563615732618,33.63379558680866,0.0 -78.9859112475417,33.633573895696045,0.0 -78.98602691786583,33.633671684143565,0.0 -78.985809494488,33.63384656333236,0.0 -78.98574404392343,33.63388725879678,0.0 -78.98563615732618,33.63379558680866,0.0</coordinates>
                    </LinearRing>
                </outerBoundaryIs>
            </Polygon>
        </Placemark>
        <Placemark id="3030642">
            <name>45805020007.0</name>
            <description>PIN: 45805020007.0&lt;br&gt;Wetland %: 29.25&lt;br&gt;Flood %: 100.00&lt;br&gt;Parcel area (m²): 788.31</description>
            <styleUrl>#3030647</styleUrl>
            <ExtendedData>
                <Data name="PIN">
                    <value>45805020007.0</value>
                </Data>
                <Data name="Wetland_%">
                    <value>29.25</value>
                </Data>
                <Data name="Flood_%">
                    <value>100.00</value>
                </Data>
                <Data name="Parcel_area_m2">
                    <value>788.31</value>
                </Data>
            </ExtendedData>
            <Polygon id="3030641">
                <outerBoundaryIs>
                    <LinearRing id="3030645">
                        <coordinates>-78.98619517952774,33.634270592049404,0.0 -78.98626827667584,33.634233759543896,0.0 -78.9864852568505,33.634059160954855,0.0 -78.9865989203649,33.6341552529479,0.0 -78.98632343996539,33.63437957378637,0.0 -78.98619517952774,33.634270592049404,0.0</coordinates>
                    </LinearRing>
                </outerBoundaryIs>
            </Polygon>
        </Placemark>
        <Placemark id="3030656">
            <name>45805020009.0</name>
            <description>PIN: 45805020009.0&lt;br&gt;Wetland %: 34.68&lt;br&gt;Flood %: 100.00&lt;br&gt;Parcel area (m²): 801.39</description>
            <styleUrl>#3030661</styleUrl>
            <ExtendedData>
                <Data name="PIN">
                    <value>45805020009.0</value>
                </Data>
                <Data name="Wetland_%">
                    <value>34.68</value>
                </Data>
                <Data name="Flood_%">
                    <value>100.00</value>
                </Data>
                <Data name="Parcel_area_m2">
                    <value>801.39</value>
                </Data>
            </ExtendedData>
            <Polygon id="3030655">
                <outerBoundaryIs>
                    <LinearRing id="3030659">
                        <coordinates>-78.98643871558896,33.63447752313874,0.0 -78.98671442729223,33.634252900959545,0.0 -78.98683285195294,33.634353015414476,0.0 -78.98655513339911,33.63457644254266,0.0 -78.98643871558896,33.63447752313874,0.0</coordinates>
                    </LinearRing>
                </outerBoundaryIs>
            </Polygon>
        </Placemark>
        <Placemark id="3030670">
            <name>45805020020.0</name>
            <description>PIN: 45805020020.0&lt;br&gt;Wetland %: 23.68&lt;br&gt;Flood %: 100.00&lt;br&gt;Parcel area (m²): 784.25</description>
            <styleUrl>#3030675</styleUrl>
            <ExtendedData>
                <Data name="PIN">
                    <value>45805020020.0</value>
                </Data>
                <Data name="Wetland_%">
                    <value>23.68</value>
                </Data>
                <Data name="Flood_%">
                    <value>100.00</value>
                </Data>
                <Data name="Parcel_area_m2">
                    <value>784.25</value>
                </Data>
            </ExtendedData>
            <Polygon id="3030669">
                <outerBoundaryIs>
                    <LinearRing id="3030673">
                        <coordinates>-78.98769684986893,33.63554653282486,0.0 -78.98796815054962,33.635315652317786,0.0 -78.98803910969008,33.63537581754086,0.0 -78.98808555968526,33.63541537195704,0.0 -78.98788684280372,33.63558419891764,0.0 -78.9877909687007,33.63562650145684,0.0 -78.98769684986893,33.63554653282486,0.0</coordinates>
                    </LinearRing>
                </outerBoundaryIs>
            </Polygon>
        </Placemark>
        <Placemark id="3030684">
            <name>45805020022.0</name>
            <description>PIN: 45805020022.0&lt;br&gt;Wetland %: 25.70&lt;br&gt;Flood %: 100.00&lt;br&gt;Parcel area (m²): 797.00</description>
            <styleUrl>#3030689</styleUrl>
            <ExtendedData>
                <Data name="PIN">
                    <value>45805020022.0</value>
                </Data>
                <Data name="Wetland_%">
                    <value>25.70</value>
                </Data>
                <Data name="Flood_%">
                    <value>100.00</value>
                </Data>
                <Data name="Parcel_area_m2">
                    <value>797.00</value>
                </Data>
            </ExtendedData>
            <Polygon id="3030683">
                <outerBoundaryIs>
                    <LinearRing id="3030687">
                        <coordinates>-78.98796894725973,33.635777721901306,0.0 -78.98791856067085,33.63573491045596,0.0 -78.98819472660834,33.63550833429647,0.0 -78.98831070499939,33.635607097802946,0.0 -78.98810553148749,33.63577439219628,0.0 -78.98800055571812,33.63583660585299,0.0 -78.98796894725973,33.635777721901306,0.0</coordinates>
                    </LinearRing>
                </outerBoundaryIs>
            </Polygon>
        </Placemark>
        <Placemark id="3030698">
            <name>45908040030.0</name>
            <description>PIN: 45908040030.0&lt;br&gt;Wetland %: 22.47&lt;br&gt;Flood %: 100.00&lt;br&gt;Parcel area (m²): 787.29</description>
            <styleUrl>#3030703</styleUrl>
            <ExtendedData>
                <Data name="PIN">
                    <value>45908040030.0</value>
                </Data>
                <Data name="Wetland_%">
                    <value>22.47</value>
                </Data>
                <Data name="Flood_%">
                    <value>100.00</value>
                </Data>
                <Data name="Parcel_area_m2">
                    <value>787.29</value>
                </Data>
            </ExtendedData>
            <Polygon id="3030697">
                <outerBoundaryIs>
                    <LinearRing id="3030701">
                        <coordinates>-78.98293414838565,33.63116943007969,0.0 -78.98293428914354,33.63116931241966,0.0 -78.98314525063383,33.630995559375826,0.0 -78.98320244419807,33.631044430526245,0.0 -78.98329426916612,33.63112324963191,0.0 -78.98308398815678,33.631297135799784,0.0 -78.9830456795313,33.63126448502509,0.0 -78.98293414838565,33.63116943007969,0.0</coordinates>
                    </LinearRing>
                </outerBoundaryIs>
            </Polygon>
        </Placemark>
        <Placemark id="3030712">
            <name>45805030083.0</name>
            <description>PIN: 45805030083.0&lt;br&gt;Wetland %: 0.00&lt;br&gt;Flood %: 100.00&lt;br&gt;Parcel area (m²): 875.53</description>
            <styleUrl>#3030717</styleUrl>
            <ExtendedData>
                <Data name="PIN">
                    <value>45805030083.0</value>
                </Data>
                <Data name="Wetland_%">
                    <value>0.00</value>
                </Data>
                <Data name="Flood_%">
                    <value>100.00</value>
                </Data>
                <Data name="Parcel_area_m2">
                    <value>875.53</value>
                </Data>
            </ExtendedData>
            <Polygon id="3030711">
                <outerBoundaryIs>
                    <LinearRing id="3030715">
                        <coordinates>-78.98899287560522,33.63118859870444,0.0 -78.98891496687028,33.63114711096648,0.0 -78.98889801354902,33.63116951520063,0.0 -78.98881523659416,33.6311253911369,0.0 -78.98883726154068,33.631096883964304,0.0 -78.98876746166057,33.63106000899658,0.0 -78.9888174683748,33.630994157007606,0.0 -78.98891918425079,33.63085989662234,0.0 -78.9889897893408,33.63089747189537,0.0 -78.9889169085151,33.63099302682231,0.0 -78.9889225936164,33.63099586849577,0.0 -78.9889996930511,33.63103682173453,0.0 -78.98902936144417,33.63099760663443,0.0 -78.98908020135742,33.63093124588161,0.0 -78.98915729250356,33.63097255605631,0.0 -78.98913695056724,33.630999358050026,0.0 -78.98908187250039,33.63107131312821,0.0 -78.98909160846782,33.631076611785105,0.0 -78.9890814371537,33.63109002675163,0.0 -78.98907170118538,33.631084728093875,0.0 -78.98899287560522,33.63118859870444,0.0</coordinates>
                    </LinearRing>
                </outerBoundaryIs>
            </Polygon>
        </Placemark>
        <Placemark id="3030726">
            <name>45805030081.0</name>
            <description>PIN: 45805030081.0&lt;br&gt;Wetland %: 0.00&lt;br&gt;Flood %: 100.00&lt;br&gt;Parcel area (m²): 875.53</description>
            <styleUrl>#3030731</styleUrl>
            <ExtendedData>
                <Data name="PIN">
                    <value>45805030081.0</value>
                </Data>
                <Data name="Wetland_%">
                    <value>0.00</value>
                </Data>
                <Data name="Flood_%">
                    <value>100.00</value>
                </Data>
                <Data name="Parcel_area_m2">
                    <value>875.53</value>
                </Data>
            </ExtendedData>
            <Polygon id="3030725">
                <outerBoundaryIs>
                    <LinearRing id="3030729">
                        <coordinates>-78.98899287560522,33.63118859870444,0.0 -78.98891496687028,33.63114711096648,0.0 -78.98889801354902,33.63116951520063,0.0 -78.98881523659416,33.6311253911369,0.0 -78.98883726154068,33.631096883964304,0.0 -78.98876746166057,33.63106000899658,0.0 -78.9888174683748,33.630994157007606,0.0 -78.98891918425079,33.63085989662234,0.0 -78.9889897893408,33.63089747189537,0.0 -78.9889169085151,33.63099302682231,0.0 -78.9889225936164,33.63099586849577,0.0 -78.9889996930511,33.63103682173453,0.0 -78.98902936144417,33.63099760663443,0.0 -78.98908020135742,33.63093124588161,0.0 -78.98915729250356,33.63097255605631,0.0 -78.98913695056724,33.630999358050026,0.0 -78.98908187250039,33.63107131312821,0.0 -78.98909160846782,33.631076611785105,0.0 -78.9890814371537,33.63109002675163,0.0 -78.98907170118538,33.631084728093875,0.0 -78.98899287560522,33.63118859870444,0.0</coordinates>
                    </LinearRing>
                </outerBoundaryIs>
            </Polygon>
        </Placemark>
        <Placemark id="3030740">
            <name>45805030075.0</name>
            <description>PIN: 45805030075.0&lt;br&gt;Wetland %: 0.00&lt;br&gt;Flood %: 100.00&lt;br&gt;Parcel area (m²): 899.94</description>
            <styleUrl>#3030745</styleUrl>
            <ExtendedData>
                <Data name="PIN">
                    <value>45805030075.0</value>
                </Data>
                <Data name="Wetland_%">
                    <value>0.00</value>
                </Data>
                <Data name="Flood_%">
                    <value>100.00</value>
                </Data>
                <Data name="Parcel_area_m2">
                    <value>899.94</value>
                </Data>
            </ExtendedData>
            <Polygon id="3030739">
                <outerBoundaryIs>
                    <LinearRing id="3030743">
                        <coordinates>-78.98921821654913,33.63135567447031,0.0 -78.9891678980217,33.63129366043156,0.0 -78.9891470818366,33.63130552756588,0.0 -78.98909516428265,33.63124161774054,0.0 -78.98911848398026,33.631228086697675,0.0 -78.98907964579185,33.63118014580113,0.0 -78.98906896646193,33.6311669641458,0.0 -78.98911440798042,33.631141150696905,0.0 -78.98931125463875,33.63102932932741,0.0 -78.98936716684365,33.631098114139164,0.0 -78.98925393691694,33.6311622508771,0.0 -78.9892986668151,33.63121727405984,0.0 -78.98941356748799,33.63115195496967,0.0 -78.98946628604939,33.63121675799141,0.0 -78.98935221111195,33.631281897555255,0.0 -78.98935779205934,33.63128921836078,0.0 -78.9893261520456,33.63130723286635,0.0 -78.98931896368208,33.63129837333905,0.0 -78.98921821654913,33.63135567447031,0.0</coordinates>
                    </LinearRing>
                </outerBoundaryIs>
            </Polygon>
        </Placemark>
        <Placemark id="3030754">
            <name>45805030065.0</name>
            <description>PIN: 45805030065.0&lt;br&gt;Wetland %: 0.00&lt;br&gt;Flood %: 100.00&lt;br&gt;Parcel area (m²): 899.94</description>
            <styleUrl>#3030759</styleUrl>
            <ExtendedData>
                <Data name="PIN">
                    <value>45805030065.0</value>
                </Data>
                <Data name="Wetland_%">
                    <value>0.00</value>
                </Data>
                <Data name="Flood_%">
                    <value>100.00</value>
                </Data>
                <Data name="Parcel_area_m2">
                    <value>899.94</value>
                </Data>
            </ExtendedData>
            <Polygon id="3030753">
                <outerBoundaryIs>
                    <LinearRing id="3030757">
                        <coordinates>-78.98921821654913,33.63135567447031,0.0 -78.9891678980217,33.63129366043156,0.0 -78.9891470818366,33.63130552756588,0.0 -78.98909516428265,33.63124161774054,0.0 -78.98911848398026,33.631228086697675,0.0 -78.98907964579185,33.63118014580113,0.0 -78.98906896646193,33.6311669641458,0.0 -78.98911440798042,33.631141150696905,0.0 -78.98931125463875,33.63102932932741,0.0 -78.98936716684365,33.631098114139164,0.0 -78.98925393691694,33.6311622508771,0.0 -78.9892986668151,33.63121727405984,0.0 -78.98941356748799,33.63115195496967,0.0 -78.98946628604939,33.63121675799141,0.0 -78.98935221111195,33.631281897555255,0.0 -78.98935779205934,33.63128921836078,0.0 -78.9893261520456,33.63130723286635,0.0 -78.98931896368208,33.63129837333905,0.0 -78.98921821654913,33.63135567447031,0.0</coordinates>
                    </LinearRing>
                </outerBoundaryIs>
            </Polygon>
        </Placemark>
        <Placemark id="3030768">
            <name>45908040029.0</name>
            <description>PIN: 45908040029.0&lt;br&gt;Wetland %: 18.78&lt;br&gt;Flood %: 100.00&lt;br&gt;Parcel area (m²): 723.95</description>
            <styleUrl>#3030773</styleUrl>
            <ExtendedData>
                <Data name="PIN">
                    <value>45908040029.0</value>
                </Data>
                <Data name="Wetland_%">
                    <value>18.78</value>
                </Data>
                <Data name="Flood_%">
                    <value>100.00</value>
                </Data>
                <Data name="Parcel_area_m2">
                    <value>723.95</value>
                </Data>
            </ExtendedData>
            <Polygon id="3030767">
                <outerBoundaryIs>
                    <LinearRing id="3030771">
                        <coordinates>-78.98279641085534,33.63105120188744,0.0 -78.98300830339691,33.63087871888127,0.0 -78.98314525063383,33.630995559375826,0.0 -78.98293428914354,33.63116931241966,0.0 -78.98293414838565,33.63116943007969,0.0 -78.98287014092365,33.631114489304245,0.0 -78.98279641085534,33.63105120188744,0.0</coordinates>
                    </LinearRing>
                </outerBoundaryIs>
            </Polygon>
        </Placemark>
        <Placemark id="3030782">
            <name>45908040011.0</name>
            <description>PIN: 45908040011.0&lt;br&gt;Wetland %: 0.00&lt;br&gt;Flood %: 100.00&lt;br&gt;Parcel area (m²): 2016.10</description>
            <styleUrl>#3030787</styleUrl>
            <ExtendedData>
                <Data name="PIN">
                    <value>45908040011.0</value>
                </Data>
                <Data name="Wetland_%">
                    <value>0.00</value>
                </Data>
                <Data name="Flood_%">
                    <value>100.00</value>
                </Data>
                <Data name="Parcel_area_m2">
                    <value>2016.10</value>
                </Data>
            </ExtendedData>
            <Polygon id="3030781">
                <outerBoundaryIs>
                    <LinearRing id="3030785">
                        <coordinates>-78.98214894128776,33.63115866546534,0.0 -78.98214957788383,33.631158138305864,0.0 -78.98249914229943,33.63086868336422,0.0 -78.98273038908658,33.63106387027435,0.0 -78.98238018298365,33.63135402430879,0.0 -78.98227818783946,33.63126785532381,0.0 -78.98214894128776,33.63115866546534,0.0</coordinates>
                    </LinearRing>
                </outerBoundaryIs>
            </Polygon>
        </Placemark>
        <Placemark id="3030796">
            <name>45805030078.0</name>
            <description>PIN: 45805030078.0&lt;br&gt;Wetland %: 0.00&lt;br&gt;Flood %: 100.00&lt;br&gt;Parcel area (m²): 875.53</description>
            <styleUrl>#3030801</styleUrl>
            <ExtendedData>
                <Data name="PIN">
                    <value>45805030078.0</value>
                </Data>
                <Data name="Wetland_%">
                    <value>0.00</value>
                </Data>
                <Data name="Flood_%">
                    <value>100.00</value>
                </Data>
                <Data name="Parcel_area_m2">
                    <value>875.53</value>
                </Data>
            </ExtendedData>
            <Polygon id="3030795">
                <outerBoundaryIs>
                    <LinearRing id="3030799">
                        <coordinates>-78.98899287560522,33.63118859870444,0.0 -78.98891496687028,33.63114711096648,0.0 -78.98889801354902,33.63116951520063,0.0 -78.98881523659416,33.6311253911369,0.0 -78.98883726154068,33.631096883964304,0.0 -78.98876746166057,33.63106000899658,0.0 -78.9888174683748,33.630994157007606,0.0 -78.98891918425079,33.63085989662234,0.0 -78.9889897893408,33.63089747189537,0.0 -78.9889169085151,33.63099302682231,0.0 -78.9889225936164,33.63099586849577,0.0 -78.9889996930511,33.63103682173453,0.0 -78.98902936144417,33.63099760663443,0.0 -78.98908020135742,33.63093124588161,0.0 -78.98915729250356,33.63097255605631,0.0 -78.98913695056724,33.630999358050026,0.0 -78.98908187250039,33.63107131312821,0.0 -78.98909160846782,33.631076611785105,0.0 -78.9890814371537,33.63109002675163,0.0 -78.98907170118538,33.631084728093875,0.0 -78.98899287560522,33.63118859870444,0.0</coordinates>
                    </LinearRing>
                </outerBoundaryIs>
            </Polygon>
        </Placemark>
        <Placemark id="3030810">
            <name>45805030070.0</name>
            <description>PIN: 45805030070.0&lt;br&gt;Wetland %: 0.00&lt;br&gt;Flood %: 100.00&lt;br&gt;Parcel area (m²): 899.94</description>
            <styleUrl>#3030815</styleUrl>
            <ExtendedData>
                <Data name="PIN">
                    <value>45805030070.0</value>
                </Data>
                <Data name="Wetland_%">
                    <value>0.00</value>
                </Data>
                <Data name="Flood_%">
                    <value>100.00</value>
                </Data>
                <Data name="Parcel_area_m2">
                    <value>899.94</value>
                </Data>
            </ExtendedData>
            <Polygon id="3030809">
                <outerBoundaryIs>
                    <LinearRing id="3030813">
                        <coordinates>-78.98921821654913,33.63135567447031,0.0 -78.9891678980217,33.63129366043156,0.0 -78.9891470818366,33.63130552756588,0.0 -78.98909516428265,33.63124161774054,0.0 -78.98911848398026,33.631228086697675,0.0 -78.98907964579185,33.63118014580113,0.0 -78.98906896646193,33.6311669641458,0.0 -78.98911440798042,33.631141150696905,0.0 -78.98931125463875,33.63102932932741,0.0 -78.98936716684365,33.631098114139164,0.0 -78.98925393691694,33.6311622508771,0.0 -78.9892986668151,33.63121727405984,0.0 -78.98941356748799,33.63115195496967,0.0 -78.98946628604939,33.63121675799141,0.0 -78.98935221111195,33.631281897555255,0.0 -78.98935779205934,33.63128921836078,0.0 -78.9893261520456,33.63130723286635,0.0 -78.98931896368208,33.63129837333905,0.0 -78.98921821654913,33.63135567447031,0.0</coordinates>
                    </LinearRing>
                </outerBoundaryIs>
            </Polygon>
        </Placemark>
        <Placemark id="3030824">
            <name>45805030006.0</name>
            <description>PIN: 45805030006.0&lt;br&gt;Wetland %: 0.00&lt;br&gt;Flood %: 100.00&lt;br&gt;Parcel area (m²): 1553.11</description>
            <styleUrl>#3030829</styleUrl>
            <ExtendedData>
                <Data name="PIN">
                    <value>45805030006.0</value>
                </Data>
                <Data name="Wetland_%">
                    <value>0.00</value>
                </Data>
                <Data name="Flood_%">
                    <value>100.00</value>
                </Data>
                <Data name="Parcel_area_m2">
                    <value>1553.11</value>
                </Data>
            </ExtendedData>
            <Polygon id="3030823">
                <outerBoundaryIs>
                    <LinearRing id="3030827">
                        <coordinates>-78.98706924890706,33.63259090730845,0.0 -78.98699291264153,33.63251475439438,0.0 -78.98732327824736,33.632288719754975,0.0 -78.98732341298219,33.63228862905013,0.0 -78.98732604077288,33.632291309143135,0.0 -78.98733625174772,33.63230172427692,0.0 -78.98750456472942,33.63248333328699,0.0 -78.9871841603502,33.63270470712857,0.0 -78.98706924890706,33.63259090730845,0.0</coordinates>
                    </LinearRing>
                </outerBoundaryIs>
            </Polygon>
        </Placemark>
        <Placemark id="3030838">
            <name>45805030021.0</name>
            <description>PIN: 45805030021.0&lt;br&gt;Wetland %: 0.00&lt;br&gt;Flood %: 100.00&lt;br&gt;Parcel area (m²): 1326.98</description>
            <styleUrl>#3030843</styleUrl>
            <ExtendedData>
                <Data name="PIN">
                    <value>45805030021.0</value>
                </Data>
                <Data name="Wetland_%">
                    <value>0.00</value>
                </Data>
                <Data name="Flood_%">
                    <value>100.00</value>
                </Data>
                <Data name="Parcel_area_m2">
                    <value>1326.98</value>
                </Data>
            </ExtendedData>
            <Polygon id="3030837">
                <outerBoundaryIs>
                    <LinearRing id="3030841">
                        <coordinates>-78.98639607787871,33.631148261418744,0.0 -78.98673351500867,33.63097750644338,0.0 -78.98677199621294,33.63104437315486,0.0 -78.98686860703634,33.63113501174078,0.0 -78.98658910731216,33.6313541166106,0.0 -78.98658176596037,33.63135970625063,0.0 -78.98650067164553,33.63127865906928,0.0 -78.98646131585353,33.63123235493515,0.0 -78.98642470019476,33.63118927660359,0.0 -78.98640804455366,33.63116540849077,0.0 -78.98640424560638,33.631159962871415,0.0 -78.98639607787871,33.631148261418744,0.0</coordinates>
                    </LinearRing>
                </outerBoundaryIs>
            </Polygon>
        </Placemark>
        <Placemark id="3030852">
            <name>45805030024.0</name>
            <description>PIN: 45805030024.0&lt;br&gt;Wetland %: 0.00&lt;br&gt;Flood %: 100.00&lt;br&gt;Parcel area (m²): 94.83</description>
            <styleUrl>#3030857</styleUrl>
            <ExtendedData>
                <Data name="PIN">
                    <value>45805030024.0</value>
                </Data>
                <Data name="Wetland_%">
                    <value>0.00</value>
                </Data>
                <Data name="Flood_%">
                    <value>100.00</value>
                </Data>
                <Data name="Parcel_area_m2">
                    <value>94.83</value>
                </Data>
            </ExtendedData>
            <Polygon id="3030851">
                <outerBoundaryIs>
                    <LinearRing id="3030855">
                        <coordinates>-78.98704474507899,33.63177910359217,0.0 -78.98709370862798,33.63174451013248,0.0 -78.98715796140203,33.631807755941445,0.0 -78.9871093623272,33.63184174565242,0.0 -78.98709866134246,33.63184922787251,0.0 -78.9870352306349,33.63178582405962,0.0 -78.98704474507899,33.63177910359217,0.0</coordinates>
                    </LinearRing>
                </outerBoundaryIs>
            </Polygon>
        </Placemark>
        <Placemark id="3030866">
            <name>45805020074.0</name>
            <description>PIN: 45805020074.0&lt;br&gt;Wetland %: 0.00&lt;br&gt;Flood %: 100.00&lt;br&gt;Parcel area (m²): 1800.47</description>
            <styleUrl>#3030871</styleUrl>
            <ExtendedData>
                <Data name="PIN">
                    <value>45805020074.0</value>
                </Data>
                <Data name="Wetland_%">
                    <value>0.00</value>
                </Data>
                <Data name="Flood_%">
                    <value>100.00</value>
                </Data>
                <Data name="Parcel_area_m2">
                    <value>1800.47</value>
                </Data>
            </ExtendedData>
            <Polygon id="3030865">
                <outerBoundaryIs>
                    <LinearRing id="3030869">
                        <coordinates>-78.98837143521453,33.633257415423074,0.0 -78.98874931822826,33.632978735073074,0.0 -78.98891138063621,33.63318893469022,0.0 -78.98855866565033,33.63344894475473,0.0 -78.98855841355099,33.633449121038275,0.0 -78.98850525265564,33.633396809570215,0.0 -78.9884250761369,33.63331791177451,0.0 -78.98837143521453,33.633257415423074,0.0</coordinates>
                    </LinearRing>
                </outerBoundaryIs>
            </Polygon>
        </Placemark>
        <Placemark id="3030880">
            <name>45907040029.0</name>
            <description>PIN: 45907040029.0&lt;br&gt;Wetland %: 0.00&lt;br&gt;Flood %: 100.00&lt;br&gt;Parcel area (m²): 2148.08</description>
            <styleUrl>#3030885</styleUrl>
            <ExtendedData>
                <Data name="PIN">
                    <value>45907040029.0</value>
                </Data>
                <Data name="Wetland_%">
                    <value>0.00</value>
                </Data>
                <Data name="Flood_%">
                    <value>100.00</value>
                </Data>
                <Data name="Parcel_area_m2">
                    <value>2148.08</value>
                </Data>
            </ExtendedData>
            <Polygon id="3030879">
                <outerBoundaryIs>
                    <LinearRing id="3030883">
                        <coordinates>-78.97679317201504,33.63086502972744,0.0 -78.97717812118063,33.63060054593875,0.0 -78.97717979187574,33.63059937100513,0.0 -78.97724244358383,33.63066070542139,0.0 -78.97730838128095,33.63072192314172,0.0 -78.97731078484496,33.63072454025437,0.0 -78.97740253471419,33.630806283101634,0.0 -78.97740086000987,33.630807629341994,0.0 -78.97704265433943,33.63108784424388,0.0 -78.97679317201504,33.63086502972744,0.0</coordinates>
                    </LinearRing>
                </outerBoundaryIs>
            </Polygon>
        </Placemark>
        <Placemark id="3030894">
            <name>45907020015.0</name>
            <description>PIN: 45907020015.0&lt;br&gt;Wetland %: 0.00&lt;br&gt;Flood %: 100.00&lt;br&gt;Parcel area (m²): 2034.71</description>
            <styleUrl>#3030899</styleUrl>
            <ExtendedData>
                <Data name="PIN">
                    <value>45907020015.0</value>
                </Data>
                <Data name="Wetland_%">
                    <value>0.00</value>
                </Data>
                <Data name="Flood_%">
                    <value>100.00</value>
                </Data>
                <Data name="Parcel_area_m2">
                    <value>2034.71</value>
                </Data>
            </ExtendedData>
            <Polygon id="3030893">
                <outerBoundaryIs>
                    <LinearRing id="3030897">
                        <coordinates>-78.97033226722057,33.63438976621149,0.0 -78.97072850247879,33.634138986915154,0.0 -78.97082268851321,33.63423953151143,0.0 -78.97093119118504,33.63435535832788,0.0 -78.97053422843946,33.634606657566835,0.0 -78.97033226722057,33.63438976621149,0.0</coordinates>
                    </LinearRing>
                </outerBoundaryIs>
            </Polygon>
        </Placemark>
        <Placemark id="3030908">
            <name>45805020070.0</name>
            <description>PIN: 45805020070.0&lt;br&gt;Wetland %: 0.00&lt;br&gt;Flood %: 100.00&lt;br&gt;Parcel area (m²): 1568.82</description>
            <styleUrl>#3030913</styleUrl>
            <ExtendedData>
                <Data name="PIN">
                    <value>45805020070.0</value>
                </Data>
                <Data name="Wetland_%">
                    <value>0.00</value>
                </Data>
                <Data name="Flood_%">
                    <value>100.00</value>
                </Data>
                <Data name="Parcel_area_m2">
                    <value>1568.82</value>
                </Data>
            </ExtendedData>
            <Polygon id="3030907">
                <outerBoundaryIs>
                    <LinearRing id="3030911">
                        <coordinates>-78.9892969330586,33.63417416477838,0.0 -78.98961611759363,33.63394760925441,0.0 -78.98962843504823,33.63395991737066,0.0 -78.98976112501721,33.63409993753406,0.0 -78.98980366655259,33.63414453991399,0.0 -78.98949500502697,33.634370378767024,0.0 -78.98941330878522,33.63428989385569,0.0 -78.9892969330586,33.63417416477838,0.0</coordinates>
                    </LinearRing>
                </outerBoundaryIs>
            </Polygon>
        </Placemark>
    </Document>
</kml>
