<?xml version="1.0" encoding="UTF-8"?>
<kml xmlns="http://www.opengis.net/kml/2.2" xmlns:gx="http://www.google.com/kml/ext/2.2">
    <Document id="3004288">
        <Style id="3004295">
            <LineStyle id="3004297">
                <color>ffffffff</color>
                <colorMode>normal</colorMode>
                <width>1</width>
            </LineStyle>
            <PolyStyle id="3004296">
                <color>8000a5ff</color>
                <colorMode>normal</colorMode>
                <fill>1</fill>
                <outline>1</outline>
            </PolyStyle>
        </Style>
        <Style id="3004309">
            <LineStyle id="3004311">
                <color>ffffffff</color>
                <colorMode>normal</colorMode>
                <width>1</width>
            </LineStyle>
            <PolyStyle id="3004310">
                <color>8000a5ff</color>
                <colorMode>normal</colorMode>
                <fill>1</fill>
                <outline>1</outline>
            </PolyStyle>
        </Style>
        <Style id="3004323">
            <LineStyle id="3004325">
                <color>ffffffff</color>
                <colorMode>normal</colorMode>
                <width>1</width>
            </LineStyle>
            <PolyStyle id="3004324">
                <color>800000ff</color>
                <colorMode>normal</colorMode>
                <fill>1</fill>
                <outline>1</outline>
            </PolyStyle>
        </Style>
        <Style id="3004337">
            <LineStyle id="3004339">
                <color>ffffffff</color>
                <colorMode>normal</colorMode>
                <width>1</width>
            </LineStyle>
            <PolyStyle id="3004338">
                <color>8000a5ff</color>
                <colorMode>normal</colorMode>
                <fill>1</fill>
                <outline>1</outline>
            </PolyStyle>
        </Style>
        <Style id="3004351">
            <LineStyle id="3004353">
                <color>ffffffff</color>
                <colorMode>normal</colorMode>
                <width>1</width>
            </LineStyle>
            <PolyStyle id="3004352">
                <color>8000a5ff</color>
                <colorMode>normal</colorMode>
                <fill>1</fill>
                <outline>1</outline>
            </PolyStyle>
        </Style>
        <Style id="3004365">
            <LineStyle id="3004367">
                <color>ffffffff</color>
                <colorMode>normal</colorMode>
                <width>1</width>
            </LineStyle>
            <PolyStyle id="3004366">
                <color>8000a5ff</color>
                <colorMode>normal</colorMode>
                <fill>1</fill>
                <outline>1</outline>
            </PolyStyle>
        </Style>
        <Style id="3004379">
            <LineStyle id="3004381">
                <color>ffffffff</color>
                <colorMode>normal</colorMode>
                <width>1</width>
            </LineStyle>
            <PolyStyle id="3004380">
                <color>8000a5ff</color>
                <colorMode>normal</colorMode>
                <fill>1</fill>
                <outline>1</outline>
            </PolyStyle>
        </Style>
        <Style id="3004393">
            <LineStyle id="3004395">
                <color>ffffffff</color>
                <colorMode>normal</colorMode>
                <width>1</width>
            </LineStyle>
            <PolyStyle id="3004394">
                <color>8000a5ff</color>
                <colorMode>normal</colorMode>
                <fill>1</fill>
                <outline>1</outline>
            </PolyStyle>
        </Style>
        <Style id="3004407">
            <LineStyle id="3004409">
                <color>ffffffff</color>
                <colorMode>normal</colorMode>
                <width>1</width>
            </LineStyle>
            <PolyStyle id="3004408">
                <color>8000a5ff</color>
                <colorMode>normal</colorMode>
                <fill>1</fill>
                <outline>1</outline>
            </PolyStyle>
        </Style>
        <Style id="3004421">
            <LineStyle id="3004423">
                <color>ffffffff</color>
                <colorMode>normal</colorMode>
                <width>1</width>
            </LineStyle>
            <PolyStyle id="3004422">
                <color>8000a5ff</color>
                <colorMode>normal</colorMode>
                <fill>1</fill>
                <outline>1</outline>
            </PolyStyle>
        </Style>
        <Style id="3004435">
            <LineStyle id="3004437">
                <color>ffffffff</color>
                <colorMode>normal</colorMode>
                <width>1</width>
            </LineStyle>
            <PolyStyle id="3004436">
                <color>8000a5ff</color>
                <colorMode>normal</colorMode>
                <fill>1</fill>
                <outline>1</outline>
            </PolyStyle>
        </Style>
        <Style id="3004449">
            <LineStyle id="3004451">
                <color>ffffffff</color>
                <colorMode>normal</colorMode>
                <width>1</width>
            </LineStyle>
            <PolyStyle id="3004450">
                <color>8000a5ff</color>
                <colorMode>normal</colorMode>
                <fill>1</fill>
                <outline>1</outline>
            </PolyStyle>
        </Style>
        <Style id="3004463">
            <LineStyle id="3004465">
                <color>ffffffff</color>
                <colorMode>normal</colorMode>
                <width>1</width>
            </LineStyle>
            <PolyStyle id="3004464">
                <color>8000a5ff</color>
                <colorMode>normal</colorMode>
                <fill>1</fill>
                <outline>1</outline>
            </PolyStyle>
        </Style>
        <Style id="3004477">
            <LineStyle id="3004479">
                <color>ffffffff</color>
                <colorMode>normal</colorMode>
                <width>1</width>
            </LineStyle>
            <PolyStyle id="3004478">
                <color>8000a5ff</color>
                <colorMode>normal</colorMode>
                <fill>1</fill>
                <outline>1</outline>
            </PolyStyle>
        </Style>
        <Style id="3004491">
            <LineStyle id="3004493">
                <color>ffffffff</color>
                <colorMode>normal</colorMode>
                <width>1</width>
            </LineStyle>
            <PolyStyle id="3004492">
                <color>8000a5ff</color>
                <colorMode>normal</colorMode>
                <fill>1</fill>
                <outline>1</outline>
            </PolyStyle>
        </Style>
        <Style id="3004505">
            <LineStyle id="3004507">
                <color>ffffffff</color>
                <colorMode>normal</colorMode>
                <width>1</width>
            </LineStyle>
            <PolyStyle id="3004506">
                <color>8000a5ff</color>
                <colorMode>normal</colorMode>
                <fill>1</fill>
                <outline>1</outline>
            </PolyStyle>
        </Style>
        <Style id="3004519">
            <LineStyle id="3004521">
                <color>ffffffff</color>
                <colorMode>normal</colorMode>
                <width>1</width>
            </LineStyle>
            <PolyStyle id="3004520">
                <color>8000a5ff</color>
                <colorMode>normal</colorMode>
                <fill>1</fill>
                <outline>1</outline>
            </PolyStyle>
        </Style>
        <Style id="3004533">
            <LineStyle id="3004535">
                <color>ffffffff</color>
                <colorMode>normal</colorMode>
                <width>1</width>
            </LineStyle>
            <PolyStyle id="3004534">
                <color>8000a5ff</color>
                <colorMode>normal</colorMode>
                <fill>1</fill>
                <outline>1</outline>
            </PolyStyle>
        </Style>
        <Style id="3004547">
            <LineStyle id="3004549">
                <color>ffffffff</color>
                <colorMode>normal</colorMode>
                <width>1</width>
            </LineStyle>
            <PolyStyle id="3004548">
                <color>8000a5ff</color>
                <colorMode>normal</colorMode>
                <fill>1</fill>
                <outline>1</outline>
            </PolyStyle>
        </Style>
        <Style id="3004561">
            <LineStyle id="3004563">
                <color>ffffffff</color>
                <colorMode>normal</colorMode>
                <width>1</width>
            </LineStyle>
            <PolyStyle id="3004562">
                <color>8000a5ff</color>
                <colorMode>normal</colorMode>
                <fill>1</fill>
                <outline>1</outline>
            </PolyStyle>
        </Style>
        <Style id="3004575">
            <LineStyle id="3004577">
                <color>ffffffff</color>
                <colorMode>normal</colorMode>
                <width>1</width>
            </LineStyle>
            <PolyStyle id="3004576">
                <color>80008000</color>
                <colorMode>normal</colorMode>
                <fill>1</fill>
                <outline>1</outline>
            </PolyStyle>
        </Style>
        <Style id="3004589">
            <LineStyle id="3004591">
                <color>ffffffff</color>
                <colorMode>normal</colorMode>
                <width>1</width>
            </LineStyle>
            <PolyStyle id="3004590">
                <color>8000a5ff</color>
                <colorMode>normal</colorMode>
                <fill>1</fill>
                <outline>1</outline>
            </PolyStyle>
        </Style>
        <Style id="3004603">
            <LineStyle id="3004605">
                <color>ffffffff</color>
                <colorMode>normal</colorMode>
                <width>1</width>
            </LineStyle>
            <PolyStyle id="3004604">
                <color>8000a5ff</color>
                <colorMode>normal</colorMode>
                <fill>1</fill>
                <outline>1</outline>
            </PolyStyle>
        </Style>
        <Style id="3004617">
            <LineStyle id="3004619">
                <color>ffffffff</color>
                <colorMode>normal</colorMode>
                <width>1</width>
            </LineStyle>
            <PolyStyle id="3004618">
                <color>80008000</color>
                <colorMode>normal</colorMode>
                <fill>1</fill>
                <outline>1</outline>
            </PolyStyle>
        </Style>
        <Style id="3004631">
            <LineStyle id="3004633">
                <color>ffffffff</color>
                <colorMode>normal</colorMode>
                <width>1</width>
            </LineStyle>
            <PolyStyle id="3004632">
                <color>8000a5ff</color>
                <colorMode>normal</colorMode>
                <fill>1</fill>
                <outline>1</outline>
            </PolyStyle>
        </Style>
        <Style id="3004645">
            <LineStyle id="3004647">
                <color>ffffffff</color>
                <colorMode>normal</colorMode>
                <width>1</width>
            </LineStyle>
            <PolyStyle id="3004646">
                <color>8000a5ff</color>
                <colorMode>normal</colorMode>
                <fill>1</fill>
                <outline>1</outline>
            </PolyStyle>
        </Style>
        <Style id="3004659">
            <LineStyle id="3004661">
                <color>ffffffff</color>
                <colorMode>normal</colorMode>
                <width>1</width>
            </LineStyle>
            <PolyStyle id="3004660">
                <color>8000a5ff</color>
                <colorMode>normal</colorMode>
                <fill>1</fill>
                <outline>1</outline>
            </PolyStyle>
        </Style>
        <Style id="3004673">
            <LineStyle id="3004675">
                <color>ffffffff</color>
                <colorMode>normal</colorMode>
                <width>1</width>
            </LineStyle>
            <PolyStyle id="3004674">
                <color>8000a5ff</color>
                <colorMode>normal</colorMode>
                <fill>1</fill>
                <outline>1</outline>
            </PolyStyle>
        </Style>
        <Style id="3004687">
            <LineStyle id="3004689">
                <color>ffffffff</color>
                <colorMode>normal</colorMode>
                <width>1</width>
            </LineStyle>
            <PolyStyle id="3004688">
                <color>8000a5ff</color>
                <colorMode>normal</colorMode>
                <fill>1</fill>
                <outline>1</outline>
            </PolyStyle>
        </Style>
        <Style id="3004701">
            <LineStyle id="3004703">
                <color>ffffffff</color>
                <colorMode>normal</colorMode>
                <width>1</width>
            </LineStyle>
            <PolyStyle id="3004702">
                <color>8000a5ff</color>
                <colorMode>normal</colorMode>
                <fill>1</fill>
                <outline>1</outline>
            </PolyStyle>
        </Style>
        <Style id="3004715">
            <LineStyle id="3004717">
                <color>ffffffff</color>
                <colorMode>normal</colorMode>
                <width>1</width>
            </LineStyle>
            <PolyStyle id="3004716">
                <color>8000a5ff</color>
                <colorMode>normal</colorMode>
                <fill>1</fill>
                <outline>1</outline>
            </PolyStyle>
        </Style>
        <Style id="3004729">
            <LineStyle id="3004731">
                <color>ffffffff</color>
                <colorMode>normal</colorMode>
                <width>1</width>
            </LineStyle>
            <PolyStyle id="3004730">
                <color>8000a5ff</color>
                <colorMode>normal</colorMode>
                <fill>1</fill>
                <outline>1</outline>
            </PolyStyle>
        </Style>
        <Style id="3004743">
            <LineStyle id="3004745">
                <color>ffffffff</color>
                <colorMode>normal</colorMode>
                <width>1</width>
            </LineStyle>
            <PolyStyle id="3004744">
                <color>8000a5ff</color>
                <colorMode>normal</colorMode>
                <fill>1</fill>
                <outline>1</outline>
            </PolyStyle>
        </Style>
        <Style id="3004757">
            <LineStyle id="3004759">
                <color>ffffffff</color>
                <colorMode>normal</colorMode>
                <width>1</width>
            </LineStyle>
            <PolyStyle id="3004758">
                <color>8000a5ff</color>
                <colorMode>normal</colorMode>
                <fill>1</fill>
                <outline>1</outline>
            </PolyStyle>
        </Style>
        <Style id="3004771">
            <LineStyle id="3004773">
                <color>ffffffff</color>
                <colorMode>normal</colorMode>
                <width>1</width>
            </LineStyle>
            <PolyStyle id="3004772">
                <color>8000a5ff</color>
                <colorMode>normal</colorMode>
                <fill>1</fill>
                <outline>1</outline>
            </PolyStyle>
        </Style>
        <Style id="3004785">
            <LineStyle id="3004787">
                <color>ffffffff</color>
                <colorMode>normal</colorMode>
                <width>1</width>
            </LineStyle>
            <PolyStyle id="3004786">
                <color>8000a5ff</color>
                <colorMode>normal</colorMode>
                <fill>1</fill>
                <outline>1</outline>
            </PolyStyle>
        </Style>
        <Style id="3004799">
            <LineStyle id="3004801">
                <color>ffffffff</color>
                <colorMode>normal</colorMode>
                <width>1</width>
            </LineStyle>
            <PolyStyle id="3004800">
                <color>8000a5ff</color>
                <colorMode>normal</colorMode>
                <fill>1</fill>
                <outline>1</outline>
            </PolyStyle>
        </Style>
        <Style id="3004813">
            <LineStyle id="3004815">
                <color>ffffffff</color>
                <colorMode>normal</colorMode>
                <width>1</width>
            </LineStyle>
            <PolyStyle id="3004814">
                <color>8000a5ff</color>
                <colorMode>normal</colorMode>
                <fill>1</fill>
                <outline>1</outline>
            </PolyStyle>
        </Style>
        <Style id="3004827">
            <LineStyle id="3004829">
                <color>ffffffff</color>
                <colorMode>normal</colorMode>
                <width>1</width>
            </LineStyle>
            <PolyStyle id="3004828">
                <color>8000a5ff</color>
                <colorMode>normal</colorMode>
                <fill>1</fill>
                <outline>1</outline>
            </PolyStyle>
        </Style>
        <Style id="3004841">
            <LineStyle id="3004843">
                <color>ffffffff</color>
                <colorMode>normal</colorMode>
                <width>1</width>
            </LineStyle>
            <PolyStyle id="3004842">
                <color>80008000</color>
                <colorMode>normal</colorMode>
                <fill>1</fill>
                <outline>1</outline>
            </PolyStyle>
        </Style>
        <Style id="3004855">
            <LineStyle id="3004857">
                <color>ffffffff</color>
                <colorMode>normal</colorMode>
                <width>1</width>
            </LineStyle>
            <PolyStyle id="3004856">
                <color>8000a5ff</color>
                <colorMode>normal</colorMode>
                <fill>1</fill>
                <outline>1</outline>
            </PolyStyle>
        </Style>
        <Style id="3004869">
            <LineStyle id="3004871">
                <color>ffffffff</color>
                <colorMode>normal</colorMode>
                <width>1</width>
            </LineStyle>
            <PolyStyle id="3004870">
                <color>8000a5ff</color>
                <colorMode>normal</colorMode>
                <fill>1</fill>
                <outline>1</outline>
            </PolyStyle>
        </Style>
        <Style id="3004883">
            <LineStyle id="3004885">
                <color>ffffffff</color>
                <colorMode>normal</colorMode>
                <width>1</width>
            </LineStyle>
            <PolyStyle id="3004884">
                <color>8000a5ff</color>
                <colorMode>normal</colorMode>
                <fill>1</fill>
                <outline>1</outline>
            </PolyStyle>
        </Style>
        <Style id="3004897">
            <LineStyle id="3004899">
                <color>ffffffff</color>
                <colorMode>normal</colorMode>
                <width>1</width>
            </LineStyle>
            <PolyStyle id="3004898">
                <color>8000a5ff</color>
                <colorMode>normal</colorMode>
                <fill>1</fill>
                <outline>1</outline>
            </PolyStyle>
        </Style>
        <Style id="3004911">
            <LineStyle id="3004913">
                <color>ffffffff</color>
                <colorMode>normal</colorMode>
                <width>1</width>
            </LineStyle>
            <PolyStyle id="3004912">
                <color>8000a5ff</color>
                <colorMode>normal</colorMode>
                <fill>1</fill>
                <outline>1</outline>
            </PolyStyle>
        </Style>
        <Style id="3004925">
            <LineStyle id="3004927">
                <color>ffffffff</color>
                <colorMode>normal</colorMode>
                <width>1</width>
            </LineStyle>
            <PolyStyle id="3004926">
                <color>8000a5ff</color>
                <colorMode>normal</colorMode>
                <fill>1</fill>
                <outline>1</outline>
            </PolyStyle>
        </Style>
        <Style id="3004939">
            <LineStyle id="3004941">
                <color>ffffffff</color>
                <colorMode>normal</colorMode>
                <width>1</width>
            </LineStyle>
            <PolyStyle id="3004940">
                <color>8000a5ff</color>
                <colorMode>normal</colorMode>
                <fill>1</fill>
                <outline>1</outline>
            </PolyStyle>
        </Style>
        <Style id="3004953">
            <LineStyle id="3004955">
                <color>ffffffff</color>
                <colorMode>normal</colorMode>
                <width>1</width>
            </LineStyle>
            <PolyStyle id="3004954">
                <color>8000a5ff</color>
                <colorMode>normal</colorMode>
                <fill>1</fill>
                <outline>1</outline>
            </PolyStyle>
        </Style>
        <Style id="3004967">
            <LineStyle id="3004969">
                <color>ffffffff</color>
                <colorMode>normal</colorMode>
                <width>1</width>
            </LineStyle>
            <PolyStyle id="3004968">
                <color>8000a5ff</color>
                <colorMode>normal</colorMode>
                <fill>1</fill>
                <outline>1</outline>
            </PolyStyle>
        </Style>
        <Style id="3004981">
            <LineStyle id="3004983">
                <color>ffffffff</color>
                <colorMode>normal</colorMode>
                <width>1</width>
            </LineStyle>
            <PolyStyle id="3004982">
                <color>800000ff</color>
                <colorMode>normal</colorMode>
                <fill>1</fill>
                <outline>1</outline>
            </PolyStyle>
        </Style>
        <Style id="3004995">
            <LineStyle id="3004997">
                <color>ffffffff</color>
                <colorMode>normal</colorMode>
                <width>1</width>
            </LineStyle>
            <PolyStyle id="3004996">
                <color>8000a5ff</color>
                <colorMode>normal</colorMode>
                <fill>1</fill>
                <outline>1</outline>
            </PolyStyle>
        </Style>
        <Style id="3005009">
            <LineStyle id="3005011">
                <color>ffffffff</color>
                <colorMode>normal</colorMode>
                <width>1</width>
            </LineStyle>
            <PolyStyle id="3005010">
                <color>8000a5ff</color>
                <colorMode>normal</colorMode>
                <fill>1</fill>
                <outline>1</outline>
            </PolyStyle>
        </Style>
        <Style id="3005023">
            <LineStyle id="3005025">
                <color>ffffffff</color>
                <colorMode>normal</colorMode>
                <width>1</width>
            </LineStyle>
            <PolyStyle id="3005024">
                <color>800000ff</color>
                <colorMode>normal</colorMode>
                <fill>1</fill>
                <outline>1</outline>
            </PolyStyle>
        </Style>
        <Style id="3005037">
            <LineStyle id="3005039">
                <color>ffffffff</color>
                <colorMode>normal</colorMode>
                <width>1</width>
            </LineStyle>
            <PolyStyle id="3005038">
                <color>800000ff</color>
                <colorMode>normal</colorMode>
                <fill>1</fill>
                <outline>1</outline>
            </PolyStyle>
        </Style>
        <Style id="3005051">
            <LineStyle id="3005053">
                <color>ffffffff</color>
                <colorMode>normal</colorMode>
                <width>1</width>
            </LineStyle>
            <PolyStyle id="3005052">
                <color>8000a5ff</color>
                <colorMode>normal</colorMode>
                <fill>1</fill>
                <outline>1</outline>
            </PolyStyle>
        </Style>
        <Style id="3005065">
            <LineStyle id="3005067">
                <color>ffffffff</color>
                <colorMode>normal</colorMode>
                <width>1</width>
            </LineStyle>
            <PolyStyle id="3005066">
                <color>8000a5ff</color>
                <colorMode>normal</colorMode>
                <fill>1</fill>
                <outline>1</outline>
            </PolyStyle>
        </Style>
        <Style id="3005079">
            <LineStyle id="3005081">
                <color>ffffffff</color>
                <colorMode>normal</colorMode>
                <width>1</width>
            </LineStyle>
            <PolyStyle id="3005080">
                <color>80008000</color>
                <colorMode>normal</colorMode>
                <fill>1</fill>
                <outline>1</outline>
            </PolyStyle>
        </Style>
        <Style id="3005088">
            <LineStyle id="3005090">
                <color>ffffffff</color>
                <colorMode>normal</colorMode>
                <width>1</width>
            </LineStyle>
            <PolyStyle id="3005089">
                <color>80008000</color>
                <colorMode>normal</colorMode>
                <fill>1</fill>
                <outline>1</outline>
            </PolyStyle>
        </Style>
        <Style id="3005102">
            <LineStyle id="3005104">
                <color>ffffffff</color>
                <colorMode>normal</colorMode>
                <width>1</width>
            </LineStyle>
            <PolyStyle id="3005103">
                <color>80008000</color>
                <colorMode>normal</colorMode>
                <fill>1</fill>
                <outline>1</outline>
            </PolyStyle>
        </Style>
        <Style id="3005116">
            <LineStyle id="3005118">
                <color>ffffffff</color>
                <colorMode>normal</colorMode>
                <width>1</width>
            </LineStyle>
            <PolyStyle id="3005117">
                <color>8000a5ff</color>
                <colorMode>normal</colorMode>
                <fill>1</fill>
                <outline>1</outline>
            </PolyStyle>
        </Style>
        <Style id="3005125">
            <LineStyle id="3005127">
                <color>ffffffff</color>
                <colorMode>normal</colorMode>
                <width>1</width>
            </LineStyle>
            <PolyStyle id="3005126">
                <color>8000a5ff</color>
                <colorMode>normal</colorMode>
                <fill>1</fill>
                <outline>1</outline>
            </PolyStyle>
        </Style>
        <Style id="3005139">
            <LineStyle id="3005141">
                <color>ffffffff</color>
                <colorMode>normal</colorMode>
                <width>1</width>
            </LineStyle>
            <PolyStyle id="3005140">
                <color>8000a5ff</color>
                <colorMode>normal</colorMode>
                <fill>1</fill>
                <outline>1</outline>
            </PolyStyle>
        </Style>
        <Style id="3005153">
            <LineStyle id="3005155">
                <color>ffffffff</color>
                <colorMode>normal</colorMode>
                <width>1</width>
            </LineStyle>
            <PolyStyle id="3005154">
                <color>80008000</color>
                <colorMode>normal</colorMode>
                <fill>1</fill>
                <outline>1</outline>
            </PolyStyle>
        </Style>
        <Style id="3005167">
            <LineStyle id="3005169">
                <color>ffffffff</color>
                <colorMode>normal</colorMode>
                <width>1</width>
            </LineStyle>
            <PolyStyle id="3005168">
                <color>8000a5ff</color>
                <colorMode>normal</colorMode>
                <fill>1</fill>
                <outline>1</outline>
            </PolyStyle>
        </Style>
        <Style id="3005181">
            <LineStyle id="3005183">
                <color>ffffffff</color>
                <colorMode>normal</colorMode>
                <width>1</width>
            </LineStyle>
            <PolyStyle id="3005182">
                <color>8000a5ff</color>
                <colorMode>normal</colorMode>
                <fill>1</fill>
                <outline>1</outline>
            </PolyStyle>
        </Style>
        <Style id="3005195">
            <LineStyle id="3005197">
                <color>ffffffff</color>
                <colorMode>normal</colorMode>
                <width>1</width>
            </LineStyle>
            <PolyStyle id="3005196">
                <color>8000a5ff</color>
                <colorMode>normal</colorMode>
                <fill>1</fill>
                <outline>1</outline>
            </PolyStyle>
        </Style>
        <Style id="3005209">
            <LineStyle id="3005211">
                <color>ffffffff</color>
                <colorMode>normal</colorMode>
                <width>1</width>
            </LineStyle>
            <PolyStyle id="3005210">
                <color>8000a5ff</color>
                <colorMode>normal</colorMode>
                <fill>1</fill>
                <outline>1</outline>
            </PolyStyle>
        </Style>
        <Style id="3005223">
            <LineStyle id="3005225">
                <color>ffffffff</color>
                <colorMode>normal</colorMode>
                <width>1</width>
            </LineStyle>
            <PolyStyle id="3005224">
                <color>8000a5ff</color>
                <colorMode>normal</colorMode>
                <fill>1</fill>
                <outline>1</outline>
            </PolyStyle>
        </Style>
        <Style id="3005237">
            <LineStyle id="3005239">
                <color>ffffffff</color>
                <colorMode>normal</colorMode>
                <width>1</width>
            </LineStyle>
            <PolyStyle id="3005238">
                <color>8000a5ff</color>
                <colorMode>normal</colorMode>
                <fill>1</fill>
                <outline>1</outline>
            </PolyStyle>
        </Style>
        <Style id="3005251">
            <LineStyle id="3005253">
                <color>ffffffff</color>
                <colorMode>normal</colorMode>
                <width>1</width>
            </LineStyle>
            <PolyStyle id="3005252">
                <color>8000a5ff</color>
                <colorMode>normal</colorMode>
                <fill>1</fill>
                <outline>1</outline>
            </PolyStyle>
        </Style>
        <Style id="3005265">
            <LineStyle id="3005267">
                <color>ffffffff</color>
                <colorMode>normal</colorMode>
                <width>1</width>
            </LineStyle>
            <PolyStyle id="3005266">
                <color>800000ff</color>
                <colorMode>normal</colorMode>
                <fill>1</fill>
                <outline>1</outline>
            </PolyStyle>
        </Style>
        <Style id="3005279">
            <LineStyle id="3005281">
                <color>ffffffff</color>
                <colorMode>normal</colorMode>
                <width>1</width>
            </LineStyle>
            <PolyStyle id="3005280">
                <color>8000a5ff</color>
                <colorMode>normal</colorMode>
                <fill>1</fill>
                <outline>1</outline>
            </PolyStyle>
        </Style>
        <Style id="3005293">
            <LineStyle id="3005295">
                <color>ffffffff</color>
                <colorMode>normal</colorMode>
                <width>1</width>
            </LineStyle>
            <PolyStyle id="3005294">
                <color>8000a5ff</color>
                <colorMode>normal</colorMode>
                <fill>1</fill>
                <outline>1</outline>
            </PolyStyle>
        </Style>
        <Style id="3005307">
            <LineStyle id="3005309">
                <color>ffffffff</color>
                <colorMode>normal</colorMode>
                <width>1</width>
            </LineStyle>
            <PolyStyle id="3005308">
                <color>8000a5ff</color>
                <colorMode>normal</colorMode>
                <fill>1</fill>
                <outline>1</outline>
            </PolyStyle>
        </Style>
        <Style id="3005321">
            <LineStyle id="3005323">
                <color>ffffffff</color>
                <colorMode>normal</colorMode>
                <width>1</width>
            </LineStyle>
            <PolyStyle id="3005322">
                <color>8000a5ff</color>
                <colorMode>normal</colorMode>
                <fill>1</fill>
                <outline>1</outline>
            </PolyStyle>
        </Style>
        <Style id="3005335">
            <LineStyle id="3005337">
                <color>ffffffff</color>
                <colorMode>normal</colorMode>
                <width>1</width>
            </LineStyle>
            <PolyStyle id="3005336">
                <color>8000a5ff</color>
                <colorMode>normal</colorMode>
                <fill>1</fill>
                <outline>1</outline>
            </PolyStyle>
        </Style>
        <Style id="3005349">
            <LineStyle id="3005351">
                <color>ffffffff</color>
                <colorMode>normal</colorMode>
                <width>1</width>
            </LineStyle>
            <PolyStyle id="3005350">
                <color>8000a5ff</color>
                <colorMode>normal</colorMode>
                <fill>1</fill>
                <outline>1</outline>
            </PolyStyle>
        </Style>
        <Style id="3005363">
            <LineStyle id="3005365">
                <color>ffffffff</color>
                <colorMode>normal</colorMode>
                <width>1</width>
            </LineStyle>
            <PolyStyle id="3005364">
                <color>8000a5ff</color>
                <colorMode>normal</colorMode>
                <fill>1</fill>
                <outline>1</outline>
            </PolyStyle>
        </Style>
        <Style id="3005377">
            <LineStyle id="3005379">
                <color>ffffffff</color>
                <colorMode>normal</colorMode>
                <width>1</width>
            </LineStyle>
            <PolyStyle id="3005378">
                <color>8000a5ff</color>
                <colorMode>normal</colorMode>
                <fill>1</fill>
                <outline>1</outline>
            </PolyStyle>
        </Style>
        <Style id="3005391">
            <LineStyle id="3005393">
                <color>ffffffff</color>
                <colorMode>normal</colorMode>
                <width>1</width>
            </LineStyle>
            <PolyStyle id="3005392">
                <color>8000a5ff</color>
                <colorMode>normal</colorMode>
                <fill>1</fill>
                <outline>1</outline>
            </PolyStyle>
        </Style>
        <Style id="3005405">
            <LineStyle id="3005407">
                <color>ffffffff</color>
                <colorMode>normal</colorMode>
                <width>1</width>
            </LineStyle>
            <PolyStyle id="3005406">
                <color>8000a5ff</color>
                <colorMode>normal</colorMode>
                <fill>1</fill>
                <outline>1</outline>
            </PolyStyle>
        </Style>
        <Style id="3005419">
            <LineStyle id="3005421">
                <color>ffffffff</color>
                <colorMode>normal</colorMode>
                <width>1</width>
            </LineStyle>
            <PolyStyle id="3005420">
                <color>8000a5ff</color>
                <colorMode>normal</colorMode>
                <fill>1</fill>
                <outline>1</outline>
            </PolyStyle>
        </Style>
        <Placemark id="3004290">
            <name>33606040005.0</name>
            <description>PIN: 33606040005.0&lt;br&gt;Wetland %: 0.00&lt;br&gt;Flood %: 100.00&lt;br&gt;Parcel area (m²): 5957.88</description>
            <styleUrl>#3004295</styleUrl>
            <ExtendedData>
                <Data name="PIN">
                    <value>33606040005.0</value>
                </Data>
                <Data name="Wetland_%">
                    <value>0.00</value>
                </Data>
                <Data name="Flood_%">
                    <value>100.00</value>
                </Data>
                <Data name="Parcel_area_m2">
                    <value>5957.88</value>
                </Data>
            </ExtendedData>
            <Polygon id="3004289">
                <outerBoundaryIs>
                    <LinearRing id="3004293">
                        <coordinates>-79.12440698646263,33.85399535752646,0.0 -79.12487704227316,33.85357187717906,0.0 -79.1253896354086,33.853959484269446,0.0 -79.12493333369328,33.85437057544216,0.0 -79.12491957998293,33.85438296742772,0.0 -79.12440698646263,33.85399535752646,0.0</coordinates>
                    </LinearRing>
                </outerBoundaryIs>
            </Polygon>
        </Placemark>
        <Placemark id="3004304">
            <name>27604010004.0</name>
            <description>PIN: 27604010004.0&lt;br&gt;Wetland %: 0.00&lt;br&gt;Flood %: 100.00&lt;br&gt;Parcel area (m²): 4345.78</description>
            <styleUrl>#3004309</styleUrl>
            <ExtendedData>
                <Data name="PIN">
                    <value>27604010004.0</value>
                </Data>
                <Data name="Wetland_%">
                    <value>0.00</value>
                </Data>
                <Data name="Flood_%">
                    <value>100.00</value>
                </Data>
                <Data name="Parcel_area_m2">
                    <value>4345.78</value>
                </Data>
            </ExtendedData>
            <Polygon id="3004303">
                <outerBoundaryIs>
                    <LinearRing id="3004307">
                        <coordinates>-79.05001475492597,33.94564377274897,0.0 -79.0504011404805,33.94561917962718,0.0 -79.05070610433285,33.946340320564275,0.0 -79.05033967589169,33.94639885581801,0.0 -79.05001475492597,33.94564377274897,0.0</coordinates>
                    </LinearRing>
                </outerBoundaryIs>
            </Polygon>
        </Placemark>
        <Placemark id="3004318">
            <name>24813030005.0</name>
            <description>PIN: 24813030005.0&lt;br&gt;Wetland %: 65.31&lt;br&gt;Flood %: 100.00&lt;br&gt;Parcel area (m²): 6146.22</description>
            <styleUrl>#3004323</styleUrl>
            <ExtendedData>
                <Data name="PIN">
                    <value>24813030005.0</value>
                </Data>
                <Data name="Wetland_%">
                    <value>65.31</value>
                </Data>
                <Data name="Flood_%">
                    <value>100.00</value>
                </Data>
                <Data name="Parcel_area_m2">
                    <value>6146.22</value>
                </Data>
            </ExtendedData>
            <Polygon id="3004317">
                <outerBoundaryIs>
                    <LinearRing id="3004321">
                        <coordinates>-79.04646420862025,33.94643761501036,0.0 -79.04716896376532,33.94640146023237,0.0 -79.04716004951,33.94644858715075,0.0 -79.04711315896992,33.9466964885889,0.0 -79.04710362400493,33.94677675958211,0.0 -79.0471051575412,33.9468485279575,0.0 -79.04711588007898,33.946918848346755,0.0 -79.04712873811819,33.94696748610059,0.0 -79.0471362682494,33.946990659350355,0.0 -79.0464837351091,33.94710760251649,0.0 -79.04646420862025,33.94643761501036,0.0</coordinates>
                    </LinearRing>
                </outerBoundaryIs>
            </Polygon>
        </Placemark>
        <Placemark id="3004332">
            <name>45716040001.0</name>
            <description>PIN: 45716040001.0&lt;br&gt;Wetland %: 0.00&lt;br&gt;Flood %: 100.00&lt;br&gt;Parcel area (m²): 5377.26</description>
            <styleUrl>#3004337</styleUrl>
            <ExtendedData>
                <Data name="PIN">
                    <value>45716040001.0</value>
                </Data>
                <Data name="Wetland_%">
                    <value>0.00</value>
                </Data>
                <Data name="Flood_%">
                    <value>100.00</value>
                </Data>
                <Data name="Parcel_area_m2">
                    <value>5377.26</value>
                </Data>
            </ExtendedData>
            <Polygon id="3004331">
                <outerBoundaryIs>
                    <LinearRing id="3004335">
                        <coordinates>-79.05003365168055,33.62064337262875,0.0 -79.04983307913798,33.62058203941698,0.0 -79.04975661366835,33.62055865716402,0.0 -79.05016936681287,33.619644960752915,0.0 -79.05051791962728,33.61974532794196,0.0 -79.05010494969086,33.62066127506055,0.0 -79.05010439815247,33.62066302422165,0.0 -79.05010382910656,33.620664832633985,0.0 -79.05003365168055,33.62064337262875,0.0</coordinates>
                    </LinearRing>
                </outerBoundaryIs>
            </Polygon>
        </Placemark>
        <Placemark id="3004346">
            <name>45716040003.0</name>
            <description>PIN: 45716040003.0&lt;br&gt;Wetland %: 3.05&lt;br&gt;Flood %: 100.00&lt;br&gt;Parcel area (m²): 10696.16</description>
            <styleUrl>#3004351</styleUrl>
            <ExtendedData>
                <Data name="PIN">
                    <value>45716040003.0</value>
                </Data>
                <Data name="Wetland_%">
                    <value>3.05</value>
                </Data>
                <Data name="Flood_%">
                    <value>100.00</value>
                </Data>
                <Data name="Parcel_area_m2">
                    <value>10696.16</value>
                </Data>
            </ExtendedData>
            <Polygon id="3004345">
                <outerBoundaryIs>
                    <LinearRing id="3004349">
                        <coordinates>-79.04919126629797,33.62038232511433,0.0 -79.04921656981406,33.62034634707242,0.0 -79.04894958356742,33.62027208138733,0.0 -79.04872694862799,33.62014966525113,0.0 -79.04888579936063,33.61977228382191,0.0 -79.04908842592357,33.619291981304784,0.0 -79.04909756855176,33.61927030974158,0.0 -79.0491342352365,33.61928360344372,0.0 -79.04963768577663,33.6194709334997,0.0 -79.04976964328418,33.619520610338796,0.0 -79.0497729058592,33.619521693665035,0.0 -79.0497720498072,33.619523226062455,0.0 -79.04940350880436,33.62044931300466,0.0 -79.04919126629797,33.62038232511433,0.0</coordinates>
                    </LinearRing>
                </outerBoundaryIs>
            </Polygon>
        </Placemark>
        <Placemark id="3004360">
            <name>44105030006.0</name>
            <description>PIN: 44105030006.0&lt;br&gt;Wetland %: 0.00&lt;br&gt;Flood %: 99.96&lt;br&gt;Parcel area (m²): 3681.57</description>
            <styleUrl>#3004365</styleUrl>
            <ExtendedData>
                <Data name="PIN">
                    <value>44105030006.0</value>
                </Data>
                <Data name="Wetland_%">
                    <value>0.00</value>
                </Data>
                <Data name="Flood_%">
                    <value>99.96</value>
                </Data>
                <Data name="Parcel_area_m2">
                    <value>3681.57</value>
                </Data>
            </ExtendedData>
            <Polygon id="3004359">
                <outerBoundaryIs>
                    <LinearRing id="3004363">
                        <coordinates>-78.95224763199218,33.68662743286147,0.0 -78.95222078032378,33.6864470887849,0.0 -78.95216613123263,33.686082345132434,0.0 -78.95259268221082,33.68605591658817,0.0 -78.95267416659357,33.68660130677495,0.0 -78.95272803549041,33.68659695600086,0.0 -78.95273061165354,33.686613721544624,0.0 -78.95225293497722,33.68666324837692,0.0 -78.95224763199218,33.68662743286147,0.0</coordinates>
                    </LinearRing>
                </outerBoundaryIs>
            </Polygon>
        </Placemark>
        <Placemark id="3004374">
            <name>44202040003.0</name>
            <description>PIN: 44202040003.0&lt;br&gt;Wetland %: 0.00&lt;br&gt;Flood %: 100.00&lt;br&gt;Parcel area (m²): 1457.27</description>
            <styleUrl>#3004379</styleUrl>
            <ExtendedData>
                <Data name="PIN">
                    <value>44202040003.0</value>
                </Data>
                <Data name="Wetland_%">
                    <value>0.00</value>
                </Data>
                <Data name="Flood_%">
                    <value>100.00</value>
                </Data>
                <Data name="Parcel_area_m2">
                    <value>1457.27</value>
                </Data>
            </ExtendedData>
            <Polygon id="3004373">
                <outerBoundaryIs>
                    <LinearRing id="3004377">
                        <coordinates>-78.93972651893785,33.69078250716348,0.0 -78.93996661786957,33.69073535585185,0.0 -78.94006560777017,33.69112638280229,0.0 -78.940025956942,33.69113414168632,0.0 -78.93983845325633,33.6911840357947,0.0 -78.93972651893785,33.69078250716348,0.0</coordinates>
                    </LinearRing>
                </outerBoundaryIs>
            </Polygon>
        </Placemark>
        <Placemark id="3004388">
            <name>45703020012.0</name>
            <description>PIN: 45703020012.0&lt;br&gt;Wetland %: 0.00&lt;br&gt;Flood %: 100.00&lt;br&gt;Parcel area (m²): 2607.86</description>
            <styleUrl>#3004393</styleUrl>
            <ExtendedData>
                <Data name="PIN">
                    <value>45703020012.0</value>
                </Data>
                <Data name="Wetland_%">
                    <value>0.00</value>
                </Data>
                <Data name="Flood_%">
                    <value>100.00</value>
                </Data>
                <Data name="Parcel_area_m2">
                    <value>2607.86</value>
                </Data>
            </ExtendedData>
            <Polygon id="3004387">
                <outerBoundaryIs>
                    <LinearRing id="3004391">
                        <coordinates>-79.02838408330949,33.641966384139494,0.0 -79.02838945317346,33.6419593066743,0.0 -79.02820555601605,33.641906471426395,0.0 -79.02836673681023,33.64170876569568,0.0 -79.0291009479474,33.64195540364865,0.0 -79.02894694398287,33.64212817900659,0.0 -79.02838408330949,33.641966384139494,0.0</coordinates>
                    </LinearRing>
                </outerBoundaryIs>
            </Polygon>
        </Placemark>
        <Placemark id="3004402">
            <name>45703020011.0</name>
            <description>PIN: 45703020011.0&lt;br&gt;Wetland %: 0.00&lt;br&gt;Flood %: 100.00&lt;br&gt;Parcel area (m²): 4406.97</description>
            <styleUrl>#3004407</styleUrl>
            <ExtendedData>
                <Data name="PIN">
                    <value>45703020011.0</value>
                </Data>
                <Data name="Wetland_%">
                    <value>0.00</value>
                </Data>
                <Data name="Flood_%">
                    <value>100.00</value>
                </Data>
                <Data name="Parcel_area_m2">
                    <value>4406.97</value>
                </Data>
            </ExtendedData>
            <Polygon id="3004401">
                <outerBoundaryIs>
                    <LinearRing id="3004405">
                        <coordinates>-79.02836673681023,33.64170876569568,0.0 -79.02854843191056,33.641521052238495,0.0 -79.02871379752672,33.641331941533736,0.0 -79.0293182180579,33.64170297191615,0.0 -79.0291009479474,33.64195540364865,0.0 -79.02836673681023,33.64170876569568,0.0</coordinates>
                    </LinearRing>
                </outerBoundaryIs>
            </Polygon>
        </Placemark>
        <Placemark id="3004416">
            <name>45703020025.0</name>
            <description>PIN: 45703020025.0&lt;br&gt;Wetland %: 0.00&lt;br&gt;Flood %: 100.00&lt;br&gt;Parcel area (m²): 647.07</description>
            <styleUrl>#3004421</styleUrl>
            <ExtendedData>
                <Data name="PIN">
                    <value>45703020025.0</value>
                </Data>
                <Data name="Wetland_%">
                    <value>0.00</value>
                </Data>
                <Data name="Flood_%">
                    <value>100.00</value>
                </Data>
                <Data name="Parcel_area_m2">
                    <value>647.07</value>
                </Data>
            </ExtendedData>
            <Polygon id="3004415">
                <outerBoundaryIs>
                    <LinearRing id="3004419">
                        <coordinates>-79.02759515270144,33.64224603258206,0.0 -79.02759841060141,33.64224233795955,0.0 -79.02796714206094,33.64182448377603,0.0 -79.02804706033325,33.641851189426234,0.0 -79.02768177682144,33.64226544424869,0.0 -79.02768012403833,33.64226732004245,0.0 -79.02763024572965,33.642256558300005,0.0 -79.02759515270144,33.64224603258206,0.0</coordinates>
                    </LinearRing>
                </outerBoundaryIs>
            </Polygon>
        </Placemark>
        <Placemark id="3004430">
            <name>44202030009.0</name>
            <description>PIN: 44202030009.0&lt;br&gt;Wetland %: 0.81&lt;br&gt;Flood %: 100.00&lt;br&gt;Parcel area (m²): 16406.34</description>
            <styleUrl>#3004435</styleUrl>
            <ExtendedData>
                <Data name="PIN">
                    <value>44202030009.0</value>
                </Data>
                <Data name="Wetland_%">
                    <value>0.81</value>
                </Data>
                <Data name="Flood_%">
                    <value>100.00</value>
                </Data>
                <Data name="Parcel_area_m2">
                    <value>16406.34</value>
                </Data>
            </ExtendedData>
            <Polygon id="3004429">
                <outerBoundaryIs>
                    <LinearRing id="3004433">
                        <coordinates>-78.93567740281169,33.69147858783569,0.0 -78.9359408435106,33.691429896695915,0.0 -78.93639422106766,33.691346401381345,0.0 -78.9364759756916,33.69133144457874,0.0 -78.93661966899184,33.69130497919051,0.0 -78.93684181077518,33.691264185986846,0.0 -78.93696403308921,33.691241655997885,0.0 -78.9370424960456,33.69122681345433,0.0 -78.9371581218365,33.691205031839054,0.0 -78.93726135818936,33.691185622033075,0.0 -78.93732330187548,33.69117394186594,0.0 -78.93766365816792,33.69110625481666,0.0 -78.93842036411411,33.690956165604156,0.0 -78.93854758636809,33.690930796959016,0.0 -78.93863267167629,33.69091400291243,0.0 -78.93864781570599,33.690968550560655,0.0 -78.93866908242964,33.691041929132304,0.0 -78.93873207693464,33.69126187911098,0.0 -78.93576804766886,33.69184848461516,0.0 -78.93574065809324,33.69173671581169,0.0 -78.93567740281169,33.69147858783569,0.0</coordinates>
                    </LinearRing>
                </outerBoundaryIs>
            </Polygon>
        </Placemark>
        <Placemark id="3004444">
            <name>44207040006.0</name>
            <description>PIN: 44207040006.0&lt;br&gt;Wetland %: 3.91&lt;br&gt;Flood %: 83.52&lt;br&gt;Parcel area (m²): 35499.31</description>
            <styleUrl>#3004449</styleUrl>
            <ExtendedData>
                <Data name="PIN">
                    <value>44207040006.0</value>
                </Data>
                <Data name="Wetland_%">
                    <value>3.91</value>
                </Data>
                <Data name="Flood_%">
                    <value>83.52</value>
                </Data>
                <Data name="Parcel_area_m2">
                    <value>35499.31</value>
                </Data>
            </ExtendedData>
            <Polygon id="3004443">
                <outerBoundaryIs>
                    <LinearRing id="3004447">
                        <coordinates>-78.94035031718577,33.68475841728485,0.0 -78.94196831884476,33.684515092887864,0.0 -78.94204850443307,33.684861461535945,0.0 -78.94332954479724,33.68461211916825,0.0 -78.94348024950956,33.685147385858244,0.0 -78.94348034005277,33.68514770665219,0.0 -78.94035048291553,33.68575689860699,0.0 -78.94035031718577,33.68475841728485,0.0</coordinates>
                    </LinearRing>
                </outerBoundaryIs>
            </Polygon>
        </Placemark>
        <Placemark id="3004458">
            <name>44201030001.0</name>
            <description>PIN: 44201030001.0&lt;br&gt;Wetland %: 0.00&lt;br&gt;Flood %: 100.00&lt;br&gt;Parcel area (m²): 20522.02</description>
            <styleUrl>#3004463</styleUrl>
            <ExtendedData>
                <Data name="PIN">
                    <value>44201030001.0</value>
                </Data>
                <Data name="Wetland_%">
                    <value>0.00</value>
                </Data>
                <Data name="Flood_%">
                    <value>100.00</value>
                </Data>
                <Data name="Parcel_area_m2">
                    <value>20522.02</value>
                </Data>
            </ExtendedData>
            <Polygon id="3004457">
                <outerBoundaryIs>
                    <LinearRing id="3004461">
                        <coordinates>-78.94347916076116,33.69450135606913,0.0 -78.94324678171148,33.69376536573103,0.0 -78.94353830090608,33.69286870304813,0.0 -78.94355298190078,33.69265876885505,0.0 -78.94469828486031,33.69389824024464,0.0 -78.94383377436576,33.694454523712665,0.0 -78.94381444308425,33.694433609969884,0.0 -78.94378845675732,33.694450393983594,0.0 -78.94370292199406,33.69435760735102,0.0 -78.94347938053014,33.69450205061179,0.0 -78.94347916076116,33.69450135606913,0.0</coordinates>
                    </LinearRing>
                </outerBoundaryIs>
            </Polygon>
        </Placemark>
        <Placemark id="3004472">
            <name>44202040038.0</name>
            <description>PIN: 44202040038.0&lt;br&gt;Wetland %: 2.55&lt;br&gt;Flood %: 81.24&lt;br&gt;Parcel area (m²): 6009.83</description>
            <styleUrl>#3004477</styleUrl>
            <ExtendedData>
                <Data name="PIN">
                    <value>44202040038.0</value>
                </Data>
                <Data name="Wetland_%">
                    <value>2.55</value>
                </Data>
                <Data name="Flood_%">
                    <value>81.24</value>
                </Data>
                <Data name="Parcel_area_m2">
                    <value>6009.83</value>
                </Data>
            </ExtendedData>
            <Polygon id="3004471">
                <outerBoundaryIs>
                    <LinearRing id="3004475">
                        <coordinates>-78.94098801590636,33.6926130506469,0.0 -78.94107166508503,33.69259802404619,0.0 -78.94137516958054,33.69255021409032,0.0 -78.9414138380334,33.692690046533755,0.0 -78.9414172493188,33.692702382371216,0.0 -78.94144914406199,33.69281771620823,0.0 -78.94154495985163,33.69316419516164,0.0 -78.94164635736419,33.69353085498251,0.0 -78.94165487062882,33.69356219307719,0.0 -78.94163124025262,33.69356681531124,0.0 -78.94128675667278,33.693633470534195,0.0 -78.94128605323893,33.693631067773175,0.0 -78.9409883910594,33.69261433224078,0.0 -78.94098801590636,33.6926130506469,0.0</coordinates>
                    </LinearRing>
                </outerBoundaryIs>
            </Polygon>
        </Placemark>
        <Placemark id="3004486">
            <name>44202040025.0</name>
            <description>PIN: 44202040025.0&lt;br&gt;Wetland %: 0.00&lt;br&gt;Flood %: 99.36&lt;br&gt;Parcel area (m²): 858.89</description>
            <styleUrl>#3004491</styleUrl>
            <ExtendedData>
                <Data name="PIN">
                    <value>44202040025.0</value>
                </Data>
                <Data name="Wetland_%">
                    <value>0.00</value>
                </Data>
                <Data name="Flood_%">
                    <value>99.36</value>
                </Data>
                <Data name="Parcel_area_m2">
                    <value>858.89</value>
                </Data>
            </ExtendedData>
            <Polygon id="3004485">
                <outerBoundaryIs>
                    <LinearRing id="3004489">
                        <coordinates>-78.94233417488209,33.69300391804099,0.0 -78.94234376459008,33.692984460441664,0.0 -78.94235152687642,33.692964442082655,0.0 -78.94235741574285,33.69294398215686,0.0 -78.94236139699109,33.69292320275932,0.0 -78.94236344500861,33.69290222793169,0.0 -78.94236354708289,33.69288118373425,0.0 -78.94270726124567,33.6928149574186,0.0 -78.94270901731404,33.69281461774946,0.0 -78.94270845219694,33.6928186833149,0.0 -78.94268462566154,33.69298983870223,0.0 -78.94267644188857,33.693003365109405,0.0 -78.94253517791516,33.69303462309078,0.0 -78.94233417488209,33.69300391804099,0.0</coordinates>
                    </LinearRing>
                </outerBoundaryIs>
            </Polygon>
        </Placemark>
        <Placemark id="3004500">
            <name>44202040027.0</name>
            <description>PIN: 44202040027.0&lt;br&gt;Wetland %: 0.00&lt;br&gt;Flood %: 98.03&lt;br&gt;Parcel area (m²): 820.10</description>
            <styleUrl>#3004505</styleUrl>
            <ExtendedData>
                <Data name="PIN">
                    <value>44202040027.0</value>
                </Data>
                <Data name="Wetland_%">
                    <value>0.00</value>
                </Data>
                <Data name="Flood_%">
                    <value>98.03</value>
                </Data>
                <Data name="Parcel_area_m2">
                    <value>820.10</value>
                </Data>
            </ExtendedData>
            <Polygon id="3004499">
                <outerBoundaryIs>
                    <LinearRing id="3004503">
                        <coordinates>-78.94212354584168,33.69317327435406,0.0 -78.94213140643114,33.693163399071906,0.0 -78.94214100721987,33.69315466575334,0.0 -78.94215211655187,33.693147287007555,0.0 -78.94216446365887,33.69314144142085,0.0 -78.94218558924923,33.693133252605165,0.0 -78.942205959944,33.69312382367782,0.0 -78.94222547319667,33.69311320163701,0.0 -78.94224402736765,33.69310144071163,0.0 -78.9425233973684,33.693256315367556,0.0 -78.94232322207695,33.69339122409177,0.0 -78.94212354584168,33.69317327435406,0.0</coordinates>
                    </LinearRing>
                </outerBoundaryIs>
            </Polygon>
        </Placemark>
        <Placemark id="3004514">
            <name>44202040030.0</name>
            <description>PIN: 44202040030.0&lt;br&gt;Wetland %: 0.00&lt;br&gt;Flood %: 82.42&lt;br&gt;Parcel area (m²): 878.89</description>
            <styleUrl>#3004519</styleUrl>
            <ExtendedData>
                <Data name="PIN">
                    <value>44202040030.0</value>
                </Data>
                <Data name="Wetland_%">
                    <value>0.00</value>
                </Data>
                <Data name="Flood_%">
                    <value>82.42</value>
                </Data>
                <Data name="Parcel_area_m2">
                    <value>878.89</value>
                </Data>
            </ExtendedData>
            <Polygon id="3004513">
                <outerBoundaryIs>
                    <LinearRing id="3004517">
                        <coordinates>-78.94185935628964,33.69320777417071,0.0 -78.94187285939539,33.69321803488318,0.0 -78.94188763787501,33.693226982856366,0.0 -78.9419035109266,33.69323450774875,0.0 -78.9419202832754,33.693240517918575,0.0 -78.94193774953095,33.69324493869275,0.0 -78.94195569302292,33.69324771595519,0.0 -78.94197389337245,33.69324881537076,0.0 -78.9420314462329,33.69345637666246,0.0 -78.94168277018072,33.69352381100797,0.0 -78.94185935628964,33.69320777417071,0.0</coordinates>
                    </LinearRing>
                </outerBoundaryIs>
            </Polygon>
        </Placemark>
        <Placemark id="3004528">
            <name>44202040022.0</name>
            <description>PIN: 44202040022.0&lt;br&gt;Wetland %: 3.28&lt;br&gt;Flood %: 94.93&lt;br&gt;Parcel area (m²): 811.98</description>
            <styleUrl>#3004533</styleUrl>
            <ExtendedData>
                <Data name="PIN">
                    <value>44202040022.0</value>
                </Data>
                <Data name="Wetland_%">
                    <value>3.28</value>
                </Data>
                <Data name="Flood_%">
                    <value>94.93</value>
                </Data>
                <Data name="Parcel_area_m2">
                    <value>811.98</value>
                </Data>
            </ExtendedData>
            <Polygon id="3004527">
                <outerBoundaryIs>
                    <LinearRing id="3004531">
                        <coordinates>-78.94231800856787,33.69238758428559,0.0 -78.94255595582365,33.69234133281662,0.0 -78.94255950159263,33.69234064502319,0.0 -78.9426106930382,33.69250292465723,0.0 -78.94260775981044,33.69250349006137,0.0 -78.94228326422144,33.69256607196012,0.0 -78.94225699811771,33.69247164073216,0.0 -78.94225625255281,33.692468967594685,0.0 -78.94225472344544,33.69245724396257,0.0 -78.94225556713312,33.69244547143755,0.0 -78.94225876054641,33.69243398425573,0.0 -78.94226421285985,33.69242310740791,0.0 -78.94227176999927,33.692413148596934,0.0 -78.94228121807099,33.692404390177366,0.0 -78.94229228899096,33.69239707932799,0.0 -78.94230466919927,33.6923914245891,0.0 -78.94231800856787,33.69238758428559,0.0</coordinates>
                    </LinearRing>
                </outerBoundaryIs>
            </Polygon>
        </Placemark>
        <Placemark id="3004542">
            <name>44201010028.0</name>
            <description>PIN: 44201010028.0&lt;br&gt;Wetland %: 0.00&lt;br&gt;Flood %: 14.03&lt;br&gt;Parcel area (m²): 2384.95</description>
            <styleUrl>#3004547</styleUrl>
            <ExtendedData>
                <Data name="PIN">
                    <value>44201010028.0</value>
                </Data>
                <Data name="Wetland_%">
                    <value>0.00</value>
                </Data>
                <Data name="Flood_%">
                    <value>14.03</value>
                </Data>
                <Data name="Parcel_area_m2">
                    <value>2384.95</value>
                </Data>
            </ExtendedData>
            <Polygon id="3004541">
                <outerBoundaryIs>
                    <LinearRing id="3004545">
                        <coordinates>-78.9511526088921,33.69585427042826,0.0 -78.95099226538704,33.69540100132615,0.0 -78.95115400012722,33.695373294679136,0.0 -78.95131609988663,33.695347117246705,0.0 -78.95144393244232,33.695708354461274,0.0 -78.95126245510316,33.69596993816692,0.0 -78.95121596130444,33.69583861735546,0.0 -78.9511526088921,33.69585427042826,0.0</coordinates>
                    </LinearRing>
                </outerBoundaryIs>
            </Polygon>
        </Placemark>
        <Placemark id="3004556">
            <name>44207040005.0</name>
            <description>PIN: 44207040005.0&lt;br&gt;Wetland %: 0.00&lt;br&gt;Flood %: 99.75&lt;br&gt;Parcel area (m²): 21362.81</description>
            <styleUrl>#3004561</styleUrl>
            <ExtendedData>
                <Data name="PIN">
                    <value>44207040005.0</value>
                </Data>
                <Data name="Wetland_%">
                    <value>0.00</value>
                </Data>
                <Data name="Flood_%">
                    <value>99.75</value>
                </Data>
                <Data name="Parcel_area_m2">
                    <value>21362.81</value>
                </Data>
            </ExtendedData>
            <Polygon id="3004555">
                <outerBoundaryIs>
                    <LinearRing id="3004559">
                        <coordinates>-78.93982607030215,33.686066616429656,0.0 -78.94015482250236,33.68600199355862,0.0 -78.9402335057583,33.686253476548984,0.0 -78.94032599926105,33.686546425498726,0.0 -78.94065232840384,33.68648004361252,0.0 -78.94070714417174,33.68646899437092,0.0 -78.94075904436508,33.686633748256234,0.0 -78.9412277998916,33.68811392756727,0.0 -78.94092940935501,33.68816918648261,0.0 -78.94050824964377,33.68824721985087,0.0 -78.93990623957505,33.68632465266848,0.0 -78.93982607030215,33.686066616429656,0.0</coordinates>
                    </LinearRing>
                </outerBoundaryIs>
            </Polygon>
        </Placemark>
        <Placemark id="3004570">
            <name>44104040041.0</name>
            <description>PIN: 44104040041.0&lt;br&gt;Wetland %: 0.00&lt;br&gt;Flood %: 0.00&lt;br&gt;Parcel area (m²): 2512.22</description>
            <styleUrl>#3004575</styleUrl>
            <ExtendedData>
                <Data name="PIN">
                    <value>44104040041.0</value>
                </Data>
                <Data name="Wetland_%">
                    <value>0.00</value>
                </Data>
                <Data name="Flood_%">
                    <value>0.00</value>
                </Data>
                <Data name="Parcel_area_m2">
                    <value>2512.22</value>
                </Data>
            </ExtendedData>
            <Polygon id="3004569">
                <outerBoundaryIs>
                    <LinearRing id="3004573">
                        <coordinates>-78.95758872035566,33.693604856801755,0.0 -78.95742513880795,33.693594907886926,0.0 -78.9574049289359,33.69359377123332,0.0 -78.95728199149562,33.69311505721276,0.0 -78.95741030946606,33.69307800269737,0.0 -78.95741350759742,33.693081836467194,0.0 -78.9574175306203,33.693085510694424,0.0 -78.95742073687519,33.693089000959624,0.0 -78.95742476612794,33.693092503019294,0.0 -78.95742962535907,33.69309567605592,0.0 -78.95743366053554,33.69309883637843,0.0 -78.95743852789018,33.69310166591029,0.0 -78.9574425752835,33.69310430962357,0.0 -78.95744744561087,33.69310696783586,0.0 -78.95745314703782,33.69310929523956,0.0 -78.95745802738212,33.69311143861,0.0 -78.95746291507709,33.69311340802754,0.0 -78.95746863165037,33.69311504930552,0.0 -78.9574735274259,33.69311667702141,0.0 -78.95747925214366,33.693117973892946,0.0 -78.95748498089091,33.69311910036433,0.0 -78.95749071780361,33.69311988152792,0.0 -78.95749645469506,33.69312066359281,0.0 -78.95750219970925,33.693121102153036,0.0 -78.95750794879541,33.69312136851005,0.0 -78.95751370598282,33.69312129226397,0.0 -78.95751864021497,33.693121202420485,0.0 -78.95752440554621,33.69312078176795,0.0 -78.95753017897852,33.69312001851229,0.0 -78.95753595243207,33.693119254354855,0.0 -78.95754173398666,33.69311814759427,0.0 -78.9575466988149,33.69311685506917,0.0 -78.95755249258472,33.69311523169917,0.0 -78.95755746335647,33.69311359653516,0.0 -78.95780503279595,33.69358309409209,0.0 -78.95767743594536,33.69361020714432,0.0 -78.95758872035566,33.693604856801755,0.0</coordinates>
                    </LinearRing>
                </outerBoundaryIs>
            </Polygon>
        </Placemark>
        <Placemark id="3004584">
            <name>44200000005.0</name>
            <description>PIN: 44200000005.0&lt;br&gt;Wetland %: 29.53&lt;br&gt;Flood %: 98.64&lt;br&gt;Parcel area (m²): 337919.52</description>
            <styleUrl>#3004589</styleUrl>
            <ExtendedData>
                <Data name="PIN">
                    <value>44200000005.0</value>
                </Data>
                <Data name="Wetland_%">
                    <value>29.53</value>
                </Data>
                <Data name="Flood_%">
                    <value>98.64</value>
                </Data>
                <Data name="Parcel_area_m2">
                    <value>337919.52</value>
                </Data>
            </ExtendedData>
            <Polygon id="3004583">
                <outerBoundaryIs>
                    <LinearRing id="3004587">
                        <coordinates>-78.94416564046762,33.683288173367266,0.0 -78.94448523065188,33.68317186514404,0.0 -78.94417510642468,33.679568968303904,0.0 -78.9480629383953,33.678934888853696,0.0 -78.94909907029387,33.681746838714766,0.0 -78.94953501457314,33.682908004631955,0.0 -78.94850771841121,33.68309953989836,0.0 -78.94697996662467,33.683383906382275,0.0 -78.9471003411579,33.68500605997552,0.0 -78.94699433744067,33.684979802668565,0.0 -78.94688764218309,33.68495558930809,0.0 -78.94678030798768,33.68493343068757,0.0 -78.94667239388475,33.68491333951138,0.0 -78.94656395571185,33.68489532662707,0.0 -78.94645505150604,33.684879401115,0.0 -78.94634573824742,33.684865571136434,0.0 -78.94623607399414,33.68485384487055,0.0 -78.94612611579036,33.68484422777407,0.0 -78.94601592283684,33.684836725339885,0.0 -78.94590555329873,33.68483134123985,0.0 -78.94579506426275,33.68482807912819,0.0 -78.94568451505803,33.68482693908879,0.0 -78.94557396279276,33.68482792387473,0.0 -78.9454634679389,33.68483103088342,0.0 -78.94535308769025,33.68483625926209,0.0 -78.94524287926212,33.68484360725633,0.0 -78.94513290211249,33.68485306954159,0.0 -78.94502321459962,33.684864641677166,0.0 -78.9449138740462,33.68487831740154,0.0 -78.94480493779656,33.684894089551605,0.0 -78.94469646321654,33.684911950063004,0.0 -78.94458850879357,33.68493188908633,0.0 -78.94431125619954,33.68498579918711,0.0 -78.94418042811043,33.68346922087677,0.0 -78.94416564046762,33.683288173367266,0.0</coordinates>
                    </LinearRing>
                </outerBoundaryIs>
            </Polygon>
        </Placemark>
        <Placemark id="3004598">
            <name>44105030003.0</name>
            <description>PIN: 44105030003.0&lt;br&gt;Wetland %: 0.00&lt;br&gt;Flood %: 90.00&lt;br&gt;Parcel area (m²): 16997.57</description>
            <styleUrl>#3004603</styleUrl>
            <ExtendedData>
                <Data name="PIN">
                    <value>44105030003.0</value>
                </Data>
                <Data name="Wetland_%">
                    <value>0.00</value>
                </Data>
                <Data name="Flood_%">
                    <value>90.00</value>
                </Data>
                <Data name="Parcel_area_m2">
                    <value>16997.57</value>
                </Data>
            </ExtendedData>
            <Polygon id="3004597">
                <outerBoundaryIs>
                    <LinearRing id="3004601">
                        <coordinates>-78.95327702386652,33.68646213100027,0.0 -78.95326090155464,33.68646481970599,0.0 -78.95324653355627,33.686407264394404,0.0 -78.95323094546902,33.68634993059763,0.0 -78.95321414223902,33.686292837337916,0.0 -78.9532025794531,33.68625499978757,0.0 -78.95321850715527,33.68625159804047,0.0 -78.95321036871182,33.686224967880776,0.0 -78.95319444101419,33.6862283696268,0.0 -78.95315480738091,33.686098676341274,0.0 -78.9531991477701,33.68601833965295,0.0 -78.95374268697188,33.68598784004249,0.0 -78.95387981818793,33.68685172362586,0.0 -78.95445835891579,33.686818825565496,0.0 -78.9545483061937,33.687385438033814,0.0 -78.95450513622652,33.687387893091135,0.0 -78.95333504970839,33.68745442599405,0.0 -78.95334367010929,33.687371647954116,0.0 -78.95334984493691,33.687288717580444,0.0 -78.95335357194485,33.68720568444274,0.0 -78.9533548466657,33.687122600779745,0.0 -78.95335367011005,33.68703951531287,0.0 -78.9533500421246,33.686956480351895,0.0 -78.95334396479835,33.68687354463596,0.0 -78.95333544123481,33.68679075962644,0.0 -78.95332447887266,33.68670817595461,0.0 -78.95331108303627,33.686625842412695,0.0 -78.95329526112158,33.68654381143469,0.0 -78.95327702386652,33.68646213100027,0.0</coordinates>
                    </LinearRing>
                </outerBoundaryIs>
            </Polygon>
        </Placemark>
        <Placemark id="3004612">
            <name>44104040141.0</name>
            <description>PIN: 44104040141.0&lt;br&gt;Wetland %: 0.00&lt;br&gt;Flood %: 0.00&lt;br&gt;Parcel area (m²): 4208.55</description>
            <styleUrl>#3004617</styleUrl>
            <ExtendedData>
                <Data name="PIN">
                    <value>44104040141.0</value>
                </Data>
                <Data name="Wetland_%">
                    <value>0.00</value>
                </Data>
                <Data name="Flood_%">
                    <value>0.00</value>
                </Data>
                <Data name="Parcel_area_m2">
                    <value>4208.55</value>
                </Data>
            </ExtendedData>
            <Polygon id="3004611">
                <outerBoundaryIs>
                    <LinearRing id="3004615">
                        <coordinates>-78.95785776790126,33.694284069670914,0.0 -78.95777378420351,33.69426694346525,0.0 -78.95767925870372,33.69424766689684,0.0 -78.95766187696653,33.6942443771832,0.0 -78.95754963090118,33.69422313736372,0.0 -78.95743738381248,33.694201897424435,0.0 -78.95732513785752,33.694180657400985,0.0 -78.95721529711525,33.69415987191137,0.0 -78.95721289204307,33.694159413669176,0.0 -78.9571006781139,33.69413805581524,0.0 -78.95698846318291,33.69411669694,0.0 -78.9569737158173,33.69411388990933,0.0 -78.95687653755279,33.69409419457551,0.0 -78.95675472171051,33.69406950469073,0.0 -78.95667312181574,33.69405279504213,0.0 -78.95614466169903,33.69394454632735,0.0 -78.95619850694818,33.693933399278656,0.0 -78.95616386676583,33.69382950498888,0.0 -78.95619806741382,33.69382597742942,0.0 -78.95632616980868,33.693792490327716,0.0 -78.95634367250527,33.69384547905146,0.0 -78.95648659514843,33.69386927177768,0.0 -78.95701365891128,33.69397670134863,0.0 -78.95725175802323,33.694025870913755,0.0 -78.95732397998565,33.694039537214586,0.0 -78.95732936659945,33.69402397037345,0.0 -78.9573369079907,33.694009042533516,0.0 -78.95734649892458,33.69399496030346,0.0 -78.95735800637891,33.693981919009246,0.0 -78.95737126958721,33.69397010089139,0.0 -78.95738610553784,33.69395967068595,0.0 -78.95740230690258,33.69395077198267,0.0 -78.95741964846509,33.693943529135026,0.0 -78.9574378904422,33.69393804370738,0.0 -78.95745677749042,33.69393439085098,0.0 -78.95747604729192,33.6939326212497,0.0 -78.95749543273307,33.69393276025397,0.0 -78.95751466302555,33.69393480609544,0.0 -78.95753436667579,33.69393896487904,0.0 -78.9575533054616,33.69394512505096,0.0 -78.95757119141827,33.69395318985626,0.0 -78.95758775009948,33.69396303841096,0.0 -78.95760272829772,33.69397451861431,0.0 -78.95761589814576,33.69398745623588,0.0 -78.95762705715897,33.69400165311223,0.0 -78.95763603675759,33.69401689179746,0.0 -78.95764269782458,33.69403294090129,0.0 -78.95764694045539,33.694049553446305,0.0 -78.95764869725224,33.69406647667856,0.0 -78.95764794411016,33.6940834522455,0.0 -78.95764469148153,33.69410022056157,0.0 -78.95771694577675,33.694113893478324,0.0 -78.95791121260665,33.69415335431574,0.0 -78.95787405906005,33.69428739275177,0.0 -78.95785776790126,33.694284069670914,0.0</coordinates>
                    </LinearRing>
                </outerBoundaryIs>
            </Polygon>
        </Placemark>
        <Placemark id="3004626">
            <name>44105010002.0</name>
            <description>PIN: 44105010002.0&lt;br&gt;Wetland %: 0.00&lt;br&gt;Flood %: 100.00&lt;br&gt;Parcel area (m²): 2745.19</description>
            <styleUrl>#3004631</styleUrl>
            <ExtendedData>
                <Data name="PIN">
                    <value>44105010002.0</value>
                </Data>
                <Data name="Wetland_%">
                    <value>0.00</value>
                </Data>
                <Data name="Flood_%">
                    <value>100.00</value>
                </Data>
                <Data name="Parcel_area_m2">
                    <value>2745.19</value>
                </Data>
            </ExtendedData>
            <Polygon id="3004625">
                <outerBoundaryIs>
                    <LinearRing id="3004629">
                        <coordinates>-78.95536479371505,33.68900899051514,0.0 -78.95561539562502,33.688842004043984,0.0 -78.95585765116209,33.68868020500888,0.0 -78.95596628710142,33.689092479494875,0.0 -78.95536579417127,33.68920986448998,0.0 -78.95531967864956,33.68903934405887,0.0 -78.95536479371505,33.68900899051514,0.0</coordinates>
                    </LinearRing>
                </outerBoundaryIs>
            </Polygon>
        </Placemark>
        <Placemark id="3004640">
            <name>44207010004.0</name>
            <description>PIN: 44207010004.0&lt;br&gt;Wetland %: 0.00&lt;br&gt;Flood %: 100.00&lt;br&gt;Parcel area (m²): 11068.68</description>
            <styleUrl>#3004645</styleUrl>
            <ExtendedData>
                <Data name="PIN">
                    <value>44207010004.0</value>
                </Data>
                <Data name="Wetland_%">
                    <value>0.00</value>
                </Data>
                <Data name="Flood_%">
                    <value>100.00</value>
                </Data>
                <Data name="Parcel_area_m2">
                    <value>11068.68</value>
                </Data>
            </ExtendedData>
            <Polygon id="3004639">
                <outerBoundaryIs>
                    <LinearRing id="3004643">
                        <coordinates>-78.93982607030215,33.686066616429656,0.0 -78.93990623957505,33.68632465266848,0.0 -78.94050824964377,33.68824721985087,0.0 -78.94016802043994,33.68831010569651,0.0 -78.93983193179952,33.687199698352636,0.0 -78.93977293291707,33.686984626338486,0.0 -78.93974493134426,33.68688330170585,0.0 -78.93960954990149,33.686389294328016,0.0 -78.939536143304,33.686123465987926,0.0 -78.93973851120091,33.686083885906974,0.0 -78.93982607030215,33.686066616429656,0.0</coordinates>
                    </LinearRing>
                </outerBoundaryIs>
            </Polygon>
        </Placemark>
        <Placemark id="3004654">
            <name>30610040047.0</name>
            <description>PIN: 30610040047.0&lt;br&gt;Wetland %: 0.00&lt;br&gt;Flood %: 100.00&lt;br&gt;Parcel area (m²): 2041.86</description>
            <styleUrl>#3004659</styleUrl>
            <ExtendedData>
                <Data name="PIN">
                    <value>30610040047.0</value>
                </Data>
                <Data name="Wetland_%">
                    <value>0.00</value>
                </Data>
                <Data name="Flood_%">
                    <value>100.00</value>
                </Data>
                <Data name="Parcel_area_m2">
                    <value>2041.86</value>
                </Data>
            </ExtendedData>
            <Polygon id="3004653">
                <outerBoundaryIs>
                    <LinearRing id="3004657">
                        <coordinates>-78.63887295864637,33.891813574671176,0.0 -78.63899655985466,33.891647834005674,0.0 -78.6391288419787,33.89147045645326,0.0 -78.63966068863547,33.89174629721217,0.0 -78.63891607988857,33.89183589464926,0.0 -78.63887295864637,33.891813574671176,0.0</coordinates>
                    </LinearRing>
                </outerBoundaryIs>
            </Polygon>
        </Placemark>
        <Placemark id="3004668">
            <name>30610040054.0</name>
            <description>PIN: 30610040054.0&lt;br&gt;Wetland %: 0.00&lt;br&gt;Flood %: 100.00&lt;br&gt;Parcel area (m²): 1353.73</description>
            <styleUrl>#3004673</styleUrl>
            <ExtendedData>
                <Data name="PIN">
                    <value>30610040054.0</value>
                </Data>
                <Data name="Wetland_%">
                    <value>0.00</value>
                </Data>
                <Data name="Flood_%">
                    <value>100.00</value>
                </Data>
                <Data name="Parcel_area_m2">
                    <value>1353.73</value>
                </Data>
            </ExtendedData>
            <Polygon id="3004667">
                <outerBoundaryIs>
                    <LinearRing id="3004671">
                        <coordinates>-78.63887295864637,33.891813574671176,0.0 -78.63886009160046,33.89180685519187,0.0 -78.63847837564292,33.89160887510058,0.0 -78.6386019568705,33.89144317050962,0.0 -78.63899655985466,33.891647834005674,0.0 -78.63887295864637,33.891813574671176,0.0</coordinates>
                    </LinearRing>
                </outerBoundaryIs>
            </Polygon>
        </Placemark>
        <Placemark id="3004682">
            <name>44813020002.0</name>
            <description>PIN: 44813020002.0&lt;br&gt;Wetland %: 0.00&lt;br&gt;Flood %: 100.00&lt;br&gt;Parcel area (m²): 5797.60</description>
            <styleUrl>#3004687</styleUrl>
            <ExtendedData>
                <Data name="PIN">
                    <value>44813020002.0</value>
                </Data>
                <Data name="Wetland_%">
                    <value>0.00</value>
                </Data>
                <Data name="Flood_%">
                    <value>100.00</value>
                </Data>
                <Data name="Parcel_area_m2">
                    <value>5797.60</value>
                </Data>
            </ExtendedData>
            <Polygon id="3004681">
                <outerBoundaryIs>
                    <LinearRing id="3004685">
                        <coordinates>-78.98540778192925,33.6478293754788,0.0 -78.98547543382662,33.647742401356645,0.0 -78.98577047809698,33.647363090547245,0.0 -78.98586076967386,33.64724700898511,0.0 -78.98633213681575,33.64750471996426,0.0 -78.98625796173874,33.647598718964076,0.0 -78.98587426919764,33.64808494404251,0.0 -78.98581402401675,33.648051937650536,0.0 -78.98541327220508,33.64783238277647,0.0 -78.98540778192925,33.6478293754788,0.0</coordinates>
                    </LinearRing>
                </outerBoundaryIs>
            </Polygon>
        </Placemark>
        <Placemark id="3004696">
            <name>44813020001.0</name>
            <description>PIN: 44813020001.0&lt;br&gt;Wetland %: 0.00&lt;br&gt;Flood %: 100.00&lt;br&gt;Parcel area (m²): 8489.44</description>
            <styleUrl>#3004701</styleUrl>
            <ExtendedData>
                <Data name="PIN">
                    <value>44813020001.0</value>
                </Data>
                <Data name="Wetland_%">
                    <value>0.00</value>
                </Data>
                <Data name="Flood_%">
                    <value>100.00</value>
                </Data>
                <Data name="Parcel_area_m2">
                    <value>8489.44</value>
                </Data>
            </ExtendedData>
            <Polygon id="3004695">
                <outerBoundaryIs>
                    <LinearRing id="3004699">
                        <coordinates>-78.98625796173874,33.647598718964076,0.0 -78.98633213681575,33.64750471996426,0.0 -78.98586076967386,33.64724700898511,0.0 -78.98577047809698,33.647363090547245,0.0 -78.98574573092534,33.64735113234673,0.0 -78.98560677695158,33.6472839182195,0.0 -78.98558204624955,33.64732251942845,0.0 -78.98545548910272,33.64725224312237,0.0 -78.9854799916076,33.64722343329078,0.0 -78.98531097381998,33.647141601539346,0.0 -78.98483398348637,33.64691066366551,0.0 -78.98495391343154,33.64673581766615,0.0 -78.98503899462771,33.646611777766886,0.0 -78.98514459742178,33.64659391250052,0.0 -78.98532157241497,33.64668695099105,0.0 -78.9854292748863,33.64674357130528,0.0 -78.98650357139287,33.647308334780526,0.0 -78.98642643377308,33.64740948218114,0.0 -78.9862747394623,33.647606836588636,0.0 -78.98625796173874,33.647598718964076,0.0</coordinates>
                    </LinearRing>
                </outerBoundaryIs>
            </Polygon>
        </Placemark>
        <Placemark id="3004710">
            <name>44716010002.0</name>
            <description>PIN: 44716010002.0&lt;br&gt;Wetland %: 0.00&lt;br&gt;Flood %: 100.00&lt;br&gt;Parcel area (m²): 44687.71</description>
            <styleUrl>#3004715</styleUrl>
            <ExtendedData>
                <Data name="PIN">
                    <value>44716010002.0</value>
                </Data>
                <Data name="Wetland_%">
                    <value>0.00</value>
                </Data>
                <Data name="Flood_%">
                    <value>100.00</value>
                </Data>
                <Data name="Parcel_area_m2">
                    <value>44687.71</value>
                </Data>
            </ExtendedData>
            <Polygon id="3004709">
                <outerBoundaryIs>
                    <LinearRing id="3004713">
                        <coordinates>-78.98397493319004,33.64783972140517,0.0 -78.98397545962392,33.64783902106958,0.0 -78.98486826362712,33.64832790709253,0.0 -78.98487131220398,33.64839308142257,0.0 -78.98527662580825,33.64861495733025,0.0 -78.98543939456596,33.648704059634,0.0 -78.9853048571433,33.648876100970035,0.0 -78.98548810760046,33.648976425391,0.0 -78.98526144627361,33.649266040575625,0.0 -78.98486887079623,33.64976764918258,0.0 -78.98492469187897,33.64979820634676,0.0 -78.98463603370249,33.65016703328078,0.0 -78.98442146047236,33.65044119367044,0.0 -78.98413116681893,33.650282883562,0.0 -78.9840912816323,33.650260066737886,0.0 -78.98405254734413,33.65023590223878,0.0 -78.98401502986879,33.6502104308265,0.0 -78.9839787918653,33.65018369411186,0.0 -78.9839438937101,33.65015573908,0.0 -78.9839071674529,33.65012367563449,0.0 -78.98387220474717,33.65009026098503,0.0 -78.98383907622315,33.6500555648332,0.0 -78.98380784927643,33.650019656827546,0.0 -78.98377858586983,33.64998260833211,0.0 -78.98375134674079,33.64994449700428,0.0 -78.983726186221,33.64990539769114,0.0 -78.9837031563386,33.64986539151569,0.0 -78.98368230375216,33.64982455861141,0.0 -78.98366366966674,33.64978298172826,0.0 -78.98364729198973,33.64974074626845,0.0 -78.98363320543645,33.64969793577787,0.0 -78.98362143597116,33.64965463907129,0.0 -78.98361201067834,33.64961094317766,0.0 -78.98360494581975,33.64956693675314,0.0 -78.98360025655776,33.64952270933772,0.0 -78.98359795376373,33.64947834949934,0.0 -78.98359804069968,33.64943394838739,0.0 -78.98360051743522,33.649389595295176,0.0 -78.9836053786291,33.64934538032952,0.0 -78.98373393236022,33.648409579986314,0.0 -78.98374218704718,33.64835945765848,0.0 -78.98375264041613,33.64830962285073,0.0 -78.98376527685046,33.648260143855225,0.0 -78.98378008079682,33.648211086259174,0.0 -78.98379703126977,33.648162517365044,0.0 -78.98381610517009,33.648114502636645,0.0 -78.98383727726373,33.64806710660107,0.0 -78.9838605180048,33.64802039371494,0.0 -78.98388579788964,33.64797442663155,0.0 -78.98391308092575,33.64792926880015,0.0 -78.9839423301269,33.647884980046015,0.0 -78.98397350740821,33.64784162107833,0.0 -78.98397493319004,33.64783972140517,0.0</coordinates>
                    </LinearRing>
                </outerBoundaryIs>
            </Polygon>
        </Placemark>
        <Placemark id="3004724">
            <name>44715010005.0</name>
            <description>PIN: 44715010005.0&lt;br&gt;Wetland %: 0.00&lt;br&gt;Flood %: 100.00&lt;br&gt;Parcel area (m²): 7499.58</description>
            <styleUrl>#3004729</styleUrl>
            <ExtendedData>
                <Data name="PIN">
                    <value>44715010005.0</value>
                </Data>
                <Data name="Wetland_%">
                    <value>0.00</value>
                </Data>
                <Data name="Flood_%">
                    <value>100.00</value>
                </Data>
                <Data name="Parcel_area_m2">
                    <value>7499.58</value>
                </Data>
            </ExtendedData>
            <Polygon id="3004723">
                <outerBoundaryIs>
                    <LinearRing id="3004727">
                        <coordinates>-78.9759457482285,33.648687851636105,0.0 -78.97590746280335,33.648393695562454,0.0 -78.97593876902832,33.648400591463066,0.0 -78.9760919013033,33.64838486268979,0.0 -78.97618629764057,33.64812270184598,0.0 -78.97618635768802,33.648122532362535,0.0 -78.97626980175642,33.648166182176205,0.0 -78.97635428877905,33.648208403201,0.0 -78.97643978571453,33.648249178658716,0.0 -78.97652625628724,33.6482884917184,0.0 -78.97709498407633,33.64854081288262,0.0 -78.97681440240841,33.648655926271864,0.0 -78.97676907176141,33.648727581951945,0.0 -78.97676906058012,33.648727598905744,0.0 -78.97672774914903,33.648792900364356,0.0 -78.976598920754,33.64888179210017,0.0 -78.97626531904433,33.648926615320114,0.0 -78.97610161010154,33.6487290602488,0.0 -78.9759457482285,33.648687851636105,0.0</coordinates>
                    </LinearRing>
                </outerBoundaryIs>
            </Polygon>
        </Placemark>
        <Placemark id="3004738">
            <name>44716020005.0</name>
            <description>PIN: 44716020005.0&lt;br&gt;Wetland %: 7.20&lt;br&gt;Flood %: 100.00&lt;br&gt;Parcel area (m²): 4054.32</description>
            <styleUrl>#3004743</styleUrl>
            <ExtendedData>
                <Data name="PIN">
                    <value>44716020005.0</value>
                </Data>
                <Data name="Wetland_%">
                    <value>7.20</value>
                </Data>
                <Data name="Flood_%">
                    <value>100.00</value>
                </Data>
                <Data name="Parcel_area_m2">
                    <value>4054.32</value>
                </Data>
            </ExtendedData>
            <Polygon id="3004737">
                <outerBoundaryIs>
                    <LinearRing id="3004741">
                        <coordinates>-78.97676907176141,33.648727581951945,0.0 -78.97681440240841,33.648655926271864,0.0 -78.97709498407633,33.64854081288262,0.0 -78.97730944149481,33.648635960263,0.0 -78.97727093857324,33.64869666287425,0.0 -78.97799226161447,33.64901668100334,0.0 -78.97797580163275,33.649035058372036,0.0 -78.97795740680947,33.64905210347462,0.0 -78.977937229288,33.64906767448944,0.0 -78.97791543818649,33.64908164159791,0.0 -78.97789221524361,33.6490938887173,0.0 -78.97786775268312,33.64910431256366,0.0 -78.97784225524397,33.649112828096726,0.0 -78.97781593601515,33.64911936213837,0.0 -78.97778901406916,33.64912386235319,0.0 -78.97776171355218,33.64912629001804,0.0 -78.97773426142284,33.64912662449495,0.0 -78.97770688743084,33.649124864132446,0.0 -78.97767981986813,33.64912102349055,0.0 -78.97765328339146,33.64911513420674,0.0 -78.97762750010062,33.64910724501363,0.0 -78.97760268522599,33.649097421668664,0.0 -78.97676907176141,33.648727581951945,0.0</coordinates>
                    </LinearRing>
                </outerBoundaryIs>
            </Polygon>
        </Placemark>
        <Placemark id="3004752">
            <name>31314020082.0</name>
            <description>PIN: 31314020082.0&lt;br&gt;Wetland %: 0.00&lt;br&gt;Flood %: 100.00&lt;br&gt;Parcel area (m²): 1441.24</description>
            <styleUrl>#3004757</styleUrl>
            <ExtendedData>
                <Data name="PIN">
                    <value>31314020082.0</value>
                </Data>
                <Data name="Wetland_%">
                    <value>0.00</value>
                </Data>
                <Data name="Flood_%">
                    <value>100.00</value>
                </Data>
                <Data name="Parcel_area_m2">
                    <value>1441.24</value>
                </Data>
            </ExtendedData>
            <Polygon id="3004751">
                <outerBoundaryIs>
                    <LinearRing id="3004755">
                        <coordinates>-78.66102167591782,33.86286045286703,0.0 -78.66124061684647,33.862765609223864,0.0 -78.66145613491136,33.863105665226534,0.0 -78.6613461632661,33.86315066868135,0.0 -78.66122370105893,33.86320059181699,0.0 -78.66102167591782,33.86286045286703,0.0</coordinates>
                    </LinearRing>
                </outerBoundaryIs>
            </Polygon>
        </Placemark>
        <Placemark id="3004766">
            <name>31314020089.0</name>
            <description>PIN: 31314020089.0&lt;br&gt;Wetland %: 0.00&lt;br&gt;Flood %: 100.00&lt;br&gt;Parcel area (m²): 1525.28</description>
            <styleUrl>#3004771</styleUrl>
            <ExtendedData>
                <Data name="PIN">
                    <value>31314020089.0</value>
                </Data>
                <Data name="Wetland_%">
                    <value>0.00</value>
                </Data>
                <Data name="Flood_%">
                    <value>100.00</value>
                </Data>
                <Data name="Parcel_area_m2">
                    <value>1525.28</value>
                </Data>
            </ExtendedData>
            <Polygon id="3004765">
                <outerBoundaryIs>
                    <LinearRing id="3004769">
                        <coordinates>-78.66080046640657,33.862484188367354,0.0 -78.66102178884498,33.86239610521177,0.0 -78.66124061684647,33.862765609223864,0.0 -78.66102167591782,33.86286045286703,0.0 -78.66080046640657,33.862484188367354,0.0</coordinates>
                    </LinearRing>
                </outerBoundaryIs>
            </Polygon>
        </Placemark>
        <Placemark id="3004780">
            <name>35608020085.0</name>
            <description>PIN: 35608020085.0&lt;br&gt;Wetland %: 0.00&lt;br&gt;Flood %: 100.00&lt;br&gt;Parcel area (m²): 1404.92</description>
            <styleUrl>#3004785</styleUrl>
            <ExtendedData>
                <Data name="PIN">
                    <value>35608020085.0</value>
                </Data>
                <Data name="Wetland_%">
                    <value>0.00</value>
                </Data>
                <Data name="Flood_%">
                    <value>100.00</value>
                </Data>
                <Data name="Parcel_area_m2">
                    <value>1404.92</value>
                </Data>
            </ExtendedData>
            <Polygon id="3004779">
                <outerBoundaryIs>
                    <LinearRing id="3004783">
                        <coordinates>-78.67802864399746,33.82219076475942,0.0 -78.67842958443221,33.82191569009836,0.0 -78.67842966922791,33.82191563125658,0.0 -78.67843134769063,33.82191446040801,0.0 -78.6784347046402,33.82191211780926,0.0 -78.67843848137838,33.82192473139866,0.0 -78.67854697864153,33.82202401970162,0.0 -78.67857107050571,33.822046808688114,0.0 -78.67842496898344,33.822151460067275,0.0 -78.67817475585952,33.822330449956816,0.0 -78.67802864399746,33.82219076475942,0.0</coordinates>
                    </LinearRing>
                </outerBoundaryIs>
            </Polygon>
        </Placemark>
        <Placemark id="3004794">
            <name>35608020064.0</name>
            <description>PIN: 35608020064.0&lt;br&gt;Wetland %: 0.00&lt;br&gt;Flood %: 100.00&lt;br&gt;Parcel area (m²): 1032.70</description>
            <styleUrl>#3004799</styleUrl>
            <ExtendedData>
                <Data name="PIN">
                    <value>35608020064.0</value>
                </Data>
                <Data name="Wetland_%">
                    <value>0.00</value>
                </Data>
                <Data name="Flood_%">
                    <value>100.00</value>
                </Data>
                <Data name="Parcel_area_m2">
                    <value>1032.70</value>
                </Data>
            </ExtendedData>
            <Polygon id="3004793">
                <outerBoundaryIs>
                    <LinearRing id="3004797">
                        <coordinates>-78.6784347046402,33.82191211780926,0.0 -78.67843149562675,33.82190896478499,0.0 -78.67832554232427,33.82180944356822,0.0 -78.67832547811113,33.82180938012823,0.0 -78.67843625164386,33.82173224478053,0.0 -78.6786897049247,33.82155520566151,0.0 -78.67880121120473,33.821665031040396,0.0 -78.67843848137838,33.82192473139866,0.0 -78.6784347046402,33.82191211780926,0.0</coordinates>
                    </LinearRing>
                </outerBoundaryIs>
            </Polygon>
        </Placemark>
        <Placemark id="3004808">
            <name>35608020065.0</name>
            <description>PIN: 35608020065.0&lt;br&gt;Wetland %: 0.00&lt;br&gt;Flood %: 100.00&lt;br&gt;Parcel area (m²): 959.06</description>
            <styleUrl>#3004813</styleUrl>
            <ExtendedData>
                <Data name="PIN">
                    <value>35608020065.0</value>
                </Data>
                <Data name="Wetland_%">
                    <value>0.00</value>
                </Data>
                <Data name="Flood_%">
                    <value>100.00</value>
                </Data>
                <Data name="Parcel_area_m2">
                    <value>959.06</value>
                </Data>
            </ExtendedData>
            <Polygon id="3004807">
                <outerBoundaryIs>
                    <LinearRing id="3004811">
                        <coordinates>-78.67821789226062,33.82170684448683,0.0 -78.67844106880797,33.82155329264342,0.0 -78.67858622850589,33.82145291966539,0.0 -78.6786897049247,33.82155520566151,0.0 -78.67843625164386,33.82173224478053,0.0 -78.67832547811113,33.82180938012823,0.0 -78.67821801341697,33.821706960407035,0.0 -78.67821789226062,33.82170684448683,0.0</coordinates>
                    </LinearRing>
                </outerBoundaryIs>
            </Polygon>
        </Placemark>
        <Placemark id="3004822">
            <name>35608020053.0</name>
            <description>PIN: 35608020053.0&lt;br&gt;Wetland %: 0.00&lt;br&gt;Flood %: 37.10&lt;br&gt;Parcel area (m²): 1048.72</description>
            <styleUrl>#3004827</styleUrl>
            <ExtendedData>
                <Data name="PIN">
                    <value>35608020053.0</value>
                </Data>
                <Data name="Wetland_%">
                    <value>0.00</value>
                </Data>
                <Data name="Flood_%">
                    <value>37.10</value>
                </Data>
                <Data name="Parcel_area_m2">
                    <value>1048.72</value>
                </Data>
            </ExtendedData>
            <Polygon id="3004821">
                <outerBoundaryIs>
                    <LinearRing id="3004825">
                        <coordinates>-78.67816819869972,33.82083028810081,0.0 -78.67846571399828,33.82063757970513,0.0 -78.67857716560646,33.82056578488503,0.0 -78.67867817862566,33.82067275014951,0.0 -78.67846097198272,33.82081378408546,0.0 -78.67827490842653,33.820934697018686,0.0 -78.67816819869972,33.82083028810081,0.0</coordinates>
                    </LinearRing>
                </outerBoundaryIs>
            </Polygon>
        </Placemark>
        <Placemark id="3004836">
            <name>35608020018.0</name>
            <description>PIN: 35608020018.0&lt;br&gt;Wetland %: 0.00&lt;br&gt;Flood %: 0.00&lt;br&gt;Parcel area (m²): 1356.40</description>
            <styleUrl>#3004841</styleUrl>
            <ExtendedData>
                <Data name="PIN">
                    <value>35608020018.0</value>
                </Data>
                <Data name="Wetland_%">
                    <value>0.00</value>
                </Data>
                <Data name="Flood_%">
                    <value>0.00</value>
                </Data>
                <Data name="Parcel_area_m2">
                    <value>1356.40</value>
                </Data>
            </ExtendedData>
            <Polygon id="3004835">
                <outerBoundaryIs>
                    <LinearRing id="3004839">
                        <coordinates>-78.67913751988971,33.82059245424989,0.0 -78.6790614841894,33.82046936321867,0.0 -78.67938486733895,33.820325077221405,0.0 -78.67952307751352,33.82054416817399,0.0 -78.67920303216917,33.820686798858674,0.0 -78.67919970601665,33.82068828067528,0.0 -78.67913751988971,33.82059245424989,0.0</coordinates>
                    </LinearRing>
                </outerBoundaryIs>
            </Polygon>
        </Placemark>
        <Placemark id="3004850">
            <name>35608020019.0</name>
            <description>PIN: 35608020019.0&lt;br&gt;Wetland %: 0.00&lt;br&gt;Flood %: 0.52&lt;br&gt;Parcel area (m²): 1365.27</description>
            <styleUrl>#3004855</styleUrl>
            <ExtendedData>
                <Data name="PIN">
                    <value>35608020019.0</value>
                </Data>
                <Data name="Wetland_%">
                    <value>0.00</value>
                </Data>
                <Data name="Flood_%">
                    <value>0.52</value>
                </Data>
                <Data name="Parcel_area_m2">
                    <value>1365.27</value>
                </Data>
            </ExtendedData>
            <Polygon id="3004849">
                <outerBoundaryIs>
                    <LinearRing id="3004853">
                        <coordinates>-78.67919970601665,33.82068828067528,0.0 -78.67920303216917,33.820686798858674,0.0 -78.67952307751352,33.82054416817399,0.0 -78.67966365234955,33.820767254790596,0.0 -78.67934450692442,33.82090698213964,0.0 -78.67934226844525,33.82090796210912,0.0 -78.67919970601665,33.82068828067528,0.0</coordinates>
                    </LinearRing>
                </outerBoundaryIs>
            </Polygon>
        </Placemark>
        <Placemark id="3004864">
            <name>35608020083.0</name>
            <description>PIN: 35608020083.0&lt;br&gt;Wetland %: 0.00&lt;br&gt;Flood %: 100.00&lt;br&gt;Parcel area (m²): 2084.86</description>
            <styleUrl>#3004869</styleUrl>
            <ExtendedData>
                <Data name="PIN">
                    <value>35608020083.0</value>
                </Data>
                <Data name="Wetland_%">
                    <value>0.00</value>
                </Data>
                <Data name="Flood_%">
                    <value>100.00</value>
                </Data>
                <Data name="Parcel_area_m2">
                    <value>2084.86</value>
                </Data>
            </ExtendedData>
            <Polygon id="3004863">
                <outerBoundaryIs>
                    <LinearRing id="3004867">
                        <coordinates>-78.67771249195451,33.821882593398044,0.0 -78.67811360815296,33.821604026116745,0.0 -78.67821789226062,33.82170684448683,0.0 -78.67821801341697,33.821706960407035,0.0 -78.67832547811113,33.82180938012823,0.0 -78.67791624451024,33.82208349976276,0.0 -78.6778351641439,33.822005860074555,0.0 -78.67781516406622,33.82198559382873,0.0 -78.67781512408942,33.82198555339224,0.0 -78.67771249195451,33.821882593398044,0.0</coordinates>
                    </LinearRing>
                </outerBoundaryIs>
            </Polygon>
        </Placemark>
        <Placemark id="3004878">
            <name>37809020002.0</name>
            <description>PIN: 37809020002.0&lt;br&gt;Wetland %: 0.00&lt;br&gt;Flood %: 100.00&lt;br&gt;Parcel area (m²): 5447.83</description>
            <styleUrl>#3004883</styleUrl>
            <ExtendedData>
                <Data name="PIN">
                    <value>37809020002.0</value>
                </Data>
                <Data name="Wetland_%">
                    <value>0.00</value>
                </Data>
                <Data name="Flood_%">
                    <value>100.00</value>
                </Data>
                <Data name="Parcel_area_m2">
                    <value>5447.83</value>
                </Data>
            </ExtendedData>
            <Polygon id="3004877">
                <outerBoundaryIs>
                    <LinearRing id="3004881">
                        <coordinates>-79.17157461027604,33.7958301763828,0.0 -79.17181638825933,33.7957437007598,0.0 -79.17190721407239,33.7957112152185,0.0 -79.17202012108062,33.79567194525587,0.0 -79.17208275696723,33.79565015899987,0.0 -79.17208301379162,33.79565006989846,0.0 -79.17218491989505,33.796046479305836,0.0 -79.17220657039842,33.79637101541612,0.0 -79.17221455832214,33.79643477678126,0.0 -79.17186569133769,33.796544043207476,0.0 -79.17157461027604,33.7958301763828,0.0</coordinates>
                    </LinearRing>
                </outerBoundaryIs>
            </Polygon>
        </Placemark>
        <Placemark id="3004892">
            <name>37809020004.0</name>
            <description>PIN: 37809020004.0&lt;br&gt;Wetland %: 0.00&lt;br&gt;Flood %: 99.99&lt;br&gt;Parcel area (m²): 5977.48</description>
            <styleUrl>#3004897</styleUrl>
            <ExtendedData>
                <Data name="PIN">
                    <value>37809020004.0</value>
                </Data>
                <Data name="Wetland_%">
                    <value>0.00</value>
                </Data>
                <Data name="Flood_%">
                    <value>99.99</value>
                </Data>
                <Data name="Parcel_area_m2">
                    <value>5977.48</value>
                </Data>
            </ExtendedData>
            <Polygon id="3004891">
                <outerBoundaryIs>
                    <LinearRing id="3004895">
                        <coordinates>-79.17325381929562,33.79524745236886,0.0 -79.17357956175509,33.79514126894276,0.0 -79.17438439398587,33.79487824784154,0.0 -79.1745087903696,33.79514570070772,0.0 -79.17415278561614,33.79528167587757,0.0 -79.17330717035952,33.7956045723129,0.0 -79.17325381929562,33.79524745236886,0.0</coordinates>
                    </LinearRing>
                </outerBoundaryIs>
            </Polygon>
        </Placemark>
        <Placemark id="3004906">
            <name>37809020005.0</name>
            <description>PIN: 37809020005.0&lt;br&gt;Wetland %: 24.87&lt;br&gt;Flood %: 71.64&lt;br&gt;Parcel area (m²): 6212.34</description>
            <styleUrl>#3004911</styleUrl>
            <ExtendedData>
                <Data name="PIN">
                    <value>37809020005.0</value>
                </Data>
                <Data name="Wetland_%">
                    <value>24.87</value>
                </Data>
                <Data name="Flood_%">
                    <value>71.64</value>
                </Data>
                <Data name="Parcel_area_m2">
                    <value>6212.34</value>
                </Data>
            </ExtendedData>
            <Polygon id="3004905">
                <outerBoundaryIs>
                    <LinearRing id="3004909">
                        <coordinates>-79.17415278561614,33.79528167587757,0.0 -79.1745087903696,33.79514570070772,0.0 -79.17438439398587,33.79487824784154,0.0 -79.17449214224564,33.79484324123895,0.0 -79.17449545920596,33.79484208704479,0.0 -79.17449877142354,33.794841105942794,0.0 -79.17459409027259,33.79481004025575,0.0 -79.17462144510841,33.79480099372551,0.0 -79.17495241631985,33.79557592458618,0.0 -79.17440427031104,33.795806141675016,0.0 -79.17415278561614,33.79528167587757,0.0</coordinates>
                    </LinearRing>
                </outerBoundaryIs>
            </Polygon>
        </Placemark>
        <Placemark id="3004920">
            <name>37800000024.0</name>
            <description>PIN: 37800000024.0&lt;br&gt;Wetland %: 39.13&lt;br&gt;Flood %: 63.75&lt;br&gt;Parcel area (m²): 674351.55</description>
            <styleUrl>#3004925</styleUrl>
            <ExtendedData>
                <Data name="PIN">
                    <value>37800000024.0</value>
                </Data>
                <Data name="Wetland_%">
                    <value>39.13</value>
                </Data>
                <Data name="Flood_%">
                    <value>63.75</value>
                </Data>
                <Data name="Parcel_area_m2">
                    <value>674351.55</value>
                </Data>
            </ExtendedData>
            <Polygon id="3004919">
                <outerBoundaryIs>
                    <LinearRing id="3004923">
                        <coordinates>-79.1765762944602,33.801646068479315,0.0 -79.17653786590029,33.801623255592986,0.0 -79.17650554546579,33.80159062908205,0.0 -79.17645672519082,33.80155775858529,0.0 -79.17634900110772,33.80150898493967,0.0 -79.17631787199285,33.80150182621244,0.0 -79.17626246897875,33.80147455044623,0.0 -79.17617619703218,33.801466750576125,0.0 -79.17607346733718,33.801458709041476,0.0 -79.17599446497891,33.80145754490591,0.0 -79.17594687710812,33.801450142649166,0.0 -79.17590779032035,33.801429809064736,0.0 -79.17589285393626,33.80139659891181,0.0 -79.1758615981294,33.801356452668195,0.0 -79.17581538784185,33.80132278432722,0.0 -79.1757525807857,33.801295400114256,0.0 -79.17570526795937,33.80127494522992,0.0 -79.17567413684148,33.801267785407084,0.0 -79.17557084915764,33.80128619292027,0.0 -79.17551529341401,33.80130513165017,0.0 -79.17541200711469,33.80132336769414,0.0 -79.17530871928933,33.80134177589001,0.0 -79.1752213496142,33.801347015756306,0.0 -79.17511011462766,33.80135190552234,0.0 -79.17498392503023,33.80136327390042,0.0 -79.17490043299514,33.80140546321661,0.0 -79.17482064034725,33.8014672887509,0.0 -79.17470630947828,33.8015159136086,0.0 -79.17422778222284,33.80150440182821,0.0 -79.17363100051185,33.80133052851029,0.0 -79.17336029714512,33.80129334283732,0.0 -79.1725631092847,33.80100253819354,0.0 -79.17236418550348,33.80092652594392,0.0 -79.17220896090102,33.80092371083075,0.0 -79.17199273035979,33.800950363778284,0.0 -79.17145468106554,33.801189994080715,0.0 -79.17068029744998,33.79937223903169,0.0 -79.17058638252253,33.799108918082545,0.0 -79.17045877345448,33.79879887013677,0.0 -79.17044710892448,33.79877053182122,0.0 -79.17020007547191,33.79815334864177,0.0 -79.16995975770854,33.797570161532654,0.0 -79.16995660263345,33.797562504766994,0.0 -79.16989195714065,33.7973868292053,0.0 -79.16984452815666,33.79725794550844,0.0 -79.17036775952421,33.797077892929615,0.0 -79.17036788575092,33.79707784970118,0.0 -79.17076750050478,33.79693741878914,0.0 -79.17121589410937,33.796777816226495,0.0 -79.1712328012676,33.7967717979221,0.0 -79.1712328709938,33.79677177009196,0.0 -79.17168895850045,33.796610335046886,0.0 -79.17168891539868,33.79661022798762,0.0 -79.17140567806256,33.79589142064509,0.0 -79.17140540533109,33.795890731182084,0.0 -79.1714170204043,33.795886435736996,0.0 -79.17155434391441,33.79583741135626,0.0 -79.17157461027604,33.7958301763828,0.0 -79.17186569133769,33.796544043207476,0.0 -79.17221455832214,33.79643477678126,0.0 -79.17220657039842,33.79637101541612,0.0 -79.17218491989505,33.796046479305836,0.0 -79.17309615465355,33.795728520097654,0.0 -79.17299397329455,33.7953321768536,0.0 -79.1730457302612,33.795317400428914,0.0 -79.17314937976933,33.79528164634246,0.0 -79.17325381929562,33.79524745236886,0.0 -79.17330717035952,33.7956045723129,0.0 -79.17415278561614,33.79528167587757,0.0 -79.17440427031104,33.795806141675016,0.0 -79.17495241631985,33.79557592458618,0.0 -79.17462144510841,33.79480099372551,0.0 -79.1757063832034,33.79444845739195,0.0 -79.17599543745142,33.79435805465952,0.0 -79.17600732214702,33.79464801839848,0.0 -79.17603478956165,33.794781203337195,0.0 -79.17588403232314,33.79485664299445,0.0 -79.17601972136401,33.79505370256327,0.0 -79.17598282596263,33.79512145866025,0.0 -79.1760361435527,33.79517605450682,0.0 -79.17614574120338,33.79524374080178,0.0 -79.17628598784815,33.79527098529112,0.0 -79.176322623281,33.79530157953253,0.0 -79.17638596878201,33.79536487465524,0.0 -79.17647715410827,33.79536418706913,0.0 -79.17651526089246,33.79532399587802,0.0 -79.17652354462707,33.795202432784826,0.0 -79.17658217396274,33.79515425018014,0.0 -79.17672176074409,33.79516553821305,0.0 -79.17680116800977,33.79515815715628,0.0 -79.17685141071694,33.79520845856555,0.0 -79.17683815547642,33.79527914161346,0.0 -79.17670493706513,33.7953523703464,0.0 -79.17668001216656,33.79539773870005,0.0 -79.1766901900436,33.795454634380334,0.0 -79.17686505373771,33.795484673528584,0.0 -79.17694766078166,33.79553614154949,0.0 -79.177050581213,33.795621277562205,0.0 -79.17711979982239,33.7958561974334,0.0 -79.17713535627416,33.795986270104514,0.0 -79.17726292633732,33.796006883695306,0.0 -79.17721564286519,33.79620368766875,0.0 -79.17739674656785,33.79614030864226,0.0 -79.17753845280701,33.796186807684386,0.0 -79.17753478175017,33.79629585290881,0.0 -79.17758861425627,33.79641196511693,0.0 -79.17745346481078,33.79654791580181,0.0 -79.1775990441885,33.79675224581135,0.0 -79.17767239996097,33.79687385560967,0.0 -79.17766488695574,33.796918188099234,0.0 -79.17771229567059,33.79698096105196,0.0 -79.17787202022822,33.79702964687534,0.0 -79.1777258594512,33.797223531585736,0.0 -79.17772938919794,33.79734231313423,0.0 -79.17782253965889,33.79742314149081,0.0 -79.17785297183795,33.79762291604127,0.0 -79.17788594631512,33.79791223738919,0.0 -79.17795428395853,33.79789060335482,0.0 -79.17807002931588,33.79779667755741,0.0 -79.17820327208989,33.79781306802984,0.0 -79.17846460341842,33.79792246177551,0.0 -79.1785489284084,33.79803332051405,0.0 -79.17871088550943,33.79811739465704,0.0 -79.1785898706594,33.79826249852294,0.0 -79.17858798873586,33.79832753731626,0.0 -79.17860760134695,33.79845902762482,0.0 -79.17872129016897,33.79856112810699,0.0 -79.1788841768293,33.79859078061414,0.0 -79.17900506063506,33.79865296825338,0.0 -79.17914737636333,33.79865209110243,0.0 -79.17920454916936,33.798743751037065,0.0 -79.17928772511348,33.798879756712054,0.0 -79.17941992123052,33.798946038940876,0.0 -79.17950940110134,33.79896829408156,0.0 -79.17955318112566,33.79918369474617,0.0 -79.1793925830761,33.799236061724514,0.0 -79.17922256924541,33.79955724821277,0.0 -79.17930450075397,33.79988882813486,0.0 -79.17938037209848,33.79998372027076,0.0 -79.17951349599144,33.80001523212597,0.0 -79.17964980999398,33.8000592917717,0.0 -79.17973917642682,33.80010100952432,0.0 -79.18004433234978,33.800013808424644,0.0 -79.18021419300422,33.80001177385101,0.0 -79.18027492561995,33.800314064732994,0.0 -79.18048747897899,33.80060671225053,0.0 -79.1802084399873,33.8008795571661,0.0 -79.18009268745521,33.801087630894436,0.0 -79.18003787545592,33.80119094211218,0.0 -79.17958174236999,33.80159954242779,0.0 -79.1794014538127,33.80154858140945,0.0 -79.17898258686705,33.80145014452404,0.0 -79.17866647143909,33.80143214024818,0.0 -79.17854333011434,33.80142512619367,0.0 -79.17844215199891,33.80125554228469,0.0 -79.17819387103798,33.80132373694805,0.0 -79.17809280129748,33.80146616305628,0.0 -79.17808259564826,33.80146610934247,0.0 -79.17786168785186,33.801464946390254,0.0 -79.17760080105663,33.80164072409123,0.0 -79.17744595939433,33.80160990235959,0.0 -79.17730930837067,33.801582700597926,0.0 -79.17712265993481,33.80163635950122,0.0 -79.17703805665374,33.8016760122112,0.0 -79.17689469742152,33.80166555299004,0.0 -79.17684662473634,33.80167602199929,0.0 -79.17676570839801,33.80169364348037,0.0 -79.1765762944602,33.801646068479315,0.0</coordinates>
                    </LinearRing>
                </outerBoundaryIs>
            </Polygon>
        </Placemark>
        <Placemark id="3004934">
            <name>26709030007.0</name>
            <description>PIN: 26709030007.0&lt;br&gt;Wetland %: 11.82&lt;br&gt;Flood %: 100.00&lt;br&gt;Parcel area (m²): 8088.66</description>
            <styleUrl>#3004939</styleUrl>
            <ExtendedData>
                <Data name="PIN">
                    <value>26709030007.0</value>
                </Data>
                <Data name="Wetland_%">
                    <value>11.82</value>
                </Data>
                <Data name="Flood_%">
                    <value>100.00</value>
                </Data>
                <Data name="Parcel_area_m2">
                    <value>8088.66</value>
                </Data>
            </ExtendedData>
            <Polygon id="3004933">
                <outerBoundaryIs>
                    <LinearRing id="3004937">
                        <coordinates>-78.77288514736706,33.92452875832946,0.0 -78.77305202061203,33.923777863626455,0.0 -78.77339639003962,33.92383653424546,0.0 -78.77375327804049,33.92390164393005,0.0 -78.77358841000029,33.9246364688182,0.0 -78.77325620458151,33.9245855890148,0.0 -78.77288514736706,33.92452875832946,0.0</coordinates>
                    </LinearRing>
                </outerBoundaryIs>
            </Polygon>
        </Placemark>
        <Placemark id="3004948">
            <name>43900000016.0</name>
            <description>PIN: 43900000016.0&lt;br&gt;Wetland %: 10.90&lt;br&gt;Flood %: 63.09&lt;br&gt;Parcel area (m²): 325190.05</description>
            <styleUrl>#3004953</styleUrl>
            <ExtendedData>
                <Data name="PIN">
                    <value>43900000016.0</value>
                </Data>
                <Data name="Wetland_%">
                    <value>10.90</value>
                </Data>
                <Data name="Flood_%">
                    <value>63.09</value>
                </Data>
                <Data name="Parcel_area_m2">
                    <value>325190.05</value>
                </Data>
            </ExtendedData>
            <Polygon id="3004947">
                <outerBoundaryIs>
                    <LinearRing id="3004951">
                        <coordinates>-79.03736246838322,33.690999405534754,0.0 -79.03774726225113,33.6902022666423,0.0 -79.03789220517233,33.6899019993092,0.0 -79.03789923300583,33.68988695941286,0.0 -79.0379086230905,33.689866864739656,0.0 -79.038165716146,33.689334532211326,0.0 -79.03819657891341,33.689345847825166,0.0 -79.03829943521272,33.68938356075878,0.0 -79.0382994850644,33.68938345602464,0.0 -79.03851409761843,33.68893556876187,0.0 -79.03856237025686,33.68883482571872,0.0 -79.03858038161842,33.688537002573526,0.0 -79.03861330545813,33.68845796251889,0.0 -79.0389165885486,33.68779586893155,0.0 -79.03906994782722,33.68746968342963,0.0 -79.03911789485902,33.687362258949214,0.0 -79.03953334905178,33.68746042926692,0.0 -79.03953689533908,33.687005617376,0.0 -79.03919821569852,33.6866724667817,0.0 -79.03909576883424,33.68663680479253,0.0 -79.03906619926319,33.68660981278339,0.0 -79.03955885504176,33.68652680411495,0.0 -79.03978698954974,33.68614658322126,0.0 -79.04012768715036,33.68631280696811,0.0 -79.04033742192725,33.68641733182245,0.0 -79.04066297755882,33.68649001702168,0.0 -79.04096634544308,33.68663485550489,0.0 -79.04113056206847,33.6867890012592,0.0 -79.04130797703218,33.686796279851066,0.0 -79.04144570840518,33.68681323843902,0.0 -79.04179424904727,33.68692391221691,0.0 -79.04193206730417,33.686937097979104,0.0 -79.04195995801771,33.68693976662993,0.0 -79.04224572160686,33.686954602756686,0.0 -79.04252488452987,33.6869705341582,0.0 -79.04279175787923,33.68698455397848,0.0 -79.04298880005443,33.6869964367834,0.0 -79.04302397539084,33.68700420997165,0.0 -79.04305732700914,33.68701985784709,0.0 -79.0431446308041,33.687085498498874,0.0 -79.04332077130972,33.68722161744725,0.0 -79.04338422065159,33.6872877416623,0.0 -79.04347572564792,33.68742200388116,0.0 -79.04364048333845,33.687588868283264,0.0 -79.04374601260541,33.687720946803964,0.0 -79.04375824902353,33.687761518724116,0.0 -79.04377221047223,33.68794369307698,0.0 -79.0437710423466,33.68796873817876,0.0 -79.04376741899686,33.68804636361884,0.0 -79.04375327104512,33.68812654992215,0.0 -79.04374560136606,33.68814721069606,0.0 -79.0437348843417,33.68817608667801,0.0 -79.04370136216345,33.68824050286461,0.0 -79.0436488514246,33.68833957803064,0.0 -79.04361719612454,33.688399304870096,0.0 -79.04360817126823,33.68842982657702,0.0 -79.0435700090102,33.68855886254872,0.0 -79.04354212278948,33.6886285223914,0.0 -79.04351570022597,33.688669856095764,0.0 -79.04346295408281,33.68871180405559,0.0 -79.04340210439136,33.68874864059513,0.0 -79.04333146531465,33.68878205718439,0.0 -79.04321459144785,33.688824020861915,0.0 -79.04320431113345,33.68882855805715,0.0 -79.04312739568199,33.68886250291751,0.0 -79.04307446191743,33.68890633727732,0.0 -79.04307189555743,33.68890846217107,0.0 -79.04306204243363,33.6889166210319,0.0 -79.04303832246725,33.688947516154236,0.0 -79.04301247282741,33.688991691769836,0.0 -79.04294338874358,33.689109754946934,0.0 -79.0429013432589,33.68922369144831,0.0 -79.04287350430877,33.68927437359254,0.0 -79.04283561710123,33.68934334641257,0.0 -79.04275042104258,33.68949844266078,0.0 -79.04267309367583,33.689609242749576,0.0 -79.04265262857315,33.68964156477195,0.0 -79.04262772164451,33.68968859178852,0.0 -79.04260942348803,33.68973417754746,0.0 -79.04260488222491,33.68975317593507,0.0 -79.04260620572245,33.689767285857705,0.0 -79.0426191314485,33.689813709659596,0.0 -79.04261896798779,33.689820923370746,0.0 -79.04261555213081,33.68982653878155,0.0 -79.04261175465078,33.68985161439,0.0 -79.04260781746396,33.68987761767047,0.0 -79.04263347543554,33.689942627909005,0.0 -79.0426576959834,33.68999850954945,0.0 -79.0426669590028,33.69002511417925,0.0 -79.04268126560312,33.690083072002324,0.0 -79.04271013828246,33.690151397186916,0.0 -79.04280533784289,33.690340355993186,0.0 -79.0428378462415,33.690393275208635,0.0 -79.04285088289672,33.69041690729681,0.0 -79.0428591698365,33.6904319283707,0.0 -79.04286053955487,33.69043780986029,0.0 -79.04286966025695,33.6904769390481,0.0 -79.04298331675746,33.69072220302614,0.0 -79.04303061399182,33.69084820655111,0.0 -79.04305720623266,33.690908247437164,0.0 -79.0430842987013,33.69094630461149,0.0 -79.04309294625786,33.6909637954332,0.0 -79.04310213059556,33.69099383601077,0.0 -79.04327492264947,33.691289124826085,0.0 -79.04158716562152,33.69102441908822,0.0 -79.04149091758717,33.69157780158449,0.0 -79.04106819787371,33.69153308573054,0.0 -79.04025754631884,33.6914240196962,0.0 -79.03933779229499,33.691304111193205,0.0 -79.03879156036814,33.69124544820245,0.0 -79.03869313470592,33.69123512353274,0.0 -79.03825153477598,33.69116694963183,0.0 -79.03772752450318,33.69107114061907,0.0 -79.03753838872964,33.6910365599851,0.0 -79.03736246838322,33.690999405534754,0.0</coordinates>
                    </LinearRing>
                </outerBoundaryIs>
            </Polygon>
        </Placemark>
        <Placemark id="3004962">
            <name>45716040004.0</name>
            <description>PIN: 45716040004.0&lt;br&gt;Wetland %: 0.00&lt;br&gt;Flood %: 100.00&lt;br&gt;Parcel area (m²): 5948.81</description>
            <styleUrl>#3004967</styleUrl>
            <ExtendedData>
                <Data name="PIN">
                    <value>45716040004.0</value>
                </Data>
                <Data name="Wetland_%">
                    <value>0.00</value>
                </Data>
                <Data name="Flood_%">
                    <value>100.00</value>
                </Data>
                <Data name="Parcel_area_m2">
                    <value>5948.81</value>
                </Data>
            </ExtendedData>
            <Polygon id="3004961">
                <outerBoundaryIs>
                    <LinearRing id="3004965">
                        <coordinates>-79.04814801272124,33.61930324566787,0.0 -79.04849799164974,33.61893313117679,0.0 -79.04849810651574,33.618933009426726,0.0 -79.04861365268552,33.61901467416559,0.0 -79.04873259579692,33.6190987374844,0.0 -79.04879653810696,33.619137355555644,0.0 -79.04883308953625,33.61915942965681,0.0 -79.0489322374164,33.61920471800617,0.0 -79.04899245693454,33.619232223969284,0.0 -79.04909756855176,33.61927030974158,0.0 -79.04908842592357,33.619291981304784,0.0 -79.04888579936063,33.61977228382191,0.0 -79.04813455681769,33.61931712123413,0.0 -79.04814801272124,33.61930324566787,0.0</coordinates>
                    </LinearRing>
                </outerBoundaryIs>
            </Polygon>
        </Placemark>
        <Placemark id="3004976">
            <name>45700000024.0</name>
            <description>PIN: 45700000024.0&lt;br&gt;Wetland %: 56.40&lt;br&gt;Flood %: 100.00&lt;br&gt;Parcel area (m²): 68042.45</description>
            <styleUrl>#3004981</styleUrl>
            <ExtendedData>
                <Data name="PIN">
                    <value>45700000024.0</value>
                </Data>
                <Data name="Wetland_%">
                    <value>56.40</value>
                </Data>
                <Data name="Flood_%">
                    <value>100.00</value>
                </Data>
                <Data name="Parcel_area_m2">
                    <value>68042.45</value>
                </Data>
            </ExtendedData>
            <Polygon id="3004975">
                <outerBoundaryIs>
                    <LinearRing id="3004979">
                        <coordinates>-79.04548222260271,33.621221279976545,0.0 -79.04588586492069,33.62087697474741,0.0 -79.04667519731767,33.62023613337287,0.0 -79.04708271061185,33.619889231156826,0.0 -79.04730796910505,33.619757949830515,0.0 -79.0476810269858,33.61950772041691,0.0 -79.04775009500463,33.61964488957627,0.0 -79.04756087612826,33.61976624378282,0.0 -79.04732914609937,33.61991486304794,0.0 -79.04755458167968,33.62004495637907,0.0 -79.04791997037711,33.62025581244198,0.0 -79.04792517434934,33.620258815148446,0.0 -79.04895481340866,33.62071318513062,0.0 -79.04867587576238,33.62110308243567,0.0 -79.04841441651298,33.62146782347174,0.0 -79.04827229096496,33.621674223868126,0.0 -79.04807482948692,33.621960985000214,0.0 -79.04797314835577,33.62210864900696,0.0 -79.04787146687734,33.62225631292684,0.0 -79.04780724516691,33.62234957703231,0.0 -79.04548222260271,33.621221279976545,0.0</coordinates>
                    </LinearRing>
                </outerBoundaryIs>
            </Polygon>
        </Placemark>
        <Placemark id="3004990">
            <name>46305020060.0</name>
            <description>PIN: 46305020060.0&lt;br&gt;Wetland %: 0.00&lt;br&gt;Flood %: 100.00&lt;br&gt;Parcel area (m²): 1175.23</description>
            <styleUrl>#3004995</styleUrl>
            <ExtendedData>
                <Data name="PIN">
                    <value>46305020060.0</value>
                </Data>
                <Data name="Wetland_%">
                    <value>0.00</value>
                </Data>
                <Data name="Flood_%">
                    <value>100.00</value>
                </Data>
                <Data name="Parcel_area_m2">
                    <value>1175.23</value>
                </Data>
            </ExtendedData>
            <Polygon id="3004989">
                <outerBoundaryIs>
                    <LinearRing id="3004993">
                        <coordinates>-79.02085025719997,33.607597801494,0.0 -79.02101357437013,33.60746021394769,0.0 -79.02130127150132,33.60769861115001,0.0 -79.02130134662329,33.60769867278362,0.0 -79.02129967412753,33.60770001964071,0.0 -79.02116649745895,33.6078126612245,0.0 -79.02115241639157,33.60782439622191,0.0 -79.02113635407537,33.60783778068679,0.0 -79.02085025719997,33.607597801494,0.0</coordinates>
                    </LinearRing>
                </outerBoundaryIs>
            </Polygon>
        </Placemark>
        <Placemark id="3005004">
            <name>46305020058.0</name>
            <description>PIN: 46305020058.0&lt;br&gt;Wetland %: 0.00&lt;br&gt;Flood %: 100.00&lt;br&gt;Parcel area (m²): 1187.46</description>
            <styleUrl>#3005009</styleUrl>
            <ExtendedData>
                <Data name="PIN">
                    <value>46305020058.0</value>
                </Data>
                <Data name="Wetland_%">
                    <value>0.00</value>
                </Data>
                <Data name="Flood_%">
                    <value>100.00</value>
                </Data>
                <Data name="Parcel_area_m2">
                    <value>1187.46</value>
                </Data>
            </ExtendedData>
            <Polygon id="3005003">
                <outerBoundaryIs>
                    <LinearRing id="3005007">
                        <coordinates>-79.02117923702325,33.607315729659966,0.0 -79.02134393494472,33.6071772501474,0.0 -79.0216342150155,33.607417754312,0.0 -79.02161234954562,33.607436170694584,0.0 -79.02146974348871,33.60755628022497,0.0 -79.02117923702325,33.607315729659966,0.0</coordinates>
                    </LinearRing>
                </outerBoundaryIs>
            </Polygon>
        </Placemark>
        <Placemark id="3005018">
            <name>24900000024.0</name>
            <description>PIN: 24900000024.0&lt;br&gt;Wetland %: 47.69&lt;br&gt;Flood %: 100.00&lt;br&gt;Parcel area (m²): 196665.20</description>
            <styleUrl>#3005023</styleUrl>
            <ExtendedData>
                <Data name="PIN">
                    <value>24900000024.0</value>
                </Data>
                <Data name="Wetland_%">
                    <value>47.69</value>
                </Data>
                <Data name="Flood_%">
                    <value>100.00</value>
                </Data>
                <Data name="Parcel_area_m2">
                    <value>196665.20</value>
                </Data>
            </ExtendedData>
            <Polygon id="3005017">
                <outerBoundaryIs>
                    <LinearRing id="3005021">
                        <coordinates>-79.0423272202449,33.94774119448634,0.0 -79.04013598912255,33.947279971153996,0.0 -79.03971333837464,33.9471910044305,0.0 -79.03871034316488,33.94669580005652,0.0 -79.03880954718505,33.94617782116733,0.0 -79.03886260944368,33.945984174210864,0.0 -79.0386950179258,33.94581177737345,0.0 -79.03883098944169,33.945815647104666,0.0 -79.03891885432981,33.945904141965265,0.0 -79.0390370020078,33.945821653479804,0.0 -79.04327097730815,33.94594541214608,0.0 -79.04644198488393,33.94603638997292,0.0 -79.04646420862025,33.94643761501036,0.0 -79.0464837351091,33.94710760251649,0.0 -79.04649165925524,33.94726310253251,0.0 -79.04649998788126,33.94744122795893,0.0 -79.04650280999562,33.947789354070665,0.0 -79.0458511206691,33.94794539458435,0.0 -79.04578221776717,33.94792936186158,0.0 -79.04531077408555,33.94784616411229,0.0 -79.04362735756958,33.94800774407005,0.0 -79.0423272202449,33.94774119448634,0.0</coordinates>
                    </LinearRing>
                </outerBoundaryIs>
            </Polygon>
        </Placemark>
        <Placemark id="3005032">
            <name>27501010001.0</name>
            <description>PIN: 27501010001.0&lt;br&gt;Wetland %: 72.19&lt;br&gt;Flood %: 100.00&lt;br&gt;Parcel area (m²): 23433.98</description>
            <styleUrl>#3005037</styleUrl>
            <ExtendedData>
                <Data name="PIN">
                    <value>27501010001.0</value>
                </Data>
                <Data name="Wetland_%">
                    <value>72.19</value>
                </Data>
                <Data name="Flood_%">
                    <value>100.00</value>
                </Data>
                <Data name="Parcel_area_m2">
                    <value>23433.98</value>
                </Data>
            </ExtendedData>
            <Polygon id="3005031">
                <outerBoundaryIs>
                    <LinearRing id="3005035">
                        <coordinates>-79.0390370020078,33.945821653479804,0.0 -79.03917446312444,33.9457238353688,0.0 -79.03902687780108,33.94557821283162,0.0 -79.04030510162318,33.945537602204624,0.0 -79.04138610617323,33.94550313989678,0.0 -79.04228804094224,33.94547443310295,0.0 -79.04294982465366,33.945454297793624,0.0 -79.04329477517497,33.94544238989106,0.0 -79.04327097730815,33.94594541214608,0.0 -79.0390370020078,33.945821653479804,0.0</coordinates>
                    </LinearRing>
                </outerBoundaryIs>
            </Polygon>
        </Placemark>
        <Placemark id="3005046">
            <name>26709040001.0</name>
            <description>PIN: 26709040001.0&lt;br&gt;Wetland %: 0.00&lt;br&gt;Flood %: 100.00&lt;br&gt;Parcel area (m²): 2944.03</description>
            <styleUrl>#3005051</styleUrl>
            <ExtendedData>
                <Data name="PIN">
                    <value>26709040001.0</value>
                </Data>
                <Data name="Wetland_%">
                    <value>0.00</value>
                </Data>
                <Data name="Flood_%">
                    <value>100.00</value>
                </Data>
                <Data name="Parcel_area_m2">
                    <value>2944.03</value>
                </Data>
            </ExtendedData>
            <Polygon id="3005045">
                <outerBoundaryIs>
                    <LinearRing id="3005049">
                        <coordinates>-78.77706951882328,33.9245062226092,0.0 -78.77707161645559,33.92449872732137,0.0 -78.77730861820133,33.92454190276195,0.0 -78.77743288433696,33.92511120931307,0.0 -78.77743700356022,33.92512893661159,0.0 -78.77708560591158,33.925065229516456,0.0 -78.77708354315136,33.92496588752092,0.0 -78.77694829691843,33.92493948338438,0.0 -78.77706951882328,33.9245062226092,0.0</coordinates>
                    </LinearRing>
                </outerBoundaryIs>
            </Polygon>
        </Placemark>
        <Placemark id="3005060">
            <name>26709020006.0</name>
            <description>PIN: 26709020006.0&lt;br&gt;Wetland %: 0.00&lt;br&gt;Flood %: 100.00&lt;br&gt;Parcel area (m²): 15695.52</description>
            <styleUrl>#3005065</styleUrl>
            <ExtendedData>
                <Data name="PIN">
                    <value>26709020006.0</value>
                </Data>
                <Data name="Wetland_%">
                    <value>0.00</value>
                </Data>
                <Data name="Flood_%">
                    <value>100.00</value>
                </Data>
                <Data name="Parcel_area_m2">
                    <value>15695.52</value>
                </Data>
            </ExtendedData>
            <Polygon id="3005059">
                <outerBoundaryIs>
                    <LinearRing id="3005063">
                        <coordinates>-78.77605427295882,33.92538830306475,0.0 -78.77634851506856,33.9243758801086,0.0 -78.77660674490005,33.924422028057336,0.0 -78.77661049028431,33.92442270945219,0.0 -78.77706951882328,33.9245062226092,0.0 -78.77694829691843,33.92493948338438,0.0 -78.77708354315136,33.92496588752092,0.0 -78.77708560591158,33.925065229516456,0.0 -78.77743700356022,33.92512893661159,0.0 -78.77750861302539,33.92545766015177,0.0 -78.77751679946121,33.92556843381708,0.0 -78.77605427295882,33.92538830306475,0.0</coordinates>
                    </LinearRing>
                </outerBoundaryIs>
            </Polygon>
        </Placemark>
        <Placemark id="3005074">
            <name>43605040006.0_1</name>
            <description>PIN: 43605040006.0&lt;br&gt;Wetland %: 10.92&lt;br&gt;Flood %: 0.00&lt;br&gt;Parcel area (m²): 29706.33</description>
            <styleUrl>#3005079</styleUrl>
            <ExtendedData>
                <Data name="PIN">
                    <value>43605040006.0</value>
                </Data>
                <Data name="Wetland_%">
                    <value>10.92</value>
                </Data>
                <Data name="Flood_%">
                    <value>0.00</value>
                </Data>
                <Data name="Parcel_area_m2">
                    <value>29706.33</value>
                </Data>
            </ExtendedData>
            <Polygon id="3005073">
                <outerBoundaryIs>
                    <LinearRing id="3005077">
                        <coordinates>-79.1200412869919,33.6865817431036,0.0 -79.12068793389392,33.686144459969874,0.0 -79.12091690223173,33.68642748230981,0.0 -79.12101582373343,33.68667932084414,0.0 -79.12103374734988,33.6867249513711,0.0 -79.12106404820176,33.68686779326166,0.0 -79.12104527580355,33.68688831593912,0.0 -79.12107203032465,33.68690541881505,0.0 -79.12108742399018,33.68697798527238,0.0 -79.12051405709447,33.68760478699385,0.0 -79.12047541067183,33.687579163203814,0.0 -79.12002598315613,33.68728496068312,0.0 -79.11950893279123,33.68694213382979,0.0 -79.119916126178,33.68666637895872,0.0 -79.11992159241785,33.68666268308313,0.0 -79.1200412869919,33.6865817431036,0.0</coordinates>
                    </LinearRing>
                </outerBoundaryIs>
            </Polygon>
        </Placemark>
        <Placemark id="3005083">
            <name>43605040006.0_2</name>
            <styleUrl>#3005088</styleUrl>
            <Polygon id="3005082">
                <outerBoundaryIs>
                    <LinearRing id="3005086">
                        <coordinates>-79.12021058917581,33.6883437623547,0.0 -79.12094900417237,33.68753654063171,0.0 -79.12169169759815,33.68814984359256,0.0 -79.12053633676162,33.688653569054,0.0 -79.1201941725647,33.68836170788969,0.0 -79.12021058917581,33.6883437623547,0.0</coordinates>
                    </LinearRing>
                </outerBoundaryIs>
            </Polygon>
        </Placemark>
        <Placemark id="3005097">
            <name>43612010001.0</name>
            <description>PIN: 43612010001.0&lt;br&gt;Wetland %: 12.78&lt;br&gt;Flood %: 0.00&lt;br&gt;Parcel area (m²): 11216.88</description>
            <styleUrl>#3005102</styleUrl>
            <ExtendedData>
                <Data name="PIN">
                    <value>43612010001.0</value>
                </Data>
                <Data name="Wetland_%">
                    <value>12.78</value>
                </Data>
                <Data name="Flood_%">
                    <value>0.00</value>
                </Data>
                <Data name="Parcel_area_m2">
                    <value>11216.88</value>
                </Data>
            </ExtendedData>
            <Polygon id="3005096">
                <outerBoundaryIs>
                    <LinearRing id="3005100">
                        <coordinates>-79.1194903908645,33.68613226061702,0.0 -79.11968271353929,33.685945675455905,0.0 -79.12006269745204,33.68559785467725,0.0 -79.12039318661303,33.68529533723536,0.0 -79.1203678241278,33.68559201908872,0.0 -79.12037741598112,33.685717933063366,0.0 -79.12044516017856,33.68581603872426,0.0 -79.12057664345693,33.686007376422424,0.0 -79.12068793389392,33.686144459969874,0.0 -79.1200412869919,33.6865817431036,0.0 -79.11992159241785,33.68666268308313,0.0 -79.119916126178,33.68666637895872,0.0 -79.11991307742457,33.68666255357488,0.0 -79.1194903908645,33.68613226061702,0.0</coordinates>
                    </LinearRing>
                </outerBoundaryIs>
            </Polygon>
        </Placemark>
        <Placemark id="3005111">
            <name>43709010018.0_1</name>
            <description>PIN: 43709010018.0&lt;br&gt;Wetland %: 0.00&lt;br&gt;Flood %: 0.06&lt;br&gt;Parcel area (m²): 2885.67</description>
            <styleUrl>#3005116</styleUrl>
            <ExtendedData>
                <Data name="PIN">
                    <value>43709010018.0</value>
                </Data>
                <Data name="Wetland_%">
                    <value>0.00</value>
                </Data>
                <Data name="Flood_%">
                    <value>0.06</value>
                </Data>
                <Data name="Parcel_area_m2">
                    <value>2885.67</value>
                </Data>
            </ExtendedData>
            <Polygon id="3005110">
                <outerBoundaryIs>
                    <LinearRing id="3005114">
                        <coordinates>-79.1149540569023,33.685506852321645,0.0 -79.11505653067427,33.685305108325245,0.0 -79.11546977444614,33.6855860842547,0.0 -79.11529181315578,33.68591779511659,0.0 -79.11529162419453,33.68591814849133,0.0 -79.11504652015951,33.685621981911765,0.0 -79.11504568511201,33.68562143795099,0.0 -79.11504490006627,33.68562092631967,0.0 -79.11495279588878,33.685509216849105,0.0 -79.1149540569023,33.685506852321645,0.0</coordinates>
                    </LinearRing>
                </outerBoundaryIs>
            </Polygon>
        </Placemark>
        <Placemark id="3005120">
            <name>43709010018.0_2</name>
            <styleUrl>#3005125</styleUrl>
            <Polygon id="3005119">
                <outerBoundaryIs>
                    <LinearRing id="3005123">
                        <coordinates>-79.11476602725165,33.685855152042166,0.0 -79.11485389927935,33.68570873166863,0.0 -79.11493882176535,33.68581053871071,0.0 -79.11493911711659,33.685810896764906,0.0 -79.11520475669016,33.686131592141244,0.0 -79.11476602725165,33.685855152042166,0.0</coordinates>
                    </LinearRing>
                </outerBoundaryIs>
            </Polygon>
        </Placemark>
        <Placemark id="3005134">
            <name>43600000030.0</name>
            <description>PIN: 43600000030.0&lt;br&gt;Wetland %: 5.71&lt;br&gt;Flood %: 0.40&lt;br&gt;Parcel area (m²): 210233.50</description>
            <styleUrl>#3005139</styleUrl>
            <ExtendedData>
                <Data name="PIN">
                    <value>43600000030.0</value>
                </Data>
                <Data name="Wetland_%">
                    <value>5.71</value>
                </Data>
                <Data name="Flood_%">
                    <value>0.40</value>
                </Data>
                <Data name="Parcel_area_m2">
                    <value>210233.50</value>
                </Data>
            </ExtendedData>
            <Polygon id="3005133">
                <outerBoundaryIs>
                    <LinearRing id="3005137">
                        <coordinates>-79.1165725957328,33.68633506031464,0.0 -79.11606187392631,33.68598866237137,0.0 -79.11580328009434,33.685812840590465,0.0 -79.11604133333643,33.685380167459655,0.0 -79.11627884833602,33.68494846785695,0.0 -79.11544853873406,33.68463834176629,0.0 -79.11568301037168,33.68420964891748,0.0 -79.11574334984174,33.684101866481264,0.0 -79.11580596726256,33.68399499449742,0.0 -79.11587084242828,33.68388906873119,0.0 -79.11593795413344,33.68378412132478,0.0 -79.11600728221218,33.68368018624013,0.0 -79.1160788044009,33.68357729470121,0.0 -79.11615249839711,33.683475479735385,0.0 -79.11622834082017,33.68337477435327,0.0 -79.11630630834895,33.68327520886079,0.0 -79.11638637544655,33.68317681623565,0.0 -79.1164685177534,33.683079624963945,0.0 -79.11655270973343,33.68298366802339,0.0 -79.1166389237728,33.682888974752316,0.0 -79.11672713333644,33.68279557450543,0.0 -79.11681731081133,33.682703496621,0.0 -79.11690942750619,33.682612770420896,0.0 -79.11700345473041,33.682523425227025,0.0 -79.11709948102752,33.682432289451306,0.0 -79.11719368991092,33.6823398379866,0.0 -79.11728605492888,33.68224609658964,0.0 -79.11737655290494,33.682151089263044,0.0 -79.11746515734878,33.682054843566796,0.0 -79.11755184398653,33.68195738438871,0.0 -79.11763659062304,33.681858740255954,0.0 -79.11771937188689,33.68175893694159,0.0 -79.11773167231924,33.681744989461244,0.0 -79.11774518181625,33.681731847761924,0.0 -79.11775982545083,33.68171958375725,0.0 -79.11798233750042,33.681859285351614,0.0 -79.1179649388969,33.6819032268367,0.0 -79.11810374009094,33.68200696778667,0.0 -79.1182968157997,33.68217537677931,0.0 -79.11847525185055,33.682272435907485,0.0 -79.11860019997889,33.68232802058517,0.0 -79.11867106851403,33.682427545808316,0.0 -79.11900147934576,33.68265524230159,0.0 -79.11909129242781,33.68269018002506,0.0 -79.11919323574062,33.68270907593305,0.0 -79.11957150924187,33.682592521800544,0.0 -79.11993416001484,33.68275194705015,0.0 -79.1198782806509,33.68308183860842,0.0 -79.12013344633743,33.68340503373961,0.0 -79.12033911876159,33.68354341598002,0.0 -79.1203695182537,33.68389651902186,0.0 -79.12034723208313,33.684269502649656,0.0 -79.12032577656778,33.68448956602469,0.0 -79.12035270628932,33.68454280507709,0.0 -79.11929289365486,33.68552854859567,0.0 -79.11844083201683,33.68632777970023,0.0 -79.11836675087352,33.68639636451425,0.0 -79.1176254675533,33.68587210546136,0.0 -79.11741608748966,33.685723444537004,0.0 -79.11738082097531,33.68569840515278,0.0 -79.11720670814661,33.685574783254395,0.0 -79.11720605847871,33.685575831303126,0.0 -79.11668768594706,33.686413136440876,0.0 -79.11668614115848,33.68641208923359,0.0 -79.1165725957328,33.68633506031464,0.0</coordinates>
                    </LinearRing>
                </outerBoundaryIs>
            </Polygon>
        </Placemark>
        <Placemark id="3005148">
            <name>44104040123.0</name>
            <description>PIN: 44104040123.0&lt;br&gt;Wetland %: 0.00&lt;br&gt;Flood %: 0.00&lt;br&gt;Parcel area (m²): 1661.39</description>
            <styleUrl>#3005153</styleUrl>
            <ExtendedData>
                <Data name="PIN">
                    <value>44104040123.0</value>
                </Data>
                <Data name="Wetland_%">
                    <value>0.00</value>
                </Data>
                <Data name="Flood_%">
                    <value>0.00</value>
                </Data>
                <Data name="Parcel_area_m2">
                    <value>1661.39</value>
                </Data>
            </ExtendedData>
            <Polygon id="3005147">
                <outerBoundaryIs>
                    <LinearRing id="3005151">
                        <coordinates>-78.95620126553646,33.69302571299877,0.0 -78.95640365748768,33.69322871393761,0.0 -78.95639419957575,33.693593674101514,0.0 -78.95639410202992,33.69359779705458,0.0 -78.95638915151527,33.693598573861685,0.0 -78.95615143569977,33.69363742643578,0.0 -78.95620126553646,33.69302571299877,0.0</coordinates>
                    </LinearRing>
                </outerBoundaryIs>
            </Polygon>
        </Placemark>
        <Placemark id="3005162">
            <name>20310020002.0</name>
            <description>PIN: 20310020002.0&lt;br&gt;Wetland %: 0.00&lt;br&gt;Flood %: 100.00&lt;br&gt;Parcel area (m²): 34766.70</description>
            <styleUrl>#3005167</styleUrl>
            <ExtendedData>
                <Data name="PIN">
                    <value>20310020002.0</value>
                </Data>
                <Data name="Wetland_%">
                    <value>0.00</value>
                </Data>
                <Data name="Flood_%">
                    <value>100.00</value>
                </Data>
                <Data name="Parcel_area_m2">
                    <value>34766.70</value>
                </Data>
            </ExtendedData>
            <Polygon id="3005161">
                <outerBoundaryIs>
                    <LinearRing id="3005165">
                        <coordinates>-79.19383973685866,34.016049254103606,0.0 -79.19379167691179,34.014965665301666,0.0 -79.19371601165699,34.01494652812882,0.0 -79.19316578861697,34.01480736658218,0.0 -79.19322592140537,34.01464380929551,0.0 -79.19338587977946,34.01420150278597,0.0 -79.19360764476696,34.01359102386192,0.0 -79.19425637762181,34.01375557982056,0.0 -79.19396311378563,34.014551785149024,0.0 -79.19458724080364,34.01471229710738,0.0 -79.19481394175568,34.01477059903339,0.0 -79.1948702371458,34.01603955330375,0.0 -79.19384527238489,34.01617405414021,0.0 -79.19383973685866,34.016049254103606,0.0</coordinates>
                    </LinearRing>
                </outerBoundaryIs>
            </Polygon>
        </Placemark>
        <Placemark id="3005176">
            <name>37900000007.0</name>
            <description>PIN: 37900000007.0&lt;br&gt;Wetland %: 18.05&lt;br&gt;Flood %: 100.00&lt;br&gt;Parcel area (m²): 167257.05</description>
            <styleUrl>#3005181</styleUrl>
            <ExtendedData>
                <Data name="PIN">
                    <value>37900000007.0</value>
                </Data>
                <Data name="Wetland_%">
                    <value>18.05</value>
                </Data>
                <Data name="Flood_%">
                    <value>100.00</value>
                </Data>
                <Data name="Parcel_area_m2">
                    <value>167257.05</value>
                </Data>
            </ExtendedData>
            <Polygon id="3005175">
                <outerBoundaryIs>
                    <LinearRing id="3005179">
                        <coordinates>-79.13187017219722,33.798917893222274,0.0 -79.1329525031431,33.797960130013,0.0 -79.13330221683124,33.79765496621166,0.0 -79.13398652819609,33.79705782165342,0.0 -79.13437984466657,33.796715289345045,0.0 -79.13449116410929,33.79678054878576,0.0 -79.13342729932754,33.80396019106164,0.0 -79.13242262095292,33.80421216915157,0.0 -79.13187017219722,33.798917893222274,0.0</coordinates>
                    </LinearRing>
                </outerBoundaryIs>
            </Polygon>
        </Placemark>
        <Placemark id="3005190">
            <name>37910010007.0</name>
            <description>PIN: 37910010007.0&lt;br&gt;Wetland %: 0.00&lt;br&gt;Flood %: 100.00&lt;br&gt;Parcel area (m²): 23455.11</description>
            <styleUrl>#3005195</styleUrl>
            <ExtendedData>
                <Data name="PIN">
                    <value>37910010007.0</value>
                </Data>
                <Data name="Wetland_%">
                    <value>0.00</value>
                </Data>
                <Data name="Flood_%">
                    <value>100.00</value>
                </Data>
                <Data name="Parcel_area_m2">
                    <value>23455.11</value>
                </Data>
            </ExtendedData>
            <Polygon id="3005189">
                <outerBoundaryIs>
                    <LinearRing id="3005193">
                        <coordinates>-79.13837974750268,33.79325844806919,0.0 -79.13861074753312,33.79460340090428,0.0 -79.13803678294249,33.79467047518972,0.0 -79.13746263667343,33.7947372645058,0.0 -79.13723315113532,33.79339467160252,0.0 -79.1378061400346,33.793326597990735,0.0 -79.13837974750268,33.79325844806919,0.0</coordinates>
                    </LinearRing>
                </outerBoundaryIs>
            </Polygon>
        </Placemark>
        <Placemark id="3005204">
            <name>37910010010.0</name>
            <description>PIN: 37910010010.0&lt;br&gt;Wetland %: 22.61&lt;br&gt;Flood %: 100.00&lt;br&gt;Parcel area (m²): 8636.78</description>
            <styleUrl>#3005209</styleUrl>
            <ExtendedData>
                <Data name="PIN">
                    <value>37910010010.0</value>
                </Data>
                <Data name="Wetland_%">
                    <value>22.61</value>
                </Data>
                <Data name="Flood_%">
                    <value>100.00</value>
                </Data>
                <Data name="Parcel_area_m2">
                    <value>8636.78</value>
                </Data>
            </ExtendedData>
            <Polygon id="3005203">
                <outerBoundaryIs>
                    <LinearRing id="3005207">
                        <coordinates>-79.13449116410929,33.79678054878576,0.0 -79.13437984466657,33.796715289345045,0.0 -79.13406193911446,33.796533985166384,0.0 -79.13405575635612,33.79653045935657,0.0 -79.13402785909253,33.795859113946534,0.0 -79.13464866816054,33.79579064284542,0.0 -79.13474052220643,33.79692673002876,0.0 -79.13449116410929,33.79678054878576,0.0</coordinates>
                    </LinearRing>
                </outerBoundaryIs>
            </Polygon>
        </Placemark>
        <Placemark id="3005218">
            <name>37906010003.0</name>
            <description>PIN: 37906010003.0&lt;br&gt;Wetland %: 2.53&lt;br&gt;Flood %: 100.00&lt;br&gt;Parcel area (m²): 27580.05</description>
            <styleUrl>#3005223</styleUrl>
            <ExtendedData>
                <Data name="PIN">
                    <value>37906010003.0</value>
                </Data>
                <Data name="Wetland_%">
                    <value>2.53</value>
                </Data>
                <Data name="Flood_%">
                    <value>100.00</value>
                </Data>
                <Data name="Parcel_area_m2">
                    <value>27580.05</value>
                </Data>
            </ExtendedData>
            <Polygon id="3005217">
                <outerBoundaryIs>
                    <LinearRing id="3005221">
                        <coordinates>-79.1273807751301,33.80103323324262,0.0 -79.12839964451905,33.80012858676445,0.0 -79.12939389275552,33.79924577447958,0.0 -79.12940673804265,33.799234486614026,0.0 -79.1295889628336,33.79907434327715,0.0 -79.13003420696745,33.79867895741859,0.0 -79.13027760578375,33.79845596175057,0.0 -79.13055899066624,33.798759402108004,0.0 -79.13049751788542,33.79879181299624,0.0 -79.13043743484648,33.79882599361468,0.0 -79.13037881698112,33.798861902716006,0.0 -79.13032173440003,33.7988994953647,0.0 -79.13026625611478,33.79893872751075,0.0 -79.13021245015511,33.79897955057991,0.0 -79.13016038135062,33.79902191414573,0.0 -79.13011011451158,33.79906576868365,0.0 -79.1300617080865,33.79911105916134,0.0 -79.13001522374445,33.79915773149724,0.0 -79.12997071675356,33.799205727905466,0.0 -79.12992824020304,33.79925499146903,0.0 -79.12988784835997,33.79930546077942,0.0 -79.12984958789339,33.799357076116806,0.0 -79.12981350557025,33.79940977325352,0.0 -79.12977964707822,33.7994634879455,0.0 -79.12973199512102,33.799525832755066,0.0 -79.1296824843755,33.79958715918192,0.0 -79.12963114483837,33.799647428895746,0.0 -79.12957800866671,33.799706603599006,0.0 -79.12952311017753,33.799764645026556,0.0 -79.12946648361037,33.799821518519884,0.0 -79.12940816432385,33.79987718763331,0.0 -79.12934818983686,33.799931615954,0.0 -79.12928659759048,33.79998477067543,0.0 -79.12923819172555,33.800026454178216,0.0 -79.1291882970592,33.800066896703896,0.0 -79.12913696085052,33.80010606108553,0.0 -79.12899146635036,33.80020823789758,0.0 -79.12895766573942,33.8002327959677,0.0 -79.1289255581379,33.80025888938852,0.0 -79.1288952446806,33.800286437618,0.0 -79.12886681692021,33.800315353655975,0.0 -79.12884036538844,33.80034554778113,0.0 -79.128815972056,33.80037692653515,0.0 -79.12879371249257,33.800409392755384,0.0 -79.12845303909074,33.80089260335042,0.0 -79.12843548566617,33.8009198149901,0.0 -79.12841571512182,33.80094594510496,0.0 -79.128393823091,33.80097086797315,0.0 -79.12796880855124,33.801421086906316,0.0 -79.12759025521277,33.80117352863932,0.0 -79.1273807751301,33.80103323324262,0.0</coordinates>
                    </LinearRing>
                </outerBoundaryIs>
            </Polygon>
        </Placemark>
        <Placemark id="3005232">
            <name>37906030009.0</name>
            <description>PIN: 37906030009.0&lt;br&gt;Wetland %: 8.75&lt;br&gt;Flood %: 100.00&lt;br&gt;Parcel area (m²): 2938.81</description>
            <styleUrl>#3005237</styleUrl>
            <ExtendedData>
                <Data name="PIN">
                    <value>37906030009.0</value>
                </Data>
                <Data name="Wetland_%">
                    <value>8.75</value>
                </Data>
                <Data name="Flood_%">
                    <value>100.00</value>
                </Data>
                <Data name="Parcel_area_m2">
                    <value>2938.81</value>
                </Data>
            </ExtendedData>
            <Polygon id="3005231">
                <outerBoundaryIs>
                    <LinearRing id="3005235">
                        <coordinates>-79.12333898596427,33.797013201594915,0.0 -79.12355289854527,33.79669565648568,0.0 -79.12405660620145,33.79709916997016,0.0 -79.12392820050998,33.79728987004132,0.0 -79.12333898596427,33.797013201594915,0.0</coordinates>
                    </LinearRing>
                </outerBoundaryIs>
            </Polygon>
        </Placemark>
        <Placemark id="3005246">
            <name>37906030007.0</name>
            <description>PIN: 37906030007.0&lt;br&gt;Wetland %: 12.23&lt;br&gt;Flood %: 100.00&lt;br&gt;Parcel area (m²): 2938.78</description>
            <styleUrl>#3005251</styleUrl>
            <ExtendedData>
                <Data name="PIN">
                    <value>37906030007.0</value>
                </Data>
                <Data name="Wetland_%">
                    <value>12.23</value>
                </Data>
                <Data name="Flood_%">
                    <value>100.00</value>
                </Data>
                <Data name="Parcel_area_m2">
                    <value>2938.78</value>
                </Data>
            </ExtendedData>
            <Polygon id="3005245">
                <outerBoundaryIs>
                    <LinearRing id="3005249">
                        <coordinates>-79.12316461072977,33.79727205356695,0.0 -79.12373217957571,33.79753855863844,0.0 -79.12330545211323,33.79779859880827,0.0 -79.12298403773234,33.79754010351888,0.0 -79.12316461072977,33.79727205356695,0.0</coordinates>
                    </LinearRing>
                </outerBoundaryIs>
            </Polygon>
        </Placemark>
        <Placemark id="3005260">
            <name>37906030004.0</name>
            <description>PIN: 37906030004.0&lt;br&gt;Wetland %: 81.82&lt;br&gt;Flood %: 100.00&lt;br&gt;Parcel area (m²): 23382.35</description>
            <styleUrl>#3005265</styleUrl>
            <ExtendedData>
                <Data name="PIN">
                    <value>37906030004.0</value>
                </Data>
                <Data name="Wetland_%">
                    <value>81.82</value>
                </Data>
                <Data name="Flood_%">
                    <value>100.00</value>
                </Data>
                <Data name="Parcel_area_m2">
                    <value>23382.35</value>
                </Data>
            </ExtendedData>
            <Polygon id="3005259">
                <outerBoundaryIs>
                    <LinearRing id="3005263">
                        <coordinates>-79.12409357271136,33.79843323390411,0.0 -79.12493206418225,33.797461960726004,0.0 -79.12469295530263,33.79726886031011,0.0 -79.12491842270504,33.79700641871815,0.0 -79.12502727537881,33.79709421387159,0.0 -79.1259224437908,33.79781619463611,0.0 -79.12472463594011,33.7989445115927,0.0 -79.12409357271136,33.79843323390411,0.0</coordinates>
                    </LinearRing>
                </outerBoundaryIs>
            </Polygon>
        </Placemark>
        <Placemark id="3005274">
            <name>32806020002.0</name>
            <description>PIN: 32806020002.0&lt;br&gt;Wetland %: 0.00&lt;br&gt;Flood %: 100.00&lt;br&gt;Parcel area (m²): 5863.12</description>
            <styleUrl>#3005279</styleUrl>
            <ExtendedData>
                <Data name="PIN">
                    <value>32806020002.0</value>
                </Data>
                <Data name="Wetland_%">
                    <value>0.00</value>
                </Data>
                <Data name="Flood_%">
                    <value>100.00</value>
                </Data>
                <Data name="Parcel_area_m2">
                    <value>5863.12</value>
                </Data>
            </ExtendedData>
            <Polygon id="3005273">
                <outerBoundaryIs>
                    <LinearRing id="3005277">
                        <coordinates>-79.15543060186072,33.88416289178464,0.0 -79.15592318347973,33.88392269541912,0.0 -79.15628669544421,33.8844412070828,0.0 -79.15569409985898,33.88470300051796,0.0 -79.15539473055041,33.8842758952999,0.0 -79.1553879583605,33.88426420903182,0.0 -79.15538346854294,33.884251782034795,0.0 -79.15538137238515,33.884238921700515,0.0 -79.15538172148746,33.8842259453543,0.0 -79.15538450785962,33.884213175747355,0.0 -79.15538966309074,33.88420092931989,0.0 -79.1553970574227,33.88418950897255,0.0 -79.15540650851432,33.8841791987856,0.0 -79.15541778385406,33.8841702523305,0.0 -79.15543060186072,33.88416289178464,0.0</coordinates>
                    </LinearRing>
                </outerBoundaryIs>
            </Polygon>
        </Placemark>
        <Placemark id="3005288">
            <name>32806010008.0</name>
            <description>PIN: 32806010008.0&lt;br&gt;Wetland %: 0.05&lt;br&gt;Flood %: 96.22&lt;br&gt;Parcel area (m²): 12751.95</description>
            <styleUrl>#3005293</styleUrl>
            <ExtendedData>
                <Data name="PIN">
                    <value>32806010008.0</value>
                </Data>
                <Data name="Wetland_%">
                    <value>0.05</value>
                </Data>
                <Data name="Flood_%">
                    <value>96.22</value>
                </Data>
                <Data name="Parcel_area_m2">
                    <value>12751.95</value>
                </Data>
            </ExtendedData>
            <Polygon id="3005287">
                <outerBoundaryIs>
                    <LinearRing id="3005291">
                        <coordinates>-79.15700869155305,33.884358886266355,0.0 -79.15702275739068,33.88435617522925,0.0 -79.15703601422686,33.88435276312735,0.0 -79.15704846822938,33.884348310948845,0.0 -79.15706094388516,33.88434299780381,0.0 -79.1570726134828,33.88433664363268,0.0 -79.15708429628752,33.88432977288453,0.0 -79.15709435474758,33.884321847135666,0.0 -79.15710442311364,33.88431340746651,0.0 -79.15711285876672,33.88430425358027,0.0 -79.15712048055772,33.8842945753252,0.0 -79.15712729182621,33.884284368241815,0.0 -79.15713246449981,33.88427362091562,0.0 -79.15713764405875,33.88426270323793,0.0 -79.15714035656977,33.884251403449426,0.0 -79.15714307378543,33.88423993417893,0.0 -79.15714414726341,33.88422826639899,0.0 -79.1571435732645,33.88421657501701,0.0 -79.15714299668387,33.88420505495221,0.0 -79.15713994565564,33.884193498985404,0.0 -79.15713689050698,33.884182287472115,0.0 -79.15713135472514,33.88417137997009,0.0 -79.15712581266135,33.884160816889306,0.0 -79.15711861687872,33.884150572824296,0.0 -79.1571114042263,33.88414101663592,0.0 -79.15710253525434,33.88413195168174,0.0 -79.1570928220797,33.884123730948254,0.0 -79.15708227629442,33.884116014602135,0.0 -79.15707088622929,33.88410914608263,0.0 -79.15705865628526,33.884103121847545,0.0 -79.1570464068696,33.88409795770711,0.0 -79.15703331323128,33.88409363868799,0.0 -79.15702921877278,33.88409254784766,0.0 -79.1570153072338,33.88408804530512,0.0 -79.157002241441,33.88408252540385,0.0 -79.15699001668915,33.88407615762591,0.0 -79.15697781133603,33.884068933357256,0.0 -79.15758840809296,33.883759654660686,0.0 -79.15780493886282,33.88565005730413,0.0 -79.15756999073149,33.88572096825752,0.0 -79.15700869155305,33.884358886266355,0.0</coordinates>
                    </LinearRing>
                </outerBoundaryIs>
            </Polygon>
        </Placemark>
        <Placemark id="3005302">
            <name>32806020008.0</name>
            <description>PIN: 32806020008.0&lt;br&gt;Wetland %: 0.00&lt;br&gt;Flood %: 97.08&lt;br&gt;Parcel area (m²): 9599.23</description>
            <styleUrl>#3005307</styleUrl>
            <ExtendedData>
                <Data name="PIN">
                    <value>32806020008.0</value>
                </Data>
                <Data name="Wetland_%">
                    <value>0.00</value>
                </Data>
                <Data name="Flood_%">
                    <value>97.08</value>
                </Data>
                <Data name="Parcel_area_m2">
                    <value>9599.23</value>
                </Data>
            </ExtendedData>
            <Polygon id="3005301">
                <outerBoundaryIs>
                    <LinearRing id="3005305">
                        <coordinates>-79.15426928654969,33.88472615042532,0.0 -79.15463335660169,33.88455145597444,0.0 -79.15485120272812,33.88508199051396,0.0 -79.15503169248174,33.88552154306407,0.0 -79.15516371732981,33.885843064546044,0.0 -79.15497202071677,33.88615055410444,0.0 -79.15479995541502,33.8861595348591,0.0 -79.1545636091901,33.885488546031674,0.0 -79.15426928654969,33.88472615042532,0.0</coordinates>
                    </LinearRing>
                </outerBoundaryIs>
            </Polygon>
        </Placemark>
        <Placemark id="3005316">
            <name>32806020006.0</name>
            <description>PIN: 32806020006.0&lt;br&gt;Wetland %: 0.00&lt;br&gt;Flood %: 100.00&lt;br&gt;Parcel area (m²): 4309.73</description>
            <styleUrl>#3005321</styleUrl>
            <ExtendedData>
                <Data name="PIN">
                    <value>32806020006.0</value>
                </Data>
                <Data name="Wetland_%">
                    <value>0.00</value>
                </Data>
                <Data name="Flood_%">
                    <value>100.00</value>
                </Data>
                <Data name="Parcel_area_m2">
                    <value>4309.73</value>
                </Data>
            </ExtendedData>
            <Polygon id="3005315">
                <outerBoundaryIs>
                    <LinearRing id="3005319">
                        <coordinates>-79.15485120272812,33.88508199051396,0.0 -79.15555241744347,33.884772353080805,0.0 -79.15556926864727,33.88479441660109,0.0 -79.15558808301147,33.88481534592801,0.0 -79.15560875280063,33.884835021311666,0.0 -79.15563115829138,33.884853327333126,0.0 -79.15565516763711,33.88487015921565,0.0 -79.15573724800682,33.88492338651976,0.0 -79.15503169248174,33.88552154306407,0.0 -79.15485120272812,33.88508199051396,0.0</coordinates>
                    </LinearRing>
                </outerBoundaryIs>
            </Polygon>
        </Placemark>
        <Placemark id="3005330">
            <name>32806020015.0</name>
            <description>PIN: 32806020015.0&lt;br&gt;Wetland %: 36.17&lt;br&gt;Flood %: 100.00&lt;br&gt;Parcel area (m²): 8741.30</description>
            <styleUrl>#3005335</styleUrl>
            <ExtendedData>
                <Data name="PIN">
                    <value>32806020015.0</value>
                </Data>
                <Data name="Wetland_%">
                    <value>36.17</value>
                </Data>
                <Data name="Flood_%">
                    <value>100.00</value>
                </Data>
                <Data name="Parcel_area_m2">
                    <value>8741.30</value>
                </Data>
            </ExtendedData>
            <Polygon id="3005329">
                <outerBoundaryIs>
                    <LinearRing id="3005333">
                        <coordinates>-79.1530847085488,33.883972239798496,0.0 -79.1530848794268,33.88397213772848,0.0 -79.15322791947379,33.88433386163518,0.0 -79.15322792976225,33.884333886139125,0.0 -79.15342796573105,33.88495792461422,0.0 -79.15342380548479,33.88495975293603,0.0 -79.15314459040475,33.88514629670609,0.0 -79.15313957178253,33.885149829388126,0.0 -79.15313211286318,33.88515178169063,0.0 -79.15312547621026,33.88515391580116,0.0 -79.15311884952739,33.88515553418913,0.0 -79.15311223387634,33.88515663777232,0.0 -79.15310480550075,33.885157215173585,0.0 -79.15309821191364,33.88515728914704,0.0 -79.15309080455988,33.88515683511926,0.0 -79.15308423201421,33.88515587676213,0.0 -79.1530768462779,33.88515456537543,0.0 -79.15307029579712,33.88515257740858,0.0 -79.15306375484,33.88515024597014,0.0 -79.15305804757159,33.88514741198967,0.0 -79.15305152759903,33.88514405092546,0.0 -79.15304666140055,33.88514036999775,0.0 -79.153040979908,33.88513633330339,0.0 -79.15283710592627,33.88492180057095,0.0 -79.15283068276953,33.884913973965325,0.0 -79.15282343740807,33.88490596284408,0.0 -79.15281784797976,33.88489763189452,0.0 -79.1528122622047,33.884889130545275,0.0 -79.15280668381241,33.88488028479065,0.0 -79.15280193019792,33.88487145313567,0.0 -79.1527980055384,33.88486228932385,0.0 -79.15279408569016,33.884852951522234,0.0 -79.15268521793884,33.88454997954764,0.0 -79.15268055382843,33.8845370240578,0.0 -79.15267506380705,33.88452405715567,0.0 -79.15266956644383,33.88451143285516,0.0 -79.1526624168486,33.88449895617774,0.0 -79.1526552657263,33.88448665173468,0.0 -79.15264727875983,33.8844748497979,0.0 -79.15263846808443,33.88446303467732,0.0 -79.15262964631863,33.88445173706533,0.0 -79.15261999611076,33.88444059665249,0.0 -79.15260951326368,33.88442996059694,0.0 -79.15259902458531,33.88441949580921,0.0 -79.15258770220616,33.884409534460744,0.0 -79.15257637248575,33.88439991571315,0.0 -79.15256420908395,33.88439079950301,0.0 -79.15255203720176,33.88438202858215,0.0 -79.15253902949544,33.88437375926456,0.0 -79.15252519286078,33.88436582119893,0.0 -79.15251134409279,33.884358398821725,0.0 -79.15246816507207,33.884335420107924,0.0 -79.1530531703679,33.883990736048894,0.0 -79.1530731985137,33.88397900813235,0.0 -79.1530847085488,33.883972239798496,0.0</coordinates>
                    </LinearRing>
                </outerBoundaryIs>
            </Polygon>
        </Placemark>
        <Placemark id="3005344">
            <name>23210010009.0</name>
            <description>PIN: 23210010009.0&lt;br&gt;Wetland %: 5.77&lt;br&gt;Flood %: 100.00&lt;br&gt;Parcel area (m²): 7460.50</description>
            <styleUrl>#3005349</styleUrl>
            <ExtendedData>
                <Data name="PIN">
                    <value>23210010009.0</value>
                </Data>
                <Data name="Wetland_%">
                    <value>5.77</value>
                </Data>
                <Data name="Flood_%">
                    <value>100.00</value>
                </Data>
                <Data name="Parcel_area_m2">
                    <value>7460.50</value>
                </Data>
            </ExtendedData>
            <Polygon id="3005343">
                <outerBoundaryIs>
                    <LinearRing id="3005347">
                        <coordinates>-79.09902666634868,33.98578771629504,0.0 -79.0984534161679,33.985716071696785,0.0 -79.09843396460344,33.985477485340645,0.0 -79.0991432751835,33.985351767213736,0.0 -79.09961058543382,33.98526893876865,0.0 -79.09965934959068,33.98586678643653,0.0 -79.09918040125035,33.98580693051252,0.0 -79.09902666634868,33.98578771629504,0.0</coordinates>
                    </LinearRing>
                </outerBoundaryIs>
            </Polygon>
        </Placemark>
        <Placemark id="3005358">
            <name>26714040024.0</name>
            <description>PIN: 26714040024.0&lt;br&gt;Wetland %: 0.00&lt;br&gt;Flood %: 100.00&lt;br&gt;Parcel area (m²): 3005.18</description>
            <styleUrl>#3005363</styleUrl>
            <ExtendedData>
                <Data name="PIN">
                    <value>26714040024.0</value>
                </Data>
                <Data name="Wetland_%">
                    <value>0.00</value>
                </Data>
                <Data name="Flood_%">
                    <value>100.00</value>
                </Data>
                <Data name="Parcel_area_m2">
                    <value>3005.18</value>
                </Data>
            </ExtendedData>
            <Polygon id="3005357">
                <outerBoundaryIs>
                    <LinearRing id="3005361">
                        <coordinates>-78.76076342389875,33.915080623082396,0.0 -78.76068804329373,33.914813067213444,0.0 -78.76100046894857,33.914751764714175,0.0 -78.76104199058625,33.91493973093099,0.0 -78.76113407157408,33.91518767444519,0.0 -78.76115551537795,33.91524541574536,0.0 -78.76127068019478,33.91522542028838,0.0 -78.76130329814717,33.915326628235555,0.0 -78.76119851184573,33.91534484859005,0.0 -78.76117124735927,33.915347525490034,0.0 -78.76114382137654,33.91534854892879,0.0 -78.76111637787827,33.91534791519358,0.0 -78.76108906178612,33.915345626000395,0.0 -78.76106201665904,33.91534169386379,0.0 -78.76103538368265,33.91533613937311,0.0 -78.76084622744006,33.91537398200882,0.0 -78.76082096697638,33.91528448948611,0.0 -78.76081019711275,33.91524633433908,0.0 -78.76076342389875,33.915080623082396,0.0</coordinates>
                    </LinearRing>
                </outerBoundaryIs>
            </Polygon>
        </Placemark>
        <Placemark id="3005372">
            <name>26714040005.0</name>
            <description>PIN: 26714040005.0&lt;br&gt;Wetland %: 0.00&lt;br&gt;Flood %: 100.00&lt;br&gt;Parcel area (m²): 2948.13</description>
            <styleUrl>#3005377</styleUrl>
            <ExtendedData>
                <Data name="PIN">
                    <value>26714040005.0</value>
                </Data>
                <Data name="Wetland_%">
                    <value>0.00</value>
                </Data>
                <Data name="Flood_%">
                    <value>100.00</value>
                </Data>
                <Data name="Parcel_area_m2">
                    <value>2948.13</value>
                </Data>
            </ExtendedData>
            <Polygon id="3005371">
                <outerBoundaryIs>
                    <LinearRing id="3005375">
                        <coordinates>-78.76084622744006,33.91537398200882,0.0 -78.76103538368265,33.91533613937311,0.0 -78.76106201665904,33.91534169386379,0.0 -78.76108906178612,33.915345626000395,0.0 -78.76111637787827,33.91534791519358,0.0 -78.76114382137654,33.91534854892879,0.0 -78.76117124735927,33.915347525490034,0.0 -78.76119851184573,33.91534484859005,0.0 -78.76128518512188,33.91561004746588,0.0 -78.76160807477889,33.91555352144609,0.0 -78.76162541320407,33.91560444385278,0.0 -78.76084390737255,33.91575264115222,0.0 -78.76081452284484,33.91575821276185,0.0 -78.7607104539656,33.91540061997133,0.0 -78.7607224204914,33.91539827197785,0.0 -78.76084622744006,33.91537398200882,0.0</coordinates>
                    </LinearRing>
                </outerBoundaryIs>
            </Polygon>
        </Placemark>
        <Placemark id="3005386">
            <name>42411020547.0</name>
            <description>PIN: 42411020547.0&lt;br&gt;Wetland %: 0.00&lt;br&gt;Flood %: 100.00&lt;br&gt;Parcel area (m²): 1397.46</description>
            <styleUrl>#3005391</styleUrl>
            <ExtendedData>
                <Data name="PIN">
                    <value>42411020547.0</value>
                </Data>
                <Data name="Wetland_%">
                    <value>0.00</value>
                </Data>
                <Data name="Flood_%">
                    <value>100.00</value>
                </Data>
                <Data name="Parcel_area_m2">
                    <value>1397.46</value>
                </Data>
            </ExtendedData>
            <Polygon id="3005385">
                <outerBoundaryIs>
                    <LinearRing id="3005389">
                        <coordinates>-78.86254960936878,33.70771644679239,0.0 -78.86249319567119,33.70766994543077,0.0 -78.86248079516315,33.70767654891068,0.0 -78.862473195615,33.70768059627554,0.0 -78.86245305846394,33.70766356110079,0.0 -78.86246255548167,33.70764533356469,0.0 -78.86235859210541,33.70755968698164,0.0 -78.86240900847133,33.707516242072735,0.0 -78.86239692064045,33.707506245992874,0.0 -78.86242042971227,33.707486721079924,0.0 -78.86243892176611,33.70747054586633,0.0 -78.86244537872194,33.70747546851659,0.0 -78.86245024269421,33.70747830176118,0.0 -78.86245864154932,33.70747121690928,0.0 -78.86244656257797,33.70746086291199,0.0 -78.86253893291236,33.70738361560465,0.0 -78.86255183867866,33.70739378996661,0.0 -78.86255778783709,33.707386003430514,0.0 -78.86254649685655,33.70737703764201,0.0 -78.86255493786688,33.70736824882114,0.0 -78.86258599377847,33.707342833808454,0.0 -78.86258840876033,33.7073449374224,0.0 -78.86259243781373,33.70734827845865,0.0 -78.86259969090496,33.7073542602278,0.0 -78.86265593854128,33.707307781741385,0.0 -78.86276306205299,33.70739865089593,0.0 -78.86277565586741,33.707388202096226,0.0 -78.86279580593606,33.70740471521176,0.0 -78.86278891101735,33.70741748944624,0.0 -78.86284529479057,33.70746519967683,0.0 -78.86281339582916,33.70749145252648,0.0 -78.86282548370622,33.707501448565644,0.0 -78.86279105480793,33.70753024177375,0.0 -78.86277977192802,33.70752094693466,0.0 -78.86276464884577,33.70753390905075,0.0 -78.86276272874262,33.707545037528774,0.0 -78.86275318837586,33.70757012188668,0.0 -78.86272694547648,33.70757094992049,0.0 -78.86272078572479,33.70754516483697,0.0 -78.86272112167701,33.70753158993711,0.0 -78.86268003693648,33.707497037540946,0.0 -78.86264561615799,33.707525500734924,0.0 -78.86266253808172,33.70753953902843,0.0 -78.86267493555664,33.70755324655956,0.0 -78.86265441364854,33.70756946157986,0.0 -78.86263483404396,33.70756242790898,0.0 -78.86261791212021,33.70754838961172,0.0 -78.86258599605611,33.70757532939666,0.0 -78.86258427996343,33.707578213940096,0.0 -78.8626253776235,33.70761224436015,0.0 -78.86264180877383,33.70761288558064,0.0 -78.86267434922568,33.707614396057195,0.0 -78.86267437674421,33.7076380962515,0.0 -78.86264257748333,33.70764828068414,0.0 -78.86262528965213,33.70764902628931,0.0 -78.86261269645091,33.70765944802624,0.0 -78.86262559340882,33.70766998030225,0.0 -78.86259199046022,33.707698622677306,0.0 -78.86258069941297,33.707689657793956,0.0 -78.86254960936878,33.70771644679239,0.0</coordinates>
                    </LinearRing>
                </outerBoundaryIs>
            </Polygon>
        </Placemark>
        <Placemark id="3005400">
            <name>42411020545.0</name>
            <description>PIN: 42411020545.0&lt;br&gt;Wetland %: 0.00&lt;br&gt;Flood %: 100.00&lt;br&gt;Parcel area (m²): 1397.46</description>
            <styleUrl>#3005405</styleUrl>
            <ExtendedData>
                <Data name="PIN">
                    <value>42411020545.0</value>
                </Data>
                <Data name="Wetland_%">
                    <value>0.00</value>
                </Data>
                <Data name="Flood_%">
                    <value>100.00</value>
                </Data>
                <Data name="Parcel_area_m2">
                    <value>1397.46</value>
                </Data>
            </ExtendedData>
            <Polygon id="3005399">
                <outerBoundaryIs>
                    <LinearRing id="3005403">
                        <coordinates>-78.86254960936878,33.70771644679239,0.0 -78.86249319567119,33.70766994543077,0.0 -78.86248079516315,33.70767654891068,0.0 -78.862473195615,33.70768059627554,0.0 -78.86245305846394,33.70766356110079,0.0 -78.86246255548167,33.70764533356469,0.0 -78.86235859210541,33.70755968698164,0.0 -78.86240900847133,33.707516242072735,0.0 -78.86239692064045,33.707506245992874,0.0 -78.86242042971227,33.707486721079924,0.0 -78.86243892176611,33.70747054586633,0.0 -78.86244537872194,33.70747546851659,0.0 -78.86245024269421,33.70747830176118,0.0 -78.86245864154932,33.70747121690928,0.0 -78.86244656257797,33.70746086291199,0.0 -78.86253893291236,33.70738361560465,0.0 -78.86255183867866,33.70739378996661,0.0 -78.86255778783709,33.707386003430514,0.0 -78.86254649685655,33.70737703764201,0.0 -78.86255493786688,33.70736824882114,0.0 -78.86258599377847,33.707342833808454,0.0 -78.86258840876033,33.7073449374224,0.0 -78.86259243781373,33.70734827845865,0.0 -78.86259969090496,33.7073542602278,0.0 -78.86265593854128,33.707307781741385,0.0 -78.86276306205299,33.70739865089593,0.0 -78.86277565586741,33.707388202096226,0.0 -78.86279580593606,33.70740471521176,0.0 -78.86278891101735,33.70741748944624,0.0 -78.86284529479057,33.70746519967683,0.0 -78.86281339582916,33.70749145252648,0.0 -78.86282548370622,33.707501448565644,0.0 -78.86279105480793,33.70753024177375,0.0 -78.86277977192802,33.70752094693466,0.0 -78.86276464884577,33.70753390905075,0.0 -78.86276272874262,33.707545037528774,0.0 -78.86275318837586,33.70757012188668,0.0 -78.86272694547648,33.70757094992049,0.0 -78.86272078572479,33.70754516483697,0.0 -78.86272112167701,33.70753158993711,0.0 -78.86268003693648,33.707497037540946,0.0 -78.86264561615799,33.707525500734924,0.0 -78.86266253808172,33.70753953902843,0.0 -78.86267493555664,33.70755324655956,0.0 -78.86265441364854,33.70756946157986,0.0 -78.86263483404396,33.70756242790898,0.0 -78.86261791212021,33.70754838961172,0.0 -78.86258599605611,33.70757532939666,0.0 -78.86258427996343,33.707578213940096,0.0 -78.8626253776235,33.70761224436015,0.0 -78.86264180877383,33.70761288558064,0.0 -78.86267434922568,33.707614396057195,0.0 -78.86267437674421,33.7076380962515,0.0 -78.86264257748333,33.70764828068414,0.0 -78.86262528965213,33.70764902628931,0.0 -78.86261269645091,33.70765944802624,0.0 -78.86262559340882,33.70766998030225,0.0 -78.86259199046022,33.707698622677306,0.0 -78.86258069941297,33.707689657793956,0.0 -78.86254960936878,33.70771644679239,0.0</coordinates>
                    </LinearRing>
                </outerBoundaryIs>
            </Polygon>
        </Placemark>
        <Placemark id="3005414">
            <name>42411020548.0</name>
            <description>PIN: 42411020548.0&lt;br&gt;Wetland %: 0.00&lt;br&gt;Flood %: 100.00&lt;br&gt;Parcel area (m²): 1397.46</description>
            <styleUrl>#3005419</styleUrl>
            <ExtendedData>
                <Data name="PIN">
                    <value>42411020548.0</value>
                </Data>
                <Data name="Wetland_%">
                    <value>0.00</value>
                </Data>
                <Data name="Flood_%">
                    <value>100.00</value>
                </Data>
                <Data name="Parcel_area_m2">
                    <value>1397.46</value>
                </Data>
            </ExtendedData>
            <Polygon id="3005413">
                <outerBoundaryIs>
                    <LinearRing id="3005417">
                        <coordinates>-78.86254960936878,33.70771644679239,0.0 -78.86249319567119,33.70766994543077,0.0 -78.86248079516315,33.70767654891068,0.0 -78.862473195615,33.70768059627554,0.0 -78.86245305846394,33.70766356110079,0.0 -78.86246255548167,33.70764533356469,0.0 -78.86235859210541,33.70755968698164,0.0 -78.86240900847133,33.707516242072735,0.0 -78.86239692064045,33.707506245992874,0.0 -78.86242042971227,33.707486721079924,0.0 -78.86243892176611,33.70747054586633,0.0 -78.86244537872194,33.70747546851659,0.0 -78.86245024269421,33.70747830176118,0.0 -78.86245864154932,33.70747121690928,0.0 -78.86244656257797,33.70746086291199,0.0 -78.86253893291236,33.70738361560465,0.0 -78.86255183867866,33.70739378996661,0.0 -78.86255778783709,33.707386003430514,0.0 -78.86254649685655,33.70737703764201,0.0 -78.86255493786688,33.70736824882114,0.0 -78.86258599377847,33.707342833808454,0.0 -78.86258840876033,33.7073449374224,0.0 -78.86259243781373,33.70734827845865,0.0 -78.86259969090496,33.7073542602278,0.0 -78.86265593854128,33.707307781741385,0.0 -78.86276306205299,33.70739865089593,0.0 -78.86277565586741,33.707388202096226,0.0 -78.86279580593606,33.70740471521176,0.0 -78.86278891101735,33.70741748944624,0.0 -78.86284529479057,33.70746519967683,0.0 -78.86281339582916,33.70749145252648,0.0 -78.86282548370622,33.707501448565644,0.0 -78.86279105480793,33.70753024177375,0.0 -78.86277977192802,33.70752094693466,0.0 -78.86276464884577,33.70753390905075,0.0 -78.86276272874262,33.707545037528774,0.0 -78.86275318837586,33.70757012188668,0.0 -78.86272694547648,33.70757094992049,0.0 -78.86272078572479,33.70754516483697,0.0 -78.86272112167701,33.70753158993711,0.0 -78.86268003693648,33.707497037540946,0.0 -78.86264561615799,33.707525500734924,0.0 -78.86266253808172,33.70753953902843,0.0 -78.86267493555664,33.70755324655956,0.0 -78.86265441364854,33.70756946157986,0.0 -78.86263483404396,33.70756242790898,0.0 -78.86261791212021,33.70754838961172,0.0 -78.86258599605611,33.70757532939666,0.0 -78.86258427996343,33.707578213940096,0.0 -78.8626253776235,33.70761224436015,0.0 -78.86264180877383,33.70761288558064,0.0 -78.86267434922568,33.707614396057195,0.0 -78.86267437674421,33.7076380962515,0.0 -78.86264257748333,33.70764828068414,0.0 -78.86262528965213,33.70764902628931,0.0 -78.86261269645091,33.70765944802624,0.0 -78.86262559340882,33.70766998030225,0.0 -78.86259199046022,33.707698622677306,0.0 -78.86258069941297,33.707689657793956,0.0 -78.86254960936878,33.70771644679239,0.0</coordinates>
                    </LinearRing>
                </outerBoundaryIs>
            </Polygon>
        </Placemark>
    </Document>
</kml>
