<?xml version="1.0" encoding="UTF-8"?>
<kml xmlns="http://www.opengis.net/kml/2.2" xmlns:gx="http://www.google.com/kml/ext/2.2">
    <Document id="850453">
        <Style id="850460">
            <LineStyle id="850462">
                <color>ffffffff</color>
                <colorMode>normal</colorMode>
                <width>1</width>
            </LineStyle>
            <PolyStyle id="850461">
                <color>8000a5ff</color>
                <colorMode>normal</colorMode>
                <fill>1</fill>
                <outline>1</outline>
            </PolyStyle>
        </Style>
        <Style id="850474">
            <LineStyle id="850476">
                <color>ffffffff</color>
                <colorMode>normal</colorMode>
                <width>1</width>
            </LineStyle>
            <PolyStyle id="850475">
                <color>8000a5ff</color>
                <colorMode>normal</colorMode>
                <fill>1</fill>
                <outline>1</outline>
            </PolyStyle>
        </Style>
        <Style id="850488">
            <LineStyle id="850490">
                <color>ffffffff</color>
                <colorMode>normal</colorMode>
                <width>1</width>
            </LineStyle>
            <PolyStyle id="850489">
                <color>8000a5ff</color>
                <colorMode>normal</colorMode>
                <fill>1</fill>
                <outline>1</outline>
            </PolyStyle>
        </Style>
        <Style id="850502">
            <LineStyle id="850504">
                <color>ffffffff</color>
                <colorMode>normal</colorMode>
                <width>1</width>
            </LineStyle>
            <PolyStyle id="850503">
                <color>8000a5ff</color>
                <colorMode>normal</colorMode>
                <fill>1</fill>
                <outline>1</outline>
            </PolyStyle>
        </Style>
        <Style id="850516">
            <LineStyle id="850518">
                <color>ffffffff</color>
                <colorMode>normal</colorMode>
                <width>1</width>
            </LineStyle>
            <PolyStyle id="850517">
                <color>8000a5ff</color>
                <colorMode>normal</colorMode>
                <fill>1</fill>
                <outline>1</outline>
            </PolyStyle>
        </Style>
        <Style id="850530">
            <LineStyle id="850532">
                <color>ffffffff</color>
                <colorMode>normal</colorMode>
                <width>1</width>
            </LineStyle>
            <PolyStyle id="850531">
                <color>8000a5ff</color>
                <colorMode>normal</colorMode>
                <fill>1</fill>
                <outline>1</outline>
            </PolyStyle>
        </Style>
        <Style id="850544">
            <LineStyle id="850546">
                <color>ffffffff</color>
                <colorMode>normal</colorMode>
                <width>1</width>
            </LineStyle>
            <PolyStyle id="850545">
                <color>8000a5ff</color>
                <colorMode>normal</colorMode>
                <fill>1</fill>
                <outline>1</outline>
            </PolyStyle>
        </Style>
        <Style id="850558">
            <LineStyle id="850560">
                <color>ffffffff</color>
                <colorMode>normal</colorMode>
                <width>1</width>
            </LineStyle>
            <PolyStyle id="850559">
                <color>8000a5ff</color>
                <colorMode>normal</colorMode>
                <fill>1</fill>
                <outline>1</outline>
            </PolyStyle>
        </Style>
        <Style id="850572">
            <LineStyle id="850574">
                <color>ffffffff</color>
                <colorMode>normal</colorMode>
                <width>1</width>
            </LineStyle>
            <PolyStyle id="850573">
                <color>8000a5ff</color>
                <colorMode>normal</colorMode>
                <fill>1</fill>
                <outline>1</outline>
            </PolyStyle>
        </Style>
        <Style id="850586">
            <LineStyle id="850588">
                <color>ffffffff</color>
                <colorMode>normal</colorMode>
                <width>1</width>
            </LineStyle>
            <PolyStyle id="850587">
                <color>8000a5ff</color>
                <colorMode>normal</colorMode>
                <fill>1</fill>
                <outline>1</outline>
            </PolyStyle>
        </Style>
        <Style id="850600">
            <LineStyle id="850602">
                <color>ffffffff</color>
                <colorMode>normal</colorMode>
                <width>1</width>
            </LineStyle>
            <PolyStyle id="850601">
                <color>8000a5ff</color>
                <colorMode>normal</colorMode>
                <fill>1</fill>
                <outline>1</outline>
            </PolyStyle>
        </Style>
        <Style id="850614">
            <LineStyle id="850616">
                <color>ffffffff</color>
                <colorMode>normal</colorMode>
                <width>1</width>
            </LineStyle>
            <PolyStyle id="850615">
                <color>8000a5ff</color>
                <colorMode>normal</colorMode>
                <fill>1</fill>
                <outline>1</outline>
            </PolyStyle>
        </Style>
        <Style id="850628">
            <LineStyle id="850630">
                <color>ffffffff</color>
                <colorMode>normal</colorMode>
                <width>1</width>
            </LineStyle>
            <PolyStyle id="850629">
                <color>8000a5ff</color>
                <colorMode>normal</colorMode>
                <fill>1</fill>
                <outline>1</outline>
            </PolyStyle>
        </Style>
        <Style id="850642">
            <LineStyle id="850644">
                <color>ffffffff</color>
                <colorMode>normal</colorMode>
                <width>1</width>
            </LineStyle>
            <PolyStyle id="850643">
                <color>8000a5ff</color>
                <colorMode>normal</colorMode>
                <fill>1</fill>
                <outline>1</outline>
            </PolyStyle>
        </Style>
        <Style id="850656">
            <LineStyle id="850658">
                <color>ffffffff</color>
                <colorMode>normal</colorMode>
                <width>1</width>
            </LineStyle>
            <PolyStyle id="850657">
                <color>8000a5ff</color>
                <colorMode>normal</colorMode>
                <fill>1</fill>
                <outline>1</outline>
            </PolyStyle>
        </Style>
        <Style id="850670">
            <LineStyle id="850672">
                <color>ffffffff</color>
                <colorMode>normal</colorMode>
                <width>1</width>
            </LineStyle>
            <PolyStyle id="850671">
                <color>8000a5ff</color>
                <colorMode>normal</colorMode>
                <fill>1</fill>
                <outline>1</outline>
            </PolyStyle>
        </Style>
        <Style id="850684">
            <LineStyle id="850686">
                <color>ffffffff</color>
                <colorMode>normal</colorMode>
                <width>1</width>
            </LineStyle>
            <PolyStyle id="850685">
                <color>8000a5ff</color>
                <colorMode>normal</colorMode>
                <fill>1</fill>
                <outline>1</outline>
            </PolyStyle>
        </Style>
        <Style id="850698">
            <LineStyle id="850700">
                <color>ffffffff</color>
                <colorMode>normal</colorMode>
                <width>1</width>
            </LineStyle>
            <PolyStyle id="850699">
                <color>8000a5ff</color>
                <colorMode>normal</colorMode>
                <fill>1</fill>
                <outline>1</outline>
            </PolyStyle>
        </Style>
        <Style id="850712">
            <LineStyle id="850714">
                <color>ffffffff</color>
                <colorMode>normal</colorMode>
                <width>1</width>
            </LineStyle>
            <PolyStyle id="850713">
                <color>8000a5ff</color>
                <colorMode>normal</colorMode>
                <fill>1</fill>
                <outline>1</outline>
            </PolyStyle>
        </Style>
        <Style id="850726">
            <LineStyle id="850728">
                <color>ffffffff</color>
                <colorMode>normal</colorMode>
                <width>1</width>
            </LineStyle>
            <PolyStyle id="850727">
                <color>8000a5ff</color>
                <colorMode>normal</colorMode>
                <fill>1</fill>
                <outline>1</outline>
            </PolyStyle>
        </Style>
        <Style id="850740">
            <LineStyle id="850742">
                <color>ffffffff</color>
                <colorMode>normal</colorMode>
                <width>1</width>
            </LineStyle>
            <PolyStyle id="850741">
                <color>8000a5ff</color>
                <colorMode>normal</colorMode>
                <fill>1</fill>
                <outline>1</outline>
            </PolyStyle>
        </Style>
        <Style id="850754">
            <LineStyle id="850756">
                <color>ffffffff</color>
                <colorMode>normal</colorMode>
                <width>1</width>
            </LineStyle>
            <PolyStyle id="850755">
                <color>8000a5ff</color>
                <colorMode>normal</colorMode>
                <fill>1</fill>
                <outline>1</outline>
            </PolyStyle>
        </Style>
        <Style id="850768">
            <LineStyle id="850770">
                <color>ffffffff</color>
                <colorMode>normal</colorMode>
                <width>1</width>
            </LineStyle>
            <PolyStyle id="850769">
                <color>8000a5ff</color>
                <colorMode>normal</colorMode>
                <fill>1</fill>
                <outline>1</outline>
            </PolyStyle>
        </Style>
        <Style id="850782">
            <LineStyle id="850784">
                <color>ffffffff</color>
                <colorMode>normal</colorMode>
                <width>1</width>
            </LineStyle>
            <PolyStyle id="850783">
                <color>8000a5ff</color>
                <colorMode>normal</colorMode>
                <fill>1</fill>
                <outline>1</outline>
            </PolyStyle>
        </Style>
        <Style id="850796">
            <LineStyle id="850798">
                <color>ffffffff</color>
                <colorMode>normal</colorMode>
                <width>1</width>
            </LineStyle>
            <PolyStyle id="850797">
                <color>8000a5ff</color>
                <colorMode>normal</colorMode>
                <fill>1</fill>
                <outline>1</outline>
            </PolyStyle>
        </Style>
        <Style id="850810">
            <LineStyle id="850812">
                <color>ffffffff</color>
                <colorMode>normal</colorMode>
                <width>1</width>
            </LineStyle>
            <PolyStyle id="850811">
                <color>8000a5ff</color>
                <colorMode>normal</colorMode>
                <fill>1</fill>
                <outline>1</outline>
            </PolyStyle>
        </Style>
        <Style id="850824">
            <LineStyle id="850826">
                <color>ffffffff</color>
                <colorMode>normal</colorMode>
                <width>1</width>
            </LineStyle>
            <PolyStyle id="850825">
                <color>8000a5ff</color>
                <colorMode>normal</colorMode>
                <fill>1</fill>
                <outline>1</outline>
            </PolyStyle>
        </Style>
        <Style id="850838">
            <LineStyle id="850840">
                <color>ffffffff</color>
                <colorMode>normal</colorMode>
                <width>1</width>
            </LineStyle>
            <PolyStyle id="850839">
                <color>80008000</color>
                <colorMode>normal</colorMode>
                <fill>1</fill>
                <outline>1</outline>
            </PolyStyle>
        </Style>
        <Style id="850852">
            <LineStyle id="850854">
                <color>ffffffff</color>
                <colorMode>normal</colorMode>
                <width>1</width>
            </LineStyle>
            <PolyStyle id="850853">
                <color>80008000</color>
                <colorMode>normal</colorMode>
                <fill>1</fill>
                <outline>1</outline>
            </PolyStyle>
        </Style>
        <Style id="850866">
            <LineStyle id="850868">
                <color>ffffffff</color>
                <colorMode>normal</colorMode>
                <width>1</width>
            </LineStyle>
            <PolyStyle id="850867">
                <color>80008000</color>
                <colorMode>normal</colorMode>
                <fill>1</fill>
                <outline>1</outline>
            </PolyStyle>
        </Style>
        <Style id="850880">
            <LineStyle id="850882">
                <color>ffffffff</color>
                <colorMode>normal</colorMode>
                <width>1</width>
            </LineStyle>
            <PolyStyle id="850881">
                <color>80008000</color>
                <colorMode>normal</colorMode>
                <fill>1</fill>
                <outline>1</outline>
            </PolyStyle>
        </Style>
        <Style id="850894">
            <LineStyle id="850896">
                <color>ffffffff</color>
                <colorMode>normal</colorMode>
                <width>1</width>
            </LineStyle>
            <PolyStyle id="850895">
                <color>80008000</color>
                <colorMode>normal</colorMode>
                <fill>1</fill>
                <outline>1</outline>
            </PolyStyle>
        </Style>
        <Style id="850908">
            <LineStyle id="850910">
                <color>ffffffff</color>
                <colorMode>normal</colorMode>
                <width>1</width>
            </LineStyle>
            <PolyStyle id="850909">
                <color>80008000</color>
                <colorMode>normal</colorMode>
                <fill>1</fill>
                <outline>1</outline>
            </PolyStyle>
        </Style>
        <Style id="850922">
            <LineStyle id="850924">
                <color>ffffffff</color>
                <colorMode>normal</colorMode>
                <width>1</width>
            </LineStyle>
            <PolyStyle id="850923">
                <color>80008000</color>
                <colorMode>normal</colorMode>
                <fill>1</fill>
                <outline>1</outline>
            </PolyStyle>
        </Style>
        <Style id="850936">
            <LineStyle id="850938">
                <color>ffffffff</color>
                <colorMode>normal</colorMode>
                <width>1</width>
            </LineStyle>
            <PolyStyle id="850937">
                <color>8000a5ff</color>
                <colorMode>normal</colorMode>
                <fill>1</fill>
                <outline>1</outline>
            </PolyStyle>
        </Style>
        <Style id="850950">
            <LineStyle id="850952">
                <color>ffffffff</color>
                <colorMode>normal</colorMode>
                <width>1</width>
            </LineStyle>
            <PolyStyle id="850951">
                <color>8000a5ff</color>
                <colorMode>normal</colorMode>
                <fill>1</fill>
                <outline>1</outline>
            </PolyStyle>
        </Style>
        <Style id="850964">
            <LineStyle id="850966">
                <color>ffffffff</color>
                <colorMode>normal</colorMode>
                <width>1</width>
            </LineStyle>
            <PolyStyle id="850965">
                <color>8000a5ff</color>
                <colorMode>normal</colorMode>
                <fill>1</fill>
                <outline>1</outline>
            </PolyStyle>
        </Style>
        <Style id="850978">
            <LineStyle id="850980">
                <color>ffffffff</color>
                <colorMode>normal</colorMode>
                <width>1</width>
            </LineStyle>
            <PolyStyle id="850979">
                <color>8000a5ff</color>
                <colorMode>normal</colorMode>
                <fill>1</fill>
                <outline>1</outline>
            </PolyStyle>
        </Style>
        <Style id="850992">
            <LineStyle id="850994">
                <color>ffffffff</color>
                <colorMode>normal</colorMode>
                <width>1</width>
            </LineStyle>
            <PolyStyle id="850993">
                <color>8000a5ff</color>
                <colorMode>normal</colorMode>
                <fill>1</fill>
                <outline>1</outline>
            </PolyStyle>
        </Style>
        <Style id="851006">
            <LineStyle id="851008">
                <color>ffffffff</color>
                <colorMode>normal</colorMode>
                <width>1</width>
            </LineStyle>
            <PolyStyle id="851007">
                <color>8000a5ff</color>
                <colorMode>normal</colorMode>
                <fill>1</fill>
                <outline>1</outline>
            </PolyStyle>
        </Style>
        <Style id="851020">
            <LineStyle id="851022">
                <color>ffffffff</color>
                <colorMode>normal</colorMode>
                <width>1</width>
            </LineStyle>
            <PolyStyle id="851021">
                <color>8000a5ff</color>
                <colorMode>normal</colorMode>
                <fill>1</fill>
                <outline>1</outline>
            </PolyStyle>
        </Style>
        <Style id="851034">
            <LineStyle id="851036">
                <color>ffffffff</color>
                <colorMode>normal</colorMode>
                <width>1</width>
            </LineStyle>
            <PolyStyle id="851035">
                <color>8000a5ff</color>
                <colorMode>normal</colorMode>
                <fill>1</fill>
                <outline>1</outline>
            </PolyStyle>
        </Style>
        <Style id="851048">
            <LineStyle id="851050">
                <color>ffffffff</color>
                <colorMode>normal</colorMode>
                <width>1</width>
            </LineStyle>
            <PolyStyle id="851049">
                <color>8000a5ff</color>
                <colorMode>normal</colorMode>
                <fill>1</fill>
                <outline>1</outline>
            </PolyStyle>
        </Style>
        <Style id="851062">
            <LineStyle id="851064">
                <color>ffffffff</color>
                <colorMode>normal</colorMode>
                <width>1</width>
            </LineStyle>
            <PolyStyle id="851063">
                <color>8000a5ff</color>
                <colorMode>normal</colorMode>
                <fill>1</fill>
                <outline>1</outline>
            </PolyStyle>
        </Style>
        <Style id="851076">
            <LineStyle id="851078">
                <color>ffffffff</color>
                <colorMode>normal</colorMode>
                <width>1</width>
            </LineStyle>
            <PolyStyle id="851077">
                <color>8000a5ff</color>
                <colorMode>normal</colorMode>
                <fill>1</fill>
                <outline>1</outline>
            </PolyStyle>
        </Style>
        <Style id="851090">
            <LineStyle id="851092">
                <color>ffffffff</color>
                <colorMode>normal</colorMode>
                <width>1</width>
            </LineStyle>
            <PolyStyle id="851091">
                <color>8000a5ff</color>
                <colorMode>normal</colorMode>
                <fill>1</fill>
                <outline>1</outline>
            </PolyStyle>
        </Style>
        <Style id="851104">
            <LineStyle id="851106">
                <color>ffffffff</color>
                <colorMode>normal</colorMode>
                <width>1</width>
            </LineStyle>
            <PolyStyle id="851105">
                <color>8000a5ff</color>
                <colorMode>normal</colorMode>
                <fill>1</fill>
                <outline>1</outline>
            </PolyStyle>
        </Style>
        <Style id="851118">
            <LineStyle id="851120">
                <color>ffffffff</color>
                <colorMode>normal</colorMode>
                <width>1</width>
            </LineStyle>
            <PolyStyle id="851119">
                <color>8000a5ff</color>
                <colorMode>normal</colorMode>
                <fill>1</fill>
                <outline>1</outline>
            </PolyStyle>
        </Style>
        <Style id="851132">
            <LineStyle id="851134">
                <color>ffffffff</color>
                <colorMode>normal</colorMode>
                <width>1</width>
            </LineStyle>
            <PolyStyle id="851133">
                <color>8000a5ff</color>
                <colorMode>normal</colorMode>
                <fill>1</fill>
                <outline>1</outline>
            </PolyStyle>
        </Style>
        <Style id="851146">
            <LineStyle id="851148">
                <color>ffffffff</color>
                <colorMode>normal</colorMode>
                <width>1</width>
            </LineStyle>
            <PolyStyle id="851147">
                <color>8000a5ff</color>
                <colorMode>normal</colorMode>
                <fill>1</fill>
                <outline>1</outline>
            </PolyStyle>
        </Style>
        <Style id="851160">
            <LineStyle id="851162">
                <color>ffffffff</color>
                <colorMode>normal</colorMode>
                <width>1</width>
            </LineStyle>
            <PolyStyle id="851161">
                <color>8000a5ff</color>
                <colorMode>normal</colorMode>
                <fill>1</fill>
                <outline>1</outline>
            </PolyStyle>
        </Style>
        <Style id="851174">
            <LineStyle id="851176">
                <color>ffffffff</color>
                <colorMode>normal</colorMode>
                <width>1</width>
            </LineStyle>
            <PolyStyle id="851175">
                <color>8000a5ff</color>
                <colorMode>normal</colorMode>
                <fill>1</fill>
                <outline>1</outline>
            </PolyStyle>
        </Style>
        <Style id="851188">
            <LineStyle id="851190">
                <color>ffffffff</color>
                <colorMode>normal</colorMode>
                <width>1</width>
            </LineStyle>
            <PolyStyle id="851189">
                <color>8000a5ff</color>
                <colorMode>normal</colorMode>
                <fill>1</fill>
                <outline>1</outline>
            </PolyStyle>
        </Style>
        <Style id="851202">
            <LineStyle id="851204">
                <color>ffffffff</color>
                <colorMode>normal</colorMode>
                <width>1</width>
            </LineStyle>
            <PolyStyle id="851203">
                <color>8000a5ff</color>
                <colorMode>normal</colorMode>
                <fill>1</fill>
                <outline>1</outline>
            </PolyStyle>
        </Style>
        <Style id="851216">
            <LineStyle id="851218">
                <color>ffffffff</color>
                <colorMode>normal</colorMode>
                <width>1</width>
            </LineStyle>
            <PolyStyle id="851217">
                <color>8000a5ff</color>
                <colorMode>normal</colorMode>
                <fill>1</fill>
                <outline>1</outline>
            </PolyStyle>
        </Style>
        <Style id="851230">
            <LineStyle id="851232">
                <color>ffffffff</color>
                <colorMode>normal</colorMode>
                <width>1</width>
            </LineStyle>
            <PolyStyle id="851231">
                <color>8000a5ff</color>
                <colorMode>normal</colorMode>
                <fill>1</fill>
                <outline>1</outline>
            </PolyStyle>
        </Style>
        <Style id="851244">
            <LineStyle id="851246">
                <color>ffffffff</color>
                <colorMode>normal</colorMode>
                <width>1</width>
            </LineStyle>
            <PolyStyle id="851245">
                <color>8000a5ff</color>
                <colorMode>normal</colorMode>
                <fill>1</fill>
                <outline>1</outline>
            </PolyStyle>
        </Style>
        <Style id="851258">
            <LineStyle id="851260">
                <color>ffffffff</color>
                <colorMode>normal</colorMode>
                <width>1</width>
            </LineStyle>
            <PolyStyle id="851259">
                <color>8000a5ff</color>
                <colorMode>normal</colorMode>
                <fill>1</fill>
                <outline>1</outline>
            </PolyStyle>
        </Style>
        <Style id="851272">
            <LineStyle id="851274">
                <color>ffffffff</color>
                <colorMode>normal</colorMode>
                <width>1</width>
            </LineStyle>
            <PolyStyle id="851273">
                <color>8000a5ff</color>
                <colorMode>normal</colorMode>
                <fill>1</fill>
                <outline>1</outline>
            </PolyStyle>
        </Style>
        <Style id="851286">
            <LineStyle id="851288">
                <color>ffffffff</color>
                <colorMode>normal</colorMode>
                <width>1</width>
            </LineStyle>
            <PolyStyle id="851287">
                <color>8000a5ff</color>
                <colorMode>normal</colorMode>
                <fill>1</fill>
                <outline>1</outline>
            </PolyStyle>
        </Style>
        <Style id="851300">
            <LineStyle id="851302">
                <color>ffffffff</color>
                <colorMode>normal</colorMode>
                <width>1</width>
            </LineStyle>
            <PolyStyle id="851301">
                <color>8000a5ff</color>
                <colorMode>normal</colorMode>
                <fill>1</fill>
                <outline>1</outline>
            </PolyStyle>
        </Style>
        <Style id="851314">
            <LineStyle id="851316">
                <color>ffffffff</color>
                <colorMode>normal</colorMode>
                <width>1</width>
            </LineStyle>
            <PolyStyle id="851315">
                <color>8000a5ff</color>
                <colorMode>normal</colorMode>
                <fill>1</fill>
                <outline>1</outline>
            </PolyStyle>
        </Style>
        <Style id="851328">
            <LineStyle id="851330">
                <color>ffffffff</color>
                <colorMode>normal</colorMode>
                <width>1</width>
            </LineStyle>
            <PolyStyle id="851329">
                <color>8000a5ff</color>
                <colorMode>normal</colorMode>
                <fill>1</fill>
                <outline>1</outline>
            </PolyStyle>
        </Style>
        <Style id="851342">
            <LineStyle id="851344">
                <color>ffffffff</color>
                <colorMode>normal</colorMode>
                <width>1</width>
            </LineStyle>
            <PolyStyle id="851343">
                <color>8000a5ff</color>
                <colorMode>normal</colorMode>
                <fill>1</fill>
                <outline>1</outline>
            </PolyStyle>
        </Style>
        <Style id="851356">
            <LineStyle id="851358">
                <color>ffffffff</color>
                <colorMode>normal</colorMode>
                <width>1</width>
            </LineStyle>
            <PolyStyle id="851357">
                <color>8000a5ff</color>
                <colorMode>normal</colorMode>
                <fill>1</fill>
                <outline>1</outline>
            </PolyStyle>
        </Style>
        <Style id="851370">
            <LineStyle id="851372">
                <color>ffffffff</color>
                <colorMode>normal</colorMode>
                <width>1</width>
            </LineStyle>
            <PolyStyle id="851371">
                <color>8000a5ff</color>
                <colorMode>normal</colorMode>
                <fill>1</fill>
                <outline>1</outline>
            </PolyStyle>
        </Style>
        <Style id="851384">
            <LineStyle id="851386">
                <color>ffffffff</color>
                <colorMode>normal</colorMode>
                <width>1</width>
            </LineStyle>
            <PolyStyle id="851385">
                <color>8000a5ff</color>
                <colorMode>normal</colorMode>
                <fill>1</fill>
                <outline>1</outline>
            </PolyStyle>
        </Style>
        <Style id="851398">
            <LineStyle id="851400">
                <color>ffffffff</color>
                <colorMode>normal</colorMode>
                <width>1</width>
            </LineStyle>
            <PolyStyle id="851399">
                <color>8000a5ff</color>
                <colorMode>normal</colorMode>
                <fill>1</fill>
                <outline>1</outline>
            </PolyStyle>
        </Style>
        <Style id="851412">
            <LineStyle id="851414">
                <color>ffffffff</color>
                <colorMode>normal</colorMode>
                <width>1</width>
            </LineStyle>
            <PolyStyle id="851413">
                <color>8000a5ff</color>
                <colorMode>normal</colorMode>
                <fill>1</fill>
                <outline>1</outline>
            </PolyStyle>
        </Style>
        <Style id="851426">
            <LineStyle id="851428">
                <color>ffffffff</color>
                <colorMode>normal</colorMode>
                <width>1</width>
            </LineStyle>
            <PolyStyle id="851427">
                <color>8000a5ff</color>
                <colorMode>normal</colorMode>
                <fill>1</fill>
                <outline>1</outline>
            </PolyStyle>
        </Style>
        <Style id="851440">
            <LineStyle id="851442">
                <color>ffffffff</color>
                <colorMode>normal</colorMode>
                <width>1</width>
            </LineStyle>
            <PolyStyle id="851441">
                <color>8000a5ff</color>
                <colorMode>normal</colorMode>
                <fill>1</fill>
                <outline>1</outline>
            </PolyStyle>
        </Style>
        <Style id="851454">
            <LineStyle id="851456">
                <color>ffffffff</color>
                <colorMode>normal</colorMode>
                <width>1</width>
            </LineStyle>
            <PolyStyle id="851455">
                <color>8000a5ff</color>
                <colorMode>normal</colorMode>
                <fill>1</fill>
                <outline>1</outline>
            </PolyStyle>
        </Style>
        <Style id="851468">
            <LineStyle id="851470">
                <color>ffffffff</color>
                <colorMode>normal</colorMode>
                <width>1</width>
            </LineStyle>
            <PolyStyle id="851469">
                <color>8000a5ff</color>
                <colorMode>normal</colorMode>
                <fill>1</fill>
                <outline>1</outline>
            </PolyStyle>
        </Style>
        <Style id="851482">
            <LineStyle id="851484">
                <color>ffffffff</color>
                <colorMode>normal</colorMode>
                <width>1</width>
            </LineStyle>
            <PolyStyle id="851483">
                <color>8000a5ff</color>
                <colorMode>normal</colorMode>
                <fill>1</fill>
                <outline>1</outline>
            </PolyStyle>
        </Style>
        <Style id="851496">
            <LineStyle id="851498">
                <color>ffffffff</color>
                <colorMode>normal</colorMode>
                <width>1</width>
            </LineStyle>
            <PolyStyle id="851497">
                <color>8000a5ff</color>
                <colorMode>normal</colorMode>
                <fill>1</fill>
                <outline>1</outline>
            </PolyStyle>
        </Style>
        <Style id="851510">
            <LineStyle id="851512">
                <color>ffffffff</color>
                <colorMode>normal</colorMode>
                <width>1</width>
            </LineStyle>
            <PolyStyle id="851511">
                <color>8000a5ff</color>
                <colorMode>normal</colorMode>
                <fill>1</fill>
                <outline>1</outline>
            </PolyStyle>
        </Style>
        <Style id="851524">
            <LineStyle id="851526">
                <color>ffffffff</color>
                <colorMode>normal</colorMode>
                <width>1</width>
            </LineStyle>
            <PolyStyle id="851525">
                <color>8000a5ff</color>
                <colorMode>normal</colorMode>
                <fill>1</fill>
                <outline>1</outline>
            </PolyStyle>
        </Style>
        <Style id="851538">
            <LineStyle id="851540">
                <color>ffffffff</color>
                <colorMode>normal</colorMode>
                <width>1</width>
            </LineStyle>
            <PolyStyle id="851539">
                <color>8000a5ff</color>
                <colorMode>normal</colorMode>
                <fill>1</fill>
                <outline>1</outline>
            </PolyStyle>
        </Style>
        <Style id="851552">
            <LineStyle id="851554">
                <color>ffffffff</color>
                <colorMode>normal</colorMode>
                <width>1</width>
            </LineStyle>
            <PolyStyle id="851553">
                <color>8000a5ff</color>
                <colorMode>normal</colorMode>
                <fill>1</fill>
                <outline>1</outline>
            </PolyStyle>
        </Style>
        <Style id="851566">
            <LineStyle id="851568">
                <color>ffffffff</color>
                <colorMode>normal</colorMode>
                <width>1</width>
            </LineStyle>
            <PolyStyle id="851567">
                <color>8000a5ff</color>
                <colorMode>normal</colorMode>
                <fill>1</fill>
                <outline>1</outline>
            </PolyStyle>
        </Style>
        <Placemark id="850455">
            <name>42000000313.0</name>
            <description>PIN: 42000000313.0&lt;br&gt;Wetland %: 0.00&lt;br&gt;Flood %: 100.00&lt;br&gt;Parcel area (m²): 519.45</description>
            <styleUrl>#850460</styleUrl>
            <ExtendedData>
                <Data name="PIN">
                    <value>42000000313.0</value>
                </Data>
                <Data name="Wetland_%">
                    <value>0.00</value>
                </Data>
                <Data name="Flood_%">
                    <value>100.00</value>
                </Data>
                <Data name="Parcel_area_m2">
                    <value>519.45</value>
                </Data>
            </ExtendedData>
            <Polygon id="850454">
                <outerBoundaryIs>
                    <LinearRing id="850458">
                        <coordinates>-78.85526339823706,33.74300684119837,0.0 -78.85510018380234,33.74305099714674,0.0 -78.85503395600318,33.74285360718868,0.0 -78.8551954824825,33.742810803848045,0.0 -78.85526339823706,33.74300684119837,0.0</coordinates>
                    </LinearRing>
                </outerBoundaryIs>
            </Polygon>
        </Placemark>
        <Placemark id="850469">
            <name>29316020006.0</name>
            <description>PIN: 29316020006.0&lt;br&gt;Wetland %: 0.00&lt;br&gt;Flood %: 100.00&lt;br&gt;Parcel area (m²): 14472.45</description>
            <styleUrl>#850474</styleUrl>
            <ExtendedData>
                <Data name="PIN">
                    <value>29316020006.0</value>
                </Data>
                <Data name="Wetland_%">
                    <value>0.00</value>
                </Data>
                <Data name="Flood_%">
                    <value>100.00</value>
                </Data>
                <Data name="Parcel_area_m2">
                    <value>14472.45</value>
                </Data>
            </ExtendedData>
            <Polygon id="850468">
                <outerBoundaryIs>
                    <LinearRing id="850472">
                        <coordinates>-79.07191895442547,33.8981640690666,0.0 -79.07157970113869,33.89843282078867,0.0 -79.07148268896836,33.89823191121513,0.0 -79.07148268070236,33.89823189395074,0.0 -79.07078958305736,33.896796485635754,0.0 -79.07085799713263,33.896796005785916,0.0 -79.07101402626638,33.89678400188864,0.0 -79.07118341029162,33.89676430427333,0.0 -79.0713786823937,33.896729544760234,0.0 -79.07152782613585,33.89669372436642,0.0 -79.07157014262597,33.89668098183169,0.0 -79.07188465057135,33.89801821593755,0.0 -79.07188469996966,33.89801842504095,0.0 -79.07191895442547,33.8981640690666,0.0</coordinates>
                    </LinearRing>
                </outerBoundaryIs>
            </Polygon>
        </Placemark>
        <Placemark id="850483">
            <name>39812040069.0</name>
            <description>PIN: 39812040069.0&lt;br&gt;Wetland %: 0.00&lt;br&gt;Flood %: 100.00&lt;br&gt;Parcel area (m²): 753.31</description>
            <styleUrl>#850488</styleUrl>
            <ExtendedData>
                <Data name="PIN">
                    <value>39812040069.0</value>
                </Data>
                <Data name="Wetland_%">
                    <value>0.00</value>
                </Data>
                <Data name="Flood_%">
                    <value>100.00</value>
                </Data>
                <Data name="Parcel_area_m2">
                    <value>753.31</value>
                </Data>
            </ExtendedData>
            <Polygon id="850482">
                <outerBoundaryIs>
                    <LinearRing id="850486">
                        <coordinates>-78.92480048097383,33.76115450182383,0.0 -78.92477722487604,33.761156535227855,0.0 -78.92477536648312,33.76117346490986,0.0 -78.92475646047144,33.76117557037548,0.0 -78.92475767826323,33.76118528297707,0.0 -78.9245180372217,33.76119822297447,0.0 -78.92451687769048,33.76118608875465,0.0 -78.9244951575567,33.76118451218001,0.0 -78.92449701600484,33.761167582502274,0.0 -78.92447236741027,33.76116716899383,0.0 -78.92446475230827,33.76106164221864,0.0 -78.92448942893213,33.76106084400098,0.0 -78.92448983663802,33.76104388998507,0.0 -78.92451016425109,33.761043019705674,0.0 -78.92450900472303,33.76103088548545,0.0 -78.92474707916448,33.761022765322124,0.0 -78.92474829695301,33.76103247792407,0.0 -78.92476859544746,33.76103281841021,0.0 -78.92477108819868,33.76104982107804,0.0 -78.92479431513324,33.76104899938473,0.0 -78.92480048097383,33.76115450182383,0.0</coordinates>
                    </LinearRing>
                </outerBoundaryIs>
            </Polygon>
        </Placemark>
        <Placemark id="850497">
            <name>39812040071.0</name>
            <description>PIN: 39812040071.0&lt;br&gt;Wetland %: 0.00&lt;br&gt;Flood %: 100.00&lt;br&gt;Parcel area (m²): 753.31</description>
            <styleUrl>#850502</styleUrl>
            <ExtendedData>
                <Data name="PIN">
                    <value>39812040071.0</value>
                </Data>
                <Data name="Wetland_%">
                    <value>0.00</value>
                </Data>
                <Data name="Flood_%">
                    <value>100.00</value>
                </Data>
                <Data name="Parcel_area_m2">
                    <value>753.31</value>
                </Data>
            </ExtendedData>
            <Polygon id="850496">
                <outerBoundaryIs>
                    <LinearRing id="850500">
                        <coordinates>-78.92480048097383,33.76115450182383,0.0 -78.92477722487604,33.761156535227855,0.0 -78.92477536648312,33.76117346490986,0.0 -78.92475646047144,33.76117557037548,0.0 -78.92475767826323,33.76118528297707,0.0 -78.9245180372217,33.76119822297447,0.0 -78.92451687769048,33.76118608875465,0.0 -78.9244951575567,33.76118451218001,0.0 -78.92449701600484,33.761167582502274,0.0 -78.92447236741027,33.76116716899383,0.0 -78.92446475230827,33.76106164221864,0.0 -78.92448942893213,33.76106084400098,0.0 -78.92448983663802,33.76104388998507,0.0 -78.92451016425109,33.761043019705674,0.0 -78.92450900472303,33.76103088548545,0.0 -78.92474707916448,33.761022765322124,0.0 -78.92474829695301,33.76103247792407,0.0 -78.92476859544746,33.76103281841021,0.0 -78.92477108819868,33.76104982107804,0.0 -78.92479431513324,33.76104899938473,0.0 -78.92480048097383,33.76115450182383,0.0</coordinates>
                    </LinearRing>
                </outerBoundaryIs>
            </Polygon>
        </Placemark>
        <Placemark id="850511">
            <name>42000000467.0</name>
            <description>PIN: 42000000467.0&lt;br&gt;Wetland %: 0.00&lt;br&gt;Flood %: 100.00&lt;br&gt;Parcel area (m²): 521.95</description>
            <styleUrl>#850516</styleUrl>
            <ExtendedData>
                <Data name="PIN">
                    <value>42000000467.0</value>
                </Data>
                <Data name="Wetland_%">
                    <value>0.00</value>
                </Data>
                <Data name="Flood_%">
                    <value>100.00</value>
                </Data>
                <Data name="Parcel_area_m2">
                    <value>521.95</value>
                </Data>
            </ExtendedData>
            <Polygon id="850510">
                <outerBoundaryIs>
                    <LinearRing id="850514">
                        <coordinates>-78.85659345290364,33.742007158180776,0.0 -78.85674049803573,33.74193217563503,0.0 -78.8568672884892,33.742105706716174,0.0 -78.85677906999406,33.74215069524114,0.0 -78.85672024420613,33.7421806912321,0.0 -78.85670166349936,33.74215526082196,0.0 -78.85659345290364,33.742007158180776,0.0</coordinates>
                    </LinearRing>
                </outerBoundaryIs>
            </Polygon>
        </Placemark>
        <Placemark id="850525">
            <name>42000000461.0</name>
            <description>PIN: 42000000461.0&lt;br&gt;Wetland %: 0.00&lt;br&gt;Flood %: 100.00&lt;br&gt;Parcel area (m²): 521.95</description>
            <styleUrl>#850530</styleUrl>
            <ExtendedData>
                <Data name="PIN">
                    <value>42000000461.0</value>
                </Data>
                <Data name="Wetland_%">
                    <value>0.00</value>
                </Data>
                <Data name="Flood_%">
                    <value>100.00</value>
                </Data>
                <Data name="Parcel_area_m2">
                    <value>521.95</value>
                </Data>
            </ExtendedData>
            <Polygon id="850524">
                <outerBoundaryIs>
                    <LinearRing id="850528">
                        <coordinates>-78.85659345290364,33.742007158180776,0.0 -78.85674049803573,33.74193217563503,0.0 -78.8568672884892,33.742105706716174,0.0 -78.85677906999406,33.74215069524114,0.0 -78.85672024420613,33.7421806912321,0.0 -78.85670166349936,33.74215526082196,0.0 -78.85659345290364,33.742007158180776,0.0</coordinates>
                    </LinearRing>
                </outerBoundaryIs>
            </Polygon>
        </Placemark>
        <Placemark id="850539">
            <name>42000000457.0</name>
            <description>PIN: 42000000457.0&lt;br&gt;Wetland %: 0.00&lt;br&gt;Flood %: 100.00&lt;br&gt;Parcel area (m²): 521.95</description>
            <styleUrl>#850544</styleUrl>
            <ExtendedData>
                <Data name="PIN">
                    <value>42000000457.0</value>
                </Data>
                <Data name="Wetland_%">
                    <value>0.00</value>
                </Data>
                <Data name="Flood_%">
                    <value>100.00</value>
                </Data>
                <Data name="Parcel_area_m2">
                    <value>521.95</value>
                </Data>
            </ExtendedData>
            <Polygon id="850538">
                <outerBoundaryIs>
                    <LinearRing id="850542">
                        <coordinates>-78.85659345290364,33.742007158180776,0.0 -78.85674049803573,33.74193217563503,0.0 -78.8568672884892,33.742105706716174,0.0 -78.85677906999406,33.74215069524114,0.0 -78.85672024420613,33.7421806912321,0.0 -78.85670166349936,33.74215526082196,0.0 -78.85659345290364,33.742007158180776,0.0</coordinates>
                    </LinearRing>
                </outerBoundaryIs>
            </Polygon>
        </Placemark>
        <Placemark id="850553">
            <name>42000000466.0</name>
            <description>PIN: 42000000466.0&lt;br&gt;Wetland %: 0.00&lt;br&gt;Flood %: 100.00&lt;br&gt;Parcel area (m²): 521.95</description>
            <styleUrl>#850558</styleUrl>
            <ExtendedData>
                <Data name="PIN">
                    <value>42000000466.0</value>
                </Data>
                <Data name="Wetland_%">
                    <value>0.00</value>
                </Data>
                <Data name="Flood_%">
                    <value>100.00</value>
                </Data>
                <Data name="Parcel_area_m2">
                    <value>521.95</value>
                </Data>
            </ExtendedData>
            <Polygon id="850552">
                <outerBoundaryIs>
                    <LinearRing id="850556">
                        <coordinates>-78.85659345290364,33.742007158180776,0.0 -78.85674049803573,33.74193217563503,0.0 -78.8568672884892,33.742105706716174,0.0 -78.85677906999406,33.74215069524114,0.0 -78.85672024420613,33.7421806912321,0.0 -78.85670166349936,33.74215526082196,0.0 -78.85659345290364,33.742007158180776,0.0</coordinates>
                    </LinearRing>
                </outerBoundaryIs>
            </Polygon>
        </Placemark>
        <Placemark id="850567">
            <name>42000000624.0</name>
            <description>PIN: 42000000624.0&lt;br&gt;Wetland %: 0.00&lt;br&gt;Flood %: 100.00&lt;br&gt;Parcel area (m²): 260.06</description>
            <styleUrl>#850572</styleUrl>
            <ExtendedData>
                <Data name="PIN">
                    <value>42000000624.0</value>
                </Data>
                <Data name="Wetland_%">
                    <value>0.00</value>
                </Data>
                <Data name="Flood_%">
                    <value>100.00</value>
                </Data>
                <Data name="Parcel_area_m2">
                    <value>260.06</value>
                </Data>
            </ExtendedData>
            <Polygon id="850566">
                <outerBoundaryIs>
                    <LinearRing id="850570">
                        <coordinates>-78.85375686522511,33.74094113911137,0.0 -78.85367364181398,33.741136669883375,0.0 -78.85359387472649,33.74111297415893,0.0 -78.85367640062877,33.74091962397212,0.0 -78.85375686522511,33.74094113911137,0.0</coordinates>
                    </LinearRing>
                </outerBoundaryIs>
            </Polygon>
        </Placemark>
        <Placemark id="850581">
            <name>42000000619.0</name>
            <description>PIN: 42000000619.0&lt;br&gt;Wetland %: 0.00&lt;br&gt;Flood %: 100.00&lt;br&gt;Parcel area (m²): 260.06</description>
            <styleUrl>#850586</styleUrl>
            <ExtendedData>
                <Data name="PIN">
                    <value>42000000619.0</value>
                </Data>
                <Data name="Wetland_%">
                    <value>0.00</value>
                </Data>
                <Data name="Flood_%">
                    <value>100.00</value>
                </Data>
                <Data name="Parcel_area_m2">
                    <value>260.06</value>
                </Data>
            </ExtendedData>
            <Polygon id="850580">
                <outerBoundaryIs>
                    <LinearRing id="850584">
                        <coordinates>-78.85375686522511,33.74094113911137,0.0 -78.85367364181398,33.741136669883375,0.0 -78.85359387472649,33.74111297415893,0.0 -78.85367640062877,33.74091962397212,0.0 -78.85375686522511,33.74094113911137,0.0</coordinates>
                    </LinearRing>
                </outerBoundaryIs>
            </Polygon>
        </Placemark>
        <Placemark id="850595">
            <name>42000000514.0</name>
            <description>PIN: 42000000514.0&lt;br&gt;Wetland %: 0.00&lt;br&gt;Flood %: 100.00&lt;br&gt;Parcel area (m²): 516.44</description>
            <styleUrl>#850600</styleUrl>
            <ExtendedData>
                <Data name="PIN">
                    <value>42000000514.0</value>
                </Data>
                <Data name="Wetland_%">
                    <value>0.00</value>
                </Data>
                <Data name="Flood_%">
                    <value>100.00</value>
                </Data>
                <Data name="Parcel_area_m2">
                    <value>516.44</value>
                </Data>
            </ExtendedData>
            <Polygon id="850594">
                <outerBoundaryIs>
                    <LinearRing id="850598">
                        <coordinates>-78.85613507068423,33.741145240835316,0.0 -78.85608263850463,33.741211290000905,0.0 -78.85604125853605,33.741263420632286,0.0 -78.8560026022849,33.74124200394764,0.0 -78.85583758877263,33.74115057934536,0.0 -78.85593140103221,33.741032401503496,0.0 -78.85610053481952,33.74112610717686,0.0 -78.85613507068423,33.741145240835316,0.0</coordinates>
                    </LinearRing>
                </outerBoundaryIs>
            </Polygon>
        </Placemark>
        <Placemark id="850609">
            <name>42000000518.0</name>
            <description>PIN: 42000000518.0&lt;br&gt;Wetland %: 0.00&lt;br&gt;Flood %: 100.00&lt;br&gt;Parcel area (m²): 516.44</description>
            <styleUrl>#850614</styleUrl>
            <ExtendedData>
                <Data name="PIN">
                    <value>42000000518.0</value>
                </Data>
                <Data name="Wetland_%">
                    <value>0.00</value>
                </Data>
                <Data name="Flood_%">
                    <value>100.00</value>
                </Data>
                <Data name="Parcel_area_m2">
                    <value>516.44</value>
                </Data>
            </ExtendedData>
            <Polygon id="850608">
                <outerBoundaryIs>
                    <LinearRing id="850612">
                        <coordinates>-78.85613507068423,33.741145240835316,0.0 -78.85608263850463,33.741211290000905,0.0 -78.85604125853605,33.741263420632286,0.0 -78.8560026022849,33.74124200394764,0.0 -78.85583758877263,33.74115057934536,0.0 -78.85593140103221,33.741032401503496,0.0 -78.85610053481952,33.74112610717686,0.0 -78.85613507068423,33.741145240835316,0.0</coordinates>
                    </LinearRing>
                </outerBoundaryIs>
            </Polygon>
        </Placemark>
        <Placemark id="850623">
            <name>42000000517.0</name>
            <description>PIN: 42000000517.0&lt;br&gt;Wetland %: 0.00&lt;br&gt;Flood %: 100.00&lt;br&gt;Parcel area (m²): 516.44</description>
            <styleUrl>#850628</styleUrl>
            <ExtendedData>
                <Data name="PIN">
                    <value>42000000517.0</value>
                </Data>
                <Data name="Wetland_%">
                    <value>0.00</value>
                </Data>
                <Data name="Flood_%">
                    <value>100.00</value>
                </Data>
                <Data name="Parcel_area_m2">
                    <value>516.44</value>
                </Data>
            </ExtendedData>
            <Polygon id="850622">
                <outerBoundaryIs>
                    <LinearRing id="850626">
                        <coordinates>-78.85613507068423,33.741145240835316,0.0 -78.85608263850463,33.741211290000905,0.0 -78.85604125853605,33.741263420632286,0.0 -78.8560026022849,33.74124200394764,0.0 -78.85583758877263,33.74115057934536,0.0 -78.85593140103221,33.741032401503496,0.0 -78.85610053481952,33.74112610717686,0.0 -78.85613507068423,33.741145240835316,0.0</coordinates>
                    </LinearRing>
                </outerBoundaryIs>
            </Polygon>
        </Placemark>
        <Placemark id="850637">
            <name>42000000264.0</name>
            <description>PIN: 42000000264.0&lt;br&gt;Wetland %: 0.00&lt;br&gt;Flood %: 100.00&lt;br&gt;Parcel area (m²): 524.46</description>
            <styleUrl>#850642</styleUrl>
            <ExtendedData>
                <Data name="PIN">
                    <value>42000000264.0</value>
                </Data>
                <Data name="Wetland_%">
                    <value>0.00</value>
                </Data>
                <Data name="Flood_%">
                    <value>100.00</value>
                </Data>
                <Data name="Parcel_area_m2">
                    <value>524.46</value>
                </Data>
            </ExtendedData>
            <Polygon id="850636">
                <outerBoundaryIs>
                    <LinearRing id="850640">
                        <coordinates>-78.85472227321384,33.74220696033469,0.0 -78.85471333809839,33.742216476961396,0.0 -78.85468467201926,33.742248044955815,0.0 -78.85461853955009,33.74232087395954,0.0 -78.85442364568534,33.742194209601024,0.0 -78.85452884036606,33.74208124507319,0.0 -78.85468627556395,33.74218356267583,0.0 -78.85472227321384,33.74220696033469,0.0</coordinates>
                    </LinearRing>
                </outerBoundaryIs>
            </Polygon>
        </Placemark>
        <Placemark id="850651">
            <name>42000000263.0</name>
            <description>PIN: 42000000263.0&lt;br&gt;Wetland %: 0.00&lt;br&gt;Flood %: 100.00&lt;br&gt;Parcel area (m²): 524.46</description>
            <styleUrl>#850656</styleUrl>
            <ExtendedData>
                <Data name="PIN">
                    <value>42000000263.0</value>
                </Data>
                <Data name="Wetland_%">
                    <value>0.00</value>
                </Data>
                <Data name="Flood_%">
                    <value>100.00</value>
                </Data>
                <Data name="Parcel_area_m2">
                    <value>524.46</value>
                </Data>
            </ExtendedData>
            <Polygon id="850650">
                <outerBoundaryIs>
                    <LinearRing id="850654">
                        <coordinates>-78.85472227321384,33.74220696033469,0.0 -78.85471333809839,33.742216476961396,0.0 -78.85468467201926,33.742248044955815,0.0 -78.85461853955009,33.74232087395954,0.0 -78.85442364568534,33.742194209601024,0.0 -78.85452884036606,33.74208124507319,0.0 -78.85468627556395,33.74218356267583,0.0 -78.85472227321384,33.74220696033469,0.0</coordinates>
                    </LinearRing>
                </outerBoundaryIs>
            </Polygon>
        </Placemark>
        <Placemark id="850665">
            <name>42000000261.0</name>
            <description>PIN: 42000000261.0&lt;br&gt;Wetland %: 0.00&lt;br&gt;Flood %: 100.00&lt;br&gt;Parcel area (m²): 524.46</description>
            <styleUrl>#850670</styleUrl>
            <ExtendedData>
                <Data name="PIN">
                    <value>42000000261.0</value>
                </Data>
                <Data name="Wetland_%">
                    <value>0.00</value>
                </Data>
                <Data name="Flood_%">
                    <value>100.00</value>
                </Data>
                <Data name="Parcel_area_m2">
                    <value>524.46</value>
                </Data>
            </ExtendedData>
            <Polygon id="850664">
                <outerBoundaryIs>
                    <LinearRing id="850668">
                        <coordinates>-78.85472227321384,33.74220696033469,0.0 -78.85471333809839,33.742216476961396,0.0 -78.85468467201926,33.742248044955815,0.0 -78.85461853955009,33.74232087395954,0.0 -78.85442364568534,33.742194209601024,0.0 -78.85452884036606,33.74208124507319,0.0 -78.85468627556395,33.74218356267583,0.0 -78.85472227321384,33.74220696033469,0.0</coordinates>
                    </LinearRing>
                </outerBoundaryIs>
            </Polygon>
        </Placemark>
        <Placemark id="850679">
            <name>39812040006.0</name>
            <description>PIN: 39812040006.0&lt;br&gt;Wetland %: 0.00&lt;br&gt;Flood %: 100.00&lt;br&gt;Parcel area (m²): 862.34</description>
            <styleUrl>#850684</styleUrl>
            <ExtendedData>
                <Data name="PIN">
                    <value>39812040006.0</value>
                </Data>
                <Data name="Wetland_%">
                    <value>0.00</value>
                </Data>
                <Data name="Flood_%">
                    <value>100.00</value>
                </Data>
                <Data name="Parcel_area_m2">
                    <value>862.34</value>
                </Data>
            </ExtendedData>
            <Polygon id="850678">
                <outerBoundaryIs>
                    <LinearRing id="850682">
                        <coordinates>-78.9243786439464,33.76093666160297,0.0 -78.9243394163379,33.76093867139201,0.0 -78.92434138403655,33.760968118254816,0.0 -78.92404645272983,33.76098186862175,0.0 -78.92404440203866,33.76095120725966,0.0 -78.92400535824005,33.76095302701357,0.0 -78.92399824469676,33.760846605776294,0.0 -78.92403890030944,33.760844711152856,0.0 -78.92403688736727,33.76081459068128,0.0 -78.92433131107683,33.76080086429969,0.0 -78.92433332332386,33.760830973028014,0.0 -78.92437146006313,33.76082919477556,0.0 -78.9243786439464,33.76093666160297,0.0</coordinates>
                    </LinearRing>
                </outerBoundaryIs>
            </Polygon>
        </Placemark>
        <Placemark id="850693">
            <name>39812040008.0</name>
            <description>PIN: 39812040008.0&lt;br&gt;Wetland %: 0.00&lt;br&gt;Flood %: 100.00&lt;br&gt;Parcel area (m²): 862.34</description>
            <styleUrl>#850698</styleUrl>
            <ExtendedData>
                <Data name="PIN">
                    <value>39812040008.0</value>
                </Data>
                <Data name="Wetland_%">
                    <value>0.00</value>
                </Data>
                <Data name="Flood_%">
                    <value>100.00</value>
                </Data>
                <Data name="Parcel_area_m2">
                    <value>862.34</value>
                </Data>
            </ExtendedData>
            <Polygon id="850692">
                <outerBoundaryIs>
                    <LinearRing id="850696">
                        <coordinates>-78.9243786439464,33.76093666160297,0.0 -78.9243394163379,33.76093867139201,0.0 -78.92434138403655,33.760968118254816,0.0 -78.92404645272983,33.76098186862175,0.0 -78.92404440203866,33.76095120725966,0.0 -78.92400535824005,33.76095302701357,0.0 -78.92399824469676,33.760846605776294,0.0 -78.92403890030944,33.760844711152856,0.0 -78.92403688736727,33.76081459068128,0.0 -78.92433131107683,33.76080086429969,0.0 -78.92433332332386,33.760830973028014,0.0 -78.92437146006313,33.76082919477556,0.0 -78.9243786439464,33.76093666160297,0.0</coordinates>
                    </LinearRing>
                </outerBoundaryIs>
            </Polygon>
        </Placemark>
        <Placemark id="850707">
            <name>39812040014.0</name>
            <description>PIN: 39812040014.0&lt;br&gt;Wetland %: 0.00&lt;br&gt;Flood %: 100.00&lt;br&gt;Parcel area (m²): 680.41</description>
            <styleUrl>#850712</styleUrl>
            <ExtendedData>
                <Data name="PIN">
                    <value>39812040014.0</value>
                </Data>
                <Data name="Wetland_%">
                    <value>0.00</value>
                </Data>
                <Data name="Flood_%">
                    <value>100.00</value>
                </Data>
                <Data name="Parcel_area_m2">
                    <value>680.41</value>
                </Data>
            </ExtendedData>
            <Polygon id="850706">
                <outerBoundaryIs>
                    <LinearRing id="850710">
                        <coordinates>-78.92479191569961,33.76090690014015,0.0 -78.92476536242877,33.760908053867986,0.0 -78.92476654141763,33.76092697004819,0.0 -78.92448303628596,33.76093928332001,0.0 -78.92448190908799,33.76092117974497,0.0 -78.92445671998622,33.76092227511832,0.0 -78.92445017195924,33.76081710175752,0.0 -78.92447715532055,33.76081544030905,0.0 -78.92447605467899,33.76079775928382,0.0 -78.92475831943463,33.760785500991794,0.0 -78.92475940323682,33.76080289672018,0.0 -78.92478537054252,33.76080177014456,0.0 -78.92479191569961,33.76090690014015,0.0</coordinates>
                    </LinearRing>
                </outerBoundaryIs>
            </Polygon>
        </Placemark>
        <Placemark id="850721">
            <name>39812040016.0</name>
            <description>PIN: 39812040016.0&lt;br&gt;Wetland %: 0.00&lt;br&gt;Flood %: 100.00&lt;br&gt;Parcel area (m²): 680.41</description>
            <styleUrl>#850726</styleUrl>
            <ExtendedData>
                <Data name="PIN">
                    <value>39812040016.0</value>
                </Data>
                <Data name="Wetland_%">
                    <value>0.00</value>
                </Data>
                <Data name="Flood_%">
                    <value>100.00</value>
                </Data>
                <Data name="Parcel_area_m2">
                    <value>680.41</value>
                </Data>
            </ExtendedData>
            <Polygon id="850720">
                <outerBoundaryIs>
                    <LinearRing id="850724">
                        <coordinates>-78.92479191569961,33.76090690014015,0.0 -78.92476536242877,33.760908053867986,0.0 -78.92476654141763,33.76092697004819,0.0 -78.92448303628596,33.76093928332001,0.0 -78.92448190908799,33.76092117974497,0.0 -78.92445671998622,33.76092227511832,0.0 -78.92445017195924,33.76081710175752,0.0 -78.92447715532055,33.76081544030905,0.0 -78.92447605467899,33.76079775928382,0.0 -78.92475831943463,33.760785500991794,0.0 -78.92475940323682,33.76080289672018,0.0 -78.92478537054252,33.76080177014456,0.0 -78.92479191569961,33.76090690014015,0.0</coordinates>
                    </LinearRing>
                </outerBoundaryIs>
            </Polygon>
        </Placemark>
        <Placemark id="850735">
            <name>39812040023.0</name>
            <description>PIN: 39812040023.0&lt;br&gt;Wetland %: 0.00&lt;br&gt;Flood %: 100.00&lt;br&gt;Parcel area (m²): 663.50</description>
            <styleUrl>#850740</styleUrl>
            <ExtendedData>
                <Data name="PIN">
                    <value>39812040023.0</value>
                </Data>
                <Data name="Wetland_%">
                    <value>0.00</value>
                </Data>
                <Data name="Flood_%">
                    <value>100.00</value>
                </Data>
                <Data name="Parcel_area_m2">
                    <value>663.50</value>
                </Data>
            </ExtendedData>
            <Polygon id="850734">
                <outerBoundaryIs>
                    <LinearRing id="850738">
                        <coordinates>-78.92489774390633,33.76091568775793,0.0 -78.92489705589016,33.760902354663884,0.0 -78.92486903923981,33.760902752401016,0.0 -78.92486359674194,33.760797433461384,0.0 -78.92488797392835,33.76079655528262,0.0 -78.92488707884219,33.76077921413123,0.0 -78.92505912629859,33.76077301548678,0.0 -78.92517265017798,33.76076892335745,0.0 -78.92517338021715,33.760783025601484,0.0 -78.92520074143789,33.76078204046897,0.0 -78.92520615956185,33.76088690801178,0.0 -78.92518026058154,33.7608878419063,0.0 -78.92518117141674,33.7609054737408,0.0 -78.92505583325624,33.760909990973055,0.0 -78.92489774390633,33.76091568775793,0.0</coordinates>
                    </LinearRing>
                </outerBoundaryIs>
            </Polygon>
        </Placemark>
        <Placemark id="850749">
            <name>39812040025.0</name>
            <description>PIN: 39812040025.0&lt;br&gt;Wetland %: 0.00&lt;br&gt;Flood %: 100.00&lt;br&gt;Parcel area (m²): 663.50</description>
            <styleUrl>#850754</styleUrl>
            <ExtendedData>
                <Data name="PIN">
                    <value>39812040025.0</value>
                </Data>
                <Data name="Wetland_%">
                    <value>0.00</value>
                </Data>
                <Data name="Flood_%">
                    <value>100.00</value>
                </Data>
                <Data name="Parcel_area_m2">
                    <value>663.50</value>
                </Data>
            </ExtendedData>
            <Polygon id="850748">
                <outerBoundaryIs>
                    <LinearRing id="850752">
                        <coordinates>-78.92489774390633,33.76091568775793,0.0 -78.92489705589016,33.760902354663884,0.0 -78.92486903923981,33.760902752401016,0.0 -78.92486359674194,33.760797433461384,0.0 -78.92488797392835,33.76079655528262,0.0 -78.92488707884219,33.76077921413123,0.0 -78.92505912629859,33.76077301548678,0.0 -78.92517265017798,33.76076892335745,0.0 -78.92517338021715,33.760783025601484,0.0 -78.92520074143789,33.76078204046897,0.0 -78.92520615956185,33.76088690801178,0.0 -78.92518026058154,33.7608878419063,0.0 -78.92518117141674,33.7609054737408,0.0 -78.92505583325624,33.760909990973055,0.0 -78.92489774390633,33.76091568775793,0.0</coordinates>
                    </LinearRing>
                </outerBoundaryIs>
            </Polygon>
        </Placemark>
        <Placemark id="850763">
            <name>39812040037.0</name>
            <description>PIN: 39812040037.0&lt;br&gt;Wetland %: 0.00&lt;br&gt;Flood %: 100.00&lt;br&gt;Parcel area (m²): 810.61</description>
            <styleUrl>#850768</styleUrl>
            <ExtendedData>
                <Data name="PIN">
                    <value>39812040037.0</value>
                </Data>
                <Data name="Wetland_%">
                    <value>0.00</value>
                </Data>
                <Data name="Flood_%">
                    <value>100.00</value>
                </Data>
                <Data name="Parcel_area_m2">
                    <value>810.61</value>
                </Data>
            </ExtendedData>
            <Polygon id="850762">
                <outerBoundaryIs>
                    <LinearRing id="850766">
                        <coordinates>-78.92439043443184,33.76116114767849,0.0 -78.92435201540998,33.761162893243295,0.0 -78.92435280336284,33.76117498605562,0.0 -78.9243335144244,33.76117586110888,0.0 -78.9243346951103,33.761193984522876,0.0 -78.92408267688181,33.761205432570286,0.0 -78.9240815003013,33.76118736514182,0.0 -78.92406095516084,33.76118829844449,0.0 -78.92406022408424,33.76117707514582,0.0 -78.92402295204992,33.76117876769996,0.0 -78.92401614682454,33.761074252016094,0.0 -78.92405454526138,33.761072508014585,0.0 -78.92405378345232,33.761060811586844,0.0 -78.92407436860948,33.761059874447646,0.0 -78.92407316685919,33.76104141696096,0.0 -78.92432314360798,33.76103006186228,0.0 -78.92432438160013,33.76104908005428,0.0 -78.92434469864338,33.76104815550871,0.0 -78.92434540516184,33.7610590095026,0.0 -78.92438366844091,33.76105727215092,0.0 -78.92439043443184,33.76116114767849,0.0</coordinates>
                    </LinearRing>
                </outerBoundaryIs>
            </Polygon>
        </Placemark>
        <Placemark id="850777">
            <name>39812040039.0</name>
            <description>PIN: 39812040039.0&lt;br&gt;Wetland %: 0.00&lt;br&gt;Flood %: 100.00&lt;br&gt;Parcel area (m²): 810.61</description>
            <styleUrl>#850782</styleUrl>
            <ExtendedData>
                <Data name="PIN">
                    <value>39812040039.0</value>
                </Data>
                <Data name="Wetland_%">
                    <value>0.00</value>
                </Data>
                <Data name="Flood_%">
                    <value>100.00</value>
                </Data>
                <Data name="Parcel_area_m2">
                    <value>810.61</value>
                </Data>
            </ExtendedData>
            <Polygon id="850776">
                <outerBoundaryIs>
                    <LinearRing id="850780">
                        <coordinates>-78.92439043443184,33.76116114767849,0.0 -78.92435201540998,33.761162893243295,0.0 -78.92435280336284,33.76117498605562,0.0 -78.9243335144244,33.76117586110888,0.0 -78.9243346951103,33.761193984522876,0.0 -78.92408267688181,33.761205432570286,0.0 -78.9240815003013,33.76118736514182,0.0 -78.92406095516084,33.76118829844449,0.0 -78.92406022408424,33.76117707514582,0.0 -78.92402295204992,33.76117876769996,0.0 -78.92401614682454,33.761074252016094,0.0 -78.92405454526138,33.761072508014585,0.0 -78.92405378345232,33.761060811586844,0.0 -78.92407436860948,33.761059874447646,0.0 -78.92407316685919,33.76104141696096,0.0 -78.92432314360798,33.76103006186228,0.0 -78.92432438160013,33.76104908005428,0.0 -78.92434469864338,33.76104815550871,0.0 -78.92434540516184,33.7610590095026,0.0 -78.92438366844091,33.76105727215092,0.0 -78.92439043443184,33.76116114767849,0.0</coordinates>
                    </LinearRing>
                </outerBoundaryIs>
            </Polygon>
        </Placemark>
        <Placemark id="850791">
            <name>39812040046.0</name>
            <description>PIN: 39812040046.0&lt;br&gt;Wetland %: 0.00&lt;br&gt;Flood %: 100.00&lt;br&gt;Parcel area (m²): 810.74</description>
            <styleUrl>#850796</styleUrl>
            <ExtendedData>
                <Data name="PIN">
                    <value>39812040046.0</value>
                </Data>
                <Data name="Wetland_%">
                    <value>0.00</value>
                </Data>
                <Data name="Flood_%">
                    <value>100.00</value>
                </Data>
                <Data name="Parcel_area_m2">
                    <value>810.74</value>
                </Data>
            </ExtendedData>
            <Polygon id="850790">
                <outerBoundaryIs>
                    <LinearRing id="850794">
                        <coordinates>-78.92435201855955,33.76051927635976,0.0 -78.92431355322208,33.76052093905506,0.0 -78.92431438070994,33.76053430606255,0.0 -78.92429326717998,33.76053521723794,0.0 -78.92429440671589,33.760553614152144,0.0 -78.92404606635944,33.76056433551186,0.0 -78.92404495808259,33.76054643698632,0.0 -78.92402217442361,33.760547421107624,0.0 -78.92402144063783,33.76053559256433,0.0 -78.92398415468367,33.76053720189091,0.0 -78.92397769792623,33.760432883247915,0.0 -78.92401627346112,33.760431217095096,0.0 -78.92401551364638,33.76041894436344,0.0 -78.92403590184605,33.76041806345575,0.0 -78.92403480185185,33.76040026969279,0.0 -78.92428517829859,33.76038945986168,0.0 -78.9242862564903,33.76040690510948,0.0 -78.92430770616319,33.76040597973295,0.0 -78.92430849412366,33.76041870029333,0.0 -78.92434569461697,33.76041709484772,0.0 -78.92435201855955,33.76051927635976,0.0</coordinates>
                    </LinearRing>
                </outerBoundaryIs>
            </Polygon>
        </Placemark>
        <Placemark id="850805">
            <name>39812040048.0</name>
            <description>PIN: 39812040048.0&lt;br&gt;Wetland %: 0.00&lt;br&gt;Flood %: 100.00&lt;br&gt;Parcel area (m²): 810.74</description>
            <styleUrl>#850810</styleUrl>
            <ExtendedData>
                <Data name="PIN">
                    <value>39812040048.0</value>
                </Data>
                <Data name="Wetland_%">
                    <value>0.00</value>
                </Data>
                <Data name="Flood_%">
                    <value>100.00</value>
                </Data>
                <Data name="Parcel_area_m2">
                    <value>810.74</value>
                </Data>
            </ExtendedData>
            <Polygon id="850804">
                <outerBoundaryIs>
                    <LinearRing id="850808">
                        <coordinates>-78.92435201855955,33.76051927635976,0.0 -78.92431355322208,33.76052093905506,0.0 -78.92431438070994,33.76053430606255,0.0 -78.92429326717998,33.76053521723794,0.0 -78.92429440671589,33.760553614152144,0.0 -78.92404606635944,33.76056433551186,0.0 -78.92404495808259,33.76054643698632,0.0 -78.92402217442361,33.760547421107624,0.0 -78.92402144063783,33.76053559256433,0.0 -78.92398415468367,33.76053720189091,0.0 -78.92397769792623,33.760432883247915,0.0 -78.92401627346112,33.760431217095096,0.0 -78.92401551364638,33.76041894436344,0.0 -78.92403590184605,33.76041806345575,0.0 -78.92403480185185,33.76040026969279,0.0 -78.92428517829859,33.76038945986168,0.0 -78.9242862564903,33.76040690510948,0.0 -78.92430770616319,33.76040597973295,0.0 -78.92430849412366,33.76041870029333,0.0 -78.92434569461697,33.76041709484772,0.0 -78.92435201855955,33.76051927635976,0.0</coordinates>
                    </LinearRing>
                </outerBoundaryIs>
            </Polygon>
        </Placemark>
        <Placemark id="850819">
            <name>35607020198.0</name>
            <description>PIN: 35607020198.0&lt;br&gt;Wetland %: 0.00&lt;br&gt;Flood %: 100.00&lt;br&gt;Parcel area (m²): 148.17</description>
            <styleUrl>#850824</styleUrl>
            <ExtendedData>
                <Data name="PIN">
                    <value>35607020198.0</value>
                </Data>
                <Data name="Wetland_%">
                    <value>0.00</value>
                </Data>
                <Data name="Flood_%">
                    <value>100.00</value>
                </Data>
                <Data name="Parcel_area_m2">
                    <value>148.17</value>
                </Data>
            </ExtendedData>
            <Polygon id="850818">
                <outerBoundaryIs>
                    <LinearRing id="850822">
                        <coordinates>-78.67229259920587,33.822668644629566,0.0 -78.67241574396397,33.82262160233497,0.0 -78.67248950128308,33.8225934251558,0.0 -78.67248979721103,33.82259331165937,0.0 -78.67250540948126,33.8226198732147,0.0 -78.6725142033282,33.82263483714429,0.0 -78.67241438507273,33.8226719923488,0.0 -78.67231206794924,33.82271007732444,0.0 -78.67229259920587,33.822668644629566,0.0</coordinates>
                    </LinearRing>
                </outerBoundaryIs>
            </Polygon>
        </Placemark>
        <Placemark id="850833">
            <name>35600000283.0</name>
            <description>PIN: 35600000283.0&lt;br&gt;Wetland %: 0.00&lt;br&gt;Flood %: 0.00&lt;br&gt;Parcel area (m²): 1532.46</description>
            <styleUrl>#850838</styleUrl>
            <ExtendedData>
                <Data name="PIN">
                    <value>35600000283.0</value>
                </Data>
                <Data name="Wetland_%">
                    <value>0.00</value>
                </Data>
                <Data name="Flood_%">
                    <value>0.00</value>
                </Data>
                <Data name="Parcel_area_m2">
                    <value>1532.46</value>
                </Data>
            </ExtendedData>
            <Polygon id="850832">
                <outerBoundaryIs>
                    <LinearRing id="850836">
                        <coordinates>-78.67009525364078,33.8252406168985,0.0 -78.66995764676611,33.825335109766144,0.0 -78.66989992496703,33.82527697749947,0.0 -78.66986718885626,33.82529990097904,0.0 -78.66981348051408,33.82524562345627,0.0 -78.66980256579568,33.825253323788395,0.0 -78.66974725883468,33.825197297896054,0.0 -78.66973633953688,33.825205167706414,0.0 -78.6696225101872,33.82509013563488,0.0 -78.66964347822443,33.82507609699628,0.0 -78.66958736120111,33.82501954165651,0.0 -78.66961335949456,33.8250021603026,0.0 -78.66955645190416,33.82494438864298,0.0 -78.66970497108738,33.824842196751085,0.0 -78.66978671782103,33.82492552502631,0.0 -78.66975063839489,33.82495027697841,0.0 -78.66982598052239,33.82502678214517,0.0 -78.66984779015709,33.82501207201195,0.0 -78.66992793638788,33.825093650007496,0.0 -78.66990360288695,33.82511037455606,0.0 -78.66998296322214,33.82519056582577,0.0 -78.67002072024209,33.82516464305314,0.0 -78.67009525364078,33.8252406168985,0.0</coordinates>
                    </LinearRing>
                </outerBoundaryIs>
            </Polygon>
        </Placemark>
        <Placemark id="850847">
            <name>35600000286.0</name>
            <description>PIN: 35600000286.0&lt;br&gt;Wetland %: 0.00&lt;br&gt;Flood %: 0.00&lt;br&gt;Parcel area (m²): 1532.46</description>
            <styleUrl>#850852</styleUrl>
            <ExtendedData>
                <Data name="PIN">
                    <value>35600000286.0</value>
                </Data>
                <Data name="Wetland_%">
                    <value>0.00</value>
                </Data>
                <Data name="Flood_%">
                    <value>0.00</value>
                </Data>
                <Data name="Parcel_area_m2">
                    <value>1532.46</value>
                </Data>
            </ExtendedData>
            <Polygon id="850846">
                <outerBoundaryIs>
                    <LinearRing id="850850">
                        <coordinates>-78.67009525364078,33.8252406168985,0.0 -78.66995764676611,33.825335109766144,0.0 -78.66989992496703,33.82527697749947,0.0 -78.66986718885626,33.82529990097904,0.0 -78.66981348051408,33.82524562345627,0.0 -78.66980256579568,33.825253323788395,0.0 -78.66974725883468,33.825197297896054,0.0 -78.66973633953688,33.825205167706414,0.0 -78.6696225101872,33.82509013563488,0.0 -78.66964347822443,33.82507609699628,0.0 -78.66958736120111,33.82501954165651,0.0 -78.66961335949456,33.8250021603026,0.0 -78.66955645190416,33.82494438864298,0.0 -78.66970497108738,33.824842196751085,0.0 -78.66978671782103,33.82492552502631,0.0 -78.66975063839489,33.82495027697841,0.0 -78.66982598052239,33.82502678214517,0.0 -78.66984779015709,33.82501207201195,0.0 -78.66992793638788,33.825093650007496,0.0 -78.66990360288695,33.82511037455606,0.0 -78.66998296322214,33.82519056582577,0.0 -78.67002072024209,33.82516464305314,0.0 -78.67009525364078,33.8252406168985,0.0</coordinates>
                    </LinearRing>
                </outerBoundaryIs>
            </Polygon>
        </Placemark>
        <Placemark id="850861">
            <name>35600000268.0</name>
            <description>PIN: 35600000268.0&lt;br&gt;Wetland %: 0.00&lt;br&gt;Flood %: 0.00&lt;br&gt;Parcel area (m²): 1532.46</description>
            <styleUrl>#850866</styleUrl>
            <ExtendedData>
                <Data name="PIN">
                    <value>35600000268.0</value>
                </Data>
                <Data name="Wetland_%">
                    <value>0.00</value>
                </Data>
                <Data name="Flood_%">
                    <value>0.00</value>
                </Data>
                <Data name="Parcel_area_m2">
                    <value>1532.46</value>
                </Data>
            </ExtendedData>
            <Polygon id="850860">
                <outerBoundaryIs>
                    <LinearRing id="850864">
                        <coordinates>-78.67009525364078,33.8252406168985,0.0 -78.66995764676611,33.825335109766144,0.0 -78.66989992496703,33.82527697749947,0.0 -78.66986718885626,33.82529990097904,0.0 -78.66981348051408,33.82524562345627,0.0 -78.66980256579568,33.825253323788395,0.0 -78.66974725883468,33.825197297896054,0.0 -78.66973633953688,33.825205167706414,0.0 -78.6696225101872,33.82509013563488,0.0 -78.66964347822443,33.82507609699628,0.0 -78.66958736120111,33.82501954165651,0.0 -78.66961335949456,33.8250021603026,0.0 -78.66955645190416,33.82494438864298,0.0 -78.66970497108738,33.824842196751085,0.0 -78.66978671782103,33.82492552502631,0.0 -78.66975063839489,33.82495027697841,0.0 -78.66982598052239,33.82502678214517,0.0 -78.66984779015709,33.82501207201195,0.0 -78.66992793638788,33.825093650007496,0.0 -78.66990360288695,33.82511037455606,0.0 -78.66998296322214,33.82519056582577,0.0 -78.67002072024209,33.82516464305314,0.0 -78.67009525364078,33.8252406168985,0.0</coordinates>
                    </LinearRing>
                </outerBoundaryIs>
            </Polygon>
        </Placemark>
        <Placemark id="850875">
            <name>35600000266.0</name>
            <description>PIN: 35600000266.0&lt;br&gt;Wetland %: 0.00&lt;br&gt;Flood %: 0.00&lt;br&gt;Parcel area (m²): 1532.46</description>
            <styleUrl>#850880</styleUrl>
            <ExtendedData>
                <Data name="PIN">
                    <value>35600000266.0</value>
                </Data>
                <Data name="Wetland_%">
                    <value>0.00</value>
                </Data>
                <Data name="Flood_%">
                    <value>0.00</value>
                </Data>
                <Data name="Parcel_area_m2">
                    <value>1532.46</value>
                </Data>
            </ExtendedData>
            <Polygon id="850874">
                <outerBoundaryIs>
                    <LinearRing id="850878">
                        <coordinates>-78.67009525364078,33.8252406168985,0.0 -78.66995764676611,33.825335109766144,0.0 -78.66989992496703,33.82527697749947,0.0 -78.66986718885626,33.82529990097904,0.0 -78.66981348051408,33.82524562345627,0.0 -78.66980256579568,33.825253323788395,0.0 -78.66974725883468,33.825197297896054,0.0 -78.66973633953688,33.825205167706414,0.0 -78.6696225101872,33.82509013563488,0.0 -78.66964347822443,33.82507609699628,0.0 -78.66958736120111,33.82501954165651,0.0 -78.66961335949456,33.8250021603026,0.0 -78.66955645190416,33.82494438864298,0.0 -78.66970497108738,33.824842196751085,0.0 -78.66978671782103,33.82492552502631,0.0 -78.66975063839489,33.82495027697841,0.0 -78.66982598052239,33.82502678214517,0.0 -78.66984779015709,33.82501207201195,0.0 -78.66992793638788,33.825093650007496,0.0 -78.66990360288695,33.82511037455606,0.0 -78.66998296322214,33.82519056582577,0.0 -78.67002072024209,33.82516464305314,0.0 -78.67009525364078,33.8252406168985,0.0</coordinates>
                    </LinearRing>
                </outerBoundaryIs>
            </Polygon>
        </Placemark>
        <Placemark id="850889">
            <name>35600000288.0</name>
            <description>PIN: 35600000288.0&lt;br&gt;Wetland %: 0.00&lt;br&gt;Flood %: 0.00&lt;br&gt;Parcel area (m²): 1532.46</description>
            <styleUrl>#850894</styleUrl>
            <ExtendedData>
                <Data name="PIN">
                    <value>35600000288.0</value>
                </Data>
                <Data name="Wetland_%">
                    <value>0.00</value>
                </Data>
                <Data name="Flood_%">
                    <value>0.00</value>
                </Data>
                <Data name="Parcel_area_m2">
                    <value>1532.46</value>
                </Data>
            </ExtendedData>
            <Polygon id="850888">
                <outerBoundaryIs>
                    <LinearRing id="850892">
                        <coordinates>-78.67009525364078,33.8252406168985,0.0 -78.66995764676611,33.825335109766144,0.0 -78.66989992496703,33.82527697749947,0.0 -78.66986718885626,33.82529990097904,0.0 -78.66981348051408,33.82524562345627,0.0 -78.66980256579568,33.825253323788395,0.0 -78.66974725883468,33.825197297896054,0.0 -78.66973633953688,33.825205167706414,0.0 -78.6696225101872,33.82509013563488,0.0 -78.66964347822443,33.82507609699628,0.0 -78.66958736120111,33.82501954165651,0.0 -78.66961335949456,33.8250021603026,0.0 -78.66955645190416,33.82494438864298,0.0 -78.66970497108738,33.824842196751085,0.0 -78.66978671782103,33.82492552502631,0.0 -78.66975063839489,33.82495027697841,0.0 -78.66982598052239,33.82502678214517,0.0 -78.66984779015709,33.82501207201195,0.0 -78.66992793638788,33.825093650007496,0.0 -78.66990360288695,33.82511037455606,0.0 -78.66998296322214,33.82519056582577,0.0 -78.67002072024209,33.82516464305314,0.0 -78.67009525364078,33.8252406168985,0.0</coordinates>
                    </LinearRing>
                </outerBoundaryIs>
            </Polygon>
        </Placemark>
        <Placemark id="850903">
            <name>35600000280.0</name>
            <description>PIN: 35600000280.0&lt;br&gt;Wetland %: 0.00&lt;br&gt;Flood %: 0.00&lt;br&gt;Parcel area (m²): 1532.46</description>
            <styleUrl>#850908</styleUrl>
            <ExtendedData>
                <Data name="PIN">
                    <value>35600000280.0</value>
                </Data>
                <Data name="Wetland_%">
                    <value>0.00</value>
                </Data>
                <Data name="Flood_%">
                    <value>0.00</value>
                </Data>
                <Data name="Parcel_area_m2">
                    <value>1532.46</value>
                </Data>
            </ExtendedData>
            <Polygon id="850902">
                <outerBoundaryIs>
                    <LinearRing id="850906">
                        <coordinates>-78.67009525364078,33.8252406168985,0.0 -78.66995764676611,33.825335109766144,0.0 -78.66989992496703,33.82527697749947,0.0 -78.66986718885626,33.82529990097904,0.0 -78.66981348051408,33.82524562345627,0.0 -78.66980256579568,33.825253323788395,0.0 -78.66974725883468,33.825197297896054,0.0 -78.66973633953688,33.825205167706414,0.0 -78.6696225101872,33.82509013563488,0.0 -78.66964347822443,33.82507609699628,0.0 -78.66958736120111,33.82501954165651,0.0 -78.66961335949456,33.8250021603026,0.0 -78.66955645190416,33.82494438864298,0.0 -78.66970497108738,33.824842196751085,0.0 -78.66978671782103,33.82492552502631,0.0 -78.66975063839489,33.82495027697841,0.0 -78.66982598052239,33.82502678214517,0.0 -78.66984779015709,33.82501207201195,0.0 -78.66992793638788,33.825093650007496,0.0 -78.66990360288695,33.82511037455606,0.0 -78.66998296322214,33.82519056582577,0.0 -78.67002072024209,33.82516464305314,0.0 -78.67009525364078,33.8252406168985,0.0</coordinates>
                    </LinearRing>
                </outerBoundaryIs>
            </Polygon>
        </Placemark>
        <Placemark id="850917">
            <name>35600000281.0</name>
            <description>PIN: 35600000281.0&lt;br&gt;Wetland %: 0.00&lt;br&gt;Flood %: 0.00&lt;br&gt;Parcel area (m²): 1532.46</description>
            <styleUrl>#850922</styleUrl>
            <ExtendedData>
                <Data name="PIN">
                    <value>35600000281.0</value>
                </Data>
                <Data name="Wetland_%">
                    <value>0.00</value>
                </Data>
                <Data name="Flood_%">
                    <value>0.00</value>
                </Data>
                <Data name="Parcel_area_m2">
                    <value>1532.46</value>
                </Data>
            </ExtendedData>
            <Polygon id="850916">
                <outerBoundaryIs>
                    <LinearRing id="850920">
                        <coordinates>-78.67009525364078,33.8252406168985,0.0 -78.66995764676611,33.825335109766144,0.0 -78.66989992496703,33.82527697749947,0.0 -78.66986718885626,33.82529990097904,0.0 -78.66981348051408,33.82524562345627,0.0 -78.66980256579568,33.825253323788395,0.0 -78.66974725883468,33.825197297896054,0.0 -78.66973633953688,33.825205167706414,0.0 -78.6696225101872,33.82509013563488,0.0 -78.66964347822443,33.82507609699628,0.0 -78.66958736120111,33.82501954165651,0.0 -78.66961335949456,33.8250021603026,0.0 -78.66955645190416,33.82494438864298,0.0 -78.66970497108738,33.824842196751085,0.0 -78.66978671782103,33.82492552502631,0.0 -78.66975063839489,33.82495027697841,0.0 -78.66982598052239,33.82502678214517,0.0 -78.66984779015709,33.82501207201195,0.0 -78.66992793638788,33.825093650007496,0.0 -78.66990360288695,33.82511037455606,0.0 -78.66998296322214,33.82519056582577,0.0 -78.67002072024209,33.82516464305314,0.0 -78.67009525364078,33.8252406168985,0.0</coordinates>
                    </LinearRing>
                </outerBoundaryIs>
            </Polygon>
        </Placemark>
        <Placemark id="850931">
            <name>11608030006.0</name>
            <description>PIN: 11608030006.0&lt;br&gt;Wetland %: 0.00&lt;br&gt;Flood %: 100.00&lt;br&gt;Parcel area (m²): 1914.22</description>
            <styleUrl>#850936</styleUrl>
            <ExtendedData>
                <Data name="PIN">
                    <value>11608030006.0</value>
                </Data>
                <Data name="Wetland_%">
                    <value>0.00</value>
                </Data>
                <Data name="Flood_%">
                    <value>100.00</value>
                </Data>
                <Data name="Parcel_area_m2">
                    <value>1914.22</value>
                </Data>
            </ExtendedData>
            <Polygon id="850930">
                <outerBoundaryIs>
                    <LinearRing id="850934">
                        <coordinates>-79.09814496551604,34.20924979777543,0.0 -79.09784950183007,34.20953791717531,0.0 -79.09758929475322,34.209370261866496,0.0 -79.09789608125269,34.20906802720494,0.0 -79.09814496551604,34.20924979777543,0.0</coordinates>
                    </LinearRing>
                </outerBoundaryIs>
            </Polygon>
        </Placemark>
        <Placemark id="850945">
            <name>44701010020.0</name>
            <description>PIN: 44701010020.0&lt;br&gt;Wetland %: 0.23&lt;br&gt;Flood %: 100.00&lt;br&gt;Parcel area (m²): 4811.86</description>
            <styleUrl>#850950</styleUrl>
            <ExtendedData>
                <Data name="PIN">
                    <value>44701010020.0</value>
                </Data>
                <Data name="Wetland_%">
                    <value>0.23</value>
                </Data>
                <Data name="Flood_%">
                    <value>100.00</value>
                </Data>
                <Data name="Parcel_area_m2">
                    <value>4811.86</value>
                </Data>
            </ExtendedData>
            <Polygon id="850944">
                <outerBoundaryIs>
                    <LinearRing id="850948">
                        <coordinates>-78.98312560321203,33.66926781776794,0.0 -78.98305946676611,33.66917842338696,0.0 -78.98307613934946,33.66916838453341,0.0 -78.9830912057118,33.66915677624871,0.0 -78.98310466595814,33.66914359402548,0.0 -78.98311569331693,33.66912899754353,0.0 -78.98312427467238,33.66911350249791,0.0 -78.98313122877829,33.66909729271702,0.0 -78.98313491123201,33.66908034226709,0.0 -78.98313695545752,33.66906319371368,0.0 -78.98313571307541,33.66904599152402,0.0 -78.98313200064113,33.66902892129407,0.0 -78.98360619532394,33.66893195222628,0.0 -78.98426592083152,33.66930381145173,0.0 -78.98415318924253,33.66933304084164,0.0 -78.9840251877285,33.66939383779196,0.0 -78.98396067373436,33.66937577485742,0.0 -78.98388227470964,33.66935387762545,0.0 -78.98366435771439,33.66935788158007,0.0 -78.98344913534169,33.66931691250799,0.0 -78.983296572067,33.66933830544269,0.0 -78.98312560321203,33.66926781776794,0.0</coordinates>
                    </LinearRing>
                </outerBoundaryIs>
            </Polygon>
        </Placemark>
        <Placemark id="850959">
            <name>44701010019.0</name>
            <description>PIN: 44701010019.0&lt;br&gt;Wetland %: 0.00&lt;br&gt;Flood %: 100.00&lt;br&gt;Parcel area (m²): 1582.63</description>
            <styleUrl>#850964</styleUrl>
            <ExtendedData>
                <Data name="PIN">
                    <value>44701010019.0</value>
                </Data>
                <Data name="Wetland_%">
                    <value>0.00</value>
                </Data>
                <Data name="Flood_%">
                    <value>100.00</value>
                </Data>
                <Data name="Parcel_area_m2">
                    <value>1582.63</value>
                </Data>
            </ExtendedData>
            <Polygon id="850958">
                <outerBoundaryIs>
                    <LinearRing id="850962">
                        <coordinates>-78.98297169642771,33.66892424270107,0.0 -78.98316147228712,33.66868198303593,0.0 -78.98316186016022,33.66868149420193,0.0 -78.98360619532394,33.66893195222628,0.0 -78.98313200064113,33.66902892129407,0.0 -78.98312579737761,33.66901301179549,0.0 -78.98311792967893,33.66899793468001,0.0 -78.98310757802999,33.66898367747489,0.0 -78.98309555181427,33.668970594321145,0.0 -78.98308103066847,33.66895884770769,0.0 -78.9830656570056,33.668948456320734,0.0 -78.98304859476889,33.66893993144312,0.0 -78.98303067083286,33.66893310888733,0.0 -78.98301188001419,33.66892816444632,0.0 -78.98299222165292,33.668925264967505,0.0 -78.98297169642771,33.66892424270107,0.0</coordinates>
                    </LinearRing>
                </outerBoundaryIs>
            </Polygon>
        </Placemark>
        <Placemark id="850973">
            <name>44804020025.0</name>
            <description>PIN: 44804020025.0&lt;br&gt;Wetland %: 0.00&lt;br&gt;Flood %: 100.00&lt;br&gt;Parcel area (m²): 1151.32</description>
            <styleUrl>#850978</styleUrl>
            <ExtendedData>
                <Data name="PIN">
                    <value>44804020025.0</value>
                </Data>
                <Data name="Wetland_%">
                    <value>0.00</value>
                </Data>
                <Data name="Flood_%">
                    <value>100.00</value>
                </Data>
                <Data name="Parcel_area_m2">
                    <value>1151.32</value>
                </Data>
            </ExtendedData>
            <Polygon id="850972">
                <outerBoundaryIs>
                    <LinearRing id="850976">
                        <coordinates>-78.9850680358025,33.66956934665833,0.0 -78.98517461766785,33.66942299431386,0.0 -78.98550588009034,33.669634627828934,0.0 -78.98550492921792,33.66964816032925,0.0 -78.98550557778752,33.66966170446999,0.0 -78.98550781912222,33.66967513026322,0.0 -78.98550926448053,33.66968660842634,0.0 -78.98550839183979,33.669698127273925,0.0 -78.98550522606148,33.66970936070989,0.0 -78.98549985539505,33.66971999359259,0.0 -78.98549243249336,33.66972972445719,0.0 -78.9854284854444,33.66979965101167,0.0 -78.9850680358025,33.66956934665833,0.0</coordinates>
                    </LinearRing>
                </outerBoundaryIs>
            </Polygon>
        </Placemark>
        <Placemark id="850987">
            <name>44701010054.0</name>
            <description>PIN: 44701010054.0&lt;br&gt;Wetland %: 10.72&lt;br&gt;Flood %: 100.00&lt;br&gt;Parcel area (m²): 1116.53</description>
            <styleUrl>#850992</styleUrl>
            <ExtendedData>
                <Data name="PIN">
                    <value>44701010054.0</value>
                </Data>
                <Data name="Wetland_%">
                    <value>10.72</value>
                </Data>
                <Data name="Flood_%">
                    <value>100.00</value>
                </Data>
                <Data name="Parcel_area_m2">
                    <value>1116.53</value>
                </Data>
            </ExtendedData>
            <Polygon id="850986">
                <outerBoundaryIs>
                    <LinearRing id="850990">
                        <coordinates>-78.98377868519687,33.669696411251415,0.0 -78.98383472053271,33.66968656439845,0.0 -78.98388423748612,33.66969302644653,0.0 -78.98388458484854,33.669693071798456,0.0 -78.9840508749252,33.669714772938924,0.0 -78.98408420356185,33.67003068174145,0.0 -78.98404402632029,33.670035109693295,0.0 -78.9840042076904,33.67004141229638,0.0 -78.9839648743351,33.67004956997085,0.0 -78.98392614982995,33.67005955677301,0.0 -78.98378412205714,33.66970980803856,0.0 -78.9837841180806,33.66970979354269,0.0 -78.98377868519687,33.669696411251415,0.0</coordinates>
                    </LinearRing>
                </outerBoundaryIs>
            </Polygon>
        </Placemark>
        <Placemark id="851001">
            <name>44701010053.0</name>
            <description>PIN: 44701010053.0&lt;br&gt;Wetland %: 5.52&lt;br&gt;Flood %: 100.00&lt;br&gt;Parcel area (m²): 1387.82</description>
            <styleUrl>#851006</styleUrl>
            <ExtendedData>
                <Data name="PIN">
                    <value>44701010053.0</value>
                </Data>
                <Data name="Wetland_%">
                    <value>5.52</value>
                </Data>
                <Data name="Flood_%">
                    <value>100.00</value>
                </Data>
                <Data name="Parcel_area_m2">
                    <value>1387.82</value>
                </Data>
            </ExtendedData>
            <Polygon id="851000">
                <outerBoundaryIs>
                    <LinearRing id="851004">
                        <coordinates>-78.9834888582788,33.66972683290382,0.0 -78.98352614046132,33.669700807902245,0.0 -78.98368587781458,33.66971259765509,0.0 -78.9836913074229,33.66971165171684,0.0 -78.9836913626683,33.669711641794926,0.0 -78.98377868519687,33.669696411251415,0.0 -78.9837841180806,33.66970979354269,0.0 -78.98378412205714,33.66970980803856,0.0 -78.98392614982995,33.67005955677301,0.0 -78.98388775916015,33.670071508919285,0.0 -78.98385023910406,33.670085259289024,0.0 -78.98381371042359,33.67010076385437,0.0 -78.98377828969409,33.67011797310755,0.0 -78.9834888582788,33.66972683290382,0.0</coordinates>
                    </LinearRing>
                </outerBoundaryIs>
            </Polygon>
        </Placemark>
        <Placemark id="851015">
            <name>44701010041.0</name>
            <description>PIN: 44701010041.0&lt;br&gt;Wetland %: 3.21&lt;br&gt;Flood %: 100.00&lt;br&gt;Parcel area (m²): 2226.44</description>
            <styleUrl>#851020</styleUrl>
            <ExtendedData>
                <Data name="PIN">
                    <value>44701010041.0</value>
                </Data>
                <Data name="Wetland_%">
                    <value>3.21</value>
                </Data>
                <Data name="Flood_%">
                    <value>100.00</value>
                </Data>
                <Data name="Parcel_area_m2">
                    <value>2226.44</value>
                </Data>
            </ExtendedData>
            <Polygon id="851014">
                <outerBoundaryIs>
                    <LinearRing id="851018">
                        <coordinates>-78.98243187141482,33.67013135417113,0.0 -78.98266239320465,33.66970354816686,0.0 -78.98266243719469,33.669703465906636,0.0 -78.98267487087278,33.669680388047695,0.0 -78.98277000961446,33.669645253762695,0.0 -78.98278079382635,33.669660713122106,0.0 -78.98278082199295,33.66966075416908,0.0 -78.98299615026079,33.66996942122437,0.0 -78.98250879753691,33.67019102938179,0.0 -78.98249946581872,33.67017836356229,0.0 -78.98248855180749,33.67016661443655,0.0 -78.9824761827774,33.67015592117645,0.0 -78.98246250469127,33.67014640792591,0.0 -78.98244767564668,33.67013818730193,0.0 -78.98243187141482,33.67013135417113,0.0</coordinates>
                    </LinearRing>
                </outerBoundaryIs>
            </Polygon>
        </Placemark>
        <Placemark id="851029">
            <name>44804020021.0</name>
            <description>PIN: 44804020021.0&lt;br&gt;Wetland %: 0.00&lt;br&gt;Flood %: 100.00&lt;br&gt;Parcel area (m²): 1089.44</description>
            <styleUrl>#851034</styleUrl>
            <ExtendedData>
                <Data name="PIN">
                    <value>44804020021.0</value>
                </Data>
                <Data name="Wetland_%">
                    <value>0.00</value>
                </Data>
                <Data name="Flood_%">
                    <value>100.00</value>
                </Data>
                <Data name="Parcel_area_m2">
                    <value>1089.44</value>
                </Data>
            </ExtendedData>
            <Polygon id="851028">
                <outerBoundaryIs>
                    <LinearRing id="851032">
                        <coordinates>-78.98458139110423,33.6701413383138,0.0 -78.98472730008736,33.66997693682576,0.0 -78.98477750582603,33.67001904168049,0.0 -78.98500853130784,33.670212791768265,0.0 -78.98490205510637,33.670301509196136,0.0 -78.98489223314019,33.670308506822096,0.0 -78.98488122313658,33.67031413307202,0.0 -78.98486929477939,33.67031824893494,0.0 -78.98485674382671,33.670320753706314,0.0 -78.98484387811435,33.67032158385822,0.0 -78.98483101523091,33.6703207202166,0.0 -78.98481847291781,33.67031818329554,0.0 -78.9848065603592,33.670314036762505,0.0 -78.9847955707595,33.67030838190586,0.0 -78.98478577485278,33.67030135843113,0.0 -78.9847712060446,33.67028913863384,0.0 -78.98467118801166,33.67020525370625,0.0 -78.98464265717556,33.67018259718518,0.0 -78.9846126951786,33.67016127022459,0.0 -78.98458139110423,33.6701413383138,0.0</coordinates>
                    </LinearRing>
                </outerBoundaryIs>
            </Polygon>
        </Placemark>
        <Placemark id="851043">
            <name>44701010049.0</name>
            <description>PIN: 44701010049.0&lt;br&gt;Wetland %: 0.00&lt;br&gt;Flood %: 100.00&lt;br&gt;Parcel area (m²): 1406.60</description>
            <styleUrl>#851048</styleUrl>
            <ExtendedData>
                <Data name="PIN">
                    <value>44701010049.0</value>
                </Data>
                <Data name="Wetland_%">
                    <value>0.00</value>
                </Data>
                <Data name="Flood_%">
                    <value>100.00</value>
                </Data>
                <Data name="Parcel_area_m2">
                    <value>1406.60</value>
                </Data>
            </ExtendedData>
            <Polygon id="851042">
                <outerBoundaryIs>
                    <LinearRing id="851046">
                        <coordinates>-78.98299259761467,33.670215173719484,0.0 -78.98304356070797,33.670037383021665,0.0 -78.98354813805092,33.67030829887145,0.0 -78.9835369140065,33.67032290751424,0.0 -78.98350594698697,33.67036318605909,0.0 -78.98348766558408,33.67038696409161,0.0 -78.98344442083419,33.670444842929925,0.0 -78.98299259761467,33.670215173719484,0.0</coordinates>
                    </LinearRing>
                </outerBoundaryIs>
            </Polygon>
        </Placemark>
        <Placemark id="851057">
            <name>44701010043.0</name>
            <description>PIN: 44701010043.0&lt;br&gt;Wetland %: 0.00&lt;br&gt;Flood %: 100.00&lt;br&gt;Parcel area (m²): 1169.46</description>
            <styleUrl>#851062</styleUrl>
            <ExtendedData>
                <Data name="PIN">
                    <value>44701010043.0</value>
                </Data>
                <Data name="Wetland_%">
                    <value>0.00</value>
                </Data>
                <Data name="Flood_%">
                    <value>100.00</value>
                </Data>
                <Data name="Parcel_area_m2">
                    <value>1169.46</value>
                </Data>
            </ExtendedData>
            <Polygon id="851056">
                <outerBoundaryIs>
                    <LinearRing id="851060">
                        <coordinates>-78.98243246338002,33.670448723243865,0.0 -78.9824350056087,33.670414320647616,0.0 -78.98243701025416,33.67040289335322,0.0 -78.98244127526713,33.670391907929265,0.0 -78.9824476801408,33.67038167447874,0.0 -78.9824560444262,33.670372483185304,0.0 -78.98246613229767,33.670364593564436,0.0 -78.98248010583126,33.67035424916502,0.0 -78.98249258666058,33.670342647447455,0.0 -78.9825034149165,33.67032993642603,0.0 -78.98251244864028,33.670316282446116,0.0 -78.98251957376182,33.67030185862194,0.0 -78.98252469741934,33.67028685374668,0.0 -78.98296549501762,33.67030971533973,0.0 -78.98293984902112,33.67039929571753,0.0 -78.98291842621623,33.670473901599664,0.0 -78.98243246338002,33.670448723243865,0.0</coordinates>
                    </LinearRing>
                </outerBoundaryIs>
            </Polygon>
        </Placemark>
        <Placemark id="851071">
            <name>44701010044.0</name>
            <description>PIN: 44701010044.0&lt;br&gt;Wetland %: 0.00&lt;br&gt;Flood %: 100.00&lt;br&gt;Parcel area (m²): 1162.65</description>
            <styleUrl>#851076</styleUrl>
            <ExtendedData>
                <Data name="PIN">
                    <value>44701010044.0</value>
                </Data>
                <Data name="Wetland_%">
                    <value>0.00</value>
                </Data>
                <Data name="Flood_%">
                    <value>100.00</value>
                </Data>
                <Data name="Parcel_area_m2">
                    <value>1162.65</value>
                </Data>
            </ExtendedData>
            <Polygon id="851070">
                <outerBoundaryIs>
                    <LinearRing id="851074">
                        <coordinates>-78.9824201385499,33.67061472389863,0.0 -78.98243246338002,33.670448723243865,0.0 -78.98291842621623,33.670473901599664,0.0 -78.98288867371603,33.67057774853553,0.0 -78.98287131086893,33.670638087080505,0.0 -78.9824201385499,33.67061472389863,0.0</coordinates>
                    </LinearRing>
                </outerBoundaryIs>
            </Polygon>
        </Placemark>
        <Placemark id="851085">
            <name>44701010059.0</name>
            <description>PIN: 44701010059.0&lt;br&gt;Wetland %: 0.00&lt;br&gt;Flood %: 100.00&lt;br&gt;Parcel area (m²): 922.53</description>
            <styleUrl>#851090</styleUrl>
            <ExtendedData>
                <Data name="PIN">
                    <value>44701010059.0</value>
                </Data>
                <Data name="Wetland_%">
                    <value>0.00</value>
                </Data>
                <Data name="Flood_%">
                    <value>100.00</value>
                </Data>
                <Data name="Parcel_area_m2">
                    <value>922.53</value>
                </Data>
            </ExtendedData>
            <Polygon id="851084">
                <outerBoundaryIs>
                    <LinearRing id="851088">
                        <coordinates>-78.98415135523467,33.67051562952849,0.0 -78.98418194980762,33.67048862217213,0.0 -78.98430138712948,33.67038332988867,0.0 -78.98455867781956,33.670588838421644,0.0 -78.98451395024388,33.670628784573495,0.0 -78.9844701912443,33.670669473467065,0.0 -78.9844274205672,33.67071089099443,0.0 -78.98415135523467,33.67051562952849,0.0</coordinates>
                    </LinearRing>
                </outerBoundaryIs>
            </Polygon>
        </Placemark>
        <Placemark id="851099">
            <name>44701010045.0</name>
            <description>PIN: 44701010045.0&lt;br&gt;Wetland %: 0.00&lt;br&gt;Flood %: 100.00&lt;br&gt;Parcel area (m²): 1076.10</description>
            <styleUrl>#851104</styleUrl>
            <ExtendedData>
                <Data name="PIN">
                    <value>44701010045.0</value>
                </Data>
                <Data name="Wetland_%">
                    <value>0.00</value>
                </Data>
                <Data name="Flood_%">
                    <value>100.00</value>
                </Data>
                <Data name="Parcel_area_m2">
                    <value>1076.10</value>
                </Data>
            </ExtendedData>
            <Polygon id="851098">
                <outerBoundaryIs>
                    <LinearRing id="851102">
                        <coordinates>-78.98240781672975,33.6707806398155,0.0 -78.98241015998525,33.67074907688041,0.0 -78.9824201385499,33.67061472389863,0.0 -78.98287131086893,33.670638087080505,0.0 -78.98283874171914,33.67075177597315,0.0 -78.98283751780517,33.670756054631305,0.0 -78.98282429454663,33.670802274158184,0.0 -78.98240781672975,33.6707806398155,0.0</coordinates>
                    </LinearRing>
                </outerBoundaryIs>
            </Polygon>
        </Placemark>
        <Placemark id="851113">
            <name>44701010064.0</name>
            <description>PIN: 44701010064.0&lt;br&gt;Wetland %: 0.00&lt;br&gt;Flood %: 100.00&lt;br&gt;Parcel area (m²): 1143.29</description>
            <styleUrl>#851118</styleUrl>
            <ExtendedData>
                <Data name="PIN">
                    <value>44701010064.0</value>
                </Data>
                <Data name="Wetland_%">
                    <value>0.00</value>
                </Data>
                <Data name="Flood_%">
                    <value>100.00</value>
                </Data>
                <Data name="Parcel_area_m2">
                    <value>1143.29</value>
                </Data>
            </ExtendedData>
            <Polygon id="851112">
                <outerBoundaryIs>
                    <LinearRing id="851116">
                        <coordinates>-78.98346662477998,33.67069434110522,0.0 -78.98350111247142,33.670639011660114,0.0 -78.98353716407125,33.67058438327366,0.0 -78.98357475729593,33.67053048624681,0.0 -78.98396064224353,33.67072380018063,0.0 -78.98391879192934,33.67077370264353,0.0 -78.98388969183506,33.6708084025878,0.0 -78.98385325483862,33.670857918016374,0.0 -78.98364358917055,33.67076921206644,0.0 -78.98346662477998,33.67069434110522,0.0</coordinates>
                    </LinearRing>
                </outerBoundaryIs>
            </Polygon>
        </Placemark>
        <Placemark id="851127">
            <name>44116040082.0</name>
            <description>PIN: 44116040082.0&lt;br&gt;Wetland %: 0.00&lt;br&gt;Flood %: 100.00&lt;br&gt;Parcel area (m²): 989.10</description>
            <styleUrl>#851132</styleUrl>
            <ExtendedData>
                <Data name="PIN">
                    <value>44116040082.0</value>
                </Data>
                <Data name="Wetland_%">
                    <value>0.00</value>
                </Data>
                <Data name="Flood_%">
                    <value>100.00</value>
                </Data>
                <Data name="Parcel_area_m2">
                    <value>989.10</value>
                </Data>
            </ExtendedData>
            <Polygon id="851126">
                <outerBoundaryIs>
                    <LinearRing id="851130">
                        <coordinates>-78.9823988671244,33.67094677853997,0.0 -78.98239813572881,33.67092257392709,0.0 -78.98239910424925,33.67089837541911,0.0 -78.9824032877916,33.67084182187604,0.0 -78.98240781672975,33.6707806398155,0.0 -78.98282429454663,33.670802274158184,0.0 -78.982787298468,33.67093101446978,0.0 -78.98277717670591,33.6709664586576,0.0 -78.9823988671244,33.67094677853997,0.0</coordinates>
                    </LinearRing>
                </outerBoundaryIs>
            </Polygon>
        </Placemark>
        <Placemark id="851141">
            <name>44013030045.0</name>
            <description>PIN: 44013030045.0&lt;br&gt;Wetland %: 0.00&lt;br&gt;Flood %: 100.00&lt;br&gt;Parcel area (m²): 1139.43</description>
            <styleUrl>#851146</styleUrl>
            <ExtendedData>
                <Data name="PIN">
                    <value>44013030045.0</value>
                </Data>
                <Data name="Wetland_%">
                    <value>0.00</value>
                </Data>
                <Data name="Flood_%">
                    <value>100.00</value>
                </Data>
                <Data name="Parcel_area_m2">
                    <value>1139.43</value>
                </Data>
            </ExtendedData>
            <Polygon id="851140">
                <outerBoundaryIs>
                    <LinearRing id="851144">
                        <coordinates>-78.98450929864062,33.6708437738564,0.0 -78.98453869475645,33.670813853453716,0.0 -78.9845686247848,33.670784304329956,0.0 -78.9846092450198,33.67074559177208,0.0 -78.98466091111995,33.67069851437255,0.0 -78.98466148393042,33.6706980050994,0.0 -78.98475986344937,33.670775436998255,0.0 -78.98477541564706,33.67078767733949,0.0 -78.9849476849107,33.67092326402634,0.0 -78.98497473328422,33.670944513628704,0.0 -78.98483259004682,33.67106340462448,0.0 -78.98480400672418,33.671043076996995,0.0 -78.98475440222326,33.67100953143664,0.0 -78.98450929864062,33.6708437738564,0.0</coordinates>
                    </LinearRing>
                </outerBoundaryIs>
            </Polygon>
        </Placemark>
        <Placemark id="851155">
            <name>44116040076.0</name>
            <description>PIN: 44116040076.0&lt;br&gt;Wetland %: 0.00&lt;br&gt;Flood %: 100.00&lt;br&gt;Parcel area (m²): 1009.34</description>
            <styleUrl>#851160</styleUrl>
            <ExtendedData>
                <Data name="PIN">
                    <value>44116040076.0</value>
                </Data>
                <Data name="Wetland_%">
                    <value>0.00</value>
                </Data>
                <Data name="Flood_%">
                    <value>100.00</value>
                </Data>
                <Data name="Parcel_area_m2">
                    <value>1009.34</value>
                </Data>
            </ExtendedData>
            <Polygon id="851154">
                <outerBoundaryIs>
                    <LinearRing id="851158">
                        <coordinates>-78.98329501590835,33.67103565801527,0.0 -78.98331946301258,33.67097769978254,0.0 -78.98334552309169,33.67092023597038,0.0 -78.98337318250893,33.670863296119116,0.0 -78.98375418247333,33.67099709418942,0.0 -78.98367269852893,33.67112479777971,0.0 -78.98366857781043,33.671133164567,0.0 -78.98329501590835,33.67103565801527,0.0</coordinates>
                    </LinearRing>
                </outerBoundaryIs>
            </Polygon>
        </Placemark>
        <Placemark id="851169">
            <name>44116040084.0</name>
            <description>PIN: 44116040084.0&lt;br&gt;Wetland %: 14.89&lt;br&gt;Flood %: 100.00&lt;br&gt;Parcel area (m²): 1467.73</description>
            <styleUrl>#851174</styleUrl>
            <ExtendedData>
                <Data name="PIN">
                    <value>44116040084.0</value>
                </Data>
                <Data name="Wetland_%">
                    <value>14.89</value>
                </Data>
                <Data name="Flood_%">
                    <value>100.00</value>
                </Data>
                <Data name="Parcel_area_m2">
                    <value>1467.73</value>
                </Data>
            </ExtendedData>
            <Polygon id="851168">
                <outerBoundaryIs>
                    <LinearRing id="851172">
                        <coordinates>-78.98168610145191,33.67089790753706,0.0 -78.98168732329361,33.67088180625568,0.0 -78.98173549125966,33.670884299342966,0.0 -78.9817359017361,33.67088432137922,0.0 -78.98223409309449,33.67091009893805,0.0 -78.98223425380496,33.670942525318324,0.0 -78.98223669535743,33.67097488701775,0.0 -78.98224140848295,33.67100707294642,0.0 -78.9822483774636,33.67103897100723,0.0 -78.98177843292335,33.67112309141006,0.0 -78.98177833002066,33.67112310957229,0.0 -78.98173168207634,33.67113145826568,0.0 -78.98174104417315,33.67104132177773,0.0 -78.98168610145191,33.67089790753706,0.0</coordinates>
                    </LinearRing>
                </outerBoundaryIs>
            </Polygon>
        </Placemark>
        <Placemark id="851183">
            <name>44116040081.0</name>
            <description>PIN: 44116040081.0&lt;br&gt;Wetland %: 0.00&lt;br&gt;Flood %: 100.00&lt;br&gt;Parcel area (m²): 1242.34</description>
            <styleUrl>#851188</styleUrl>
            <ExtendedData>
                <Data name="PIN">
                    <value>44116040081.0</value>
                </Data>
                <Data name="Wetland_%">
                    <value>0.00</value>
                </Data>
                <Data name="Flood_%">
                    <value>100.00</value>
                </Data>
                <Data name="Parcel_area_m2">
                    <value>1242.34</value>
                </Data>
            </ExtendedData>
            <Polygon id="851182">
                <outerBoundaryIs>
                    <LinearRing id="851186">
                        <coordinates>-78.9823988671244,33.67094677853997,0.0 -78.98277717670591,33.6709664586576,0.0 -78.98273909518493,33.67109913082132,0.0 -78.98268228716341,33.671297352271615,0.0 -78.98265076181599,33.67128384888161,0.0 -78.9826204761757,33.6712684869837,0.0 -78.98259158908049,33.671251347640116,0.0 -78.9825642473382,33.67123251893242,0.0 -78.98253859217513,33.67121209696837,0.0 -78.98251475701652,33.671190188551904,0.0 -78.9824928654559,33.671166905738,0.0 -78.9824730279572,33.671142368484816,0.0 -78.982455349424,33.67111670387516,0.0 -78.9824399195159,33.6710900450565,0.0 -78.98242681812393,33.67106252772272,0.0 -78.98241611414537,33.67103429640728,0.0 -78.98240786140198,33.671005494495724,0.0 -78.98240210170644,33.67097627149078,0.0 -78.9823988671244,33.67094677853997,0.0</coordinates>
                    </LinearRing>
                </outerBoundaryIs>
            </Polygon>
        </Placemark>
        <Placemark id="851197">
            <name>44116040080.0</name>
            <description>PIN: 44116040080.0&lt;br&gt;Wetland %: 0.00&lt;br&gt;Flood %: 100.00&lt;br&gt;Parcel area (m²): 1051.32</description>
            <styleUrl>#851202</styleUrl>
            <ExtendedData>
                <Data name="PIN">
                    <value>44116040080.0</value>
                </Data>
                <Data name="Wetland_%">
                    <value>0.00</value>
                </Data>
                <Data name="Flood_%">
                    <value>100.00</value>
                </Data>
                <Data name="Parcel_area_m2">
                    <value>1051.32</value>
                </Data>
            </ExtendedData>
            <Polygon id="851196">
                <outerBoundaryIs>
                    <LinearRing id="851200">
                        <coordinates>-78.98293568381438,33.67135675077928,0.0 -78.98277626297097,33.67132485567575,0.0 -78.98275367174061,33.671319846469174,0.0 -78.98272942420624,33.67131337884862,0.0 -78.9827056086329,33.671305874732276,0.0 -78.98268228716341,33.671297352271615,0.0 -78.98273909518493,33.67109913082132,0.0 -78.98307374760127,33.67117315078111,0.0 -78.98305494441385,33.67123562598021,0.0 -78.98304602907935,33.67126671187137,0.0 -78.9830347675735,33.671305974318656,0.0 -78.98303022205863,33.67131733219301,0.0 -78.98302338751974,33.67132785720129,0.0 -78.98301447205718,33.671337229845804,0.0 -78.9830037444356,33.67134516589234,0.0 -78.98299153173814,33.67135142444974,0.0 -78.98297820517956,33.671355814953415,0.0 -78.98296416915512,33.67135820420284,0.0 -78.98294985039384,33.67135851888974,0.0 -78.98293568381438,33.67135675077928,0.0</coordinates>
                    </LinearRing>
                </outerBoundaryIs>
            </Polygon>
        </Placemark>
        <Placemark id="851211">
            <name>44116040073.0</name>
            <description>PIN: 44116040073.0&lt;br&gt;Wetland %: 0.00&lt;br&gt;Flood %: 100.00&lt;br&gt;Parcel area (m²): 936.13</description>
            <styleUrl>#851216</styleUrl>
            <ExtendedData>
                <Data name="PIN">
                    <value>44116040073.0</value>
                </Data>
                <Data name="Wetland_%">
                    <value>0.00</value>
                </Data>
                <Data name="Flood_%">
                    <value>100.00</value>
                </Data>
                <Data name="Parcel_area_m2">
                    <value>936.13</value>
                </Data>
            </ExtendedData>
            <Polygon id="851210">
                <outerBoundaryIs>
                    <LinearRing id="851214">
                        <coordinates>-78.98375772214989,33.671544429473244,0.0 -78.98373002093608,33.67153479582793,0.0 -78.98367928875648,33.6715179136718,0.0 -78.9836279425561,33.67150238250001,0.0 -78.98356478497084,33.67148534537563,0.0 -78.98350089151167,33.67147035082514,0.0 -78.98358952619151,33.67129234210787,0.0 -78.98391528007814,33.67140701822171,0.0 -78.98390751426749,33.671422554581866,0.0 -78.98386518100104,33.671507375768044,0.0 -78.98385930874007,33.67151697760196,0.0 -78.9838517128728,33.671525692673555,0.0 -78.98384257852672,33.67153330753756,0.0 -78.98383213233696,33.671539632876375,0.0 -78.98382063141047,33.67154451414297,0.0 -78.98380835903384,33.6715478305893,0.0 -78.98379561592054,33.67154950053477,0.0 -78.98378271801216,33.67154948313484,0.0 -78.98376998243909,33.67154777905333,0.0 -78.98375772214989,33.671544429473244,0.0</coordinates>
                    </LinearRing>
                </outerBoundaryIs>
            </Polygon>
        </Placemark>
        <Placemark id="851225">
            <name>44116040065.0</name>
            <description>PIN: 44116040065.0&lt;br&gt;Wetland %: 0.00&lt;br&gt;Flood %: 100.00&lt;br&gt;Parcel area (m²): 1150.39</description>
            <styleUrl>#851230</styleUrl>
            <ExtendedData>
                <Data name="PIN">
                    <value>44116040065.0</value>
                </Data>
                <Data name="Wetland_%">
                    <value>0.00</value>
                </Data>
                <Data name="Flood_%">
                    <value>100.00</value>
                </Data>
                <Data name="Parcel_area_m2">
                    <value>1150.39</value>
                </Data>
            </ExtendedData>
            <Polygon id="851224">
                <outerBoundaryIs>
                    <LinearRing id="851228">
                        <coordinates>-78.98404948913445,33.671495009675255,0.0 -78.98405924012215,33.67147539014854,0.0 -78.98408605187612,33.67142319043217,0.0 -78.98411422932718,33.67137149642469,0.0 -78.98414376002287,33.67132033317633,0.0 -78.98449183125159,33.67146474696478,0.0 -78.98452545450594,33.67147845906733,0.0 -78.98444731520947,33.67163377277357,0.0 -78.98441362488123,33.67162177774732,0.0 -78.98404948913445,33.671495009675255,0.0</coordinates>
                    </LinearRing>
                </outerBoundaryIs>
            </Polygon>
        </Placemark>
        <Placemark id="851239">
            <name>44116040064.0</name>
            <description>PIN: 44116040064.0&lt;br&gt;Wetland %: 0.00&lt;br&gt;Flood %: 100.00&lt;br&gt;Parcel area (m²): 1092.82</description>
            <styleUrl>#851244</styleUrl>
            <ExtendedData>
                <Data name="PIN">
                    <value>44116040064.0</value>
                </Data>
                <Data name="Wetland_%">
                    <value>0.00</value>
                </Data>
                <Data name="Flood_%">
                    <value>100.00</value>
                </Data>
                <Data name="Parcel_area_m2">
                    <value>1092.82</value>
                </Data>
            </ExtendedData>
            <Polygon id="851238">
                <outerBoundaryIs>
                    <LinearRing id="851242">
                        <coordinates>-78.98397117597476,33.671652327970556,0.0 -78.98404948913445,33.671495009675255,0.0 -78.98441362488123,33.67162177774732,0.0 -78.98444731520947,33.67163377277357,0.0 -78.98436837810466,33.67179067345602,0.0 -78.98433531339558,33.67177914048337,0.0 -78.98397117597476,33.671652327970556,0.0</coordinates>
                    </LinearRing>
                </outerBoundaryIs>
            </Polygon>
        </Placemark>
        <Placemark id="851253">
            <name>44116040089.0</name>
            <description>PIN: 44116040089.0&lt;br&gt;Wetland %: 0.00&lt;br&gt;Flood %: 100.00&lt;br&gt;Parcel area (m²): 1172.88</description>
            <styleUrl>#851258</styleUrl>
            <ExtendedData>
                <Data name="PIN">
                    <value>44116040089.0</value>
                </Data>
                <Data name="Wetland_%">
                    <value>0.00</value>
                </Data>
                <Data name="Flood_%">
                    <value>100.00</value>
                </Data>
                <Data name="Parcel_area_m2">
                    <value>1172.88</value>
                </Data>
            </ExtendedData>
            <Polygon id="851252">
                <outerBoundaryIs>
                    <LinearRing id="851256">
                        <coordinates>-78.98246988722025,33.6717788776624,0.0 -78.9824813333065,33.67175311306618,0.0 -78.98262623773468,33.671426945926704,0.0 -78.98266273405166,33.671439333592005,0.0 -78.98270005241224,33.67144987126134,0.0 -78.98273805776778,33.67145852155431,0.0 -78.98280607051562,33.671472139733886,0.0 -78.98271199729855,33.67180034627389,0.0 -78.98270433666424,33.67182707551806,0.0 -78.98246988722025,33.6717788776624,0.0</coordinates>
                    </LinearRing>
                </outerBoundaryIs>
            </Polygon>
        </Placemark>
        <Placemark id="851267">
            <name>44013030052.0</name>
            <description>PIN: 44013030052.0&lt;br&gt;Wetland %: 0.00&lt;br&gt;Flood %: 100.00&lt;br&gt;Parcel area (m²): 1096.80</description>
            <styleUrl>#851272</styleUrl>
            <ExtendedData>
                <Data name="PIN">
                    <value>44013030052.0</value>
                </Data>
                <Data name="Wetland_%">
                    <value>0.00</value>
                </Data>
                <Data name="Flood_%">
                    <value>100.00</value>
                </Data>
                <Data name="Parcel_area_m2">
                    <value>1096.80</value>
                </Data>
            </ExtendedData>
            <Polygon id="851266">
                <outerBoundaryIs>
                    <LinearRing id="851270">
                        <coordinates>-78.9860341741429,33.67199448233312,0.0 -78.98605018626854,33.671949245957094,0.0 -78.98605488983716,33.671935719592355,0.0 -78.9860703282261,33.67188654232162,0.0 -78.98608089503034,33.67184699230971,0.0 -78.98647369129223,33.67191484766293,0.0 -78.98651438258315,33.671922091131584,0.0 -78.98645276130496,33.67209802644899,0.0 -78.98641219888181,33.6720883976345,0.0 -78.9860341741429,33.67199448233312,0.0</coordinates>
                    </LinearRing>
                </outerBoundaryIs>
            </Polygon>
        </Placemark>
        <Placemark id="851281">
            <name>44013030037.0</name>
            <description>PIN: 44013030037.0&lt;br&gt;Wetland %: 0.00&lt;br&gt;Flood %: 100.00&lt;br&gt;Parcel area (m²): 963.14</description>
            <styleUrl>#851286</styleUrl>
            <ExtendedData>
                <Data name="PIN">
                    <value>44013030037.0</value>
                </Data>
                <Data name="Wetland_%">
                    <value>0.00</value>
                </Data>
                <Data name="Flood_%">
                    <value>100.00</value>
                </Data>
                <Data name="Parcel_area_m2">
                    <value>963.14</value>
                </Data>
            </ExtendedData>
            <Polygon id="851280">
                <outerBoundaryIs>
                    <LinearRing id="851284">
                        <coordinates>-78.98543069474891,33.67201951117587,0.0 -78.98548347142956,33.67186670755045,0.0 -78.98551034124011,33.67187300992157,0.0 -78.98587428582091,33.67196121270459,0.0 -78.98582018188874,33.67211410759569,0.0 -78.98545693803823,33.6720256671526,0.0 -78.98543069474891,33.67201951117587,0.0</coordinates>
                    </LinearRing>
                </outerBoundaryIs>
            </Polygon>
        </Placemark>
        <Placemark id="851295">
            <name>44013030035.0</name>
            <description>PIN: 44013030035.0&lt;br&gt;Wetland %: 0.00&lt;br&gt;Flood %: 100.00&lt;br&gt;Parcel area (m²): 990.17</description>
            <styleUrl>#851300</styleUrl>
            <ExtendedData>
                <Data name="PIN">
                    <value>44013030035.0</value>
                </Data>
                <Data name="Wetland_%">
                    <value>0.00</value>
                </Data>
                <Data name="Flood_%">
                    <value>100.00</value>
                </Data>
                <Data name="Parcel_area_m2">
                    <value>990.17</value>
                </Data>
            </ExtendedData>
            <Polygon id="851294">
                <outerBoundaryIs>
                    <LinearRing id="851298">
                        <coordinates>-78.98532150145317,33.67233565407404,0.0 -78.98537606342308,33.67217768624583,0.0 -78.9854016703051,33.672183610884915,0.0 -78.98576426603682,33.672272207773666,0.0 -78.985708301546,33.67243034952394,0.0 -78.9853464044635,33.67234155732837,0.0 -78.98532150145317,33.67233565407404,0.0</coordinates>
                    </LinearRing>
                </outerBoundaryIs>
            </Polygon>
        </Placemark>
        <Placemark id="851309">
            <name>44013030055.0</name>
            <description>PIN: 44013030055.0&lt;br&gt;Wetland %: 0.00&lt;br&gt;Flood %: 100.00&lt;br&gt;Parcel area (m²): 1057.64</description>
            <styleUrl>#851314</styleUrl>
            <ExtendedData>
                <Data name="PIN">
                    <value>44013030055.0</value>
                </Data>
                <Data name="Wetland_%">
                    <value>0.00</value>
                </Data>
                <Data name="Flood_%">
                    <value>100.00</value>
                </Data>
                <Data name="Parcel_area_m2">
                    <value>1057.64</value>
                </Data>
            </ExtendedData>
            <Polygon id="851308">
                <outerBoundaryIs>
                    <LinearRing id="851312">
                        <coordinates>-78.98587572737713,33.672471689154094,0.0 -78.98592691674112,33.67231222123577,0.0 -78.98630027014839,33.672404681666706,0.0 -78.98634193177261,33.67241445649954,0.0 -78.98628625786228,33.672573409557955,0.0 -78.98624425477202,33.67256282371449,0.0 -78.98587572737713,33.672471689154094,0.0</coordinates>
                    </LinearRing>
                </outerBoundaryIs>
            </Polygon>
        </Placemark>
        <Placemark id="851323">
            <name>44804020009.0</name>
            <description>PIN: 44804020009.0&lt;br&gt;Wetland %: 0.00&lt;br&gt;Flood %: 100.00&lt;br&gt;Parcel area (m²): 797.87</description>
            <styleUrl>#851328</styleUrl>
            <ExtendedData>
                <Data name="PIN">
                    <value>44804020009.0</value>
                </Data>
                <Data name="Wetland_%">
                    <value>0.00</value>
                </Data>
                <Data name="Flood_%">
                    <value>100.00</value>
                </Data>
                <Data name="Parcel_area_m2">
                    <value>797.87</value>
                </Data>
            </ExtendedData>
            <Polygon id="851322">
                <outerBoundaryIs>
                    <LinearRing id="851326">
                        <coordinates>-78.98562536649202,33.669810547407295,0.0 -78.98562832031513,33.66980747935942,0.0 -78.98563744884584,33.669799867879796,0.0 -78.98564788818132,33.66979354408436,0.0 -78.98565938230182,33.66978866254091,0.0 -78.9856716468305,33.669785344885284,0.0 -78.98568438218338,33.66978367101649,0.0 -78.98570433360126,33.66978136885685,0.0 -78.98572380122309,33.66977705380243,0.0 -78.98574249662431,33.669770789699854,0.0 -78.98576014146995,33.669762670324204,0.0 -78.98577647299018,33.66975281586066,0.0 -78.98579124939279,33.66974137209061,0.0 -78.9858042509416,33.66972851040915,0.0 -78.98581528333862,33.66971442156673,0.0 -78.98582418313623,33.66969931485526,0.0 -78.98583081780029,33.66968341540342,0.0 -78.98583509017057,33.66966695793555,0.0 -78.98583693518333,33.66965018852223,0.0 -78.9858363254523,33.66963335655398,0.0 -78.9858332702741,33.669616711116774,0.0 -78.98585249180778,33.66966223669053,0.0 -78.98592890795965,33.669843222808744,0.0 -78.98600553715833,33.67002470840651,0.0 -78.9860106913872,33.670036918043564,0.0 -78.9859979565155,33.670047640187626,0.0 -78.98562536649202,33.669810547407295,0.0</coordinates>
                    </LinearRing>
                </outerBoundaryIs>
            </Polygon>
        </Placemark>
        <Placemark id="851337">
            <name>38400000357.0</name>
            <description>PIN: 38400000357.0&lt;br&gt;Wetland %: 0.00&lt;br&gt;Flood %: 100.00&lt;br&gt;Parcel area (m²): 1134.54</description>
            <styleUrl>#851342</styleUrl>
            <ExtendedData>
                <Data name="PIN">
                    <value>38400000357.0</value>
                </Data>
                <Data name="Wetland_%">
                    <value>0.00</value>
                </Data>
                <Data name="Flood_%">
                    <value>100.00</value>
                </Data>
                <Data name="Parcel_area_m2">
                    <value>1134.54</value>
                </Data>
            </ExtendedData>
            <Polygon id="851336">
                <outerBoundaryIs>
                    <LinearRing id="851340">
                        <coordinates>-78.96550949460293,33.781603603632675,0.0 -78.96545627712125,33.78161559101727,0.0 -78.96545283247164,33.781604925970356,0.0 -78.96534384463536,33.78162947380573,0.0 -78.96535097558144,33.781651548357395,0.0 -78.96526334894581,33.78167128473218,0.0 -78.96525577315688,33.78164783013458,0.0 -78.96514789278399,33.781672129039436,0.0 -78.96515014160359,33.78167908917585,0.0 -78.96509541249038,33.78169141682903,0.0 -78.9650464073897,33.78153971391322,0.0 -78.96506183219026,33.78153623991524,0.0 -78.96505501444423,33.78151513194489,0.0 -78.9654373417443,33.781429017346824,0.0 -78.9654454742597,33.781454193838016,0.0 -78.96546016277291,33.78145088716812,0.0 -78.96550949460293,33.781603603632675,0.0</coordinates>
                    </LinearRing>
                </outerBoundaryIs>
            </Polygon>
        </Placemark>
        <Placemark id="851351">
            <name>38400000352.0</name>
            <description>PIN: 38400000352.0&lt;br&gt;Wetland %: 0.00&lt;br&gt;Flood %: 100.00&lt;br&gt;Parcel area (m²): 1134.54</description>
            <styleUrl>#851356</styleUrl>
            <ExtendedData>
                <Data name="PIN">
                    <value>38400000352.0</value>
                </Data>
                <Data name="Wetland_%">
                    <value>0.00</value>
                </Data>
                <Data name="Flood_%">
                    <value>100.00</value>
                </Data>
                <Data name="Parcel_area_m2">
                    <value>1134.54</value>
                </Data>
            </ExtendedData>
            <Polygon id="851350">
                <outerBoundaryIs>
                    <LinearRing id="851354">
                        <coordinates>-78.96550949460293,33.781603603632675,0.0 -78.96545627712125,33.78161559101727,0.0 -78.96545283247164,33.781604925970356,0.0 -78.96534384463536,33.78162947380573,0.0 -78.96535097558144,33.781651548357395,0.0 -78.96526334894581,33.78167128473218,0.0 -78.96525577315688,33.78164783013458,0.0 -78.96514789278399,33.781672129039436,0.0 -78.96515014160359,33.78167908917585,0.0 -78.96509541249038,33.78169141682903,0.0 -78.9650464073897,33.78153971391322,0.0 -78.96506183219026,33.78153623991524,0.0 -78.96505501444423,33.78151513194489,0.0 -78.9654373417443,33.781429017346824,0.0 -78.9654454742597,33.781454193838016,0.0 -78.96546016277291,33.78145088716812,0.0 -78.96550949460293,33.781603603632675,0.0</coordinates>
                    </LinearRing>
                </outerBoundaryIs>
            </Polygon>
        </Placemark>
        <Placemark id="851365">
            <name>38400000354.0</name>
            <description>PIN: 38400000354.0&lt;br&gt;Wetland %: 0.00&lt;br&gt;Flood %: 100.00&lt;br&gt;Parcel area (m²): 1134.54</description>
            <styleUrl>#851370</styleUrl>
            <ExtendedData>
                <Data name="PIN">
                    <value>38400000354.0</value>
                </Data>
                <Data name="Wetland_%">
                    <value>0.00</value>
                </Data>
                <Data name="Flood_%">
                    <value>100.00</value>
                </Data>
                <Data name="Parcel_area_m2">
                    <value>1134.54</value>
                </Data>
            </ExtendedData>
            <Polygon id="851364">
                <outerBoundaryIs>
                    <LinearRing id="851368">
                        <coordinates>-78.96550949460293,33.781603603632675,0.0 -78.96545627712125,33.78161559101727,0.0 -78.96545283247164,33.781604925970356,0.0 -78.96534384463536,33.78162947380573,0.0 -78.96535097558144,33.781651548357395,0.0 -78.96526334894581,33.78167128473218,0.0 -78.96525577315688,33.78164783013458,0.0 -78.96514789278399,33.781672129039436,0.0 -78.96515014160359,33.78167908917585,0.0 -78.96509541249038,33.78169141682903,0.0 -78.9650464073897,33.78153971391322,0.0 -78.96506183219026,33.78153623991524,0.0 -78.96505501444423,33.78151513194489,0.0 -78.9654373417443,33.781429017346824,0.0 -78.9654454742597,33.781454193838016,0.0 -78.96546016277291,33.78145088716812,0.0 -78.96550949460293,33.781603603632675,0.0</coordinates>
                    </LinearRing>
                </outerBoundaryIs>
            </Polygon>
        </Placemark>
        <Placemark id="851379">
            <name>38400000306.0</name>
            <description>PIN: 38400000306.0&lt;br&gt;Wetland %: 0.00&lt;br&gt;Flood %: 100.00&lt;br&gt;Parcel area (m²): 1097.05</description>
            <styleUrl>#851384</styleUrl>
            <ExtendedData>
                <Data name="PIN">
                    <value>38400000306.0</value>
                </Data>
                <Data name="Wetland_%">
                    <value>0.00</value>
                </Data>
                <Data name="Flood_%">
                    <value>100.00</value>
                </Data>
                <Data name="Parcel_area_m2">
                    <value>1097.05</value>
                </Data>
            </ExtendedData>
            <Polygon id="851378">
                <outerBoundaryIs>
                    <LinearRing id="851382">
                        <coordinates>-78.96364127656115,33.782039132226004,0.0 -78.9636117101948,33.782079245749166,0.0 -78.96360129358696,33.78207389188701,0.0 -78.96354320536012,33.78215269482373,0.0 -78.96356863060895,33.78216576269404,0.0 -78.9635209196788,33.78223048420502,0.0 -78.96349802572414,33.782218717968064,0.0 -78.96343936382989,33.78229829608918,0.0 -78.96345200123159,33.78230479136758,0.0 -78.96342286663626,33.78234431397724,0.0 -78.96326278092484,33.78226203230338,0.0 -78.96327030054,33.78225183355783,0.0 -78.96324694669272,33.78223982971456,0.0 -78.9634542027326,33.78195867231232,0.0 -78.96347220044709,33.78196792279062,0.0 -78.96348058928447,33.78195654328943,0.0 -78.96364127656115,33.782039132226004,0.0</coordinates>
                    </LinearRing>
                </outerBoundaryIs>
            </Polygon>
        </Placemark>
        <Placemark id="851393">
            <name>38400000308.0</name>
            <description>PIN: 38400000308.0&lt;br&gt;Wetland %: 0.00&lt;br&gt;Flood %: 100.00&lt;br&gt;Parcel area (m²): 1097.05</description>
            <styleUrl>#851398</styleUrl>
            <ExtendedData>
                <Data name="PIN">
                    <value>38400000308.0</value>
                </Data>
                <Data name="Wetland_%">
                    <value>0.00</value>
                </Data>
                <Data name="Flood_%">
                    <value>100.00</value>
                </Data>
                <Data name="Parcel_area_m2">
                    <value>1097.05</value>
                </Data>
            </ExtendedData>
            <Polygon id="851392">
                <outerBoundaryIs>
                    <LinearRing id="851396">
                        <coordinates>-78.96364127656115,33.782039132226004,0.0 -78.9636117101948,33.782079245749166,0.0 -78.96360129358696,33.78207389188701,0.0 -78.96354320536012,33.78215269482373,0.0 -78.96356863060895,33.78216576269404,0.0 -78.9635209196788,33.78223048420502,0.0 -78.96349802572414,33.782218717968064,0.0 -78.96343936382989,33.78229829608918,0.0 -78.96345200123159,33.78230479136758,0.0 -78.96342286663626,33.78234431397724,0.0 -78.96326278092484,33.78226203230338,0.0 -78.96327030054,33.78225183355783,0.0 -78.96324694669272,33.78223982971456,0.0 -78.9634542027326,33.78195867231232,0.0 -78.96347220044709,33.78196792279062,0.0 -78.96348058928447,33.78195654328943,0.0 -78.96364127656115,33.782039132226004,0.0</coordinates>
                    </LinearRing>
                </outerBoundaryIs>
            </Polygon>
        </Placemark>
        <Placemark id="851407">
            <name>38400000313.0</name>
            <description>PIN: 38400000313.0&lt;br&gt;Wetland %: 0.00&lt;br&gt;Flood %: 100.00&lt;br&gt;Parcel area (m²): 1097.05</description>
            <styleUrl>#851412</styleUrl>
            <ExtendedData>
                <Data name="PIN">
                    <value>38400000313.0</value>
                </Data>
                <Data name="Wetland_%">
                    <value>0.00</value>
                </Data>
                <Data name="Flood_%">
                    <value>100.00</value>
                </Data>
                <Data name="Parcel_area_m2">
                    <value>1097.05</value>
                </Data>
            </ExtendedData>
            <Polygon id="851406">
                <outerBoundaryIs>
                    <LinearRing id="851410">
                        <coordinates>-78.96364127656115,33.782039132226004,0.0 -78.9636117101948,33.782079245749166,0.0 -78.96360129358696,33.78207389188701,0.0 -78.96354320536012,33.78215269482373,0.0 -78.96356863060895,33.78216576269404,0.0 -78.9635209196788,33.78223048420502,0.0 -78.96349802572414,33.782218717968064,0.0 -78.96343936382989,33.78229829608918,0.0 -78.96345200123159,33.78230479136758,0.0 -78.96342286663626,33.78234431397724,0.0 -78.96326278092484,33.78226203230338,0.0 -78.96327030054,33.78225183355783,0.0 -78.96324694669272,33.78223982971456,0.0 -78.9634542027326,33.78195867231232,0.0 -78.96347220044709,33.78196792279062,0.0 -78.96348058928447,33.78195654328943,0.0 -78.96364127656115,33.782039132226004,0.0</coordinates>
                    </LinearRing>
                </outerBoundaryIs>
            </Polygon>
        </Placemark>
        <Placemark id="851421">
            <name>38400000323.0</name>
            <description>PIN: 38400000323.0&lt;br&gt;Wetland %: 0.00&lt;br&gt;Flood %: 100.00&lt;br&gt;Parcel area (m²): 1132.23</description>
            <styleUrl>#851426</styleUrl>
            <ExtendedData>
                <Data name="PIN">
                    <value>38400000323.0</value>
                </Data>
                <Data name="Wetland_%">
                    <value>0.00</value>
                </Data>
                <Data name="Flood_%">
                    <value>100.00</value>
                </Data>
                <Data name="Parcel_area_m2">
                    <value>1132.23</value>
                </Data>
            </ExtendedData>
            <Polygon id="851420">
                <outerBoundaryIs>
                    <LinearRing id="851424">
                        <coordinates>-78.96419426284974,33.782214510042095,0.0 -78.96416091993699,33.78224961632155,0.0 -78.96413843830956,33.78227329082555,0.0 -78.96394828986863,33.78247350635077,0.0 -78.96392671892244,33.78245922305067,0.0 -78.96391734943717,33.782469088352386,0.0 -78.96376717632985,33.7823696426984,0.0 -78.963802411352,33.78233254193706,0.0 -78.96381276446563,33.78233939824177,0.0 -78.9638811597928,33.782267382179334,0.0 -78.96385886258386,33.782252616112544,0.0 -78.963916369839,33.78219206199843,0.0 -78.9639388467872,33.782206946458516,0.0 -78.96400725852502,33.782134912559556,0.0 -78.96399778170587,33.78212863799743,0.0 -78.96403288250544,33.78209167836936,0.0 -78.9640598664923,33.78210954926769,0.0 -78.96410431097343,33.78213898145129,0.0 -78.96418266084643,33.78219086377468,0.0 -78.96417335453614,33.78220066339234,0.0 -78.96419426284974,33.782214510042095,0.0</coordinates>
                    </LinearRing>
                </outerBoundaryIs>
            </Polygon>
        </Placemark>
        <Placemark id="851435">
            <name>38400000318.0</name>
            <description>PIN: 38400000318.0&lt;br&gt;Wetland %: 0.00&lt;br&gt;Flood %: 100.00&lt;br&gt;Parcel area (m²): 1132.23</description>
            <styleUrl>#851440</styleUrl>
            <ExtendedData>
                <Data name="PIN">
                    <value>38400000318.0</value>
                </Data>
                <Data name="Wetland_%">
                    <value>0.00</value>
                </Data>
                <Data name="Flood_%">
                    <value>100.00</value>
                </Data>
                <Data name="Parcel_area_m2">
                    <value>1132.23</value>
                </Data>
            </ExtendedData>
            <Polygon id="851434">
                <outerBoundaryIs>
                    <LinearRing id="851438">
                        <coordinates>-78.96419426284974,33.782214510042095,0.0 -78.96416091993699,33.78224961632155,0.0 -78.96413843830956,33.78227329082555,0.0 -78.96394828986863,33.78247350635077,0.0 -78.96392671892244,33.78245922305067,0.0 -78.96391734943717,33.782469088352386,0.0 -78.96376717632985,33.7823696426984,0.0 -78.963802411352,33.78233254193706,0.0 -78.96381276446563,33.78233939824177,0.0 -78.9638811597928,33.782267382179334,0.0 -78.96385886258386,33.782252616112544,0.0 -78.963916369839,33.78219206199843,0.0 -78.9639388467872,33.782206946458516,0.0 -78.96400725852502,33.782134912559556,0.0 -78.96399778170587,33.78212863799743,0.0 -78.96403288250544,33.78209167836936,0.0 -78.9640598664923,33.78210954926769,0.0 -78.96410431097343,33.78213898145129,0.0 -78.96418266084643,33.78219086377468,0.0 -78.96417335453614,33.78220066339234,0.0 -78.96419426284974,33.782214510042095,0.0</coordinates>
                    </LinearRing>
                </outerBoundaryIs>
            </Polygon>
        </Placemark>
        <Placemark id="851449">
            <name>38400000320.0</name>
            <description>PIN: 38400000320.0&lt;br&gt;Wetland %: 0.00&lt;br&gt;Flood %: 100.00&lt;br&gt;Parcel area (m²): 1132.23</description>
            <styleUrl>#851454</styleUrl>
            <ExtendedData>
                <Data name="PIN">
                    <value>38400000320.0</value>
                </Data>
                <Data name="Wetland_%">
                    <value>0.00</value>
                </Data>
                <Data name="Flood_%">
                    <value>100.00</value>
                </Data>
                <Data name="Parcel_area_m2">
                    <value>1132.23</value>
                </Data>
            </ExtendedData>
            <Polygon id="851448">
                <outerBoundaryIs>
                    <LinearRing id="851452">
                        <coordinates>-78.96419426284974,33.782214510042095,0.0 -78.96416091993699,33.78224961632155,0.0 -78.96413843830956,33.78227329082555,0.0 -78.96394828986863,33.78247350635077,0.0 -78.96392671892244,33.78245922305067,0.0 -78.96391734943717,33.782469088352386,0.0 -78.96376717632985,33.7823696426984,0.0 -78.963802411352,33.78233254193706,0.0 -78.96381276446563,33.78233939824177,0.0 -78.9638811597928,33.782267382179334,0.0 -78.96385886258386,33.782252616112544,0.0 -78.963916369839,33.78219206199843,0.0 -78.9639388467872,33.782206946458516,0.0 -78.96400725852502,33.782134912559556,0.0 -78.96399778170587,33.78212863799743,0.0 -78.96403288250544,33.78209167836936,0.0 -78.9640598664923,33.78210954926769,0.0 -78.96410431097343,33.78213898145129,0.0 -78.96418266084643,33.78219086377468,0.0 -78.96417335453614,33.78220066339234,0.0 -78.96419426284974,33.782214510042095,0.0</coordinates>
                    </LinearRing>
                </outerBoundaryIs>
            </Polygon>
        </Placemark>
        <Placemark id="851463">
            <name>38400000328.0</name>
            <description>PIN: 38400000328.0&lt;br&gt;Wetland %: 0.00&lt;br&gt;Flood %: 100.00&lt;br&gt;Parcel area (m²): 1104.46</description>
            <styleUrl>#851468</styleUrl>
            <ExtendedData>
                <Data name="PIN">
                    <value>38400000328.0</value>
                </Data>
                <Data name="Wetland_%">
                    <value>0.00</value>
                </Data>
                <Data name="Flood_%">
                    <value>100.00</value>
                </Data>
                <Data name="Parcel_area_m2">
                    <value>1104.46</value>
                </Data>
            </ExtendedData>
            <Polygon id="851462">
                <outerBoundaryIs>
                    <LinearRing id="851466">
                        <coordinates>-78.96469853448818,33.78203841122066,0.0 -78.96467663805805,33.782193798698884,0.0 -78.96466175413079,33.78219274487565,0.0 -78.96465941145784,33.78220936305231,0.0 -78.96465163322488,33.782208599265985,0.0 -78.96426108224561,33.78217022181475,0.0 -78.9642642852143,33.78214749554517,0.0 -78.96424916411156,33.78214601116097,0.0 -78.96427099911548,33.781991061970345,0.0 -78.96432787006918,33.78199664962687,0.0 -78.96432613828573,33.78200893509001,0.0 -78.96443833383115,33.78201995952206,0.0 -78.96444145134443,33.781997831621,0.0 -78.96453290289095,33.78200681642594,0.0 -78.96452941249703,33.78203156549642,0.0 -78.96462432427765,33.78204089125371,0.0 -78.96464074710464,33.782042504331116,0.0 -78.96464210532692,33.78203286617671,0.0 -78.96469853448818,33.78203841122066,0.0</coordinates>
                    </LinearRing>
                </outerBoundaryIs>
            </Polygon>
        </Placemark>
        <Placemark id="851477">
            <name>38400000330.0</name>
            <description>PIN: 38400000330.0&lt;br&gt;Wetland %: 0.00&lt;br&gt;Flood %: 100.00&lt;br&gt;Parcel area (m²): 1104.46</description>
            <styleUrl>#851482</styleUrl>
            <ExtendedData>
                <Data name="PIN">
                    <value>38400000330.0</value>
                </Data>
                <Data name="Wetland_%">
                    <value>0.00</value>
                </Data>
                <Data name="Flood_%">
                    <value>100.00</value>
                </Data>
                <Data name="Parcel_area_m2">
                    <value>1104.46</value>
                </Data>
            </ExtendedData>
            <Polygon id="851476">
                <outerBoundaryIs>
                    <LinearRing id="851480">
                        <coordinates>-78.96469853448818,33.78203841122066,0.0 -78.96467663805805,33.782193798698884,0.0 -78.96466175413079,33.78219274487565,0.0 -78.96465941145784,33.78220936305231,0.0 -78.96465163322488,33.782208599265985,0.0 -78.96426108224561,33.78217022181475,0.0 -78.9642642852143,33.78214749554517,0.0 -78.96424916411156,33.78214601116097,0.0 -78.96427099911548,33.781991061970345,0.0 -78.96432787006918,33.78199664962687,0.0 -78.96432613828573,33.78200893509001,0.0 -78.96443833383115,33.78201995952206,0.0 -78.96444145134443,33.781997831621,0.0 -78.96453290289095,33.78200681642594,0.0 -78.96452941249703,33.78203156549642,0.0 -78.96462432427765,33.78204089125371,0.0 -78.96464074710464,33.782042504331116,0.0 -78.96464210532692,33.78203286617671,0.0 -78.96469853448818,33.78203841122066,0.0</coordinates>
                    </LinearRing>
                </outerBoundaryIs>
            </Polygon>
        </Placemark>
        <Placemark id="851491">
            <name>38400000344.0</name>
            <description>PIN: 38400000344.0&lt;br&gt;Wetland %: 0.00&lt;br&gt;Flood %: 100.00&lt;br&gt;Parcel area (m²): 1149.77</description>
            <styleUrl>#851496</styleUrl>
            <ExtendedData>
                <Data name="PIN">
                    <value>38400000344.0</value>
                </Data>
                <Data name="Wetland_%">
                    <value>0.00</value>
                </Data>
                <Data name="Flood_%">
                    <value>100.00</value>
                </Data>
                <Data name="Parcel_area_m2">
                    <value>1149.77</value>
                </Data>
            </ExtendedData>
            <Polygon id="851490">
                <outerBoundaryIs>
                    <LinearRing id="851494">
                        <coordinates>-78.96497613839229,33.78173557436173,0.0 -78.96496715417413,33.781736989649794,0.0 -78.96492982837142,33.78174287598317,0.0 -78.96492090163035,33.781744281390104,0.0 -78.96491837521111,33.781733109214834,0.0 -78.96480880038602,33.781750382845104,0.0 -78.96481392732242,33.78177306483618,0.0 -78.964724585664,33.78178715004152,0.0 -78.96471889334144,33.781761971244826,0.0 -78.96460879046263,33.78177932801046,0.0 -78.96461078664815,33.781788159099314,0.0 -78.96455460987677,33.78179701375225,0.0 -78.96451905725172,33.78163977220589,0.0 -78.96453517838975,33.781637229687846,0.0 -78.96453032126341,33.78161575077657,0.0 -78.96491016112637,33.78155587259256,0.0 -78.9649203628312,33.781554264476995,0.0 -78.96492337601427,33.7815681080354,0.0 -78.96492630142505,33.7815815515004,0.0 -78.96494081599417,33.78157934778819,0.0 -78.96497613839229,33.78173557436173,0.0</coordinates>
                    </LinearRing>
                </outerBoundaryIs>
            </Polygon>
        </Placemark>
        <Placemark id="851505">
            <name>38400000346.0</name>
            <description>PIN: 38400000346.0&lt;br&gt;Wetland %: 0.00&lt;br&gt;Flood %: 100.00&lt;br&gt;Parcel area (m²): 1149.77</description>
            <styleUrl>#851510</styleUrl>
            <ExtendedData>
                <Data name="PIN">
                    <value>38400000346.0</value>
                </Data>
                <Data name="Wetland_%">
                    <value>0.00</value>
                </Data>
                <Data name="Flood_%">
                    <value>100.00</value>
                </Data>
                <Data name="Parcel_area_m2">
                    <value>1149.77</value>
                </Data>
            </ExtendedData>
            <Polygon id="851504">
                <outerBoundaryIs>
                    <LinearRing id="851508">
                        <coordinates>-78.96497613839229,33.78173557436173,0.0 -78.96496715417413,33.781736989649794,0.0 -78.96492982837142,33.78174287598317,0.0 -78.96492090163035,33.781744281390104,0.0 -78.96491837521111,33.781733109214834,0.0 -78.96480880038602,33.781750382845104,0.0 -78.96481392732242,33.78177306483618,0.0 -78.964724585664,33.78178715004152,0.0 -78.96471889334144,33.781761971244826,0.0 -78.96460879046263,33.78177932801046,0.0 -78.96461078664815,33.781788159099314,0.0 -78.96455460987677,33.78179701375225,0.0 -78.96451905725172,33.78163977220589,0.0 -78.96453517838975,33.781637229687846,0.0 -78.96453032126341,33.78161575077657,0.0 -78.96491016112637,33.78155587259256,0.0 -78.9649203628312,33.781554264476995,0.0 -78.96492337601427,33.7815681080354,0.0 -78.96492630142505,33.7815815515004,0.0 -78.96494081599417,33.78157934778819,0.0 -78.96497613839229,33.78173557436173,0.0</coordinates>
                    </LinearRing>
                </outerBoundaryIs>
            </Polygon>
        </Placemark>
        <Placemark id="851519">
            <name>38400000341.0</name>
            <description>PIN: 38400000341.0&lt;br&gt;Wetland %: 0.00&lt;br&gt;Flood %: 100.00&lt;br&gt;Parcel area (m²): 1149.77</description>
            <styleUrl>#851524</styleUrl>
            <ExtendedData>
                <Data name="PIN">
                    <value>38400000341.0</value>
                </Data>
                <Data name="Wetland_%">
                    <value>0.00</value>
                </Data>
                <Data name="Flood_%">
                    <value>100.00</value>
                </Data>
                <Data name="Parcel_area_m2">
                    <value>1149.77</value>
                </Data>
            </ExtendedData>
            <Polygon id="851518">
                <outerBoundaryIs>
                    <LinearRing id="851522">
                        <coordinates>-78.96497613839229,33.78173557436173,0.0 -78.96496715417413,33.781736989649794,0.0 -78.96492982837142,33.78174287598317,0.0 -78.96492090163035,33.781744281390104,0.0 -78.96491837521111,33.781733109214834,0.0 -78.96480880038602,33.781750382845104,0.0 -78.96481392732242,33.78177306483618,0.0 -78.964724585664,33.78178715004152,0.0 -78.96471889334144,33.781761971244826,0.0 -78.96460879046263,33.78177932801046,0.0 -78.96461078664815,33.781788159099314,0.0 -78.96455460987677,33.78179701375225,0.0 -78.96451905725172,33.78163977220589,0.0 -78.96453517838975,33.781637229687846,0.0 -78.96453032126341,33.78161575077657,0.0 -78.96491016112637,33.78155587259256,0.0 -78.9649203628312,33.781554264476995,0.0 -78.96492337601427,33.7815681080354,0.0 -78.96492630142505,33.7815815515004,0.0 -78.96494081599417,33.78157934778819,0.0 -78.96497613839229,33.78173557436173,0.0</coordinates>
                    </LinearRing>
                </outerBoundaryIs>
            </Polygon>
        </Placemark>
        <Placemark id="851533">
            <name>38400000343.0</name>
            <description>PIN: 38400000343.0&lt;br&gt;Wetland %: 0.00&lt;br&gt;Flood %: 100.00&lt;br&gt;Parcel area (m²): 1149.77</description>
            <styleUrl>#851538</styleUrl>
            <ExtendedData>
                <Data name="PIN">
                    <value>38400000343.0</value>
                </Data>
                <Data name="Wetland_%">
                    <value>0.00</value>
                </Data>
                <Data name="Flood_%">
                    <value>100.00</value>
                </Data>
                <Data name="Parcel_area_m2">
                    <value>1149.77</value>
                </Data>
            </ExtendedData>
            <Polygon id="851532">
                <outerBoundaryIs>
                    <LinearRing id="851536">
                        <coordinates>-78.96497613839229,33.78173557436173,0.0 -78.96496715417413,33.781736989649794,0.0 -78.96492982837142,33.78174287598317,0.0 -78.96492090163035,33.781744281390104,0.0 -78.96491837521111,33.781733109214834,0.0 -78.96480880038602,33.781750382845104,0.0 -78.96481392732242,33.78177306483618,0.0 -78.964724585664,33.78178715004152,0.0 -78.96471889334144,33.781761971244826,0.0 -78.96460879046263,33.78177932801046,0.0 -78.96461078664815,33.781788159099314,0.0 -78.96455460987677,33.78179701375225,0.0 -78.96451905725172,33.78163977220589,0.0 -78.96453517838975,33.781637229687846,0.0 -78.96453032126341,33.78161575077657,0.0 -78.96491016112637,33.78155587259256,0.0 -78.9649203628312,33.781554264476995,0.0 -78.96492337601427,33.7815681080354,0.0 -78.96492630142505,33.7815815515004,0.0 -78.96494081599417,33.78157934778819,0.0 -78.96497613839229,33.78173557436173,0.0</coordinates>
                    </LinearRing>
                </outerBoundaryIs>
            </Polygon>
        </Placemark>
        <Placemark id="851547">
            <name>38400000270.0</name>
            <description>PIN: 38400000270.0&lt;br&gt;Wetland %: 0.00&lt;br&gt;Flood %: 100.00&lt;br&gt;Parcel area (m²): 1029.99</description>
            <styleUrl>#851552</styleUrl>
            <ExtendedData>
                <Data name="PIN">
                    <value>38400000270.0</value>
                </Data>
                <Data name="Wetland_%">
                    <value>0.00</value>
                </Data>
                <Data name="Flood_%">
                    <value>100.00</value>
                </Data>
                <Data name="Parcel_area_m2">
                    <value>1029.99</value>
                </Data>
            </ExtendedData>
            <Polygon id="851546">
                <outerBoundaryIs>
                    <LinearRing id="851550">
                        <coordinates>-78.9645635471382,33.78134831347983,0.0 -78.96454376759145,33.78134953493796,0.0 -78.96455282316369,33.781453977729164,0.0 -78.96452447127548,33.7814557292147,0.0 -78.96438631578967,33.78146427164429,0.0 -78.96435088536268,33.78146646133326,0.0 -78.96434650384435,33.781416263092986,0.0 -78.96434181460708,33.78136253507556,0.0 -78.96439291929352,33.781359252145336,0.0 -78.96438769296957,33.78130178043213,0.0 -78.96437120406617,33.78130288282316,0.0 -78.9643679575596,33.781266060730175,0.0 -78.9643902093037,33.78126470769991,0.0 -78.96438373976707,33.781190205269844,0.0 -78.96433675580825,33.7811932114465,0.0 -78.96432896478332,33.781104769701074,0.0 -78.96436235747964,33.78110269351365,0.0 -78.96439010384776,33.78110096547759,0.0 -78.96448688772173,33.78109494256575,0.0 -78.96454079565433,33.781091590241054,0.0 -78.9645635471382,33.78134831347983,0.0</coordinates>
                    </LinearRing>
                </outerBoundaryIs>
            </Polygon>
        </Placemark>
        <Placemark id="851561">
            <name>38400000272.0</name>
            <description>PIN: 38400000272.0&lt;br&gt;Wetland %: 0.00&lt;br&gt;Flood %: 100.00&lt;br&gt;Parcel area (m²): 1029.99</description>
            <styleUrl>#851566</styleUrl>
            <ExtendedData>
                <Data name="PIN">
                    <value>38400000272.0</value>
                </Data>
                <Data name="Wetland_%">
                    <value>0.00</value>
                </Data>
                <Data name="Flood_%">
                    <value>100.00</value>
                </Data>
                <Data name="Parcel_area_m2">
                    <value>1029.99</value>
                </Data>
            </ExtendedData>
            <Polygon id="851560">
                <outerBoundaryIs>
                    <LinearRing id="851564">
                        <coordinates>-78.9645635471382,33.78134831347983,0.0 -78.96454376759145,33.78134953493796,0.0 -78.96455282316369,33.781453977729164,0.0 -78.96452447127548,33.7814557292147,0.0 -78.96438631578967,33.78146427164429,0.0 -78.96435088536268,33.78146646133326,0.0 -78.96434650384435,33.781416263092986,0.0 -78.96434181460708,33.78136253507556,0.0 -78.96439291929352,33.781359252145336,0.0 -78.96438769296957,33.78130178043213,0.0 -78.96437120406617,33.78130288282316,0.0 -78.9643679575596,33.781266060730175,0.0 -78.9643902093037,33.78126470769991,0.0 -78.96438373976707,33.781190205269844,0.0 -78.96433675580825,33.7811932114465,0.0 -78.96432896478332,33.781104769701074,0.0 -78.96436235747964,33.78110269351365,0.0 -78.96439010384776,33.78110096547759,0.0 -78.96448688772173,33.78109494256575,0.0 -78.96454079565433,33.781091590241054,0.0 -78.9645635471382,33.78134831347983,0.0</coordinates>
                    </LinearRing>
                </outerBoundaryIs>
            </Polygon>
        </Placemark>
    </Document>
</kml>
