<?xml version="1.0" encoding="UTF-8"?>
<kml xmlns="http://www.opengis.net/kml/2.2" xmlns:gx="http://www.google.com/kml/ext/2.2">
    <Document id="1146208">
        <Style id="1146215">
            <LineStyle id="1146217">
                <color>ffffffff</color>
                <colorMode>normal</colorMode>
                <width>1</width>
            </LineStyle>
            <PolyStyle id="1146216">
                <color>8000a5ff</color>
                <colorMode>normal</colorMode>
                <fill>1</fill>
                <outline>1</outline>
            </PolyStyle>
        </Style>
        <Style id="1146229">
            <LineStyle id="1146231">
                <color>ffffffff</color>
                <colorMode>normal</colorMode>
                <width>1</width>
            </LineStyle>
            <PolyStyle id="1146230">
                <color>8000a5ff</color>
                <colorMode>normal</colorMode>
                <fill>1</fill>
                <outline>1</outline>
            </PolyStyle>
        </Style>
        <Style id="1146243">
            <LineStyle id="1146245">
                <color>ffffffff</color>
                <colorMode>normal</colorMode>
                <width>1</width>
            </LineStyle>
            <PolyStyle id="1146244">
                <color>800000ff</color>
                <colorMode>normal</colorMode>
                <fill>1</fill>
                <outline>1</outline>
            </PolyStyle>
        </Style>
        <Style id="1146257">
            <LineStyle id="1146259">
                <color>ffffffff</color>
                <colorMode>normal</colorMode>
                <width>1</width>
            </LineStyle>
            <PolyStyle id="1146258">
                <color>8000a5ff</color>
                <colorMode>normal</colorMode>
                <fill>1</fill>
                <outline>1</outline>
            </PolyStyle>
        </Style>
        <Style id="1146271">
            <LineStyle id="1146273">
                <color>ffffffff</color>
                <colorMode>normal</colorMode>
                <width>1</width>
            </LineStyle>
            <PolyStyle id="1146272">
                <color>8000a5ff</color>
                <colorMode>normal</colorMode>
                <fill>1</fill>
                <outline>1</outline>
            </PolyStyle>
        </Style>
        <Style id="1146285">
            <LineStyle id="1146287">
                <color>ffffffff</color>
                <colorMode>normal</colorMode>
                <width>1</width>
            </LineStyle>
            <PolyStyle id="1146286">
                <color>8000a5ff</color>
                <colorMode>normal</colorMode>
                <fill>1</fill>
                <outline>1</outline>
            </PolyStyle>
        </Style>
        <Style id="1146299">
            <LineStyle id="1146301">
                <color>ffffffff</color>
                <colorMode>normal</colorMode>
                <width>1</width>
            </LineStyle>
            <PolyStyle id="1146300">
                <color>8000a5ff</color>
                <colorMode>normal</colorMode>
                <fill>1</fill>
                <outline>1</outline>
            </PolyStyle>
        </Style>
        <Style id="1146313">
            <LineStyle id="1146315">
                <color>ffffffff</color>
                <colorMode>normal</colorMode>
                <width>1</width>
            </LineStyle>
            <PolyStyle id="1146314">
                <color>8000a5ff</color>
                <colorMode>normal</colorMode>
                <fill>1</fill>
                <outline>1</outline>
            </PolyStyle>
        </Style>
        <Style id="1146327">
            <LineStyle id="1146329">
                <color>ffffffff</color>
                <colorMode>normal</colorMode>
                <width>1</width>
            </LineStyle>
            <PolyStyle id="1146328">
                <color>8000a5ff</color>
                <colorMode>normal</colorMode>
                <fill>1</fill>
                <outline>1</outline>
            </PolyStyle>
        </Style>
        <Style id="1146341">
            <LineStyle id="1146343">
                <color>ffffffff</color>
                <colorMode>normal</colorMode>
                <width>1</width>
            </LineStyle>
            <PolyStyle id="1146342">
                <color>8000a5ff</color>
                <colorMode>normal</colorMode>
                <fill>1</fill>
                <outline>1</outline>
            </PolyStyle>
        </Style>
        <Style id="1146355">
            <LineStyle id="1146357">
                <color>ffffffff</color>
                <colorMode>normal</colorMode>
                <width>1</width>
            </LineStyle>
            <PolyStyle id="1146356">
                <color>8000a5ff</color>
                <colorMode>normal</colorMode>
                <fill>1</fill>
                <outline>1</outline>
            </PolyStyle>
        </Style>
        <Style id="1146369">
            <LineStyle id="1146371">
                <color>ffffffff</color>
                <colorMode>normal</colorMode>
                <width>1</width>
            </LineStyle>
            <PolyStyle id="1146370">
                <color>8000a5ff</color>
                <colorMode>normal</colorMode>
                <fill>1</fill>
                <outline>1</outline>
            </PolyStyle>
        </Style>
        <Style id="1146383">
            <LineStyle id="1146385">
                <color>ffffffff</color>
                <colorMode>normal</colorMode>
                <width>1</width>
            </LineStyle>
            <PolyStyle id="1146384">
                <color>80008000</color>
                <colorMode>normal</colorMode>
                <fill>1</fill>
                <outline>1</outline>
            </PolyStyle>
        </Style>
        <Style id="1146397">
            <LineStyle id="1146399">
                <color>ffffffff</color>
                <colorMode>normal</colorMode>
                <width>1</width>
            </LineStyle>
            <PolyStyle id="1146398">
                <color>8000a5ff</color>
                <colorMode>normal</colorMode>
                <fill>1</fill>
                <outline>1</outline>
            </PolyStyle>
        </Style>
        <Style id="1146411">
            <LineStyle id="1146413">
                <color>ffffffff</color>
                <colorMode>normal</colorMode>
                <width>1</width>
            </LineStyle>
            <PolyStyle id="1146412">
                <color>8000a5ff</color>
                <colorMode>normal</colorMode>
                <fill>1</fill>
                <outline>1</outline>
            </PolyStyle>
        </Style>
        <Style id="1146425">
            <LineStyle id="1146427">
                <color>ffffffff</color>
                <colorMode>normal</colorMode>
                <width>1</width>
            </LineStyle>
            <PolyStyle id="1146426">
                <color>8000a5ff</color>
                <colorMode>normal</colorMode>
                <fill>1</fill>
                <outline>1</outline>
            </PolyStyle>
        </Style>
        <Style id="1146439">
            <LineStyle id="1146441">
                <color>ffffffff</color>
                <colorMode>normal</colorMode>
                <width>1</width>
            </LineStyle>
            <PolyStyle id="1146440">
                <color>8000a5ff</color>
                <colorMode>normal</colorMode>
                <fill>1</fill>
                <outline>1</outline>
            </PolyStyle>
        </Style>
        <Style id="1146453">
            <LineStyle id="1146455">
                <color>ffffffff</color>
                <colorMode>normal</colorMode>
                <width>1</width>
            </LineStyle>
            <PolyStyle id="1146454">
                <color>8000a5ff</color>
                <colorMode>normal</colorMode>
                <fill>1</fill>
                <outline>1</outline>
            </PolyStyle>
        </Style>
        <Style id="1146467">
            <LineStyle id="1146469">
                <color>ffffffff</color>
                <colorMode>normal</colorMode>
                <width>1</width>
            </LineStyle>
            <PolyStyle id="1146468">
                <color>800000ff</color>
                <colorMode>normal</colorMode>
                <fill>1</fill>
                <outline>1</outline>
            </PolyStyle>
        </Style>
        <Style id="1146481">
            <LineStyle id="1146483">
                <color>ffffffff</color>
                <colorMode>normal</colorMode>
                <width>1</width>
            </LineStyle>
            <PolyStyle id="1146482">
                <color>8000a5ff</color>
                <colorMode>normal</colorMode>
                <fill>1</fill>
                <outline>1</outline>
            </PolyStyle>
        </Style>
        <Style id="1146495">
            <LineStyle id="1146497">
                <color>ffffffff</color>
                <colorMode>normal</colorMode>
                <width>1</width>
            </LineStyle>
            <PolyStyle id="1146496">
                <color>8000a5ff</color>
                <colorMode>normal</colorMode>
                <fill>1</fill>
                <outline>1</outline>
            </PolyStyle>
        </Style>
        <Style id="1146509">
            <LineStyle id="1146511">
                <color>ffffffff</color>
                <colorMode>normal</colorMode>
                <width>1</width>
            </LineStyle>
            <PolyStyle id="1146510">
                <color>8000a5ff</color>
                <colorMode>normal</colorMode>
                <fill>1</fill>
                <outline>1</outline>
            </PolyStyle>
        </Style>
        <Style id="1146523">
            <LineStyle id="1146525">
                <color>ffffffff</color>
                <colorMode>normal</colorMode>
                <width>1</width>
            </LineStyle>
            <PolyStyle id="1146524">
                <color>8000a5ff</color>
                <colorMode>normal</colorMode>
                <fill>1</fill>
                <outline>1</outline>
            </PolyStyle>
        </Style>
        <Style id="1146537">
            <LineStyle id="1146539">
                <color>ffffffff</color>
                <colorMode>normal</colorMode>
                <width>1</width>
            </LineStyle>
            <PolyStyle id="1146538">
                <color>8000a5ff</color>
                <colorMode>normal</colorMode>
                <fill>1</fill>
                <outline>1</outline>
            </PolyStyle>
        </Style>
        <Style id="1146551">
            <LineStyle id="1146553">
                <color>ffffffff</color>
                <colorMode>normal</colorMode>
                <width>1</width>
            </LineStyle>
            <PolyStyle id="1146552">
                <color>8000a5ff</color>
                <colorMode>normal</colorMode>
                <fill>1</fill>
                <outline>1</outline>
            </PolyStyle>
        </Style>
        <Style id="1146565">
            <LineStyle id="1146567">
                <color>ffffffff</color>
                <colorMode>normal</colorMode>
                <width>1</width>
            </LineStyle>
            <PolyStyle id="1146566">
                <color>8000a5ff</color>
                <colorMode>normal</colorMode>
                <fill>1</fill>
                <outline>1</outline>
            </PolyStyle>
        </Style>
        <Style id="1146579">
            <LineStyle id="1146581">
                <color>ffffffff</color>
                <colorMode>normal</colorMode>
                <width>1</width>
            </LineStyle>
            <PolyStyle id="1146580">
                <color>8000a5ff</color>
                <colorMode>normal</colorMode>
                <fill>1</fill>
                <outline>1</outline>
            </PolyStyle>
        </Style>
        <Style id="1146593">
            <LineStyle id="1146595">
                <color>ffffffff</color>
                <colorMode>normal</colorMode>
                <width>1</width>
            </LineStyle>
            <PolyStyle id="1146594">
                <color>8000a5ff</color>
                <colorMode>normal</colorMode>
                <fill>1</fill>
                <outline>1</outline>
            </PolyStyle>
        </Style>
        <Style id="1146607">
            <LineStyle id="1146609">
                <color>ffffffff</color>
                <colorMode>normal</colorMode>
                <width>1</width>
            </LineStyle>
            <PolyStyle id="1146608">
                <color>8000a5ff</color>
                <colorMode>normal</colorMode>
                <fill>1</fill>
                <outline>1</outline>
            </PolyStyle>
        </Style>
        <Style id="1146621">
            <LineStyle id="1146623">
                <color>ffffffff</color>
                <colorMode>normal</colorMode>
                <width>1</width>
            </LineStyle>
            <PolyStyle id="1146622">
                <color>8000a5ff</color>
                <colorMode>normal</colorMode>
                <fill>1</fill>
                <outline>1</outline>
            </PolyStyle>
        </Style>
        <Style id="1146635">
            <LineStyle id="1146637">
                <color>ffffffff</color>
                <colorMode>normal</colorMode>
                <width>1</width>
            </LineStyle>
            <PolyStyle id="1146636">
                <color>8000a5ff</color>
                <colorMode>normal</colorMode>
                <fill>1</fill>
                <outline>1</outline>
            </PolyStyle>
        </Style>
        <Style id="1146649">
            <LineStyle id="1146651">
                <color>ffffffff</color>
                <colorMode>normal</colorMode>
                <width>1</width>
            </LineStyle>
            <PolyStyle id="1146650">
                <color>8000a5ff</color>
                <colorMode>normal</colorMode>
                <fill>1</fill>
                <outline>1</outline>
            </PolyStyle>
        </Style>
        <Style id="1146663">
            <LineStyle id="1146665">
                <color>ffffffff</color>
                <colorMode>normal</colorMode>
                <width>1</width>
            </LineStyle>
            <PolyStyle id="1146664">
                <color>80008000</color>
                <colorMode>normal</colorMode>
                <fill>1</fill>
                <outline>1</outline>
            </PolyStyle>
        </Style>
        <Style id="1146677">
            <LineStyle id="1146679">
                <color>ffffffff</color>
                <colorMode>normal</colorMode>
                <width>1</width>
            </LineStyle>
            <PolyStyle id="1146678">
                <color>8000a5ff</color>
                <colorMode>normal</colorMode>
                <fill>1</fill>
                <outline>1</outline>
            </PolyStyle>
        </Style>
        <Style id="1146691">
            <LineStyle id="1146693">
                <color>ffffffff</color>
                <colorMode>normal</colorMode>
                <width>1</width>
            </LineStyle>
            <PolyStyle id="1146692">
                <color>8000a5ff</color>
                <colorMode>normal</colorMode>
                <fill>1</fill>
                <outline>1</outline>
            </PolyStyle>
        </Style>
        <Style id="1146705">
            <LineStyle id="1146707">
                <color>ffffffff</color>
                <colorMode>normal</colorMode>
                <width>1</width>
            </LineStyle>
            <PolyStyle id="1146706">
                <color>8000a5ff</color>
                <colorMode>normal</colorMode>
                <fill>1</fill>
                <outline>1</outline>
            </PolyStyle>
        </Style>
        <Style id="1146719">
            <LineStyle id="1146721">
                <color>ffffffff</color>
                <colorMode>normal</colorMode>
                <width>1</width>
            </LineStyle>
            <PolyStyle id="1146720">
                <color>8000a5ff</color>
                <colorMode>normal</colorMode>
                <fill>1</fill>
                <outline>1</outline>
            </PolyStyle>
        </Style>
        <Style id="1146733">
            <LineStyle id="1146735">
                <color>ffffffff</color>
                <colorMode>normal</colorMode>
                <width>1</width>
            </LineStyle>
            <PolyStyle id="1146734">
                <color>8000a5ff</color>
                <colorMode>normal</colorMode>
                <fill>1</fill>
                <outline>1</outline>
            </PolyStyle>
        </Style>
        <Style id="1146747">
            <LineStyle id="1146749">
                <color>ffffffff</color>
                <colorMode>normal</colorMode>
                <width>1</width>
            </LineStyle>
            <PolyStyle id="1146748">
                <color>8000a5ff</color>
                <colorMode>normal</colorMode>
                <fill>1</fill>
                <outline>1</outline>
            </PolyStyle>
        </Style>
        <Style id="1146761">
            <LineStyle id="1146763">
                <color>ffffffff</color>
                <colorMode>normal</colorMode>
                <width>1</width>
            </LineStyle>
            <PolyStyle id="1146762">
                <color>8000a5ff</color>
                <colorMode>normal</colorMode>
                <fill>1</fill>
                <outline>1</outline>
            </PolyStyle>
        </Style>
        <Style id="1146775">
            <LineStyle id="1146777">
                <color>ffffffff</color>
                <colorMode>normal</colorMode>
                <width>1</width>
            </LineStyle>
            <PolyStyle id="1146776">
                <color>8000a5ff</color>
                <colorMode>normal</colorMode>
                <fill>1</fill>
                <outline>1</outline>
            </PolyStyle>
        </Style>
        <Style id="1146789">
            <LineStyle id="1146791">
                <color>ffffffff</color>
                <colorMode>normal</colorMode>
                <width>1</width>
            </LineStyle>
            <PolyStyle id="1146790">
                <color>8000a5ff</color>
                <colorMode>normal</colorMode>
                <fill>1</fill>
                <outline>1</outline>
            </PolyStyle>
        </Style>
        <Style id="1146803">
            <LineStyle id="1146805">
                <color>ffffffff</color>
                <colorMode>normal</colorMode>
                <width>1</width>
            </LineStyle>
            <PolyStyle id="1146804">
                <color>8000a5ff</color>
                <colorMode>normal</colorMode>
                <fill>1</fill>
                <outline>1</outline>
            </PolyStyle>
        </Style>
        <Style id="1146817">
            <LineStyle id="1146819">
                <color>ffffffff</color>
                <colorMode>normal</colorMode>
                <width>1</width>
            </LineStyle>
            <PolyStyle id="1146818">
                <color>8000a5ff</color>
                <colorMode>normal</colorMode>
                <fill>1</fill>
                <outline>1</outline>
            </PolyStyle>
        </Style>
        <Style id="1146831">
            <LineStyle id="1146833">
                <color>ffffffff</color>
                <colorMode>normal</colorMode>
                <width>1</width>
            </LineStyle>
            <PolyStyle id="1146832">
                <color>8000a5ff</color>
                <colorMode>normal</colorMode>
                <fill>1</fill>
                <outline>1</outline>
            </PolyStyle>
        </Style>
        <Style id="1146845">
            <LineStyle id="1146847">
                <color>ffffffff</color>
                <colorMode>normal</colorMode>
                <width>1</width>
            </LineStyle>
            <PolyStyle id="1146846">
                <color>8000a5ff</color>
                <colorMode>normal</colorMode>
                <fill>1</fill>
                <outline>1</outline>
            </PolyStyle>
        </Style>
        <Style id="1146859">
            <LineStyle id="1146861">
                <color>ffffffff</color>
                <colorMode>normal</colorMode>
                <width>1</width>
            </LineStyle>
            <PolyStyle id="1146860">
                <color>8000a5ff</color>
                <colorMode>normal</colorMode>
                <fill>1</fill>
                <outline>1</outline>
            </PolyStyle>
        </Style>
        <Style id="1146873">
            <LineStyle id="1146875">
                <color>ffffffff</color>
                <colorMode>normal</colorMode>
                <width>1</width>
            </LineStyle>
            <PolyStyle id="1146874">
                <color>8000a5ff</color>
                <colorMode>normal</colorMode>
                <fill>1</fill>
                <outline>1</outline>
            </PolyStyle>
        </Style>
        <Style id="1146887">
            <LineStyle id="1146889">
                <color>ffffffff</color>
                <colorMode>normal</colorMode>
                <width>1</width>
            </LineStyle>
            <PolyStyle id="1146888">
                <color>8000a5ff</color>
                <colorMode>normal</colorMode>
                <fill>1</fill>
                <outline>1</outline>
            </PolyStyle>
        </Style>
        <Style id="1146901">
            <LineStyle id="1146903">
                <color>ffffffff</color>
                <colorMode>normal</colorMode>
                <width>1</width>
            </LineStyle>
            <PolyStyle id="1146902">
                <color>8000a5ff</color>
                <colorMode>normal</colorMode>
                <fill>1</fill>
                <outline>1</outline>
            </PolyStyle>
        </Style>
        <Style id="1146915">
            <LineStyle id="1146917">
                <color>ffffffff</color>
                <colorMode>normal</colorMode>
                <width>1</width>
            </LineStyle>
            <PolyStyle id="1146916">
                <color>8000a5ff</color>
                <colorMode>normal</colorMode>
                <fill>1</fill>
                <outline>1</outline>
            </PolyStyle>
        </Style>
        <Style id="1146929">
            <LineStyle id="1146931">
                <color>ffffffff</color>
                <colorMode>normal</colorMode>
                <width>1</width>
            </LineStyle>
            <PolyStyle id="1146930">
                <color>8000a5ff</color>
                <colorMode>normal</colorMode>
                <fill>1</fill>
                <outline>1</outline>
            </PolyStyle>
        </Style>
        <Style id="1146943">
            <LineStyle id="1146945">
                <color>ffffffff</color>
                <colorMode>normal</colorMode>
                <width>1</width>
            </LineStyle>
            <PolyStyle id="1146944">
                <color>8000a5ff</color>
                <colorMode>normal</colorMode>
                <fill>1</fill>
                <outline>1</outline>
            </PolyStyle>
        </Style>
        <Style id="1146957">
            <LineStyle id="1146959">
                <color>ffffffff</color>
                <colorMode>normal</colorMode>
                <width>1</width>
            </LineStyle>
            <PolyStyle id="1146958">
                <color>8000a5ff</color>
                <colorMode>normal</colorMode>
                <fill>1</fill>
                <outline>1</outline>
            </PolyStyle>
        </Style>
        <Style id="1146971">
            <LineStyle id="1146973">
                <color>ffffffff</color>
                <colorMode>normal</colorMode>
                <width>1</width>
            </LineStyle>
            <PolyStyle id="1146972">
                <color>8000a5ff</color>
                <colorMode>normal</colorMode>
                <fill>1</fill>
                <outline>1</outline>
            </PolyStyle>
        </Style>
        <Style id="1146985">
            <LineStyle id="1146987">
                <color>ffffffff</color>
                <colorMode>normal</colorMode>
                <width>1</width>
            </LineStyle>
            <PolyStyle id="1146986">
                <color>8000a5ff</color>
                <colorMode>normal</colorMode>
                <fill>1</fill>
                <outline>1</outline>
            </PolyStyle>
        </Style>
        <Style id="1146999">
            <LineStyle id="1147001">
                <color>ffffffff</color>
                <colorMode>normal</colorMode>
                <width>1</width>
            </LineStyle>
            <PolyStyle id="1147000">
                <color>8000a5ff</color>
                <colorMode>normal</colorMode>
                <fill>1</fill>
                <outline>1</outline>
            </PolyStyle>
        </Style>
        <Style id="1147013">
            <LineStyle id="1147015">
                <color>ffffffff</color>
                <colorMode>normal</colorMode>
                <width>1</width>
            </LineStyle>
            <PolyStyle id="1147014">
                <color>8000a5ff</color>
                <colorMode>normal</colorMode>
                <fill>1</fill>
                <outline>1</outline>
            </PolyStyle>
        </Style>
        <Style id="1147027">
            <LineStyle id="1147029">
                <color>ffffffff</color>
                <colorMode>normal</colorMode>
                <width>1</width>
            </LineStyle>
            <PolyStyle id="1147028">
                <color>800000ff</color>
                <colorMode>normal</colorMode>
                <fill>1</fill>
                <outline>1</outline>
            </PolyStyle>
        </Style>
        <Style id="1147041">
            <LineStyle id="1147043">
                <color>ffffffff</color>
                <colorMode>normal</colorMode>
                <width>1</width>
            </LineStyle>
            <PolyStyle id="1147042">
                <color>8000a5ff</color>
                <colorMode>normal</colorMode>
                <fill>1</fill>
                <outline>1</outline>
            </PolyStyle>
        </Style>
        <Style id="1147055">
            <LineStyle id="1147057">
                <color>ffffffff</color>
                <colorMode>normal</colorMode>
                <width>1</width>
            </LineStyle>
            <PolyStyle id="1147056">
                <color>8000a5ff</color>
                <colorMode>normal</colorMode>
                <fill>1</fill>
                <outline>1</outline>
            </PolyStyle>
        </Style>
        <Style id="1147069">
            <LineStyle id="1147071">
                <color>ffffffff</color>
                <colorMode>normal</colorMode>
                <width>1</width>
            </LineStyle>
            <PolyStyle id="1147070">
                <color>8000a5ff</color>
                <colorMode>normal</colorMode>
                <fill>1</fill>
                <outline>1</outline>
            </PolyStyle>
        </Style>
        <Style id="1147083">
            <LineStyle id="1147085">
                <color>ffffffff</color>
                <colorMode>normal</colorMode>
                <width>1</width>
            </LineStyle>
            <PolyStyle id="1147084">
                <color>8000a5ff</color>
                <colorMode>normal</colorMode>
                <fill>1</fill>
                <outline>1</outline>
            </PolyStyle>
        </Style>
        <Style id="1147097">
            <LineStyle id="1147099">
                <color>ffffffff</color>
                <colorMode>normal</colorMode>
                <width>1</width>
            </LineStyle>
            <PolyStyle id="1147098">
                <color>8000a5ff</color>
                <colorMode>normal</colorMode>
                <fill>1</fill>
                <outline>1</outline>
            </PolyStyle>
        </Style>
        <Style id="1147111">
            <LineStyle id="1147113">
                <color>ffffffff</color>
                <colorMode>normal</colorMode>
                <width>1</width>
            </LineStyle>
            <PolyStyle id="1147112">
                <color>8000a5ff</color>
                <colorMode>normal</colorMode>
                <fill>1</fill>
                <outline>1</outline>
            </PolyStyle>
        </Style>
        <Style id="1147125">
            <LineStyle id="1147127">
                <color>ffffffff</color>
                <colorMode>normal</colorMode>
                <width>1</width>
            </LineStyle>
            <PolyStyle id="1147126">
                <color>800000ff</color>
                <colorMode>normal</colorMode>
                <fill>1</fill>
                <outline>1</outline>
            </PolyStyle>
        </Style>
        <Style id="1147139">
            <LineStyle id="1147141">
                <color>ffffffff</color>
                <colorMode>normal</colorMode>
                <width>1</width>
            </LineStyle>
            <PolyStyle id="1147140">
                <color>800000ff</color>
                <colorMode>normal</colorMode>
                <fill>1</fill>
                <outline>1</outline>
            </PolyStyle>
        </Style>
        <Style id="1147153">
            <LineStyle id="1147155">
                <color>ffffffff</color>
                <colorMode>normal</colorMode>
                <width>1</width>
            </LineStyle>
            <PolyStyle id="1147154">
                <color>8000a5ff</color>
                <colorMode>normal</colorMode>
                <fill>1</fill>
                <outline>1</outline>
            </PolyStyle>
        </Style>
        <Style id="1147167">
            <LineStyle id="1147169">
                <color>ffffffff</color>
                <colorMode>normal</colorMode>
                <width>1</width>
            </LineStyle>
            <PolyStyle id="1147168">
                <color>800000ff</color>
                <colorMode>normal</colorMode>
                <fill>1</fill>
                <outline>1</outline>
            </PolyStyle>
        </Style>
        <Style id="1147181">
            <LineStyle id="1147183">
                <color>ffffffff</color>
                <colorMode>normal</colorMode>
                <width>1</width>
            </LineStyle>
            <PolyStyle id="1147182">
                <color>8000a5ff</color>
                <colorMode>normal</colorMode>
                <fill>1</fill>
                <outline>1</outline>
            </PolyStyle>
        </Style>
        <Style id="1147195">
            <LineStyle id="1147197">
                <color>ffffffff</color>
                <colorMode>normal</colorMode>
                <width>1</width>
            </LineStyle>
            <PolyStyle id="1147196">
                <color>8000a5ff</color>
                <colorMode>normal</colorMode>
                <fill>1</fill>
                <outline>1</outline>
            </PolyStyle>
        </Style>
        <Style id="1147209">
            <LineStyle id="1147211">
                <color>ffffffff</color>
                <colorMode>normal</colorMode>
                <width>1</width>
            </LineStyle>
            <PolyStyle id="1147210">
                <color>8000a5ff</color>
                <colorMode>normal</colorMode>
                <fill>1</fill>
                <outline>1</outline>
            </PolyStyle>
        </Style>
        <Style id="1147223">
            <LineStyle id="1147225">
                <color>ffffffff</color>
                <colorMode>normal</colorMode>
                <width>1</width>
            </LineStyle>
            <PolyStyle id="1147224">
                <color>8000a5ff</color>
                <colorMode>normal</colorMode>
                <fill>1</fill>
                <outline>1</outline>
            </PolyStyle>
        </Style>
        <Style id="1147237">
            <LineStyle id="1147239">
                <color>ffffffff</color>
                <colorMode>normal</colorMode>
                <width>1</width>
            </LineStyle>
            <PolyStyle id="1147238">
                <color>8000a5ff</color>
                <colorMode>normal</colorMode>
                <fill>1</fill>
                <outline>1</outline>
            </PolyStyle>
        </Style>
        <Style id="1147251">
            <LineStyle id="1147253">
                <color>ffffffff</color>
                <colorMode>normal</colorMode>
                <width>1</width>
            </LineStyle>
            <PolyStyle id="1147252">
                <color>8000a5ff</color>
                <colorMode>normal</colorMode>
                <fill>1</fill>
                <outline>1</outline>
            </PolyStyle>
        </Style>
        <Style id="1147265">
            <LineStyle id="1147267">
                <color>ffffffff</color>
                <colorMode>normal</colorMode>
                <width>1</width>
            </LineStyle>
            <PolyStyle id="1147266">
                <color>8000a5ff</color>
                <colorMode>normal</colorMode>
                <fill>1</fill>
                <outline>1</outline>
            </PolyStyle>
        </Style>
        <Style id="1147279">
            <LineStyle id="1147281">
                <color>ffffffff</color>
                <colorMode>normal</colorMode>
                <width>1</width>
            </LineStyle>
            <PolyStyle id="1147280">
                <color>800000ff</color>
                <colorMode>normal</colorMode>
                <fill>1</fill>
                <outline>1</outline>
            </PolyStyle>
        </Style>
        <Style id="1147293">
            <LineStyle id="1147295">
                <color>ffffffff</color>
                <colorMode>normal</colorMode>
                <width>1</width>
            </LineStyle>
            <PolyStyle id="1147294">
                <color>8000a5ff</color>
                <colorMode>normal</colorMode>
                <fill>1</fill>
                <outline>1</outline>
            </PolyStyle>
        </Style>
        <Style id="1147307">
            <LineStyle id="1147309">
                <color>ffffffff</color>
                <colorMode>normal</colorMode>
                <width>1</width>
            </LineStyle>
            <PolyStyle id="1147308">
                <color>8000a5ff</color>
                <colorMode>normal</colorMode>
                <fill>1</fill>
                <outline>1</outline>
            </PolyStyle>
        </Style>
        <Style id="1147321">
            <LineStyle id="1147323">
                <color>ffffffff</color>
                <colorMode>normal</colorMode>
                <width>1</width>
            </LineStyle>
            <PolyStyle id="1147322">
                <color>8000a5ff</color>
                <colorMode>normal</colorMode>
                <fill>1</fill>
                <outline>1</outline>
            </PolyStyle>
        </Style>
        <Placemark id="1146210">
            <name>30516030002.0</name>
            <description>PIN: 30516030002.0&lt;br&gt;Wetland %: 0.00&lt;br&gt;Flood %: 100.00&lt;br&gt;Parcel area (m²): 963.06</description>
            <styleUrl>#1146215</styleUrl>
            <ExtendedData>
                <Data name="PIN">
                    <value>30516030002.0</value>
                </Data>
                <Data name="Wetland_%">
                    <value>0.00</value>
                </Data>
                <Data name="Flood_%">
                    <value>100.00</value>
                </Data>
                <Data name="Parcel_area_m2">
                    <value>963.06</value>
                </Data>
            </ExtendedData>
            <Polygon id="1146209">
                <outerBoundaryIs>
                    <LinearRing id="1146213">
                        <coordinates>-78.67745329839148,33.88551761801335,0.0 -78.6775910218245,33.88520799765225,0.0 -78.67777322665317,33.885266052509536,0.0 -78.67763632742226,33.885575689409684,0.0 -78.67745329839148,33.88551761801335,0.0</coordinates>
                    </LinearRing>
                </outerBoundaryIs>
            </Polygon>
        </Placemark>
        <Placemark id="1146224">
            <name>29307010002.0</name>
            <description>PIN: 29307010002.0&lt;br&gt;Wetland %: 0.00&lt;br&gt;Flood %: 100.00&lt;br&gt;Parcel area (m²): 2581.74</description>
            <styleUrl>#1146229</styleUrl>
            <ExtendedData>
                <Data name="PIN">
                    <value>29307010002.0</value>
                </Data>
                <Data name="Wetland_%">
                    <value>0.00</value>
                </Data>
                <Data name="Flood_%">
                    <value>100.00</value>
                </Data>
                <Data name="Parcel_area_m2">
                    <value>2581.74</value>
                </Data>
            </ExtendedData>
            <Polygon id="1146223">
                <outerBoundaryIs>
                    <LinearRing id="1146227">
                        <coordinates>-79.06917551989297,33.90950477509543,0.0 -79.0698053552099,33.9093011404285,0.0 -79.06980568645184,33.909301032852234,0.0 -79.0698465152311,33.909391780077215,0.0 -79.06990389203732,33.90951930753247,0.0 -79.06991482435328,33.90954360848913,0.0 -79.06984260358799,33.90956638810458,0.0 -79.0692872568515,33.909741550309136,0.0 -79.06917551989297,33.90950477509543,0.0</coordinates>
                    </LinearRing>
                </outerBoundaryIs>
            </Polygon>
        </Placemark>
        <Placemark id="1146238">
            <name>27911020003.0</name>
            <description>PIN: 27911020003.0&lt;br&gt;Wetland %: 63.30&lt;br&gt;Flood %: 100.00&lt;br&gt;Parcel area (m²): 5142.79</description>
            <styleUrl>#1146243</styleUrl>
            <ExtendedData>
                <Data name="PIN">
                    <value>27911020003.0</value>
                </Data>
                <Data name="Wetland_%">
                    <value>63.30</value>
                </Data>
                <Data name="Flood_%">
                    <value>100.00</value>
                </Data>
                <Data name="Parcel_area_m2">
                    <value>5142.79</value>
                </Data>
            </ExtendedData>
            <Polygon id="1146237">
                <outerBoundaryIs>
                    <LinearRing id="1146241">
                        <coordinates>-79.15333315157211,33.933531363687116,0.0 -79.15317254218778,33.93310083396866,0.0 -79.1535239256923,33.93317015071469,0.0 -79.15405182381093,33.93327422277954,0.0 -79.15420983303282,33.93367241328873,0.0 -79.15411440495751,33.93366257449398,0.0 -79.15389160232883,33.933633313970894,0.0 -79.15351546856617,33.933564659602055,0.0 -79.15349822294723,33.933561482514115,0.0 -79.15341774590871,33.93354653946863,0.0 -79.15333315157211,33.933531363687116,0.0</coordinates>
                    </LinearRing>
                </outerBoundaryIs>
            </Polygon>
        </Placemark>
        <Placemark id="1146252">
            <name>29603020006.0</name>
            <description>PIN: 29603020006.0&lt;br&gt;Wetland %: 0.00&lt;br&gt;Flood %: 100.00&lt;br&gt;Parcel area (m²): 3465.96</description>
            <styleUrl>#1146257</styleUrl>
            <ExtendedData>
                <Data name="PIN">
                    <value>29603020006.0</value>
                </Data>
                <Data name="Wetland_%">
                    <value>0.00</value>
                </Data>
                <Data name="Flood_%">
                    <value>100.00</value>
                </Data>
                <Data name="Parcel_area_m2">
                    <value>3465.96</value>
                </Data>
            </ExtendedData>
            <Polygon id="1146251">
                <outerBoundaryIs>
                    <LinearRing id="1146255">
                        <coordinates>-78.95676755000538,33.916913349262984,0.0 -78.95676761517831,33.916910601353436,0.0 -78.95687237739094,33.916386239672285,0.0 -78.95729088438706,33.916431624332034,0.0 -78.95718881909016,33.91698145796584,0.0 -78.95677083167836,33.91691391834413,0.0 -78.95676755000538,33.916913349262984,0.0</coordinates>
                    </LinearRing>
                </outerBoundaryIs>
            </Polygon>
        </Placemark>
        <Placemark id="1146266">
            <name>30502030003.0</name>
            <description>PIN: 30502030003.0&lt;br&gt;Wetland %: 0.00&lt;br&gt;Flood %: 100.00&lt;br&gt;Parcel area (m²): 2930.91</description>
            <styleUrl>#1146271</styleUrl>
            <ExtendedData>
                <Data name="PIN">
                    <value>30502030003.0</value>
                </Data>
                <Data name="Wetland_%">
                    <value>0.00</value>
                </Data>
                <Data name="Flood_%">
                    <value>100.00</value>
                </Data>
                <Data name="Parcel_area_m2">
                    <value>2930.91</value>
                </Data>
            </ExtendedData>
            <Polygon id="1146265">
                <outerBoundaryIs>
                    <LinearRing id="1146269">
                        <coordinates>-78.66681373157748,33.908563026602394,0.0 -78.66712866325202,33.9083414828107,0.0 -78.66744570835515,33.90811845191178,0.0 -78.6674758214479,33.908246262599604,0.0 -78.66749851082989,33.90844342631406,0.0 -78.667111975338,33.9087456025567,0.0 -78.66681373157748,33.908563026602394,0.0</coordinates>
                    </LinearRing>
                </outerBoundaryIs>
            </Polygon>
        </Placemark>
        <Placemark id="1146280">
            <name>30711040016.0</name>
            <description>PIN: 30711040016.0&lt;br&gt;Wetland %: 0.00&lt;br&gt;Flood %: 100.00&lt;br&gt;Parcel area (m²): 1469.19</description>
            <styleUrl>#1146285</styleUrl>
            <ExtendedData>
                <Data name="PIN">
                    <value>30711040016.0</value>
                </Data>
                <Data name="Wetland_%">
                    <value>0.00</value>
                </Data>
                <Data name="Flood_%">
                    <value>100.00</value>
                </Data>
                <Data name="Parcel_area_m2">
                    <value>1469.19</value>
                </Data>
            </ExtendedData>
            <Polygon id="1146279">
                <outerBoundaryIs>
                    <LinearRing id="1146283">
                        <coordinates>-78.59693069589706,33.89229222283791,0.0 -78.59715647640243,33.89247100382079,0.0 -78.5968610758422,33.89271992271864,0.0 -78.5967331672837,33.89263719897286,0.0 -78.59672027518232,33.892626639394834,0.0 -78.59671229079144,33.892617377333195,0.0 -78.59670525945229,33.892603494021245,0.0 -78.596702484003,33.892584883951656,0.0 -78.59670372923387,33.89256978657163,0.0 -78.59671676400494,33.8925456410997,0.0 -78.59689927498134,33.89232546348464,0.0 -78.59690269546536,33.89232106146302,0.0 -78.59693069589706,33.89229222283791,0.0</coordinates>
                    </LinearRing>
                </outerBoundaryIs>
            </Polygon>
        </Placemark>
        <Placemark id="1146294">
            <name>28911020006.0</name>
            <description>PIN: 28911020006.0&lt;br&gt;Wetland %: 0.00&lt;br&gt;Flood %: 100.00&lt;br&gt;Parcel area (m²): 7197.13</description>
            <styleUrl>#1146299</styleUrl>
            <ExtendedData>
                <Data name="PIN">
                    <value>28911020006.0</value>
                </Data>
                <Data name="Wetland_%">
                    <value>0.00</value>
                </Data>
                <Data name="Flood_%">
                    <value>100.00</value>
                </Data>
                <Data name="Parcel_area_m2">
                    <value>7197.13</value>
                </Data>
            </ExtendedData>
            <Polygon id="1146293">
                <outerBoundaryIs>
                    <LinearRing id="1146297">
                        <coordinates>-79.18855751766446,33.906595314836096,0.0 -79.18826262195158,33.9057249351573,0.0 -79.18814537108612,33.90534318978404,0.0 -79.18827717959054,33.905385318123024,0.0 -79.18858051200299,33.90546225274652,0.0 -79.18896363694434,33.90660537335862,0.0 -79.18855751766446,33.906595314836096,0.0</coordinates>
                    </LinearRing>
                </outerBoundaryIs>
            </Polygon>
        </Placemark>
        <Placemark id="1146308">
            <name>29114040002.0</name>
            <description>PIN: 29114040002.0&lt;br&gt;Wetland %: 0.00&lt;br&gt;Flood %: 100.00&lt;br&gt;Parcel area (m²): 6763.98</description>
            <styleUrl>#1146313</styleUrl>
            <ExtendedData>
                <Data name="PIN">
                    <value>29114040002.0</value>
                </Data>
                <Data name="Wetland_%">
                    <value>0.00</value>
                </Data>
                <Data name="Flood_%">
                    <value>100.00</value>
                </Data>
                <Data name="Parcel_area_m2">
                    <value>6763.98</value>
                </Data>
            </ExtendedData>
            <Polygon id="1146307">
                <outerBoundaryIs>
                    <LinearRing id="1146311">
                        <coordinates>-79.12702982016204,33.8931456163121,0.0 -79.12742782174186,33.89275577534448,0.0 -79.12773497597755,33.8929898913805,0.0 -79.12791910379862,33.89312513609724,0.0 -79.1281472564491,33.89328235055066,0.0 -79.12767872375406,33.8935687184567,0.0 -79.12763444852011,33.893596226719794,0.0 -79.12762943846461,33.89359924354421,0.0 -79.12762457501726,33.89359556255961,0.0 -79.12702982016204,33.8931456163121,0.0</coordinates>
                    </LinearRing>
                </outerBoundaryIs>
            </Polygon>
        </Placemark>
        <Placemark id="1146322">
            <name>32703010011.0</name>
            <description>PIN: 32703010011.0&lt;br&gt;Wetland %: 0.00&lt;br&gt;Flood %: 100.00&lt;br&gt;Parcel area (m²): 8985.62</description>
            <styleUrl>#1146327</styleUrl>
            <ExtendedData>
                <Data name="PIN">
                    <value>32703010011.0</value>
                </Data>
                <Data name="Wetland_%">
                    <value>0.00</value>
                </Data>
                <Data name="Flood_%">
                    <value>100.00</value>
                </Data>
                <Data name="Parcel_area_m2">
                    <value>8985.62</value>
                </Data>
            </ExtendedData>
            <Polygon id="1146321">
                <outerBoundaryIs>
                    <LinearRing id="1146325">
                        <coordinates>-79.12554121066619,33.89007551611873,0.0 -79.12652530425841,33.88915765543663,0.0 -79.12690518994005,33.88942299895661,0.0 -79.12647072069318,33.889849041979694,0.0 -79.12610350474635,33.89013796938611,0.0 -79.12585753221329,33.89030811730459,0.0 -79.12554121066619,33.89007551611873,0.0</coordinates>
                    </LinearRing>
                </outerBoundaryIs>
            </Polygon>
        </Placemark>
        <Placemark id="1146336">
            <name>31311010056.0</name>
            <description>PIN: 31311010056.0&lt;br&gt;Wetland %: 0.00&lt;br&gt;Flood %: 100.00&lt;br&gt;Parcel area (m²): 344.36</description>
            <styleUrl>#1146341</styleUrl>
            <ExtendedData>
                <Data name="PIN">
                    <value>31311010056.0</value>
                </Data>
                <Data name="Wetland_%">
                    <value>0.00</value>
                </Data>
                <Data name="Flood_%">
                    <value>100.00</value>
                </Data>
                <Data name="Parcel_area_m2">
                    <value>344.36</value>
                </Data>
            </ExtendedData>
            <Polygon id="1146335">
                <outerBoundaryIs>
                    <LinearRing id="1146339">
                        <coordinates>-78.66494908932265,33.87014145213522,0.0 -78.66482588986746,33.87030957875731,0.0 -78.66472677380666,33.87025770822003,0.0 -78.66484998018292,33.87008941045013,0.0 -78.66494908932265,33.87014145213522,0.0</coordinates>
                    </LinearRing>
                </outerBoundaryIs>
            </Polygon>
        </Placemark>
        <Placemark id="1146350">
            <name>31310040105.0</name>
            <description>PIN: 31310040105.0&lt;br&gt;Wetland %: 0.00&lt;br&gt;Flood %: 100.00&lt;br&gt;Parcel area (m²): 667.40</description>
            <styleUrl>#1146355</styleUrl>
            <ExtendedData>
                <Data name="PIN">
                    <value>31310040105.0</value>
                </Data>
                <Data name="Wetland_%">
                    <value>0.00</value>
                </Data>
                <Data name="Flood_%">
                    <value>100.00</value>
                </Data>
                <Data name="Parcel_area_m2">
                    <value>667.40</value>
                </Data>
            </ExtendedData>
            <Polygon id="1146349">
                <outerBoundaryIs>
                    <LinearRing id="1146353">
                        <coordinates>-78.67322727019331,33.8669320355382,0.0 -78.6735013890803,33.8667882120787,0.0 -78.67352604892537,33.86682097804375,0.0 -78.67358969466436,33.86690499320521,0.0 -78.67331639582252,33.8670488313619,0.0 -78.67322727019331,33.8669320355382,0.0</coordinates>
                    </LinearRing>
                </outerBoundaryIs>
            </Polygon>
        </Placemark>
        <Placemark id="1146364">
            <name>29114040003.0</name>
            <description>PIN: 29114040003.0&lt;br&gt;Wetland %: 0.00&lt;br&gt;Flood %: 100.00&lt;br&gt;Parcel area (m²): 7037.44</description>
            <styleUrl>#1146369</styleUrl>
            <ExtendedData>
                <Data name="PIN">
                    <value>29114040003.0</value>
                </Data>
                <Data name="Wetland_%">
                    <value>0.00</value>
                </Data>
                <Data name="Flood_%">
                    <value>100.00</value>
                </Data>
                <Data name="Parcel_area_m2">
                    <value>7037.44</value>
                </Data>
            </ExtendedData>
            <Polygon id="1146363">
                <outerBoundaryIs>
                    <LinearRing id="1146367">
                        <coordinates>-79.1265151285861,33.89364974863637,0.0 -79.12702982016204,33.8931456163121,0.0 -79.12762457501726,33.89359556255961,0.0 -79.12762943846461,33.89359924354421,0.0 -79.1276244295094,33.893602259483124,0.0 -79.12696963887741,33.894002812177845,0.0 -79.12677639021466,33.89383220820692,0.0 -79.1265151285861,33.89364974863637,0.0</coordinates>
                    </LinearRing>
                </outerBoundaryIs>
            </Polygon>
        </Placemark>
        <Placemark id="1146378">
            <name>31104010143.0</name>
            <description>PIN: 31104010143.0&lt;br&gt;Wetland %: 1.66&lt;br&gt;Flood %: 0.00&lt;br&gt;Parcel area (m²): 2648.35</description>
            <styleUrl>#1146383</styleUrl>
            <ExtendedData>
                <Data name="PIN">
                    <value>31104010143.0</value>
                </Data>
                <Data name="Wetland_%">
                    <value>1.66</value>
                </Data>
                <Data name="Flood_%">
                    <value>0.00</value>
                </Data>
                <Data name="Parcel_area_m2">
                    <value>2648.35</value>
                </Data>
            </ExtendedData>
            <Polygon id="1146377">
                <outerBoundaryIs>
                    <LinearRing id="1146381">
                        <coordinates>-78.58840315413211,33.88224772968,0.0 -78.58850053824575,33.88188913146686,0.0 -78.5885253187082,33.881887036876556,0.0 -78.58854926007214,33.881885440975864,0.0 -78.58857400796389,33.88188454897552,0.0 -78.58859873454821,33.8818843411539,0.0 -78.58862344402314,33.88188482210262,0.0 -78.58864730474097,33.88188614700971,0.0 -78.58867197843215,33.88188782958385,0.0 -78.58869662545605,33.88189054259054,0.0 -78.58872043335988,33.881893755189516,0.0 -78.58874504455302,33.8818976716246,0.0 -78.58876881886444,33.88190208498998,0.0 -78.58879257127812,33.881907358407894,0.0 -78.5888154813309,33.881913131356,0.0 -78.5888391990744,33.881919605519656,0.0 -78.58886206693447,33.88192692542542,0.0 -78.58888492632047,33.8819345870102,0.0 -78.58890694132906,33.881943090837005,0.0 -78.58892893759231,33.88195211022416,0.0 -78.58863480578269,33.882450697389736,0.0 -78.58849679258519,33.88234697822123,0.0 -78.58840315413211,33.88224772968,0.0</coordinates>
                    </LinearRing>
                </outerBoundaryIs>
            </Polygon>
        </Placemark>
        <Placemark id="1146392">
            <name>32912040002.0</name>
            <description>PIN: 32912040002.0&lt;br&gt;Wetland %: 0.00&lt;br&gt;Flood %: 100.00&lt;br&gt;Parcel area (m²): 4901.66</description>
            <styleUrl>#1146397</styleUrl>
            <ExtendedData>
                <Data name="PIN">
                    <value>32912040002.0</value>
                </Data>
                <Data name="Wetland_%">
                    <value>0.00</value>
                </Data>
                <Data name="Flood_%">
                    <value>100.00</value>
                </Data>
                <Data name="Parcel_area_m2">
                    <value>4901.66</value>
                </Data>
            </ExtendedData>
            <Polygon id="1146391">
                <outerBoundaryIs>
                    <LinearRing id="1146395">
                        <coordinates>-79.18222300680063,33.87373662771498,0.0 -79.18196308917156,33.87354832628246,0.0 -79.18226904453327,33.873260190592404,0.0 -79.18267578414365,33.873546031524725,0.0 -79.18275436381366,33.87376572078507,0.0 -79.18281713466097,33.874083297910765,0.0 -79.18257796491866,33.87400434992476,0.0 -79.18222300680063,33.87373662771498,0.0</coordinates>
                    </LinearRing>
                </outerBoundaryIs>
            </Polygon>
        </Placemark>
        <Placemark id="1146406">
            <name>32809020003.0</name>
            <description>PIN: 32809020003.0&lt;br&gt;Wetland %: 0.00&lt;br&gt;Flood %: 100.00&lt;br&gt;Parcel area (m²): 4887.84</description>
            <styleUrl>#1146411</styleUrl>
            <ExtendedData>
                <Data name="PIN">
                    <value>32809020003.0</value>
                </Data>
                <Data name="Wetland_%">
                    <value>0.00</value>
                </Data>
                <Data name="Flood_%">
                    <value>100.00</value>
                </Data>
                <Data name="Parcel_area_m2">
                    <value>4887.84</value>
                </Data>
            </ExtendedData>
            <Polygon id="1146405">
                <outerBoundaryIs>
                    <LinearRing id="1146409">
                        <coordinates>-79.17221640229256,33.87930282667061,0.0 -79.17231532260419,33.87875656661457,0.0 -79.17289278690704,33.878878647540276,0.0 -79.17279387268454,33.87942473582301,0.0 -79.17221640229256,33.87930282667061,0.0</coordinates>
                    </LinearRing>
                </outerBoundaryIs>
            </Polygon>
        </Placemark>
        <Placemark id="1146420">
            <name>31209010128.0</name>
            <description>PIN: 31209010128.0&lt;br&gt;Wetland %: 0.00&lt;br&gt;Flood %: 100.00&lt;br&gt;Parcel area (m²): 1171.84</description>
            <styleUrl>#1146425</styleUrl>
            <ExtendedData>
                <Data name="PIN">
                    <value>31209010128.0</value>
                </Data>
                <Data name="Wetland_%">
                    <value>0.00</value>
                </Data>
                <Data name="Flood_%">
                    <value>100.00</value>
                </Data>
                <Data name="Parcel_area_m2">
                    <value>1171.84</value>
                </Data>
            </ExtendedData>
            <Polygon id="1146419">
                <outerBoundaryIs>
                    <LinearRing id="1146423">
                        <coordinates>-78.64922727936906,33.8678249924131,0.0 -78.64958607239157,33.86765963216488,0.0 -78.64967222586142,33.86779357070021,0.0 -78.64969594821653,33.86783010571692,0.0 -78.64933971991934,33.86799207847115,0.0 -78.64922727936906,33.8678249924131,0.0</coordinates>
                    </LinearRing>
                </outerBoundaryIs>
            </Polygon>
        </Placemark>
        <Placemark id="1146434">
            <name>31404040003.0</name>
            <description>PIN: 31404040003.0&lt;br&gt;Wetland %: 0.00&lt;br&gt;Flood %: 100.00&lt;br&gt;Parcel area (m²): 5536.30</description>
            <styleUrl>#1146439</styleUrl>
            <ExtendedData>
                <Data name="PIN">
                    <value>31404040003.0</value>
                </Data>
                <Data name="Wetland_%">
                    <value>0.00</value>
                </Data>
                <Data name="Flood_%">
                    <value>100.00</value>
                </Data>
                <Data name="Parcel_area_m2">
                    <value>5536.30</value>
                </Data>
            </ExtendedData>
            <Polygon id="1146433">
                <outerBoundaryIs>
                    <LinearRing id="1146437">
                        <coordinates>-78.68734791636747,33.87948864358523,0.0 -78.68725264893412,33.8794366199431,0.0 -78.68720295008445,33.87934579969742,0.0 -78.68735435697764,33.8792922684047,0.0 -78.68731351459283,33.879217450054966,0.0 -78.68736842177638,33.879198037637266,0.0 -78.68746492227275,33.87916391864578,0.0 -78.68750658485442,33.87923892362595,0.0 -78.68816210271619,33.87900802784951,0.0 -78.68832158955566,33.87936004331984,0.0 -78.6882725033993,33.879377891651274,0.0 -78.68758876059947,33.87962016160479,0.0 -78.68734791636747,33.87948864358523,0.0</coordinates>
                    </LinearRing>
                </outerBoundaryIs>
            </Polygon>
        </Placemark>
        <Placemark id="1146448">
            <name>30611030013.0</name>
            <description>PIN: 30611030013.0&lt;br&gt;Wetland %: 0.00&lt;br&gt;Flood %: 100.00&lt;br&gt;Parcel area (m²): 11467.70</description>
            <styleUrl>#1146453</styleUrl>
            <ExtendedData>
                <Data name="PIN">
                    <value>30611030013.0</value>
                </Data>
                <Data name="Wetland_%">
                    <value>0.00</value>
                </Data>
                <Data name="Flood_%">
                    <value>100.00</value>
                </Data>
                <Data name="Parcel_area_m2">
                    <value>11467.70</value>
                </Data>
            </ExtendedData>
            <Polygon id="1146447">
                <outerBoundaryIs>
                    <LinearRing id="1146451">
                        <coordinates>-78.62834031482977,33.892465594574716,0.0 -78.62835451396127,33.89245882472579,0.0 -78.62910048689047,33.89209525572456,0.0 -78.6296124894144,33.89286692070628,0.0 -78.62886572969866,33.893228930887155,0.0 -78.62834031482977,33.892465594574716,0.0</coordinates>
                    </LinearRing>
                </outerBoundaryIs>
            </Polygon>
        </Placemark>
        <Placemark id="1146462">
            <name>30701030002.0</name>
            <description>PIN: 30701030002.0&lt;br&gt;Wetland %: 49.01&lt;br&gt;Flood %: 100.00&lt;br&gt;Parcel area (m²): 6444.04</description>
            <styleUrl>#1146467</styleUrl>
            <ExtendedData>
                <Data name="PIN">
                    <value>30701030002.0</value>
                </Data>
                <Data name="Wetland_%">
                    <value>49.01</value>
                </Data>
                <Data name="Flood_%">
                    <value>100.00</value>
                </Data>
                <Data name="Parcel_area_m2">
                    <value>6444.04</value>
                </Data>
            </ExtendedData>
            <Polygon id="1146461">
                <outerBoundaryIs>
                    <LinearRing id="1146465">
                        <coordinates>-78.60856018428372,33.90747649437197,0.0 -78.60861505678211,33.907429956562595,0.0 -78.60894423617981,33.90715245359587,0.0 -78.60902357570109,33.90708559829231,0.0 -78.60957446407551,33.907551732248265,0.0 -78.60911106528131,33.90794297385096,0.0 -78.60856018428372,33.90747649437197,0.0</coordinates>
                    </LinearRing>
                </outerBoundaryIs>
            </Polygon>
        </Placemark>
        <Placemark id="1146476">
            <name>30714030023.0</name>
            <description>PIN: 30714030023.0&lt;br&gt;Wetland %: 0.00&lt;br&gt;Flood %: 100.00&lt;br&gt;Parcel area (m²): 714.86</description>
            <styleUrl>#1146481</styleUrl>
            <ExtendedData>
                <Data name="PIN">
                    <value>30714030023.0</value>
                </Data>
                <Data name="Wetland_%">
                    <value>0.00</value>
                </Data>
                <Data name="Flood_%">
                    <value>100.00</value>
                </Data>
                <Data name="Parcel_area_m2">
                    <value>714.86</value>
                </Data>
            </ExtendedData>
            <Polygon id="1146475">
                <outerBoundaryIs>
                    <LinearRing id="1146479">
                        <coordinates>-78.59375585267676,33.88403398309556,0.0 -78.59377592676304,33.8840233770256,0.0 -78.5938192773367,33.884005489507224,0.0 -78.59383505850991,33.88400098397746,0.0 -78.59384915354504,33.88399799348381,0.0 -78.59385576768715,33.88399726235927,0.0 -78.59387391160323,33.883996756058515,0.0 -78.59389200759651,33.883997966180395,0.0 -78.59391005934418,33.88400072232351,0.0 -78.59392642757817,33.884004822179236,0.0 -78.59396231165799,33.884018232374174,0.0 -78.59397774494424,33.88402626470621,0.0 -78.59399231146011,33.88403582618456,0.0 -78.59400520302326,33.88404638608813,0.0 -78.5940180253296,33.884059349304394,0.0 -78.59405585884548,33.884121082630905,0.0 -78.59392330949159,33.8842936003285,0.0 -78.59386012762451,33.8841952912541,0.0 -78.59375585267676,33.88403398309556,0.0</coordinates>
                    </LinearRing>
                </outerBoundaryIs>
            </Polygon>
        </Placemark>
        <Placemark id="1146490">
            <name>30715030012.0</name>
            <description>PIN: 30715030012.0&lt;br&gt;Wetland %: 0.00&lt;br&gt;Flood %: 100.00&lt;br&gt;Parcel area (m²): 1779.57</description>
            <styleUrl>#1146495</styleUrl>
            <ExtendedData>
                <Data name="PIN">
                    <value>30715030012.0</value>
                </Data>
                <Data name="Wetland_%">
                    <value>0.00</value>
                </Data>
                <Data name="Flood_%">
                    <value>100.00</value>
                </Data>
                <Data name="Parcel_area_m2">
                    <value>1779.57</value>
                </Data>
            </ExtendedData>
            <Polygon id="1146489">
                <outerBoundaryIs>
                    <LinearRing id="1146493">
                        <coordinates>-78.60049725088852,33.886623728490946,0.0 -78.60050067460061,33.8866191568643,0.0 -78.60069975004114,33.88636561589902,0.0 -78.60097332241473,33.88651473179874,0.0 -78.60068676156378,33.88689132337337,0.0 -78.60068349557419,33.88689023007528,0.0 -78.6006721603402,33.88688296526878,0.0 -78.60066251176667,33.886874358521126,0.0 -78.6006553511229,33.886865113553625,0.0 -78.60064988672706,33.886854182278576,0.0 -78.60064775152223,33.88684211314882,0.0 -78.60064645433759,33.8868295443207,0.0 -78.60064437806284,33.886815242150455,0.0 -78.60064071500929,33.88679885005152,0.0 -78.60063697123006,33.886785201988076,0.0 -78.60063086703832,33.886767728955355,0.0 -78.60062311333839,33.88675022487971,0.0 -78.6006137181932,33.88673251673865,0.0 -78.60060106929053,33.88671319870394,0.0 -78.6005859600286,33.8866934902706,0.0 -78.6005723403403,33.88667947956949,0.0 -78.60056029621641,33.8866680781145,0.0 -78.6005425868966,33.886652958157015,0.0 -78.6005215696883,33.88663828915873,0.0 -78.60049887534426,33.88662462043207,0.0 -78.60049725088852,33.886623728490946,0.0</coordinates>
                    </LinearRing>
                </outerBoundaryIs>
            </Polygon>
        </Placemark>
        <Placemark id="1146504">
            <name>30613030008.0</name>
            <description>PIN: 30613030008.0&lt;br&gt;Wetland %: 0.00&lt;br&gt;Flood %: 100.00&lt;br&gt;Parcel area (m²): 1169.33</description>
            <styleUrl>#1146509</styleUrl>
            <ExtendedData>
                <Data name="PIN">
                    <value>30613030008.0</value>
                </Data>
                <Data name="Wetland_%">
                    <value>0.00</value>
                </Data>
                <Data name="Flood_%">
                    <value>100.00</value>
                </Data>
                <Data name="Parcel_area_m2">
                    <value>1169.33</value>
                </Data>
            </ExtendedData>
            <Polygon id="1146503">
                <outerBoundaryIs>
                    <LinearRing id="1146507">
                        <coordinates>-78.62080564798005,33.88527940917771,0.0 -78.62124618897968,33.88514267415907,0.0 -78.62125015659677,33.885148249629225,0.0 -78.6212809136152,33.88519833108057,0.0 -78.62133611761871,33.88528821756449,0.0 -78.62127793241883,33.8853063357918,0.0 -78.62087561608756,33.88543161577886,0.0 -78.62087406730092,33.88542797636607,0.0 -78.62081417240346,33.88529898861689,0.0 -78.62080564798005,33.88527940917771,0.0</coordinates>
                    </LinearRing>
                </outerBoundaryIs>
            </Polygon>
        </Placemark>
        <Placemark id="1146518">
            <name>30713040019.0</name>
            <description>PIN: 30713040019.0&lt;br&gt;Wetland %: 0.00&lt;br&gt;Flood %: 66.62&lt;br&gt;Parcel area (m²): 976.39</description>
            <styleUrl>#1146523</styleUrl>
            <ExtendedData>
                <Data name="PIN">
                    <value>30713040019.0</value>
                </Data>
                <Data name="Wetland_%">
                    <value>0.00</value>
                </Data>
                <Data name="Flood_%">
                    <value>66.62</value>
                </Data>
                <Data name="Parcel_area_m2">
                    <value>976.39</value>
                </Data>
            </ExtendedData>
            <Polygon id="1146517">
                <outerBoundaryIs>
                    <LinearRing id="1146521">
                        <coordinates>-78.59184291036836,33.88421984673391,0.0 -78.5920104007761,33.88444853954719,0.0 -78.59192915335754,33.88455634084813,0.0 -78.59192909945958,33.884556411958364,0.0 -78.59192140467458,33.884566399670966,0.0 -78.59191723738425,33.88456803783263,0.0 -78.59191142392105,33.88456964309573,0.0 -78.59190477722068,33.88457157581472,0.0 -78.59189897335453,33.88457283761207,0.0 -78.59189316948823,33.884574099409164,0.0 -78.59189068418613,33.88457456612884,0.0 -78.5918857242351,33.884575157025346,0.0 -78.59187249428508,33.884576790408445,0.0 -78.59186588970458,33.88457717706034,0.0 -78.59185599643325,33.88457732841375,0.0 -78.59184611651544,33.88457696319539,0.0 -78.59183296810801,33.88457567847268,0.0 -78.59181983678532,33.88457370497322,0.0 -78.59181083436422,33.884571467175064,0.0 -78.59180101895782,33.88456887082387,0.0 -78.5917887736254,33.88456468215957,0.0 -78.59178307163059,33.884562337137666,0.0 -78.59177168465105,33.884556961022255,0.0 -78.59176114531999,33.88455074180211,0.0 -78.59175061926896,33.88454400871462,0.0 -78.59174255085821,33.88453783752301,0.0 -78.59173532152799,33.884531168516546,0.0 -78.59172809968574,33.88452415419949,0.0 -78.59172093757076,33.884515080034646,0.0 -78.59171694415399,33.884510534936396,0.0 -78.59171377815763,33.88450583184105,0.0 -78.59170828620007,33.8844959323643,0.0 -78.59170440312768,33.88448743876862,0.0 -78.59170052599906,33.8844787712075,0.0 -78.5916983046151,33.884469793983904,0.0 -78.59169609766694,33.884460300210264,0.0 -78.59169471327661,33.884450822425954,0.0 -78.59177312446111,33.884328459708875,0.0 -78.59177320925608,33.88432832786514,0.0 -78.59184291036836,33.88421984673391,0.0</coordinates>
                    </LinearRing>
                </outerBoundaryIs>
            </Polygon>
        </Placemark>
        <Placemark id="1146532">
            <name>31202030053.0</name>
            <description>PIN: 31202030053.0&lt;br&gt;Wetland %: 0.00&lt;br&gt;Flood %: 100.00&lt;br&gt;Parcel area (m²): 2768.60</description>
            <styleUrl>#1146537</styleUrl>
            <ExtendedData>
                <Data name="PIN">
                    <value>31202030053.0</value>
                </Data>
                <Data name="Wetland_%">
                    <value>0.00</value>
                </Data>
                <Data name="Flood_%">
                    <value>100.00</value>
                </Data>
                <Data name="Parcel_area_m2">
                    <value>2768.60</value>
                </Data>
            </ExtendedData>
            <Polygon id="1146531">
                <outerBoundaryIs>
                    <LinearRing id="1146535">
                        <coordinates>-78.63732605613475,33.878938527136064,0.0 -78.63732691631152,33.87893716894623,0.0 -78.63753275211849,33.878522528489945,0.0 -78.63786904477541,33.87891004923326,0.0 -78.63782137855785,33.87896549874277,0.0 -78.6377947949229,33.87900348050331,0.0 -78.63774157038769,33.87908133343417,0.0 -78.63769184343751,33.879181934746626,0.0 -78.6374330762857,33.87906256429097,0.0 -78.63743144687024,33.87906184501788,0.0 -78.63743077392324,33.879056333806105,0.0 -78.63743010203248,33.87905082351642,0.0 -78.63742942800475,33.87904531228402,0.0 -78.63742792787325,33.87903995576869,0.0 -78.63742643022618,33.879034429731355,0.0 -78.6374249253502,33.87902924630274,0.0 -78.63742342300809,33.879023891549075,0.0 -78.63742109350629,33.879018690590314,0.0 -78.63741876498683,33.8790134932581,0.0 -78.63741560606525,33.879008449658926,0.0 -78.63741244458564,33.87900357828614,0.0 -78.63740928094462,33.87899870687205,0.0 -78.63740611366471,33.87899400766373,0.0 -78.63740294640984,33.87898930755392,0.0 -78.63739894506448,33.878984935185805,0.0 -78.63739494590585,33.878980561957285,0.0 -78.637390119812,33.87897617656605,0.0 -78.63738611229466,33.878972147728454,0.0 -78.6373812743016,33.87896827532802,0.0 -78.63737643377516,33.8789645742524,0.0 -78.63737158890106,33.878960873995624,0.0 -78.63736673679801,33.87895751634747,0.0 -78.63736106107655,33.87895414389375,0.0 -78.63735537598913,33.87895111310583,0.0 -78.63734968610774,33.878948257207405,0.0 -78.63734399524473,33.8789453976822,0.0 -78.63733829125262,33.878943056536166,0.0 -78.63733258728554,33.87894071448832,0.0 -78.63732605613475,33.878938527136064,0.0</coordinates>
                    </LinearRing>
                </outerBoundaryIs>
            </Polygon>
        </Placemark>
        <Placemark id="1146546">
            <name>31208010013.0</name>
            <description>PIN: 31208010013.0&lt;br&gt;Wetland %: 0.00&lt;br&gt;Flood %: 100.00&lt;br&gt;Parcel area (m²): 1673.41</description>
            <styleUrl>#1146551</styleUrl>
            <ExtendedData>
                <Data name="PIN">
                    <value>31208010013.0</value>
                </Data>
                <Data name="Wetland_%">
                    <value>0.00</value>
                </Data>
                <Data name="Flood_%">
                    <value>100.00</value>
                </Data>
                <Data name="Parcel_area_m2">
                    <value>1673.41</value>
                </Data>
            </ExtendedData>
            <Polygon id="1146545">
                <outerBoundaryIs>
                    <LinearRing id="1146549">
                        <coordinates>-78.64672460161516,33.876050848742956,0.0 -78.64668857898324,33.875800846334684,0.0 -78.64685053103972,33.8757240241067,0.0 -78.64692805929451,33.87584512419984,0.0 -78.64708540540408,33.87609089979487,0.0 -78.64719273021926,33.876258540517256,0.0 -78.64719251162887,33.876258506600905,0.0 -78.64717796221494,33.87625619814804,0.0 -78.64716070472366,33.87625449669338,0.0 -78.64714751246888,33.87625476115809,0.0 -78.64711838022475,33.8762655491433,0.0 -78.64711078888071,33.876271933373225,0.0 -78.64684284955217,33.87606580902913,0.0 -78.64672460161516,33.876050848742956,0.0</coordinates>
                    </LinearRing>
                </outerBoundaryIs>
            </Polygon>
        </Placemark>
        <Placemark id="1146560">
            <name>31206010041.0</name>
            <description>PIN: 31206010041.0&lt;br&gt;Wetland %: 0.00&lt;br&gt;Flood %: 100.00&lt;br&gt;Parcel area (m²): 325.08</description>
            <styleUrl>#1146565</styleUrl>
            <ExtendedData>
                <Data name="PIN">
                    <value>31206010041.0</value>
                </Data>
                <Data name="Wetland_%">
                    <value>0.00</value>
                </Data>
                <Data name="Flood_%">
                    <value>100.00</value>
                </Data>
                <Data name="Parcel_area_m2">
                    <value>325.08</value>
                </Data>
            </ExtendedData>
            <Polygon id="1146559">
                <outerBoundaryIs>
                    <LinearRing id="1146563">
                        <coordinates>-78.63046545353389,33.87704165316836,0.0 -78.63074633016119,33.876895818655775,0.0 -78.6307876264077,33.876952279630274,0.0 -78.63050925924394,33.87709678763781,0.0 -78.63046545353389,33.87704165316836,0.0</coordinates>
                    </LinearRing>
                </outerBoundaryIs>
            </Polygon>
        </Placemark>
        <Placemark id="1146574">
            <name>31108020026.0</name>
            <description>PIN: 31108020026.0&lt;br&gt;Wetland %: 0.00&lt;br&gt;Flood %: 100.00&lt;br&gt;Parcel area (m²): 1377.77</description>
            <styleUrl>#1146579</styleUrl>
            <ExtendedData>
                <Data name="PIN">
                    <value>31108020026.0</value>
                </Data>
                <Data name="Wetland_%">
                    <value>0.00</value>
                </Data>
                <Data name="Flood_%">
                    <value>100.00</value>
                </Data>
                <Data name="Parcel_area_m2">
                    <value>1377.77</value>
                </Data>
            </ExtendedData>
            <Polygon id="1146573">
                <outerBoundaryIs>
                    <LinearRing id="1146577">
                        <coordinates>-78.61067388791494,33.87557370079235,0.0 -78.61110467912656,33.87537134997519,0.0 -78.61122055344894,33.875531148841745,0.0 -78.61079058531918,33.875733514135035,0.0 -78.61067388791494,33.87557370079235,0.0</coordinates>
                    </LinearRing>
                </outerBoundaryIs>
            </Polygon>
        </Placemark>
        <Placemark id="1146588">
            <name>31204010017.0</name>
            <description>PIN: 31204010017.0&lt;br&gt;Wetland %: 0.00&lt;br&gt;Flood %: 100.00&lt;br&gt;Parcel area (m²): 963.00</description>
            <styleUrl>#1146593</styleUrl>
            <ExtendedData>
                <Data name="PIN">
                    <value>31204010017.0</value>
                </Data>
                <Data name="Wetland_%">
                    <value>0.00</value>
                </Data>
                <Data name="Flood_%">
                    <value>100.00</value>
                </Data>
                <Data name="Parcel_area_m2">
                    <value>963.00</value>
                </Data>
            </ExtendedData>
            <Polygon id="1146587">
                <outerBoundaryIs>
                    <LinearRing id="1146591">
                        <coordinates>-78.62148545683623,33.884087278035594,0.0 -78.62135907129436,33.8839045366386,0.0 -78.62131824976869,33.883845512868135,0.0 -78.62131190913189,33.88383634530134,0.0 -78.62131850045995,33.88383643036188,0.0 -78.62145030508336,33.883838142803334,0.0 -78.62156480495632,33.883839825956834,0.0 -78.62174232472506,33.884096159784164,0.0 -78.62174222631403,33.884096159698984,0.0 -78.62174220793882,33.88409615934624,0.0 -78.62167817979049,33.88409580604778,0.0 -78.62161667214934,33.884095466828036,0.0 -78.62149104119345,33.884094774159465,0.0 -78.62149101849472,33.88409477372371,0.0 -78.62148545683623,33.884087278035594,0.0</coordinates>
                    </LinearRing>
                </outerBoundaryIs>
            </Polygon>
        </Placemark>
        <Placemark id="1146602">
            <name>31201010039.0</name>
            <description>PIN: 31201010039.0&lt;br&gt;Wetland %: 0.00&lt;br&gt;Flood %: 100.00&lt;br&gt;Parcel area (m²): 715.99</description>
            <styleUrl>#1146607</styleUrl>
            <ExtendedData>
                <Data name="PIN">
                    <value>31201010039.0</value>
                </Data>
                <Data name="Wetland_%">
                    <value>0.00</value>
                </Data>
                <Data name="Flood_%">
                    <value>100.00</value>
                </Data>
                <Data name="Parcel_area_m2">
                    <value>715.99</value>
                </Data>
            </ExtendedData>
            <Polygon id="1146601">
                <outerBoundaryIs>
                    <LinearRing id="1146605">
                        <coordinates>-78.64885622656877,33.882396768930704,0.0 -78.64887944280497,33.88239153888137,0.0 -78.6489018717599,33.88238492110125,0.0 -78.64892434037812,33.882376928577756,0.0 -78.6489460207306,33.88236754469749,0.0 -78.64896609233223,33.88235675749867,0.0 -78.64898619781643,33.88234476772232,0.0 -78.64900464920359,33.882332917926796,0.0 -78.6491533624625,33.882560658512595,0.0 -78.64898444297557,33.882650753871395,0.0 -78.64885622656877,33.882396768930704,0.0</coordinates>
                    </LinearRing>
                </outerBoundaryIs>
            </Polygon>
        </Placemark>
        <Placemark id="1146616">
            <name>30613010017.0</name>
            <description>PIN: 30613010017.0&lt;br&gt;Wetland %: 0.00&lt;br&gt;Flood %: 100.00&lt;br&gt;Parcel area (m²): 934.54</description>
            <styleUrl>#1146621</styleUrl>
            <ExtendedData>
                <Data name="PIN">
                    <value>30613010017.0</value>
                </Data>
                <Data name="Wetland_%">
                    <value>0.00</value>
                </Data>
                <Data name="Flood_%">
                    <value>100.00</value>
                </Data>
                <Data name="Parcel_area_m2">
                    <value>934.54</value>
                </Data>
            </ExtendedData>
            <Polygon id="1146615">
                <outerBoundaryIs>
                    <LinearRing id="1146619">
                        <coordinates>-78.62227215025385,33.889654224266884,0.0 -78.62237074284256,33.88960542760332,0.0 -78.62237324345787,33.8896044437407,0.0 -78.62237742461518,33.889602289806874,0.0 -78.62238242725375,33.88960015344075,0.0 -78.62238824996513,33.889598203282915,0.0 -78.62239323955632,33.88959657898258,0.0 -78.62239822324098,33.88959512955009,0.0 -78.62240403172439,33.8895936950429,0.0 -78.62240982603014,33.88959277438388,0.0 -78.62241479551203,33.889591839700664,0.0 -78.622420582503,33.88959126254973,0.0 -78.62242636730707,33.88959068625855,0.0 -78.622432137884,33.88959062561852,0.0 -78.62243790956673,33.88959056409745,0.0 -78.6224436695863,33.889590846903275,0.0 -78.62244860229296,33.88959128430493,0.0 -78.62245435391722,33.88959191059806,0.0 -78.62246010079096,33.88959270907531,0.0 -78.62246583823828,33.88959384921636,0.0 -78.62247074613623,33.88959514661637,0.0 -78.62247647410759,33.889596630224105,0.0 -78.62248136994104,33.88959844331657,0.0 -78.62248708624979,33.88960027125093,0.0 -78.62249197476937,33.889602427851614,0.0 -78.62249685318362,33.889604754729746,0.0 -78.62250173009055,33.88960725385421,0.0 -78.6225065964406,33.889610096424846,0.0 -78.62251063909775,33.88961292318973,0.0 -78.6225155006731,33.8896159388458,0.0 -78.62251953390448,33.88961910727453,0.0 -78.62252355909303,33.88962244962818,0.0 -78.62252676234873,33.889625947583546,0.0 -78.62253078135448,33.88962963166329,0.0 -78.62253397294788,33.88963347394551,0.0 -78.62253716129868,33.889637316165434,0.0 -78.6225403471359,33.889641327906624,0.0 -78.62264338227415,33.88979004394218,0.0 -78.62243382506934,33.88988791523785,0.0 -78.62227215025385,33.889654224266884,0.0</coordinates>
                    </LinearRing>
                </outerBoundaryIs>
            </Polygon>
        </Placemark>
        <Placemark id="1146630">
            <name>30714030040.0</name>
            <description>PIN: 30714030040.0&lt;br&gt;Wetland %: 0.00&lt;br&gt;Flood %: 100.00&lt;br&gt;Parcel area (m²): 1049.77</description>
            <styleUrl>#1146635</styleUrl>
            <ExtendedData>
                <Data name="PIN">
                    <value>30714030040.0</value>
                </Data>
                <Data name="Wetland_%">
                    <value>0.00</value>
                </Data>
                <Data name="Flood_%">
                    <value>100.00</value>
                </Data>
                <Data name="Parcel_area_m2">
                    <value>1049.77</value>
                </Data>
            </ExtendedData>
            <Polygon id="1146629">
                <outerBoundaryIs>
                    <LinearRing id="1146633">
                        <coordinates>-78.59239785739021,33.8845321879828,0.0 -78.59260185867755,33.88451604718796,0.0 -78.59260204620055,33.88451603189036,0.0 -78.5927728220452,33.88450253108403,0.0 -78.59267446279836,33.88471952693031,0.0 -78.59266290304116,33.884720333270764,0.0 -78.59251345086228,33.88473733665143,0.0 -78.59251326534944,33.884737357399814,0.0 -78.59249508024035,33.884739409587354,0.0 -78.59245444726409,33.884748414518725,0.0 -78.59242620203386,33.88475662830762,0.0 -78.5924145345569,33.884761212699935,0.0 -78.59239531145339,33.88477080503823,0.0 -78.59239785739021,33.8845321879828,0.0</coordinates>
                    </LinearRing>
                </outerBoundaryIs>
            </Polygon>
        </Placemark>
        <Placemark id="1146644">
            <name>31308030004.0</name>
            <description>PIN: 31308030004.0&lt;br&gt;Wetland %: 0.00&lt;br&gt;Flood %: 100.00&lt;br&gt;Parcel area (m²): 1745.67</description>
            <styleUrl>#1146649</styleUrl>
            <ExtendedData>
                <Data name="PIN">
                    <value>31308030004.0</value>
                </Data>
                <Data name="Wetland_%">
                    <value>0.00</value>
                </Data>
                <Data name="Flood_%">
                    <value>100.00</value>
                </Data>
                <Data name="Parcel_area_m2">
                    <value>1745.67</value>
                </Data>
            </ExtendedData>
            <Polygon id="1146643">
                <outerBoundaryIs>
                    <LinearRing id="1146647">
                        <coordinates>-78.67523475200667,33.873667426740525,0.0 -78.67523477108499,33.87366740094177,0.0 -78.6755361862065,33.87324456274409,0.0 -78.67553619182911,33.87324455473193,0.0 -78.67574898047758,33.873328616015954,0.0 -78.67574892763928,33.87332869078913,0.0 -78.67544405700723,33.87376012253993,0.0 -78.67544401200132,33.873760187538366,0.0 -78.67523475200667,33.873667426740525,0.0</coordinates>
                    </LinearRing>
                </outerBoundaryIs>
            </Polygon>
        </Placemark>
        <Placemark id="1146658">
            <name>31200000226.0</name>
            <description>PIN: 31200000226.0&lt;br&gt;Wetland %: 0.00&lt;br&gt;Flood %: 0.00&lt;br&gt;Parcel area (m²): 576.68</description>
            <styleUrl>#1146663</styleUrl>
            <ExtendedData>
                <Data name="PIN">
                    <value>31200000226.0</value>
                </Data>
                <Data name="Wetland_%">
                    <value>0.00</value>
                </Data>
                <Data name="Flood_%">
                    <value>0.00</value>
                </Data>
                <Data name="Parcel_area_m2">
                    <value>576.68</value>
                </Data>
            </ExtendedData>
            <Polygon id="1146657">
                <outerBoundaryIs>
                    <LinearRing id="1146661">
                        <coordinates>-78.61794615264955,33.86943702579455,0.0 -78.61794621151539,33.8694050818268,0.0 -78.61776659265958,33.869405064115114,0.0 -78.61776675862548,33.869279812418895,0.0 -78.61780548763714,33.86927970577268,0.0 -78.61780515322133,33.86926199365356,0.0 -78.61791474070971,33.869261847087664,0.0 -78.61791515566972,33.8692766455853,0.0 -78.61795470256288,33.86927671877939,0.0 -78.61795445576995,33.86928564895651,0.0 -78.6180047169287,33.86928557098969,0.0 -78.61800513643844,33.8693002054154,0.0 -78.61804221284744,33.86930023107474,0.0 -78.6180425526473,33.8694370106554,0.0 -78.61794615264955,33.86943702579455,0.0</coordinates>
                    </LinearRing>
                </outerBoundaryIs>
            </Polygon>
        </Placemark>
        <Placemark id="1146672">
            <name>31407040056.0</name>
            <description>PIN: 31407040056.0&lt;br&gt;Wetland %: 0.00&lt;br&gt;Flood %: 100.00&lt;br&gt;Parcel area (m²): 973.51</description>
            <styleUrl>#1146677</styleUrl>
            <ExtendedData>
                <Data name="PIN">
                    <value>31407040056.0</value>
                </Data>
                <Data name="Wetland_%">
                    <value>0.00</value>
                </Data>
                <Data name="Flood_%">
                    <value>100.00</value>
                </Data>
                <Data name="Parcel_area_m2">
                    <value>973.51</value>
                </Data>
            </ExtendedData>
            <Polygon id="1146671">
                <outerBoundaryIs>
                    <LinearRing id="1146675">
                        <coordinates>-78.70487276966081,33.87490493695041,0.0 -78.7049940067866,33.87465305701657,0.0 -78.7051541075762,33.87470550766196,0.0 -78.70515738683899,33.87470625389312,0.0 -78.70516065714611,33.87470717403519,0.0 -78.70516309690397,33.874708422435425,0.0 -78.70516635809005,33.87470968515028,0.0 -78.70516961118788,33.87471129226109,0.0 -78.70517203721631,33.87471305632364,0.0 -78.70517445544188,33.87471499161262,0.0 -78.70517687592518,33.874716923335505,0.0 -78.70517928817631,33.87471920486344,0.0 -78.70518087585286,33.87472146841066,0.0 -78.70518245901698,33.87472390144132,0.0 -78.70518403754865,33.87472650846295,0.0 -78.70518561502358,33.874729114563095,0.0 -78.70507995801674,33.87501478902799,0.0 -78.70494185829729,33.87494058132099,0.0 -78.70487276966081,33.87490493695041,0.0</coordinates>
                    </LinearRing>
                </outerBoundaryIs>
            </Polygon>
        </Placemark>
        <Placemark id="1146686">
            <name>31407010003.0</name>
            <description>PIN: 31407010003.0&lt;br&gt;Wetland %: 0.00&lt;br&gt;Flood %: 100.00&lt;br&gt;Parcel area (m²): 1000.69</description>
            <styleUrl>#1146691</styleUrl>
            <ExtendedData>
                <Data name="PIN">
                    <value>31407010003.0</value>
                </Data>
                <Data name="Wetland_%">
                    <value>0.00</value>
                </Data>
                <Data name="Flood_%">
                    <value>100.00</value>
                </Data>
                <Data name="Parcel_area_m2">
                    <value>1000.69</value>
                </Data>
            </ExtendedData>
            <Polygon id="1146685">
                <outerBoundaryIs>
                    <LinearRing id="1146689">
                        <coordinates>-78.70730587175488,33.87589982388447,0.0 -78.70731144607262,33.87587604336362,0.0 -78.70731784607794,33.875852279927315,0.0 -78.70732424612774,33.875828514687605,0.0 -78.70733064161765,33.87580492073388,0.0 -78.70733868073329,33.87578153037286,0.0 -78.70734671770698,33.875758139069646,0.0 -78.70735475223366,33.875734920895404,0.0 -78.7073636047426,33.87571188742563,0.0 -78.7073697169345,33.87569894298424,0.0 -78.70737500451632,33.875685981478014,0.0 -78.707697704186,33.875790235192554,0.0 -78.70769505183358,33.87579705898627,0.0 -78.70769157024371,33.87580403970856,0.0 -78.70768360991605,33.8758245119306,0.0 -78.7076764640743,33.87584534106311,0.0 -78.70766932168,33.875865999790115,0.0 -78.70766299699078,33.8758870163893,0.0 -78.70765667011285,33.875908033849576,0.0 -78.707651984727,33.87592925395685,0.0 -78.70764730262924,33.875950472320866,0.0 -78.70730587175488,33.87589982388447,0.0</coordinates>
                    </LinearRing>
                </outerBoundaryIs>
            </Polygon>
        </Placemark>
        <Placemark id="1146700">
            <name>31407010011.0</name>
            <description>PIN: 31407010011.0&lt;br&gt;Wetland %: 0.00&lt;br&gt;Flood %: 100.00&lt;br&gt;Parcel area (m²): 1034.28</description>
            <styleUrl>#1146705</styleUrl>
            <ExtendedData>
                <Data name="PIN">
                    <value>31407010011.0</value>
                </Data>
                <Data name="Wetland_%">
                    <value>0.00</value>
                </Data>
                <Data name="Flood_%">
                    <value>100.00</value>
                </Data>
                <Data name="Parcel_area_m2">
                    <value>1034.28</value>
                </Data>
            </ExtendedData>
            <Polygon id="1146699">
                <outerBoundaryIs>
                    <LinearRing id="1146703">
                        <coordinates>-78.70741111341984,33.876744905215645,0.0 -78.70763595088059,33.876718138838925,0.0 -78.70765909351363,33.876715473378844,0.0 -78.70770835338477,33.87700109581037,0.0 -78.7075628730898,33.87701833514693,0.0 -78.70755461437993,33.87701904097934,0.0 -78.70754719184528,33.877019248172076,0.0 -78.70753896512296,33.87701875139195,0.0 -78.7075307531496,33.87701774077183,0.0 -78.70752255383553,33.877016213567146,0.0 -78.70751519525327,33.877014016436576,0.0 -78.70750702332407,33.87701145970889,0.0 -78.70749969327963,33.87700823037092,0.0 -78.7074931969928,33.877004674621766,0.0 -78.70748671336587,33.877000602288305,0.0 -78.70748024232704,33.87699601607501,0.0 -78.70747460619862,33.87699110076625,0.0 -78.70746980173813,33.87698585630216,0.0 -78.70746500986577,33.87698009795835,0.0 -78.70746104616197,33.87697418266732,0.0 -78.70745791278813,33.876968110469186,0.0 -78.70745478744624,33.87696169567793,0.0 -78.70745248811085,33.87695512389966,0.0 -78.70745102342849,33.876948395294384,0.0 -78.70743893435177,33.87687617779968,0.0 -78.70743817013907,33.87687393042512,0.0 -78.70743537831423,33.8768549774619,0.0 -78.7074339036506,33.876848420944256,0.0 -78.70742882832774,33.87682238238249,0.0 -78.70742374847566,33.876796514205374,0.0 -78.7074178449929,33.87677063258962,0.0 -78.70741111341984,33.876744905215645,0.0</coordinates>
                    </LinearRing>
                </outerBoundaryIs>
            </Polygon>
        </Placemark>
        <Placemark id="1146714">
            <name>30509010049.0</name>
            <description>PIN: 30509010049.0&lt;br&gt;Wetland %: 0.00&lt;br&gt;Flood %: 100.00&lt;br&gt;Parcel area (m²): 1216.92</description>
            <styleUrl>#1146719</styleUrl>
            <ExtendedData>
                <Data name="PIN">
                    <value>30509010049.0</value>
                </Data>
                <Data name="Wetland_%">
                    <value>0.00</value>
                </Data>
                <Data name="Flood_%">
                    <value>100.00</value>
                </Data>
                <Data name="Parcel_area_m2">
                    <value>1216.92</value>
                </Data>
            </ExtendedData>
            <Polygon id="1146713">
                <outerBoundaryIs>
                    <LinearRing id="1146717">
                        <coordinates>-78.68217911016296,33.89643783859334,0.0 -78.68224665218142,33.89622483954761,0.0 -78.68263534494534,33.89632867242834,0.0 -78.68263862370632,33.89632942103464,0.0 -78.68263772495908,33.896332153377536,0.0 -78.68260734960525,33.8964197304081,0.0 -78.68258373090652,33.89650107683391,0.0 -78.68217911016296,33.89643783859334,0.0</coordinates>
                    </LinearRing>
                </outerBoundaryIs>
            </Polygon>
        </Placemark>
        <Placemark id="1146728">
            <name>30509030076.0</name>
            <description>PIN: 30509030076.0&lt;br&gt;Wetland %: 0.00&lt;br&gt;Flood %: 100.00&lt;br&gt;Parcel area (m²): 1087.95</description>
            <styleUrl>#1146733</styleUrl>
            <ExtendedData>
                <Data name="PIN">
                    <value>30509030076.0</value>
                </Data>
                <Data name="Wetland_%">
                    <value>0.00</value>
                </Data>
                <Data name="Flood_%">
                    <value>100.00</value>
                </Data>
                <Data name="Parcel_area_m2">
                    <value>1087.95</value>
                </Data>
            </ExtendedData>
            <Polygon id="1146727">
                <outerBoundaryIs>
                    <LinearRing id="1146731">
                        <coordinates>-78.67565884669744,33.893692656102886,0.0 -78.67593044934077,33.893492421704096,0.0 -78.6760920947025,33.89364115700165,0.0 -78.67582047803334,33.89384190830631,0.0 -78.67565884669744,33.893692656102886,0.0</coordinates>
                    </LinearRing>
                </outerBoundaryIs>
            </Polygon>
        </Placemark>
        <Placemark id="1146742">
            <name>31610010014.0</name>
            <description>PIN: 31610010014.0&lt;br&gt;Wetland %: 0.00&lt;br&gt;Flood %: 76.35&lt;br&gt;Parcel area (m²): 3673.71</description>
            <styleUrl>#1146747</styleUrl>
            <ExtendedData>
                <Data name="PIN">
                    <value>31610010014.0</value>
                </Data>
                <Data name="Wetland_%">
                    <value>0.00</value>
                </Data>
                <Data name="Flood_%">
                    <value>76.35</value>
                </Data>
                <Data name="Parcel_area_m2">
                    <value>3673.71</value>
                </Data>
            </ExtendedData>
            <Polygon id="1146741">
                <outerBoundaryIs>
                    <LinearRing id="1146745">
                        <coordinates>-78.77331703312917,33.87150496856013,0.0 -78.77328407470858,33.87150489113707,0.0 -78.77328489565905,33.871154220728855,0.0 -78.77394842601596,33.87114381136514,0.0 -78.77391054957808,33.871557732723595,0.0 -78.77331703312917,33.87150496856013,0.0</coordinates>
                    </LinearRing>
                </outerBoundaryIs>
            </Polygon>
        </Placemark>
        <Placemark id="1146756">
            <name>29812020001.0</name>
            <description>PIN: 29812020001.0&lt;br&gt;Wetland %: 0.00&lt;br&gt;Flood %: 100.00&lt;br&gt;Parcel area (m²): 4351.98</description>
            <styleUrl>#1146761</styleUrl>
            <ExtendedData>
                <Data name="PIN">
                    <value>29812020001.0</value>
                </Data>
                <Data name="Wetland_%">
                    <value>0.00</value>
                </Data>
                <Data name="Flood_%">
                    <value>100.00</value>
                </Data>
                <Data name="Parcel_area_m2">
                    <value>4351.98</value>
                </Data>
            </ExtendedData>
            <Polygon id="1146755">
                <outerBoundaryIs>
                    <LinearRing id="1146759">
                        <coordinates>-78.88345544523582,33.901852586652666,0.0 -78.88346447383009,33.90185411807824,0.0 -78.88372454353862,33.90190305915839,0.0 -78.8841070297431,33.901968009143275,0.0 -78.88416011824745,33.90212200186607,0.0 -78.8842200012812,33.90226786526923,0.0 -78.88335235835959,33.90232486363687,0.0 -78.88345544523582,33.901852586652666,0.0</coordinates>
                    </LinearRing>
                </outerBoundaryIs>
            </Polygon>
        </Placemark>
        <Placemark id="1146770">
            <name>26411010002.0</name>
            <description>PIN: 26411010002.0&lt;br&gt;Wetland %: 26.30&lt;br&gt;Flood %: 100.00&lt;br&gt;Parcel area (m²): 2677.17</description>
            <styleUrl>#1146775</styleUrl>
            <ExtendedData>
                <Data name="PIN">
                    <value>26411010002.0</value>
                </Data>
                <Data name="Wetland_%">
                    <value>26.30</value>
                </Data>
                <Data name="Flood_%">
                    <value>100.00</value>
                </Data>
                <Data name="Parcel_area_m2">
                    <value>2677.17</value>
                </Data>
            </ExtendedData>
            <Polygon id="1146769">
                <outerBoundaryIs>
                    <LinearRing id="1146773">
                        <coordinates>-78.6634833792381,33.9240060598198,0.0 -78.66346515870762,33.9236443742981,0.0 -78.66361351491557,33.923645968484436,0.0 -78.66372891010798,33.92364694033715,0.0 -78.66384430279598,33.923648084307686,0.0 -78.66386109040003,33.92424514001862,0.0 -78.6634833792381,33.9240060598198,0.0</coordinates>
                    </LinearRing>
                </outerBoundaryIs>
            </Polygon>
        </Placemark>
        <Placemark id="1146784">
            <name>27511040007.0</name>
            <description>PIN: 27511040007.0&lt;br&gt;Wetland %: 0.00&lt;br&gt;Flood %: 100.00&lt;br&gt;Parcel area (m²): 2862.43</description>
            <styleUrl>#1146789</styleUrl>
            <ExtendedData>
                <Data name="PIN">
                    <value>27511040007.0</value>
                </Data>
                <Data name="Wetland_%">
                    <value>0.00</value>
                </Data>
                <Data name="Flood_%">
                    <value>100.00</value>
                </Data>
                <Data name="Parcel_area_m2">
                    <value>2862.43</value>
                </Data>
            </ExtendedData>
            <Polygon id="1146783">
                <outerBoundaryIs>
                    <LinearRing id="1146787">
                        <coordinates>-79.02566241698888,33.92723869904503,0.0 -79.02566251341639,33.92723859866798,0.0 -79.02580822661893,33.92734026182044,0.0 -79.02602766703907,33.927493365319854,0.0 -79.02603311546925,33.927496911705184,0.0 -79.02603985066723,33.92750129207943,0.0 -79.02609741763668,33.927537170265026,0.0 -79.02609756165957,33.92753725913917,0.0 -79.0263194847607,33.92767446084046,0.0 -79.02631938634158,33.927674459273454,0.0 -79.02631835901319,33.92767443750559,0.0 -79.02607968518024,33.92766978314972,0.0 -79.02556300403295,33.927659492136954,0.0 -79.0254855441658,33.92765791564843,0.0 -79.02548554472376,33.92765789130642,0.0 -79.02549189842522,33.927510364078046,0.0 -79.0254961174587,33.92741239742683,0.0 -79.02549621831605,33.92741229261102,0.0 -79.02566241698888,33.92723869904503,0.0</coordinates>
                    </LinearRing>
                </outerBoundaryIs>
            </Polygon>
        </Placemark>
        <Placemark id="1146798">
            <name>31407010026.0</name>
            <description>PIN: 31407010026.0&lt;br&gt;Wetland %: 0.00&lt;br&gt;Flood %: 100.00&lt;br&gt;Parcel area (m²): 1085.13</description>
            <styleUrl>#1146803</styleUrl>
            <ExtendedData>
                <Data name="PIN">
                    <value>31407010026.0</value>
                </Data>
                <Data name="Wetland_%">
                    <value>0.00</value>
                </Data>
                <Data name="Flood_%">
                    <value>100.00</value>
                </Data>
                <Data name="Parcel_area_m2">
                    <value>1085.13</value>
                </Data>
            </ExtendedData>
            <Polygon id="1146797">
                <outerBoundaryIs>
                    <LinearRing id="1146801">
                        <coordinates>-78.70679291712841,33.875699434114864,0.0 -78.70682681292018,33.8756332242153,0.0 -78.70685064282141,33.875570090339565,0.0 -78.70686049743628,33.87554398356099,0.0 -78.70688693639153,33.87547935202763,0.0 -78.70710494246177,33.87557479736861,0.0 -78.70715001856415,33.87559453296742,0.0 -78.70715734286182,33.87559793269214,0.0 -78.7071638377145,33.875601659806534,0.0 -78.70716948850904,33.87560606038991,0.0 -78.70717595266083,33.875610819670435,0.0 -78.7071807605506,33.87561589103798,0.0 -78.70718556144134,33.875621306821465,0.0 -78.70719035211472,33.875627066059295,0.0 -78.70719349108232,33.87563296609801,0.0 -78.70719662093717,33.875639208709714,0.0 -78.70719974163136,33.87564579569742,0.0 -78.7072012151518,33.875652353101124,0.0 -78.70720268411593,33.87565908179139,0.0 -78.7072025059778,33.87566577819323,0.0 -78.70720232779165,33.87567247639811,0.0 -78.70720214504891,33.87567934588948,0.0 -78.70720032539718,33.87568584053936,0.0 -78.70719849897907,33.87569250823879,0.0 -78.70719052135102,33.8757136673988,0.0 -78.70718253700086,33.87573499780471,0.0 -78.70717537382778,33.87575651477939,0.0 -78.7071690331706,33.87577804607499,0.0 -78.70679291712841,33.875699434114864,0.0</coordinates>
                    </LinearRing>
                </outerBoundaryIs>
            </Polygon>
        </Placemark>
        <Placemark id="1146812">
            <name>31310040040.0</name>
            <description>PIN: 31310040040.0&lt;br&gt;Wetland %: 0.00&lt;br&gt;Flood %: 100.00&lt;br&gt;Parcel area (m²): 960.14</description>
            <styleUrl>#1146817</styleUrl>
            <ExtendedData>
                <Data name="PIN">
                    <value>31310040040.0</value>
                </Data>
                <Data name="Wetland_%">
                    <value>0.00</value>
                </Data>
                <Data name="Flood_%">
                    <value>100.00</value>
                </Data>
                <Data name="Parcel_area_m2">
                    <value>960.14</value>
                </Data>
            </ExtendedData>
            <Polygon id="1146811">
                <outerBoundaryIs>
                    <LinearRing id="1146815">
                        <coordinates>-78.67391846349295,33.865835030547004,0.0 -78.6741718076952,33.8656976884664,0.0 -78.67426722917334,33.865825428083845,0.0 -78.67426881479378,33.86582769201129,0.0 -78.67427040724576,33.86582978289062,0.0 -78.67427357497057,33.86583448114983,0.0 -78.67427591673574,33.86583933617519,0.0 -78.67427824923392,33.86584453467336,0.0 -78.67427975712748,33.86584971949267,0.0 -78.67428126401352,33.86585490158712,0.0 -78.67428194275394,33.86586024130875,0.0 -78.67428179450222,33.86586573597328,0.0 -78.67428165084763,33.86587106025359,0.0 -78.67428072186685,33.865874995201224,0.0 -78.6742797965241,33.8658787552368,0.0 -78.67427890920936,33.86588114590867,0.0 -78.67427800584454,33.865884051298494,0.0 -78.6742779595325,33.86588576776136,0.0 -78.6742753397232,33.86589121782391,0.0 -78.67427273028582,33.865896323532255,0.0 -78.67426930663937,33.86590107030604,0.0 -78.67426506059711,33.8659058016384,0.0 -78.67426082384598,33.86591018859617,0.0 -78.67425577069997,33.86591421748022,0.0 -78.6742507278772,33.865917903812964,0.0 -78.67424569328941,33.86592124484927,0.0 -78.67423985019452,33.8659240556854,0.0 -78.67423318932518,33.86592667979395,0.0 -78.67404634401451,33.866011662713085,0.0 -78.67391846349295,33.865835030547004,0.0</coordinates>
                    </LinearRing>
                </outerBoundaryIs>
            </Polygon>
        </Placemark>
        <Placemark id="1146826">
            <name>31310040028.0</name>
            <description>PIN: 31310040028.0&lt;br&gt;Wetland %: 0.00&lt;br&gt;Flood %: 100.00&lt;br&gt;Parcel area (m²): 852.95</description>
            <styleUrl>#1146831</styleUrl>
            <ExtendedData>
                <Data name="PIN">
                    <value>31310040028.0</value>
                </Data>
                <Data name="Wetland_%">
                    <value>0.00</value>
                </Data>
                <Data name="Flood_%">
                    <value>100.00</value>
                </Data>
                <Data name="Parcel_area_m2">
                    <value>852.95</value>
                </Data>
            </ExtendedData>
            <Polygon id="1146825">
                <outerBoundaryIs>
                    <LinearRing id="1146829">
                        <coordinates>-78.67323702525603,33.86544112481751,0.0 -78.67324036542585,33.86543947203173,0.0 -78.67352984383062,33.86530641785269,0.0 -78.6735356776366,33.86530395052254,0.0 -78.67355711983441,33.86533373461554,0.0 -78.67364607165074,33.86545688582335,0.0 -78.67364108095389,33.86545868079744,0.0 -78.67334316302447,33.86556855146504,0.0 -78.67333647793366,33.865572032835104,0.0 -78.6733250466242,33.865568211172594,0.0 -78.6733112561507,33.86556022143117,0.0 -78.67330271713429,33.8655408168046,0.0 -78.67323702525603,33.86544112481751,0.0</coordinates>
                    </LinearRing>
                </outerBoundaryIs>
            </Polygon>
        </Placemark>
        <Placemark id="1146840">
            <name>31310040033.0</name>
            <description>PIN: 31310040033.0&lt;br&gt;Wetland %: 0.00&lt;br&gt;Flood %: 100.00&lt;br&gt;Parcel area (m²): 839.52</description>
            <styleUrl>#1146845</styleUrl>
            <ExtendedData>
                <Data name="PIN">
                    <value>31310040033.0</value>
                </Data>
                <Data name="Wetland_%">
                    <value>0.00</value>
                </Data>
                <Data name="Flood_%">
                    <value>100.00</value>
                </Data>
                <Data name="Parcel_area_m2">
                    <value>839.52</value>
                </Data>
            </ExtendedData>
            <Polygon id="1146839">
                <outerBoundaryIs>
                    <LinearRing id="1146843">
                        <coordinates>-78.6727705723688,33.864560872022395,0.0 -78.6729424254637,33.864481795925926,0.0 -78.67304831453976,33.86463035115299,0.0 -78.67306308664321,33.86465107521284,0.0 -78.67279463004424,33.864768370942045,0.0 -78.67273211722114,33.86467303622025,0.0 -78.67272816787671,33.86466677727147,0.0 -78.67272504094052,33.86466053287258,0.0 -78.67272274674202,33.86465396047267,0.0 -78.67272127490271,33.864647404425895,0.0 -78.67271980773681,33.864640675290346,0.0 -78.67271917082064,33.86463379038164,0.0 -78.67272017869487,33.864626935474654,0.0 -78.67272025288162,33.86462418769183,0.0 -78.67272035953721,33.864620237303214,0.0 -78.67272218833848,33.86461357189896,0.0 -78.67272483957098,33.86460692014319,0.0 -78.67272748152969,33.864600611860226,0.0 -78.67273094227824,33.864594492137726,0.0 -78.67273522299443,33.86458855738995,0.0 -78.67273949222675,33.86458296787723,0.0 -78.67274540019233,33.86457775280106,0.0 -78.6727504765258,33.864572864844575,0.0 -78.67275718586295,33.86456852349125,0.0 -78.67276388268427,33.86456452554951,0.0 -78.6727705723688,33.864560872022395,0.0</coordinates>
                    </LinearRing>
                </outerBoundaryIs>
            </Polygon>
        </Placemark>
        <Placemark id="1146854">
            <name>30509030030.0</name>
            <description>PIN: 30509030030.0&lt;br&gt;Wetland %: 0.00&lt;br&gt;Flood %: 100.00&lt;br&gt;Parcel area (m²): 1733.08</description>
            <styleUrl>#1146859</styleUrl>
            <ExtendedData>
                <Data name="PIN">
                    <value>30509030030.0</value>
                </Data>
                <Data name="Wetland_%">
                    <value>0.00</value>
                </Data>
                <Data name="Flood_%">
                    <value>100.00</value>
                </Data>
                <Data name="Parcel_area_m2">
                    <value>1733.08</value>
                </Data>
            </ExtendedData>
            <Polygon id="1146853">
                <outerBoundaryIs>
                    <LinearRing id="1146857">
                        <coordinates>-78.67544213425388,33.89240782065277,0.0 -78.6753649453823,33.89233626808424,0.0 -78.6755489320084,33.892175972614524,0.0 -78.67555229644196,33.89217345704235,0.0 -78.67555483245471,33.89217110000631,0.0 -78.6755581875743,33.892168929707935,0.0 -78.67556154271801,33.892166758507926,0.0 -78.6755648885966,33.892164930778776,0.0 -78.67556905463864,33.892163290708936,0.0 -78.67557239014668,33.8921618073317,0.0 -78.67557654584252,33.892160510712266,0.0 -78.67558069797462,33.89215938629916,0.0 -78.67558484334864,33.89215843222859,0.0 -78.6755889794334,33.892157822530315,0.0 -78.6755931130355,33.89215738505861,0.0 -78.67559724093628,33.892157118851266,0.0 -78.67560136065325,33.89215719613498,0.0 -78.67560547356365,33.89215744556423,0.0 -78.67560958401583,33.8921578663186,0.0 -78.67561368768584,33.892158458317,0.0 -78.67561778314781,33.892159394707974,0.0 -78.67562187507066,33.89216050240384,0.0 -78.6756251365085,33.892161764989694,0.0 -78.67562921806154,33.892163217037414,0.0 -78.67563247126725,33.892164824917295,0.0 -78.67563654006531,33.89216678993775,0.0 -78.67563977828114,33.89216891345429,0.0 -78.67564301760244,33.89217103608952,0.0 -78.67564624765924,33.89217350219561,0.0 -78.67564865398889,33.89217595284925,0.0 -78.67588426833217,33.892393260876744,0.0 -78.67563430839037,33.89258565459057,0.0 -78.67544213425388,33.89240782065277,0.0</coordinates>
                    </LinearRing>
                </outerBoundaryIs>
            </Polygon>
        </Placemark>
        <Placemark id="1146868">
            <name>31407030017.0</name>
            <description>PIN: 31407030017.0&lt;br&gt;Wetland %: 0.00&lt;br&gt;Flood %: 100.00&lt;br&gt;Parcel area (m²): 1410.07</description>
            <styleUrl>#1146873</styleUrl>
            <ExtendedData>
                <Data name="PIN">
                    <value>31407030017.0</value>
                </Data>
                <Data name="Wetland_%">
                    <value>0.00</value>
                </Data>
                <Data name="Flood_%">
                    <value>100.00</value>
                </Data>
                <Data name="Parcel_area_m2">
                    <value>1410.07</value>
                </Data>
            </ExtendedData>
            <Polygon id="1146867">
                <outerBoundaryIs>
                    <LinearRing id="1146871">
                        <coordinates>-78.70260188746221,33.87444153510419,0.0 -78.70259778228886,33.87444094395701,0.0 -78.70259531376232,33.874440898177205,0.0 -78.70239222989859,33.874332153414926,0.0 -78.7023922203157,33.874332147825434,0.0 -78.70260055911073,33.874058516833394,0.0 -78.70280616828414,33.87419652325856,0.0 -78.70285634884719,33.87423061679458,0.0 -78.70271144034871,33.87438102442748,0.0 -78.7026699780411,33.87442183646084,0.0 -78.70266661513988,33.87442435097632,0.0 -78.70266325221442,33.87442686639316,0.0 -78.7026598949592,33.87442920964202,0.0 -78.70265654361643,33.87443120935635,0.0 -78.7026523719773,33.87443319295628,0.0 -78.70264902736135,33.87443502142411,0.0 -78.70264486269143,33.87443666241089,0.0 -78.70264070936213,33.87443795906173,0.0 -78.70263655490383,33.87443925749547,0.0 -78.70263240964871,33.87444021065168,0.0 -78.70262826891106,33.87444099432438,0.0 -78.7026241317302,33.87444160398598,0.0 -78.70261917985134,33.87444202806956,0.0 -78.7026150542297,33.874442122929985,0.0 -78.7026109329312,33.874442217870495,0.0 -78.70260599612048,33.874441954944764,0.0 -78.70260188746221,33.87444153510419,0.0</coordinates>
                    </LinearRing>
                </outerBoundaryIs>
            </Polygon>
        </Placemark>
        <Placemark id="1146882">
            <name>31301010012.0</name>
            <description>PIN: 31301010012.0&lt;br&gt;Wetland %: 30.29&lt;br&gt;Flood %: 100.00&lt;br&gt;Parcel area (m²): 1360.11</description>
            <styleUrl>#1146887</styleUrl>
            <ExtendedData>
                <Data name="PIN">
                    <value>31301010012.0</value>
                </Data>
                <Data name="Wetland_%">
                    <value>30.29</value>
                </Data>
                <Data name="Flood_%">
                    <value>100.00</value>
                </Data>
                <Data name="Parcel_area_m2">
                    <value>1360.11</value>
                </Data>
            </ExtendedData>
            <Polygon id="1146881">
                <outerBoundaryIs>
                    <LinearRing id="1146885">
                        <coordinates>-78.68023805157297,33.884499233668556,0.0 -78.68029459171923,33.88448053225958,0.0 -78.68029791400096,33.8844795662344,0.0 -78.68030041277353,33.884478579378666,0.0 -78.68030373510364,33.884477611550345,0.0 -78.68030705748222,33.88447664191888,0.0 -78.68031037520171,33.884475845375576,0.0 -78.68031286926649,33.88447503341079,0.0 -78.68031618703439,33.8844742350643,0.0 -78.6803195047537,33.884473438520715,0.0 -78.68032282244867,33.88447264287856,0.0 -78.68032613452502,33.88447201579676,0.0 -78.68032862967047,33.88447120385189,0.0 -78.68033194275483,33.8844705794947,0.0 -78.68033525127724,33.884470124619604,0.0 -78.68033856328063,33.88446950024197,0.0 -78.6803418728596,33.88446904628842,0.0 -78.68034518133338,33.884468593216056,0.0 -78.68034848980712,33.8844681401436,0.0 -78.68035179832934,33.88446768526807,0.0 -78.68035510216835,33.88446740438213,0.0 -78.68035841066627,33.8844669504079,0.0 -78.68036171558617,33.88446666954205,0.0 -78.68036501836842,33.884466387734136,0.0 -78.68036831762126,33.884466277231496,0.0 -78.68037162150868,33.88446599454216,0.0 -78.6803740981636,33.88446586954012,0.0 -78.68037739633544,33.88446575901708,0.0 -78.68038069095361,33.88446582070084,0.0 -78.68038399018212,33.88446571109933,0.0 -78.6803872848003,33.88446577278292,0.0 -78.68039057941846,33.88446583446643,0.0 -78.68039387403664,33.884465896149855,0.0 -78.68039716865484,33.8844659578332,0.0 -78.6804004586627,33.88446619080167,0.0 -78.68040374864634,33.88446642467154,0.0 -78.68040703865427,33.88446665763982,0.0 -78.68041032866223,33.884466890607996,0.0 -78.68041361398711,33.88446729756579,0.0 -78.6804169039951,33.884467530533804,0.0 -78.68042018936858,33.88446793568845,0.0 -78.68042346905091,33.884468512107915,0.0 -78.68042675550535,33.88446891728261,0.0 -78.68043003626866,33.884469493722214,0.0 -78.68043332161803,33.88446989977798,0.0 -78.68043660235715,33.884470477118874,0.0 -78.68043987851038,33.88447122484333,0.0 -78.68044315927386,33.88447180128259,0.0 -78.68044643645962,33.88447255083016,0.0 -78.68044888785319,33.88447328401517,0.0 -78.68045216400662,33.88447403173937,0.0 -78.68045544013586,33.884474780364975,0.0 -78.68045871268738,33.8844757020989,0.0 -78.6804619831256,33.88447662198927,0.0 -78.6804652546691,33.88447754099829,0.0 -78.6804677024852,33.884478447291364,0.0 -78.68047097400458,33.88447936720174,0.0 -78.68047424086535,33.88448046020025,0.0 -78.68047750777471,33.884481551395616,0.0 -78.68047995100518,33.88448262807217,0.0 -78.68048321789041,33.88448372016893,0.0 -78.68048648477577,33.8844848122656,0.0 -78.68048892337204,33.88448606112869,0.0 -78.68049218564742,33.88448732451041,0.0 -78.68049462424385,33.88448857337339,0.0 -78.68049788651942,33.88448983675494,0.0 -78.68049951531577,33.88449055544056,0.0 -78.68050195393667,33.884491803401865,0.0 -78.68050358278161,33.88449252028443,0.0 -78.68050521157808,33.884493238969945,0.0 -78.68050684039883,33.88449395675396,0.0 -78.68050927440984,33.884495376000345,0.0 -78.68051090315788,33.884496096488775,0.0 -78.6805133372418,33.88449751303054,0.0 -78.68051496601417,33.88449823261748,0.0 -78.68051739652059,33.884499822267635,0.0 -78.68051902421209,33.884500541834214,0.0 -78.68052145354062,33.88450213507002,0.0 -78.68052307777589,33.88450302323753,0.0 -78.68052550712882,33.88450461557178,0.0 -78.68052713597422,33.88450533245405,0.0 -78.68052956069299,33.88450709697491,0.0 -78.68053118490418,33.88450798604379,0.0 -78.6805336142574,33.8845095783779,0.0 -78.6805360390007,33.884511341997104,0.0 -78.68053846376834,33.88451310471484,0.0 -78.68054088848756,33.88451486923547,0.0 -78.68054251267473,33.88451575920572,0.0 -78.68054493283263,33.88451769320847,0.0 -78.68054735294209,33.88451962901416,0.0 -78.68054895400658,33.88452137811484,0.0 -78.6805505736082,33.88452243846866,0.0 -78.68055299371797,33.88452437427428,0.0 -78.68055541382778,33.88452631007982,0.0 -78.68055701028257,33.88452823046557,0.0 -78.68055862988443,33.88452929081932,0.0 -78.68056104538454,33.88453139790997,0.0 -78.68056264183954,33.88453331829567,0.0 -78.68056426144157,33.88453437864929,0.0 -78.68056585326244,33.88453647122163,0.0 -78.68056747286457,33.88453753157522,0.0 -78.68056906579079,33.884539623266264,0.0 -78.68057068428782,33.88454068450108,0.0 -78.68057227260421,33.884542947477286,0.0 -78.68057468699982,33.88454505544893,0.0 -78.68057627423548,33.88454731840479,0.0 -78.68057786252787,33.88454958228244,0.0 -78.68057948100092,33.88455064441864,0.0 -78.68058106826106,33.88455290647296,0.0 -78.680582655497,33.8845551694288,0.0 -78.68058423807457,33.88455760547278,0.0 -78.68058664896617,33.88455988384812,0.0 -78.68058823617811,33.88456214770536,0.0 -78.68058981878025,33.88456458284779,0.0 -78.68059140138243,33.88456701799019,0.0 -78.68059298398474,33.88456945313256,0.0 -78.68059457227798,33.88457171700997,0.0 -78.6805961537995,33.884574152132046,0.0 -78.68059694047872,33.88457554143917,0.0 -78.68059770050661,33.884577961182224,0.0 -78.68059928202834,33.884580396304266,0.0 -78.68060086787384,33.88458283150725,0.0 -78.68060165131047,33.884584220753624,0.0 -78.68060241133857,33.88458664049663,0.0 -78.68067149346213,33.884714395989995,0.0 -78.68037563922414,33.884806624637086,0.0 -78.68023805157297,33.884499233668556,0.0</coordinates>
                    </LinearRing>
                </outerBoundaryIs>
            </Polygon>
        </Placemark>
        <Placemark id="1146896">
            <name>30508010019.0</name>
            <description>PIN: 30508010019.0&lt;br&gt;Wetland %: 0.00&lt;br&gt;Flood %: 94.27&lt;br&gt;Parcel area (m²): 1078.07</description>
            <styleUrl>#1146901</styleUrl>
            <ExtendedData>
                <Data name="PIN">
                    <value>30508010019.0</value>
                </Data>
                <Data name="Wetland_%">
                    <value>0.00</value>
                </Data>
                <Data name="Flood_%">
                    <value>94.27</value>
                </Data>
                <Data name="Parcel_area_m2">
                    <value>1078.07</value>
                </Data>
            </ExtendedData>
            <Polygon id="1146895">
                <outerBoundaryIs>
                    <LinearRing id="1146899">
                        <coordinates>-78.68126475769799,33.903464947769116,0.0 -78.68151967449167,33.903181054147986,0.0 -78.68170450960382,33.90329602576868,0.0 -78.68148186800985,33.903544612427794,0.0 -78.6813907513832,33.90346936616019,0.0 -78.68126475769799,33.903464947769116,0.0</coordinates>
                    </LinearRing>
                </outerBoundaryIs>
            </Polygon>
        </Placemark>
        <Placemark id="1146910">
            <name>30413020040.0</name>
            <description>PIN: 30413020040.0&lt;br&gt;Wetland %: 0.00&lt;br&gt;Flood %: 100.00&lt;br&gt;Parcel area (m²): 1356.05</description>
            <styleUrl>#1146915</styleUrl>
            <ExtendedData>
                <Data name="PIN">
                    <value>30413020040.0</value>
                </Data>
                <Data name="Wetland_%">
                    <value>0.00</value>
                </Data>
                <Data name="Flood_%">
                    <value>100.00</value>
                </Data>
                <Data name="Parcel_area_m2">
                    <value>1356.05</value>
                </Data>
            </ExtendedData>
            <Polygon id="1146909">
                <outerBoundaryIs>
                    <LinearRing id="1146913">
                        <coordinates>-78.6842053881862,33.89108478124463,0.0 -78.68440203444892,33.89097402204233,0.0 -78.68440622335133,33.89097152254496,0.0 -78.68440957820131,33.89096935200635,0.0 -78.68441375571177,33.89096719594004,0.0 -78.68441793075706,33.890965212100575,0.0 -78.68442210009432,33.89096340042737,0.0 -78.68442625914511,33.89096193130399,0.0 -78.6844312394482,33.890960649801464,0.0 -78.684435389245,33.89095952505099,0.0 -78.68444035461052,33.89095875918616,0.0 -78.68444449630707,33.89095797612424,0.0 -78.68444945244299,33.89095755373077,0.0 -78.68445440505722,33.890957302642384,0.0 -78.68445852716538,33.890957208306176,0.0 -78.68446346594762,33.8909574719742,0.0 -78.68446839902214,33.89095790780844,0.0 -78.6844725037768,33.89095849953384,0.0 -78.6844774229711,33.890959451927465,0.0 -78.68448233653046,33.89096057378284,0.0 -78.68448642851031,33.89096168118629,0.0 -78.6844905044723,33.89096330420749,0.0 -78.68449540631376,33.8909649426625,0.0 -78.68449947309527,33.89096690735206,0.0 -78.68450354199048,33.890968873884944,0.0 -78.68450677688249,33.89097116757416,0.0 -78.6845108297602,33.89097364972468,0.0 -78.68451405542339,33.89097628688542,0.0 -78.68451727754106,33.89097909625283,0.0 -78.68452049857797,33.8909819056,0.0 -78.68452371036172,33.89098505932022,0.0 -78.68452609847654,33.89098819584405,0.0 -78.68452930105585,33.89099169213434,0.0 -78.68453085509482,33.890995158519225,0.0 -78.68467212122425,33.891157053525866,0.0 -78.68466819927748,33.89115923782719,0.0 -78.68439210316875,33.8913130150295,0.0 -78.6842053881862,33.89108478124463,0.0</coordinates>
                    </LinearRing>
                </outerBoundaryIs>
            </Polygon>
        </Placemark>
        <Placemark id="1146924">
            <name>30711020021.0</name>
            <description>PIN: 30711020021.0&lt;br&gt;Wetland %: 0.00&lt;br&gt;Flood %: 100.00&lt;br&gt;Parcel area (m²): 984.49</description>
            <styleUrl>#1146929</styleUrl>
            <ExtendedData>
                <Data name="PIN">
                    <value>30711020021.0</value>
                </Data>
                <Data name="Wetland_%">
                    <value>0.00</value>
                </Data>
                <Data name="Flood_%">
                    <value>100.00</value>
                </Data>
                <Data name="Parcel_area_m2">
                    <value>984.49</value>
                </Data>
            </ExtendedData>
            <Polygon id="1146923">
                <outerBoundaryIs>
                    <LinearRing id="1146927">
                        <coordinates>-78.59510820007308,33.8951669090663,0.0 -78.59527046393222,33.89511146539874,0.0 -78.5954588886778,33.89544760447051,0.0 -78.59529647680444,33.89550837255294,0.0 -78.59510820007308,33.8951669090663,0.0</coordinates>
                    </LinearRing>
                </outerBoundaryIs>
            </Polygon>
        </Placemark>
        <Placemark id="1146938">
            <name>31104010093.0</name>
            <description>PIN: 31104010093.0&lt;br&gt;Wetland %: 0.00&lt;br&gt;Flood %: 100.00&lt;br&gt;Parcel area (m²): 638.59</description>
            <styleUrl>#1146943</styleUrl>
            <ExtendedData>
                <Data name="PIN">
                    <value>31104010093.0</value>
                </Data>
                <Data name="Wetland_%">
                    <value>0.00</value>
                </Data>
                <Data name="Flood_%">
                    <value>100.00</value>
                </Data>
                <Data name="Parcel_area_m2">
                    <value>638.59</value>
                </Data>
            </ExtendedData>
            <Polygon id="1146937">
                <outerBoundaryIs>
                    <LinearRing id="1146941">
                        <coordinates>-78.58944152842807,33.881037829398686,0.0 -78.5895778774198,33.881024159325236,0.0 -78.58964894392754,33.88101712118186,0.0 -78.58967820027439,33.88120858960878,0.0 -78.58966334650728,33.8812093324762,0.0 -78.58961690754099,33.88121976857903,0.0 -78.58947497075874,33.88125635557385,0.0 -78.58944152842807,33.881037829398686,0.0</coordinates>
                    </LinearRing>
                </outerBoundaryIs>
            </Polygon>
        </Placemark>
        <Placemark id="1146952">
            <name>30413020043.0</name>
            <description>PIN: 30413020043.0&lt;br&gt;Wetland %: 0.00&lt;br&gt;Flood %: 100.00&lt;br&gt;Parcel area (m²): 1366.97</description>
            <styleUrl>#1146957</styleUrl>
            <ExtendedData>
                <Data name="PIN">
                    <value>30413020043.0</value>
                </Data>
                <Data name="Wetland_%">
                    <value>0.00</value>
                </Data>
                <Data name="Flood_%">
                    <value>100.00</value>
                </Data>
                <Data name="Parcel_area_m2">
                    <value>1366.97</value>
                </Data>
            </ExtendedData>
            <Polygon id="1146951">
                <outerBoundaryIs>
                    <LinearRing id="1146955">
                        <coordinates>-78.68491446596317,33.89102138857659,0.0 -78.68508073118103,33.89092708141247,0.0 -78.68522299132046,33.890846746895576,0.0 -78.68546012667005,33.89112748203067,0.0 -78.68546111228824,33.89114824716427,0.0 -78.68505228040468,33.89114488202947,0.0 -78.6850446345242,33.89114481945219,0.0 -78.68504181654498,33.891129018702316,0.0 -78.68503684818398,33.8911135908702,0.0 -78.68502979538727,33.891098738323116,0.0 -78.6850207491333,33.891084657582354,0.0 -78.68500982884511,33.89107153307333,0.0 -78.6849971780423,33.89105953794621,0.0 -78.68498296446187,33.89104882956837,0.0 -78.68496737359665,33.89103954850189,0.0 -78.68495061090563,33.891031816740984,0.0 -78.68493289749007,33.891025737631196,0.0 -78.68491446596317,33.89102138857659,0.0</coordinates>
                    </LinearRing>
                </outerBoundaryIs>
            </Polygon>
        </Placemark>
        <Placemark id="1146966">
            <name>30413010037.0</name>
            <description>PIN: 30413010037.0&lt;br&gt;Wetland %: 0.00&lt;br&gt;Flood %: 100.00&lt;br&gt;Parcel area (m²): 534.84</description>
            <styleUrl>#1146971</styleUrl>
            <ExtendedData>
                <Data name="PIN">
                    <value>30413010037.0</value>
                </Data>
                <Data name="Wetland_%">
                    <value>0.00</value>
                </Data>
                <Data name="Flood_%">
                    <value>100.00</value>
                </Data>
                <Data name="Parcel_area_m2">
                    <value>534.84</value>
                </Data>
            </ExtendedData>
            <Polygon id="1146965">
                <outerBoundaryIs>
                    <LinearRing id="1146969">
                        <coordinates>-78.68791956687221,33.89069228154869,0.0 -78.68813161593305,33.89056015437735,0.0 -78.68822759135857,33.890668990642645,0.0 -78.68801470676357,33.890801619205284,0.0 -78.68791956687221,33.89069228154869,0.0</coordinates>
                    </LinearRing>
                </outerBoundaryIs>
            </Polygon>
        </Placemark>
        <Placemark id="1146980">
            <name>31611040031.0</name>
            <description>PIN: 31611040031.0&lt;br&gt;Wetland %: 0.00&lt;br&gt;Flood %: 100.00&lt;br&gt;Parcel area (m²): 3462.40</description>
            <styleUrl>#1146985</styleUrl>
            <ExtendedData>
                <Data name="PIN">
                    <value>31611040031.0</value>
                </Data>
                <Data name="Wetland_%">
                    <value>0.00</value>
                </Data>
                <Data name="Flood_%">
                    <value>100.00</value>
                </Data>
                <Data name="Parcel_area_m2">
                    <value>3462.40</value>
                </Data>
            </ExtendedData>
            <Polygon id="1146979">
                <outerBoundaryIs>
                    <LinearRing id="1146983">
                        <coordinates>-78.76361894830605,33.86656512698829,0.0 -78.7640972412357,33.86664352299639,0.0 -78.76407675538908,33.86673456151582,0.0 -78.76398458697811,33.86714337827554,0.0 -78.76377609060312,33.8670818811184,0.0 -78.76352263052313,33.86700685800508,0.0 -78.76354845014409,33.86690079570072,0.0 -78.76361894830605,33.86656512698829,0.0</coordinates>
                    </LinearRing>
                </outerBoundaryIs>
            </Polygon>
        </Placemark>
        <Placemark id="1146994">
            <name>31310020037.0</name>
            <description>PIN: 31310020037.0&lt;br&gt;Wetland %: 0.00&lt;br&gt;Flood %: 100.00&lt;br&gt;Parcel area (m²): 627.69</description>
            <styleUrl>#1146999</styleUrl>
            <ExtendedData>
                <Data name="PIN">
                    <value>31310020037.0</value>
                </Data>
                <Data name="Wetland_%">
                    <value>0.00</value>
                </Data>
                <Data name="Flood_%">
                    <value>100.00</value>
                </Data>
                <Data name="Parcel_area_m2">
                    <value>627.69</value>
                </Data>
            </ExtendedData>
            <Polygon id="1146993">
                <outerBoundaryIs>
                    <LinearRing id="1146997">
                        <coordinates>-78.66888707378565,33.867902345202005,0.0 -78.66890249333312,33.86788064196632,0.0 -78.66899774792998,33.86798381041975,0.0 -78.66900409824635,33.867990802863076,0.0 -78.66903695311643,33.868026989953385,0.0 -78.66879731143516,33.86817488813483,0.0 -78.66875494913863,33.868126667578466,0.0 -78.6687261486265,33.868094853658974,0.0 -78.66872053742125,33.868089078327614,0.0 -78.6687085054882,33.86807699560479,0.0 -78.66880151379107,33.868019466449724,0.0 -78.66882491674271,33.867987430878514,0.0 -78.66888707378565,33.867902345202005,0.0</coordinates>
                    </LinearRing>
                </outerBoundaryIs>
            </Polygon>
        </Placemark>
        <Placemark id="1147008">
            <name>20406010005.0</name>
            <description>PIN: 20406010005.0&lt;br&gt;Wetland %: 0.00&lt;br&gt;Flood %: 100.00&lt;br&gt;Parcel area (m²): 43977.53</description>
            <styleUrl>#1147013</styleUrl>
            <ExtendedData>
                <Data name="PIN">
                    <value>20406010005.0</value>
                </Data>
                <Data name="Wetland_%">
                    <value>0.00</value>
                </Data>
                <Data name="Flood_%">
                    <value>100.00</value>
                </Data>
                <Data name="Parcel_area_m2">
                    <value>43977.53</value>
                </Data>
            </ExtendedData>
            <Polygon id="1147007">
                <outerBoundaryIs>
                    <LinearRing id="1147011">
                        <coordinates>-79.15754269526532,34.023280160914176,0.0 -79.15687554887616,34.023124128679285,0.0 -79.15629256862651,34.022912057398344,0.0 -79.15597963868275,34.02284740957278,0.0 -79.15586996714538,34.02287002685777,0.0 -79.15518127358364,34.0228729014478,0.0 -79.15514255488466,34.022873062695034,0.0 -79.15513693723346,34.02280480002514,0.0 -79.15513547248267,34.02279249337612,0.0 -79.15512155263386,34.02267554857254,0.0 -79.15511705063709,34.02263734009467,0.0 -79.15511345192361,34.02260681069103,0.0 -79.1551031373297,34.022519284312665,0.0 -79.15613263337595,34.02260981207825,0.0 -79.15596046047068,34.02127790984637,0.0 -79.15675686183825,34.02131066908052,0.0 -79.15754342617664,34.02134691608095,0.0 -79.15755991964909,34.021347504545915,0.0 -79.15754269526532,34.023280160914176,0.0</coordinates>
                    </LinearRing>
                </outerBoundaryIs>
            </Polygon>
        </Placemark>
        <Placemark id="1147022">
            <name>41915010005.0</name>
            <description>PIN: 41915010005.0&lt;br&gt;Wetland %: 72.49&lt;br&gt;Flood %: 100.00&lt;br&gt;Parcel area (m²): 12655.56</description>
            <styleUrl>#1147027</styleUrl>
            <ExtendedData>
                <Data name="PIN">
                    <value>41915010005.0</value>
                </Data>
                <Data name="Wetland_%">
                    <value>72.49</value>
                </Data>
                <Data name="Flood_%">
                    <value>100.00</value>
                </Data>
                <Data name="Parcel_area_m2">
                    <value>12655.56</value>
                </Data>
            </ExtendedData>
            <Polygon id="1147021">
                <outerBoundaryIs>
                    <LinearRing id="1147025">
                        <coordinates>-78.90598832635368,33.73083997144844,0.0 -78.90618789697399,33.73071723638232,0.0 -78.90652095726843,33.730686622054186,0.0 -78.90671547638945,33.73046689333905,0.0 -78.9071423336449,33.730265529158345,0.0 -78.9073985458973,33.73004564019534,0.0 -78.90750980893759,33.729765223201134,0.0 -78.90781173711056,33.72955950974441,0.0 -78.90832128406181,33.729577582070135,0.0 -78.90851075775677,33.72929419193318,0.0 -78.90860628463855,33.72911986209389,0.0 -78.90891803836372,33.72908561697995,0.0 -78.90896330299823,33.729254423017046,0.0 -78.90860006730688,33.72958023591302,0.0 -78.90844295019251,33.729648539966995,0.0 -78.90832232066715,33.72980646271811,0.0 -78.90781870492836,33.72995086186553,0.0 -78.90764799521845,33.730274430632655,0.0 -78.90720620161419,33.73034547661328,0.0 -78.9069576762579,33.73058748641932,0.0 -78.90639289331351,33.730879641556605,0.0 -78.90620595779458,33.73109176582298,0.0 -78.90598832635368,33.73083997144844,0.0</coordinates>
                    </LinearRing>
                </outerBoundaryIs>
            </Polygon>
        </Placemark>
        <Placemark id="1147036">
            <name>31107040014.0</name>
            <description>PIN: 31107040014.0&lt;br&gt;Wetland %: 0.00&lt;br&gt;Flood %: 100.00&lt;br&gt;Parcel area (m²): 1213.12</description>
            <styleUrl>#1147041</styleUrl>
            <ExtendedData>
                <Data name="PIN">
                    <value>31107040014.0</value>
                </Data>
                <Data name="Wetland_%">
                    <value>0.00</value>
                </Data>
                <Data name="Flood_%">
                    <value>100.00</value>
                </Data>
                <Data name="Parcel_area_m2">
                    <value>1213.12</value>
                </Data>
            </ExtendedData>
            <Polygon id="1147035">
                <outerBoundaryIs>
                    <LinearRing id="1147039">
                        <coordinates>-78.60749720082573,33.872344261062736,0.0 -78.60774811184433,33.872328829620685,0.0 -78.6077581951732,33.87235002316379,0.0 -78.60795250325499,33.87261231764514,0.0 -78.60781858446097,33.87263982228387,0.0 -78.60770342287272,33.87266251260293,0.0 -78.60749720082573,33.872344261062736,0.0</coordinates>
                    </LinearRing>
                </outerBoundaryIs>
            </Polygon>
        </Placemark>
        <Placemark id="1147050">
            <name>31208030009.0</name>
            <description>PIN: 31208030009.0&lt;br&gt;Wetland %: 0.00&lt;br&gt;Flood %: 100.00&lt;br&gt;Parcel area (m²): 2744.91</description>
            <styleUrl>#1147055</styleUrl>
            <ExtendedData>
                <Data name="PIN">
                    <value>31208030009.0</value>
                </Data>
                <Data name="Wetland_%">
                    <value>0.00</value>
                </Data>
                <Data name="Flood_%">
                    <value>100.00</value>
                </Data>
                <Data name="Parcel_area_m2">
                    <value>2744.91</value>
                </Data>
            </ExtendedData>
            <Polygon id="1147049">
                <outerBoundaryIs>
                    <LinearRing id="1147053">
                        <coordinates>-78.6431153618193,33.872771172051515,0.0 -78.64334540745317,33.87216247581318,0.0 -78.6436816717981,33.872641562690106,0.0 -78.64323703268128,33.872841529352485,0.0 -78.64322908271743,33.87283089546562,0.0 -78.64321946901102,33.872820919026424,0.0 -78.64320901298674,33.87281161385839,0.0 -78.64319771142708,33.87280297899814,0.0 -78.64318556137522,33.87279535984186,0.0 -78.64317256679459,33.87278841371793,0.0 -78.64315954164113,33.87278266482057,0.0 -78.6431448447946,33.872777745493025,0.0 -78.6431309421795,33.872773874024766,0.0 -78.6431153618193,33.872771172051515,0.0</coordinates>
                    </LinearRing>
                </outerBoundaryIs>
            </Polygon>
        </Placemark>
        <Placemark id="1147064">
            <name>31108030037.0</name>
            <description>PIN: 31108030037.0&lt;br&gt;Wetland %: 0.00&lt;br&gt;Flood %: 100.00&lt;br&gt;Parcel area (m²): 1842.70</description>
            <styleUrl>#1147069</styleUrl>
            <ExtendedData>
                <Data name="PIN">
                    <value>31108030037.0</value>
                </Data>
                <Data name="Wetland_%">
                    <value>0.00</value>
                </Data>
                <Data name="Flood_%">
                    <value>100.00</value>
                </Data>
                <Data name="Parcel_area_m2">
                    <value>1842.70</value>
                </Data>
            </ExtendedData>
            <Polygon id="1147063">
                <outerBoundaryIs>
                    <LinearRing id="1147067">
                        <coordinates>-78.60977169269292,33.87283697603105,0.0 -78.61003333298683,33.873177600948665,0.0 -78.61003490122454,33.87318055359303,0.0 -78.61003158547764,33.87318134739684,0.0 -78.61002827123802,33.873181969855054,0.0 -78.60993201633892,33.873206231146526,0.0 -78.6098277663496,33.87322174591869,0.0 -78.60973013576255,33.87323618600092,0.0 -78.60964994028822,33.87312707572381,0.0 -78.60958801945517,33.87304237361799,0.0 -78.60945457684667,33.87286264495887,0.0 -78.60977169269292,33.87283697603105,0.0</coordinates>
                    </LinearRing>
                </outerBoundaryIs>
            </Polygon>
        </Placemark>
        <Placemark id="1147078">
            <name>31108040015.0</name>
            <description>PIN: 31108040015.0&lt;br&gt;Wetland %: 0.00&lt;br&gt;Flood %: 100.00&lt;br&gt;Parcel area (m²): 1656.48</description>
            <styleUrl>#1147083</styleUrl>
            <ExtendedData>
                <Data name="PIN">
                    <value>31108040015.0</value>
                </Data>
                <Data name="Wetland_%">
                    <value>0.00</value>
                </Data>
                <Data name="Flood_%">
                    <value>100.00</value>
                </Data>
                <Data name="Parcel_area_m2">
                    <value>1656.48</value>
                </Data>
            </ExtendedData>
            <Polygon id="1147077">
                <outerBoundaryIs>
                    <LinearRing id="1147081">
                        <coordinates>-78.61594357899067,33.87291380681607,0.0 -78.61605257431818,33.8731140195401,0.0 -78.61557137494,33.87329273690805,0.0 -78.61547177355482,33.87311040214249,0.0 -78.61552093802612,33.87309055809089,0.0 -78.61564351201302,33.87303810378843,0.0 -78.61573191346747,33.87299977043396,0.0 -78.61583605484103,33.87295830254482,0.0 -78.61594357899067,33.87291380681607,0.0</coordinates>
                    </LinearRing>
                </outerBoundaryIs>
            </Polygon>
        </Placemark>
        <Placemark id="1147092">
            <name>31104040032.0</name>
            <description>PIN: 31104040032.0&lt;br&gt;Wetland %: 0.00&lt;br&gt;Flood %: 100.00&lt;br&gt;Parcel area (m²): 618.18</description>
            <styleUrl>#1147097</styleUrl>
            <ExtendedData>
                <Data name="PIN">
                    <value>31104040032.0</value>
                </Data>
                <Data name="Wetland_%">
                    <value>0.00</value>
                </Data>
                <Data name="Flood_%">
                    <value>100.00</value>
                </Data>
                <Data name="Parcel_area_m2">
                    <value>618.18</value>
                </Data>
            </ExtendedData>
            <Polygon id="1147091">
                <outerBoundaryIs>
                    <LinearRing id="1147095">
                        <coordinates>-78.58868707967018,33.87987534599859,0.0 -78.58887720885483,33.879853959004784,0.0 -78.58890917503984,33.88006627185943,0.0 -78.5887149354749,33.88008740662985,0.0 -78.58868707967018,33.87987534599859,0.0</coordinates>
                    </LinearRing>
                </outerBoundaryIs>
            </Polygon>
        </Placemark>
        <Placemark id="1147106">
            <name>31209010082.0</name>
            <description>PIN: 31209010082.0&lt;br&gt;Wetland %: 0.00&lt;br&gt;Flood %: 100.00&lt;br&gt;Parcel area (m²): 1715.12</description>
            <styleUrl>#1147111</styleUrl>
            <ExtendedData>
                <Data name="PIN">
                    <value>31209010082.0</value>
                </Data>
                <Data name="Wetland_%">
                    <value>0.00</value>
                </Data>
                <Data name="Flood_%">
                    <value>100.00</value>
                </Data>
                <Data name="Parcel_area_m2">
                    <value>1715.12</value>
                </Data>
            </ExtendedData>
            <Polygon id="1147105">
                <outerBoundaryIs>
                    <LinearRing id="1147109">
                        <coordinates>-78.64628383024215,33.86943975688965,0.0 -78.64643543585201,33.86937937005347,0.0 -78.6467169843111,33.869267225589276,0.0 -78.64674289613983,33.86931411042735,0.0 -78.64684038090219,33.869485553434785,0.0 -78.646428124501,33.86964717159079,0.0 -78.64640813173716,33.869655009529446,0.0 -78.64628383024215,33.86943975688965,0.0</coordinates>
                    </LinearRing>
                </outerBoundaryIs>
            </Polygon>
        </Placemark>
        <Placemark id="1147120">
            <name>31601020002.0</name>
            <description>PIN: 31601020002.0&lt;br&gt;Wetland %: 100.00&lt;br&gt;Flood %: 100.00&lt;br&gt;Parcel area (m²): 8469.79</description>
            <styleUrl>#1147125</styleUrl>
            <ExtendedData>
                <Data name="PIN">
                    <value>31601020002.0</value>
                </Data>
                <Data name="Wetland_%">
                    <value>100.00</value>
                </Data>
                <Data name="Flood_%">
                    <value>100.00</value>
                </Data>
                <Data name="Parcel_area_m2">
                    <value>8469.79</value>
                </Data>
            </ExtendedData>
            <Polygon id="1147119">
                <outerBoundaryIs>
                    <LinearRing id="1147123">
                        <coordinates>-78.77343243237718,33.88515713595276,0.0 -78.77373868228206,33.88504120600286,0.0 -78.77375699061209,33.885034275284795,0.0 -78.7737402524267,33.884980424701205,0.0 -78.77363373515037,33.884637734390424,0.0 -78.77374943610582,33.88462483316026,0.0 -78.77400397919482,33.884596449011106,0.0 -78.77445907486363,33.884683835547946,0.0 -78.77462168331807,33.88508829969554,0.0 -78.77458345378801,33.88510084264201,0.0 -78.77429421834837,33.88519616258666,0.0 -78.77404738029537,33.88527712171124,0.0 -78.77372989395911,33.88538148972069,0.0 -78.77369997366615,33.88539132436706,0.0 -78.77365803744631,33.88535586336409,0.0 -78.77361448605278,33.88531917013766,0.0 -78.773600763038,33.88530809848837,0.0 -78.77355245931462,33.88526393207228,0.0 -78.77348407840532,33.88519947292384,0.0 -78.77344294158456,33.88516505712338,0.0 -78.77343243237718,33.88515713595276,0.0</coordinates>
                    </LinearRing>
                </outerBoundaryIs>
            </Polygon>
        </Placemark>
        <Placemark id="1147134">
            <name>26700000013.0</name>
            <description>PIN: 26700000013.0&lt;br&gt;Wetland %: 57.40&lt;br&gt;Flood %: 100.00&lt;br&gt;Parcel area (m²): 59531.22</description>
            <styleUrl>#1147139</styleUrl>
            <ExtendedData>
                <Data name="PIN">
                    <value>26700000013.0</value>
                </Data>
                <Data name="Wetland_%">
                    <value>57.40</value>
                </Data>
                <Data name="Flood_%">
                    <value>100.00</value>
                </Data>
                <Data name="Parcel_area_m2">
                    <value>59531.22</value>
                </Data>
            </ExtendedData>
            <Polygon id="1147133">
                <outerBoundaryIs>
                    <LinearRing id="1147137">
                        <coordinates>-78.76319686950248,33.92256105549466,0.0 -78.76321143971978,33.92250805396531,0.0 -78.76452341331746,33.92262279405562,0.0 -78.76694666493707,33.92283468209668,0.0 -78.76694811928613,33.922842268279766,0.0 -78.76697642759814,33.92295875661573,0.0 -78.76699876804454,33.923051082040026,0.0 -78.76701066942198,33.923100780861944,0.0 -78.76701720985248,33.92313474633592,0.0 -78.76702360221421,33.92317438228472,0.0 -78.76702702459168,33.92320141797394,0.0 -78.76702961736265,33.92322861188843,0.0 -78.76705077451349,33.92349376463835,0.0 -78.7670686629043,33.92372604264585,0.0 -78.7668046123003,33.92373503110168,0.0 -78.7666148559302,33.92374037448173,0.0 -78.76646234417962,33.92374003098642,0.0 -78.76626533275072,33.92373905856394,0.0 -78.76594968018254,33.923734915770204,0.0 -78.76573792735398,33.92373006819502,0.0 -78.76541996969827,33.92371952569461,0.0 -78.76507247574354,33.923703466662104,0.0 -78.76478765046508,33.92368699084505,0.0 -78.76451361153177,33.92366778574484,0.0 -78.76449633595438,33.92366642613635,0.0 -78.7642955841352,33.923650623924225,0.0 -78.76404552733374,33.92362858805656,0.0 -78.76377251554831,33.92360166938906,0.0 -78.76357931573614,33.92358082877992,0.0 -78.76326696316048,33.92354495192327,0.0 -78.76292750217732,33.923505320942766,0.0 -78.7629573704935,33.923402768353924,0.0 -78.76310892419134,33.922868397950566,0.0 -78.76315338245807,33.92271198640846,0.0 -78.76319686950248,33.92256105549466,0.0</coordinates>
                    </LinearRing>
                </outerBoundaryIs>
            </Polygon>
        </Placemark>
        <Placemark id="1147148">
            <name>32807040005.0</name>
            <description>PIN: 32807040005.0&lt;br&gt;Wetland %: 0.00&lt;br&gt;Flood %: 100.00&lt;br&gt;Parcel area (m²): 2423.10</description>
            <styleUrl>#1147153</styleUrl>
            <ExtendedData>
                <Data name="PIN">
                    <value>32807040005.0</value>
                </Data>
                <Data name="Wetland_%">
                    <value>0.00</value>
                </Data>
                <Data name="Flood_%">
                    <value>100.00</value>
                </Data>
                <Data name="Parcel_area_m2">
                    <value>2423.10</value>
                </Data>
            </ExtendedData>
            <Polygon id="1147147">
                <outerBoundaryIs>
                    <LinearRing id="1147151">
                        <coordinates>-79.16531798468633,33.881100360686155,0.0 -79.16537626150216,33.88103353281528,0.0 -79.16545432675707,33.88092730838932,0.0 -79.16545859150004,33.88092049837878,0.0 -79.16546367259069,33.88091404587225,0.0 -79.16546957008651,33.880907948164996,0.0 -79.16547546026997,33.880902193962015,0.0 -79.16548216317396,33.88089696766278,0.0 -79.16548885508118,33.88089225797239,0.0 -79.16549718350302,33.88088808387391,0.0 -79.16550467609163,33.88088441687668,0.0 -79.16551380481093,33.88088145591894,0.0 -79.16552209443523,33.88087900291603,0.0 -79.16553119529637,33.880877249149805,0.0 -79.16554028373498,33.88087618062091,0.0 -79.16554935428881,33.88087579995403,0.0 -79.16558560431034,33.88087599306386,0.0 -79.16565968595286,33.880879495183386,0.0 -79.16570318840596,33.88088735601778,0.0 -79.16571299348628,33.88089127911933,0.0 -79.16575384944436,33.880907345658535,0.0 -79.16584787553204,33.88094155402055,0.0 -79.1659068565578,33.880957717472484,0.0 -79.16570057629588,33.8813585809631,0.0 -79.16531798468633,33.881100360686155,0.0</coordinates>
                    </LinearRing>
                </outerBoundaryIs>
            </Polygon>
        </Placemark>
        <Placemark id="1147162">
            <name>32807030004.0</name>
            <description>PIN: 32807030004.0&lt;br&gt;Wetland %: 43.31&lt;br&gt;Flood %: 100.00&lt;br&gt;Parcel area (m²): 15193.12</description>
            <styleUrl>#1147167</styleUrl>
            <ExtendedData>
                <Data name="PIN">
                    <value>32807030004.0</value>
                </Data>
                <Data name="Wetland_%">
                    <value>43.31</value>
                </Data>
                <Data name="Flood_%">
                    <value>100.00</value>
                </Data>
                <Data name="Parcel_area_m2">
                    <value>15193.12</value>
                </Data>
            </ExtendedData>
            <Polygon id="1147161">
                <outerBoundaryIs>
                    <LinearRing id="1147165">
                        <coordinates>-79.16338182079336,33.88132560549107,0.0 -79.16358637699001,33.88131558121255,0.0 -79.16358692376441,33.8813220945137,0.0 -79.1635876903049,33.88133123461553,0.0 -79.16358962995851,33.88136534868433,0.0 -79.16359308464718,33.88142615173529,0.0 -79.16360959046392,33.88168109020177,0.0 -79.16361664295997,33.881790044260065,0.0 -79.16363777294909,33.882114091267844,0.0 -79.16365887365191,33.882437693189395,0.0 -79.16367748112825,33.882724542965526,0.0 -79.1636822661851,33.882791984541214,0.0 -79.16368762068876,33.88286746481336,0.0 -79.1636872094101,33.88286727924553,0.0 -79.16259719410542,33.88237917474875,0.0 -79.16260236447341,33.882368599424616,0.0 -79.16260588892601,33.88235782743433,0.0 -79.16260942176248,33.88234671285722,0.0 -79.16261048715393,33.88233538852921,0.0 -79.16261154779296,33.882324236388044,0.0 -79.16261096680383,33.88231288944825,0.0 -79.1626095621229,33.88230152939143,0.0 -79.16260649945423,33.88229048835986,0.0 -79.16260261262794,33.882279608265314,0.0 -79.16259789266441,33.88226905672262,0.0 -79.16259234274915,33.88225883648451,0.0 -79.16258513911404,33.88224893803997,0.0 -79.16257709608116,33.88223971256881,0.0 -79.16256821832586,33.8822309914902,0.0 -79.1625593259451,33.88222295651795,0.0 -79.162548770437,33.88221558320439,0.0 -79.16253737761635,33.8822088865018,0.0 -79.16338182079336,33.88132560549107,0.0</coordinates>
                    </LinearRing>
                </outerBoundaryIs>
            </Polygon>
        </Placemark>
        <Placemark id="1147176">
            <name>32807030019.0</name>
            <description>PIN: 32807030019.0&lt;br&gt;Wetland %: 15.57&lt;br&gt;Flood %: 100.00&lt;br&gt;Parcel area (m²): 2394.03</description>
            <styleUrl>#1147181</styleUrl>
            <ExtendedData>
                <Data name="PIN">
                    <value>32807030019.0</value>
                </Data>
                <Data name="Wetland_%">
                    <value>15.57</value>
                </Data>
                <Data name="Flood_%">
                    <value>100.00</value>
                </Data>
                <Data name="Parcel_area_m2">
                    <value>2394.03</value>
                </Data>
            </ExtendedData>
            <Polygon id="1147175">
                <outerBoundaryIs>
                    <LinearRing id="1147179">
                        <coordinates>-79.16455728123945,33.88076094345663,0.0 -79.16456217620853,33.88072459300385,0.0 -79.16523165030718,33.880666130006624,0.0 -79.16524923783194,33.88069147329474,0.0 -79.16530868504397,33.88076313786868,0.0 -79.16531259404151,33.88077298917153,0.0 -79.16531649682794,33.88078318309319,0.0 -79.16531875069812,33.880793525756545,0.0 -79.16532017764786,33.880803855272816,0.0 -79.1653199509529,33.88081450481635,0.0 -79.16531972796196,33.880824980353594,0.0 -79.16531785861851,33.880835433315156,0.0 -79.16531516599967,33.88084570182809,0.0 -79.16531165551008,33.88085578597236,0.0 -79.16530650599793,33.88086550313456,0.0 -79.16523863835758,33.88095710313274,0.0 -79.16516767908524,33.88103920570099,0.0 -79.16455728123945,33.88076094345663,0.0</coordinates>
                    </LinearRing>
                </outerBoundaryIs>
            </Polygon>
        </Placemark>
        <Placemark id="1147190">
            <name>29711020034.0</name>
            <description>PIN: 29711020034.0&lt;br&gt;Wetland %: 0.00&lt;br&gt;Flood %: 100.00&lt;br&gt;Parcel area (m²): 9745.91</description>
            <styleUrl>#1147195</styleUrl>
            <ExtendedData>
                <Data name="PIN">
                    <value>29711020034.0</value>
                </Data>
                <Data name="Wetland_%">
                    <value>0.00</value>
                </Data>
                <Data name="Flood_%">
                    <value>100.00</value>
                </Data>
                <Data name="Parcel_area_m2">
                    <value>9745.91</value>
                </Data>
            </ExtendedData>
            <Polygon id="1147189">
                <outerBoundaryIs>
                    <LinearRing id="1147193">
                        <coordinates>-78.92421568553426,33.90013123263196,0.0 -78.92515697061754,33.899820210301385,0.0 -78.9255098024985,33.900467153789734,0.0 -78.92436218855192,33.90062273831055,0.0 -78.92421568553426,33.90013123263196,0.0</coordinates>
                    </LinearRing>
                </outerBoundaryIs>
            </Polygon>
        </Placemark>
        <Placemark id="1147204">
            <name>30413010020.0</name>
            <description>PIN: 30413010020.0&lt;br&gt;Wetland %: 0.00&lt;br&gt;Flood %: 100.00&lt;br&gt;Parcel area (m²): 569.84</description>
            <styleUrl>#1147209</styleUrl>
            <ExtendedData>
                <Data name="PIN">
                    <value>30413010020.0</value>
                </Data>
                <Data name="Wetland_%">
                    <value>0.00</value>
                </Data>
                <Data name="Flood_%">
                    <value>100.00</value>
                </Data>
                <Data name="Parcel_area_m2">
                    <value>569.84</value>
                </Data>
            </ExtendedData>
            <Polygon id="1147203">
                <outerBoundaryIs>
                    <LinearRing id="1147207">
                        <coordinates>-78.68837791246986,33.89203950494505,0.0 -78.68838051616305,33.89203457113639,0.0 -78.68838229615193,33.89202962105841,0.0 -78.68838490554465,33.89202451508309,0.0 -78.68838669231405,33.89201939285872,0.0 -78.68838765316897,33.89201425612777,0.0 -78.68838944234669,33.89200896347928,0.0 -78.68839041000652,33.8920036537004,0.0 -78.68839137867474,33.891998346646226,0.0 -78.68839234304292,33.891993038609904,0.0 -78.68839248481252,33.89198771342302,0.0 -78.68839262761476,33.8919823900593,0.0 -78.68839277041698,33.89197706669559,0.0 -78.68839209167766,33.891971727103055,0.0 -78.68839140967124,33.891966388351484,0.0 -78.68839072766492,33.891961049599935,0.0 -78.68838922416563,33.891955692816545,0.0 -78.688387713813,33.89195051088395,0.0 -78.68838620567091,33.89194532718871,0.0 -78.68860199168579,33.89188904373289,0.0 -78.68862098094941,33.89197994945742,0.0 -78.68864949951035,33.89211501843793,0.0 -78.68837791246986,33.89203950494505,0.0</coordinates>
                    </LinearRing>
                </outerBoundaryIs>
            </Polygon>
        </Placemark>
        <Placemark id="1147218">
            <name>30413020076.0</name>
            <description>PIN: 30413020076.0&lt;br&gt;Wetland %: 0.00&lt;br&gt;Flood %: 100.00&lt;br&gt;Parcel area (m²): 680.88</description>
            <styleUrl>#1147223</styleUrl>
            <ExtendedData>
                <Data name="PIN">
                    <value>30413020076.0</value>
                </Data>
                <Data name="Wetland_%">
                    <value>0.00</value>
                </Data>
                <Data name="Flood_%">
                    <value>100.00</value>
                </Data>
                <Data name="Parcel_area_m2">
                    <value>680.88</value>
                </Data>
            </ExtendedData>
            <Polygon id="1147217">
                <outerBoundaryIs>
                    <LinearRing id="1147221">
                        <coordinates>-78.68690967234271,33.88996792764717,0.0 -78.6872095550647,33.89000222041602,0.0 -78.68720785801537,33.89000407923174,0.0 -78.68720614958569,33.89000628147907,0.0 -78.68720608967857,33.89000851359609,0.0 -78.68720520031205,33.89001090430712,0.0 -78.6872059651704,33.89001315272139,0.0 -78.68720673012562,33.89001539752967,0.0 -78.68723713578746,33.89004929945859,0.0 -78.68700066075895,33.89020107276622,0.0 -78.6869806211515,33.8901800800255,0.0 -78.68696308496395,33.89015793081039,0.0 -78.68694805571165,33.890134453816614,0.0 -78.68693552063301,33.8901101647238,0.0 -78.68692465928402,33.8900850473144,0.0 -78.68691710332806,33.89005947749757,0.0 -78.68691121544379,33.890033249728624,0.0 -78.6869078057709,33.89000672367805,0.0 -78.68690769653978,33.88998009057688,0.0 -78.68690967234271,33.88996792764717,0.0</coordinates>
                    </LinearRing>
                </outerBoundaryIs>
            </Polygon>
        </Placemark>
        <Placemark id="1147232">
            <name>30413010001.0</name>
            <description>PIN: 30413010001.0&lt;br&gt;Wetland %: 0.00&lt;br&gt;Flood %: 100.00&lt;br&gt;Parcel area (m²): 1133.47</description>
            <styleUrl>#1147237</styleUrl>
            <ExtendedData>
                <Data name="PIN">
                    <value>30413010001.0</value>
                </Data>
                <Data name="Wetland_%">
                    <value>0.00</value>
                </Data>
                <Data name="Flood_%">
                    <value>100.00</value>
                </Data>
                <Data name="Parcel_area_m2">
                    <value>1133.47</value>
                </Data>
            </ExtendedData>
            <Polygon id="1147231">
                <outerBoundaryIs>
                    <LinearRing id="1147235">
                        <coordinates>-78.68683497935679,33.89087788260091,0.0 -78.68684775352217,33.890862485730715,0.0 -78.68686215778197,33.89084780567732,0.0 -78.68687818176237,33.89083418859626,0.0 -78.68689142295868,33.89082415713797,0.0 -78.68689500646545,33.890821443316625,0.0 -78.68691262616429,33.89080974290622,0.0 -78.68701827585622,33.890746883714485,0.0 -78.68719486469767,33.89064181496778,0.0 -78.68732682422905,33.8907917013448,0.0 -78.68734038384109,33.8908084502479,0.0 -78.68719731882892,33.89089306182125,0.0 -78.6871201440361,33.89093870497781,0.0 -78.68683497935679,33.89087788260091,0.0</coordinates>
                    </LinearRing>
                </outerBoundaryIs>
            </Polygon>
        </Placemark>
        <Placemark id="1147246">
            <name>30406040103.0</name>
            <description>PIN: 30406040103.0&lt;br&gt;Wetland %: 0.00&lt;br&gt;Flood %: 100.00&lt;br&gt;Parcel area (m²): 1017.03</description>
            <styleUrl>#1147251</styleUrl>
            <ExtendedData>
                <Data name="PIN">
                    <value>30406040103.0</value>
                </Data>
                <Data name="Wetland_%">
                    <value>0.00</value>
                </Data>
                <Data name="Flood_%">
                    <value>100.00</value>
                </Data>
                <Data name="Parcel_area_m2">
                    <value>1017.03</value>
                </Data>
            </ExtendedData>
            <Polygon id="1147245">
                <outerBoundaryIs>
                    <LinearRing id="1147249">
                        <coordinates>-78.69709334471646,33.90215047078293,0.0 -78.69732976458336,33.90209386896414,0.0 -78.69735707006049,33.90218251925001,0.0 -78.69739352160016,33.90232976137085,0.0 -78.69739425474312,33.90233321051466,0.0 -78.69739498675686,33.902336661441375,0.0 -78.69739489499044,33.90234009525734,0.0 -78.69739479857421,33.90234370306292,0.0 -78.69739470680776,33.90234713687881,0.0 -78.6973937911646,33.90235055718998,0.0 -78.69739287448844,33.90235397567801,0.0 -78.69739196455191,33.90235722292113,0.0 -78.69739104890853,33.90236064323225,0.0 -78.69738931755847,33.90236370384222,0.0 -78.69738758384125,33.9023669339745,0.0 -78.69738503429677,33.90236980891302,0.0 -78.69738330749972,33.90237269913929,0.0 -78.69738075800313,33.90237557227473,0.0 -78.69737739141742,33.902378258857304,0.0 -78.69737485351483,33.902380617195575,0.0 -78.69737148936805,33.90238313155119,0.0 -78.69736813545725,33.90238530335657,0.0 -78.697364786148,33.902387302975214,0.0 -78.69736143925377,33.902389131268485,0.0 -78.69735809806632,33.902390786493605,0.0 -78.69735393544106,33.90239225598681,0.0 -78.69735060446553,33.90239356956311,0.0 -78.6973464588884,33.902394522556484,0.0 -78.69734231112481,33.90239547641105,0.0 -78.69718661184021,33.902423339596524,0.0 -78.69709334471646,33.90215047078293,0.0</coordinates>
                    </LinearRing>
                </outerBoundaryIs>
            </Polygon>
        </Placemark>
        <Placemark id="1147260">
            <name>29500000027.0</name>
            <description>PIN: 29500000027.0&lt;br&gt;Wetland %: 7.30&lt;br&gt;Flood %: 100.00&lt;br&gt;Parcel area (m²): 126146.72</description>
            <styleUrl>#1147265</styleUrl>
            <ExtendedData>
                <Data name="PIN">
                    <value>29500000027.0</value>
                </Data>
                <Data name="Wetland_%">
                    <value>7.30</value>
                </Data>
                <Data name="Flood_%">
                    <value>100.00</value>
                </Data>
                <Data name="Parcel_area_m2">
                    <value>126146.72</value>
                </Data>
            </ExtendedData>
            <Polygon id="1147259">
                <outerBoundaryIs>
                    <LinearRing id="1147263">
                        <coordinates>-78.98293207838178,33.916377053770255,0.0 -78.9827813161705,33.915950743729155,0.0 -78.98276203509508,33.91589407421876,0.0 -78.98274742457282,33.915849165649774,0.0 -78.98249204417407,33.915067907777164,0.0 -78.98243569719362,33.914904458521264,0.0 -78.98239942289521,33.91479906258799,0.0 -78.98237427291336,33.91472649177049,0.0 -78.98225271874642,33.914375738047376,0.0 -78.98219326075318,33.914204331090275,0.0 -78.98213566918955,33.91402368030583,0.0 -78.98207979355583,33.91388976740801,0.0 -78.98257772037469,33.91365007516367,0.0 -78.98267513137965,33.91360226216617,0.0 -78.98298381543997,33.91349817311323,0.0 -78.98313987301619,33.913451573894775,0.0 -78.98320096078675,33.9136239349748,0.0 -78.98359879468818,33.914746421880714,0.0 -78.9840492149992,33.916017246241374,0.0 -78.98432287829671,33.91594730436683,0.0 -78.98442156188055,33.91592210672118,0.0 -78.98465874338636,33.91586119043885,0.0 -78.98486357433443,33.91580885506318,0.0 -78.98504353225357,33.91576264380198,0.0 -78.98523593257848,33.915713196521466,0.0 -78.98539256097636,33.91567760050586,0.0 -78.98542603256658,33.915726767402276,0.0 -78.98613871873421,33.91669378996969,0.0 -78.98507308980332,33.917283306175776,0.0 -78.98540613977815,33.91777597546111,0.0 -78.98532598922864,33.9178193425421,0.0 -78.98462594308732,33.91819934722108,0.0 -78.98385982327765,33.91861521029845,0.0 -78.9836037066659,33.9182521313843,0.0 -78.9835568698713,33.91818195796765,0.0 -78.98354875419136,33.918169799198914,0.0 -78.98350281681394,33.91808967447604,0.0 -78.98346739698205,33.91801814181778,0.0 -78.98342530556124,33.917914541130415,0.0 -78.98339231684034,33.917809542679215,0.0 -78.98338624433684,33.91778728076601,0.0 -78.98334522871659,33.917637824567436,0.0 -78.98330952303489,33.91750804205368,0.0 -78.98326164631418,33.91733476521702,0.0 -78.98321699329202,33.91719985412242,0.0 -78.98316684461767,33.91705317045906,0.0 -78.98313517890267,33.91696210964517,0.0 -78.98312359914361,33.91692861701317,0.0 -78.98296455564665,33.9164686419415,0.0 -78.98293207838178,33.916377053770255,0.0</coordinates>
                    </LinearRing>
                </outerBoundaryIs>
            </Polygon>
        </Placemark>
        <Placemark id="1147274">
            <name>27015030002.0</name>
            <description>PIN: 27015030002.0&lt;br&gt;Wetland %: 46.34&lt;br&gt;Flood %: 100.00&lt;br&gt;Parcel area (m²): 35192.60</description>
            <styleUrl>#1147279</styleUrl>
            <ExtendedData>
                <Data name="PIN">
                    <value>27015030002.0</value>
                </Data>
                <Data name="Wetland_%">
                    <value>46.34</value>
                </Data>
                <Data name="Flood_%">
                    <value>100.00</value>
                </Data>
                <Data name="Parcel_area_m2">
                    <value>35192.60</value>
                </Data>
            </ExtendedData>
            <Polygon id="1147273">
                <outerBoundaryIs>
                    <LinearRing id="1147277">
                        <coordinates>-78.86573339940361,33.91754113005386,0.0 -78.8683446326503,33.91491000727662,0.0 -78.86844737780918,33.91495108603486,0.0 -78.86899525412227,33.91523166114586,0.0 -78.86640938883566,33.91772329396095,0.0 -78.86573339940361,33.91754113005386,0.0</coordinates>
                    </LinearRing>
                </outerBoundaryIs>
            </Polygon>
        </Placemark>
        <Placemark id="1147288">
            <name>31307010079.0</name>
            <description>PIN: 31307010079.0&lt;br&gt;Wetland %: 0.00&lt;br&gt;Flood %: 100.00&lt;br&gt;Parcel area (m²): 1463.06</description>
            <styleUrl>#1147293</styleUrl>
            <ExtendedData>
                <Data name="PIN">
                    <value>31307010079.0</value>
                </Data>
                <Data name="Wetland_%">
                    <value>0.00</value>
                </Data>
                <Data name="Flood_%">
                    <value>100.00</value>
                </Data>
                <Data name="Parcel_area_m2">
                    <value>1463.06</value>
                </Data>
            </ExtendedData>
            <Polygon id="1147287">
                <outerBoundaryIs>
                    <LinearRing id="1147291">
                        <coordinates>-78.6725951943136,33.875421504178526,0.0 -78.67290496328818,33.87520962140081,0.0 -78.67302960024581,33.87535423309118,0.0 -78.67303282959773,33.87535669927483,0.0 -78.67303605430104,33.87535933764516,0.0 -78.67303845762426,33.87536195968476,0.0 -78.67304084735116,33.87536492511516,0.0 -78.67304324029637,33.875367891507885,0.0 -78.6730456275608,33.87537102826408,0.0 -78.67304801477671,33.875374166823235,0.0 -78.67304957274553,33.87537746027608,0.0 -78.67305112822736,33.875380925956314,0.0 -78.67305185908634,33.87538437524504,0.0 -78.6730534134632,33.875387841806415,0.0 -78.67305413964924,33.87539146418341,0.0 -78.67305404229313,33.87539507018921,0.0 -78.67305476845495,33.87539869346767,0.0 -78.67305467112318,33.875402298572,0.0 -78.67305375020042,33.875405889108094,0.0 -78.67305365744436,33.87540932473017,0.0 -78.67305273652148,33.87541291526629,0.0 -78.67305099663183,33.875416319948926,0.0 -78.67305007570876,33.87541991048506,0.0 -78.67304834046764,33.87542314298087,0.0 -78.67304660525073,33.875426374575206,0.0 -78.67304404646681,33.875429590699774,0.0 -78.67304231584971,33.87543265191024,0.0 -78.6730397652335,33.875435525443834,0.0 -78.67303639896572,33.87543821048029,0.0 -78.67303385191715,33.87544091180669,0.0 -78.67303049273632,33.87544325423179,0.0 -78.67302713463609,33.87544559667709,0.0 -78.67302377791775,33.875447767776095,0.0 -78.6727702540771,33.8756211872631,0.0 -78.6725951943136,33.875421504178526,0.0</coordinates>
                    </LinearRing>
                </outerBoundaryIs>
            </Polygon>
        </Placemark>
        <Placemark id="1147302">
            <name>31307010074.0</name>
            <description>PIN: 31307010074.0&lt;br&gt;Wetland %: 0.00&lt;br&gt;Flood %: 100.00&lt;br&gt;Parcel area (m²): 1146.69</description>
            <styleUrl>#1147307</styleUrl>
            <ExtendedData>
                <Data name="PIN">
                    <value>31307010074.0</value>
                </Data>
                <Data name="Wetland_%">
                    <value>0.00</value>
                </Data>
                <Data name="Flood_%">
                    <value>100.00</value>
                </Data>
                <Data name="Parcel_area_m2">
                    <value>1146.69</value>
                </Data>
            </ExtendedData>
            <Polygon id="1147301">
                <outerBoundaryIs>
                    <LinearRing id="1147305">
                        <coordinates>-78.67169382496587,33.87538841689518,0.0 -78.67187297574476,33.875284048476495,0.0 -78.67213183596635,33.875553865248996,0.0 -78.67194116892885,33.87565750079713,0.0 -78.67193781682595,33.87565949967992,0.0 -78.67193622072745,33.87565757917924,0.0 -78.67169382496587,33.87538841689518,0.0</coordinates>
                    </LinearRing>
                </outerBoundaryIs>
            </Polygon>
        </Placemark>
        <Placemark id="1147316">
            <name>31204010016.0</name>
            <description>PIN: 31204010016.0&lt;br&gt;Wetland %: 0.00&lt;br&gt;Flood %: 100.00&lt;br&gt;Parcel area (m²): 997.58</description>
            <styleUrl>#1147321</styleUrl>
            <ExtendedData>
                <Data name="PIN">
                    <value>31204010016.0</value>
                </Data>
                <Data name="Wetland_%">
                    <value>0.00</value>
                </Data>
                <Data name="Flood_%">
                    <value>100.00</value>
                </Data>
                <Data name="Parcel_area_m2">
                    <value>997.58</value>
                </Data>
            </ExtendedData>
            <Polygon id="1147315">
                <outerBoundaryIs>
                    <LinearRing id="1147319">
                        <coordinates>-78.62124084632993,33.88420165580818,0.0 -78.62130930425921,33.8841696452121,0.0 -78.62148545683623,33.884087278035594,0.0 -78.62149101849472,33.88409477372371,0.0 -78.62149104119345,33.884094774159465,0.0 -78.62161667214934,33.884095466828036,0.0 -78.62167817979049,33.88409580604778,0.0 -78.62174220793882,33.88409615934624,0.0 -78.62174222631403,33.884096159698984,0.0 -78.62174232472506,33.884096159784164,0.0 -78.62174989637697,33.88410723877484,0.0 -78.62175073004097,33.884108458903874,0.0 -78.62177004786038,33.8841367284706,0.0 -78.62148941534868,33.88427017644588,0.0 -78.62133833366852,33.884342019176145,0.0 -78.62130740979876,33.88429795334703,0.0 -78.62130582530447,33.88429568604696,0.0 -78.62128526563514,33.884266256986834,0.0 -78.62125508880854,33.88422306415864,0.0 -78.62124162729616,33.88420321767649,0.0 -78.62124084632993,33.88420165580818,0.0</coordinates>
                    </LinearRing>
                </outerBoundaryIs>
            </Polygon>
        </Placemark>
    </Document>
</kml>
