<?xml version="1.0" encoding="UTF-8"?>
<kml xmlns="http://www.opengis.net/kml/2.2" xmlns:gx="http://www.google.com/kml/ext/2.2">
    <Document id="3861880">
        <Style id="3861887">
            <LineStyle id="3861889">
                <color>ffffffff</color>
                <colorMode>normal</colorMode>
                <width>1</width>
            </LineStyle>
            <PolyStyle id="3861888">
                <color>8000a5ff</color>
                <colorMode>normal</colorMode>
                <fill>1</fill>
                <outline>1</outline>
            </PolyStyle>
        </Style>
        <Style id="3861901">
            <LineStyle id="3861903">
                <color>ffffffff</color>
                <colorMode>normal</colorMode>
                <width>1</width>
            </LineStyle>
            <PolyStyle id="3861902">
                <color>8000a5ff</color>
                <colorMode>normal</colorMode>
                <fill>1</fill>
                <outline>1</outline>
            </PolyStyle>
        </Style>
        <Style id="3861915">
            <LineStyle id="3861917">
                <color>ffffffff</color>
                <colorMode>normal</colorMode>
                <width>1</width>
            </LineStyle>
            <PolyStyle id="3861916">
                <color>8000a5ff</color>
                <colorMode>normal</colorMode>
                <fill>1</fill>
                <outline>1</outline>
            </PolyStyle>
        </Style>
        <Style id="3861929">
            <LineStyle id="3861931">
                <color>ffffffff</color>
                <colorMode>normal</colorMode>
                <width>1</width>
            </LineStyle>
            <PolyStyle id="3861930">
                <color>8000a5ff</color>
                <colorMode>normal</colorMode>
                <fill>1</fill>
                <outline>1</outline>
            </PolyStyle>
        </Style>
        <Style id="3861943">
            <LineStyle id="3861945">
                <color>ffffffff</color>
                <colorMode>normal</colorMode>
                <width>1</width>
            </LineStyle>
            <PolyStyle id="3861944">
                <color>8000a5ff</color>
                <colorMode>normal</colorMode>
                <fill>1</fill>
                <outline>1</outline>
            </PolyStyle>
        </Style>
        <Style id="3861957">
            <LineStyle id="3861959">
                <color>ffffffff</color>
                <colorMode>normal</colorMode>
                <width>1</width>
            </LineStyle>
            <PolyStyle id="3861958">
                <color>8000a5ff</color>
                <colorMode>normal</colorMode>
                <fill>1</fill>
                <outline>1</outline>
            </PolyStyle>
        </Style>
        <Style id="3861971">
            <LineStyle id="3861973">
                <color>ffffffff</color>
                <colorMode>normal</colorMode>
                <width>1</width>
            </LineStyle>
            <PolyStyle id="3861972">
                <color>800000ff</color>
                <colorMode>normal</colorMode>
                <fill>1</fill>
                <outline>1</outline>
            </PolyStyle>
        </Style>
        <Style id="3861985">
            <LineStyle id="3861987">
                <color>ffffffff</color>
                <colorMode>normal</colorMode>
                <width>1</width>
            </LineStyle>
            <PolyStyle id="3861986">
                <color>8000a5ff</color>
                <colorMode>normal</colorMode>
                <fill>1</fill>
                <outline>1</outline>
            </PolyStyle>
        </Style>
        <Style id="3861999">
            <LineStyle id="3862001">
                <color>ffffffff</color>
                <colorMode>normal</colorMode>
                <width>1</width>
            </LineStyle>
            <PolyStyle id="3862000">
                <color>8000a5ff</color>
                <colorMode>normal</colorMode>
                <fill>1</fill>
                <outline>1</outline>
            </PolyStyle>
        </Style>
        <Style id="3862013">
            <LineStyle id="3862015">
                <color>ffffffff</color>
                <colorMode>normal</colorMode>
                <width>1</width>
            </LineStyle>
            <PolyStyle id="3862014">
                <color>800000ff</color>
                <colorMode>normal</colorMode>
                <fill>1</fill>
                <outline>1</outline>
            </PolyStyle>
        </Style>
        <Style id="3862027">
            <LineStyle id="3862029">
                <color>ffffffff</color>
                <colorMode>normal</colorMode>
                <width>1</width>
            </LineStyle>
            <PolyStyle id="3862028">
                <color>8000a5ff</color>
                <colorMode>normal</colorMode>
                <fill>1</fill>
                <outline>1</outline>
            </PolyStyle>
        </Style>
        <Style id="3862041">
            <LineStyle id="3862043">
                <color>ffffffff</color>
                <colorMode>normal</colorMode>
                <width>1</width>
            </LineStyle>
            <PolyStyle id="3862042">
                <color>8000a5ff</color>
                <colorMode>normal</colorMode>
                <fill>1</fill>
                <outline>1</outline>
            </PolyStyle>
        </Style>
        <Style id="3862055">
            <LineStyle id="3862057">
                <color>ffffffff</color>
                <colorMode>normal</colorMode>
                <width>1</width>
            </LineStyle>
            <PolyStyle id="3862056">
                <color>8000a5ff</color>
                <colorMode>normal</colorMode>
                <fill>1</fill>
                <outline>1</outline>
            </PolyStyle>
        </Style>
        <Style id="3862069">
            <LineStyle id="3862071">
                <color>ffffffff</color>
                <colorMode>normal</colorMode>
                <width>1</width>
            </LineStyle>
            <PolyStyle id="3862070">
                <color>8000a5ff</color>
                <colorMode>normal</colorMode>
                <fill>1</fill>
                <outline>1</outline>
            </PolyStyle>
        </Style>
        <Style id="3862083">
            <LineStyle id="3862085">
                <color>ffffffff</color>
                <colorMode>normal</colorMode>
                <width>1</width>
            </LineStyle>
            <PolyStyle id="3862084">
                <color>8000a5ff</color>
                <colorMode>normal</colorMode>
                <fill>1</fill>
                <outline>1</outline>
            </PolyStyle>
        </Style>
        <Style id="3862097">
            <LineStyle id="3862099">
                <color>ffffffff</color>
                <colorMode>normal</colorMode>
                <width>1</width>
            </LineStyle>
            <PolyStyle id="3862098">
                <color>800000ff</color>
                <colorMode>normal</colorMode>
                <fill>1</fill>
                <outline>1</outline>
            </PolyStyle>
        </Style>
        <Style id="3862111">
            <LineStyle id="3862113">
                <color>ffffffff</color>
                <colorMode>normal</colorMode>
                <width>1</width>
            </LineStyle>
            <PolyStyle id="3862112">
                <color>800000ff</color>
                <colorMode>normal</colorMode>
                <fill>1</fill>
                <outline>1</outline>
            </PolyStyle>
        </Style>
        <Style id="3862125">
            <LineStyle id="3862127">
                <color>ffffffff</color>
                <colorMode>normal</colorMode>
                <width>1</width>
            </LineStyle>
            <PolyStyle id="3862126">
                <color>800000ff</color>
                <colorMode>normal</colorMode>
                <fill>1</fill>
                <outline>1</outline>
            </PolyStyle>
        </Style>
        <Style id="3862139">
            <LineStyle id="3862141">
                <color>ffffffff</color>
                <colorMode>normal</colorMode>
                <width>1</width>
            </LineStyle>
            <PolyStyle id="3862140">
                <color>8000a5ff</color>
                <colorMode>normal</colorMode>
                <fill>1</fill>
                <outline>1</outline>
            </PolyStyle>
        </Style>
        <Style id="3862153">
            <LineStyle id="3862155">
                <color>ffffffff</color>
                <colorMode>normal</colorMode>
                <width>1</width>
            </LineStyle>
            <PolyStyle id="3862154">
                <color>800000ff</color>
                <colorMode>normal</colorMode>
                <fill>1</fill>
                <outline>1</outline>
            </PolyStyle>
        </Style>
        <Style id="3862167">
            <LineStyle id="3862169">
                <color>ffffffff</color>
                <colorMode>normal</colorMode>
                <width>1</width>
            </LineStyle>
            <PolyStyle id="3862168">
                <color>800000ff</color>
                <colorMode>normal</colorMode>
                <fill>1</fill>
                <outline>1</outline>
            </PolyStyle>
        </Style>
        <Style id="3862181">
            <LineStyle id="3862183">
                <color>ffffffff</color>
                <colorMode>normal</colorMode>
                <width>1</width>
            </LineStyle>
            <PolyStyle id="3862182">
                <color>800000ff</color>
                <colorMode>normal</colorMode>
                <fill>1</fill>
                <outline>1</outline>
            </PolyStyle>
        </Style>
        <Style id="3862195">
            <LineStyle id="3862197">
                <color>ffffffff</color>
                <colorMode>normal</colorMode>
                <width>1</width>
            </LineStyle>
            <PolyStyle id="3862196">
                <color>800000ff</color>
                <colorMode>normal</colorMode>
                <fill>1</fill>
                <outline>1</outline>
            </PolyStyle>
        </Style>
        <Style id="3862209">
            <LineStyle id="3862211">
                <color>ffffffff</color>
                <colorMode>normal</colorMode>
                <width>1</width>
            </LineStyle>
            <PolyStyle id="3862210">
                <color>8000a5ff</color>
                <colorMode>normal</colorMode>
                <fill>1</fill>
                <outline>1</outline>
            </PolyStyle>
        </Style>
        <Style id="3862223">
            <LineStyle id="3862225">
                <color>ffffffff</color>
                <colorMode>normal</colorMode>
                <width>1</width>
            </LineStyle>
            <PolyStyle id="3862224">
                <color>8000a5ff</color>
                <colorMode>normal</colorMode>
                <fill>1</fill>
                <outline>1</outline>
            </PolyStyle>
        </Style>
        <Style id="3862237">
            <LineStyle id="3862239">
                <color>ffffffff</color>
                <colorMode>normal</colorMode>
                <width>1</width>
            </LineStyle>
            <PolyStyle id="3862238">
                <color>800000ff</color>
                <colorMode>normal</colorMode>
                <fill>1</fill>
                <outline>1</outline>
            </PolyStyle>
        </Style>
        <Style id="3862251">
            <LineStyle id="3862253">
                <color>ffffffff</color>
                <colorMode>normal</colorMode>
                <width>1</width>
            </LineStyle>
            <PolyStyle id="3862252">
                <color>8000a5ff</color>
                <colorMode>normal</colorMode>
                <fill>1</fill>
                <outline>1</outline>
            </PolyStyle>
        </Style>
        <Style id="3862265">
            <LineStyle id="3862267">
                <color>ffffffff</color>
                <colorMode>normal</colorMode>
                <width>1</width>
            </LineStyle>
            <PolyStyle id="3862266">
                <color>8000a5ff</color>
                <colorMode>normal</colorMode>
                <fill>1</fill>
                <outline>1</outline>
            </PolyStyle>
        </Style>
        <Style id="3862279">
            <LineStyle id="3862281">
                <color>ffffffff</color>
                <colorMode>normal</colorMode>
                <width>1</width>
            </LineStyle>
            <PolyStyle id="3862280">
                <color>8000a5ff</color>
                <colorMode>normal</colorMode>
                <fill>1</fill>
                <outline>1</outline>
            </PolyStyle>
        </Style>
        <Style id="3862293">
            <LineStyle id="3862295">
                <color>ffffffff</color>
                <colorMode>normal</colorMode>
                <width>1</width>
            </LineStyle>
            <PolyStyle id="3862294">
                <color>8000a5ff</color>
                <colorMode>normal</colorMode>
                <fill>1</fill>
                <outline>1</outline>
            </PolyStyle>
        </Style>
        <Style id="3862307">
            <LineStyle id="3862309">
                <color>ffffffff</color>
                <colorMode>normal</colorMode>
                <width>1</width>
            </LineStyle>
            <PolyStyle id="3862308">
                <color>8000a5ff</color>
                <colorMode>normal</colorMode>
                <fill>1</fill>
                <outline>1</outline>
            </PolyStyle>
        </Style>
        <Style id="3862321">
            <LineStyle id="3862323">
                <color>ffffffff</color>
                <colorMode>normal</colorMode>
                <width>1</width>
            </LineStyle>
            <PolyStyle id="3862322">
                <color>8000a5ff</color>
                <colorMode>normal</colorMode>
                <fill>1</fill>
                <outline>1</outline>
            </PolyStyle>
        </Style>
        <Style id="3862335">
            <LineStyle id="3862337">
                <color>ffffffff</color>
                <colorMode>normal</colorMode>
                <width>1</width>
            </LineStyle>
            <PolyStyle id="3862336">
                <color>800000ff</color>
                <colorMode>normal</colorMode>
                <fill>1</fill>
                <outline>1</outline>
            </PolyStyle>
        </Style>
        <Style id="3862349">
            <LineStyle id="3862351">
                <color>ffffffff</color>
                <colorMode>normal</colorMode>
                <width>1</width>
            </LineStyle>
            <PolyStyle id="3862350">
                <color>800000ff</color>
                <colorMode>normal</colorMode>
                <fill>1</fill>
                <outline>1</outline>
            </PolyStyle>
        </Style>
        <Style id="3862363">
            <LineStyle id="3862365">
                <color>ffffffff</color>
                <colorMode>normal</colorMode>
                <width>1</width>
            </LineStyle>
            <PolyStyle id="3862364">
                <color>8000a5ff</color>
                <colorMode>normal</colorMode>
                <fill>1</fill>
                <outline>1</outline>
            </PolyStyle>
        </Style>
        <Style id="3862377">
            <LineStyle id="3862379">
                <color>ffffffff</color>
                <colorMode>normal</colorMode>
                <width>1</width>
            </LineStyle>
            <PolyStyle id="3862378">
                <color>80008000</color>
                <colorMode>normal</colorMode>
                <fill>1</fill>
                <outline>1</outline>
            </PolyStyle>
        </Style>
        <Style id="3862391">
            <LineStyle id="3862393">
                <color>ffffffff</color>
                <colorMode>normal</colorMode>
                <width>1</width>
            </LineStyle>
            <PolyStyle id="3862392">
                <color>8000a5ff</color>
                <colorMode>normal</colorMode>
                <fill>1</fill>
                <outline>1</outline>
            </PolyStyle>
        </Style>
        <Style id="3862405">
            <LineStyle id="3862407">
                <color>ffffffff</color>
                <colorMode>normal</colorMode>
                <width>1</width>
            </LineStyle>
            <PolyStyle id="3862406">
                <color>8000a5ff</color>
                <colorMode>normal</colorMode>
                <fill>1</fill>
                <outline>1</outline>
            </PolyStyle>
        </Style>
        <Style id="3862419">
            <LineStyle id="3862421">
                <color>ffffffff</color>
                <colorMode>normal</colorMode>
                <width>1</width>
            </LineStyle>
            <PolyStyle id="3862420">
                <color>8000a5ff</color>
                <colorMode>normal</colorMode>
                <fill>1</fill>
                <outline>1</outline>
            </PolyStyle>
        </Style>
        <Style id="3862433">
            <LineStyle id="3862435">
                <color>ffffffff</color>
                <colorMode>normal</colorMode>
                <width>1</width>
            </LineStyle>
            <PolyStyle id="3862434">
                <color>8000a5ff</color>
                <colorMode>normal</colorMode>
                <fill>1</fill>
                <outline>1</outline>
            </PolyStyle>
        </Style>
        <Style id="3862447">
            <LineStyle id="3862449">
                <color>ffffffff</color>
                <colorMode>normal</colorMode>
                <width>1</width>
            </LineStyle>
            <PolyStyle id="3862448">
                <color>800000ff</color>
                <colorMode>normal</colorMode>
                <fill>1</fill>
                <outline>1</outline>
            </PolyStyle>
        </Style>
        <Style id="3862461">
            <LineStyle id="3862463">
                <color>ffffffff</color>
                <colorMode>normal</colorMode>
                <width>1</width>
            </LineStyle>
            <PolyStyle id="3862462">
                <color>800000ff</color>
                <colorMode>normal</colorMode>
                <fill>1</fill>
                <outline>1</outline>
            </PolyStyle>
        </Style>
        <Style id="3862475">
            <LineStyle id="3862477">
                <color>ffffffff</color>
                <colorMode>normal</colorMode>
                <width>1</width>
            </LineStyle>
            <PolyStyle id="3862476">
                <color>800000ff</color>
                <colorMode>normal</colorMode>
                <fill>1</fill>
                <outline>1</outline>
            </PolyStyle>
        </Style>
        <Style id="3862489">
            <LineStyle id="3862491">
                <color>ffffffff</color>
                <colorMode>normal</colorMode>
                <width>1</width>
            </LineStyle>
            <PolyStyle id="3862490">
                <color>8000a5ff</color>
                <colorMode>normal</colorMode>
                <fill>1</fill>
                <outline>1</outline>
            </PolyStyle>
        </Style>
        <Style id="3862503">
            <LineStyle id="3862505">
                <color>ffffffff</color>
                <colorMode>normal</colorMode>
                <width>1</width>
            </LineStyle>
            <PolyStyle id="3862504">
                <color>8000a5ff</color>
                <colorMode>normal</colorMode>
                <fill>1</fill>
                <outline>1</outline>
            </PolyStyle>
        </Style>
        <Style id="3862517">
            <LineStyle id="3862519">
                <color>ffffffff</color>
                <colorMode>normal</colorMode>
                <width>1</width>
            </LineStyle>
            <PolyStyle id="3862518">
                <color>800000ff</color>
                <colorMode>normal</colorMode>
                <fill>1</fill>
                <outline>1</outline>
            </PolyStyle>
        </Style>
        <Style id="3862531">
            <LineStyle id="3862533">
                <color>ffffffff</color>
                <colorMode>normal</colorMode>
                <width>1</width>
            </LineStyle>
            <PolyStyle id="3862532">
                <color>8000a5ff</color>
                <colorMode>normal</colorMode>
                <fill>1</fill>
                <outline>1</outline>
            </PolyStyle>
        </Style>
        <Style id="3862545">
            <LineStyle id="3862547">
                <color>ffffffff</color>
                <colorMode>normal</colorMode>
                <width>1</width>
            </LineStyle>
            <PolyStyle id="3862546">
                <color>8000a5ff</color>
                <colorMode>normal</colorMode>
                <fill>1</fill>
                <outline>1</outline>
            </PolyStyle>
        </Style>
        <Style id="3862559">
            <LineStyle id="3862561">
                <color>ffffffff</color>
                <colorMode>normal</colorMode>
                <width>1</width>
            </LineStyle>
            <PolyStyle id="3862560">
                <color>8000a5ff</color>
                <colorMode>normal</colorMode>
                <fill>1</fill>
                <outline>1</outline>
            </PolyStyle>
        </Style>
        <Style id="3862573">
            <LineStyle id="3862575">
                <color>ffffffff</color>
                <colorMode>normal</colorMode>
                <width>1</width>
            </LineStyle>
            <PolyStyle id="3862574">
                <color>8000a5ff</color>
                <colorMode>normal</colorMode>
                <fill>1</fill>
                <outline>1</outline>
            </PolyStyle>
        </Style>
        <Style id="3862587">
            <LineStyle id="3862589">
                <color>ffffffff</color>
                <colorMode>normal</colorMode>
                <width>1</width>
            </LineStyle>
            <PolyStyle id="3862588">
                <color>8000a5ff</color>
                <colorMode>normal</colorMode>
                <fill>1</fill>
                <outline>1</outline>
            </PolyStyle>
        </Style>
        <Style id="3862601">
            <LineStyle id="3862603">
                <color>ffffffff</color>
                <colorMode>normal</colorMode>
                <width>1</width>
            </LineStyle>
            <PolyStyle id="3862602">
                <color>8000a5ff</color>
                <colorMode>normal</colorMode>
                <fill>1</fill>
                <outline>1</outline>
            </PolyStyle>
        </Style>
        <Style id="3862615">
            <LineStyle id="3862617">
                <color>ffffffff</color>
                <colorMode>normal</colorMode>
                <width>1</width>
            </LineStyle>
            <PolyStyle id="3862616">
                <color>8000a5ff</color>
                <colorMode>normal</colorMode>
                <fill>1</fill>
                <outline>1</outline>
            </PolyStyle>
        </Style>
        <Style id="3862629">
            <LineStyle id="3862631">
                <color>ffffffff</color>
                <colorMode>normal</colorMode>
                <width>1</width>
            </LineStyle>
            <PolyStyle id="3862630">
                <color>800000ff</color>
                <colorMode>normal</colorMode>
                <fill>1</fill>
                <outline>1</outline>
            </PolyStyle>
        </Style>
        <Style id="3862643">
            <LineStyle id="3862645">
                <color>ffffffff</color>
                <colorMode>normal</colorMode>
                <width>1</width>
            </LineStyle>
            <PolyStyle id="3862644">
                <color>800000ff</color>
                <colorMode>normal</colorMode>
                <fill>1</fill>
                <outline>1</outline>
            </PolyStyle>
        </Style>
        <Style id="3862657">
            <LineStyle id="3862659">
                <color>ffffffff</color>
                <colorMode>normal</colorMode>
                <width>1</width>
            </LineStyle>
            <PolyStyle id="3862658">
                <color>8000a5ff</color>
                <colorMode>normal</colorMode>
                <fill>1</fill>
                <outline>1</outline>
            </PolyStyle>
        </Style>
        <Style id="3862671">
            <LineStyle id="3862673">
                <color>ffffffff</color>
                <colorMode>normal</colorMode>
                <width>1</width>
            </LineStyle>
            <PolyStyle id="3862672">
                <color>8000a5ff</color>
                <colorMode>normal</colorMode>
                <fill>1</fill>
                <outline>1</outline>
            </PolyStyle>
        </Style>
        <Style id="3862685">
            <LineStyle id="3862687">
                <color>ffffffff</color>
                <colorMode>normal</colorMode>
                <width>1</width>
            </LineStyle>
            <PolyStyle id="3862686">
                <color>800000ff</color>
                <colorMode>normal</colorMode>
                <fill>1</fill>
                <outline>1</outline>
            </PolyStyle>
        </Style>
        <Style id="3862699">
            <LineStyle id="3862701">
                <color>ffffffff</color>
                <colorMode>normal</colorMode>
                <width>1</width>
            </LineStyle>
            <PolyStyle id="3862700">
                <color>800000ff</color>
                <colorMode>normal</colorMode>
                <fill>1</fill>
                <outline>1</outline>
            </PolyStyle>
        </Style>
        <Style id="3862713">
            <LineStyle id="3862715">
                <color>ffffffff</color>
                <colorMode>normal</colorMode>
                <width>1</width>
            </LineStyle>
            <PolyStyle id="3862714">
                <color>8000a5ff</color>
                <colorMode>normal</colorMode>
                <fill>1</fill>
                <outline>1</outline>
            </PolyStyle>
        </Style>
        <Style id="3862727">
            <LineStyle id="3862729">
                <color>ffffffff</color>
                <colorMode>normal</colorMode>
                <width>1</width>
            </LineStyle>
            <PolyStyle id="3862728">
                <color>800000ff</color>
                <colorMode>normal</colorMode>
                <fill>1</fill>
                <outline>1</outline>
            </PolyStyle>
        </Style>
        <Style id="3862741">
            <LineStyle id="3862743">
                <color>ffffffff</color>
                <colorMode>normal</colorMode>
                <width>1</width>
            </LineStyle>
            <PolyStyle id="3862742">
                <color>8000a5ff</color>
                <colorMode>normal</colorMode>
                <fill>1</fill>
                <outline>1</outline>
            </PolyStyle>
        </Style>
        <Style id="3862755">
            <LineStyle id="3862757">
                <color>ffffffff</color>
                <colorMode>normal</colorMode>
                <width>1</width>
            </LineStyle>
            <PolyStyle id="3862756">
                <color>800000ff</color>
                <colorMode>normal</colorMode>
                <fill>1</fill>
                <outline>1</outline>
            </PolyStyle>
        </Style>
        <Style id="3862769">
            <LineStyle id="3862771">
                <color>ffffffff</color>
                <colorMode>normal</colorMode>
                <width>1</width>
            </LineStyle>
            <PolyStyle id="3862770">
                <color>8000a5ff</color>
                <colorMode>normal</colorMode>
                <fill>1</fill>
                <outline>1</outline>
            </PolyStyle>
        </Style>
        <Style id="3862783">
            <LineStyle id="3862785">
                <color>ffffffff</color>
                <colorMode>normal</colorMode>
                <width>1</width>
            </LineStyle>
            <PolyStyle id="3862784">
                <color>8000a5ff</color>
                <colorMode>normal</colorMode>
                <fill>1</fill>
                <outline>1</outline>
            </PolyStyle>
        </Style>
        <Style id="3862797">
            <LineStyle id="3862799">
                <color>ffffffff</color>
                <colorMode>normal</colorMode>
                <width>1</width>
            </LineStyle>
            <PolyStyle id="3862798">
                <color>8000a5ff</color>
                <colorMode>normal</colorMode>
                <fill>1</fill>
                <outline>1</outline>
            </PolyStyle>
        </Style>
        <Style id="3862811">
            <LineStyle id="3862813">
                <color>ffffffff</color>
                <colorMode>normal</colorMode>
                <width>1</width>
            </LineStyle>
            <PolyStyle id="3862812">
                <color>8000a5ff</color>
                <colorMode>normal</colorMode>
                <fill>1</fill>
                <outline>1</outline>
            </PolyStyle>
        </Style>
        <Style id="3862825">
            <LineStyle id="3862827">
                <color>ffffffff</color>
                <colorMode>normal</colorMode>
                <width>1</width>
            </LineStyle>
            <PolyStyle id="3862826">
                <color>8000a5ff</color>
                <colorMode>normal</colorMode>
                <fill>1</fill>
                <outline>1</outline>
            </PolyStyle>
        </Style>
        <Style id="3862839">
            <LineStyle id="3862841">
                <color>ffffffff</color>
                <colorMode>normal</colorMode>
                <width>1</width>
            </LineStyle>
            <PolyStyle id="3862840">
                <color>800000ff</color>
                <colorMode>normal</colorMode>
                <fill>1</fill>
                <outline>1</outline>
            </PolyStyle>
        </Style>
        <Style id="3862853">
            <LineStyle id="3862855">
                <color>ffffffff</color>
                <colorMode>normal</colorMode>
                <width>1</width>
            </LineStyle>
            <PolyStyle id="3862854">
                <color>8000a5ff</color>
                <colorMode>normal</colorMode>
                <fill>1</fill>
                <outline>1</outline>
            </PolyStyle>
        </Style>
        <Style id="3862867">
            <LineStyle id="3862869">
                <color>ffffffff</color>
                <colorMode>normal</colorMode>
                <width>1</width>
            </LineStyle>
            <PolyStyle id="3862868">
                <color>8000a5ff</color>
                <colorMode>normal</colorMode>
                <fill>1</fill>
                <outline>1</outline>
            </PolyStyle>
        </Style>
        <Style id="3862881">
            <LineStyle id="3862883">
                <color>ffffffff</color>
                <colorMode>normal</colorMode>
                <width>1</width>
            </LineStyle>
            <PolyStyle id="3862882">
                <color>8000a5ff</color>
                <colorMode>normal</colorMode>
                <fill>1</fill>
                <outline>1</outline>
            </PolyStyle>
        </Style>
        <Style id="3862895">
            <LineStyle id="3862897">
                <color>ffffffff</color>
                <colorMode>normal</colorMode>
                <width>1</width>
            </LineStyle>
            <PolyStyle id="3862896">
                <color>800000ff</color>
                <colorMode>normal</colorMode>
                <fill>1</fill>
                <outline>1</outline>
            </PolyStyle>
        </Style>
        <Style id="3862909">
            <LineStyle id="3862911">
                <color>ffffffff</color>
                <colorMode>normal</colorMode>
                <width>1</width>
            </LineStyle>
            <PolyStyle id="3862910">
                <color>8000a5ff</color>
                <colorMode>normal</colorMode>
                <fill>1</fill>
                <outline>1</outline>
            </PolyStyle>
        </Style>
        <Style id="3862923">
            <LineStyle id="3862925">
                <color>ffffffff</color>
                <colorMode>normal</colorMode>
                <width>1</width>
            </LineStyle>
            <PolyStyle id="3862924">
                <color>8000a5ff</color>
                <colorMode>normal</colorMode>
                <fill>1</fill>
                <outline>1</outline>
            </PolyStyle>
        </Style>
        <Style id="3862937">
            <LineStyle id="3862939">
                <color>ffffffff</color>
                <colorMode>normal</colorMode>
                <width>1</width>
            </LineStyle>
            <PolyStyle id="3862938">
                <color>8000a5ff</color>
                <colorMode>normal</colorMode>
                <fill>1</fill>
                <outline>1</outline>
            </PolyStyle>
        </Style>
        <Style id="3862951">
            <LineStyle id="3862953">
                <color>ffffffff</color>
                <colorMode>normal</colorMode>
                <width>1</width>
            </LineStyle>
            <PolyStyle id="3862952">
                <color>8000a5ff</color>
                <colorMode>normal</colorMode>
                <fill>1</fill>
                <outline>1</outline>
            </PolyStyle>
        </Style>
        <Style id="3862965">
            <LineStyle id="3862967">
                <color>ffffffff</color>
                <colorMode>normal</colorMode>
                <width>1</width>
            </LineStyle>
            <PolyStyle id="3862966">
                <color>8000a5ff</color>
                <colorMode>normal</colorMode>
                <fill>1</fill>
                <outline>1</outline>
            </PolyStyle>
        </Style>
        <Style id="3862979">
            <LineStyle id="3862981">
                <color>ffffffff</color>
                <colorMode>normal</colorMode>
                <width>1</width>
            </LineStyle>
            <PolyStyle id="3862980">
                <color>8000a5ff</color>
                <colorMode>normal</colorMode>
                <fill>1</fill>
                <outline>1</outline>
            </PolyStyle>
        </Style>
        <Style id="3862993">
            <LineStyle id="3862995">
                <color>ffffffff</color>
                <colorMode>normal</colorMode>
                <width>1</width>
            </LineStyle>
            <PolyStyle id="3862994">
                <color>8000a5ff</color>
                <colorMode>normal</colorMode>
                <fill>1</fill>
                <outline>1</outline>
            </PolyStyle>
        </Style>
        <Placemark id="3861882">
            <name>21206030014.0</name>
            <description>PIN: 21206030014.0&lt;br&gt;Wetland %: 0.00&lt;br&gt;Flood %: 100.00&lt;br&gt;Parcel area (m²): 3544.34</description>
            <styleUrl>#3861887</styleUrl>
            <ExtendedData>
                <Data name="PIN">
                    <value>21206030014.0</value>
                </Data>
                <Data name="Wetland_%">
                    <value>0.00</value>
                </Data>
                <Data name="Flood_%">
                    <value>100.00</value>
                </Data>
                <Data name="Parcel_area_m2">
                    <value>3544.34</value>
                </Data>
            </ExtendedData>
            <Polygon id="3861881">
                <outerBoundaryIs>
                    <LinearRing id="3861885">
                        <coordinates>-78.8867145366354,34.01352903363599,0.0 -78.88677291094011,34.013285994942066,0.0 -78.88771417209492,34.01341954440298,0.0 -78.88766324705045,34.01366281401277,0.0 -78.8867145366354,34.01352903363599,0.0</coordinates>
                    </LinearRing>
                </outerBoundaryIs>
            </Polygon>
        </Placemark>
        <Placemark id="3861896">
            <name>40015020019.0</name>
            <description>PIN: 40015020019.0&lt;br&gt;Wetland %: 0.00&lt;br&gt;Flood %: 100.00&lt;br&gt;Parcel area (m²): 1172.87</description>
            <styleUrl>#3861901</styleUrl>
            <ExtendedData>
                <Data name="PIN">
                    <value>40015020019.0</value>
                </Data>
                <Data name="Wetland_%">
                    <value>0.00</value>
                </Data>
                <Data name="Flood_%">
                    <value>100.00</value>
                </Data>
                <Data name="Parcel_area_m2">
                    <value>1172.87</value>
                </Data>
            </ExtendedData>
            <Polygon id="3861895">
                <outerBoundaryIs>
                    <LinearRing id="3861899">
                        <coordinates>-78.99922990609433,33.759110881265045,0.0 -78.99957004396154,33.758831382751495,0.0 -78.99970851251392,33.758948942130466,0.0 -78.99940703087661,33.75919667544722,0.0 -78.9993683735524,33.75922844100099,0.0 -78.99922990609433,33.759110881265045,0.0</coordinates>
                    </LinearRing>
                </outerBoundaryIs>
            </Polygon>
        </Placemark>
        <Placemark id="3861910">
            <name>23509030008.0</name>
            <description>PIN: 23509030008.0&lt;br&gt;Wetland %: 0.00&lt;br&gt;Flood %: 100.00&lt;br&gt;Parcel area (m²): 4516.51</description>
            <styleUrl>#3861915</styleUrl>
            <ExtendedData>
                <Data name="PIN">
                    <value>23509030008.0</value>
                </Data>
                <Data name="Wetland_%">
                    <value>0.00</value>
                </Data>
                <Data name="Flood_%">
                    <value>100.00</value>
                </Data>
                <Data name="Parcel_area_m2">
                    <value>4516.51</value>
                </Data>
            </ExtendedData>
            <Polygon id="3861909">
                <outerBoundaryIs>
                    <LinearRing id="3861913">
                        <coordinates>-79.20362630038088,33.98357362929055,0.0 -79.2036905219437,33.983294249438536,0.0 -79.2036935934775,33.98324168311723,0.0 -79.20369416978609,33.983189058116395,0.0 -79.20447645769215,33.983317637751334,0.0 -79.20438624235203,33.98369853729253,0.0 -79.20362630038088,33.98357362929055,0.0</coordinates>
                    </LinearRing>
                </outerBoundaryIs>
            </Polygon>
        </Placemark>
        <Placemark id="3861924">
            <name>40015020015.0</name>
            <description>PIN: 40015020015.0&lt;br&gt;Wetland %: 17.31&lt;br&gt;Flood %: 100.00&lt;br&gt;Parcel area (m²): 1260.89</description>
            <styleUrl>#3861929</styleUrl>
            <ExtendedData>
                <Data name="PIN">
                    <value>40015020015.0</value>
                </Data>
                <Data name="Wetland_%">
                    <value>17.31</value>
                </Data>
                <Data name="Flood_%">
                    <value>100.00</value>
                </Data>
                <Data name="Parcel_area_m2">
                    <value>1260.89</value>
                </Data>
            </ExtendedData>
            <Polygon id="3861923">
                <outerBoundaryIs>
                    <LinearRing id="3861927">
                        <coordinates>-78.99980193269603,33.75968174152085,0.0 -78.99977043207188,33.75963659257367,0.0 -78.99973729150895,33.75959227031985,0.0 -79.00014034565403,33.75937478166192,0.0 -79.00025808437763,33.75954360687057,0.0 -79.00025806565151,33.759543622802504,0.0 -78.99983273375338,33.7597291682234,0.0 -78.99980193269603,33.75968174152085,0.0</coordinates>
                    </LinearRing>
                </outerBoundaryIs>
            </Polygon>
        </Placemark>
        <Placemark id="3861938">
            <name>40014010018.0</name>
            <description>PIN: 40014010018.0&lt;br&gt;Wetland %: 25.10&lt;br&gt;Flood %: 100.00&lt;br&gt;Parcel area (m²): 1259.04</description>
            <styleUrl>#3861943</styleUrl>
            <ExtendedData>
                <Data name="PIN">
                    <value>40014010018.0</value>
                </Data>
                <Data name="Wetland_%">
                    <value>25.10</value>
                </Data>
                <Data name="Flood_%">
                    <value>100.00</value>
                </Data>
                <Data name="Parcel_area_m2">
                    <value>1259.04</value>
                </Data>
            </ExtendedData>
            <Polygon id="3861937">
                <outerBoundaryIs>
                    <LinearRing id="3861941">
                        <coordinates>-78.9982593152207,33.75906871126339,0.0 -78.99815757889867,33.759010625611786,0.0 -78.99839349384114,33.75866614789368,0.0 -78.99844713530275,33.75869298115398,0.0 -78.99849944970315,33.75872158413593,0.0 -78.99855035385407,33.75875191220309,0.0 -78.99859976359186,33.75878391619384,0.0 -78.99830114946916,33.759092595465255,0.0 -78.9982593152207,33.75906871126339,0.0</coordinates>
                    </LinearRing>
                </outerBoundaryIs>
            </Polygon>
        </Placemark>
        <Placemark id="3861952">
            <name>40011040054.0</name>
            <description>PIN: 40011040054.0&lt;br&gt;Wetland %: 18.58&lt;br&gt;Flood %: 100.00&lt;br&gt;Parcel area (m²): 1300.74</description>
            <styleUrl>#3861957</styleUrl>
            <ExtendedData>
                <Data name="PIN">
                    <value>40011040054.0</value>
                </Data>
                <Data name="Wetland_%">
                    <value>18.58</value>
                </Data>
                <Data name="Flood_%">
                    <value>100.00</value>
                </Data>
                <Data name="Parcel_area_m2">
                    <value>1300.74</value>
                </Data>
            </ExtendedData>
            <Polygon id="3861951">
                <outerBoundaryIs>
                    <LinearRing id="3861955">
                        <coordinates>-78.99605364980752,33.76174780422917,0.0 -78.99641983670307,33.7614953517897,0.0 -78.99654749585793,33.76160608071284,0.0 -78.99622919137025,33.76190096334733,0.0 -78.99618280657262,33.76186472150892,0.0 -78.99613804816876,33.76182708005762,0.0 -78.99609497543535,33.7617880904629,0.0 -78.99605364980752,33.76174780422917,0.0</coordinates>
                    </LinearRing>
                </outerBoundaryIs>
            </Polygon>
        </Placemark>
        <Placemark id="3861966">
            <name>40011040071.0</name>
            <description>PIN: 40011040071.0&lt;br&gt;Wetland %: 99.38&lt;br&gt;Flood %: 100.00&lt;br&gt;Parcel area (m²): 1172.96</description>
            <styleUrl>#3861971</styleUrl>
            <ExtendedData>
                <Data name="PIN">
                    <value>40011040071.0</value>
                </Data>
                <Data name="Wetland_%">
                    <value>99.38</value>
                </Data>
                <Data name="Flood_%">
                    <value>100.00</value>
                </Data>
                <Data name="Parcel_area_m2">
                    <value>1172.96</value>
                </Data>
            </ExtendedData>
            <Polygon id="3861965">
                <outerBoundaryIs>
                    <LinearRing id="3861969">
                        <coordinates>-78.9955406961926,33.7606458522652,0.0 -78.9955660588967,33.76062834381428,0.0 -78.99569295399715,33.76054086233173,0.0 -78.99599671446802,33.76084823595201,0.0 -78.99584444165086,33.76095321428775,0.0 -78.99565275232011,33.760759242575894,0.0 -78.9955406961926,33.7606458522652,0.0</coordinates>
                    </LinearRing>
                </outerBoundaryIs>
            </Polygon>
        </Placemark>
        <Placemark id="3861980">
            <name>40014010015.0</name>
            <description>PIN: 40014010015.0&lt;br&gt;Wetland %: 0.00&lt;br&gt;Flood %: 100.00&lt;br&gt;Parcel area (m²): 1349.74</description>
            <styleUrl>#3861985</styleUrl>
            <ExtendedData>
                <Data name="PIN">
                    <value>40014010015.0</value>
                </Data>
                <Data name="Wetland_%">
                    <value>0.00</value>
                </Data>
                <Data name="Flood_%">
                    <value>100.00</value>
                </Data>
                <Data name="Parcel_area_m2">
                    <value>1349.74</value>
                </Data>
            </ExtendedData>
            <Polygon id="3861979">
                <outerBoundaryIs>
                    <LinearRing id="3861983">
                        <coordinates>-78.99766110787819,33.75849434970608,0.0 -78.99771468859545,33.75849637135899,0.0 -78.99776815598035,33.75849992712606,0.0 -78.99782144533435,33.75850501325469,0.0 -78.99787449418028,33.75851162332231,0.0 -78.99792724008273,33.75851974910358,0.0 -78.99783305239416,33.75890872780038,0.0 -78.99764784730579,33.75889014518805,0.0 -78.99766110787819,33.75849434970608,0.0</coordinates>
                    </LinearRing>
                </outerBoundaryIs>
            </Polygon>
        </Placemark>
        <Placemark id="3861994">
            <name>40014010016.0</name>
            <description>PIN: 40014010016.0&lt;br&gt;Wetland %: 0.00&lt;br&gt;Flood %: 100.00&lt;br&gt;Parcel area (m²): 1259.03</description>
            <styleUrl>#3861999</styleUrl>
            <ExtendedData>
                <Data name="PIN">
                    <value>40014010016.0</value>
                </Data>
                <Data name="Wetland_%">
                    <value>0.00</value>
                </Data>
                <Data name="Flood_%">
                    <value>100.00</value>
                </Data>
                <Data name="Parcel_area_m2">
                    <value>1259.03</value>
                </Data>
            </ExtendedData>
            <Polygon id="3861993">
                <outerBoundaryIs>
                    <LinearRing id="3861997">
                        <coordinates>-78.99783305239416,33.75890872780038,0.0 -78.99792724008273,33.75851974910358,0.0 -78.99798826511103,33.758531124073706,0.0 -78.99804869669543,33.75854452865397,0.0 -78.99810843817443,33.758559940536806,0.0 -78.9981673929072,33.75857733651329,0.0 -78.99800020648587,33.75894881024569,0.0 -78.99783305239416,33.75890872780038,0.0</coordinates>
                    </LinearRing>
                </outerBoundaryIs>
            </Polygon>
        </Placemark>
        <Placemark id="3862008">
            <name>40011040081.0</name>
            <description>PIN: 40011040081.0&lt;br&gt;Wetland %: 50.68&lt;br&gt;Flood %: 100.00&lt;br&gt;Parcel area (m²): 1268.61</description>
            <styleUrl>#3862013</styleUrl>
            <ExtendedData>
                <Data name="PIN">
                    <value>40011040081.0</value>
                </Data>
                <Data name="Wetland_%">
                    <value>50.68</value>
                </Data>
                <Data name="Flood_%">
                    <value>100.00</value>
                </Data>
                <Data name="Parcel_area_m2">
                    <value>1268.61</value>
                </Data>
            </ExtendedData>
            <Polygon id="3862007">
                <outerBoundaryIs>
                    <LinearRing id="3862011">
                        <coordinates>-78.99572437562352,33.76224340266113,0.0 -78.99572635413753,33.762241719259606,0.0 -78.99606067717052,33.761957197057164,0.0 -78.99610640196406,33.76199344809299,0.0 -78.99615354764359,33.76202840712398,0.0 -78.9962020611155,33.76206203540798,0.0 -78.9960248457788,33.76224655445095,0.0 -78.99590163462307,33.76237484293162,0.0 -78.99572437562352,33.76224340266113,0.0</coordinates>
                    </LinearRing>
                </outerBoundaryIs>
            </Polygon>
        </Placemark>
        <Placemark id="3862022">
            <name>40014010030.0</name>
            <description>PIN: 40014010030.0&lt;br&gt;Wetland %: 0.00&lt;br&gt;Flood %: 100.00&lt;br&gt;Parcel area (m²): 1260.36</description>
            <styleUrl>#3862027</styleUrl>
            <ExtendedData>
                <Data name="PIN">
                    <value>40014010030.0</value>
                </Data>
                <Data name="Wetland_%">
                    <value>0.00</value>
                </Data>
                <Data name="Flood_%">
                    <value>100.00</value>
                </Data>
                <Data name="Parcel_area_m2">
                    <value>1260.36</value>
                </Data>
            </ExtendedData>
            <Polygon id="3862021">
                <outerBoundaryIs>
                    <LinearRing id="3862025">
                        <coordinates>-78.99856858359833,33.75956643782593,0.0 -78.9987198889968,33.75944210968586,0.0 -78.99889297315853,33.759589060711534,0.0 -78.99903021146405,33.75970557634698,0.0 -78.99905287359572,33.759727566424615,0.0 -78.9989032149508,33.75985054256459,0.0 -78.99856858359833,33.75956643782593,0.0</coordinates>
                    </LinearRing>
                </outerBoundaryIs>
            </Polygon>
        </Placemark>
        <Placemark id="3862036">
            <name>40014010010.0</name>
            <description>PIN: 40014010010.0&lt;br&gt;Wetland %: 0.00&lt;br&gt;Flood %: 100.00&lt;br&gt;Parcel area (m²): 1172.85</description>
            <styleUrl>#3862041</styleUrl>
            <ExtendedData>
                <Data name="PIN">
                    <value>40014010010.0</value>
                </Data>
                <Data name="Wetland_%">
                    <value>0.00</value>
                </Data>
                <Data name="Flood_%">
                    <value>100.00</value>
                </Data>
                <Data name="Parcel_area_m2">
                    <value>1172.85</value>
                </Data>
            </ExtendedData>
            <Polygon id="3862035">
                <outerBoundaryIs>
                    <LinearRing id="3862039">
                        <coordinates>-78.99714390147477,33.75834477554122,0.0 -78.99715725132306,33.757946392065556,0.0 -78.9973546119417,33.75795100664406,0.0 -78.99734126408295,33.758349390158145,0.0 -78.99714390147477,33.75834477554122,0.0</coordinates>
                    </LinearRing>
                </outerBoundaryIs>
            </Polygon>
        </Placemark>
        <Placemark id="3862050">
            <name>31102020138.0</name>
            <description>PIN: 31102020138.0&lt;br&gt;Wetland %: 0.00&lt;br&gt;Flood %: 100.00&lt;br&gt;Parcel area (m²): 4324.06</description>
            <styleUrl>#3862055</styleUrl>
            <ExtendedData>
                <Data name="PIN">
                    <value>31102020138.0</value>
                </Data>
                <Data name="Wetland_%">
                    <value>0.00</value>
                </Data>
                <Data name="Flood_%">
                    <value>100.00</value>
                </Data>
                <Data name="Parcel_area_m2">
                    <value>4324.06</value>
                </Data>
            </ExtendedData>
            <Polygon id="3862049">
                <outerBoundaryIs>
                    <LinearRing id="3862053">
                        <coordinates>-78.60217649661578,33.88065490691507,0.0 -78.60301256759813,33.88023104127929,0.0 -78.60323611184477,33.880488373792396,0.0 -78.60252477155461,33.880806855657575,0.0 -78.6023617874334,33.88088066581183,0.0 -78.60217649661578,33.88065490691507,0.0</coordinates>
                    </LinearRing>
                </outerBoundaryIs>
            </Polygon>
        </Placemark>
        <Placemark id="3862064">
            <name>40011040062.0</name>
            <description>PIN: 40011040062.0&lt;br&gt;Wetland %: 0.00&lt;br&gt;Flood %: 100.00&lt;br&gt;Parcel area (m²): 1212.21</description>
            <styleUrl>#3862069</styleUrl>
            <ExtendedData>
                <Data name="PIN">
                    <value>40011040062.0</value>
                </Data>
                <Data name="Wetland_%">
                    <value>0.00</value>
                </Data>
                <Data name="Flood_%">
                    <value>100.00</value>
                </Data>
                <Data name="Parcel_area_m2">
                    <value>1212.21</value>
                </Data>
            </ExtendedData>
            <Polygon id="3862063">
                <outerBoundaryIs>
                    <LinearRing id="3862067">
                        <coordinates>-78.99676546753162,33.760553737816494,0.0 -78.99681345022397,33.76053186028723,0.0 -78.99686187159607,33.76051066808697,0.0 -78.99695348790122,33.76047139992985,0.0 -78.9971713435094,33.76082597704292,0.0 -78.99699688809724,33.76090075220592,0.0 -78.99676546753162,33.760553737816494,0.0</coordinates>
                    </LinearRing>
                </outerBoundaryIs>
            </Polygon>
        </Placemark>
        <Placemark id="3862078">
            <name>40011040049.0</name>
            <description>PIN: 40011040049.0&lt;br&gt;Wetland %: 9.17&lt;br&gt;Flood %: 100.00&lt;br&gt;Parcel area (m²): 1247.53</description>
            <styleUrl>#3862083</styleUrl>
            <ExtendedData>
                <Data name="PIN">
                    <value>40011040049.0</value>
                </Data>
                <Data name="Wetland_%">
                    <value>9.17</value>
                </Data>
                <Data name="Flood_%">
                    <value>100.00</value>
                </Data>
                <Data name="Parcel_area_m2">
                    <value>1247.53</value>
                </Data>
            </ExtendedData>
            <Polygon id="3862077">
                <outerBoundaryIs>
                    <LinearRing id="3862081">
                        <coordinates>-78.99720812722188,33.762264550660866,0.0 -78.99725707545684,33.76186962356169,0.0 -78.99742331911298,33.7618753684475,0.0 -78.99743364705118,33.761874427157885,0.0 -78.99743364902181,33.76187443530706,0.0 -78.99745172294732,33.76227117334771,0.0 -78.99739516441717,33.76227219700743,0.0 -78.99733859752718,33.76227167281037,0.0 -78.99728208054975,33.76226960260165,0.0 -78.99722567499572,33.76226598827891,0.0 -78.99720812722188,33.762264550660866,0.0</coordinates>
                    </LinearRing>
                </outerBoundaryIs>
            </Polygon>
        </Placemark>
        <Placemark id="3862092">
            <name>40014010041.0</name>
            <description>PIN: 40014010041.0&lt;br&gt;Wetland %: 100.00&lt;br&gt;Flood %: 100.00&lt;br&gt;Parcel area (m²): 1266.26</description>
            <styleUrl>#3862097</styleUrl>
            <ExtendedData>
                <Data name="PIN">
                    <value>40014010041.0</value>
                </Data>
                <Data name="Wetland_%">
                    <value>100.00</value>
                </Data>
                <Data name="Flood_%">
                    <value>100.00</value>
                </Data>
                <Data name="Parcel_area_m2">
                    <value>1266.26</value>
                </Data>
            </ExtendedData>
            <Polygon id="3862091">
                <outerBoundaryIs>
                    <LinearRing id="3862095">
                        <coordinates>-78.99660337951899,33.760017793781856,0.0 -78.99676393229909,33.759950208766604,0.0 -78.99679339585337,33.75993758002265,0.0 -78.9968513040187,33.76003183039283,0.0 -78.99701125883675,33.7602921720361,0.0 -78.99682184022572,33.76037335996538,0.0 -78.99660959868241,33.76002791663707,0.0 -78.99660337951899,33.760017793781856,0.0</coordinates>
                    </LinearRing>
                </outerBoundaryIs>
            </Polygon>
        </Placemark>
        <Placemark id="3862106">
            <name>40011040074.0</name>
            <description>PIN: 40011040074.0&lt;br&gt;Wetland %: 100.00&lt;br&gt;Flood %: 100.00&lt;br&gt;Parcel area (m²): 1172.93</description>
            <styleUrl>#3862111</styleUrl>
            <ExtendedData>
                <Data name="PIN">
                    <value>40011040074.0</value>
                </Data>
                <Data name="Wetland_%">
                    <value>100.00</value>
                </Data>
                <Data name="Flood_%">
                    <value>100.00</value>
                </Data>
                <Data name="Parcel_area_m2">
                    <value>1172.93</value>
                </Data>
            </ExtendedData>
            <Polygon id="3862105">
                <outerBoundaryIs>
                    <LinearRing id="3862109">
                        <coordinates>-78.99481063152956,33.76133195184169,0.0 -78.9951786298975,33.76107825706836,0.0 -78.99530431728881,33.761205441582256,0.0 -78.99493631982754,33.76145913674082,0.0 -78.99481063152956,33.76133195184169,0.0</coordinates>
                    </LinearRing>
                </outerBoundaryIs>
            </Polygon>
        </Placemark>
        <Placemark id="3862120">
            <name>40014010025.0</name>
            <description>PIN: 40014010025.0&lt;br&gt;Wetland %: 69.47&lt;br&gt;Flood %: 100.00&lt;br&gt;Parcel area (m²): 1209.79</description>
            <styleUrl>#3862125</styleUrl>
            <ExtendedData>
                <Data name="PIN">
                    <value>40014010025.0</value>
                </Data>
                <Data name="Wetland_%">
                    <value>69.47</value>
                </Data>
                <Data name="Flood_%">
                    <value>100.00</value>
                </Data>
                <Data name="Parcel_area_m2">
                    <value>1209.79</value>
                </Data>
            </ExtendedData>
            <Polygon id="3862119">
                <outerBoundaryIs>
                    <LinearRing id="3862123">
                        <coordinates>-78.99751968248542,33.75961357784418,0.0 -78.99767308335531,33.75952378335332,0.0 -78.99787647423545,33.75974931914663,0.0 -78.99795961485238,33.75984151236968,0.0 -78.99790053478712,33.759877803828374,0.0 -78.99784047786552,33.75991295926494,0.0 -78.9977794747936,33.75994695843077,0.0 -78.99751968248542,33.75961357784418,0.0</coordinates>
                    </LinearRing>
                </outerBoundaryIs>
            </Polygon>
        </Placemark>
        <Placemark id="3862134">
            <name>21206030013.0</name>
            <description>PIN: 21206030013.0&lt;br&gt;Wetland %: 27.03&lt;br&gt;Flood %: 100.00&lt;br&gt;Parcel area (m²): 3568.23</description>
            <styleUrl>#3862139</styleUrl>
            <ExtendedData>
                <Data name="PIN">
                    <value>21206030013.0</value>
                </Data>
                <Data name="Wetland_%">
                    <value>27.03</value>
                </Data>
                <Data name="Flood_%">
                    <value>100.00</value>
                </Data>
                <Data name="Parcel_area_m2">
                    <value>3568.23</value>
                </Data>
            </ExtendedData>
            <Polygon id="3862133">
                <outerBoundaryIs>
                    <LinearRing id="3862137">
                        <coordinates>-78.8866561619788,34.01377207318821,0.0 -78.8867145366354,34.01352903363599,0.0 -78.88766324705045,34.01366281401277,0.0 -78.88764357849647,34.01375677064971,0.0 -78.88762685556871,34.013831278614916,0.0 -78.88760882731094,34.01390557586128,0.0 -78.8866561619788,34.01377207318821,0.0</coordinates>
                    </LinearRing>
                </outerBoundaryIs>
            </Polygon>
        </Placemark>
        <Placemark id="3862148">
            <name>40011040077.0</name>
            <description>PIN: 40011040077.0&lt;br&gt;Wetland %: 87.00&lt;br&gt;Flood %: 100.00&lt;br&gt;Parcel area (m²): 1172.94</description>
            <styleUrl>#3862153</styleUrl>
            <ExtendedData>
                <Data name="PIN">
                    <value>40011040077.0</value>
                </Data>
                <Data name="Wetland_%">
                    <value>87.00</value>
                </Data>
                <Data name="Flood_%">
                    <value>100.00</value>
                </Data>
                <Data name="Parcel_area_m2">
                    <value>1172.94</value>
                </Data>
            </ExtendedData>
            <Polygon id="3862147">
                <outerBoundaryIs>
                    <LinearRing id="3862151">
                        <coordinates>-78.99518769535484,33.76171350701323,0.0 -78.99555569316176,33.76145981111941,0.0 -78.99568138272276,33.761586996160105,0.0 -78.99563275066852,33.761620522773825,0.0 -78.99531338368452,33.76184069150255,0.0 -78.99518769535484,33.76171350701323,0.0</coordinates>
                    </LinearRing>
                </outerBoundaryIs>
            </Polygon>
        </Placemark>
        <Placemark id="3862162">
            <name>40011040070.0</name>
            <description>PIN: 40011040070.0&lt;br&gt;Wetland %: 98.39&lt;br&gt;Flood %: 100.00&lt;br&gt;Parcel area (m²): 1172.97</description>
            <styleUrl>#3862167</styleUrl>
            <ExtendedData>
                <Data name="PIN">
                    <value>40011040070.0</value>
                </Data>
                <Data name="Wetland_%">
                    <value>98.39</value>
                </Data>
                <Data name="Flood_%">
                    <value>100.00</value>
                </Data>
                <Data name="Parcel_area_m2">
                    <value>1172.97</value>
                </Data>
            </ExtendedData>
            <Polygon id="3862161">
                <outerBoundaryIs>
                    <LinearRing id="3862165">
                        <coordinates>-78.99569295399715,33.76054086233173,0.0 -78.99584522627114,33.76043588417423,0.0 -78.99614898797336,33.76074325834587,0.0 -78.99599671446802,33.76084823595201,0.0 -78.99569295399715,33.76054086233173,0.0</coordinates>
                    </LinearRing>
                </outerBoundaryIs>
            </Polygon>
        </Placemark>
        <Placemark id="3862176">
            <name>40014010038.0</name>
            <description>PIN: 40014010038.0&lt;br&gt;Wetland %: 100.00&lt;br&gt;Flood %: 100.00&lt;br&gt;Parcel area (m²): 1299.70</description>
            <styleUrl>#3862181</styleUrl>
            <ExtendedData>
                <Data name="PIN">
                    <value>40014010038.0</value>
                </Data>
                <Data name="Wetland_%">
                    <value>100.00</value>
                </Data>
                <Data name="Flood_%">
                    <value>100.00</value>
                </Data>
                <Data name="Parcel_area_m2">
                    <value>1299.70</value>
                </Data>
            </ExtendedData>
            <Polygon id="3862175">
                <outerBoundaryIs>
                    <LinearRing id="3862179">
                        <coordinates>-78.99717223088109,33.75977520304497,0.0 -78.997188450273,33.75976825114933,0.0 -78.99735927889067,33.75969437938191,0.0 -78.99759112282078,33.760041858645984,0.0 -78.99754285992303,33.76006387263556,0.0 -78.99749415202646,33.760085192140146,0.0 -78.99739009501083,33.76012979440233,0.0 -78.99733471259822,33.76003965645296,0.0 -78.99717223088109,33.75977520304497,0.0</coordinates>
                    </LinearRing>
                </outerBoundaryIs>
            </Polygon>
        </Placemark>
        <Placemark id="3862190">
            <name>40011040066.0</name>
            <description>PIN: 40011040066.0&lt;br&gt;Wetland %: 61.02&lt;br&gt;Flood %: 100.00&lt;br&gt;Parcel area (m²): 1286.30</description>
            <styleUrl>#3862195</styleUrl>
            <ExtendedData>
                <Data name="PIN">
                    <value>40011040066.0</value>
                </Data>
                <Data name="Wetland_%">
                    <value>61.02</value>
                </Data>
                <Data name="Flood_%">
                    <value>100.00</value>
                </Data>
                <Data name="Parcel_area_m2">
                    <value>1286.30</value>
                </Data>
            </ExtendedData>
            <Polygon id="3862189">
                <outerBoundaryIs>
                    <LinearRing id="3862193">
                        <coordinates>-78.99751267071682,33.760231722118625,0.0 -78.99756927464405,33.76020746026855,0.0 -78.99763227662147,33.76017975018085,0.0 -78.99769456340273,33.760150936260416,0.0 -78.99788483759824,33.76043086108333,0.0 -78.99793184010863,33.760500009849835,0.0 -78.99773052693763,33.760586298245826,0.0 -78.99751267071682,33.760231722118625,0.0</coordinates>
                    </LinearRing>
                </outerBoundaryIs>
            </Polygon>
        </Placemark>
        <Placemark id="3862204">
            <name>40011040059.0</name>
            <description>PIN: 40011040059.0&lt;br&gt;Wetland %: 0.00&lt;br&gt;Flood %: 100.00&lt;br&gt;Parcel area (m²): 1172.92</description>
            <styleUrl>#3862209</styleUrl>
            <ExtendedData>
                <Data name="PIN">
                    <value>40011040059.0</value>
                </Data>
                <Data name="Wetland_%">
                    <value>0.00</value>
                </Data>
                <Data name="Flood_%">
                    <value>100.00</value>
                </Data>
                <Data name="Parcel_area_m2">
                    <value>1172.92</value>
                </Data>
            </ExtendedData>
            <Polygon id="3862203">
                <outerBoundaryIs>
                    <LinearRing id="3862207">
                        <coordinates>-78.99610145571546,33.760954223437494,0.0 -78.99625372822192,33.76084924478551,0.0 -78.99655747587632,33.76115660412673,0.0 -78.99640520317621,33.76126158404795,0.0 -78.99610145571546,33.760954223437494,0.0</coordinates>
                    </LinearRing>
                </outerBoundaryIs>
            </Polygon>
        </Placemark>
        <Placemark id="3862218">
            <name>40014010029.0</name>
            <description>PIN: 40014010029.0&lt;br&gt;Wetland %: 0.00&lt;br&gt;Flood %: 100.00&lt;br&gt;Parcel area (m²): 1172.89</description>
            <styleUrl>#3862223</styleUrl>
            <ExtendedData>
                <Data name="PIN">
                    <value>40014010029.0</value>
                </Data>
                <Data name="Wetland_%">
                    <value>0.00</value>
                </Data>
                <Data name="Flood_%">
                    <value>100.00</value>
                </Data>
                <Data name="Parcel_area_m2">
                    <value>1172.89</value>
                </Data>
            </ExtendedData>
            <Polygon id="3862217">
                <outerBoundaryIs>
                    <LinearRing id="3862221">
                        <coordinates>-78.9984278344542,33.75968209053191,0.0 -78.99856858359833,33.75956643782593,0.0 -78.9989032149508,33.75985054256459,0.0 -78.99876246685021,33.75996619656394,0.0 -78.9984278344542,33.75968209053191,0.0</coordinates>
                    </LinearRing>
                </outerBoundaryIs>
            </Polygon>
        </Placemark>
        <Placemark id="3862232">
            <name>40011040082.0</name>
            <description>PIN: 40011040082.0&lt;br&gt;Wetland %: 85.49&lt;br&gt;Flood %: 100.00&lt;br&gt;Parcel area (m²): 1268.61</description>
            <styleUrl>#3862237</styleUrl>
            <ExtendedData>
                <Data name="PIN">
                    <value>40011040082.0</value>
                </Data>
                <Data name="Wetland_%">
                    <value>85.49</value>
                </Data>
                <Data name="Flood_%">
                    <value>100.00</value>
                </Data>
                <Data name="Parcel_area_m2">
                    <value>1268.61</value>
                </Data>
            </ExtendedData>
            <Polygon id="3862231">
                <outerBoundaryIs>
                    <LinearRing id="3862235">
                        <coordinates>-78.99590163462307,33.76237484293162,0.0 -78.9960248457788,33.76224655445095,0.0 -78.9962020611155,33.76206203540798,0.0 -78.9962518892649,33.76209429510446,0.0 -78.99630297677581,33.76212515014102,0.0 -78.99635526613142,33.76215456621366,0.0 -78.99628050055743,33.76225069516579,0.0 -78.99609371389305,33.76249085300959,0.0 -78.99590163462307,33.76237484293162,0.0</coordinates>
                    </LinearRing>
                </outerBoundaryIs>
            </Polygon>
        </Placemark>
        <Placemark id="3862246">
            <name>40011040063.0</name>
            <description>PIN: 40011040063.0&lt;br&gt;Wetland %: 11.51&lt;br&gt;Flood %: 100.00&lt;br&gt;Parcel area (m²): 1244.56</description>
            <styleUrl>#3862251</styleUrl>
            <ExtendedData>
                <Data name="PIN">
                    <value>40011040063.0</value>
                </Data>
                <Data name="Wetland_%">
                    <value>11.51</value>
                </Data>
                <Data name="Flood_%">
                    <value>100.00</value>
                </Data>
                <Data name="Parcel_area_m2">
                    <value>1244.56</value>
                </Data>
            </ExtendedData>
            <Polygon id="3862245">
                <outerBoundaryIs>
                    <LinearRing id="3862249">
                        <coordinates>-78.99695348790122,33.76047139992985,0.0 -78.99713988215832,33.760391507602286,0.0 -78.99735773833052,33.76074608439257,0.0 -78.9971713435094,33.76082597704292,0.0 -78.99695348790122,33.76047139992985,0.0</coordinates>
                    </LinearRing>
                </outerBoundaryIs>
            </Polygon>
        </Placemark>
        <Placemark id="3862260">
            <name>40015020018.0</name>
            <description>PIN: 40015020018.0&lt;br&gt;Wetland %: 0.00&lt;br&gt;Flood %: 100.00&lt;br&gt;Parcel area (m²): 1194.97</description>
            <styleUrl>#3862265</styleUrl>
            <ExtendedData>
                <Data name="PIN">
                    <value>40015020018.0</value>
                </Data>
                <Data name="Wetland_%">
                    <value>0.00</value>
                </Data>
                <Data name="Flood_%">
                    <value>100.00</value>
                </Data>
                <Data name="Parcel_area_m2">
                    <value>1194.97</value>
                </Data>
            </ExtendedData>
            <Polygon id="3862259">
                <outerBoundaryIs>
                    <LinearRing id="3862263">
                        <coordinates>-78.9993683735524,33.75922844100099,0.0 -78.99940703087661,33.75919667544722,0.0 -78.99970851251392,33.758948942130466,0.0 -78.99985427375094,33.75907012230801,0.0 -78.99967095649252,33.759214661261815,0.0 -78.9995053363607,33.75934524478546,0.0 -78.99947587258805,33.759319707585945,0.0 -78.9993683735524,33.75922844100099,0.0</coordinates>
                    </LinearRing>
                </outerBoundaryIs>
            </Polygon>
        </Placemark>
        <Placemark id="3862274">
            <name>40011040086.0</name>
            <description>PIN: 40011040086.0&lt;br&gt;Wetland %: 24.75&lt;br&gt;Flood %: 100.00&lt;br&gt;Parcel area (m²): 1268.62</description>
            <styleUrl>#3862279</styleUrl>
            <ExtendedData>
                <Data name="PIN">
                    <value>40011040086.0</value>
                </Data>
                <Data name="Wetland_%">
                    <value>24.75</value>
                </Data>
                <Data name="Flood_%">
                    <value>100.00</value>
                </Data>
                <Data name="Parcel_area_m2">
                    <value>1268.62</value>
                </Data>
            </ExtendedData>
            <Polygon id="3862273">
                <outerBoundaryIs>
                    <LinearRing id="3862277">
                        <coordinates>-78.99673907142095,33.76273555275933,0.0 -78.99687001133081,33.7623497432594,0.0 -78.99693094393695,33.762363257462376,0.0 -78.99699238255685,33.762375069785776,0.0 -78.9970542573574,33.76238516466769,0.0 -78.9969700695763,33.76277996309248,0.0 -78.99673907142095,33.76273555275933,0.0</coordinates>
                    </LinearRing>
                </outerBoundaryIs>
            </Polygon>
        </Placemark>
        <Placemark id="3862288">
            <name>40014010006.0</name>
            <description>PIN: 40014010006.0&lt;br&gt;Wetland %: 0.00&lt;br&gt;Flood %: 100.00&lt;br&gt;Parcel area (m²): 1277.23</description>
            <styleUrl>#3862293</styleUrl>
            <ExtendedData>
                <Data name="PIN">
                    <value>40014010006.0</value>
                </Data>
                <Data name="Wetland_%">
                    <value>0.00</value>
                </Data>
                <Data name="Flood_%">
                    <value>100.00</value>
                </Data>
                <Data name="Parcel_area_m2">
                    <value>1277.23</value>
                </Data>
            </ExtendedData>
            <Polygon id="3862287">
                <outerBoundaryIs>
                    <LinearRing id="3862291">
                        <coordinates>-78.99799653884995,33.75839159367892,0.0 -78.99810197577756,33.75800009742137,0.0 -78.99833351834536,33.75805482952387,0.0 -78.99817770265244,33.758434417168225,0.0 -78.9981179492641,33.75841831154725,0.0 -78.99805753484529,33.75840403060972,0.0 -78.99799653884995,33.75839159367892,0.0</coordinates>
                    </LinearRing>
                </outerBoundaryIs>
            </Polygon>
        </Placemark>
        <Placemark id="3862302">
            <name>40014010005.0</name>
            <description>PIN: 40014010005.0&lt;br&gt;Wetland %: 0.00&lt;br&gt;Flood %: 100.00&lt;br&gt;Parcel area (m²): 1277.23</description>
            <styleUrl>#3862307</styleUrl>
            <ExtendedData>
                <Data name="PIN">
                    <value>40014010005.0</value>
                </Data>
                <Data name="Wetland_%">
                    <value>0.00</value>
                </Data>
                <Data name="Flood_%">
                    <value>100.00</value>
                </Data>
                <Data name="Parcel_area_m2">
                    <value>1277.23</value>
                </Data>
            </ExtendedData>
            <Polygon id="3862301">
                <outerBoundaryIs>
                    <LinearRing id="3862305">
                        <coordinates>-78.99817770265244,33.758434417168225,0.0 -78.99833351834536,33.75805482952387,0.0 -78.9985565556339,33.75813028141684,0.0 -78.99835221158388,33.758493452075946,0.0 -78.99829491099305,33.758472011679274,0.0 -78.99823671563969,33.75845232454317,0.0 -78.99817770265244,33.758434417168225,0.0</coordinates>
                    </LinearRing>
                </outerBoundaryIs>
            </Polygon>
        </Placemark>
        <Placemark id="3862316">
            <name>40014010031.0</name>
            <description>PIN: 40014010031.0&lt;br&gt;Wetland %: 0.00&lt;br&gt;Flood %: 100.00&lt;br&gt;Parcel area (m²): 1447.68</description>
            <styleUrl>#3862321</styleUrl>
            <ExtendedData>
                <Data name="PIN">
                    <value>40014010031.0</value>
                </Data>
                <Data name="Wetland_%">
                    <value>0.00</value>
                </Data>
                <Data name="Flood_%">
                    <value>100.00</value>
                </Data>
                <Data name="Parcel_area_m2">
                    <value>1447.68</value>
                </Data>
            </ExtendedData>
            <Polygon id="3862315">
                <outerBoundaryIs>
                    <LinearRing id="3862319">
                        <coordinates>-78.9987198889968,33.75944210968586,0.0 -78.9990013853637,33.75921080253482,0.0 -78.99901244450614,33.75920317888883,0.0 -78.9990249226166,33.75919727470507,0.0 -78.99903843757448,33.75919327050039,0.0 -78.99905257949499,33.75919128681596,0.0 -78.9990669193642,33.75919138435689,0.0 -78.99908101991662,33.759193560560654,0.0 -78.99909445508537,33.75919774900964,0.0 -78.99910681531554,33.7592038231248,0.0 -78.99911772483463,33.7592115964448,0.0 -78.99923311400089,33.75930956314952,0.0 -78.99889297315853,33.759589060711534,0.0 -78.9987198889968,33.75944210968586,0.0</coordinates>
                    </LinearRing>
                </outerBoundaryIs>
            </Polygon>
        </Placemark>
        <Placemark id="3862330">
            <name>40014010042.0</name>
            <description>PIN: 40014010042.0&lt;br&gt;Wetland %: 100.00&lt;br&gt;Flood %: 100.00&lt;br&gt;Parcel area (m²): 1326.94</description>
            <styleUrl>#3862335</styleUrl>
            <ExtendedData>
                <Data name="PIN">
                    <value>40014010042.0</value>
                </Data>
                <Data name="Wetland_%">
                    <value>100.00</value>
                </Data>
                <Data name="Flood_%">
                    <value>100.00</value>
                </Data>
                <Data name="Parcel_area_m2">
                    <value>1326.94</value>
                </Data>
            </ExtendedData>
            <Polygon id="3862329">
                <outerBoundaryIs>
                    <LinearRing id="3862333">
                        <coordinates>-78.99639632901345,33.76011096437334,0.0 -78.99658760676625,33.76002443355449,0.0 -78.99660337951899,33.760017793781856,0.0 -78.99660959868241,33.76002791663707,0.0 -78.99682184022572,33.76037335996538,0.0 -78.99678674969569,33.7603884004377,0.0 -78.99671098867728,33.760421895865356,0.0 -78.99663627146394,33.760456987413285,0.0 -78.99639632901345,33.76011096437334,0.0</coordinates>
                    </LinearRing>
                </outerBoundaryIs>
            </Polygon>
        </Placemark>
        <Placemark id="3862344">
            <name>40011040067.0</name>
            <description>PIN: 40011040067.0&lt;br&gt;Wetland %: 100.00&lt;br&gt;Flood %: 100.00&lt;br&gt;Parcel area (m²): 1227.54</description>
            <styleUrl>#3862349</styleUrl>
            <ExtendedData>
                <Data name="PIN">
                    <value>40011040067.0</value>
                </Data>
                <Data name="Wetland_%">
                    <value>100.00</value>
                </Data>
                <Data name="Flood_%">
                    <value>100.00</value>
                </Data>
                <Data name="Parcel_area_m2">
                    <value>1227.54</value>
                </Data>
            </ExtendedData>
            <Polygon id="3862343">
                <outerBoundaryIs>
                    <LinearRing id="3862347">
                        <coordinates>-78.99620914692535,33.76020757707015,0.0 -78.99639632901345,33.76011096437334,0.0 -78.99663627146394,33.760456987413285,0.0 -78.9965809920759,33.76048431878396,0.0 -78.99652634567867,33.760512523519324,0.0 -78.99647235298976,33.76054159293645,0.0 -78.99620914692535,33.76020757707015,0.0</coordinates>
                    </LinearRing>
                </outerBoundaryIs>
            </Polygon>
        </Placemark>
        <Placemark id="3862358">
            <name>40014010008.0</name>
            <description>PIN: 40014010008.0&lt;br&gt;Wetland %: 0.00&lt;br&gt;Flood %: 100.00&lt;br&gt;Parcel area (m²): 1253.64</description>
            <styleUrl>#3862363</styleUrl>
            <ExtendedData>
                <Data name="PIN">
                    <value>40014010008.0</value>
                </Data>
                <Data name="Wetland_%">
                    <value>0.00</value>
                </Data>
                <Data name="Flood_%">
                    <value>100.00</value>
                </Data>
                <Data name="Parcel_area_m2">
                    <value>1253.64</value>
                </Data>
            </ExtendedData>
            <Polygon id="3862357">
                <outerBoundaryIs>
                    <LinearRing id="3862361">
                        <coordinates>-78.99762086015437,33.75835592712738,0.0 -78.99763427197166,33.75795561543023,0.0 -78.99786467806129,33.75796673566255,0.0 -78.99781087112515,33.758365490801886,0.0 -78.99776258686398,33.758361517468664,0.0 -78.9977141866637,33.75835867866075,0.0 -78.9976657104393,33.75835697592593,0.0 -78.99762086015437,33.75835592712738,0.0</coordinates>
                    </LinearRing>
                </outerBoundaryIs>
            </Polygon>
        </Placemark>
        <Placemark id="3862372">
            <name>35114040382.0</name>
            <description>PIN: 35114040382.0&lt;br&gt;Wetland %: 0.00&lt;br&gt;Flood %: 0.00&lt;br&gt;Parcel area (m²): 843.97</description>
            <styleUrl>#3862377</styleUrl>
            <ExtendedData>
                <Data name="PIN">
                    <value>35114040382.0</value>
                </Data>
                <Data name="Wetland_%">
                    <value>0.00</value>
                </Data>
                <Data name="Flood_%">
                    <value>0.00</value>
                </Data>
                <Data name="Parcel_area_m2">
                    <value>843.97</value>
                </Data>
            </ExtendedData>
            <Polygon id="3862371">
                <outerBoundaryIs>
                    <LinearRing id="3862375">
                        <coordinates>-78.63230632942681,33.83064475290946,0.0 -78.6324561619999,33.830587746722095,0.0 -78.63262726619,33.830900228213245,0.0 -78.63247743208217,33.8309572354848,0.0 -78.63230632942681,33.83064475290946,0.0</coordinates>
                    </LinearRing>
                </outerBoundaryIs>
            </Polygon>
        </Placemark>
        <Placemark id="3862386">
            <name>40014010007.0</name>
            <description>PIN: 40014010007.0&lt;br&gt;Wetland %: 0.00&lt;br&gt;Flood %: 100.00&lt;br&gt;Parcel area (m²): 1277.23</description>
            <styleUrl>#3862391</styleUrl>
            <ExtendedData>
                <Data name="PIN">
                    <value>40014010007.0</value>
                </Data>
                <Data name="Wetland_%">
                    <value>0.00</value>
                </Data>
                <Data name="Flood_%">
                    <value>100.00</value>
                </Data>
                <Data name="Parcel_area_m2">
                    <value>1277.23</value>
                </Data>
            </ExtendedData>
            <Polygon id="3862385">
                <outerBoundaryIs>
                    <LinearRing id="3862389">
                        <coordinates>-78.99781087112515,33.758365490801886,0.0 -78.99786467806129,33.75796673566255,0.0 -78.99810197577756,33.75800009742137,0.0 -78.99799653884995,33.75839159367892,0.0 -78.99793504193686,33.75838101468624,0.0 -78.99787312578128,33.758372310285395,0.0 -78.99781087112515,33.758365490801886,0.0</coordinates>
                    </LinearRing>
                </outerBoundaryIs>
            </Polygon>
        </Placemark>
        <Placemark id="3862400">
            <name>40015020017.0</name>
            <description>PIN: 40015020017.0&lt;br&gt;Wetland %: 0.00&lt;br&gt;Flood %: 100.00&lt;br&gt;Parcel area (m²): 1240.20</description>
            <styleUrl>#3862405</styleUrl>
            <ExtendedData>
                <Data name="PIN">
                    <value>40015020017.0</value>
                </Data>
                <Data name="Wetland_%">
                    <value>0.00</value>
                </Data>
                <Data name="Flood_%">
                    <value>100.00</value>
                </Data>
                <Data name="Parcel_area_m2">
                    <value>1240.20</value>
                </Data>
            </ExtendedData>
            <Polygon id="3862399">
                <outerBoundaryIs>
                    <LinearRing id="3862403">
                        <coordinates>-78.9995053363607,33.75934524478546,0.0 -78.99967095649252,33.759214661261815,0.0 -78.99985427375094,33.75907012230801,0.0 -79.00000445026565,33.75921569577491,0.0 -78.99966578266057,33.75943790218032,0.0 -78.99962710385842,33.75946327916253,0.0 -78.99958794563534,33.759422915502704,0.0 -78.99954734415465,33.75938355848609,0.0 -78.9995053363607,33.75934524478546,0.0</coordinates>
                    </LinearRing>
                </outerBoundaryIs>
            </Polygon>
        </Placemark>
        <Placemark id="3862414">
            <name>40014010027.0</name>
            <description>PIN: 40014010027.0&lt;br&gt;Wetland %: 0.00&lt;br&gt;Flood %: 100.00&lt;br&gt;Parcel area (m²): 1227.48</description>
            <styleUrl>#3862419</styleUrl>
            <ExtendedData>
                <Data name="PIN">
                    <value>40014010027.0</value>
                </Data>
                <Data name="Wetland_%">
                    <value>0.00</value>
                </Data>
                <Data name="Flood_%">
                    <value>100.00</value>
                </Data>
                <Data name="Parcel_area_m2">
                    <value>1227.48</value>
                </Data>
            </ExtendedData>
            <Polygon id="3862413">
                <outerBoundaryIs>
                    <LinearRing id="3862417">
                        <coordinates>-78.99814068024455,33.7598979740084,0.0 -78.99819038887931,33.75986399034068,0.0 -78.99823931442332,33.759829222840594,0.0 -78.99828743825424,33.75979368293281,0.0 -78.99860794833798,33.76009070096488,0.0 -78.99844036147934,33.76020979508187,0.0 -78.99814068024455,33.7598979740084,0.0</coordinates>
                    </LinearRing>
                </outerBoundaryIs>
            </Polygon>
        </Placemark>
        <Placemark id="3862428">
            <name>40011040060.0</name>
            <description>PIN: 40011040060.0&lt;br&gt;Wetland %: 0.00&lt;br&gt;Flood %: 100.00&lt;br&gt;Parcel area (m²): 1203.24</description>
            <styleUrl>#3862433</styleUrl>
            <ExtendedData>
                <Data name="PIN">
                    <value>40011040060.0</value>
                </Data>
                <Data name="Wetland_%">
                    <value>0.00</value>
                </Data>
                <Data name="Flood_%">
                    <value>100.00</value>
                </Data>
                <Data name="Parcel_area_m2">
                    <value>1203.24</value>
                </Data>
            </ExtendedData>
            <Polygon id="3862427">
                <outerBoundaryIs>
                    <LinearRing id="3862431">
                        <coordinates>-78.99625372822192,33.76084924478551,0.0 -78.99628430295618,33.76082816601936,0.0 -78.99635287075498,33.760782198936646,0.0 -78.99642292096986,33.7607378188529,0.0 -78.99670551084476,33.76105800053001,0.0 -78.99655747587632,33.76115660412673,0.0 -78.99625372822192,33.76084924478551,0.0</coordinates>
                    </LinearRing>
                </outerBoundaryIs>
            </Polygon>
        </Placemark>
        <Placemark id="3862442">
            <name>40014010019.0</name>
            <description>PIN: 40014010019.0&lt;br&gt;Wetland %: 99.11&lt;br&gt;Flood %: 100.00&lt;br&gt;Parcel area (m²): 1242.01</description>
            <styleUrl>#3862447</styleUrl>
            <ExtendedData>
                <Data name="PIN">
                    <value>40014010019.0</value>
                </Data>
                <Data name="Wetland_%">
                    <value>99.11</value>
                </Data>
                <Data name="Flood_%">
                    <value>100.00</value>
                </Data>
                <Data name="Parcel_area_m2">
                    <value>1242.01</value>
                </Data>
            </ExtendedData>
            <Polygon id="3862441">
                <outerBoundaryIs>
                    <LinearRing id="3862445">
                        <coordinates>-78.99830114946916,33.759092595465255,0.0 -78.99859976359186,33.75878391619384,0.0 -78.99864522917687,33.75881581126343,0.0 -78.99868921062289,33.75884912538066,0.0 -78.99873164639071,33.758883811553574,0.0 -78.99877155674864,33.75891769563908,0.0 -78.99845086587443,33.759181209816845,0.0 -78.99842782296322,33.75920014443502,0.0 -78.99840464005142,33.75918046194314,0.0 -78.99830114946916,33.759092595465255,0.0</coordinates>
                    </LinearRing>
                </outerBoundaryIs>
            </Polygon>
        </Placemark>
        <Placemark id="3862456">
            <name>40011040083.0</name>
            <description>PIN: 40011040083.0&lt;br&gt;Wetland %: 100.00&lt;br&gt;Flood %: 100.00&lt;br&gt;Parcel area (m²): 1268.62</description>
            <styleUrl>#3862461</styleUrl>
            <ExtendedData>
                <Data name="PIN">
                    <value>40011040083.0</value>
                </Data>
                <Data name="Wetland_%">
                    <value>100.00</value>
                </Data>
                <Data name="Flood_%">
                    <value>100.00</value>
                </Data>
                <Data name="Parcel_area_m2">
                    <value>1268.62</value>
                </Data>
            </ExtendedData>
            <Polygon id="3862455">
                <outerBoundaryIs>
                    <LinearRing id="3862459">
                        <coordinates>-78.99609371389305,33.76249085300959,0.0 -78.99628050055743,33.76225069516579,0.0 -78.99635526613142,33.76215456621366,0.0 -78.99640869975161,33.76218251172312,0.0 -78.99646321899762,33.76220895415109,0.0 -78.99651876188727,33.76223386543495,0.0 -78.99650611426297,33.76225434888102,0.0 -78.99629869545691,33.762590274364754,0.0 -78.99609371389305,33.76249085300959,0.0</coordinates>
                    </LinearRing>
                </outerBoundaryIs>
            </Polygon>
        </Placemark>
        <Placemark id="3862470">
            <name>40011040051.0</name>
            <description>PIN: 40011040051.0&lt;br&gt;Wetland %: 100.00&lt;br&gt;Flood %: 100.00&lt;br&gt;Parcel area (m²): 1249.06</description>
            <styleUrl>#3862475</styleUrl>
            <ExtendedData>
                <Data name="PIN">
                    <value>40011040051.0</value>
                </Data>
                <Data name="Wetland_%">
                    <value>100.00</value>
                </Data>
                <Data name="Flood_%">
                    <value>100.00</value>
                </Data>
                <Data name="Parcel_area_m2">
                    <value>1249.06</value>
                </Data>
            </ExtendedData>
            <Polygon id="3862469">
                <outerBoundaryIs>
                    <LinearRing id="3862473">
                        <coordinates>-78.99673632298709,33.76216629443495,0.0 -78.9969150895466,33.76179840386384,0.0 -78.99708306743813,33.76184411343238,0.0 -78.99696806596165,33.7622293559527,0.0 -78.99690892850505,33.76221610623172,0.0 -78.99685070419517,33.76220120000782,0.0 -78.9967931457869,33.76218458908498,0.0 -78.99673632298709,33.76216629443495,0.0</coordinates>
                    </LinearRing>
                </outerBoundaryIs>
            </Polygon>
        </Placemark>
        <Placemark id="3862484">
            <name>40014010004.0</name>
            <description>PIN: 40014010004.0&lt;br&gt;Wetland %: 0.00&lt;br&gt;Flood %: 100.00&lt;br&gt;Parcel area (m²): 1277.23</description>
            <styleUrl>#3862489</styleUrl>
            <ExtendedData>
                <Data name="PIN">
                    <value>40014010004.0</value>
                </Data>
                <Data name="Wetland_%">
                    <value>0.00</value>
                </Data>
                <Data name="Flood_%">
                    <value>100.00</value>
                </Data>
                <Data name="Parcel_area_m2">
                    <value>1277.23</value>
                </Data>
            </ExtendedData>
            <Polygon id="3862483">
                <outerBoundaryIs>
                    <LinearRing id="3862487">
                        <coordinates>-78.99835221158388,33.758493452075946,0.0 -78.9985565556339,33.75813028141684,0.0 -78.99876843817934,33.75822555796989,0.0 -78.99851799253155,33.758567998369756,0.0 -78.99846382556858,33.75854147772068,0.0 -78.99840854140456,33.75851661744701,0.0 -78.99835221158388,33.758493452075946,0.0</coordinates>
                    </LinearRing>
                </outerBoundaryIs>
            </Polygon>
        </Placemark>
        <Placemark id="3862498">
            <name>40014010020.0</name>
            <description>PIN: 40014010020.0&lt;br&gt;Wetland %: 27.44&lt;br&gt;Flood %: 100.00&lt;br&gt;Parcel area (m²): 1463.23</description>
            <styleUrl>#3862503</styleUrl>
            <ExtendedData>
                <Data name="PIN">
                    <value>40014010020.0</value>
                </Data>
                <Data name="Wetland_%">
                    <value>27.44</value>
                </Data>
                <Data name="Flood_%">
                    <value>100.00</value>
                </Data>
                <Data name="Parcel_area_m2">
                    <value>1463.23</value>
                </Data>
            </ExtendedData>
            <Polygon id="3862497">
                <outerBoundaryIs>
                    <LinearRing id="3862501">
                        <coordinates>-78.99842782296322,33.75920014443502,0.0 -78.99845086587443,33.759181209816845,0.0 -78.99877155674864,33.75891769563908,0.0 -78.99888694620853,33.759015662689535,0.0 -78.9988952496957,33.75902391879547,0.0 -78.99890190418111,33.75903315837964,0.0 -78.99890674650221,33.75904315332308,0.0 -78.99890965709059,33.75905365817339,0.0 -78.99891056528573,33.759064413838395,0.0 -78.99890944698791,33.759075155665556,0.0 -78.99890633100952,33.759085618956114,0.0 -78.9989012934898,33.759095546992164,0.0 -78.99889445891183,33.75910469375876,0.0 -78.99888599551308,33.759112835594664,0.0 -78.99860090616355,33.75934709497443,0.0 -78.99842782296322,33.75920014443502,0.0</coordinates>
                    </LinearRing>
                </outerBoundaryIs>
            </Polygon>
        </Placemark>
        <Placemark id="3862512">
            <name>40011040085.0</name>
            <description>PIN: 40011040085.0&lt;br&gt;Wetland %: 97.79&lt;br&gt;Flood %: 100.00&lt;br&gt;Parcel area (m²): 1268.61</description>
            <styleUrl>#3862517</styleUrl>
            <ExtendedData>
                <Data name="PIN">
                    <value>40011040085.0</value>
                </Data>
                <Data name="Wetland_%">
                    <value>97.79</value>
                </Data>
                <Data name="Flood_%">
                    <value>100.00</value>
                </Data>
                <Data name="Parcel_area_m2">
                    <value>1268.61</value>
                </Data>
            </ExtendedData>
            <Polygon id="3862511">
                <outerBoundaryIs>
                    <LinearRing id="3862515">
                        <coordinates>-78.9965145332728,33.76267211415901,0.0 -78.99669091668147,33.76229914178299,0.0 -78.99674993062136,33.76231766764718,0.0 -78.99680965029533,33.762334540865865,0.0 -78.99687001133081,33.7623497432594,0.0 -78.99673907142095,33.76273555275933,0.0 -78.9965145332728,33.76267211415901,0.0</coordinates>
                    </LinearRing>
                </outerBoundaryIs>
            </Polygon>
        </Placemark>
        <Placemark id="3862526">
            <name>40014010011.0</name>
            <description>PIN: 40014010011.0&lt;br&gt;Wetland %: 0.00&lt;br&gt;Flood %: 100.00&lt;br&gt;Parcel area (m²): 1206.06</description>
            <styleUrl>#3862531</styleUrl>
            <ExtendedData>
                <Data name="PIN">
                    <value>40014010011.0</value>
                </Data>
                <Data name="Wetland_%">
                    <value>0.00</value>
                </Data>
                <Data name="Flood_%">
                    <value>100.00</value>
                </Data>
                <Data name="Parcel_area_m2">
                    <value>1206.06</value>
                </Data>
            </ExtendedData>
            <Polygon id="3862525">
                <outerBoundaryIs>
                    <LinearRing id="3862529">
                        <coordinates>-78.99692473072136,33.7583354313931,0.0 -78.99696981198377,33.7579420081549,0.0 -78.99715725132306,33.757946392065556,0.0 -78.99714390147477,33.75834477554122,0.0 -78.99707420212887,33.758343145673976,0.0 -78.99699938801398,33.75834034073072,0.0 -78.99692473072136,33.7583354313931,0.0</coordinates>
                    </LinearRing>
                </outerBoundaryIs>
            </Polygon>
        </Placemark>
        <Placemark id="3862540">
            <name>40011040087.0</name>
            <description>PIN: 40011040087.0&lt;br&gt;Wetland %: 0.00&lt;br&gt;Flood %: 100.00&lt;br&gt;Parcel area (m²): 1646.50</description>
            <styleUrl>#3862545</styleUrl>
            <ExtendedData>
                <Data name="PIN">
                    <value>40011040087.0</value>
                </Data>
                <Data name="Wetland_%">
                    <value>0.00</value>
                </Data>
                <Data name="Flood_%">
                    <value>100.00</value>
                </Data>
                <Data name="Parcel_area_m2">
                    <value>1646.50</value>
                </Data>
            </ExtendedData>
            <Polygon id="3862539">
                <outerBoundaryIs>
                    <LinearRing id="3862543">
                        <coordinates>-78.9969700695763,33.76277996309248,0.0 -78.9970542573574,33.76238516466769,0.0 -78.99710610410182,33.76239225702902,0.0 -78.99715816561455,33.76239814517367,0.0 -78.99721040423819,33.76240282308015,0.0 -78.99722377550889,33.76240480368915,0.0 -78.99723657452923,33.762408596010864,0.0 -78.9972484528001,33.762414094290826,0.0 -78.99725908655358,33.76242115078489,0.0 -78.99726818441331,33.76242957137342,0.0 -78.99727550007614,33.76243912749154,0.0 -78.99728083440813,33.76244955886872,0.0 -78.99728404067457,33.76246058082887,0.0 -78.9972850329666,33.76247189344586,0.0 -78.997281801426,33.762810054102765,0.0 -78.99713921296691,33.762812480082886,0.0 -78.9969700695763,33.76277996309248,0.0</coordinates>
                    </LinearRing>
                </outerBoundaryIs>
            </Polygon>
        </Placemark>
        <Placemark id="3862554">
            <name>40011040057.0</name>
            <description>PIN: 40011040057.0&lt;br&gt;Wetland %: 0.00&lt;br&gt;Flood %: 100.00&lt;br&gt;Parcel area (m²): 1241.07</description>
            <styleUrl>#3862559</styleUrl>
            <ExtendedData>
                <Data name="PIN">
                    <value>40011040057.0</value>
                </Data>
                <Data name="Wetland_%">
                    <value>0.00</value>
                </Data>
                <Data name="Flood_%">
                    <value>100.00</value>
                </Data>
                <Data name="Parcel_area_m2">
                    <value>1241.07</value>
                </Data>
            </ExtendedData>
            <Polygon id="3862553">
                <outerBoundaryIs>
                    <LinearRing id="3862557">
                        <coordinates>-78.99579690853308,33.761164179253946,0.0 -78.99594918178023,33.76105920098091,0.0 -78.9962705759856,33.7613844189874,0.0 -78.99611830257656,33.7614893967479,0.0 -78.99579690853308,33.761164179253946,0.0</coordinates>
                    </LinearRing>
                </outerBoundaryIs>
            </Polygon>
        </Placemark>
        <Placemark id="3862568">
            <name>40011040089.0</name>
            <description>PIN: 40011040089.0&lt;br&gt;Wetland %: 0.00&lt;br&gt;Flood %: 100.00&lt;br&gt;Parcel area (m²): 1030.23</description>
            <styleUrl>#3862573</styleUrl>
            <ExtendedData>
                <Data name="PIN">
                    <value>40011040089.0</value>
                </Data>
                <Data name="Wetland_%">
                    <value>0.00</value>
                </Data>
                <Data name="Flood_%">
                    <value>100.00</value>
                </Data>
                <Data name="Parcel_area_m2">
                    <value>1030.23</value>
                </Data>
            </ExtendedData>
            <Polygon id="3862567">
                <outerBoundaryIs>
                    <LinearRing id="3862571">
                        <coordinates>-78.99660435639557,33.7606339316766,0.0 -78.99665710611644,33.76060649439428,0.0 -78.99672790048606,33.76057149264004,0.0 -78.99676546753162,33.760553737816494,0.0 -78.99699688809724,33.76090075220592,0.0 -78.99686001495508,33.76096953266572,0.0 -78.99660435639557,33.7606339316766,0.0</coordinates>
                    </LinearRing>
                </outerBoundaryIs>
            </Polygon>
        </Placemark>
        <Placemark id="3862582">
            <name>40011040055.0</name>
            <description>PIN: 40011040055.0&lt;br&gt;Wetland %: 2.82&lt;br&gt;Flood %: 100.00&lt;br&gt;Parcel area (m²): 1170.06</description>
            <styleUrl>#3862587</styleUrl>
            <ExtendedData>
                <Data name="PIN">
                    <value>40011040055.0</value>
                </Data>
                <Data name="Wetland_%">
                    <value>2.82</value>
                </Data>
                <Data name="Flood_%">
                    <value>100.00</value>
                </Data>
                <Data name="Parcel_area_m2">
                    <value>1170.06</value>
                </Data>
            </ExtendedData>
            <Polygon id="3862581">
                <outerBoundaryIs>
                    <LinearRing id="3862585">
                        <coordinates>-78.99592795946387,33.761620619570465,0.0 -78.99611830257656,33.7614893967479,0.0 -78.9962705759856,33.7613844189874,0.0 -78.99629595575763,33.761366922389605,0.0 -78.99641983670307,33.7614953517897,0.0 -78.99605364980752,33.76174780422917,0.0 -78.99592795946387,33.761620619570465,0.0</coordinates>
                    </LinearRing>
                </outerBoundaryIs>
            </Polygon>
        </Placemark>
        <Placemark id="3862596">
            <name>31102020137.0</name>
            <description>PIN: 31102020137.0&lt;br&gt;Wetland %: 0.00&lt;br&gt;Flood %: 100.00&lt;br&gt;Parcel area (m²): 13540.74</description>
            <styleUrl>#3862601</styleUrl>
            <ExtendedData>
                <Data name="PIN">
                    <value>31102020137.0</value>
                </Data>
                <Data name="Wetland_%">
                    <value>0.00</value>
                </Data>
                <Data name="Flood_%">
                    <value>100.00</value>
                </Data>
                <Data name="Parcel_area_m2">
                    <value>13540.74</value>
                </Data>
            </ExtendedData>
            <Polygon id="3862595">
                <outerBoundaryIs>
                    <LinearRing id="3862599">
                        <coordinates>-78.60160472028177,33.87998166528642,0.0 -78.60217649661578,33.88065490691507,0.0 -78.6023617874334,33.88088066581183,0.0 -78.60177244299159,33.88118187570573,0.0 -78.6016379679772,33.881251311136836,0.0 -78.6009212750745,33.88032863287169,0.0 -78.60106216708675,33.88025738594541,0.0 -78.60160472028177,33.87998166528642,0.0</coordinates>
                    </LinearRing>
                </outerBoundaryIs>
            </Polygon>
        </Placemark>
        <Placemark id="3862610">
            <name>40015020022.0</name>
            <description>PIN: 40015020022.0&lt;br&gt;Wetland %: 0.00&lt;br&gt;Flood %: 100.00&lt;br&gt;Parcel area (m²): 1242.71</description>
            <styleUrl>#3862615</styleUrl>
            <ExtendedData>
                <Data name="PIN">
                    <value>40015020022.0</value>
                </Data>
                <Data name="Wetland_%">
                    <value>0.00</value>
                </Data>
                <Data name="Flood_%">
                    <value>100.00</value>
                </Data>
                <Data name="Parcel_area_m2">
                    <value>1242.71</value>
                </Data>
            </ExtendedData>
            <Polygon id="3862609">
                <outerBoundaryIs>
                    <LinearRing id="3862613">
                        <coordinates>-78.99905287359572,33.759727566424615,0.0 -78.99903021146405,33.75970557634698,0.0 -78.99937422457141,33.7594295250385,0.0 -78.99941493896172,33.75946605822093,0.0 -78.99945425105807,33.75950364741061,0.0 -78.99949212285775,33.75954225501578,0.0 -78.99952851532034,33.75958184162375,0.0 -78.999146827859,33.75981872875861,0.0 -78.99905287359572,33.759727566424615,0.0</coordinates>
                    </LinearRing>
                </outerBoundaryIs>
            </Polygon>
        </Placemark>
        <Placemark id="3862624">
            <name>40011040088.0</name>
            <description>PIN: 40011040088.0&lt;br&gt;Wetland %: 100.00&lt;br&gt;Flood %: 100.00&lt;br&gt;Parcel area (m²): 580.07</description>
            <styleUrl>#3862629</styleUrl>
            <ExtendedData>
                <Data name="PIN">
                    <value>40011040088.0</value>
                </Data>
                <Data name="Wetland_%">
                    <value>100.00</value>
                </Data>
                <Data name="Flood_%">
                    <value>100.00</value>
                </Data>
                <Data name="Parcel_area_m2">
                    <value>580.07</value>
                </Data>
            </ExtendedData>
            <Polygon id="3862623">
                <outerBoundaryIs>
                    <LinearRing id="3862627">
                        <coordinates>-78.99642127446944,33.762026270900115,0.0 -78.9966867267364,33.76169690929099,0.0 -78.99675648445694,33.76173340672863,0.0 -78.99651751271392,33.762076622390175,0.0 -78.9965040715526,33.76207002634547,0.0 -78.99649655533632,33.76206627710476,0.0 -78.99645069523642,33.762042451591455,0.0 -78.99643434880711,33.76203355008111,0.0 -78.99642127446944,33.762026270900115,0.0</coordinates>
                    </LinearRing>
                </outerBoundaryIs>
            </Polygon>
        </Placemark>
        <Placemark id="3862638">
            <name>40011040075.0</name>
            <description>PIN: 40011040075.0&lt;br&gt;Wetland %: 51.28&lt;br&gt;Flood %: 100.00&lt;br&gt;Parcel area (m²): 1172.94</description>
            <styleUrl>#3862643</styleUrl>
            <ExtendedData>
                <Data name="PIN">
                    <value>40011040075.0</value>
                </Data>
                <Data name="Wetland_%">
                    <value>51.28</value>
                </Data>
                <Data name="Flood_%">
                    <value>100.00</value>
                </Data>
                <Data name="Parcel_area_m2">
                    <value>1172.94</value>
                </Data>
            </ExtendedData>
            <Polygon id="3862637">
                <outerBoundaryIs>
                    <LinearRing id="3862641">
                        <coordinates>-78.99493631982754,33.76145913674082,0.0 -78.99530431728881,33.761205441582256,0.0 -78.9954300050296,33.761332626866974,0.0 -78.99506200739555,33.761586322393164,0.0 -78.99493631982754,33.76145913674082,0.0</coordinates>
                    </LinearRing>
                </outerBoundaryIs>
            </Polygon>
        </Placemark>
        <Placemark id="3862652">
            <name>40011040079.0</name>
            <description>PIN: 40011040079.0&lt;br&gt;Wetland %: 38.57&lt;br&gt;Flood %: 100.00&lt;br&gt;Parcel area (m²): 1181.01</description>
            <styleUrl>#3862657</styleUrl>
            <ExtendedData>
                <Data name="PIN">
                    <value>40011040079.0</value>
                </Data>
                <Data name="Wetland_%">
                    <value>38.57</value>
                </Data>
                <Data name="Flood_%">
                    <value>100.00</value>
                </Data>
                <Data name="Parcel_area_m2">
                    <value>1181.01</value>
                </Data>
            </ExtendedData>
            <Polygon id="3862651">
                <outerBoundaryIs>
                    <LinearRing id="3862655">
                        <coordinates>-78.99543907236365,33.76196787676269,0.0 -78.99562770391528,33.76183783552171,0.0 -78.99580707159565,33.761714180150975,0.0 -78.99592675329839,33.76183528606149,0.0 -78.99593252513526,33.76184109773417,0.0 -78.99562261798255,33.762056834218086,0.0 -78.99556370658681,33.76209784346299,0.0 -78.99543907236365,33.76196787676269,0.0</coordinates>
                    </LinearRing>
                </outerBoundaryIs>
            </Polygon>
        </Placemark>
        <Placemark id="3862666">
            <name>40011040076.0</name>
            <description>PIN: 40011040076.0&lt;br&gt;Wetland %: 34.09&lt;br&gt;Flood %: 100.00&lt;br&gt;Parcel area (m²): 1172.94</description>
            <styleUrl>#3862671</styleUrl>
            <ExtendedData>
                <Data name="PIN">
                    <value>40011040076.0</value>
                </Data>
                <Data name="Wetland_%">
                    <value>34.09</value>
                </Data>
                <Data name="Flood_%">
                    <value>100.00</value>
                </Data>
                <Data name="Parcel_area_m2">
                    <value>1172.94</value>
                </Data>
            </ExtendedData>
            <Polygon id="3862665">
                <outerBoundaryIs>
                    <LinearRing id="3862669">
                        <coordinates>-78.99506200739555,33.761586322393164,0.0 -78.9954300050296,33.761332626866974,0.0 -78.99555569316176,33.76145981111941,0.0 -78.99518769535484,33.76171350701323,0.0 -78.99506200739555,33.761586322393164,0.0</coordinates>
                    </LinearRing>
                </outerBoundaryIs>
            </Polygon>
        </Placemark>
        <Placemark id="3862680">
            <name>40014010037.0</name>
            <description>PIN: 40014010037.0&lt;br&gt;Wetland %: 90.98&lt;br&gt;Flood %: 100.00&lt;br&gt;Parcel area (m²): 1209.80</description>
            <styleUrl>#3862685</styleUrl>
            <ExtendedData>
                <Data name="PIN">
                    <value>40014010037.0</value>
                </Data>
                <Data name="Wetland_%">
                    <value>90.98</value>
                </Data>
                <Data name="Flood_%">
                    <value>100.00</value>
                </Data>
                <Data name="Parcel_area_m2">
                    <value>1209.80</value>
                </Data>
            </ExtendedData>
            <Polygon id="3862679">
                <outerBoundaryIs>
                    <LinearRing id="3862683">
                        <coordinates>-78.99735927889067,33.75969437938191,0.0 -78.99751968248542,33.75961357784418,0.0 -78.9977794747936,33.75994695843077,0.0 -78.99771756468286,33.759979791134285,0.0 -78.99765476977166,33.76001142977458,0.0 -78.99759112282078,33.760041858645984,0.0 -78.99735927889067,33.75969437938191,0.0</coordinates>
                    </LinearRing>
                </outerBoundaryIs>
            </Polygon>
        </Placemark>
        <Placemark id="3862694">
            <name>40014010023.0</name>
            <description>PIN: 40014010023.0&lt;br&gt;Wetland %: 70.54&lt;br&gt;Flood %: 100.00&lt;br&gt;Parcel area (m²): 1207.96</description>
            <styleUrl>#3862699</styleUrl>
            <ExtendedData>
                <Data name="PIN">
                    <value>40014010023.0</value>
                </Data>
                <Data name="Wetland_%">
                    <value>70.54</value>
                </Data>
                <Data name="Flood_%">
                    <value>100.00</value>
                </Data>
                <Data name="Parcel_area_m2">
                    <value>1207.96</value>
                </Data>
            </ExtendedData>
            <Polygon id="3862693">
                <outerBoundaryIs>
                    <LinearRing id="3862697">
                        <coordinates>-78.99781875677891,33.759425420736484,0.0 -78.99795598402204,33.75931795888335,0.0 -78.99829061133649,33.75960206437306,0.0 -78.9982793248328,33.75961133839998,0.0 -78.99823074301395,33.75965042716781,0.0 -78.99818118660009,33.75968865504762,0.0 -78.99813067977776,33.759726003489305,0.0 -78.99788256139657,33.75948690545921,0.0 -78.99781875677891,33.759425420736484,0.0</coordinates>
                    </LinearRing>
                </outerBoundaryIs>
            </Polygon>
        </Placemark>
        <Placemark id="3862708">
            <name>40014010017.0</name>
            <description>PIN: 40014010017.0&lt;br&gt;Wetland %: 0.00&lt;br&gt;Flood %: 100.00&lt;br&gt;Parcel area (m²): 1259.03</description>
            <styleUrl>#3862713</styleUrl>
            <ExtendedData>
                <Data name="PIN">
                    <value>40014010017.0</value>
                </Data>
                <Data name="Wetland_%">
                    <value>0.00</value>
                </Data>
                <Data name="Flood_%">
                    <value>100.00</value>
                </Data>
                <Data name="Parcel_area_m2">
                    <value>1259.03</value>
                </Data>
            </ExtendedData>
            <Polygon id="3862707">
                <outerBoundaryIs>
                    <LinearRing id="3862711">
                        <coordinates>-78.99800020648587,33.75894881024569,0.0 -78.9981673929072,33.75857733651329,0.0 -78.9982254687169,33.75859668713343,0.0 -78.99828257126723,33.75861796291256,0.0 -78.99833860958563,33.75864112900894,0.0 -78.99839349384114,33.75866614789368,0.0 -78.99815757889867,33.759010625611786,0.0 -78.99800020648587,33.75894881024569,0.0</coordinates>
                    </LinearRing>
                </outerBoundaryIs>
            </Polygon>
        </Placemark>
        <Placemark id="3862722">
            <name>40014010039.0</name>
            <description>PIN: 40014010039.0&lt;br&gt;Wetland %: 100.00&lt;br&gt;Flood %: 100.00&lt;br&gt;Parcel area (m²): 1264.79</description>
            <styleUrl>#3862727</styleUrl>
            <ExtendedData>
                <Data name="PIN">
                    <value>40014010039.0</value>
                </Data>
                <Data name="Wetland_%">
                    <value>100.00</value>
                </Data>
                <Data name="Flood_%">
                    <value>100.00</value>
                </Data>
                <Data name="Parcel_area_m2">
                    <value>1264.79</value>
                </Data>
            </ExtendedData>
            <Polygon id="3862721">
                <outerBoundaryIs>
                    <LinearRing id="3862725">
                        <coordinates>-78.99698281355583,33.75985639122861,0.0 -78.99717223088109,33.75977520304497,0.0 -78.99733471259822,33.76003965645296,0.0 -78.99739009501083,33.76012979440233,0.0 -78.99720067711239,33.760210982914046,0.0 -78.9970930082975,33.76003574365898,0.0 -78.99698281355583,33.75985639122861,0.0</coordinates>
                    </LinearRing>
                </outerBoundaryIs>
            </Polygon>
        </Placemark>
        <Placemark id="3862736">
            <name>40014010036.0</name>
            <description>PIN: 40014010036.0&lt;br&gt;Wetland %: 27.20&lt;br&gt;Flood %: 100.00&lt;br&gt;Parcel area (m²): 1353.73</description>
            <styleUrl>#3862741</styleUrl>
            <ExtendedData>
                <Data name="PIN">
                    <value>40014010036.0</value>
                </Data>
                <Data name="Wetland_%">
                    <value>27.20</value>
                </Data>
                <Data name="Flood_%">
                    <value>100.00</value>
                </Data>
                <Data name="Parcel_area_m2">
                    <value>1353.73</value>
                </Data>
            </ExtendedData>
            <Polygon id="3862735">
                <outerBoundaryIs>
                    <LinearRing id="3862739">
                        <coordinates>-78.99769456340273,33.760150936260416,0.0 -78.99775350014762,33.76012232423781,0.0 -78.99781173095607,33.76009272127708,0.0 -78.99786923076992,33.76006213689478,0.0 -78.99814868850844,33.76042074773204,0.0 -78.99793184010863,33.760500009849835,0.0 -78.99788483759824,33.76043086108333,0.0 -78.99769456340273,33.760150936260416,0.0</coordinates>
                    </LinearRing>
                </outerBoundaryIs>
            </Polygon>
        </Placemark>
        <Placemark id="3862750">
            <name>40011040053.0</name>
            <description>PIN: 40011040053.0&lt;br&gt;Wetland %: 94.39&lt;br&gt;Flood %: 100.00&lt;br&gt;Parcel area (m²): 1249.04</description>
            <styleUrl>#3862755</styleUrl>
            <ExtendedData>
                <Data name="PIN">
                    <value>40011040053.0</value>
                </Data>
                <Data name="Wetland_%">
                    <value>94.39</value>
                </Data>
                <Data name="Flood_%">
                    <value>100.00</value>
                </Data>
                <Data name="Parcel_area_m2">
                    <value>1249.04</value>
                </Data>
            </ExtendedData>
            <Polygon id="3862749">
                <outerBoundaryIs>
                    <LinearRing id="3862753">
                        <coordinates>-78.99622919137025,33.76190096334733,0.0 -78.99654749585793,33.76160608071284,0.0 -78.9966867267364,33.76169690929099,0.0 -78.99642127446944,33.762026270900115,0.0 -78.99637129712025,33.76199708801307,0.0 -78.99632258353701,33.76196645002963,0.0 -78.99627519547059,33.76193439493021,0.0 -78.99622919137025,33.76190096334733,0.0</coordinates>
                    </LinearRing>
                </outerBoundaryIs>
            </Polygon>
        </Placemark>
        <Placemark id="3862764">
            <name>33516030019.0</name>
            <description>PIN: 33516030019.0&lt;br&gt;Wetland %: 0.00&lt;br&gt;Flood %: 100.00&lt;br&gt;Parcel area (m²): 2893.61</description>
            <styleUrl>#3862769</styleUrl>
            <ExtendedData>
                <Data name="PIN">
                    <value>33516030019.0</value>
                </Data>
                <Data name="Wetland_%">
                    <value>0.00</value>
                </Data>
                <Data name="Flood_%">
                    <value>100.00</value>
                </Data>
                <Data name="Parcel_area_m2">
                    <value>2893.61</value>
                </Data>
            </ExtendedData>
            <Polygon id="3862763">
                <outerBoundaryIs>
                    <LinearRing id="3862767">
                        <coordinates>-79.17151664461839,33.84094423701955,0.0 -79.172105414764,33.84090434739646,0.0 -79.17213604040371,33.84124530162406,0.0 -79.17157526746946,33.84127290635199,0.0 -79.17151664461839,33.84094423701955,0.0</coordinates>
                    </LinearRing>
                </outerBoundaryIs>
            </Polygon>
        </Placemark>
        <Placemark id="3862778">
            <name>40011040064.0</name>
            <description>PIN: 40011040064.0&lt;br&gt;Wetland %: 35.91&lt;br&gt;Flood %: 100.00&lt;br&gt;Parcel area (m²): 1244.56</description>
            <styleUrl>#3862783</styleUrl>
            <ExtendedData>
                <Data name="PIN">
                    <value>40011040064.0</value>
                </Data>
                <Data name="Wetland_%">
                    <value>35.91</value>
                </Data>
                <Data name="Flood_%">
                    <value>100.00</value>
                </Data>
                <Data name="Parcel_area_m2">
                    <value>1244.56</value>
                </Data>
            </ExtendedData>
            <Polygon id="3862777">
                <outerBoundaryIs>
                    <LinearRing id="3862781">
                        <coordinates>-78.99713988215832,33.760391507602286,0.0 -78.99732627607037,33.76031161499273,0.0 -78.99754413280657,33.76066619146017,0.0 -78.99735773833052,33.76074608439257,0.0 -78.99713988215832,33.760391507602286,0.0</coordinates>
                    </LinearRing>
                </outerBoundaryIs>
            </Polygon>
        </Placemark>
        <Placemark id="3862792">
            <name>40015020020.0</name>
            <description>PIN: 40015020020.0&lt;br&gt;Wetland %: 0.00&lt;br&gt;Flood %: 100.00&lt;br&gt;Parcel area (m²): 1172.87</description>
            <styleUrl>#3862797</styleUrl>
            <ExtendedData>
                <Data name="PIN">
                    <value>40015020020.0</value>
                </Data>
                <Data name="Wetland_%">
                    <value>0.00</value>
                </Data>
                <Data name="Flood_%">
                    <value>100.00</value>
                </Data>
                <Data name="Parcel_area_m2">
                    <value>1172.87</value>
                </Data>
            </ExtendedData>
            <Polygon id="3862791">
                <outerBoundaryIs>
                    <LinearRing id="3862795">
                        <coordinates>-78.99909143901341,33.75899332137153,0.0 -78.99943157686573,33.75871382323245,0.0 -78.99957004396154,33.758831382751495,0.0 -78.99922990609433,33.759110881265045,0.0 -78.99909143901341,33.75899332137153,0.0</coordinates>
                    </LinearRing>
                </outerBoundaryIs>
            </Polygon>
        </Placemark>
        <Placemark id="3862806">
            <name>22501030008.0</name>
            <description>PIN: 22501030008.0&lt;br&gt;Wetland %: 34.11&lt;br&gt;Flood %: 100.00&lt;br&gt;Parcel area (m²): 3773.29</description>
            <styleUrl>#3862811</styleUrl>
            <ExtendedData>
                <Data name="PIN">
                    <value>22501030008.0</value>
                </Data>
                <Data name="Wetland_%">
                    <value>34.11</value>
                </Data>
                <Data name="Flood_%">
                    <value>100.00</value>
                </Data>
                <Data name="Parcel_area_m2">
                    <value>3773.29</value>
                </Data>
            </ExtendedData>
            <Polygon id="3862805">
                <outerBoundaryIs>
                    <LinearRing id="3862809">
                        <coordinates>-78.87137372723784,33.9951658190698,0.0 -78.87147359091303,33.9950068860486,0.0 -78.87160623943578,33.994994805494514,0.0 -78.87240042541256,33.99540700251665,0.0 -78.8722434064184,33.99561689611232,0.0 -78.87137372723784,33.9951658190698,0.0</coordinates>
                    </LinearRing>
                </outerBoundaryIs>
            </Polygon>
        </Placemark>
        <Placemark id="3862820">
            <name>20404020004.0</name>
            <description>PIN: 20404020004.0&lt;br&gt;Wetland %: 0.00&lt;br&gt;Flood %: 100.00&lt;br&gt;Parcel area (m²): 26718.30</description>
            <styleUrl>#3862825</styleUrl>
            <ExtendedData>
                <Data name="PIN">
                    <value>20404020004.0</value>
                </Data>
                <Data name="Wetland_%">
                    <value>0.00</value>
                </Data>
                <Data name="Flood_%">
                    <value>100.00</value>
                </Data>
                <Data name="Parcel_area_m2">
                    <value>26718.30</value>
                </Data>
            </ExtendedData>
            <Polygon id="3862819">
                <outerBoundaryIs>
                    <LinearRing id="3862823">
                        <coordinates>-79.14414669192573,34.02690826690157,0.0 -79.14517323057784,34.02692187207756,0.0 -79.14521715968391,34.02869672328993,0.0 -79.14440261093134,34.028804307814745,0.0 -79.14416805450632,34.0277717531531,0.0 -79.14414669192573,34.02690826690157,0.0</coordinates>
                    </LinearRing>
                </outerBoundaryIs>
            </Polygon>
        </Placemark>
        <Placemark id="3862834">
            <name>38912010152.0</name>
            <description>PIN: 38912010152.0&lt;br&gt;Wetland %: 100.00&lt;br&gt;Flood %: 100.00&lt;br&gt;Parcel area (m²): 2674.95</description>
            <styleUrl>#3862839</styleUrl>
            <ExtendedData>
                <Data name="PIN">
                    <value>38912010152.0</value>
                </Data>
                <Data name="Wetland_%">
                    <value>100.00</value>
                </Data>
                <Data name="Flood_%">
                    <value>100.00</value>
                </Data>
                <Data name="Parcel_area_m2">
                    <value>2674.95</value>
                </Data>
            </ExtendedData>
            <Polygon id="3862833">
                <outerBoundaryIs>
                    <LinearRing id="3862837">
                        <coordinates>-78.79191122947532,33.790379235401865,0.0 -78.79202186910804,33.79037572099482,0.0 -78.792141934039,33.790371906523895,0.0 -78.79226200003907,33.7903680919558,0.0 -78.79238206602861,33.790364277271195,0.0 -78.79250213200751,33.79036046247015,0.0 -78.79264543793782,33.79035590936736,0.0 -78.79264790523966,33.79041084076063,0.0 -78.79225316710641,33.79042338278928,0.0 -78.79225792278952,33.790529284640684,0.0 -78.79226242446825,33.79062953573867,0.0 -78.79226717233381,33.79073527960397,0.0 -78.79227167405715,33.790835529795885,0.0 -78.79227617576785,33.79093578088725,0.0 -78.79228370239396,33.7911034013159,0.0 -78.79226073404445,33.791095163546665,0.0 -78.79223888153332,33.791085029030654,0.0 -78.79221836905185,33.7910731018847,0.0 -78.79219940521291,33.791059503986546,0.0 -78.79218218523334,33.791044374112325,0.0 -78.7921668865919,33.79102786876068,0.0 -78.79215366487162,33.79101015576523,0.0 -78.79214265693011,33.790991417056475,0.0 -78.79213397341012,33.79097184582273,0.0 -78.79193166144053,33.79043359711285,0.0 -78.79191122947532,33.790379235401865,0.0</coordinates>
                    </LinearRing>
                </outerBoundaryIs>
            </Polygon>
        </Placemark>
        <Placemark id="3862848">
            <name>32606030007.0</name>
            <description>PIN: 32606030007.0&lt;br&gt;Wetland %: 0.00&lt;br&gt;Flood %: 100.00&lt;br&gt;Parcel area (m²): 28663.85</description>
            <styleUrl>#3862853</styleUrl>
            <ExtendedData>
                <Data name="PIN">
                    <value>32606030007.0</value>
                </Data>
                <Data name="Wetland_%">
                    <value>0.00</value>
                </Data>
                <Data name="Flood_%">
                    <value>100.00</value>
                </Data>
                <Data name="Parcel_area_m2">
                    <value>28663.85</value>
                </Data>
            </ExtendedData>
            <Polygon id="3862847">
                <outerBoundaryIs>
                    <LinearRing id="3862851">
                        <coordinates>-79.08796598789569,33.88072632720063,0.0 -79.08792772188055,33.88067467021371,0.0 -79.08820049398759,33.880535242960484,0.0 -79.08769009175971,33.879770779595795,0.0 -79.08748370372038,33.879460882150106,0.0 -79.08756505809518,33.87943855642133,0.0 -79.08804321157683,33.879307286165584,0.0 -79.08955087669273,33.8815696433885,0.0 -79.0894660972241,33.88161070654267,0.0 -79.08938031450941,33.88165029221651,0.0 -79.08929356352225,33.88168838381146,0.0 -79.08920588358035,33.88172496389421,0.0 -79.08911731069887,33.88176001768622,0.0 -79.0890362392,33.881790476581564,0.0 -79.0889544931233,33.881819656972226,0.0 -79.08887210299864,33.88184754760321,0.0 -79.08881008641745,33.881868019712265,0.0 -79.08796598789569,33.88072632720063,0.0</coordinates>
                    </LinearRing>
                </outerBoundaryIs>
            </Polygon>
        </Placemark>
        <Placemark id="3862862">
            <name>32606030005.0</name>
            <description>PIN: 32606030005.0&lt;br&gt;Wetland %: 0.00&lt;br&gt;Flood %: 100.00&lt;br&gt;Parcel area (m²): 8161.13</description>
            <styleUrl>#3862867</styleUrl>
            <ExtendedData>
                <Data name="PIN">
                    <value>32606030005.0</value>
                </Data>
                <Data name="Wetland_%">
                    <value>0.00</value>
                </Data>
                <Data name="Flood_%">
                    <value>100.00</value>
                </Data>
                <Data name="Parcel_area_m2">
                    <value>8161.13</value>
                </Data>
            </ExtendedData>
            <Polygon id="3862861">
                <outerBoundaryIs>
                    <LinearRing id="3862865">
                        <coordinates>-79.08800011999395,33.88143621393767,0.0 -79.08760634586551,33.88091842147427,0.0 -79.08796598789569,33.88072632720063,0.0 -79.08881008641745,33.881868019712265,0.0 -79.0884286915253,33.88199975599637,0.0 -79.08800011999395,33.88143621393767,0.0</coordinates>
                    </LinearRing>
                </outerBoundaryIs>
            </Polygon>
        </Placemark>
        <Placemark id="3862876">
            <name>20404040001.0</name>
            <description>PIN: 20404040001.0&lt;br&gt;Wetland %: 0.00&lt;br&gt;Flood %: 100.00&lt;br&gt;Parcel area (m²): 23635.85</description>
            <styleUrl>#3862881</styleUrl>
            <ExtendedData>
                <Data name="PIN">
                    <value>20404040001.0</value>
                </Data>
                <Data name="Wetland_%">
                    <value>0.00</value>
                </Data>
                <Data name="Flood_%">
                    <value>100.00</value>
                </Data>
                <Data name="Parcel_area_m2">
                    <value>23635.85</value>
                </Data>
            </ExtendedData>
            <Polygon id="3862875">
                <outerBoundaryIs>
                    <LinearRing id="3862879">
                        <coordinates>-79.1470201746542,34.02604826072714,0.0 -79.14769168518846,34.026057146529844,0.0 -79.14774908198356,34.02837336139228,0.0 -79.14770259823625,34.028374252201026,0.0 -79.14765619392958,34.02837668542355,0.0 -79.14760994280907,34.028380656749576,0.0 -79.14707967478179,34.0284507055074,0.0 -79.1470201746542,34.02604826072714,0.0</coordinates>
                    </LinearRing>
                </outerBoundaryIs>
            </Polygon>
        </Placemark>
        <Placemark id="3862890">
            <name>38911020099.0</name>
            <description>PIN: 38911020099.0&lt;br&gt;Wetland %: 92.73&lt;br&gt;Flood %: 100.00&lt;br&gt;Parcel area (m²): 14837.99</description>
            <styleUrl>#3862895</styleUrl>
            <ExtendedData>
                <Data name="PIN">
                    <value>38911020099.0</value>
                </Data>
                <Data name="Wetland_%">
                    <value>92.73</value>
                </Data>
                <Data name="Flood_%">
                    <value>100.00</value>
                </Data>
                <Data name="Parcel_area_m2">
                    <value>14837.99</value>
                </Data>
            </ExtendedData>
            <Polygon id="3862889">
                <outerBoundaryIs>
                    <LinearRing id="3862893">
                        <coordinates>-78.79263380484602,33.79122551725405,0.0 -78.79242804461822,33.791250195515815,0.0 -78.79239968254403,33.791252762553064,0.0 -78.79237117572231,33.79125368274353,0.0 -78.79234266144687,33.79125295222256,0.0 -78.79231427684995,33.79125057343628,0.0 -78.79228615665069,33.79124655870944,0.0 -78.79228613085158,33.79124655373947,0.0 -78.79226012141635,33.791241317535025,0.0 -78.7922345734719,33.79123467980684,0.0 -78.79220954183386,33.79122665145442,0.0 -78.7921851895208,33.79121727867999,0.0 -78.79216162030217,33.79120660121708,0.0 -78.79213893346682,33.79119466503311,0.0 -78.7921172260515,33.79118151966313,0.0 -78.79209659056609,33.791167222679015,0.0 -78.79207711407524,33.79115183335948,0.0 -78.79205887913987,33.79113541811861,0.0 -78.79203853153145,33.79111422091587,0.0 -78.79202025288784,33.791091747379575,0.0 -78.79200415842936,33.791068138466905,0.0 -78.79199381149571,33.79105020705941,0.0 -78.79198472537425,33.791031805679495,0.0 -78.79197693199124,33.791012995327776,0.0 -78.79196170539107,33.79097248758632,0.0 -78.79192572816034,33.790876769130826,0.0 -78.79188975098631,33.79078105156459,0.0 -78.79185377283538,33.79068533306528,0.0 -78.79181779584407,33.79058961457293,0.0 -78.79178181890947,33.790493896969814,0.0 -78.79174584099802,33.79039817843365,0.0 -78.79170986424613,33.79030245990446,0.0 -78.7916802966057,33.79022379528897,0.0 -78.79167426710885,33.790206642606954,0.0 -78.79166785454204,33.79018512665992,0.0 -78.79166263704292,33.790163387608054,0.0 -78.79165084945372,33.79010763324855,0.0 -78.79164132828814,33.79006259664008,0.0 -78.79163809222673,33.7900521583269,0.0 -78.79163294084546,33.79004227030135,0.0 -78.79162599964452,33.79003317832968,0.0 -78.79161744119905,33.79002510376353,0.0 -78.79160747534964,33.79001824697265,0.0 -78.79159634731941,33.79001277648791,0.0 -78.79158433020196,33.79000882706331,0.0 -78.79157172291727,33.79000649513002,0.0 -78.79155883293582,33.79000583848778,0.0 -78.79154597848415,33.79000687454071,0.0 -78.79127414680292,33.79004693884632,0.0 -78.79124684911466,33.79005140518037,0.0 -78.79121977049009,33.79005672415535,0.0 -78.79118112638385,33.79006589639317,0.0 -78.79114180191044,33.790076200151354,0.0 -78.79109251953616,33.78994507952356,0.0 -78.79113184395564,33.78993477578075,0.0 -78.79115543606375,33.78992888679868,0.0 -78.79120022150903,33.7899192848113,0.0 -78.7912455345792,33.7899116052655,0.0 -78.7912478463973,33.78991126409758,0.0 -78.79139126079806,33.78989012658952,0.0 -78.79150958358233,33.78987268742748,0.0 -78.79162790631875,33.78985524815225,0.0 -78.79174622900737,33.78983780876388,0.0 -78.79182762680138,33.78982581123419,0.0 -78.79186468654646,33.789821007545534,0.0 -78.79190649999289,33.78981715002618,0.0 -78.79194848247921,33.78981491812074,0.0 -78.79199054312421,33.789814317423236,0.0 -78.79203259334439,33.78981534815702,0.0 -78.79207454026051,33.78981800956691,0.0 -78.79211629331427,33.7898222946258,0.0 -78.79223517779788,33.789836845313154,0.0 -78.79235111385033,33.789851034822576,0.0 -78.792469995197,33.789865584325014,0.0 -78.79258887656063,33.789880134614755,0.0 -78.79260205121236,33.78988085305039,0.0 -78.79261519441086,33.78987980309752,0.0 -78.79262796733934,33.78987701208515,0.0 -78.79264004192831,33.7898725517299,0.0 -78.79265110632338,33.78986653552729,0.0 -78.79266087563694,33.78985912074781,0.0 -78.79266909982918,33.78985049594977,0.0 -78.79267556577544,33.789840884624205,0.0 -78.79268010728374,33.78983053364794,0.0 -78.79269012944326,33.78980200416776,0.0 -78.79270113246862,33.789773727590664,0.0 -78.79277786380015,33.78958580433529,0.0 -78.79278404206711,33.78957067333812,0.0 -78.79280392528831,33.78952197528835,0.0 -78.79285188651856,33.78940451528788,0.0 -78.7928604182635,33.78938086763612,0.0 -78.7928668939561,33.78935676931933,0.0 -78.79287127907973,33.78933234509346,0.0 -78.79287355202847,33.78930772174874,0.0 -78.7928736998807,33.78928302442609,0.0 -78.79287172363617,33.789258383024425,0.0 -78.79286763196808,33.789233923069645,0.0 -78.79283200900976,33.789065439861275,0.0 -78.79299409256397,33.78904154880615,0.0 -78.79299763727961,33.78905272136535,0.0 -78.79300337430821,33.78906324032146,0.0 -78.79301114169499,33.789072806945654,0.0 -78.79302072057735,33.789081151258635,0.0 -78.79303183828542,33.78908803749769,0.0 -78.79304418116098,33.789093269757075,0.0 -78.79305739972506,33.789096701099595,0.0 -78.79307112055575,33.78909823376877,0.0 -78.79308495478746,33.78909782475175,0.0 -78.79313571354534,33.78909361764133,0.0 -78.79318663806635,33.789091165057116,0.0 -78.79323763967629,33.78909047082931,0.0 -78.79328863300948,33.78909153614145,0.0 -78.79333952950708,33.789094360316454,0.0 -78.79339270226552,33.789099203939514,0.0 -78.79344557424643,33.78910596694256,0.0 -78.79349804641666,33.78911463583479,0.0 -78.79353628318133,33.789122209380736,0.0 -78.79357421211004,33.78913079573022,0.0 -78.79361179456377,33.78914038517525,0.0 -78.79371736360082,33.789168865823434,0.0 -78.79380865113676,33.78919349299897,0.0 -78.79382215087402,33.78919611120092,0.0 -78.79383598619259,33.7891968006967,0.0 -78.79384976330775,33.78919554183899,0.0 -78.79386309242722,33.78919237007104,0.0 -78.79387559422989,33.78918737604194,0.0 -78.79388691512062,33.78918070046683,0.0 -78.79389673481151,33.78917253336022,0.0 -78.79390477298486,33.78916310693881,0.0 -78.79391080248064,33.78915268683722,0.0 -78.79391465258186,33.78914157036256,0.0 -78.7939136937947,33.78917784240707,0.0 -78.79391044296689,33.78921402128023,0.0 -78.79390490913288,33.78925000702629,0.0 -78.79389710893132,33.789285698021075,0.0 -78.79388706322796,33.78932099632338,0.0 -78.79387480049289,33.7893558023236,0.0 -78.79385607639706,33.78940418657439,0.0 -78.79385565141203,33.78939296683382,0.0 -78.79385304334195,33.78938195531153,0.0 -78.79384832248337,33.789371444590905,0.0 -78.79384161452248,33.7893617156155,0.0 -78.79383310074233,33.78935302957479,0.0 -78.7938230053659,33.78934561595365,0.0 -78.79381159877182,33.7893396734913,0.0 -78.7937991869048,33.78933536187519,0.0 -78.79369784782294,33.78930802281945,0.0 -78.79356118998692,33.789271155335065,0.0 -78.79351268618527,33.78925911988535,0.0 -78.793463554082,33.78924901241086,0.0 -78.7934139054142,33.78924085655006,0.0 -78.79336384992051,33.78923466959231,0.0 -78.79331349956824,33.78923046616091,0.0 -78.7932629686454,33.78922825460716,0.0 -78.79321236826996,33.78922804052011,0.0 -78.79316181183465,33.789229825019824,0.0 -78.79311141397325,33.78923360293504,0.0 -78.79309848238354,33.789235717408054,0.0 -78.79308611990781,33.789239527777085,0.0 -78.79307464553958,33.78924493690827,0.0 -78.79306435128285,33.78925180479477,0.0 -78.79305550192205,33.78925995757228,0.0 -78.79304832537305,33.789269184640844,0.0 -78.79304300374578,33.78927925023106,0.0 -78.79303967435459,33.78928989612771,0.0 -78.7930384230552,33.789300848766594,0.0 -78.79303722330536,33.78932549576173,0.0 -78.79303443839649,33.78935058260163,0.0 -78.79303008354754,33.78937551426931,0.0 -78.79302417027374,33.7894002206177,0.0 -78.79301671647647,33.789424635221415,0.0 -78.79300767201666,33.789448860008505,0.0 -78.79298453095392,33.789505538188024,0.0 -78.79294026569445,33.78961394811876,0.0 -78.79290149405776,33.789708902373185,0.0 -78.79286272339245,33.78980385753444,0.0 -78.79285691855577,33.78981807249782,0.0 -78.79284277693506,33.78985536404432,0.0 -78.79283060309513,33.789893136248004,0.0 -78.79282042155825,33.78993131739059,0.0 -78.79281290192289,33.78996636662548,0.0 -78.79280706176182,33.79000163883052,0.0 -78.79280290900854,33.79003707732442,0.0 -78.79280045051703,33.790072625406566,0.0 -78.7927996897137,33.790106206844584,0.0 -78.79280044017978,33.79013978817694,0.0 -78.79280298805456,33.79019651408535,0.0 -78.79280734321057,33.79029348034272,0.0 -78.79281184443556,33.79039373140618,0.0 -78.79281634677385,33.790493981585136,0.0 -78.79282084909953,33.790594232663516,0.0 -78.79282535145879,33.79069448283819,0.0 -78.79282985380536,33.790794733912236,0.0 -78.79283224652947,33.79084802511805,0.0 -78.7928348491811,33.7908949685221,0.0 -78.79283961643192,33.79095496930276,0.0 -78.79284599379545,33.791014865308604,0.0 -78.79285345659018,33.79107105470803,0.0 -78.79286233712382,33.79112710072518,0.0 -78.79287290068406,33.79118433035228,0.0 -78.79288494186508,33.79124135633158,0.0 -78.79288794050687,33.79125453771715,0.0 -78.79272631850964,33.79128053396738,0.0 -78.79272254163324,33.791269355461836,0.0 -78.79271656388383,33.79125886738214,0.0 -78.79270855583562,33.791249369512414,0.0 -78.79269874602824,33.79124113380795,0.0 -78.79268741471908,33.79123439526461,0.0 -78.79267488646289,33.79122934637468,0.0 -78.79266151834999,33.791226132407246,0.0 -78.79264769265534,33.79122484315978,0.0 -78.79263380484602,33.79122551725405,0.0</coordinates>
                    </LinearRing>
                </outerBoundaryIs>
            </Polygon>
        </Placemark>
        <Placemark id="3862904">
            <name>32605040001.0</name>
            <description>PIN: 32605040001.0&lt;br&gt;Wetland %: 0.00&lt;br&gt;Flood %: 100.00&lt;br&gt;Parcel area (m²): 18148.69</description>
            <styleUrl>#3862909</styleUrl>
            <ExtendedData>
                <Data name="PIN">
                    <value>32605040001.0</value>
                </Data>
                <Data name="Wetland_%">
                    <value>0.00</value>
                </Data>
                <Data name="Flood_%">
                    <value>100.00</value>
                </Data>
                <Data name="Parcel_area_m2">
                    <value>18148.69</value>
                </Data>
            </ExtendedData>
            <Polygon id="3862903">
                <outerBoundaryIs>
                    <LinearRing id="3862907">
                        <coordinates>-79.08586900879324,33.879897362347855,0.0 -79.08645713751929,33.879738882795834,0.0 -79.08666609848358,33.879682039157075,0.0 -79.08710548622305,33.87956467338973,0.0 -79.08719569118755,33.87954069611679,0.0 -79.08748370372038,33.879460882150106,0.0 -79.08769009175971,33.879770779595795,0.0 -79.08737954491376,33.87993464985031,0.0 -79.08727042565533,33.87999222984281,0.0 -79.08700749921628,33.8801309692349,0.0 -79.08694802998454,33.88016235014251,0.0 -79.08679947273238,33.880595536963575,0.0 -79.08701021995864,33.88087337407868,0.0 -79.08710659107544,33.88100042404944,0.0 -79.08715794794233,33.88106812949343,0.0 -79.08687042123816,33.8812150936755,0.0 -79.08662119077519,33.880887701494814,0.0 -79.08636023450664,33.88054587969072,0.0 -79.08586900879324,33.879897362347855,0.0</coordinates>
                    </LinearRing>
                </outerBoundaryIs>
            </Polygon>
        </Placemark>
        <Placemark id="3862918">
            <name>20404020003.0</name>
            <description>PIN: 20404020003.0&lt;br&gt;Wetland %: 0.00&lt;br&gt;Flood %: 100.00&lt;br&gt;Parcel area (m²): 23635.54</description>
            <styleUrl>#3862923</styleUrl>
            <ExtendedData>
                <Data name="PIN">
                    <value>20404020003.0</value>
                </Data>
                <Data name="Wetland_%">
                    <value>0.00</value>
                </Data>
                <Data name="Flood_%">
                    <value>100.00</value>
                </Data>
                <Data name="Parcel_area_m2">
                    <value>23635.54</value>
                </Data>
            </ExtendedData>
            <Polygon id="3862917">
                <outerBoundaryIs>
                    <LinearRing id="3862921">
                        <coordinates>-79.14517323057784,34.02692187207756,0.0 -79.14515099502648,34.02602350951021,0.0 -79.1457523043678,34.02603147566308,0.0 -79.1458163192672,34.0286175839921,0.0 -79.14521715968391,34.02869672328993,0.0 -79.14517323057784,34.02692187207756,0.0</coordinates>
                    </LinearRing>
                </outerBoundaryIs>
            </Polygon>
        </Placemark>
        <Placemark id="3862932">
            <name>20404020002.0</name>
            <description>PIN: 20404020002.0&lt;br&gt;Wetland %: 0.00&lt;br&gt;Flood %: 100.00&lt;br&gt;Parcel area (m²): 13086.79</description>
            <styleUrl>#3862937</styleUrl>
            <ExtendedData>
                <Data name="PIN">
                    <value>20404020002.0</value>
                </Data>
                <Data name="Wetland_%">
                    <value>0.00</value>
                </Data>
                <Data name="Flood_%">
                    <value>100.00</value>
                </Data>
                <Data name="Parcel_area_m2">
                    <value>13086.79</value>
                </Data>
            </ExtendedData>
            <Polygon id="3862931">
                <outerBoundaryIs>
                    <LinearRing id="3862935">
                        <coordinates>-79.14167106688933,34.02855989531958,0.0 -79.14196555240008,34.02751989777071,0.0 -79.14238251936007,34.02760194722329,0.0 -79.14265664152349,34.02765588643699,0.0 -79.1426410813706,34.02784301656508,0.0 -79.14256606205213,34.02874516108031,0.0 -79.142086898772,34.02864597433599,0.0 -79.14167106688933,34.02855989531958,0.0</coordinates>
                    </LinearRing>
                </outerBoundaryIs>
            </Polygon>
        </Placemark>
        <Placemark id="3862946">
            <name>20404030002.0</name>
            <description>PIN: 20404030002.0&lt;br&gt;Wetland %: 1.85&lt;br&gt;Flood %: 100.00&lt;br&gt;Parcel area (m²): 26471.87</description>
            <styleUrl>#3862951</styleUrl>
            <ExtendedData>
                <Data name="PIN">
                    <value>20404030002.0</value>
                </Data>
                <Data name="Wetland_%">
                    <value>1.85</value>
                </Data>
                <Data name="Flood_%">
                    <value>100.00</value>
                </Data>
                <Data name="Parcel_area_m2">
                    <value>26471.87</value>
                </Data>
            </ExtendedData>
            <Polygon id="3862945">
                <outerBoundaryIs>
                    <LinearRing id="3862949">
                        <coordinates>-79.14515099502648,34.02602350951021,0.0 -79.14517323057784,34.02692187207756,0.0 -79.14414669192573,34.02690826690157,0.0 -79.14315191119879,34.026895068848916,0.0 -79.14322954192808,34.02599803647302,0.0 -79.14515099502648,34.02602350951021,0.0</coordinates>
                    </LinearRing>
                </outerBoundaryIs>
            </Polygon>
        </Placemark>
        <Placemark id="3862960">
            <name>20404010004.0</name>
            <description>PIN: 20404010004.0&lt;br&gt;Wetland %: 0.00&lt;br&gt;Flood %: 100.00&lt;br&gt;Parcel area (m²): 23635.30</description>
            <styleUrl>#3862965</styleUrl>
            <ExtendedData>
                <Data name="PIN">
                    <value>20404010004.0</value>
                </Data>
                <Data name="Wetland_%">
                    <value>0.00</value>
                </Data>
                <Data name="Flood_%">
                    <value>100.00</value>
                </Data>
                <Data name="Parcel_area_m2">
                    <value>23635.30</value>
                </Data>
            </ExtendedData>
            <Polygon id="3862959">
                <outerBoundaryIs>
                    <LinearRing id="3862963">
                        <coordinates>-79.1457523043678,34.02603147566308,0.0 -79.14637457306924,34.02603971496277,0.0 -79.14643637521009,34.02853568132185,0.0 -79.1458163192672,34.0286175839921,0.0 -79.1457523043678,34.02603147566308,0.0</coordinates>
                    </LinearRing>
                </outerBoundaryIs>
            </Polygon>
        </Placemark>
        <Placemark id="3862974">
            <name>17613040015.0</name>
            <description>PIN: 17613040015.0&lt;br&gt;Wetland %: 6.90&lt;br&gt;Flood %: 100.00&lt;br&gt;Parcel area (m²): 15015.71</description>
            <styleUrl>#3862979</styleUrl>
            <ExtendedData>
                <Data name="PIN">
                    <value>17613040015.0</value>
                </Data>
                <Data name="Wetland_%">
                    <value>6.90</value>
                </Data>
                <Data name="Flood_%">
                    <value>100.00</value>
                </Data>
                <Data name="Parcel_area_m2">
                    <value>15015.71</value>
                </Data>
            </ExtendedData>
            <Polygon id="3862973">
                <outerBoundaryIs>
                    <LinearRing id="3862977">
                        <coordinates>-78.88405871146821,34.05704956480113,0.0 -78.8837703427025,34.056970557789086,0.0 -78.88392955029374,34.056599710115705,0.0 -78.88411047056846,34.056178282489824,0.0 -78.88413002713018,34.056132727344426,0.0 -78.8842436831909,34.055867979033444,0.0 -78.8847467323736,34.05599179288324,0.0 -78.88525234744749,34.056116236397024,0.0 -78.88513570492337,34.05640824895651,0.0 -78.88513060835047,34.05642100577666,0.0 -78.8849665386206,34.05641508488628,0.0 -78.8848195189581,34.05640977894092,0.0 -78.8846512803282,34.05680698812749,0.0 -78.8844977490568,34.05716946835846,0.0 -78.88449773720897,34.05716946545092,0.0 -78.88405871146821,34.05704956480113,0.0</coordinates>
                    </LinearRing>
                </outerBoundaryIs>
            </Polygon>
        </Placemark>
        <Placemark id="3862988">
            <name>17614030024.0</name>
            <description>PIN: 17614030024.0&lt;br&gt;Wetland %: 6.52&lt;br&gt;Flood %: 100.00&lt;br&gt;Parcel area (m²): 14990.69</description>
            <styleUrl>#3862993</styleUrl>
            <ExtendedData>
                <Data name="PIN">
                    <value>17614030024.0</value>
                </Data>
                <Data name="Wetland_%">
                    <value>6.52</value>
                </Data>
                <Data name="Flood_%">
                    <value>100.00</value>
                </Data>
                <Data name="Parcel_area_m2">
                    <value>14990.69</value>
                </Data>
            </ExtendedData>
            <Polygon id="3862987">
                <outerBoundaryIs>
                    <LinearRing id="3862991">
                        <coordinates>-78.8844977490568,34.05716946835846,0.0 -78.8846512803282,34.05680698812749,0.0 -78.8848195189581,34.05640977894092,0.0 -78.8849665386206,34.05641508488628,0.0 -78.88513060835047,34.05642100577666,0.0 -78.88513570492337,34.05640824895651,0.0 -78.88525234744749,34.056116236397024,0.0 -78.88534653373033,34.05614178195009,0.0 -78.88585963160219,34.05628094278752,0.0 -78.88574726956477,34.05654083805717,0.0 -78.88537234043956,34.05740832125072,0.0 -78.8844977490568,34.05716946835846,0.0</coordinates>
                    </LinearRing>
                </outerBoundaryIs>
            </Polygon>
        </Placemark>
    </Document>
</kml>
