<?xml version="1.0" encoding="UTF-8"?>
<kml xmlns="http://www.opengis.net/kml/2.2" xmlns:gx="http://www.google.com/kml/ext/2.2">
    <Document id="2724781">
        <Style id="2724788">
            <LineStyle id="2724790">
                <color>ffffffff</color>
                <colorMode>normal</colorMode>
                <width>1</width>
            </LineStyle>
            <PolyStyle id="2724789">
                <color>80008000</color>
                <colorMode>normal</colorMode>
                <fill>1</fill>
                <outline>1</outline>
            </PolyStyle>
        </Style>
        <Style id="2724802">
            <LineStyle id="2724804">
                <color>ffffffff</color>
                <colorMode>normal</colorMode>
                <width>1</width>
            </LineStyle>
            <PolyStyle id="2724803">
                <color>8000a5ff</color>
                <colorMode>normal</colorMode>
                <fill>1</fill>
                <outline>1</outline>
            </PolyStyle>
        </Style>
        <Style id="2724811">
            <LineStyle id="2724813">
                <color>ffffffff</color>
                <colorMode>normal</colorMode>
                <width>1</width>
            </LineStyle>
            <PolyStyle id="2724812">
                <color>8000a5ff</color>
                <colorMode>normal</colorMode>
                <fill>1</fill>
                <outline>1</outline>
            </PolyStyle>
        </Style>
        <Style id="2724820">
            <LineStyle id="2724822">
                <color>ffffffff</color>
                <colorMode>normal</colorMode>
                <width>1</width>
            </LineStyle>
            <PolyStyle id="2724821">
                <color>8000a5ff</color>
                <colorMode>normal</colorMode>
                <fill>1</fill>
                <outline>1</outline>
            </PolyStyle>
        </Style>
        <Style id="2724834">
            <LineStyle id="2724836">
                <color>ffffffff</color>
                <colorMode>normal</colorMode>
                <width>1</width>
            </LineStyle>
            <PolyStyle id="2724835">
                <color>80008000</color>
                <colorMode>normal</colorMode>
                <fill>1</fill>
                <outline>1</outline>
            </PolyStyle>
        </Style>
        <Style id="2724848">
            <LineStyle id="2724850">
                <color>ffffffff</color>
                <colorMode>normal</colorMode>
                <width>1</width>
            </LineStyle>
            <PolyStyle id="2724849">
                <color>80008000</color>
                <colorMode>normal</colorMode>
                <fill>1</fill>
                <outline>1</outline>
            </PolyStyle>
        </Style>
        <Style id="2724862">
            <LineStyle id="2724864">
                <color>ffffffff</color>
                <colorMode>normal</colorMode>
                <width>1</width>
            </LineStyle>
            <PolyStyle id="2724863">
                <color>8000a5ff</color>
                <colorMode>normal</colorMode>
                <fill>1</fill>
                <outline>1</outline>
            </PolyStyle>
        </Style>
        <Style id="2724876">
            <LineStyle id="2724878">
                <color>ffffffff</color>
                <colorMode>normal</colorMode>
                <width>1</width>
            </LineStyle>
            <PolyStyle id="2724877">
                <color>8000a5ff</color>
                <colorMode>normal</colorMode>
                <fill>1</fill>
                <outline>1</outline>
            </PolyStyle>
        </Style>
        <Style id="2724890">
            <LineStyle id="2724892">
                <color>ffffffff</color>
                <colorMode>normal</colorMode>
                <width>1</width>
            </LineStyle>
            <PolyStyle id="2724891">
                <color>80008000</color>
                <colorMode>normal</colorMode>
                <fill>1</fill>
                <outline>1</outline>
            </PolyStyle>
        </Style>
        <Style id="2724904">
            <LineStyle id="2724906">
                <color>ffffffff</color>
                <colorMode>normal</colorMode>
                <width>1</width>
            </LineStyle>
            <PolyStyle id="2724905">
                <color>80008000</color>
                <colorMode>normal</colorMode>
                <fill>1</fill>
                <outline>1</outline>
            </PolyStyle>
        </Style>
        <Style id="2724918">
            <LineStyle id="2724920">
                <color>ffffffff</color>
                <colorMode>normal</colorMode>
                <width>1</width>
            </LineStyle>
            <PolyStyle id="2724919">
                <color>800000ff</color>
                <colorMode>normal</colorMode>
                <fill>1</fill>
                <outline>1</outline>
            </PolyStyle>
        </Style>
        <Style id="2724927">
            <LineStyle id="2724929">
                <color>ffffffff</color>
                <colorMode>normal</colorMode>
                <width>1</width>
            </LineStyle>
            <PolyStyle id="2724928">
                <color>800000ff</color>
                <colorMode>normal</colorMode>
                <fill>1</fill>
                <outline>1</outline>
            </PolyStyle>
        </Style>
        <Style id="2724936">
            <LineStyle id="2724938">
                <color>ffffffff</color>
                <colorMode>normal</colorMode>
                <width>1</width>
            </LineStyle>
            <PolyStyle id="2724937">
                <color>800000ff</color>
                <colorMode>normal</colorMode>
                <fill>1</fill>
                <outline>1</outline>
            </PolyStyle>
        </Style>
        <Style id="2724950">
            <LineStyle id="2724952">
                <color>ffffffff</color>
                <colorMode>normal</colorMode>
                <width>1</width>
            </LineStyle>
            <PolyStyle id="2724951">
                <color>800000ff</color>
                <colorMode>normal</colorMode>
                <fill>1</fill>
                <outline>1</outline>
            </PolyStyle>
        </Style>
        <Style id="2724964">
            <LineStyle id="2724966">
                <color>ffffffff</color>
                <colorMode>normal</colorMode>
                <width>1</width>
            </LineStyle>
            <PolyStyle id="2724965">
                <color>800000ff</color>
                <colorMode>normal</colorMode>
                <fill>1</fill>
                <outline>1</outline>
            </PolyStyle>
        </Style>
        <Style id="2724978">
            <LineStyle id="2724980">
                <color>ffffffff</color>
                <colorMode>normal</colorMode>
                <width>1</width>
            </LineStyle>
            <PolyStyle id="2724979">
                <color>800000ff</color>
                <colorMode>normal</colorMode>
                <fill>1</fill>
                <outline>1</outline>
            </PolyStyle>
        </Style>
        <Style id="2724992">
            <LineStyle id="2724994">
                <color>ffffffff</color>
                <colorMode>normal</colorMode>
                <width>1</width>
            </LineStyle>
            <PolyStyle id="2724993">
                <color>8000a5ff</color>
                <colorMode>normal</colorMode>
                <fill>1</fill>
                <outline>1</outline>
            </PolyStyle>
        </Style>
        <Style id="2725006">
            <LineStyle id="2725008">
                <color>ffffffff</color>
                <colorMode>normal</colorMode>
                <width>1</width>
            </LineStyle>
            <PolyStyle id="2725007">
                <color>8000a5ff</color>
                <colorMode>normal</colorMode>
                <fill>1</fill>
                <outline>1</outline>
            </PolyStyle>
        </Style>
        <Style id="2725020">
            <LineStyle id="2725022">
                <color>ffffffff</color>
                <colorMode>normal</colorMode>
                <width>1</width>
            </LineStyle>
            <PolyStyle id="2725021">
                <color>800000ff</color>
                <colorMode>normal</colorMode>
                <fill>1</fill>
                <outline>1</outline>
            </PolyStyle>
        </Style>
        <Style id="2725029">
            <LineStyle id="2725031">
                <color>ffffffff</color>
                <colorMode>normal</colorMode>
                <width>1</width>
            </LineStyle>
            <PolyStyle id="2725030">
                <color>800000ff</color>
                <colorMode>normal</colorMode>
                <fill>1</fill>
                <outline>1</outline>
            </PolyStyle>
        </Style>
        <Style id="2725043">
            <LineStyle id="2725045">
                <color>ffffffff</color>
                <colorMode>normal</colorMode>
                <width>1</width>
            </LineStyle>
            <PolyStyle id="2725044">
                <color>8000a5ff</color>
                <colorMode>normal</colorMode>
                <fill>1</fill>
                <outline>1</outline>
            </PolyStyle>
        </Style>
        <Style id="2725057">
            <LineStyle id="2725059">
                <color>ffffffff</color>
                <colorMode>normal</colorMode>
                <width>1</width>
            </LineStyle>
            <PolyStyle id="2725058">
                <color>8000a5ff</color>
                <colorMode>normal</colorMode>
                <fill>1</fill>
                <outline>1</outline>
            </PolyStyle>
        </Style>
        <Style id="2725071">
            <LineStyle id="2725073">
                <color>ffffffff</color>
                <colorMode>normal</colorMode>
                <width>1</width>
            </LineStyle>
            <PolyStyle id="2725072">
                <color>800000ff</color>
                <colorMode>normal</colorMode>
                <fill>1</fill>
                <outline>1</outline>
            </PolyStyle>
        </Style>
        <Style id="2725085">
            <LineStyle id="2725087">
                <color>ffffffff</color>
                <colorMode>normal</colorMode>
                <width>1</width>
            </LineStyle>
            <PolyStyle id="2725086">
                <color>8000a5ff</color>
                <colorMode>normal</colorMode>
                <fill>1</fill>
                <outline>1</outline>
            </PolyStyle>
        </Style>
        <Style id="2725099">
            <LineStyle id="2725101">
                <color>ffffffff</color>
                <colorMode>normal</colorMode>
                <width>1</width>
            </LineStyle>
            <PolyStyle id="2725100">
                <color>8000a5ff</color>
                <colorMode>normal</colorMode>
                <fill>1</fill>
                <outline>1</outline>
            </PolyStyle>
        </Style>
        <Style id="2725113">
            <LineStyle id="2725115">
                <color>ffffffff</color>
                <colorMode>normal</colorMode>
                <width>1</width>
            </LineStyle>
            <PolyStyle id="2725114">
                <color>80008000</color>
                <colorMode>normal</colorMode>
                <fill>1</fill>
                <outline>1</outline>
            </PolyStyle>
        </Style>
        <Style id="2725127">
            <LineStyle id="2725129">
                <color>ffffffff</color>
                <colorMode>normal</colorMode>
                <width>1</width>
            </LineStyle>
            <PolyStyle id="2725128">
                <color>80008000</color>
                <colorMode>normal</colorMode>
                <fill>1</fill>
                <outline>1</outline>
            </PolyStyle>
        </Style>
        <Style id="2725141">
            <LineStyle id="2725143">
                <color>ffffffff</color>
                <colorMode>normal</colorMode>
                <width>1</width>
            </LineStyle>
            <PolyStyle id="2725142">
                <color>80008000</color>
                <colorMode>normal</colorMode>
                <fill>1</fill>
                <outline>1</outline>
            </PolyStyle>
        </Style>
        <Style id="2725155">
            <LineStyle id="2725157">
                <color>ffffffff</color>
                <colorMode>normal</colorMode>
                <width>1</width>
            </LineStyle>
            <PolyStyle id="2725156">
                <color>80008000</color>
                <colorMode>normal</colorMode>
                <fill>1</fill>
                <outline>1</outline>
            </PolyStyle>
        </Style>
        <Style id="2725169">
            <LineStyle id="2725171">
                <color>ffffffff</color>
                <colorMode>normal</colorMode>
                <width>1</width>
            </LineStyle>
            <PolyStyle id="2725170">
                <color>80008000</color>
                <colorMode>normal</colorMode>
                <fill>1</fill>
                <outline>1</outline>
            </PolyStyle>
        </Style>
        <Style id="2725183">
            <LineStyle id="2725185">
                <color>ffffffff</color>
                <colorMode>normal</colorMode>
                <width>1</width>
            </LineStyle>
            <PolyStyle id="2725184">
                <color>8000a5ff</color>
                <colorMode>normal</colorMode>
                <fill>1</fill>
                <outline>1</outline>
            </PolyStyle>
        </Style>
        <Style id="2725197">
            <LineStyle id="2725199">
                <color>ffffffff</color>
                <colorMode>normal</colorMode>
                <width>1</width>
            </LineStyle>
            <PolyStyle id="2725198">
                <color>8000a5ff</color>
                <colorMode>normal</colorMode>
                <fill>1</fill>
                <outline>1</outline>
            </PolyStyle>
        </Style>
        <Style id="2725211">
            <LineStyle id="2725213">
                <color>ffffffff</color>
                <colorMode>normal</colorMode>
                <width>1</width>
            </LineStyle>
            <PolyStyle id="2725212">
                <color>800000ff</color>
                <colorMode>normal</colorMode>
                <fill>1</fill>
                <outline>1</outline>
            </PolyStyle>
        </Style>
        <Style id="2725225">
            <LineStyle id="2725227">
                <color>ffffffff</color>
                <colorMode>normal</colorMode>
                <width>1</width>
            </LineStyle>
            <PolyStyle id="2725226">
                <color>8000a5ff</color>
                <colorMode>normal</colorMode>
                <fill>1</fill>
                <outline>1</outline>
            </PolyStyle>
        </Style>
        <Style id="2725239">
            <LineStyle id="2725241">
                <color>ffffffff</color>
                <colorMode>normal</colorMode>
                <width>1</width>
            </LineStyle>
            <PolyStyle id="2725240">
                <color>8000a5ff</color>
                <colorMode>normal</colorMode>
                <fill>1</fill>
                <outline>1</outline>
            </PolyStyle>
        </Style>
        <Style id="2725253">
            <LineStyle id="2725255">
                <color>ffffffff</color>
                <colorMode>normal</colorMode>
                <width>1</width>
            </LineStyle>
            <PolyStyle id="2725254">
                <color>8000a5ff</color>
                <colorMode>normal</colorMode>
                <fill>1</fill>
                <outline>1</outline>
            </PolyStyle>
        </Style>
        <Style id="2725267">
            <LineStyle id="2725269">
                <color>ffffffff</color>
                <colorMode>normal</colorMode>
                <width>1</width>
            </LineStyle>
            <PolyStyle id="2725268">
                <color>8000a5ff</color>
                <colorMode>normal</colorMode>
                <fill>1</fill>
                <outline>1</outline>
            </PolyStyle>
        </Style>
        <Style id="2725281">
            <LineStyle id="2725283">
                <color>ffffffff</color>
                <colorMode>normal</colorMode>
                <width>1</width>
            </LineStyle>
            <PolyStyle id="2725282">
                <color>8000a5ff</color>
                <colorMode>normal</colorMode>
                <fill>1</fill>
                <outline>1</outline>
            </PolyStyle>
        </Style>
        <Style id="2725295">
            <LineStyle id="2725297">
                <color>ffffffff</color>
                <colorMode>normal</colorMode>
                <width>1</width>
            </LineStyle>
            <PolyStyle id="2725296">
                <color>8000a5ff</color>
                <colorMode>normal</colorMode>
                <fill>1</fill>
                <outline>1</outline>
            </PolyStyle>
        </Style>
        <Style id="2725309">
            <LineStyle id="2725311">
                <color>ffffffff</color>
                <colorMode>normal</colorMode>
                <width>1</width>
            </LineStyle>
            <PolyStyle id="2725310">
                <color>8000a5ff</color>
                <colorMode>normal</colorMode>
                <fill>1</fill>
                <outline>1</outline>
            </PolyStyle>
        </Style>
        <Style id="2725323">
            <LineStyle id="2725325">
                <color>ffffffff</color>
                <colorMode>normal</colorMode>
                <width>1</width>
            </LineStyle>
            <PolyStyle id="2725324">
                <color>8000a5ff</color>
                <colorMode>normal</colorMode>
                <fill>1</fill>
                <outline>1</outline>
            </PolyStyle>
        </Style>
        <Style id="2725332">
            <LineStyle id="2725334">
                <color>ffffffff</color>
                <colorMode>normal</colorMode>
                <width>1</width>
            </LineStyle>
            <PolyStyle id="2725333">
                <color>8000a5ff</color>
                <colorMode>normal</colorMode>
                <fill>1</fill>
                <outline>1</outline>
            </PolyStyle>
        </Style>
        <Style id="2725346">
            <LineStyle id="2725348">
                <color>ffffffff</color>
                <colorMode>normal</colorMode>
                <width>1</width>
            </LineStyle>
            <PolyStyle id="2725347">
                <color>8000a5ff</color>
                <colorMode>normal</colorMode>
                <fill>1</fill>
                <outline>1</outline>
            </PolyStyle>
        </Style>
        <Style id="2725360">
            <LineStyle id="2725362">
                <color>ffffffff</color>
                <colorMode>normal</colorMode>
                <width>1</width>
            </LineStyle>
            <PolyStyle id="2725361">
                <color>8000a5ff</color>
                <colorMode>normal</colorMode>
                <fill>1</fill>
                <outline>1</outline>
            </PolyStyle>
        </Style>
        <Style id="2725369">
            <LineStyle id="2725371">
                <color>ffffffff</color>
                <colorMode>normal</colorMode>
                <width>1</width>
            </LineStyle>
            <PolyStyle id="2725370">
                <color>8000a5ff</color>
                <colorMode>normal</colorMode>
                <fill>1</fill>
                <outline>1</outline>
            </PolyStyle>
        </Style>
        <Style id="2725378">
            <LineStyle id="2725380">
                <color>ffffffff</color>
                <colorMode>normal</colorMode>
                <width>1</width>
            </LineStyle>
            <PolyStyle id="2725379">
                <color>8000a5ff</color>
                <colorMode>normal</colorMode>
                <fill>1</fill>
                <outline>1</outline>
            </PolyStyle>
        </Style>
        <Style id="2725392">
            <LineStyle id="2725394">
                <color>ffffffff</color>
                <colorMode>normal</colorMode>
                <width>1</width>
            </LineStyle>
            <PolyStyle id="2725393">
                <color>8000a5ff</color>
                <colorMode>normal</colorMode>
                <fill>1</fill>
                <outline>1</outline>
            </PolyStyle>
        </Style>
        <Style id="2725401">
            <LineStyle id="2725403">
                <color>ffffffff</color>
                <colorMode>normal</colorMode>
                <width>1</width>
            </LineStyle>
            <PolyStyle id="2725402">
                <color>8000a5ff</color>
                <colorMode>normal</colorMode>
                <fill>1</fill>
                <outline>1</outline>
            </PolyStyle>
        </Style>
        <Style id="2725410">
            <LineStyle id="2725412">
                <color>ffffffff</color>
                <colorMode>normal</colorMode>
                <width>1</width>
            </LineStyle>
            <PolyStyle id="2725411">
                <color>8000a5ff</color>
                <colorMode>normal</colorMode>
                <fill>1</fill>
                <outline>1</outline>
            </PolyStyle>
        </Style>
        <Style id="2725424">
            <LineStyle id="2725426">
                <color>ffffffff</color>
                <colorMode>normal</colorMode>
                <width>1</width>
            </LineStyle>
            <PolyStyle id="2725425">
                <color>8000a5ff</color>
                <colorMode>normal</colorMode>
                <fill>1</fill>
                <outline>1</outline>
            </PolyStyle>
        </Style>
        <Style id="2725438">
            <LineStyle id="2725440">
                <color>ffffffff</color>
                <colorMode>normal</colorMode>
                <width>1</width>
            </LineStyle>
            <PolyStyle id="2725439">
                <color>8000a5ff</color>
                <colorMode>normal</colorMode>
                <fill>1</fill>
                <outline>1</outline>
            </PolyStyle>
        </Style>
        <Style id="2725452">
            <LineStyle id="2725454">
                <color>ffffffff</color>
                <colorMode>normal</colorMode>
                <width>1</width>
            </LineStyle>
            <PolyStyle id="2725453">
                <color>8000a5ff</color>
                <colorMode>normal</colorMode>
                <fill>1</fill>
                <outline>1</outline>
            </PolyStyle>
        </Style>
        <Style id="2725466">
            <LineStyle id="2725468">
                <color>ffffffff</color>
                <colorMode>normal</colorMode>
                <width>1</width>
            </LineStyle>
            <PolyStyle id="2725467">
                <color>800000ff</color>
                <colorMode>normal</colorMode>
                <fill>1</fill>
                <outline>1</outline>
            </PolyStyle>
        </Style>
        <Style id="2725480">
            <LineStyle id="2725482">
                <color>ffffffff</color>
                <colorMode>normal</colorMode>
                <width>1</width>
            </LineStyle>
            <PolyStyle id="2725481">
                <color>8000a5ff</color>
                <colorMode>normal</colorMode>
                <fill>1</fill>
                <outline>1</outline>
            </PolyStyle>
        </Style>
        <Style id="2725494">
            <LineStyle id="2725496">
                <color>ffffffff</color>
                <colorMode>normal</colorMode>
                <width>1</width>
            </LineStyle>
            <PolyStyle id="2725495">
                <color>80008000</color>
                <colorMode>normal</colorMode>
                <fill>1</fill>
                <outline>1</outline>
            </PolyStyle>
        </Style>
        <Style id="2725508">
            <LineStyle id="2725510">
                <color>ffffffff</color>
                <colorMode>normal</colorMode>
                <width>1</width>
            </LineStyle>
            <PolyStyle id="2725509">
                <color>8000a5ff</color>
                <colorMode>normal</colorMode>
                <fill>1</fill>
                <outline>1</outline>
            </PolyStyle>
        </Style>
        <Style id="2725522">
            <LineStyle id="2725524">
                <color>ffffffff</color>
                <colorMode>normal</colorMode>
                <width>1</width>
            </LineStyle>
            <PolyStyle id="2725523">
                <color>800000ff</color>
                <colorMode>normal</colorMode>
                <fill>1</fill>
                <outline>1</outline>
            </PolyStyle>
        </Style>
        <Style id="2725536">
            <LineStyle id="2725538">
                <color>ffffffff</color>
                <colorMode>normal</colorMode>
                <width>1</width>
            </LineStyle>
            <PolyStyle id="2725537">
                <color>8000a5ff</color>
                <colorMode>normal</colorMode>
                <fill>1</fill>
                <outline>1</outline>
            </PolyStyle>
        </Style>
        <Style id="2725550">
            <LineStyle id="2725552">
                <color>ffffffff</color>
                <colorMode>normal</colorMode>
                <width>1</width>
            </LineStyle>
            <PolyStyle id="2725551">
                <color>80008000</color>
                <colorMode>normal</colorMode>
                <fill>1</fill>
                <outline>1</outline>
            </PolyStyle>
        </Style>
        <Style id="2725564">
            <LineStyle id="2725566">
                <color>ffffffff</color>
                <colorMode>normal</colorMode>
                <width>1</width>
            </LineStyle>
            <PolyStyle id="2725565">
                <color>80008000</color>
                <colorMode>normal</colorMode>
                <fill>1</fill>
                <outline>1</outline>
            </PolyStyle>
        </Style>
        <Style id="2725573">
            <LineStyle id="2725575">
                <color>ffffffff</color>
                <colorMode>normal</colorMode>
                <width>1</width>
            </LineStyle>
            <PolyStyle id="2725574">
                <color>80008000</color>
                <colorMode>normal</colorMode>
                <fill>1</fill>
                <outline>1</outline>
            </PolyStyle>
        </Style>
        <Style id="2725587">
            <LineStyle id="2725589">
                <color>ffffffff</color>
                <colorMode>normal</colorMode>
                <width>1</width>
            </LineStyle>
            <PolyStyle id="2725588">
                <color>80008000</color>
                <colorMode>normal</colorMode>
                <fill>1</fill>
                <outline>1</outline>
            </PolyStyle>
        </Style>
        <Style id="2725596">
            <LineStyle id="2725598">
                <color>ffffffff</color>
                <colorMode>normal</colorMode>
                <width>1</width>
            </LineStyle>
            <PolyStyle id="2725597">
                <color>80008000</color>
                <colorMode>normal</colorMode>
                <fill>1</fill>
                <outline>1</outline>
            </PolyStyle>
        </Style>
        <Style id="2725610">
            <LineStyle id="2725612">
                <color>ffffffff</color>
                <colorMode>normal</colorMode>
                <width>1</width>
            </LineStyle>
            <PolyStyle id="2725611">
                <color>80008000</color>
                <colorMode>normal</colorMode>
                <fill>1</fill>
                <outline>1</outline>
            </PolyStyle>
        </Style>
        <Style id="2725624">
            <LineStyle id="2725626">
                <color>ffffffff</color>
                <colorMode>normal</colorMode>
                <width>1</width>
            </LineStyle>
            <PolyStyle id="2725625">
                <color>80008000</color>
                <colorMode>normal</colorMode>
                <fill>1</fill>
                <outline>1</outline>
            </PolyStyle>
        </Style>
        <Style id="2725638">
            <LineStyle id="2725640">
                <color>ffffffff</color>
                <colorMode>normal</colorMode>
                <width>1</width>
            </LineStyle>
            <PolyStyle id="2725639">
                <color>80008000</color>
                <colorMode>normal</colorMode>
                <fill>1</fill>
                <outline>1</outline>
            </PolyStyle>
        </Style>
        <Style id="2725652">
            <LineStyle id="2725654">
                <color>ffffffff</color>
                <colorMode>normal</colorMode>
                <width>1</width>
            </LineStyle>
            <PolyStyle id="2725653">
                <color>8000a5ff</color>
                <colorMode>normal</colorMode>
                <fill>1</fill>
                <outline>1</outline>
            </PolyStyle>
        </Style>
        <Style id="2725666">
            <LineStyle id="2725668">
                <color>ffffffff</color>
                <colorMode>normal</colorMode>
                <width>1</width>
            </LineStyle>
            <PolyStyle id="2725667">
                <color>80008000</color>
                <colorMode>normal</colorMode>
                <fill>1</fill>
                <outline>1</outline>
            </PolyStyle>
        </Style>
        <Style id="2725680">
            <LineStyle id="2725682">
                <color>ffffffff</color>
                <colorMode>normal</colorMode>
                <width>1</width>
            </LineStyle>
            <PolyStyle id="2725681">
                <color>8000a5ff</color>
                <colorMode>normal</colorMode>
                <fill>1</fill>
                <outline>1</outline>
            </PolyStyle>
        </Style>
        <Style id="2725694">
            <LineStyle id="2725696">
                <color>ffffffff</color>
                <colorMode>normal</colorMode>
                <width>1</width>
            </LineStyle>
            <PolyStyle id="2725695">
                <color>8000a5ff</color>
                <colorMode>normal</colorMode>
                <fill>1</fill>
                <outline>1</outline>
            </PolyStyle>
        </Style>
        <Style id="2725708">
            <LineStyle id="2725710">
                <color>ffffffff</color>
                <colorMode>normal</colorMode>
                <width>1</width>
            </LineStyle>
            <PolyStyle id="2725709">
                <color>8000a5ff</color>
                <colorMode>normal</colorMode>
                <fill>1</fill>
                <outline>1</outline>
            </PolyStyle>
        </Style>
        <Style id="2725722">
            <LineStyle id="2725724">
                <color>ffffffff</color>
                <colorMode>normal</colorMode>
                <width>1</width>
            </LineStyle>
            <PolyStyle id="2725723">
                <color>80008000</color>
                <colorMode>normal</colorMode>
                <fill>1</fill>
                <outline>1</outline>
            </PolyStyle>
        </Style>
        <Style id="2725736">
            <LineStyle id="2725738">
                <color>ffffffff</color>
                <colorMode>normal</colorMode>
                <width>1</width>
            </LineStyle>
            <PolyStyle id="2725737">
                <color>8000a5ff</color>
                <colorMode>normal</colorMode>
                <fill>1</fill>
                <outline>1</outline>
            </PolyStyle>
        </Style>
        <Style id="2725750">
            <LineStyle id="2725752">
                <color>ffffffff</color>
                <colorMode>normal</colorMode>
                <width>1</width>
            </LineStyle>
            <PolyStyle id="2725751">
                <color>8000a5ff</color>
                <colorMode>normal</colorMode>
                <fill>1</fill>
                <outline>1</outline>
            </PolyStyle>
        </Style>
        <Style id="2725764">
            <LineStyle id="2725766">
                <color>ffffffff</color>
                <colorMode>normal</colorMode>
                <width>1</width>
            </LineStyle>
            <PolyStyle id="2725765">
                <color>80008000</color>
                <colorMode>normal</colorMode>
                <fill>1</fill>
                <outline>1</outline>
            </PolyStyle>
        </Style>
        <Style id="2725778">
            <LineStyle id="2725780">
                <color>ffffffff</color>
                <colorMode>normal</colorMode>
                <width>1</width>
            </LineStyle>
            <PolyStyle id="2725779">
                <color>80008000</color>
                <colorMode>normal</colorMode>
                <fill>1</fill>
                <outline>1</outline>
            </PolyStyle>
        </Style>
        <Style id="2725787">
            <LineStyle id="2725789">
                <color>ffffffff</color>
                <colorMode>normal</colorMode>
                <width>1</width>
            </LineStyle>
            <PolyStyle id="2725788">
                <color>80008000</color>
                <colorMode>normal</colorMode>
                <fill>1</fill>
                <outline>1</outline>
            </PolyStyle>
        </Style>
        <Style id="2725801">
            <LineStyle id="2725803">
                <color>ffffffff</color>
                <colorMode>normal</colorMode>
                <width>1</width>
            </LineStyle>
            <PolyStyle id="2725802">
                <color>80008000</color>
                <colorMode>normal</colorMode>
                <fill>1</fill>
                <outline>1</outline>
            </PolyStyle>
        </Style>
        <Style id="2725815">
            <LineStyle id="2725817">
                <color>ffffffff</color>
                <colorMode>normal</colorMode>
                <width>1</width>
            </LineStyle>
            <PolyStyle id="2725816">
                <color>8000a5ff</color>
                <colorMode>normal</colorMode>
                <fill>1</fill>
                <outline>1</outline>
            </PolyStyle>
        </Style>
        <Style id="2725829">
            <LineStyle id="2725831">
                <color>ffffffff</color>
                <colorMode>normal</colorMode>
                <width>1</width>
            </LineStyle>
            <PolyStyle id="2725830">
                <color>800000ff</color>
                <colorMode>normal</colorMode>
                <fill>1</fill>
                <outline>1</outline>
            </PolyStyle>
        </Style>
        <Style id="2725843">
            <LineStyle id="2725845">
                <color>ffffffff</color>
                <colorMode>normal</colorMode>
                <width>1</width>
            </LineStyle>
            <PolyStyle id="2725844">
                <color>800000ff</color>
                <colorMode>normal</colorMode>
                <fill>1</fill>
                <outline>1</outline>
            </PolyStyle>
        </Style>
        <Style id="2725852">
            <LineStyle id="2725854">
                <color>ffffffff</color>
                <colorMode>normal</colorMode>
                <width>1</width>
            </LineStyle>
            <PolyStyle id="2725853">
                <color>800000ff</color>
                <colorMode>normal</colorMode>
                <fill>1</fill>
                <outline>1</outline>
            </PolyStyle>
        </Style>
        <Style id="2725866">
            <LineStyle id="2725868">
                <color>ffffffff</color>
                <colorMode>normal</colorMode>
                <width>1</width>
            </LineStyle>
            <PolyStyle id="2725867">
                <color>8000a5ff</color>
                <colorMode>normal</colorMode>
                <fill>1</fill>
                <outline>1</outline>
            </PolyStyle>
        </Style>
        <Style id="2725880">
            <LineStyle id="2725882">
                <color>ffffffff</color>
                <colorMode>normal</colorMode>
                <width>1</width>
            </LineStyle>
            <PolyStyle id="2725881">
                <color>8000a5ff</color>
                <colorMode>normal</colorMode>
                <fill>1</fill>
                <outline>1</outline>
            </PolyStyle>
        </Style>
        <Style id="2725894">
            <LineStyle id="2725896">
                <color>ffffffff</color>
                <colorMode>normal</colorMode>
                <width>1</width>
            </LineStyle>
            <PolyStyle id="2725895">
                <color>8000a5ff</color>
                <colorMode>normal</colorMode>
                <fill>1</fill>
                <outline>1</outline>
            </PolyStyle>
        </Style>
        <Style id="2725908">
            <LineStyle id="2725910">
                <color>ffffffff</color>
                <colorMode>normal</colorMode>
                <width>1</width>
            </LineStyle>
            <PolyStyle id="2725909">
                <color>800000ff</color>
                <colorMode>normal</colorMode>
                <fill>1</fill>
                <outline>1</outline>
            </PolyStyle>
        </Style>
        <Style id="2725922">
            <LineStyle id="2725924">
                <color>ffffffff</color>
                <colorMode>normal</colorMode>
                <width>1</width>
            </LineStyle>
            <PolyStyle id="2725923">
                <color>8000a5ff</color>
                <colorMode>normal</colorMode>
                <fill>1</fill>
                <outline>1</outline>
            </PolyStyle>
        </Style>
        <Style id="2725936">
            <LineStyle id="2725938">
                <color>ffffffff</color>
                <colorMode>normal</colorMode>
                <width>1</width>
            </LineStyle>
            <PolyStyle id="2725937">
                <color>8000a5ff</color>
                <colorMode>normal</colorMode>
                <fill>1</fill>
                <outline>1</outline>
            </PolyStyle>
        </Style>
        <Style id="2725950">
            <LineStyle id="2725952">
                <color>ffffffff</color>
                <colorMode>normal</colorMode>
                <width>1</width>
            </LineStyle>
            <PolyStyle id="2725951">
                <color>80008000</color>
                <colorMode>normal</colorMode>
                <fill>1</fill>
                <outline>1</outline>
            </PolyStyle>
        </Style>
        <Style id="2725964">
            <LineStyle id="2725966">
                <color>ffffffff</color>
                <colorMode>normal</colorMode>
                <width>1</width>
            </LineStyle>
            <PolyStyle id="2725965">
                <color>80008000</color>
                <colorMode>normal</colorMode>
                <fill>1</fill>
                <outline>1</outline>
            </PolyStyle>
        </Style>
        <Style id="2725978">
            <LineStyle id="2725980">
                <color>ffffffff</color>
                <colorMode>normal</colorMode>
                <width>1</width>
            </LineStyle>
            <PolyStyle id="2725979">
                <color>80008000</color>
                <colorMode>normal</colorMode>
                <fill>1</fill>
                <outline>1</outline>
            </PolyStyle>
        </Style>
        <Style id="2725992">
            <LineStyle id="2725994">
                <color>ffffffff</color>
                <colorMode>normal</colorMode>
                <width>1</width>
            </LineStyle>
            <PolyStyle id="2725993">
                <color>80008000</color>
                <colorMode>normal</colorMode>
                <fill>1</fill>
                <outline>1</outline>
            </PolyStyle>
        </Style>
        <Style id="2726006">
            <LineStyle id="2726008">
                <color>ffffffff</color>
                <colorMode>normal</colorMode>
                <width>1</width>
            </LineStyle>
            <PolyStyle id="2726007">
                <color>80008000</color>
                <colorMode>normal</colorMode>
                <fill>1</fill>
                <outline>1</outline>
            </PolyStyle>
        </Style>
        <Style id="2726020">
            <LineStyle id="2726022">
                <color>ffffffff</color>
                <colorMode>normal</colorMode>
                <width>1</width>
            </LineStyle>
            <PolyStyle id="2726021">
                <color>8000a5ff</color>
                <colorMode>normal</colorMode>
                <fill>1</fill>
                <outline>1</outline>
            </PolyStyle>
        </Style>
        <Placemark id="2724783">
            <name>43604030009.0</name>
            <description>PIN: 43604030009.0&lt;br&gt;Wetland %: 0.00&lt;br&gt;Flood %: 0.00&lt;br&gt;Parcel area (m²): 25809.67</description>
            <styleUrl>#2724788</styleUrl>
            <ExtendedData>
                <Data name="PIN">
                    <value>43604030009.0</value>
                </Data>
                <Data name="Wetland_%">
                    <value>0.00</value>
                </Data>
                <Data name="Flood_%">
                    <value>0.00</value>
                </Data>
                <Data name="Parcel_area_m2">
                    <value>25809.67</value>
                </Data>
            </ExtendedData>
            <Polygon id="2724782">
                <outerBoundaryIs>
                    <LinearRing id="2724786">
                        <coordinates>-79.11558788865032,33.69501187504791,0.0 -79.11551728084281,33.69495740736351,0.0 -79.11566780075682,33.69483466695533,0.0 -79.1161914032463,33.69429638301758,0.0 -79.11630046699626,33.69418426058267,0.0 -79.11653577931055,33.69436935569145,0.0 -79.11666826293619,33.694473547163,0.0 -79.11754861038474,33.69398709432854,0.0 -79.11792421980918,33.694209999053314,0.0 -79.11795664625384,33.69445756152967,0.0 -79.11628313600227,33.69549199705362,0.0 -79.11574508429423,33.695092820399914,0.0 -79.11558788865032,33.69501187504791,0.0</coordinates>
                    </LinearRing>
                </outerBoundaryIs>
            </Polygon>
        </Placemark>
        <Placemark id="2724797">
            <name>43701040007.0_1</name>
            <description>PIN: 43701040007.0&lt;br&gt;Wetland %: 8.71&lt;br&gt;Flood %: 10.62&lt;br&gt;Parcel area (m²): 30267.87</description>
            <styleUrl>#2724802</styleUrl>
            <ExtendedData>
                <Data name="PIN">
                    <value>43701040007.0</value>
                </Data>
                <Data name="Wetland_%">
                    <value>8.71</value>
                </Data>
                <Data name="Flood_%">
                    <value>10.62</value>
                </Data>
                <Data name="Parcel_area_m2">
                    <value>30267.87</value>
                </Data>
            </ExtendedData>
            <Polygon id="2724796">
                <outerBoundaryIs>
                    <LinearRing id="2724800">
                        <coordinates>-79.11146786877603,33.69400965198707,0.0 -79.1114102524548,33.69319430021751,0.0 -79.11251469261748,33.693352061139535,0.0 -79.1123863393103,33.694118349749594,0.0 -79.11146786877603,33.69400965198707,0.0</coordinates>
                    </LinearRing>
                </outerBoundaryIs>
            </Polygon>
        </Placemark>
        <Placemark id="2724806">
            <name>43701040007.0_2</name>
            <styleUrl>#2724811</styleUrl>
            <Polygon id="2724805">
                <outerBoundaryIs>
                    <LinearRing id="2724809">
                        <coordinates>-79.11268361692773,33.6934249767533,0.0 -79.11268999465,33.69339105487257,0.0 -79.11273982560454,33.6934258348648,0.0 -79.113623893274,33.694109102847726,0.0 -79.11420247356332,33.6945438482694,0.0 -79.11405031347162,33.6947267113389,0.0 -79.11386149561473,33.69493292283712,0.0 -79.11382037211824,33.69497783386739,0.0 -79.11256347025865,33.69406418233402,0.0 -79.11261836270766,33.6937720782513,0.0 -79.11268066364919,33.69344068627845,0.0 -79.11268361692773,33.6934249767533,0.0</coordinates>
                    </LinearRing>
                </outerBoundaryIs>
            </Polygon>
        </Placemark>
        <Placemark id="2724815">
            <name>43701040007.0_3</name>
            <styleUrl>#2724820</styleUrl>
            <Polygon id="2724814">
                <outerBoundaryIs>
                    <LinearRing id="2724818">
                        <coordinates>-79.11419777663049,33.694864008710944,0.0 -79.1143872908863,33.69465694149741,0.0 -79.11466719211548,33.695318572767675,0.0 -79.11458561853676,33.695402032696556,0.0 -79.11405290058347,33.695022443664705,0.0 -79.11419777663049,33.694864008710944,0.0</coordinates>
                    </LinearRing>
                </outerBoundaryIs>
            </Polygon>
        </Placemark>
        <Placemark id="2724829">
            <name>43604030011.0</name>
            <description>PIN: 43604030011.0&lt;br&gt;Wetland %: 0.00&lt;br&gt;Flood %: 0.00&lt;br&gt;Parcel area (m²): 4477.56</description>
            <styleUrl>#2724834</styleUrl>
            <ExtendedData>
                <Data name="PIN">
                    <value>43604030011.0</value>
                </Data>
                <Data name="Wetland_%">
                    <value>0.00</value>
                </Data>
                <Data name="Flood_%">
                    <value>0.00</value>
                </Data>
                <Data name="Parcel_area_m2">
                    <value>4477.56</value>
                </Data>
            </ExtendedData>
            <Polygon id="2724828">
                <outerBoundaryIs>
                    <LinearRing id="2724832">
                        <coordinates>-79.11653577931055,33.69436935569145,0.0 -79.11715001138418,33.69369808889721,0.0 -79.11754861038474,33.69398709432854,0.0 -79.11666826293619,33.694473547163,0.0 -79.11653577931055,33.69436935569145,0.0</coordinates>
                    </LinearRing>
                </outerBoundaryIs>
            </Polygon>
        </Placemark>
        <Placemark id="2724843">
            <name>43715020007.0</name>
            <description>PIN: 43715020007.0&lt;br&gt;Wetland %: 0.00&lt;br&gt;Flood %: 0.00&lt;br&gt;Parcel area (m²): 5867.49</description>
            <styleUrl>#2724848</styleUrl>
            <ExtendedData>
                <Data name="PIN">
                    <value>43715020007.0</value>
                </Data>
                <Data name="Wetland_%">
                    <value>0.00</value>
                </Data>
                <Data name="Flood_%">
                    <value>0.00</value>
                </Data>
                <Data name="Parcel_area_m2">
                    <value>5867.49</value>
                </Data>
            </ExtendedData>
            <Polygon id="2724842">
                <outerBoundaryIs>
                    <LinearRing id="2724846">
                        <coordinates>-79.09944546920548,33.67821413384089,0.0 -79.0999248269537,33.67803006739318,0.0 -79.10070805399528,33.6782622000793,0.0 -79.10052350450208,33.67859783909106,0.0 -79.1002326207305,33.67844918804655,0.0 -79.10009173358772,33.67859589292689,0.0 -79.09944546920548,33.67821413384089,0.0</coordinates>
                    </LinearRing>
                </outerBoundaryIs>
            </Polygon>
        </Placemark>
        <Placemark id="2724857">
            <name>43711040007.0</name>
            <description>PIN: 43711040007.0&lt;br&gt;Wetland %: 76.23&lt;br&gt;Flood %: 0.00&lt;br&gt;Parcel area (m²): 18475.09</description>
            <styleUrl>#2724862</styleUrl>
            <ExtendedData>
                <Data name="PIN">
                    <value>43711040007.0</value>
                </Data>
                <Data name="Wetland_%">
                    <value>76.23</value>
                </Data>
                <Data name="Flood_%">
                    <value>0.00</value>
                </Data>
                <Data name="Parcel_area_m2">
                    <value>18475.09</value>
                </Data>
            </ExtendedData>
            <Polygon id="2724856">
                <outerBoundaryIs>
                    <LinearRing id="2724860">
                        <coordinates>-79.09646899564694,33.67982099096684,0.0 -79.09732330058004,33.67940983585823,0.0 -79.09752617094485,33.679592576321916,0.0 -79.09758979885093,33.67964989031396,0.0 -79.09761261184097,33.6796704389701,0.0 -79.09757646815399,33.67969848517269,0.0 -79.09751622644681,33.67974522968835,0.0 -79.09795614893058,33.68014149670198,0.0 -79.09797482995637,33.6801569156337,0.0 -79.09799504829714,33.680170913347496,0.0 -79.09801665093924,33.680183383767535,0.0 -79.09803947170909,33.68019423053673,0.0 -79.09806333764455,33.680203371624295,0.0 -79.09808806577931,33.680210738374356,0.0 -79.0981134685949,33.68021627288408,0.0 -79.09813935174479,33.68021993338031,0.0 -79.09816551838787,33.68022169338425,0.0 -79.0981917692879,33.680221537203295,0.0 -79.09821790371345,33.680219468062376,0.0 -79.09824372283187,33.68021550094074,0.0 -79.09837238102804,33.68019083326657,0.0 -79.09843897204568,33.68017723947603,0.0 -79.09850508060009,33.680162086930466,0.0 -79.09857065248782,33.68014538742369,0.0 -79.09870057639426,33.680241236797,0.0 -79.09825365638008,33.68042344734972,0.0 -79.09814155798512,33.68045343848194,0.0 -79.09787947528109,33.68052355761529,0.0 -79.09761802554019,33.68065015767677,0.0 -79.09753524005274,33.68069024812545,0.0 -79.09732115323169,33.68075128113428,0.0 -79.09688180710387,33.68026238395254,0.0 -79.09658180825298,33.6799242706451,0.0 -79.09646899564694,33.67982099096684,0.0</coordinates>
                    </LinearRing>
                </outerBoundaryIs>
            </Polygon>
        </Placemark>
        <Placemark id="2724871">
            <name>43709010006.0</name>
            <description>PIN: 43709010006.0&lt;br&gt;Wetland %: 2.07&lt;br&gt;Flood %: 1.66&lt;br&gt;Parcel area (m²): 7556.18</description>
            <styleUrl>#2724876</styleUrl>
            <ExtendedData>
                <Data name="PIN">
                    <value>43709010006.0</value>
                </Data>
                <Data name="Wetland_%">
                    <value>2.07</value>
                </Data>
                <Data name="Flood_%">
                    <value>1.66</value>
                </Data>
                <Data name="Parcel_area_m2">
                    <value>7556.18</value>
                </Data>
            </ExtendedData>
            <Polygon id="2724870">
                <outerBoundaryIs>
                    <LinearRing id="2724874">
                        <coordinates>-79.11249383386647,33.68503656072168,0.0 -79.11269868201082,33.68515136443851,0.0 -79.11281910916058,33.685197911854736,0.0 -79.11290546506393,33.68524848916565,0.0 -79.11309399153944,33.685354669664136,0.0 -79.11310945254728,33.68536347565975,0.0 -79.11329866105973,33.68547125091021,0.0 -79.11332041988186,33.68548364521383,0.0 -79.11330079831782,33.68609189404443,0.0 -79.11277381431829,33.68601718545987,0.0 -79.11249383386647,33.68503656072168,0.0</coordinates>
                    </LinearRing>
                </outerBoundaryIs>
            </Polygon>
        </Placemark>
        <Placemark id="2724885">
            <name>45201020002.0</name>
            <description>PIN: 45201020002.0&lt;br&gt;Wetland %: 35.50&lt;br&gt;Flood %: 0.00&lt;br&gt;Parcel area (m²): 44633.49</description>
            <styleUrl>#2724890</styleUrl>
            <ExtendedData>
                <Data name="PIN">
                    <value>45201020002.0</value>
                </Data>
                <Data name="Wetland_%">
                    <value>35.50</value>
                </Data>
                <Data name="Flood_%">
                    <value>0.00</value>
                </Data>
                <Data name="Parcel_area_m2">
                    <value>44633.49</value>
                </Data>
            </ExtendedData>
            <Polygon id="2724884">
                <outerBoundaryIs>
                    <LinearRing id="2724888">
                        <coordinates>-79.1425679418028,33.67370480440674,0.0 -79.14277141552887,33.67360368600403,0.0 -79.14269764824951,33.673459623698164,0.0 -79.14249658922307,33.67356409098788,0.0 -79.14240588850966,33.67338521908566,0.0 -79.14238957220535,33.67335304169186,0.0 -79.14233460795224,33.6732445418151,0.0 -79.14212180548672,33.672807004348044,0.0 -79.14273787154586,33.67238573546674,0.0 -79.14334396028866,33.671971281858056,0.0 -79.14353500162191,33.67184047937738,0.0 -79.14463078111697,33.6729843795688,0.0 -79.144961105571,33.67331726363206,0.0 -79.14439629264542,33.673437587757974,0.0 -79.14415321113907,33.67348937120744,0.0 -79.14345238762995,33.67363866450338,0.0 -79.14261960578162,33.67381997650878,0.0 -79.1425679418028,33.67370480440674,0.0</coordinates>
                    </LinearRing>
                </outerBoundaryIs>
            </Polygon>
        </Placemark>
        <Placemark id="2724899">
            <name>43716040010.0</name>
            <description>PIN: 43716040010.0&lt;br&gt;Wetland %: 7.37&lt;br&gt;Flood %: 0.00&lt;br&gt;Parcel area (m²): 12444.84</description>
            <styleUrl>#2724904</styleUrl>
            <ExtendedData>
                <Data name="PIN">
                    <value>43716040010.0</value>
                </Data>
                <Data name="Wetland_%">
                    <value>7.37</value>
                </Data>
                <Data name="Flood_%">
                    <value>0.00</value>
                </Data>
                <Data name="Parcel_area_m2">
                    <value>12444.84</value>
                </Data>
            </ExtendedData>
            <Polygon id="2724898">
                <outerBoundaryIs>
                    <LinearRing id="2724902">
                        <coordinates>-79.11230706193463,33.67615079609855,0.0 -79.11227739206238,33.676116668133375,0.0 -79.11223974988062,33.67607124907521,0.0 -79.11143394620558,33.67525449973429,0.0 -79.11170395847157,33.67470984744235,0.0 -79.1125566595483,33.675374052422114,0.0 -79.11265230514877,33.67543530637985,0.0 -79.11251861478188,33.675797694592774,0.0 -79.11232057157223,33.67620306549676,0.0 -79.11230706193463,33.67615079609855,0.0</coordinates>
                    </LinearRing>
                </outerBoundaryIs>
            </Polygon>
        </Placemark>
        <Placemark id="2724913">
            <name>45200000001.0_1</name>
            <description>PIN: 45200000001.0&lt;br&gt;Wetland %: 99.50&lt;br&gt;Flood %: 0.04&lt;br&gt;Parcel area (m²): 2667458.44</description>
            <styleUrl>#2724918</styleUrl>
            <ExtendedData>
                <Data name="PIN">
                    <value>45200000001.0</value>
                </Data>
                <Data name="Wetland_%">
                    <value>99.50</value>
                </Data>
                <Data name="Flood_%">
                    <value>0.04</value>
                </Data>
                <Data name="Parcel_area_m2">
                    <value>2667458.44</value>
                </Data>
            </ExtendedData>
            <Polygon id="2724912">
                <outerBoundaryIs>
                    <LinearRing id="2724916">
                        <coordinates>-79.14004947234605,33.666474367305085,0.0 -79.14011106567412,33.66643852601101,0.0 -79.14020440107132,33.666455394828,0.0 -79.1403208640906,33.66654339819364,0.0 -79.14047404922185,33.666681781044865,0.0 -79.14052338859825,33.66675708993146,0.0 -79.14051815928362,33.66680907053186,0.0 -79.14049968103421,33.666865664387934,0.0 -79.14044042686692,33.666907381856625,0.0 -79.14036910285078,33.666937063843974,0.0 -79.14030054221891,33.666914727189656,0.0 -79.1402119773967,33.66686717593559,0.0 -79.14006675617746,33.666778739671834,0.0 -79.13994766366817,33.666736570467044,0.0 -79.13989748284665,33.6667004223431,0.0 -79.13989865499254,33.66664597349259,0.0 -79.13993851866012,33.66658867341238,0.0 -79.14004947234605,33.666474367305085,0.0</coordinates>
                    </LinearRing>
                </outerBoundaryIs>
            </Polygon>
        </Placemark>
        <Placemark id="2724922">
            <name>45200000001.0_2</name>
            <styleUrl>#2724927</styleUrl>
            <Polygon id="2724921">
                <outerBoundaryIs>
                    <LinearRing id="2724925">
                        <coordinates>-79.14025660242037,33.66852623500788,0.0 -79.13910055152421,33.66734434080706,0.0 -79.1387988167037,33.667035866929005,0.0 -79.13735654952909,33.66556125349719,0.0 -79.13753316438074,33.66538788625585,0.0 -79.13751201484517,33.665225203330344,0.0 -79.13740044323877,33.6651011899196,0.0 -79.13729464386559,33.665052517229114,0.0 -79.13735795169164,33.66505158192182,0.0 -79.13805212389997,33.66476205464504,0.0 -79.13808353368056,33.664677479285075,0.0 -79.13846514887891,33.665238017424386,0.0 -79.13880950888024,33.665658652181556,0.0 -79.13909011018043,33.665910461854985,0.0 -79.13931694135653,33.666025728861904,0.0 -79.13944811807825,33.66615553458296,0.0 -79.13965656648648,33.66624664154682,0.0 -79.13985584808123,33.666305480444244,0.0 -79.1398977224635,33.666347174794026,0.0 -79.13992102725365,33.6663703773173,0.0 -79.13991690086722,33.66656205999899,0.0 -79.1397632110434,33.666599778980334,0.0 -79.13967947879857,33.666518625367644,0.0 -79.13938595740377,33.666370397558055,0.0 -79.13932513099456,33.66633855518889,0.0 -79.13910312059807,33.666222329919655,0.0 -79.1388509710833,33.6659468938743,0.0 -79.13854962230172,33.665742534644004,0.0 -79.13833406501888,33.66552366103404,0.0 -79.13807047363947,33.665359901667266,0.0 -79.13779753811929,33.66517211916248,0.0 -79.13770171247599,33.66519455782723,0.0 -79.13769861402827,33.6653383202615,0.0 -79.13795979615826,33.66561389486318,0.0 -79.13816480461226,33.66586456768865,0.0 -79.138185993627,33.66606367751418,0.0 -79.13842985692304,33.66632507270546,0.0 -79.13852902922383,33.66643137328795,0.0 -79.13878158828632,33.66649702944795,0.0 -79.13910252998339,33.666669554234716,0.0 -79.13962150910619,33.66699694334138,0.0 -79.1399332785128,33.66713754082929,0.0 -79.14027548996027,33.667238564234275,0.0 -79.14053943611067,33.66738634395639,0.0 -79.1408045474234,33.667518163251934,0.0 -79.14096435360311,33.66761643960215,0.0 -79.1410021160533,33.66761858778804,0.0 -79.14134608267817,33.66763816034788,0.0 -79.14184044113325,33.66777342400665,0.0 -79.1425375540036,33.66776792332242,0.0 -79.14298789977336,33.66769479883125,0.0 -79.14340233687697,33.667533162597465,0.0 -79.14364418574661,33.66740896584818,0.0 -79.1440436659909,33.66706343301552,0.0 -79.14418903584256,33.666953764562415,0.0 -79.14443177655728,33.66674968564818,0.0 -79.14466753002787,33.66644980132092,0.0 -79.1446870433204,33.66641916771391,0.0 -79.14494482198786,33.66601446233816,0.0 -79.1451232309824,33.66570563975373,0.0 -79.14515457361952,33.6656239342897,0.0 -79.14521464577794,33.66546733143273,0.0 -79.14523516846647,33.66493243685057,0.0 -79.14523186988922,33.66420544182867,0.0 -79.14522299860236,33.663278541752035,0.0 -79.14529791443489,33.6629281332504,0.0 -79.14523568482558,33.66268751792118,0.0 -79.14523774204925,33.66259167553113,0.0 -79.1453601384588,33.66225005620737,0.0 -79.14537157607867,33.662138376312825,0.0 -79.14538880349092,33.66179517764582,0.0 -79.14538545813112,33.66149153022507,0.0 -79.1454612306391,33.66110110213149,0.0 -79.14529152347433,33.661426205516,0.0 -79.14519887645051,33.66176036876735,0.0 -79.14515597785885,33.66195937399913,0.0 -79.14507425306311,33.66220573306784,0.0 -79.14502145714388,33.662444621061255,0.0 -79.14499467415118,33.66281173022808,0.0 -79.14501006563688,33.66298772771672,0.0 -79.14501776980778,33.66307581226628,0.0 -79.14504056126543,33.66331583572434,0.0 -79.14512512181904,33.66339682678706,0.0 -79.14496698192295,33.66364220923329,0.0 -79.14492318778971,33.663921093176256,0.0 -79.14494966714213,33.664448789911454,0.0 -79.14494735569373,33.66501591442034,0.0 -79.14498934951497,33.665280280036576,0.0 -79.14499495831024,33.665440152339464,0.0 -79.14496445236618,33.66555944938371,0.0 -79.14490033377565,33.665406774521756,0.0 -79.14485576513522,33.665262296547226,0.0 -79.144808454071,33.66524560715911,0.0 -79.14473898676346,33.665380298441285,0.0 -79.14470731219998,33.66551572751833,0.0 -79.1445502010071,33.665713017790786,0.0 -79.14447922739224,33.66587964375569,0.0 -79.1443808280856,33.66602197435486,0.0 -79.14433385867622,33.665989310749694,0.0 -79.14429403982524,33.666044724274634,0.0 -79.14424003833129,33.66633943472042,0.0 -79.14418622563905,33.66641164813255,0.0 -79.14409278071646,33.666537043749706,0.0 -79.1440264013855,33.666527972072366,0.0 -79.14397178345318,33.66640842774621,0.0 -79.14393455535259,33.66632694369155,0.0 -79.14393867171843,33.66613526175408,0.0 -79.1440992716527,33.66535471398701,0.0 -79.14417903105245,33.664740815874104,0.0 -79.14423617212323,33.66387882094398,0.0 -79.14417245073676,33.663286822021654,0.0 -79.14422113389561,33.66323961826847,0.0 -79.14418457611795,33.663143196904535,0.0 -79.14418087614585,33.66297527832561,0.0 -79.1441799981535,33.6629354042238,0.0 -79.14424063565968,33.66275247262025,0.0 -79.14431606772035,33.66237819064566,0.0 -79.1442330603432,33.662225060302085,0.0 -79.14420952912033,33.66244050570807,0.0 -79.14420609854938,33.66260024149655,0.0 -79.14407654652737,33.662853956515626,0.0 -79.14405195005511,33.66297334213854,0.0 -79.143991215586,33.66326812285008,0.0 -79.1439646002909,33.66362715861111,0.0 -79.14397475137365,33.66403468407565,0.0 -79.14397829961278,33.664290396096135,0.0 -79.14392160603383,33.66428954461972,0.0 -79.14384793944927,33.66416060837038,0.0 -79.14378107873416,33.66413572148445,0.0 -79.14377782071094,33.664287385002474,0.0 -79.14374391638972,33.664526557100814,0.0 -79.14370166021571,33.66473364627931,0.0 -79.1437334520567,33.6650136660624,0.0 -79.14368656105823,33.66543648429833,0.0 -79.14364545305932,33.6660109304146,0.0 -79.14360285274961,33.66623399262685,0.0 -79.14357340973902,33.666265507794016,0.0 -79.14352746900732,33.66618492361535,0.0 -79.14347933602689,33.66616822227972,0.0 -79.14337224089462,33.666294443194495,0.0 -79.14330306454376,33.66639838286672,0.0 -79.14313527527797,33.666650490610074,0.0 -79.14306532589345,33.66676919365828,0.0 -79.14301423700287,33.66692821413407,0.0 -79.14272095671375,33.66722740313575,0.0 -79.14262392643354,33.6673058389575,0.0 -79.14214396853966,33.66741837965214,0.0 -79.14209144880152,33.66741449655426,0.0 -79.14201020788795,33.667408464400694,0.0 -79.14170678421277,33.66729995516534,0.0 -79.14138274258717,33.66727119964029,0.0 -79.14115367355417,33.66725967959926,0.0 -79.14101133114849,33.66719027392943,0.0 -79.14091697680331,33.667144267664625,0.0 -79.14074576312059,33.66711780934802,0.0 -79.14060434350286,33.66704369196371,0.0 -79.14055823356965,33.666971178931284,0.0 -79.14061853780801,33.66680422413374,0.0 -79.14077153649832,33.666798623416256,0.0 -79.14083753732598,33.66686353124407,0.0 -79.14101797544862,33.66688139678554,0.0 -79.14102781753618,33.666882370983366,0.0 -79.14116105997627,33.6669163326152,0.0 -79.14145737301963,33.666896735115785,0.0 -79.14151574702278,33.66685775205728,0.0 -79.14134402015667,33.66685516948005,0.0 -79.14111581055748,33.66680380226563,0.0 -79.1410202038647,33.66677781952837,0.0 -79.14089763371214,33.6667445089259,0.0 -79.14054727656348,33.666563642819504,0.0 -79.14022750366395,33.66635213800794,0.0 -79.1401145335436,33.66627741636532,0.0 -79.13970749105015,33.66609552334084,0.0 -79.13948237888172,33.665900389718075,0.0 -79.13906892103051,33.665558611483576,0.0 -79.13865955409545,33.665065179042735,0.0 -79.13836629441568,33.66448552705547,0.0 -79.13830239864278,33.66409420120911,0.0 -79.13836867497082,33.66391719895917,0.0 -79.13885870082797,33.66337477271745,0.0 -79.13907843456977,33.662903358919,0.0 -79.13908368242937,33.6628986262378,0.0 -79.13959641593286,33.662436261887606,0.0 -79.14020985952855,33.66169569632707,0.0 -79.1405793680051,33.66117653452936,0.0 -79.14091821712267,33.660706908869756,0.0 -79.14101611952819,33.66035839428143,0.0 -79.14114814524764,33.65976074693235,0.0 -79.14117185803816,33.65972816304963,0.0 -79.1413405998503,33.65949629934414,0.0 -79.14136410131673,33.65946400627063,0.0 -79.14178980758959,33.65912059420147,0.0 -79.14256995898371,33.6589574169117,0.0 -79.14334527896071,33.65901906588502,0.0 -79.1442720237859,33.65903298651259,0.0 -79.14558923623582,33.6589276795294,0.0 -79.14672705122476,33.65879492692286,0.0 -79.1477465581735,33.65866021834096,0.0 -79.14881879215729,33.65882628081182,0.0 -79.14940788244601,33.658911119213926,0.0 -79.15036730380146,33.65904928713189,0.0 -79.15131720915592,33.65936349004058,0.0 -79.15208292671664,33.659874580281404,0.0 -79.15260611305666,33.66058220219593,0.0 -79.15292180158177,33.661423655797385,0.0 -79.15205560967556,33.66203593880054,0.0 -79.15144731089656,33.66246376468228,0.0 -79.14986433926326,33.66357868912065,0.0 -79.14986266549593,33.663580039477196,0.0 -79.14929942493846,33.66397537621057,0.0 -79.14723916600741,33.66542141433316,0.0 -79.14716155004778,33.66547643435673,0.0 -79.14715988726027,33.66547726894866,0.0 -79.14579938618601,33.66643586184275,0.0 -79.14561935340055,33.66656270844928,0.0 -79.14512695378103,33.66691057207271,0.0 -79.14330170631479,33.66820000799188,0.0 -79.14330003973708,33.66820101474105,0.0 -79.14160504893583,33.66939335846562,0.0 -79.14130010400791,33.66958938127039,0.0 -79.1408610492662,33.669142691244794,0.0 -79.14054794093867,33.668824119868574,0.0 -79.14036065192515,33.668632628147336,0.0 -79.14025660242037,33.66852623500788,0.0</coordinates>
                    </LinearRing>
                </outerBoundaryIs>
            </Polygon>
        </Placemark>
        <Placemark id="2724931">
            <name>45200000001.0_3</name>
            <styleUrl>#2724936</styleUrl>
            <Polygon id="2724930">
                <outerBoundaryIs>
                    <LinearRing id="2724934">
                        <coordinates>-79.15219482828027,33.66217461320235,0.0 -79.1529558718577,33.66163687085819,0.0 -79.15303943019205,33.66268790631083,0.0 -79.15312866265424,33.66408866734397,0.0 -79.15284791529676,33.66603370230528,0.0 -79.1528052158427,33.666540775653615,0.0 -79.15268818612141,33.66793054960171,0.0 -79.15236025221411,33.66927507550105,0.0 -79.15200165814913,33.669965044323654,0.0 -79.15161275237487,33.67071332092674,0.0 -79.15110993507571,33.671855407763594,0.0 -79.15060603937378,33.67304730241408,0.0 -79.15060297126065,33.6730754348734,0.0 -79.15056606769886,33.67337985354458,0.0 -79.15046121925818,33.674244741150495,0.0 -79.15061147981686,33.675596416795315,0.0 -79.15089159399646,33.6764502280905,0.0 -79.1509946091257,33.676822544108184,0.0 -79.1511693277558,33.67745399674012,0.0 -79.15192771696613,33.67831512974298,0.0 -79.15216940890036,33.67873710988225,0.0 -79.15120985050474,33.67980019560318,0.0 -79.14868484947297,33.67712716294769,0.0 -79.14815281205009,33.67658303362497,0.0 -79.147875980329,33.67629919077102,0.0 -79.14744826703546,33.675861798583746,0.0 -79.1465149824408,33.674895807836975,0.0 -79.14617751010775,33.67454935636205,0.0 -79.14571507965184,33.67407865983051,0.0 -79.14570950813673,33.6740730258845,0.0 -79.14560648659409,33.673968993420324,0.0 -79.14560647606194,33.67396898153742,0.0 -79.144961105571,33.67331726363206,0.0 -79.14463078111697,33.6729843795688,0.0 -79.14353500162191,33.67184047937738,0.0 -79.14318190413542,33.67148003575114,0.0 -79.14338443094726,33.671426721498285,0.0 -79.14238015283927,33.67038693053594,0.0 -79.14184975422747,33.669812829078566,0.0 -79.14165079632825,33.66959747616636,0.0 -79.14174424784643,33.66953273150906,0.0 -79.14344007589186,33.66833971121099,0.0 -79.1451217845034,33.66715137252188,0.0 -79.14575856896927,33.666701390000185,0.0 -79.14612858471247,33.666440800558995,0.0 -79.1472565331645,33.66564640758853,0.0 -79.14725819485676,33.66564557388079,0.0 -79.14737920138533,33.665560277726506,0.0 -79.14929427080368,33.66421602096717,0.0 -79.15000270473365,33.66371872681146,0.0 -79.15000437477589,33.663717550466195,0.0 -79.15158734822431,33.66260262427515,0.0 -79.15219482828027,33.66217461320235,0.0</coordinates>
                    </LinearRing>
                </outerBoundaryIs>
            </Polygon>
        </Placemark>
        <Placemark id="2724945">
            <name>43614040005.0</name>
            <description>PIN: 43614040005.0&lt;br&gt;Wetland %: 64.85&lt;br&gt;Flood %: 24.31&lt;br&gt;Parcel area (m²): 29716.80</description>
            <styleUrl>#2724950</styleUrl>
            <ExtendedData>
                <Data name="PIN">
                    <value>43614040005.0</value>
                </Data>
                <Data name="Wetland_%">
                    <value>64.85</value>
                </Data>
                <Data name="Flood_%">
                    <value>24.31</value>
                </Data>
                <Data name="Parcel_area_m2">
                    <value>29716.80</value>
                </Data>
            </ExtendedData>
            <Polygon id="2724944">
                <outerBoundaryIs>
                    <LinearRing id="2724948">
                        <coordinates>-79.12910702750807,33.6749222053138,0.0 -79.12951406830076,33.674802104596964,0.0 -79.12973003926871,33.67480408495827,0.0 -79.12989618146399,33.674517099338864,0.0 -79.13005060277499,33.674479738975975,0.0 -79.13107002271701,33.67552147612925,0.0 -79.13111344696118,33.676221972640306,0.0 -79.13131981605386,33.67643592936285,0.0 -79.13125275060133,33.6764866598994,0.0 -79.13094972888527,33.67670042015329,0.0 -79.12910702750807,33.6749222053138,0.0</coordinates>
                    </LinearRing>
                </outerBoundaryIs>
            </Polygon>
        </Placemark>
        <Placemark id="2724959">
            <name>43614040004.0</name>
            <description>PIN: 43614040004.0&lt;br&gt;Wetland %: 50.50&lt;br&gt;Flood %: 36.77&lt;br&gt;Parcel area (m²): 19882.45</description>
            <styleUrl>#2724964</styleUrl>
            <ExtendedData>
                <Data name="PIN">
                    <value>43614040004.0</value>
                </Data>
                <Data name="Wetland_%">
                    <value>50.50</value>
                </Data>
                <Data name="Flood_%">
                    <value>36.77</value>
                </Data>
                <Data name="Parcel_area_m2">
                    <value>19882.45</value>
                </Data>
            </ExtendedData>
            <Polygon id="2724958">
                <outerBoundaryIs>
                    <LinearRing id="2724962">
                        <coordinates>-79.13005060277499,33.674479738975975,0.0 -79.13028403464824,33.67428834908678,0.0 -79.13052569068117,33.67431268091453,0.0 -79.1314557629596,33.67527696091248,0.0 -79.1320748913709,33.67591884498026,0.0 -79.13131981605386,33.67643592936285,0.0 -79.13111344696118,33.676221972640306,0.0 -79.13107002271701,33.67552147612925,0.0 -79.13005060277499,33.674479738975975,0.0</coordinates>
                    </LinearRing>
                </outerBoundaryIs>
            </Polygon>
        </Placemark>
        <Placemark id="2724973">
            <name>25013010001.0</name>
            <description>PIN: 25013010001.0&lt;br&gt;Wetland %: 49.77&lt;br&gt;Flood %: 100.00&lt;br&gt;Parcel area (m²): 46868.51</description>
            <styleUrl>#2724978</styleUrl>
            <ExtendedData>
                <Data name="PIN">
                    <value>25013010001.0</value>
                </Data>
                <Data name="Wetland_%">
                    <value>49.77</value>
                </Data>
                <Data name="Flood_%">
                    <value>100.00</value>
                </Data>
                <Data name="Parcel_area_m2">
                    <value>46868.51</value>
                </Data>
            </ExtendedData>
            <Polygon id="2724972">
                <outerBoundaryIs>
                    <LinearRing id="2724976">
                        <coordinates>-78.98206825843685,33.948786509076236,0.0 -78.98213479929392,33.94862145189298,0.0 -78.9823801979112,33.94867133864168,0.0 -78.98461161937925,33.94912493615733,0.0 -78.9851132311393,33.949226896115874,0.0 -78.98511503927747,33.94932588850949,0.0 -78.98490600800145,33.94951904046518,0.0 -78.98488766829384,33.94956272647816,0.0 -78.98452861626785,33.94978831736777,0.0 -78.98344175283216,33.95021013430435,0.0 -78.98176132140946,33.94960327794051,0.0 -78.98201401767662,33.94891946624953,0.0 -78.98206825843685,33.948786509076236,0.0</coordinates>
                    </LinearRing>
                </outerBoundaryIs>
            </Polygon>
        </Placemark>
        <Placemark id="2724987">
            <name>27504020001.0</name>
            <description>PIN: 27504020001.0&lt;br&gt;Wetland %: 0.00&lt;br&gt;Flood %: 100.00&lt;br&gt;Parcel area (m²): 14920.41</description>
            <styleUrl>#2724992</styleUrl>
            <ExtendedData>
                <Data name="PIN">
                    <value>27504020001.0</value>
                </Data>
                <Data name="Wetland_%">
                    <value>0.00</value>
                </Data>
                <Data name="Flood_%">
                    <value>100.00</value>
                </Data>
                <Data name="Parcel_area_m2">
                    <value>14920.41</value>
                </Data>
            </ExtendedData>
            <Polygon id="2724986">
                <outerBoundaryIs>
                    <LinearRing id="2724990">
                        <coordinates>-79.0114949822207,33.94300664759705,0.0 -79.01149708023746,33.94298294189166,0.0 -79.01205138758593,33.943007239388564,0.0 -79.01236987840363,33.94303075388525,0.0 -79.01252164646868,33.94304750328546,0.0 -79.0126366670647,33.94306626180381,0.0 -79.01274094800333,33.94308528729538,0.0 -79.01279916825433,33.94309944835102,0.0 -79.01286501767957,33.94310445489108,0.0 -79.01288806553252,33.94310619964991,0.0 -79.01293586315703,33.94310730840484,0.0 -79.0129694404523,33.94366383980887,0.0 -79.0114323137886,33.9437394276453,0.0 -79.0114949822207,33.94300664759705,0.0</coordinates>
                    </LinearRing>
                </outerBoundaryIs>
            </Polygon>
        </Placemark>
        <Placemark id="2725001">
            <name>27300000006.0</name>
            <description>PIN: 27300000006.0&lt;br&gt;Wetland %: 15.81&lt;br&gt;Flood %: 100.00&lt;br&gt;Parcel area (m²): 194083.99</description>
            <styleUrl>#2725006</styleUrl>
            <ExtendedData>
                <Data name="PIN">
                    <value>27300000006.0</value>
                </Data>
                <Data name="Wetland_%">
                    <value>15.81</value>
                </Data>
                <Data name="Flood_%">
                    <value>100.00</value>
                </Data>
                <Data name="Parcel_area_m2">
                    <value>194083.99</value>
                </Data>
            </ExtendedData>
            <Polygon id="2725000">
                <outerBoundaryIs>
                    <LinearRing id="2725004">
                        <coordinates>-78.97095586350774,33.939812525603514,0.0 -78.97095606423258,33.939812502733716,0.0 -78.97097540789416,33.939809367773904,0.0 -78.97099416439723,33.93980433193825,0.0 -78.97101206482667,33.93979746478113,0.0 -78.97102885360708,33.93978886673951,0.0 -78.97104429198171,33.93977865926945,0.0 -78.97105760343791,33.93976751329643,0.0 -78.97106929827804,33.93975517201652,0.0 -78.97107922444823,33.93974179708587,0.0 -78.97108725010699,33.93972756492148,0.0 -78.9710932713451,33.93971266051464,0.0 -78.97109720995903,33.93969728009968,0.0 -78.97109901249615,33.93968162572743,0.0 -78.97109858826231,33.9396651836401,0.0 -78.9710958088918,33.939648901427326,0.0 -78.97109071433667,33.93963301243038,0.0 -78.97108337820777,33.93961774512998,0.0 -78.97107390571793,33.93960331860305,0.0 -78.97106243160312,33.93958993888128,0.0 -78.97104912014393,33.939577798049434,0.0 -78.97103416416854,33.93956707062182,0.0 -78.97101777648462,33.93955790979434,0.0 -78.97100019314543,33.939550446596066,0.0 -78.97098166479643,33.939544789747764,0.0 -78.97096245900877,33.93954101848495,0.0 -78.97095100788772,33.93953970822376,0.0 -78.97093947383777,33.93953907031632,0.0 -78.97093796077743,33.93953903743644,0.0 -78.97092335162323,33.93953931061517,0.0 -78.97090882854148,33.93954066115589,0.0 -78.97089450648569,33.93954307831363,0.0 -78.97023892165089,33.93898668527236,0.0 -78.9697525523488,33.93857389895799,0.0 -78.96953408074178,33.93838847740233,0.0 -78.96903321738252,33.93787170980973,0.0 -78.96900444524383,33.937842024417236,0.0 -78.96894161050346,33.93777491259096,0.0 -78.96939895110076,33.937436722860674,0.0 -78.96956499517228,33.93731397941105,0.0 -78.96987127017152,33.937408586205386,0.0 -78.97027318527894,33.937532734720754,0.0 -78.97066052302269,33.937652378258505,0.0 -78.97066686615138,33.937620961908394,0.0 -78.97088049290832,33.936562929425236,0.0 -78.97088854456781,33.93652305603201,0.0 -78.97095359157186,33.93656412581595,0.0 -78.97106976987095,33.93663747859553,0.0 -78.97281248710358,33.937737777221315,0.0 -78.97281251162067,33.93773779295435,0.0 -78.97286192399194,33.937769006327564,0.0 -78.97303382592243,33.93787759334978,0.0 -78.97385362514768,33.9383954390562,0.0 -78.97406357064895,33.938404991091296,0.0 -78.9743749868172,33.93841915979441,0.0 -78.97661769990323,33.93853037742135,0.0 -78.97858461336122,33.93861060369814,0.0 -78.98088006872584,33.938704190119,0.0 -78.9806952080902,33.93894130541339,0.0 -78.97998271810734,33.938953918048256,0.0 -78.97968263631962,33.93896415126866,0.0 -78.97938265540924,33.93897626133705,0.0 -78.97908279162374,33.93899024671553,0.0 -78.97878306225022,33.93900610768702,0.0 -78.97848348353648,33.93902384271401,0.0 -78.97817243903742,33.93904424992854,0.0 -78.97786159474121,33.939066677156575,0.0 -78.9775509690355,33.93909112379799,0.0 -78.97724058141097,33.93911758836889,0.0 -78.97592346837531,33.939253696584224,0.0 -78.97435118997878,33.93943096821742,0.0 -78.97173242982359,33.93972618316358,0.0 -78.97123865609335,33.93978184081527,0.0 -78.97096063530756,33.939813177300145,0.0 -78.97095603577182,33.939813710800806,0.0 -78.97095586350774,33.939812525603514,0.0</coordinates>
                    </LinearRing>
                </outerBoundaryIs>
            </Polygon>
        </Placemark>
        <Placemark id="2725015">
            <name>27400000006.0_1</name>
            <description>PIN: 27400000006.0&lt;br&gt;Wetland %: 44.99&lt;br&gt;Flood %: 61.96&lt;br&gt;Parcel area (m²): 261163.25</description>
            <styleUrl>#2725020</styleUrl>
            <ExtendedData>
                <Data name="PIN">
                    <value>27400000006.0</value>
                </Data>
                <Data name="Wetland_%">
                    <value>44.99</value>
                </Data>
                <Data name="Flood_%">
                    <value>61.96</value>
                </Data>
                <Data name="Parcel_area_m2">
                    <value>261163.25</value>
                </Data>
            </ExtendedData>
            <Polygon id="2725014">
                <outerBoundaryIs>
                    <LinearRing id="2725018">
                        <coordinates>-78.98657266414448,33.94570740662988,0.0 -78.98638451431674,33.94564281457399,0.0 -78.9860968208442,33.9456388274595,0.0 -78.9856845938738,33.94570618142957,0.0 -78.9856415477658,33.9457132148737,0.0 -78.98562924953332,33.94570528229943,0.0 -78.98528249156942,33.94548162172852,0.0 -78.98546328808457,33.94547270409291,0.0 -78.98536163894146,33.94530594502784,0.0 -78.9852314490552,33.94509026733466,0.0 -78.98514587146937,33.94487102328141,0.0 -78.98532684496911,33.94481932955231,0.0 -78.98534998650081,33.94446457598124,0.0 -78.98605970631658,33.94366447661023,0.0 -78.98619275629135,33.94344036513968,0.0 -78.98615300872571,33.94334178816694,0.0 -78.98662864355678,33.94331288175066,0.0 -78.98823886539067,33.94321500985611,0.0 -78.98824283393847,33.94329221800981,0.0 -78.9882453326821,33.94378535051609,0.0 -78.98823414179671,33.944123271686436,0.0 -78.98823414133341,33.944123291520405,0.0 -78.98822712784339,33.94435288634715,0.0 -78.98822157059686,33.944555532079534,0.0 -78.98824551007542,33.94494266281456,0.0 -78.988265907195,33.94505793463499,0.0 -78.98776071260313,33.945045783762154,0.0 -78.98720312082403,33.945334994190965,0.0 -78.98719315214106,33.94573068191415,0.0 -78.98719171163975,33.94578787057562,0.0 -78.9868131666537,33.94578997165451,0.0 -78.98661302286747,33.94572126200373,0.0 -78.98657266414448,33.94570740662988,0.0</coordinates>
                    </LinearRing>
                </outerBoundaryIs>
            </Polygon>
        </Placemark>
        <Placemark id="2725024">
            <name>27400000006.0_2</name>
            <styleUrl>#2725029</styleUrl>
            <Polygon id="2725023">
                <outerBoundaryIs>
                    <LinearRing id="2725027">
                        <coordinates>-78.99198634053327,33.9448878514535,0.0 -78.99139435266194,33.944778612434696,0.0 -78.99071712541863,33.94478863720511,0.0 -78.9883744617992,33.94482328541166,0.0 -78.98833651665899,33.94482387378836,0.0 -78.98834483624927,33.944243984130466,0.0 -78.98968550359369,33.94423035864483,0.0 -78.98966736152427,33.94362589100608,0.0 -78.98967565977047,33.94323061700485,0.0 -78.99012807112709,33.94326746316934,0.0 -78.99013442454448,33.94317981444218,0.0 -78.9902691193406,33.943190784010056,0.0 -78.99070665380505,33.94322641648785,0.0 -78.99075345979665,33.94323125243657,0.0 -78.99100760567113,33.9432575111284,0.0 -78.99195049029288,33.943354928349294,0.0 -78.99271418390542,33.943377599561316,0.0 -78.99306296891042,33.94339379692784,0.0 -78.99383690641184,33.943450334098124,0.0 -78.99385844739695,33.94345190740169,0.0 -78.99390187560422,33.94368441087084,0.0 -78.9939216706876,33.943790393341054,0.0 -78.99393701020968,33.94391056522834,0.0 -78.99395845795189,33.94401640216454,0.0 -78.99398410839953,33.94415426449377,0.0 -78.99403643877655,33.944279501870355,0.0 -78.99407998627122,33.94439239732439,0.0 -78.9941040113611,33.94452920336251,0.0 -78.99413476390492,33.94466044717261,0.0 -78.99415638803808,33.94475872910435,0.0 -78.99416744746456,33.94485031046959,0.0 -78.99416941660574,33.94490738204895,0.0 -78.99417101738625,33.944944865037385,0.0 -78.9941738359418,33.9450009176983,0.0 -78.99417780452255,33.945042905125746,0.0 -78.99418067503376,33.94509672736192,0.0 -78.99416049268451,33.94518436712106,0.0 -78.99415604350719,33.94523377616434,0.0 -78.99415648698327,33.945285497425864,0.0 -78.99415467093716,33.945363469375174,0.0 -78.99415594084529,33.94541520490658,0.0 -78.99416179006427,33.94544725602336,0.0 -78.99416005456371,33.945451007747145,0.0 -78.99414387331895,33.9455084729246,0.0 -78.99412881545803,33.945588466419906,0.0 -78.99410481950694,33.94566281471631,0.0 -78.99409707312358,33.94571216950855,0.0 -78.99410491976701,33.94580026269897,0.0 -78.9941121873946,33.945842130329936,0.0 -78.99411228716204,33.9458428182784,0.0 -78.99412213946351,33.94591049818142,0.0 -78.9941181824731,33.9459741766834,0.0 -78.99438834833127,33.9462238777793,0.0 -78.99421619967657,33.94653552435679,0.0 -78.99429610546181,33.946697052107105,0.0 -78.99448625208389,33.946783446623755,0.0 -78.99447134865731,33.94696662003384,0.0 -78.99457951071258,33.947079220112656,0.0 -78.99454535452185,33.94714165799249,0.0 -78.99453014631507,33.94726356866357,0.0 -78.99322198838563,33.94727693557972,0.0 -78.99307260782312,33.94664535302289,0.0 -78.99243304257418,33.94659565456929,0.0 -78.99222814793795,33.94581232078971,0.0 -78.99212489079507,33.945417550269205,0.0 -78.99198634053327,33.9448878514535,0.0</coordinates>
                    </LinearRing>
                </outerBoundaryIs>
            </Polygon>
        </Placemark>
        <Placemark id="2725038">
            <name>25014020001.0</name>
            <description>PIN: 25014020001.0&lt;br&gt;Wetland %: 0.00&lt;br&gt;Flood %: 100.00&lt;br&gt;Parcel area (m²): 5254.61</description>
            <styleUrl>#2725043</styleUrl>
            <ExtendedData>
                <Data name="PIN">
                    <value>25014020001.0</value>
                </Data>
                <Data name="Wetland_%">
                    <value>0.00</value>
                </Data>
                <Data name="Flood_%">
                    <value>100.00</value>
                </Data>
                <Data name="Parcel_area_m2">
                    <value>5254.61</value>
                </Data>
            </ExtendedData>
            <Polygon id="2725037">
                <outerBoundaryIs>
                    <LinearRing id="2725041">
                        <coordinates>-78.98697867559301,33.95042451786714,0.0 -78.98770141883814,33.95046106903532,0.0 -78.98773083901551,33.950798599814846,0.0 -78.98773675855011,33.95086553276299,0.0 -78.98773939582946,33.95088378461689,0.0 -78.98774767026862,33.95094062220095,0.0 -78.98718522710065,33.95080596641166,0.0 -78.98714351981604,33.95101480717352,0.0 -78.9869385219871,33.95097590259878,0.0 -78.98697867559301,33.95042451786714,0.0</coordinates>
                    </LinearRing>
                </outerBoundaryIs>
            </Polygon>
        </Placemark>
        <Placemark id="2725052">
            <name>27503010001.0</name>
            <description>PIN: 27503010001.0&lt;br&gt;Wetland %: 12.93&lt;br&gt;Flood %: 100.00&lt;br&gt;Parcel area (m²): 3860.54</description>
            <styleUrl>#2725057</styleUrl>
            <ExtendedData>
                <Data name="PIN">
                    <value>27503010001.0</value>
                </Data>
                <Data name="Wetland_%">
                    <value>12.93</value>
                </Data>
                <Data name="Flood_%">
                    <value>100.00</value>
                </Data>
                <Data name="Parcel_area_m2">
                    <value>3860.54</value>
                </Data>
            </ExtendedData>
            <Polygon id="2725051">
                <outerBoundaryIs>
                    <LinearRing id="2725055">
                        <coordinates>-79.02691189036143,33.94312641388825,0.0 -79.02681028665057,33.94293132293748,0.0 -79.02678502675842,33.942882820963554,0.0 -79.02696171712356,33.942891770132256,0.0 -79.02707009249013,33.94289349470814,0.0 -79.02719963384708,33.9428991003622,0.0 -79.02735242952662,33.94291038974214,0.0 -79.02747763974031,33.942919468779735,0.0 -79.02768977223656,33.94293878780353,0.0 -79.0278572226713,33.942951892478646,0.0 -79.0278040257061,33.94317215568144,0.0 -79.02694428060337,33.94318860800522,0.0 -79.02691189036143,33.94312641388825,0.0</coordinates>
                    </LinearRing>
                </outerBoundaryIs>
            </Polygon>
        </Placemark>
        <Placemark id="2725066">
            <name>23000000025.0</name>
            <description>PIN: 23000000025.0&lt;br&gt;Wetland %: 50.27&lt;br&gt;Flood %: 100.00&lt;br&gt;Parcel area (m²): 383687.87</description>
            <styleUrl>#2725071</styleUrl>
            <ExtendedData>
                <Data name="PIN">
                    <value>23000000025.0</value>
                </Data>
                <Data name="Wetland_%">
                    <value>50.27</value>
                </Data>
                <Data name="Flood_%">
                    <value>100.00</value>
                </Data>
                <Data name="Parcel_area_m2">
                    <value>383687.87</value>
                </Data>
            </ExtendedData>
            <Polygon id="2725065">
                <outerBoundaryIs>
                    <LinearRing id="2725069">
                        <coordinates>-79.01469169447333,33.98746613058068,0.0 -79.01333589005576,33.98443057803771,0.0 -79.01772909052886,33.983643626153324,0.0 -79.01893822585846,33.98321775851798,0.0 -79.01873139785103,33.98242490745025,0.0 -79.01968031916805,33.98225293262436,0.0 -79.02008977435445,33.9837941547094,0.0 -79.01894378089042,33.984002949460816,0.0 -79.01911682452035,33.98466038804267,0.0 -79.02026277200044,33.98445188216591,0.0 -79.02058639098244,33.98569649308691,0.0 -79.02061942125978,33.985846657728445,0.0 -79.02065019209277,33.98599715426484,0.0 -79.02067869749465,33.98614796005566,0.0 -79.020704934746,33.98629905161063,0.0 -79.02072889896277,33.98645040540477,0.0 -79.02075058744605,33.98660199704591,0.0 -79.02076999425017,33.98675380209001,0.0 -79.0207871187783,33.98690579888394,0.0 -79.02080195729066,33.98705796121484,0.0 -79.02081450702573,33.98721026739477,0.0 -79.02082476746968,33.987362692163984,0.0 -79.0208327359024,33.9875152120312,0.0 -79.02083841070696,33.987667802620734,0.0 -79.02057324567883,33.98767301799846,0.0 -79.02039404694108,33.98762138620911,0.0 -79.02005556786092,33.98757494558099,0.0 -79.02006549874909,33.98762622664189,0.0 -79.01966926780825,33.9875234468196,0.0 -79.01952583120553,33.987457816731165,0.0 -79.01921459497152,33.98728808100742,0.0 -79.01910991371737,33.98726576653346,0.0 -79.01891758699256,33.98718487818059,0.0 -79.01884445042076,33.98718383733729,0.0 -79.0185758343193,33.98727934548522,0.0 -79.01842175906813,33.987216414824765,0.0 -79.01835135349181,33.98744132526652,0.0 -79.01818972947594,33.9877984321326,0.0 -79.01794603814123,33.987794974362764,0.0 -79.01803424087917,33.98794826413736,0.0 -79.01800253196173,33.98799135217588,0.0 -79.01787976473537,33.987946246024514,0.0 -79.01787972824908,33.987946231913476,0.0 -79.01778138762101,33.98812905266571,0.0 -79.01777533169846,33.98814030955582,0.0 -79.01765067717278,33.98814254832239,0.0 -79.01754735434294,33.9880505044276,0.0 -79.01739541033595,33.98818767500499,0.0 -79.01723810476865,33.9881978276292,0.0 -79.01709344149617,33.98815168350184,0.0 -79.01692723492195,33.98822759409751,0.0 -79.01668661922959,33.98826807712108,0.0 -79.01661011881684,33.98819077937228,0.0 -79.01659451235993,33.98794830521037,0.0 -79.01635308652087,33.98758741742471,0.0 -79.01601480532948,33.98762421977259,0.0 -79.01578187686339,33.9874847183844,0.0 -79.01562440666697,33.987638160206835,0.0 -79.01532981368204,33.98777425667102,0.0 -79.01530475628928,33.987464663467634,0.0 -79.01497417675044,33.987434349844605,0.0 -79.0148679356794,33.987558248953476,0.0 -79.01469169447333,33.98746613058068,0.0</coordinates>
                    </LinearRing>
                </outerBoundaryIs>
            </Polygon>
        </Placemark>
        <Placemark id="2725080">
            <name>41511020031.0</name>
            <description>PIN: 41511020031.0&lt;br&gt;Wetland %: 0.82&lt;br&gt;Flood %: 33.65&lt;br&gt;Parcel area (m²): 3162.67</description>
            <styleUrl>#2725085</styleUrl>
            <ExtendedData>
                <Data name="PIN">
                    <value>41511020031.0</value>
                </Data>
                <Data name="Wetland_%">
                    <value>0.82</value>
                </Data>
                <Data name="Flood_%">
                    <value>33.65</value>
                </Data>
                <Data name="Parcel_area_m2">
                    <value>3162.67</value>
                </Data>
            </ExtendedData>
            <Polygon id="2725079">
                <outerBoundaryIs>
                    <LinearRing id="2725083">
                        <coordinates>-79.0269318313968,33.738072909103465,0.0 -79.02696558690951,33.738047863721164,0.0 -79.02699830813096,33.73802187646161,0.0 -79.02702995656949,33.73799497827885,0.0 -79.02706049483339,33.73796719924241,0.0 -79.02710926236219,33.73792203244441,0.0 -79.02770978352724,33.73838998240752,0.0 -79.02750187264337,33.738629259806046,0.0 -79.0269318313968,33.738072909103465,0.0</coordinates>
                    </LinearRing>
                </outerBoundaryIs>
            </Polygon>
        </Placemark>
        <Placemark id="2725094">
            <name>43100000005.0</name>
            <description>PIN: 43100000005.0&lt;br&gt;Wetland %: 0.00&lt;br&gt;Flood %: 100.00&lt;br&gt;Parcel area (m²): 58332.54</description>
            <styleUrl>#2725099</styleUrl>
            <ExtendedData>
                <Data name="PIN">
                    <value>43100000005.0</value>
                </Data>
                <Data name="Wetland_%">
                    <value>0.00</value>
                </Data>
                <Data name="Flood_%">
                    <value>100.00</value>
                </Data>
                <Data name="Parcel_area_m2">
                    <value>58332.54</value>
                </Data>
            </ExtendedData>
            <Polygon id="2725093">
                <outerBoundaryIs>
                    <LinearRing id="2725097">
                        <coordinates>-79.09242403152375,33.71789132160702,0.0 -79.09205145624469,33.71688517154726,0.0 -79.09277224040946,33.71618533488008,0.0 -79.09390991147443,33.717152462199735,0.0 -79.09448522825748,33.718138269145186,0.0 -79.092942534717,33.7192459359231,0.0 -79.0927834366198,33.7188559640473,0.0 -79.09242403152375,33.71789132160702,0.0</coordinates>
                    </LinearRing>
                </outerBoundaryIs>
            </Polygon>
        </Placemark>
        <Placemark id="2725108">
            <name>43605020007.0</name>
            <description>PIN: 43605020007.0&lt;br&gt;Wetland %: 0.32&lt;br&gt;Flood %: 0.00&lt;br&gt;Parcel area (m²): 5559.99</description>
            <styleUrl>#2725113</styleUrl>
            <ExtendedData>
                <Data name="PIN">
                    <value>43605020007.0</value>
                </Data>
                <Data name="Wetland_%">
                    <value>0.32</value>
                </Data>
                <Data name="Flood_%">
                    <value>0.00</value>
                </Data>
                <Data name="Parcel_area_m2">
                    <value>5559.99</value>
                </Data>
            </ExtendedData>
            <Polygon id="2725107">
                <outerBoundaryIs>
                    <LinearRing id="2725111">
                        <coordinates>-79.11702636880041,33.69304407545022,0.0 -79.11686768202229,33.692922961227715,0.0 -79.11775173437557,33.69284345032575,0.0 -79.11785615792648,33.69367885603047,0.0 -79.11702636880041,33.69304407545022,0.0</coordinates>
                    </LinearRing>
                </outerBoundaryIs>
            </Polygon>
        </Placemark>
        <Placemark id="2725122">
            <name>43605010037.0</name>
            <description>PIN: 43605010037.0&lt;br&gt;Wetland %: 0.00&lt;br&gt;Flood %: 0.00&lt;br&gt;Parcel area (m²): 1451.35</description>
            <styleUrl>#2725127</styleUrl>
            <ExtendedData>
                <Data name="PIN">
                    <value>43605010037.0</value>
                </Data>
                <Data name="Wetland_%">
                    <value>0.00</value>
                </Data>
                <Data name="Flood_%">
                    <value>0.00</value>
                </Data>
                <Data name="Parcel_area_m2">
                    <value>1451.35</value>
                </Data>
            </ExtendedData>
            <Polygon id="2725121">
                <outerBoundaryIs>
                    <LinearRing id="2725125">
                        <coordinates>-79.12152431383399,33.692784916217654,0.0 -79.12152457099336,33.69278489938128,0.0 -79.12198209961447,33.6927545883688,0.0 -79.12200231764886,33.69295918204569,0.0 -79.12154587468197,33.69300327642094,0.0 -79.1215448569781,33.69299296744175,0.0 -79.12152431383399,33.692784916217654,0.0</coordinates>
                    </LinearRing>
                </outerBoundaryIs>
            </Polygon>
        </Placemark>
        <Placemark id="2725136">
            <name>43711040004.0</name>
            <description>PIN: 43711040004.0&lt;br&gt;Wetland %: 32.08&lt;br&gt;Flood %: 0.00&lt;br&gt;Parcel area (m²): 15887.51</description>
            <styleUrl>#2725141</styleUrl>
            <ExtendedData>
                <Data name="PIN">
                    <value>43711040004.0</value>
                </Data>
                <Data name="Wetland_%">
                    <value>32.08</value>
                </Data>
                <Data name="Flood_%">
                    <value>0.00</value>
                </Data>
                <Data name="Parcel_area_m2">
                    <value>15887.51</value>
                </Data>
            </ExtendedData>
            <Polygon id="2725135">
                <outerBoundaryIs>
                    <LinearRing id="2725139">
                        <coordinates>-79.09746726204251,33.681162372773855,0.0 -79.09750115048874,33.68107475995043,0.0 -79.0975380779313,33.68097930752957,0.0 -79.09732115323169,33.68075128113428,0.0 -79.09753524005274,33.68069024812545,0.0 -79.09761802554019,33.68065015767677,0.0 -79.0995443157348,33.681869380370856,0.0 -79.0993200393733,33.68221950845447,0.0 -79.09746726204251,33.681162372773855,0.0</coordinates>
                    </LinearRing>
                </outerBoundaryIs>
            </Polygon>
        </Placemark>
        <Placemark id="2725150">
            <name>43710030012.0</name>
            <description>PIN: 43710030012.0&lt;br&gt;Wetland %: 1.77&lt;br&gt;Flood %: 0.00&lt;br&gt;Parcel area (m²): 15745.41</description>
            <styleUrl>#2725155</styleUrl>
            <ExtendedData>
                <Data name="PIN">
                    <value>43710030012.0</value>
                </Data>
                <Data name="Wetland_%">
                    <value>1.77</value>
                </Data>
                <Data name="Flood_%">
                    <value>0.00</value>
                </Data>
                <Data name="Parcel_area_m2">
                    <value>15745.41</value>
                </Data>
            </ExtendedData>
            <Polygon id="2725149">
                <outerBoundaryIs>
                    <LinearRing id="2725153">
                        <coordinates>-79.1025697077756,33.682143449606905,0.0 -79.10297100519163,33.681984005611405,0.0 -79.10428145175139,33.68336857022492,0.0 -79.10408739867934,33.683569899507816,0.0 -79.10394150892297,33.68366215996428,0.0 -79.10374343394678,33.683748704257695,0.0 -79.1025697077756,33.682143449606905,0.0</coordinates>
                    </LinearRing>
                </outerBoundaryIs>
            </Polygon>
        </Placemark>
        <Placemark id="2725164">
            <name>43714040005.0</name>
            <description>PIN: 43714040005.0&lt;br&gt;Wetland %: 8.49&lt;br&gt;Flood %: 0.00&lt;br&gt;Parcel area (m²): 10796.57</description>
            <styleUrl>#2725169</styleUrl>
            <ExtendedData>
                <Data name="PIN">
                    <value>43714040005.0</value>
                </Data>
                <Data name="Wetland_%">
                    <value>8.49</value>
                </Data>
                <Data name="Flood_%">
                    <value>0.00</value>
                </Data>
                <Data name="Parcel_area_m2">
                    <value>10796.57</value>
                </Data>
            </ExtendedData>
            <Polygon id="2725163">
                <outerBoundaryIs>
                    <LinearRing id="2725167">
                        <coordinates>-79.09636380259163,33.67467125829062,0.0 -79.0965319247337,33.674576942831294,0.0 -79.09654356126504,33.67457110895467,0.0 -79.0965718187246,33.67455711164298,0.0 -79.09666157867916,33.674512447431056,0.0 -79.09668645625077,33.6745025216138,0.0 -79.09688472136334,33.67442052558347,0.0 -79.09689437013581,33.67443029581792,0.0 -79.09778876241789,33.675323760862646,0.0 -79.09751673263433,33.675470600030025,0.0 -79.09725497773906,33.67559869619802,0.0 -79.09636380259163,33.67467125829062,0.0</coordinates>
                    </LinearRing>
                </outerBoundaryIs>
            </Polygon>
        </Placemark>
        <Placemark id="2725178">
            <name>43615040003.0</name>
            <description>PIN: 43615040003.0&lt;br&gt;Wetland %: 0.00&lt;br&gt;Flood %: 100.00&lt;br&gt;Parcel area (m²): 1547.21</description>
            <styleUrl>#2725183</styleUrl>
            <ExtendedData>
                <Data name="PIN">
                    <value>43615040003.0</value>
                </Data>
                <Data name="Wetland_%">
                    <value>0.00</value>
                </Data>
                <Data name="Flood_%">
                    <value>100.00</value>
                </Data>
                <Data name="Parcel_area_m2">
                    <value>1547.21</value>
                </Data>
            </ExtendedData>
            <Polygon id="2725177">
                <outerBoundaryIs>
                    <LinearRing id="2725181">
                        <coordinates>-79.13877230408012,33.673424778056514,0.0 -79.13901369520362,33.67366802563494,0.0 -79.13876259681848,33.67384539708756,0.0 -79.13852115522297,33.67360214826249,0.0 -79.13877230408012,33.673424778056514,0.0</coordinates>
                    </LinearRing>
                </outerBoundaryIs>
            </Polygon>
        </Placemark>
        <Placemark id="2725192">
            <name>27514030015.0</name>
            <description>PIN: 27514030015.0&lt;br&gt;Wetland %: 0.00&lt;br&gt;Flood %: 100.00&lt;br&gt;Parcel area (m²): 5918.89</description>
            <styleUrl>#2725197</styleUrl>
            <ExtendedData>
                <Data name="PIN">
                    <value>27514030015.0</value>
                </Data>
                <Data name="Wetland_%">
                    <value>0.00</value>
                </Data>
                <Data name="Flood_%">
                    <value>100.00</value>
                </Data>
                <Data name="Parcel_area_m2">
                    <value>5918.89</value>
                </Data>
            </ExtendedData>
            <Polygon id="2725191">
                <outerBoundaryIs>
                    <LinearRing id="2725195">
                        <coordinates>-79.01989983093843,33.92099057712811,0.0 -79.02050215462037,33.9205531858556,0.0 -79.02092272872741,33.92098294020122,0.0 -79.02023885549939,33.921332030606266,0.0 -79.02015616517627,33.921245254377865,0.0 -79.0200720872311,33.9211594101205,0.0 -79.01998663755548,33.92107451251541,0.0 -79.01989983093843,33.92099057712811,0.0</coordinates>
                    </LinearRing>
                </outerBoundaryIs>
            </Polygon>
        </Placemark>
        <Placemark id="2725206">
            <name>27500000036.0</name>
            <description>PIN: 27500000036.0&lt;br&gt;Wetland %: 42.75&lt;br&gt;Flood %: 100.00&lt;br&gt;Parcel area (m²): 506945.69</description>
            <styleUrl>#2725211</styleUrl>
            <ExtendedData>
                <Data name="PIN">
                    <value>27500000036.0</value>
                </Data>
                <Data name="Wetland_%">
                    <value>42.75</value>
                </Data>
                <Data name="Flood_%">
                    <value>100.00</value>
                </Data>
                <Data name="Parcel_area_m2">
                    <value>506945.69</value>
                </Data>
            </ExtendedData>
            <Polygon id="2725205">
                <outerBoundaryIs>
                    <LinearRing id="2725209">
                        <coordinates>-79.02850255588156,33.935295833101875,0.0 -79.02535982763492,33.93487172008241,0.0 -79.02580201072165,33.934173824239885,0.0 -79.02631687269518,33.93336558782206,0.0 -79.02655208058184,33.93299564812365,0.0 -79.02684460912069,33.93253487363907,0.0 -79.02704217114513,33.93222446592209,0.0 -79.02704814092401,33.932215800044375,0.0 -79.02706782850083,33.93218415696744,0.0 -79.02736631625372,33.93171488565773,0.0 -79.02750230597319,33.93150091516785,0.0 -79.02786835373239,33.93092624585705,0.0 -79.02887203392488,33.93153494738491,0.0 -79.02918690443204,33.93115713514236,0.0 -79.0296808006597,33.93126558640903,0.0 -79.02969857420597,33.9311579280316,0.0 -79.03070474390009,33.929871434520045,0.0 -79.03155850153234,33.93031753945147,0.0 -79.03207174008557,33.93058752411598,0.0 -79.03226888690672,33.93069125307811,0.0 -79.03232998654782,33.93072340094648,0.0 -79.03240254779942,33.930759085701105,0.0 -79.03256260333328,33.93082639821586,0.0 -79.03274420879987,33.930888725984,0.0 -79.03286135828124,33.930921510500745,0.0 -79.03301965970972,33.93095735408187,0.0 -79.03317077238768,33.93098311851499,0.0 -79.0332908092633,33.93099773493191,0.0 -79.03342330652647,33.93100825594193,0.0 -79.03418584285946,33.93103055219715,0.0 -79.03424444983465,33.93103220123741,0.0 -79.03430293399295,33.93103577111367,0.0 -79.03436120348685,33.931041256762285,0.0 -79.03441916983705,33.93104864776162,0.0 -79.0344767412986,33.93105793454059,0.0 -79.03453383167867,33.93106910130304,0.0 -79.03459034939665,33.93108213126555,0.0 -79.0346462094231,33.931097005043256,0.0 -79.034701323566,33.931113699593716,0.0 -79.03475560698043,33.93113218741821,0.0 -79.03480897698465,33.931152441052504,0.0 -79.03482043014834,33.93115701657696,0.0 -79.03482034622567,33.931251463863916,0.0 -79.033861077698,33.93291987204445,0.0 -79.03340067413832,33.93273583130674,0.0 -79.03310123668824,33.933256282346825,0.0 -79.03356179463954,33.93344038521042,0.0 -79.03218645580246,33.93583228504121,0.0 -79.03025031071301,33.93596850709381,0.0 -79.03023875217487,33.93596918384341,0.0 -79.02992571179588,33.93599341718944,0.0 -79.0295376928311,33.93601525495605,0.0 -79.02937838153878,33.93602320262856,0.0 -79.02920197801272,33.93602143028165,0.0 -79.0285538479246,33.93607053962655,0.0 -79.02850255588156,33.935295833101875,0.0</coordinates>
                    </LinearRing>
                </outerBoundaryIs>
            </Polygon>
        </Placemark>
        <Placemark id="2725220">
            <name>29400000046.0</name>
            <description>PIN: 29400000046.0&lt;br&gt;Wetland %: 11.46&lt;br&gt;Flood %: 100.00&lt;br&gt;Parcel area (m²): 336013.35</description>
            <styleUrl>#2725225</styleUrl>
            <ExtendedData>
                <Data name="PIN">
                    <value>29400000046.0</value>
                </Data>
                <Data name="Wetland_%">
                    <value>11.46</value>
                </Data>
                <Data name="Flood_%">
                    <value>100.00</value>
                </Data>
                <Data name="Parcel_area_m2">
                    <value>336013.35</value>
                </Data>
            </ExtendedData>
            <Polygon id="2725219">
                <outerBoundaryIs>
                    <LinearRing id="2725223">
                        <coordinates>-79.02051298552014,33.91878159168722,0.0 -79.01988170263938,33.91857373108629,0.0 -79.019270719612,33.918372551712096,0.0 -79.01970538366388,33.916925487733636,0.0 -79.01980070077717,33.91660476546605,0.0 -79.01986016454515,33.91640468214309,0.0 -79.0199156628797,33.91621793747873,0.0 -79.01997116205509,33.91603119279854,0.0 -79.02002666098984,33.9158444480852,0.0 -79.02008215860272,33.91565770332146,0.0 -79.02013765703565,33.915470959443454,0.0 -79.02019315524873,33.91528421463073,0.0 -79.02024865213986,33.9150974697676,0.0 -79.02030414987186,33.91491072488865,0.0 -79.02035964628186,33.914723979959284,0.0 -79.02041870651311,33.914525244510024,0.0 -79.02102290064316,33.914359469592604,0.0 -79.02444915060215,33.91623819629545,0.0 -79.02527919680048,33.91450121109708,0.0 -79.026278080173,33.91471166933561,0.0 -79.02706771101907,33.91486439871823,0.0 -79.02699358973712,33.916151997699025,0.0 -79.02698968327319,33.91626914910906,0.0 -79.02698374008452,33.91638624103829,0.0 -79.02697576396434,33.91650324919589,0.0 -79.02696575548266,33.916620148338026,0.0 -79.02695371735149,33.91673691415656,0.0 -79.02542437437805,33.91592734188799,0.0 -79.02524480420077,33.91639572737528,0.0 -79.02516060612535,33.916615347069275,0.0 -79.02458125288705,33.91631015916949,0.0 -79.02453605838328,33.916746539811676,0.0 -79.02441681761053,33.91789786113744,0.0 -79.0243231132408,33.91910135013918,0.0 -79.02391583811776,33.919245784796324,0.0 -79.02298383606184,33.919595118807955,0.0 -79.02051298552014,33.91878159168722,0.0</coordinates>
                    </LinearRing>
                </outerBoundaryIs>
            </Polygon>
        </Placemark>
        <Placemark id="2725234">
            <name>27500000034.0</name>
            <description>PIN: 27500000034.0&lt;br&gt;Wetland %: 11.58&lt;br&gt;Flood %: 100.00&lt;br&gt;Parcel area (m²): 367356.79</description>
            <styleUrl>#2725239</styleUrl>
            <ExtendedData>
                <Data name="PIN">
                    <value>27500000034.0</value>
                </Data>
                <Data name="Wetland_%">
                    <value>11.58</value>
                </Data>
                <Data name="Flood_%">
                    <value>100.00</value>
                </Data>
                <Data name="Parcel_area_m2">
                    <value>367356.79</value>
                </Data>
            </ExtendedData>
            <Polygon id="2725233">
                <outerBoundaryIs>
                    <LinearRing id="2725237">
                        <coordinates>-79.01743497326352,33.93285414128502,0.0 -79.0174835865373,33.9323530022887,0.0 -79.01789784598185,33.93184932422812,0.0 -79.01890681848181,33.93062421640313,0.0 -79.01990356755934,33.93062504453751,0.0 -79.02168600826998,33.93062650510135,0.0 -79.02172391141644,33.930627452681364,0.0 -79.02347174513444,33.93062801513962,0.0 -79.02457402187305,33.9306289180233,0.0 -79.02467954893085,33.93062905192098,0.0 -79.02572823993344,33.93062978062838,0.0 -79.02622290107506,33.93063027013872,0.0 -79.02633162746017,33.9306347483349,0.0 -79.02639093102852,33.93063724101506,0.0 -79.02652265787061,33.9306453500322,0.0 -79.02686020670787,33.930666185885705,0.0 -79.02688347551062,33.93080211552897,0.0 -79.02720341981788,33.930763737615024,0.0 -79.02743575562742,33.930734791994304,0.0 -79.02754408169957,33.930720708323314,0.0 -79.02765429196168,33.93069634782152,0.0 -79.02773835057953,33.93066194807947,0.0 -79.02767250256157,33.93076518874725,0.0 -79.02726969343749,33.93139790751972,0.0 -79.02713370217994,33.93161187954572,0.0 -79.02681470277156,33.932112781148724,0.0 -79.02661199237495,33.93243186655153,0.0 -79.02631864099197,33.93289262470728,0.0 -79.02608343232214,33.933262566676746,0.0 -79.02570539767449,33.933856502464536,0.0 -79.02569889475645,33.93385244685572,0.0 -79.02341854794719,33.93291033446637,0.0 -79.02211831117204,33.93237331201808,0.0 -79.02163878736758,33.93264656829317,0.0 -79.01748797040145,33.934740231322124,0.0 -79.01743497326352,33.93285414128502,0.0</coordinates>
                    </LinearRing>
                </outerBoundaryIs>
            </Polygon>
        </Placemark>
        <Placemark id="2725248">
            <name>27511010002.0</name>
            <description>PIN: 27511010002.0&lt;br&gt;Wetland %: 0.00&lt;br&gt;Flood %: 100.00&lt;br&gt;Parcel area (m²): 14060.24</description>
            <styleUrl>#2725253</styleUrl>
            <ExtendedData>
                <Data name="PIN">
                    <value>27511010002.0</value>
                </Data>
                <Data name="Wetland_%">
                    <value>0.00</value>
                </Data>
                <Data name="Flood_%">
                    <value>100.00</value>
                </Data>
                <Data name="Parcel_area_m2">
                    <value>14060.24</value>
                </Data>
            </ExtendedData>
            <Polygon id="2725247">
                <outerBoundaryIs>
                    <LinearRing id="2725251">
                        <coordinates>-79.02525106816641,33.92979440504508,0.0 -79.0268786946296,33.9297871633244,0.0 -79.02684877157463,33.929833762631766,0.0 -79.02655896080984,33.93028427022071,0.0 -79.02640635942004,33.93053955569183,0.0 -79.02636034407139,33.93060479764199,0.0 -79.02633162746017,33.9306347483349,0.0 -79.02622290107506,33.93063027013872,0.0 -79.02572823993344,33.93062978062838,0.0 -79.02527080771897,33.929832518315074,0.0 -79.02525106816641,33.92979440504508,0.0</coordinates>
                    </LinearRing>
                </outerBoundaryIs>
            </Polygon>
        </Placemark>
        <Placemark id="2725262">
            <name>27511030023.0</name>
            <description>PIN: 27511030023.0&lt;br&gt;Wetland %: 0.00&lt;br&gt;Flood %: 100.00&lt;br&gt;Parcel area (m²): 4046.85</description>
            <styleUrl>#2725267</styleUrl>
            <ExtendedData>
                <Data name="PIN">
                    <value>27511030023.0</value>
                </Data>
                <Data name="Wetland_%">
                    <value>0.00</value>
                </Data>
                <Data name="Flood_%">
                    <value>100.00</value>
                </Data>
                <Data name="Parcel_area_m2">
                    <value>4046.85</value>
                </Data>
            </ExtendedData>
            <Polygon id="2725261">
                <outerBoundaryIs>
                    <LinearRing id="2725265">
                        <coordinates>-79.02362389658984,33.928488325069736,0.0 -79.02340304275678,33.9284841156465,0.0 -79.02338408879659,33.9284838134269,0.0 -79.02340395091406,33.92779792637452,0.0 -79.02342372491857,33.92779841302697,0.0 -79.0235374463857,33.927800569860814,0.0 -79.02366677108189,33.927805380675686,0.0 -79.02379371904063,33.92780603095471,0.0 -79.02378675709319,33.928361033967,0.0 -79.02378662041556,33.92843886164992,0.0 -79.02378293727047,33.928491548702304,0.0 -79.02362389658984,33.928488325069736,0.0</coordinates>
                    </LinearRing>
                </outerBoundaryIs>
            </Polygon>
        </Placemark>
        <Placemark id="2725276">
            <name>27511030024.0</name>
            <description>PIN: 27511030024.0&lt;br&gt;Wetland %: 0.00&lt;br&gt;Flood %: 100.00&lt;br&gt;Parcel area (m²): 4230.32</description>
            <styleUrl>#2725281</styleUrl>
            <ExtendedData>
                <Data name="PIN">
                    <value>27511030024.0</value>
                </Data>
                <Data name="Wetland_%">
                    <value>0.00</value>
                </Data>
                <Data name="Flood_%">
                    <value>100.00</value>
                </Data>
                <Data name="Parcel_area_m2">
                    <value>4230.32</value>
                </Data>
            </ExtendedData>
            <Polygon id="2725275">
                <outerBoundaryIs>
                    <LinearRing id="2725279">
                        <coordinates>-79.02407465755785,33.928497278457286,0.0 -79.02378293727047,33.928491548702304,0.0 -79.02378662041556,33.92843886164992,0.0 -79.02378675709319,33.928361033967,0.0 -79.02379371904063,33.92780603095471,0.0 -79.0238159693565,33.92780638566354,0.0 -79.02409038289424,33.92781174301841,0.0 -79.02419915856456,33.92781386730938,0.0 -79.02420575049075,33.92781397237506,0.0 -79.02419908979266,33.92849972804821,0.0 -79.02407465755785,33.928497278457286,0.0</coordinates>
                    </LinearRing>
                </outerBoundaryIs>
            </Polygon>
        </Placemark>
        <Placemark id="2725290">
            <name>29400000036.0</name>
            <description>PIN: 29400000036.0&lt;br&gt;Wetland %: 3.20&lt;br&gt;Flood %: 100.00&lt;br&gt;Parcel area (m²): 63979.95</description>
            <styleUrl>#2725295</styleUrl>
            <ExtendedData>
                <Data name="PIN">
                    <value>29400000036.0</value>
                </Data>
                <Data name="Wetland_%">
                    <value>3.20</value>
                </Data>
                <Data name="Flood_%">
                    <value>100.00</value>
                </Data>
                <Data name="Parcel_area_m2">
                    <value>63979.95</value>
                </Data>
            </ExtendedData>
            <Polygon id="2725289">
                <outerBoundaryIs>
                    <LinearRing id="2725293">
                        <coordinates>-79.02454843619864,33.909608850609516,0.0 -79.02456251286846,33.90961024202189,0.0 -79.02561666746804,33.909714466941764,0.0 -79.02686082900807,33.9098353724935,0.0 -79.02682443797596,33.91011070838033,0.0 -79.02669794837166,33.910109888609426,0.0 -79.02655018617257,33.91009286308729,0.0 -79.02654914936893,33.91009274466506,0.0 -79.02635792061487,33.91009279036112,0.0 -79.02643820445729,33.911999781384615,0.0 -79.02643959443199,33.91203279183258,0.0 -79.02467998622998,33.91203234540559,0.0 -79.0246616096622,33.91169199687154,0.0 -79.02454843619864,33.909608850609516,0.0</coordinates>
                    </LinearRing>
                </outerBoundaryIs>
            </Polygon>
        </Placemark>
        <Placemark id="2725304">
            <name>29404030004.0</name>
            <description>PIN: 29404030004.0&lt;br&gt;Wetland %: 0.00&lt;br&gt;Flood %: 100.00&lt;br&gt;Parcel area (m²): 26015.12</description>
            <styleUrl>#2725309</styleUrl>
            <ExtendedData>
                <Data name="PIN">
                    <value>29404030004.0</value>
                </Data>
                <Data name="Wetland_%">
                    <value>0.00</value>
                </Data>
                <Data name="Flood_%">
                    <value>100.00</value>
                </Data>
                <Data name="Parcel_area_m2">
                    <value>26015.12</value>
                </Data>
            </ExtendedData>
            <Polygon id="2725303">
                <outerBoundaryIs>
                    <LinearRing id="2725307">
                        <coordinates>-79.01239421802735,33.914750721943115,0.0 -79.01226630609541,33.913441381981904,0.0 -79.01224057746397,33.91318896715643,0.0 -79.01222273071721,33.91288858187854,0.0 -79.01321531503567,33.91329317139623,0.0 -79.01347823115859,33.9134032764023,0.0 -79.01375817463989,33.9135675289297,0.0 -79.01373570550182,33.91371040769956,0.0 -79.01323498903393,33.91423879055385,0.0 -79.01242632160684,33.91509212177588,0.0 -79.01239421802735,33.914750721943115,0.0</coordinates>
                    </LinearRing>
                </outerBoundaryIs>
            </Polygon>
        </Placemark>
        <Placemark id="2725318">
            <name>25000000041.0_1</name>
            <description>PIN: 25000000041.0&lt;br&gt;Wetland %: 31.52&lt;br&gt;Flood %: 83.68&lt;br&gt;Parcel area (m²): 335919.16</description>
            <styleUrl>#2725323</styleUrl>
            <ExtendedData>
                <Data name="PIN">
                    <value>25000000041.0</value>
                </Data>
                <Data name="Wetland_%">
                    <value>31.52</value>
                </Data>
                <Data name="Flood_%">
                    <value>83.68</value>
                </Data>
                <Data name="Parcel_area_m2">
                    <value>335919.16</value>
                </Data>
            </ExtendedData>
            <Polygon id="2725317">
                <outerBoundaryIs>
                    <LinearRing id="2725321">
                        <coordinates>-78.98970851900211,33.95005762099341,0.0 -78.98959324571764,33.95005008191246,0.0 -78.98947776576605,33.950051302987106,0.0 -78.98937243450615,33.950041690034034,0.0 -78.98924595339408,33.95001971099393,0.0 -78.98913410478156,33.95000672913034,0.0 -78.98898855777419,33.94998890405621,0.0 -78.98888974612981,33.9499826630555,0.0 -78.98880337278916,33.949973530259356,0.0 -78.98868835425093,33.94995499868528,0.0 -78.98863516171492,33.94993747171894,0.0 -78.98848642300487,33.949915126340095,0.0 -78.98837495971623,33.94988565907166,0.0 -78.98827997806868,33.94985662955957,0.0 -78.98825548193146,33.94984626629892,0.0 -78.98817299776755,33.94981176841323,0.0 -78.9881151381838,33.949782137056324,0.0 -78.98804674320134,33.949744776025376,0.0 -78.98797729709881,33.94971701830747,0.0 -78.98798517577374,33.94966216723695,0.0 -78.98795366721001,33.94959894608244,0.0 -78.98790794051487,33.949544254208696,0.0 -78.98784546935309,33.949500289082266,0.0 -78.98776748963174,33.94944954259673,0.0 -78.98767176408273,33.94938184302699,0.0 -78.9876148317941,33.94934793079587,0.0 -78.98752784095089,33.94929463257791,0.0 -78.9874392508106,33.94923924662842,0.0 -78.98735222993582,33.949187150007994,0.0 -78.98726495441163,33.9491460458782,0.0 -78.98716907847684,33.94912009263708,0.0 -78.98708301530152,33.949097733902384,0.0 -78.98696052693427,33.94904609297333,0.0 -78.98687649685021,33.94900727432122,0.0 -78.98676889876701,33.948953640077924,0.0 -78.98669741327994,33.94890729401844,0.0 -78.9866063248732,33.948852896842105,0.0 -78.98648818872367,33.948791532528645,0.0 -78.98638823781924,33.94872823035321,0.0 -78.98630235381597,33.9486629216733,0.0 -78.98619851564021,33.94858959037142,0.0 -78.98607582272734,33.948511486599834,0.0 -78.985940917746,33.94846187602808,0.0 -78.98586670525113,33.94842648096536,0.0 -78.98581072608022,33.94838708546303,0.0 -78.98569008417917,33.948115555599145,0.0 -78.98587096799146,33.9476800367804,0.0 -78.98830733756694,33.947661691778926,0.0 -78.98876343499283,33.94765826729723,0.0 -78.98879637656961,33.94783662546514,0.0 -78.98887879721872,33.94833277267519,0.0 -78.98888324282575,33.94835432227597,0.0 -78.98888765349382,33.948377414435384,0.0 -78.9888951714895,33.948408462017554,0.0 -78.98890355420049,33.948437978694756,0.0 -78.9889112307988,33.94846232784073,0.0 -78.98891970873744,33.94848772083792,0.0 -78.98893136869629,33.948518149261595,0.0 -78.98894390811273,33.94854618391428,0.0 -78.98895724154492,33.948575437263976,0.0 -78.9889722549973,33.94860351294122,0.0 -78.9889856879469,33.94862864448229,0.0 -78.98900632913629,33.94866282429733,0.0 -78.98902066957456,33.948684362109596,0.0 -78.98903421488619,33.9487046830078,0.0 -78.9890541972702,33.94873180930807,0.0 -78.98907261121178,33.948755474887484,0.0 -78.98910229699875,33.94879083312555,0.0 -78.98919549319774,33.948896289479656,0.0 -78.98941802735823,33.94914850540677,0.0 -78.98954898639387,33.94929666746941,0.0 -78.98980832862624,33.94963246456261,0.0 -78.98996682872577,33.94983725463811,0.0 -78.99002205715288,33.949908935230745,0.0 -78.990097299687,33.95000636704967,0.0 -78.9901274437039,33.95005736841916,0.0 -78.99005960201086,33.950066919998186,0.0 -78.98996217829155,33.95007187039051,0.0 -78.98984352928781,33.95006754164314,0.0 -78.98970851900211,33.95005762099341,0.0</coordinates>
                    </LinearRing>
                </outerBoundaryIs>
            </Polygon>
        </Placemark>
        <Placemark id="2725327">
            <name>25000000041.0_2</name>
            <styleUrl>#2725332</styleUrl>
            <Polygon id="2725326">
                <outerBoundaryIs>
                    <LinearRing id="2725330">
                        <coordinates>-78.99211851465132,33.95007674088318,0.0 -78.99199772704652,33.95005812077706,0.0 -78.99190784956757,33.95005769520973,0.0 -78.99178634406064,33.950069816624726,0.0 -78.99163863904162,33.950073779911584,0.0 -78.99153734900838,33.950067673142684,0.0 -78.9914104347429,33.95006424196807,0.0 -78.99129446116419,33.95005136659759,0.0 -78.99071160436229,33.950007690235125,0.0 -78.99063893997851,33.95000436804201,0.0 -78.99053484169194,33.94999960835533,0.0 -78.99019369465441,33.94998205805983,0.0 -78.9901840152516,33.94996550851376,0.0 -78.99010556061761,33.949864415338745,0.0 -78.99009355238012,33.94984893013866,0.0 -78.9898918380953,33.94958777355324,0.0 -78.98976533934189,33.94942508087208,0.0 -78.98962203678695,33.949240639918095,0.0 -78.98949833438986,33.94909964021731,0.0 -78.98927097234707,33.94884219096755,0.0 -78.98918258275391,33.9487428263883,0.0 -78.98915450551026,33.94870921144478,0.0 -78.98913768803163,33.94868780663939,0.0 -78.9891193101478,33.948662596724844,0.0 -78.98910654506058,33.9486441770369,0.0 -78.98909380618342,33.94862472781967,0.0 -78.989074760443,33.94859280515813,0.0 -78.9890620966861,33.94857009323308,0.0 -78.98904868082579,33.94854427564272,0.0 -78.98903611625207,33.94851727054597,0.0 -78.98902517152658,33.94849166438826,0.0 -78.98901428074895,33.94846365558022,0.0 -78.98900657791583,33.948440335968485,0.0 -78.98899967644424,33.94841805930595,0.0 -78.98899206180891,33.94839096312626,0.0 -78.98898531378569,33.948362162008024,0.0 -78.98898085721329,33.948341127209964,0.0 -78.98897720483335,33.948320967656926,0.0 -78.98889395825593,33.94782480622174,0.0 -78.98882598658867,33.947451392812916,0.0 -78.99322198838563,33.94727693557972,0.0 -78.99453014631507,33.94726356866357,0.0 -78.99454250418881,33.94737029102188,0.0 -78.99457025558873,33.94745338044896,0.0 -78.99460628215891,33.94753522833268,0.0 -78.9946376399725,33.947605145423495,0.0 -78.99465799625638,33.947651691716494,0.0 -78.99469837141125,33.94772381723621,0.0 -78.99474073493296,33.94781693559145,0.0 -78.99478111023464,33.94788906108128,0.0 -78.99482292737166,33.94797014393855,0.0 -78.9948661892468,33.94806001375174,0.0 -78.99490561359477,33.94813762079944,0.0 -78.99493686968762,33.948211833630104,0.0 -78.99497003825857,33.948310301084284,0.0 -78.99499766642879,33.94839871401822,0.0 -78.99501962329157,33.948482740465586,0.0 -78.99504222968672,33.94857433610042,0.0 -78.99506864515081,33.94864400448305,0.0 -78.99508968007986,33.94873230897176,0.0 -78.99510625072458,33.94879975374418,0.0 -78.995118989386,33.94889015984901,0.0 -78.9951223250865,33.94895945232415,0.0 -78.99512476297942,33.94906721637771,0.0 -78.99512083167815,33.94912986351245,0.0 -78.9951217162376,33.94919808549719,0.0 -78.99509502029832,33.94928218472476,0.0 -78.99507390855025,33.94937427564434,0.0 -78.99505323765325,33.94944747561139,0.0 -78.99504654830818,33.94952227702445,0.0 -78.99502989503945,33.94960000898028,0.0 -78.9950176963689,33.94966355237497,0.0 -78.99500529155613,33.949735856040064,0.0 -78.99500084727377,33.94982048460004,0.0 -78.99499905586724,33.9498974269105,0.0 -78.99500440465829,33.949986510394844,0.0 -78.99502432941992,33.950086996691944,0.0 -78.99504484813566,33.95016206667916,0.0 -78.99506958747979,33.950232908331486,0.0 -78.99507995264997,33.95028358682996,0.0 -78.99508982026724,33.95032016985782,0.0 -78.99510046530949,33.95035882806276,0.0 -78.99512272706785,33.95039440927661,0.0 -78.99513481226542,33.95040663039711,0.0 -78.99517129280308,33.950433678798355,0.0 -78.99396078552311,33.95074895591289,0.0 -78.99298095730384,33.95075491860754,0.0 -78.99297690894728,33.95071636788652,0.0 -78.99295583145522,33.950665344448446,0.0 -78.99293491048407,33.95060779209509,0.0 -78.99290553546568,33.95055886740332,0.0 -78.99287804059898,33.950500178676336,0.0 -78.99283161403497,33.950439980376466,0.0 -78.99278691221568,33.95037654786208,0.0 -78.99273943036522,33.95032629645693,0.0 -78.99268669714019,33.95028902110649,0.0 -78.99261376291516,33.95023389057906,0.0 -78.99252331459303,33.950187240967644,0.0 -78.99241633165005,33.950142384387135,0.0 -78.99231823120942,33.950105575647235,0.0 -78.99223288885067,33.95008752787552,0.0 -78.99211851465132,33.95007674088318,0.0</coordinates>
                    </LinearRing>
                </outerBoundaryIs>
            </Polygon>
        </Placemark>
        <Placemark id="2725341">
            <name>27401010014.0</name>
            <description>PIN: 27401010014.0&lt;br&gt;Wetland %: 0.00&lt;br&gt;Flood %: 100.00&lt;br&gt;Parcel area (m²): 4787.02</description>
            <styleUrl>#2725346</styleUrl>
            <ExtendedData>
                <Data name="PIN">
                    <value>27401010014.0</value>
                </Data>
                <Data name="Wetland_%">
                    <value>0.00</value>
                </Data>
                <Data name="Flood_%">
                    <value>100.00</value>
                </Data>
                <Data name="Parcel_area_m2">
                    <value>4787.02</value>
                </Data>
            </ExtendedData>
            <Polygon id="2725340">
                <outerBoundaryIs>
                    <LinearRing id="2725344">
                        <coordinates>-79.00780946773392,33.94433817040764,0.0 -79.00800198161683,33.94434670005559,0.0 -79.00887226083927,33.944384413844205,0.0 -79.00914300491934,33.94441395373724,0.0 -79.00874875785006,33.944876628787725,0.0 -79.00822447634388,33.94455244143556,0.0 -79.00812264862495,33.94449632196223,0.0 -79.00801951158621,33.944441889533046,0.0 -79.00791510368697,33.94438916550618,0.0 -79.00780946773392,33.94433817040764,0.0</coordinates>
                    </LinearRing>
                </outerBoundaryIs>
            </Polygon>
        </Placemark>
        <Placemark id="2725355">
            <name>25000000010.0_1</name>
            <description>PIN: 25000000010.0&lt;br&gt;Wetland %: 18.34&lt;br&gt;Flood %: 100.00&lt;br&gt;Parcel area (m²): 882462.09</description>
            <styleUrl>#2725360</styleUrl>
            <ExtendedData>
                <Data name="PIN">
                    <value>25000000010.0</value>
                </Data>
                <Data name="Wetland_%">
                    <value>18.34</value>
                </Data>
                <Data name="Flood_%">
                    <value>100.00</value>
                </Data>
                <Data name="Parcel_area_m2">
                    <value>882462.09</value>
                </Data>
            </ExtendedData>
            <Polygon id="2725354">
                <outerBoundaryIs>
                    <LinearRing id="2725358">
                        <coordinates>-78.99611366455073,33.96518494472451,0.0 -78.99602133086474,33.96518310914444,0.0 -78.99594296319634,33.965183560877,0.0 -78.99586371035296,33.96518674628466,0.0 -78.99580092306137,33.965191230387994,0.0 -78.99572651205453,33.96519896096774,0.0 -78.99565701079423,33.965208319381446,0.0 -78.9955940875808,33.96521864085861,0.0 -78.99553111418794,33.965231024093235,0.0 -78.99547224425528,33.96524433311314,0.0 -78.99542827785733,33.965255133166885,0.0 -78.99538096261841,33.96526811303244,0.0 -78.99537348740016,33.96527039751825,0.0 -78.99517971865563,33.964240709779936,0.0 -78.99518977778344,33.96416287144648,0.0 -78.99519230910329,33.96405415729028,0.0 -78.99524234218943,33.962897148737994,0.0 -78.99520616654026,33.96271513435894,0.0 -78.99514726122001,33.96198622883272,0.0 -78.99538590383365,33.961159049118024,0.0 -78.99529608521013,33.95963245256544,0.0 -78.99634048479405,33.95958473252913,0.0 -78.99889243159853,33.95968212230481,0.0 -78.99931358911903,33.95976537191254,0.0 -78.99914868359791,33.95976356993207,0.0 -78.99913503050749,33.960528584713565,0.0 -78.99964296600852,33.96372829166498,0.0 -78.99962511463352,33.96538423554672,0.0 -78.99946416556438,33.965353635125425,0.0 -78.99912725950904,33.96529940655514,0.0 -78.99881707400168,33.965266740177135,0.0 -78.99859726907609,33.965248932643604,0.0 -78.99820086178464,33.965235318858504,0.0 -78.99741786729014,33.96521133769619,0.0 -78.99655224759377,33.965193749564435,0.0 -78.99611366455073,33.96518494472451,0.0</coordinates>
                    </LinearRing>
                </outerBoundaryIs>
            </Polygon>
        </Placemark>
        <Placemark id="2725364">
            <name>25000000010.0_2</name>
            <styleUrl>#2725369</styleUrl>
            <Polygon id="2725363">
                <outerBoundaryIs>
                    <LinearRing id="2725367">
                        <coordinates>-78.99089673274291,33.96814028817509,0.0 -78.99025070212524,33.967810801595796,0.0 -78.99016512118693,33.96773115495514,0.0 -78.99042317592532,33.9677578069486,0.0 -78.99238754492036,33.96796177267378,0.0 -78.99283210960773,33.96789888317844,0.0 -78.99317509005068,33.9678538398176,0.0 -78.99342141666285,33.96784598374924,0.0 -78.99356813615782,33.96820740671504,0.0 -78.99369831893809,33.968492014891055,0.0 -78.99378793098212,33.96868178332047,0.0 -78.99392964860658,33.96900690533489,0.0 -78.9941597009223,33.9694812621473,0.0 -78.99436458688363,33.969911035609535,0.0 -78.99321583638569,33.969241368602766,0.0 -78.99261420381669,33.968902834000986,0.0 -78.99089673274291,33.96814028817509,0.0</coordinates>
                    </LinearRing>
                </outerBoundaryIs>
            </Polygon>
        </Placemark>
        <Placemark id="2725373">
            <name>25000000010.0_3</name>
            <styleUrl>#2725378</styleUrl>
            <Polygon id="2725372">
                <outerBoundaryIs>
                    <LinearRing id="2725376">
                        <coordinates>-78.99353207018342,33.96769672441084,0.0 -78.99346090639773,33.96750013295317,0.0 -78.99338080339186,33.96726776983334,0.0 -78.993173667049,33.96661942233276,0.0 -78.99311667863374,33.96643283996554,0.0 -78.99310226654426,33.966386111205,0.0 -78.99376398432197,33.966098946163335,0.0 -78.99443215244747,33.965812180476085,0.0 -78.99519948230758,33.96548183005963,0.0 -78.99525028643983,33.965460661669795,0.0 -78.99529356051609,33.965444177659535,0.0 -78.99532516778041,33.965432835161195,0.0 -78.99536091534634,33.965420697381475,0.0 -78.99540162788537,33.9654079553169,0.0 -78.99543401639356,33.96539834259904,0.0 -78.99547801086318,33.96538633988788,0.0 -78.99551700247888,33.96537666071406,0.0 -78.99557172499823,33.96536431639116,0.0 -78.9956297236006,33.965353055841206,0.0 -78.99568685556335,33.965343499340015,0.0 -78.99574973707597,33.96533506567816,0.0 -78.99581836088511,33.965327926988664,0.0 -78.99587536488706,33.965323866195114,0.0 -78.99594801509866,33.965320917700474,0.0 -78.99601978197848,33.96532053065971,0.0 -78.99610964020592,33.965322326240006,0.0 -78.9965482261542,33.965331129325726,0.0 -78.9974122003907,33.96534869269632,0.0 -78.99819437056908,33.96537266056803,0.0 -78.99858583052007,33.96538619452288,0.0 -78.9987990569882,33.96540320868625,0.0 -78.99910101012172,33.96543522730726,0.0 -78.99942969980867,33.96548812029159,0.0 -78.99964238302371,33.965528487423974,0.0 -78.99952128471335,33.96633867385744,0.0 -78.99954398623777,33.96654761496698,0.0 -78.99967485208064,33.96775203981617,0.0 -79.00047968642218,33.96772447064555,0.0 -78.99903523995464,33.96997556953205,0.0 -78.9983529714757,33.97103880500027,0.0 -78.99794558222506,33.97167365995113,0.0 -78.99787981891427,33.97177035659086,0.0 -78.99610786885985,33.97206095925492,0.0 -78.9960488513035,33.97197410176751,0.0 -78.99575209023091,33.971570942215195,0.0 -78.99555466834929,33.971323595130684,0.0 -78.99530370299243,33.97102655092727,0.0 -78.9949998003259,33.97065377638999,0.0 -78.99488580800364,33.970515205953994,0.0 -78.99475327455605,33.97033401404514,0.0 -78.99467382944853,33.970222045513886,0.0 -78.99457254334533,33.970041360412665,0.0 -78.9944153220912,33.969745829966506,0.0 -78.9942655731281,33.96945782184976,0.0 -78.99426009213406,33.969445206103565,0.0 -78.99405342071147,33.96896938961217,0.0 -78.99391169970924,33.96864444175081,0.0 -78.993839706741,33.96847820887779,0.0 -78.99383969033173,33.968478169831506,0.0 -78.9937082002285,33.968174346853054,0.0 -78.99353207018342,33.96769672441084,0.0</coordinates>
                    </LinearRing>
                </outerBoundaryIs>
            </Polygon>
        </Placemark>
        <Placemark id="2725387">
            <name>25000000040.0_1</name>
            <description>PIN: 25000000040.0&lt;br&gt;Wetland %: 24.15&lt;br&gt;Flood %: 96.84&lt;br&gt;Parcel area (m²): 561791.14</description>
            <styleUrl>#2725392</styleUrl>
            <ExtendedData>
                <Data name="PIN">
                    <value>25000000040.0</value>
                </Data>
                <Data name="Wetland_%">
                    <value>24.15</value>
                </Data>
                <Data name="Flood_%">
                    <value>96.84</value>
                </Data>
                <Data name="Parcel_area_m2">
                    <value>561791.14</value>
                </Data>
            </ExtendedData>
            <Polygon id="2725386">
                <outerBoundaryIs>
                    <LinearRing id="2725390">
                        <coordinates>-78.98768382920255,33.950309039626134,0.0 -78.98790000288416,33.94988898191001,0.0 -78.98791576413358,33.949844704389925,0.0 -78.98794324447508,33.94976268284461,0.0 -78.98797729709881,33.94971701830747,0.0 -78.98804674320134,33.949744776025376,0.0 -78.9881151381838,33.949782137056324,0.0 -78.98817299776755,33.94981176841323,0.0 -78.98825548193146,33.94984626629892,0.0 -78.98827997806868,33.94985662955957,0.0 -78.98837495971623,33.94988565907166,0.0 -78.98848642300487,33.949915126340095,0.0 -78.98863516171492,33.94993747171894,0.0 -78.98868835425093,33.94995499868528,0.0 -78.98880337278916,33.949973530259356,0.0 -78.98888974612981,33.9499826630555,0.0 -78.98898855777419,33.94998890405621,0.0 -78.98913410478156,33.95000672913034,0.0 -78.98924595339408,33.95001971099393,0.0 -78.98937243450615,33.950041690034034,0.0 -78.98947776576605,33.950051302987106,0.0 -78.98959324571764,33.95005008191246,0.0 -78.98970851900211,33.95005762099341,0.0 -78.98984352928781,33.95006754164314,0.0 -78.98996217829155,33.95007187039051,0.0 -78.99005960201086,33.950066919998186,0.0 -78.9901274437039,33.95005736841916,0.0 -78.99023977406578,33.95022653113556,0.0 -78.99024138557067,33.95022810398728,0.0 -78.99044833852682,33.95054758671771,0.0 -78.99052732168114,33.950732187373006,0.0 -78.99051773882894,33.95093081551201,0.0 -78.9905013588002,33.951279322259275,0.0 -78.99009928153693,33.95119342981475,0.0 -78.98939702437195,33.951072429742496,0.0 -78.98902574080536,33.95100988233961,0.0 -78.98831603543601,33.95089013157318,0.0 -78.98823879505245,33.95087822536454,0.0 -78.98823057571424,33.95087706115707,0.0 -78.98801939417226,33.9508447707721,0.0 -78.98774745640917,33.95080101326775,0.0 -78.98774240304378,33.95080019983164,0.0 -78.98773083901551,33.950798599814846,0.0 -78.98770141883814,33.95046106903532,0.0 -78.98768382920255,33.950309039626134,0.0</coordinates>
                    </LinearRing>
                </outerBoundaryIs>
            </Polygon>
        </Placemark>
        <Placemark id="2725396">
            <name>25000000040.0_2</name>
            <styleUrl>#2725401</styleUrl>
            <Polygon id="2725395">
                <outerBoundaryIs>
                    <LinearRing id="2725399">
                        <coordinates>-78.99062651393491,33.95072211091585,0.0 -78.99054255246641,33.95053880502305,0.0 -78.99033125330348,33.95019347975992,0.0 -78.99023159646642,33.9500468586196,0.0 -78.99019369465441,33.94998205805983,0.0 -78.99053484169194,33.94999960835533,0.0 -78.99063893997851,33.95000436804201,0.0 -78.99071160436229,33.950007690235125,0.0 -78.99129446116419,33.95005136659759,0.0 -78.9914104347429,33.95006424196807,0.0 -78.99153734900838,33.950067673142684,0.0 -78.99163863904162,33.950073779911584,0.0 -78.99178634406064,33.950069816624726,0.0 -78.99190784956757,33.95005769520973,0.0 -78.99199772704652,33.95005812077706,0.0 -78.99211851465132,33.95007674088318,0.0 -78.99223288885067,33.95008752787552,0.0 -78.99231823120942,33.950105575647235,0.0 -78.99241633165005,33.950142384387135,0.0 -78.99252331459303,33.950187240967644,0.0 -78.99261376291516,33.95023389057906,0.0 -78.99268669714019,33.95028902110649,0.0 -78.99273943036522,33.95032629645693,0.0 -78.99278691221568,33.95037654786208,0.0 -78.99283161403497,33.950439980376466,0.0 -78.99287804059898,33.950500178676336,0.0 -78.99290553546568,33.95055886740332,0.0 -78.99293491048407,33.95060779209509,0.0 -78.99295583145522,33.950665344448446,0.0 -78.99297690894728,33.95071636788652,0.0 -78.99298095730384,33.95075491860754,0.0 -78.99396078552311,33.95074895591289,0.0 -78.99517129280308,33.950433678798355,0.0 -78.99519924900066,33.95047261688603,0.0 -78.99518783987034,33.950502153095066,0.0 -78.99516700920154,33.950546832918604,0.0 -78.99514388042346,33.9505839123848,0.0 -78.995108209495,33.95062834954503,0.0 -78.99508101490602,33.95066295973973,0.0 -78.99507022825756,33.950701269606064,0.0 -78.9950542385227,33.95075049291009,0.0 -78.99504244648132,33.95079651836538,0.0 -78.995032974382,33.95084911187092,0.0 -78.99504264429916,33.95089428123956,0.0 -78.99505498499859,33.95093090425197,0.0 -78.9950658620585,33.950959599489025,0.0 -78.99508435920123,33.95097982839514,0.0 -78.99512771853891,33.95111899925778,0.0 -78.9943017034329,33.95131986446742,0.0 -78.99261901102003,33.95154881061637,0.0 -78.99208699628434,33.95142238457985,0.0 -78.99176278728591,33.951345689645265,0.0 -78.99063491806932,33.95132688569325,0.0 -78.99061651776543,33.95093860139619,0.0 -78.99062651393491,33.95072211091585,0.0</coordinates>
                    </LinearRing>
                </outerBoundaryIs>
            </Polygon>
        </Placemark>
        <Placemark id="2725405">
            <name>25000000040.0_3</name>
            <styleUrl>#2725410</styleUrl>
            <Polygon id="2725404">
                <outerBoundaryIs>
                    <LinearRing id="2725408">
                        <coordinates>-78.98774767026862,33.95094062220095,0.0 -78.98773939582946,33.95088378461689,0.0 -78.98775535690426,33.95088635877557,0.0 -78.9880010104748,33.95092573770852,0.0 -78.98822040647067,33.95095936360839,0.0 -78.98822862579551,33.950960528718,0.0 -78.98829765092599,33.95097109853507,0.0 -78.98902378361204,33.95109369429982,0.0 -78.98937699723258,33.95115319885179,0.0 -78.99007761435458,33.95127382882277,0.0 -78.99049691798584,33.9513636089404,0.0 -78.99049401196274,33.951417509857045,0.0 -78.99045755895204,33.95206085900361,0.0 -78.99044610807202,33.95219812146949,0.0 -78.99040801964611,33.952655203137596,0.0 -78.990407162525,33.95266549778089,0.0 -78.99038928253815,33.952972231859505,0.0 -78.99036760886715,33.953335600458686,0.0 -78.99036404207283,33.95355906554245,0.0 -78.99035800558748,33.953747098865996,0.0 -78.99035801644926,33.95388798230301,0.0 -78.99035839732565,33.953977673597244,0.0 -78.9903569784869,33.954038470032565,0.0 -78.99035507703266,33.95408465534468,0.0 -78.99035394673037,33.954133088021806,0.0 -78.99035177836087,33.954226001011186,0.0 -78.9903554514595,33.95435130872913,0.0 -78.99036161920588,33.954405013943884,0.0 -78.99036526683864,33.95446073911951,0.0 -78.9903763536892,33.95455111888137,0.0 -78.9903805974674,33.954581253750305,0.0 -78.9904133280453,33.9547336640836,0.0 -78.99043037185757,33.95481606490638,0.0 -78.99049456322138,33.95513993254902,0.0 -78.9905115841846,33.95522336563593,0.0 -78.99054118790245,33.95536833610182,0.0 -78.99054516541123,33.95540997828181,0.0 -78.99054984997059,33.95545661572616,0.0 -78.99055326145302,33.95548708071108,0.0 -78.99055673922557,33.95551479782943,0.0 -78.99056176848393,33.955546664401204,0.0 -78.99056605243238,33.955575082719584,0.0 -78.99057037462745,33.955601954927445,0.0 -78.99057470375881,33.95562848362975,0.0 -78.99058127652269,33.955664842239344,0.0 -78.99058640200475,33.95569258605567,0.0 -78.99059237190586,33.955719484961875,0.0 -78.99060426870629,33.95577517242316,0.0 -78.99061252049911,33.95581035512458,0.0 -78.99062083427813,33.95584278898737,0.0 -78.99062770070596,33.95586661076215,0.0 -78.99063220110351,33.955885754909815,0.0 -78.99064062819203,33.95591337996138,0.0 -78.99064596612098,33.95593202090042,0.0 -78.99072470568574,33.95623327483339,0.0 -78.99078383298574,33.95642081986107,0.0 -78.99084218831459,33.9566061156701,0.0 -78.9908767485235,33.95671543098436,0.0 -78.99104307323599,33.95722169738968,0.0 -78.99113467750509,33.95750202732049,0.0 -78.99118479640055,33.95765746611712,0.0 -78.99020513094695,33.9579263664619,0.0 -78.99040814269583,33.958375487836726,0.0 -78.98906899692521,33.95859872797983,0.0 -78.98696833079114,33.95893727484383,0.0 -78.98644867628995,33.95900019160836,0.0 -78.98622410011167,33.95903653082264,0.0 -78.98616342018094,33.958659617908836,0.0 -78.98566287614027,33.95601439101169,0.0 -78.98538540238248,33.95454795875909,0.0 -78.98636753115565,33.95448080969498,0.0 -78.98659963965203,33.954464939183254,0.0 -78.98789269652212,33.95284377680275,0.0 -78.98789706391483,33.952614482230395,0.0 -78.9879108894295,33.95188864083215,0.0 -78.98775871111751,33.95101764286334,0.0 -78.98774767026862,33.95094062220095,0.0</coordinates>
                    </LinearRing>
                </outerBoundaryIs>
            </Polygon>
        </Placemark>
        <Placemark id="2725419">
            <name>27504010001.0</name>
            <description>PIN: 27504010001.0&lt;br&gt;Wetland %: 22.68&lt;br&gt;Flood %: 100.00&lt;br&gt;Parcel area (m²): 4367.07</description>
            <styleUrl>#2725424</styleUrl>
            <ExtendedData>
                <Data name="PIN">
                    <value>27504010001.0</value>
                </Data>
                <Data name="Wetland_%">
                    <value>22.68</value>
                </Data>
                <Data name="Flood_%">
                    <value>100.00</value>
                </Data>
                <Data name="Parcel_area_m2">
                    <value>4367.07</value>
                </Data>
            </ExtendedData>
            <Polygon id="2725418">
                <outerBoundaryIs>
                    <LinearRing id="2725422">
                        <coordinates>-79.0191480000129,33.9432474812648,0.0 -79.0190839789161,33.94314005627189,0.0 -79.01910969744884,33.94278368021244,0.0 -79.01972798842486,33.942825049767336,0.0 -79.019728110069,33.94322303475397,0.0 -79.01968043120868,33.943299302000206,0.0 -79.0191480000129,33.9432474812648,0.0</coordinates>
                    </LinearRing>
                </outerBoundaryIs>
            </Polygon>
        </Placemark>
        <Placemark id="2725433">
            <name>27504020002.0</name>
            <description>PIN: 27504020002.0&lt;br&gt;Wetland %: 0.00&lt;br&gt;Flood %: 100.00&lt;br&gt;Parcel area (m²): 8224.62</description>
            <styleUrl>#2725438</styleUrl>
            <ExtendedData>
                <Data name="PIN">
                    <value>27504020002.0</value>
                </Data>
                <Data name="Wetland_%">
                    <value>0.00</value>
                </Data>
                <Data name="Flood_%">
                    <value>100.00</value>
                </Data>
                <Data name="Parcel_area_m2">
                    <value>8224.62</value>
                </Data>
            </ExtendedData>
            <Polygon id="2725432">
                <outerBoundaryIs>
                    <LinearRing id="2725436">
                        <coordinates>-79.01293586315703,33.94310730840484,0.0 -79.01295895404986,33.94310789131395,0.0 -79.0129919038219,33.943108722406606,0.0 -79.01309181887632,33.94310259177643,0.0 -79.01319747606543,33.94309775619147,0.0 -79.01332247368792,33.94309025871597,0.0 -79.01343137119672,33.94309586363473,0.0 -79.01343311852814,33.94309592319733,0.0 -79.01343398623384,33.94309592988512,0.0 -79.01361938049108,33.943095643532985,0.0 -79.01366822782934,33.94310134767895,0.0 -79.01370025950361,33.94310684374159,0.0 -79.01375522028938,33.943119234042115,0.0 -79.01389746027573,33.94317288294036,0.0 -79.01390039980173,33.94318839369937,0.0 -79.01393538786805,33.94328018494859,0.0 -79.014050864373,33.9434931877911,0.0 -79.01407068204065,33.94352769556702,0.0 -79.0140833894666,33.94354885884374,0.0 -79.0141064974433,33.94358376202969,0.0 -79.01413762143906,33.9436061988191,0.0 -79.0129694404523,33.94366383980887,0.0 -79.01293586315703,33.94310730840484,0.0</coordinates>
                    </LinearRing>
                </outerBoundaryIs>
            </Polygon>
        </Placemark>
        <Placemark id="2725447">
            <name>27503040001.0</name>
            <description>PIN: 27503040001.0&lt;br&gt;Wetland %: 15.63&lt;br&gt;Flood %: 100.00&lt;br&gt;Parcel area (m²): 3083.19</description>
            <styleUrl>#2725452</styleUrl>
            <ExtendedData>
                <Data name="PIN">
                    <value>27503040001.0</value>
                </Data>
                <Data name="Wetland_%">
                    <value>15.63</value>
                </Data>
                <Data name="Flood_%">
                    <value>100.00</value>
                </Data>
                <Data name="Parcel_area_m2">
                    <value>3083.19</value>
                </Data>
            </ExtendedData>
            <Polygon id="2725446">
                <outerBoundaryIs>
                    <LinearRing id="2725450">
                        <coordinates>-79.02766174716761,33.94279076918208,0.0 -79.02757160435698,33.94255417267604,0.0 -79.02758682137389,33.94229475537714,0.0 -79.02759953321274,33.942078052736605,0.0 -79.02786874782294,33.94217945959149,0.0 -79.02784667302107,33.94224523340494,0.0 -79.02790429965344,33.94229513022601,0.0 -79.02792461227827,33.94253021988969,0.0 -79.02791634171321,33.942707104824656,0.0 -79.02789005959882,33.94281592789081,0.0 -79.02766174716761,33.94279076918208,0.0</coordinates>
                    </LinearRing>
                </outerBoundaryIs>
            </Polygon>
        </Placemark>
        <Placemark id="2725461">
            <name>24914040001.0</name>
            <description>PIN: 24914040001.0&lt;br&gt;Wetland %: 42.20&lt;br&gt;Flood %: 100.00&lt;br&gt;Parcel area (m²): 54516.36</description>
            <styleUrl>#2725466</styleUrl>
            <ExtendedData>
                <Data name="PIN">
                    <value>24914040001.0</value>
                </Data>
                <Data name="Wetland_%">
                    <value>42.20</value>
                </Data>
                <Data name="Flood_%">
                    <value>100.00</value>
                </Data>
                <Data name="Parcel_area_m2">
                    <value>54516.36</value>
                </Data>
            </ExtendedData>
            <Polygon id="2725460">
                <outerBoundaryIs>
                    <LinearRing id="2725464">
                        <coordinates>-79.02297330349725,33.94669871719135,0.0 -79.02309075872523,33.946607852346595,0.0 -79.0232483411151,33.94654547177254,0.0 -79.02355483878694,33.94626875663958,0.0 -79.02369756161183,33.94608096492895,0.0 -79.02368683826309,33.94599336036026,0.0 -79.02372060277554,33.94593869537058,0.0 -79.02571541186566,33.94668894513221,0.0 -79.02585292342938,33.9473849287192,0.0 -79.02296894035483,33.94791433729182,0.0 -79.02310472294037,33.94781394499267,0.0 -79.02302187568394,33.94761284872582,0.0 -79.0229753559503,33.947402620184754,0.0 -79.02295222781575,33.947298771536246,0.0 -79.02299896309874,33.94723246376487,0.0 -79.02301289179621,33.94716490778529,0.0 -79.02294252354093,33.94709378548073,0.0 -79.022885686225,33.94695000339605,0.0 -79.0229320164713,33.94689336635837,0.0 -79.02297330349725,33.94669871719135,0.0</coordinates>
                    </LinearRing>
                </outerBoundaryIs>
            </Polygon>
        </Placemark>
        <Placemark id="2725475">
            <name>27500000011.0</name>
            <description>PIN: 27500000011.0&lt;br&gt;Wetland %: 14.12&lt;br&gt;Flood %: 79.11&lt;br&gt;Parcel area (m²): 98156.81</description>
            <styleUrl>#2725480</styleUrl>
            <ExtendedData>
                <Data name="PIN">
                    <value>27500000011.0</value>
                </Data>
                <Data name="Wetland_%">
                    <value>14.12</value>
                </Data>
                <Data name="Flood_%">
                    <value>79.11</value>
                </Data>
                <Data name="Parcel_area_m2">
                    <value>98156.81</value>
                </Data>
            </ExtendedData>
            <Polygon id="2725474">
                <outerBoundaryIs>
                    <LinearRing id="2725478">
                        <coordinates>-79.02598260413168,33.938412301466634,0.0 -79.02595518303755,33.93840841155723,0.0 -79.02590087689372,33.93840070789649,0.0 -79.02581786935171,33.93840621429631,0.0 -79.02582045212509,33.93837029381127,0.0 -79.02581593468626,33.93824806747527,0.0 -79.02581761437372,33.93816138014227,0.0 -79.02583839121814,33.93809249069185,0.0 -79.02603930607383,33.93770793944209,0.0 -79.02609225375622,33.93760785652275,0.0 -79.02614937417357,33.937469271959806,0.0 -79.02622591463971,33.93734911534245,0.0 -79.02623863392013,33.93732272766913,0.0 -79.02631105411861,33.93710778440579,0.0 -79.02640990585677,33.93649368416662,0.0 -79.02641185232297,33.93647933374947,0.0 -79.02641471124379,33.93646190079652,0.0 -79.02641610724707,33.93635238589683,0.0 -79.02641844758104,33.936168745046324,0.0 -79.0285538479246,33.93607053962655,0.0 -79.02920197801272,33.93602143028165,0.0 -79.02937838153878,33.93602320262856,0.0 -79.0295376928311,33.93601525495605,0.0 -79.02992571179588,33.93599341718944,0.0 -79.03023875217487,33.93596918384341,0.0 -79.03025031071301,33.93596850709381,0.0 -79.03218645580246,33.93583228504121,0.0 -79.03213304678671,33.935925167949286,0.0 -79.03208488293673,33.93600892769459,0.0 -79.03204734360098,33.9360742105901,0.0 -79.03027839623311,33.93621859126956,0.0 -79.0289338779038,33.936892017143805,0.0 -79.02891803312812,33.936899839773176,0.0 -79.02828336191372,33.93674680400086,0.0 -79.02792979054298,33.93728065768437,0.0 -79.02855546435359,33.93743063363437,0.0 -79.02855874550353,33.937431373043154,0.0 -79.02772753429896,33.938659812821285,0.0 -79.02598260413168,33.938412301466634,0.0</coordinates>
                    </LinearRing>
                </outerBoundaryIs>
            </Polygon>
        </Placemark>
        <Placemark id="2725489">
            <name>43605010004.0</name>
            <description>PIN: 43605010004.0&lt;br&gt;Wetland %: 0.00&lt;br&gt;Flood %: 0.00&lt;br&gt;Parcel area (m²): 1528.55</description>
            <styleUrl>#2725494</styleUrl>
            <ExtendedData>
                <Data name="PIN">
                    <value>43605010004.0</value>
                </Data>
                <Data name="Wetland_%">
                    <value>0.00</value>
                </Data>
                <Data name="Flood_%">
                    <value>0.00</value>
                </Data>
                <Data name="Parcel_area_m2">
                    <value>1528.55</value>
                </Data>
            </ExtendedData>
            <Polygon id="2725488">
                <outerBoundaryIs>
                    <LinearRing id="2725492">
                        <coordinates>-79.12250428321697,33.69305237002848,0.0 -79.12276461234333,33.69302831822282,0.0 -79.12281784158158,33.693416395450114,0.0 -79.12280269474452,33.69341784661042,0.0 -79.1227667613961,33.693421290114436,0.0 -79.1225779295462,33.69343628667999,0.0 -79.12255427218376,33.69343816594398,0.0 -79.12250428321697,33.69305237002848,0.0</coordinates>
                    </LinearRing>
                </outerBoundaryIs>
            </Polygon>
        </Placemark>
        <Placemark id="2725503">
            <name>43701040001.0</name>
            <description>PIN: 43701040001.0&lt;br&gt;Wetland %: 2.67&lt;br&gt;Flood %: 52.31&lt;br&gt;Parcel area (m²): 3389.11</description>
            <styleUrl>#2725508</styleUrl>
            <ExtendedData>
                <Data name="PIN">
                    <value>43701040001.0</value>
                </Data>
                <Data name="Wetland_%">
                    <value>2.67</value>
                </Data>
                <Data name="Flood_%">
                    <value>52.31</value>
                </Data>
                <Data name="Parcel_area_m2">
                    <value>3389.11</value>
                </Data>
            </ExtendedData>
            <Polygon id="2725502">
                <outerBoundaryIs>
                    <LinearRing id="2725506">
                        <coordinates>-79.11138354579096,33.696682340081736,0.0 -79.11129591391006,33.696612357667284,0.0 -79.11127069219837,33.69659221504682,0.0 -79.11129137710788,33.696565507958844,0.0 -79.1113104123103,33.69653795672786,0.0 -79.1113277498474,33.69650963277489,0.0 -79.1113433449382,33.69648061027527,0.0 -79.11135427272067,33.69645753583562,0.0 -79.1113640987814,33.69643411807173,0.0 -79.11137280723145,33.69641039281774,0.0 -79.11192656419433,33.69648679228996,0.0 -79.11191325242842,33.69655910815711,0.0 -79.11182558447734,33.69703534987039,0.0 -79.11138354579096,33.696682340081736,0.0</coordinates>
                    </LinearRing>
                </outerBoundaryIs>
            </Polygon>
        </Placemark>
        <Placemark id="2725517">
            <name>43605020019.0</name>
            <description>PIN: 43605020019.0&lt;br&gt;Wetland %: 99.15&lt;br&gt;Flood %: 8.29&lt;br&gt;Parcel area (m²): 10095.37</description>
            <styleUrl>#2725522</styleUrl>
            <ExtendedData>
                <Data name="PIN">
                    <value>43605020019.0</value>
                </Data>
                <Data name="Wetland_%">
                    <value>99.15</value>
                </Data>
                <Data name="Flood_%">
                    <value>8.29</value>
                </Data>
                <Data name="Parcel_area_m2">
                    <value>10095.37</value>
                </Data>
            </ExtendedData>
            <Polygon id="2725516">
                <outerBoundaryIs>
                    <LinearRing id="2725520">
                        <coordinates>-79.11540460358836,33.690348738948515,0.0 -79.11546453358999,33.69003110870256,0.0 -79.11552452784825,33.68971313396418,0.0 -79.11585933713047,33.68985488990805,0.0 -79.11619007229609,33.68999491790871,0.0 -79.11631487593452,33.69004406822961,0.0 -79.11665388978201,33.69017757852616,0.0 -79.1164142970654,33.69068370259362,0.0 -79.11584537590328,33.69049496572546,0.0 -79.11540460358836,33.690348738948515,0.0</coordinates>
                    </LinearRing>
                </outerBoundaryIs>
            </Polygon>
        </Placemark>
        <Placemark id="2725531">
            <name>43708040008.0</name>
            <description>PIN: 43708040008.0&lt;br&gt;Wetland %: 12.26&lt;br&gt;Flood %: 46.67&lt;br&gt;Parcel area (m²): 20856.87</description>
            <styleUrl>#2725536</styleUrl>
            <ExtendedData>
                <Data name="PIN">
                    <value>43708040008.0</value>
                </Data>
                <Data name="Wetland_%">
                    <value>12.26</value>
                </Data>
                <Data name="Flood_%">
                    <value>46.67</value>
                </Data>
                <Data name="Parcel_area_m2">
                    <value>20856.87</value>
                </Data>
            </ExtendedData>
            <Polygon id="2725530">
                <outerBoundaryIs>
                    <LinearRing id="2725534">
                        <coordinates>-79.11473612665104,33.69031431972975,0.0 -79.11334143283771,33.690216584806855,0.0 -79.11335611225377,33.69014670854544,0.0 -79.11381998615464,33.69017595088617,0.0 -79.11385545700783,33.69000656806724,0.0 -79.11388515328687,33.68986475880424,0.0 -79.11343918173603,33.68980640917129,0.0 -79.11350879819202,33.689528968005796,0.0 -79.11354209830148,33.68939625728905,0.0 -79.11441592832331,33.68974679025995,0.0 -79.11452134879383,33.68930662768668,0.0 -79.11552452784825,33.68971313396418,0.0 -79.11546453358999,33.69003110870256,0.0 -79.11540460358836,33.690348738948515,0.0 -79.11540406149788,33.69034871084208,0.0 -79.11473612665104,33.69031431972975,0.0</coordinates>
                    </LinearRing>
                </outerBoundaryIs>
            </Polygon>
        </Placemark>
        <Placemark id="2725545">
            <name>43716030015.0</name>
            <description>PIN: 43716030015.0&lt;br&gt;Wetland %: 14.80&lt;br&gt;Flood %: 0.00&lt;br&gt;Parcel area (m²): 10452.18</description>
            <styleUrl>#2725550</styleUrl>
            <ExtendedData>
                <Data name="PIN">
                    <value>43716030015.0</value>
                </Data>
                <Data name="Wetland_%">
                    <value>14.80</value>
                </Data>
                <Data name="Flood_%">
                    <value>0.00</value>
                </Data>
                <Data name="Parcel_area_m2">
                    <value>10452.18</value>
                </Data>
            </ExtendedData>
            <Polygon id="2725544">
                <outerBoundaryIs>
                    <LinearRing id="2725548">
                        <coordinates>-79.11084030053283,33.67469785257674,0.0 -79.1115767175977,33.67383714424829,0.0 -79.1116298204946,33.673927300295965,0.0 -79.11185653704962,33.67434810212469,0.0 -79.11170395847157,33.67470984744235,0.0 -79.11143394620558,33.67525449973429,0.0 -79.11137042248266,33.67518978617431,0.0 -79.11084030053283,33.67469785257674,0.0</coordinates>
                    </LinearRing>
                </outerBoundaryIs>
            </Polygon>
        </Placemark>
        <Placemark id="2725559">
            <name>43716020006.0_1</name>
            <description>PIN: 43716020006.0&lt;br&gt;Wetland %: 0.00&lt;br&gt;Flood %: 0.00&lt;br&gt;Parcel area (m²): 4834.89</description>
            <styleUrl>#2725564</styleUrl>
            <ExtendedData>
                <Data name="PIN">
                    <value>43716020006.0</value>
                </Data>
                <Data name="Wetland_%">
                    <value>0.00</value>
                </Data>
                <Data name="Flood_%">
                    <value>0.00</value>
                </Data>
                <Data name="Parcel_area_m2">
                    <value>4834.89</value>
                </Data>
            </ExtendedData>
            <Polygon id="2725558">
                <outerBoundaryIs>
                    <LinearRing id="2725562">
                        <coordinates>-79.1088478770156,33.67769734550733,0.0 -79.10922795955433,33.67764577332909,0.0 -79.10944204741658,33.67804250434823,0.0 -79.10932470988836,33.67807043486211,0.0 -79.10890575484954,33.67817020715565,0.0 -79.10889584489539,33.67817228867549,0.0 -79.10884946559914,33.677716783550046,0.0 -79.1088478770156,33.67769734550733,0.0</coordinates>
                    </LinearRing>
                </outerBoundaryIs>
            </Polygon>
        </Placemark>
        <Placemark id="2725568">
            <name>43716020006.0_2</name>
            <styleUrl>#2725573</styleUrl>
            <Polygon id="2725567">
                <outerBoundaryIs>
                    <LinearRing id="2725571">
                        <coordinates>-79.10937031704664,33.67820257045644,0.0 -79.10948518031883,33.67817511885035,0.0 -79.10953538998847,33.678284817471315,0.0 -79.10930183727862,33.678326777379986,0.0 -79.10796678392991,33.678555135233154,0.0 -79.10806370261307,33.678521225809305,0.0 -79.10835572306635,33.67843721022118,0.0 -79.1085672592912,33.678387184858764,0.0 -79.10937031704664,33.67820257045644,0.0</coordinates>
                    </LinearRing>
                </outerBoundaryIs>
            </Polygon>
        </Placemark>
        <Placemark id="2725582">
            <name>43600000005.0_1</name>
            <description>PIN: 43600000005.0&lt;br&gt;Wetland %: 29.09&lt;br&gt;Flood %: 0.00&lt;br&gt;Parcel area (m²): 177266.55</description>
            <styleUrl>#2725587</styleUrl>
            <ExtendedData>
                <Data name="PIN">
                    <value>43600000005.0</value>
                </Data>
                <Data name="Wetland_%">
                    <value>29.09</value>
                </Data>
                <Data name="Flood_%">
                    <value>0.00</value>
                </Data>
                <Data name="Parcel_area_m2">
                    <value>177266.55</value>
                </Data>
            </ExtendedData>
            <Polygon id="2725581">
                <outerBoundaryIs>
                    <LinearRing id="2725585">
                        <coordinates>-79.12888090861324,33.701371380715806,0.0 -79.12791750738809,33.701662110831656,0.0 -79.12789121260239,33.70154745702442,0.0 -79.12779218254568,33.7014502558675,0.0 -79.12769647324163,33.70138953122258,0.0 -79.12751598176142,33.70125707795462,0.0 -79.12737317263817,33.70116918038676,0.0 -79.12730749993916,33.701126263109806,0.0 -79.12715567185658,33.70103719688675,0.0 -79.1269976508042,33.7009303411891,0.0 -79.12692971117812,33.700840311496236,0.0 -79.12686099919208,33.70074803783501,0.0 -79.12686063042209,33.70065129975936,0.0 -79.12684684820363,33.700566388124905,0.0 -79.12684393024328,33.70051290938942,0.0 -79.12684096512015,33.700458570419066,0.0 -79.12682435929788,33.70031433980286,0.0 -79.12678664450495,33.70019555961014,0.0 -79.12678432761756,33.70018865105372,0.0 -79.12678125950767,33.70017846800654,0.0 -79.12669681267816,33.70009145386596,0.0 -79.12662705369539,33.69997167217904,0.0 -79.12653829276152,33.699856072366266,0.0 -79.12647298708536,33.69968258080219,0.0 -79.12644281564968,33.699595186705494,0.0 -79.12638934247647,33.69952066687563,0.0 -79.12633344712116,33.69944404944791,0.0 -79.12626515377524,33.69937050990649,0.0 -79.12621445601668,33.69928177286475,0.0 -79.12616929596075,33.69920308493296,0.0 -79.12618703712506,33.6991054199584,0.0 -79.1261973992863,33.69900678271921,0.0 -79.12617645031337,33.69887330905028,0.0 -79.12616969557928,33.69876771388993,0.0 -79.12616758678135,33.69867541745563,0.0 -79.12614936152599,33.698605900699775,0.0 -79.1261032383485,33.698533726154075,0.0 -79.126100071934,33.69852818011735,0.0 -79.12605814957689,33.698451775232776,0.0 -79.1260344721194,33.69840622974906,0.0 -79.12598155635133,33.69834391558978,0.0 -79.12592581910604,33.69829805727404,0.0 -79.12582124352534,33.69822929233115,0.0 -79.12576536749154,33.69818978759529,0.0 -79.12575240901283,33.69818065682315,0.0 -79.12569330593578,33.69813835501117,0.0 -79.12557212390657,33.69800129889453,0.0 -79.1254987105703,33.69793644331274,0.0 -79.12544877384575,33.697888435982925,0.0 -79.12544023669378,33.697789342651056,0.0 -79.12547167273685,33.69774256913789,0.0 -79.12555289050849,33.69763727688123,0.0 -79.12562261867747,33.69749314999939,0.0 -79.12570368124268,33.69735710015825,0.0 -79.12567287848998,33.697260932383045,0.0 -79.12558270440874,33.697172799663726,0.0 -79.12548508726518,33.69708661488381,0.0 -79.12545252587121,33.69705553739221,0.0 -79.12539728403517,33.697002812865435,0.0 -79.12534250123392,33.69691298256961,0.0 -79.12529897783824,33.69679686274275,0.0 -79.12530907974995,33.696710250358656,0.0 -79.12531159402972,33.69670805445355,0.0 -79.12528349356516,33.69667687319483,0.0 -79.12526554230729,33.69663261661624,0.0 -79.12524225914285,33.6965310655972,0.0 -79.1252441641317,33.69644329712527,0.0 -79.12524892152099,33.69633770416218,0.0 -79.12525827341604,33.696247815486416,0.0 -79.12526433914857,33.696157704711034,0.0 -79.12529435854873,33.69606263139541,0.0 -79.12529719540818,33.69593192446806,0.0 -79.12531473378874,33.69580573447001,0.0 -79.12580459625856,33.69581350546856,0.0 -79.1270465079845,33.69583335680473,0.0 -79.12741976631216,33.697085350604794,0.0 -79.12790573011868,33.69871532172792,0.0 -79.12799967923368,33.69870538207527,0.0 -79.1286771023319,33.698633705532465,0.0 -79.12900134647946,33.69979715426757,0.0 -79.1290293838432,33.70013502067029,0.0 -79.1286475761688,33.700224255493055,0.0 -79.12871247926886,33.70037849659319,0.0 -79.1284870469838,33.70046081976879,0.0 -79.1285205605527,33.70053829961648,0.0 -79.12888090861324,33.701371380715806,0.0</coordinates>
                    </LinearRing>
                </outerBoundaryIs>
            </Polygon>
        </Placemark>
        <Placemark id="2725591">
            <name>43600000005.0_2</name>
            <styleUrl>#2725596</styleUrl>
            <Polygon id="2725590">
                <outerBoundaryIs>
                    <LinearRing id="2725594">
                        <coordinates>-79.12916189279244,33.70210309364951,0.0 -79.12888090861324,33.701371380715806,0.0 -79.12946855961876,33.70119351202184,0.0 -79.129739203371,33.70179534742083,0.0 -79.12916189279244,33.70210309364951,0.0</coordinates>
                    </LinearRing>
                </outerBoundaryIs>
            </Polygon>
        </Placemark>
        <Placemark id="2725605">
            <name>43604010006.0</name>
            <description>PIN: 43604010006.0&lt;br&gt;Wetland %: 4.09&lt;br&gt;Flood %: 0.00&lt;br&gt;Parcel area (m²): 18464.54</description>
            <styleUrl>#2725610</styleUrl>
            <ExtendedData>
                <Data name="PIN">
                    <value>43604010006.0</value>
                </Data>
                <Data name="Wetland_%">
                    <value>4.09</value>
                </Data>
                <Data name="Flood_%">
                    <value>0.00</value>
                </Data>
                <Data name="Parcel_area_m2">
                    <value>18464.54</value>
                </Data>
            </ExtendedData>
            <Polygon id="2725604">
                <outerBoundaryIs>
                    <LinearRing id="2725608">
                        <coordinates>-79.1212895408146,33.699761477376775,0.0 -79.12198948726517,33.6996377541983,0.0 -79.12188694430357,33.69939995008998,0.0 -79.12113275727532,33.69953824397905,0.0 -79.12113241383976,33.69953830730493,0.0 -79.12111021385141,33.69950609911191,0.0 -79.12109016876639,33.69947701451121,0.0 -79.12109023917543,33.69947700205262,0.0 -79.12279211887288,33.69915468870417,0.0 -79.12327115858724,33.699905810980816,0.0 -79.12162029366368,33.70022896028378,0.0 -79.12161764300757,33.7002294791961,0.0 -79.1216139498581,33.70023020233555,0.0 -79.12161369089205,33.700230251613704,0.0 -79.12153839851389,33.70011455692373,0.0 -79.12148011804426,33.70003446473264,0.0 -79.12134454800533,33.699840832671995,0.0 -79.1213423759777,33.699837355271,0.0 -79.12133978059065,33.6998332004155,0.0 -79.1212895408146,33.699761477376775,0.0</coordinates>
                    </LinearRing>
                </outerBoundaryIs>
            </Polygon>
        </Placemark>
        <Placemark id="2725619">
            <name>43214020006.0</name>
            <description>PIN: 43214020006.0&lt;br&gt;Wetland %: 0.00&lt;br&gt;Flood %: 0.00&lt;br&gt;Parcel area (m²): 1746.25</description>
            <styleUrl>#2725624</styleUrl>
            <ExtendedData>
                <Data name="PIN">
                    <value>43214020006.0</value>
                </Data>
                <Data name="Wetland_%">
                    <value>0.00</value>
                </Data>
                <Data name="Flood_%">
                    <value>0.00</value>
                </Data>
                <Data name="Parcel_area_m2">
                    <value>1746.25</value>
                </Data>
            </ExtendedData>
            <Polygon id="2725618">
                <outerBoundaryIs>
                    <LinearRing id="2725622">
                        <coordinates>-79.12695322340035,33.70629236901434,0.0 -79.12699717310755,33.70593698836985,0.0 -79.12732418234945,33.705964833950986,0.0 -79.12727915204765,33.706320044998314,0.0 -79.12695322340035,33.70629236901434,0.0</coordinates>
                    </LinearRing>
                </outerBoundaryIs>
            </Polygon>
        </Placemark>
        <Placemark id="2725633">
            <name>43701010025.0</name>
            <description>PIN: 43701010025.0&lt;br&gt;Wetland %: 0.00&lt;br&gt;Flood %: 0.00&lt;br&gt;Parcel area (m²): 39425.09</description>
            <styleUrl>#2725638</styleUrl>
            <ExtendedData>
                <Data name="PIN">
                    <value>43701010025.0</value>
                </Data>
                <Data name="Wetland_%">
                    <value>0.00</value>
                </Data>
                <Data name="Flood_%">
                    <value>0.00</value>
                </Data>
                <Data name="Parcel_area_m2">
                    <value>39425.09</value>
                </Data>
            </ExtendedData>
            <Polygon id="2725632">
                <outerBoundaryIs>
                    <LinearRing id="2725636">
                        <coordinates>-79.11527192865807,33.698765973516856,0.0 -79.11473599661349,33.698381871840986,0.0 -79.11424073434843,33.698018147185024,0.0 -79.1138583145539,33.69772091650381,0.0 -79.11397637000034,33.69762375166662,0.0 -79.11451221789822,33.69801129180862,0.0 -79.11552570040222,33.69712128191387,0.0 -79.11534337247184,33.69696129209604,0.0 -79.11540750309534,33.69690282111141,0.0 -79.115568197,33.69675630728236,0.0 -79.1156944929204,33.696846546622744,0.0 -79.11570663693271,33.696855265607645,0.0 -79.11578079497772,33.69690851104527,0.0 -79.11625388033069,33.697248181333386,0.0 -79.11625551028617,33.697248894327906,0.0 -79.11662870693867,33.69751693997776,0.0 -79.11614817593225,33.698023343793224,0.0 -79.11645189859895,33.698288035876786,0.0 -79.11567308067528,33.699031433911365,0.0 -79.11527192865807,33.698765973516856,0.0</coordinates>
                    </LinearRing>
                </outerBoundaryIs>
            </Polygon>
        </Placemark>
        <Placemark id="2725647">
            <name>43214010005.0</name>
            <description>PIN: 43214010005.0&lt;br&gt;Wetland %: 93.94&lt;br&gt;Flood %: 0.00&lt;br&gt;Parcel area (m²): 65943.06</description>
            <styleUrl>#2725652</styleUrl>
            <ExtendedData>
                <Data name="PIN">
                    <value>43214010005.0</value>
                </Data>
                <Data name="Wetland_%">
                    <value>93.94</value>
                </Data>
                <Data name="Flood_%">
                    <value>0.00</value>
                </Data>
                <Data name="Parcel_area_m2">
                    <value>65943.06</value>
                </Data>
            </ExtendedData>
            <Polygon id="2725646">
                <outerBoundaryIs>
                    <LinearRing id="2725650">
                        <coordinates>-79.12911902019026,33.70518470214666,0.0 -79.12920452644278,33.70484537585039,0.0 -79.12885844207234,33.70512999046127,0.0 -79.12838422700297,33.70557784822334,0.0 -79.1282003394744,33.705751512937084,0.0 -79.1280325964335,33.70553039584648,0.0 -79.127746500719,33.70509269504931,0.0 -79.1276941478569,33.70501671375738,0.0 -79.12741919154922,33.704617653519016,0.0 -79.12714328784723,33.7042133823556,0.0 -79.12683931626421,33.70382119384818,0.0 -79.12789186211174,33.70330048386724,0.0 -79.12851947115006,33.70306274525496,0.0 -79.12886847203508,33.70380528016283,0.0 -79.12905983690185,33.70398273962189,0.0 -79.12923716091403,33.704340360795875,0.0 -79.12938715263945,33.70470809071251,0.0 -79.12946689091511,33.70490357536863,0.0 -79.12955924168709,33.704979599101506,0.0 -79.12958653285651,33.70504839465078,0.0 -79.12965086848818,33.70511517202876,0.0 -79.12971178067862,33.705188255136235,0.0 -79.12980665505877,33.70528779532178,0.0 -79.12986866999853,33.70534783810128,0.0 -79.12997515078466,33.70544308655134,0.0 -79.1300178143198,33.70552345328348,0.0 -79.1300932323566,33.70561015703223,0.0 -79.13018733392866,33.70570745299452,0.0 -79.13022688796396,33.70574155343975,0.0 -79.13039057214498,33.705891274173595,0.0 -79.13050788850298,33.70601778467375,0.0 -79.13068051210017,33.70609650849146,0.0 -79.1307955112633,33.70617814080848,0.0 -79.13037779609108,33.70629157954433,0.0 -79.13019359777824,33.70632968479188,0.0 -79.12988929837037,33.70638468966215,0.0 -79.1296918811921,33.705775991953836,0.0 -79.12957325873256,33.70555843219929,0.0 -79.12945033250817,33.70536397993128,0.0 -79.12911902019026,33.70518470214666,0.0</coordinates>
                    </LinearRing>
                </outerBoundaryIs>
            </Polygon>
        </Placemark>
        <Placemark id="2725661">
            <name>43604010001.0</name>
            <description>PIN: 43604010001.0&lt;br&gt;Wetland %: 0.45&lt;br&gt;Flood %: 0.00&lt;br&gt;Parcel area (m²): 5232.79</description>
            <styleUrl>#2725666</styleUrl>
            <ExtendedData>
                <Data name="PIN">
                    <value>43604010001.0</value>
                </Data>
                <Data name="Wetland_%">
                    <value>0.45</value>
                </Data>
                <Data name="Flood_%">
                    <value>0.00</value>
                </Data>
                <Data name="Parcel_area_m2">
                    <value>5232.79</value>
                </Data>
            </ExtendedData>
            <Polygon id="2725660">
                <outerBoundaryIs>
                    <LinearRing id="2725664">
                        <coordinates>-79.1200274996223,33.70041518047774,0.0 -79.12002752141221,33.70041517088807,0.0 -79.120178808421,33.700344283947786,0.0 -79.12057040511752,33.70016079392115,0.0 -79.12113313650788,33.699897109089775,0.0 -79.1212792516289,33.70010548101118,0.0 -79.12128277134894,33.70011049861153,0.0 -79.12131063020271,33.7001482592365,0.0 -79.12060467047908,33.700430666758024,0.0 -79.12011951122757,33.70062448437949,0.0 -79.11995680368477,33.700689484883846,0.0 -79.12002351117168,33.70043155173678,0.0 -79.1200274996223,33.70041518047774,0.0</coordinates>
                    </LinearRing>
                </outerBoundaryIs>
            </Polygon>
        </Placemark>
        <Placemark id="2725675">
            <name>43200000023.0</name>
            <description>PIN: 43200000023.0&lt;br&gt;Wetland %: 41.52&lt;br&gt;Flood %: 0.00&lt;br&gt;Parcel area (m²): 220820.66</description>
            <styleUrl>#2725680</styleUrl>
            <ExtendedData>
                <Data name="PIN">
                    <value>43200000023.0</value>
                </Data>
                <Data name="Wetland_%">
                    <value>41.52</value>
                </Data>
                <Data name="Flood_%">
                    <value>0.00</value>
                </Data>
                <Data name="Parcel_area_m2">
                    <value>220820.66</value>
                </Data>
            </ExtendedData>
            <Polygon id="2725674">
                <outerBoundaryIs>
                    <LinearRing id="2725678">
                        <coordinates>-79.12555627394056,33.703507152618634,0.0 -79.1249289635893,33.70254772071238,0.0 -79.12362434817591,33.700568171805536,0.0 -79.12328924453715,33.699934169199295,0.0 -79.12327115858724,33.699905810980816,0.0 -79.12279211887288,33.69915468870417,0.0 -79.1235146295475,33.69901784851038,0.0 -79.12353504050287,33.699013982464685,0.0 -79.12357694591124,33.699006044938216,0.0 -79.12357695781596,33.69900604331507,0.0 -79.12357696972067,33.699006041691966,0.0 -79.12388326116212,33.698948792898854,0.0 -79.1257432852627,33.69860111878965,0.0 -79.1261032383485,33.698533726154075,0.0 -79.12614936152599,33.698605900699775,0.0 -79.12616758678135,33.69867541745563,0.0 -79.12616969557928,33.69876771388993,0.0 -79.12617645031337,33.69887330905028,0.0 -79.1261973992863,33.69900678271921,0.0 -79.12618703712506,33.6991054199584,0.0 -79.12616929596075,33.69920308493296,0.0 -79.12621445601668,33.69928177286475,0.0 -79.12626515377524,33.69937050990649,0.0 -79.12633344712116,33.69944404944791,0.0 -79.12638934247647,33.69952066687563,0.0 -79.12644281564968,33.699595186705494,0.0 -79.12647298708536,33.69968258080219,0.0 -79.12653829276152,33.699856072366266,0.0 -79.12662705369539,33.69997167217904,0.0 -79.12669681267816,33.70009145386596,0.0 -79.12678125950767,33.70017846800654,0.0 -79.12678432761756,33.70018865105372,0.0 -79.12678664450495,33.70019555961014,0.0 -79.12682435929788,33.70031433980286,0.0 -79.12684096512015,33.700458570419066,0.0 -79.12684393024328,33.70051290938942,0.0 -79.12684684820363,33.700566388124905,0.0 -79.12686063042209,33.70065129975936,0.0 -79.12686099919208,33.70074803783501,0.0 -79.12692971117812,33.700840311496236,0.0 -79.1269976508042,33.7009303411891,0.0 -79.12715567185658,33.70103719688675,0.0 -79.12730749993916,33.701126263109806,0.0 -79.12737317263817,33.70116918038676,0.0 -79.12751598176142,33.70125707795462,0.0 -79.12769647324163,33.70138953122258,0.0 -79.12779218254568,33.7014502558675,0.0 -79.12789121260239,33.70154745702442,0.0 -79.12791750738809,33.701662110831656,0.0 -79.12789685122162,33.70178052175636,0.0 -79.12786241221295,33.70196572949983,0.0 -79.12779941833085,33.70206477296486,0.0 -79.12770281589313,33.70215901075083,0.0 -79.12763043445621,33.70223591801526,0.0 -79.12760032165215,33.70241122781068,0.0 -79.12758276112126,33.7026143892435,0.0 -79.12763061841655,33.702796376970525,0.0 -79.12762854961588,33.702967815665374,0.0 -79.12770572027274,33.70304922174849,0.0 -79.12779916401608,33.703214546991276,0.0 -79.12789186211174,33.70330048386724,0.0 -79.12683931626421,33.70382119384818,0.0 -79.12555627394056,33.703507152618634,0.0</coordinates>
                    </LinearRing>
                </outerBoundaryIs>
            </Polygon>
        </Placemark>
        <Placemark id="2725689">
            <name>43709040011.0</name>
            <description>PIN: 43709040011.0&lt;br&gt;Wetland %: 0.00&lt;br&gt;Flood %: 95.93&lt;br&gt;Parcel area (m²): 7642.34</description>
            <styleUrl>#2725694</styleUrl>
            <ExtendedData>
                <Data name="PIN">
                    <value>43709040011.0</value>
                </Data>
                <Data name="Wetland_%">
                    <value>0.00</value>
                </Data>
                <Data name="Flood_%">
                    <value>95.93</value>
                </Data>
                <Data name="Parcel_area_m2">
                    <value>7642.34</value>
                </Data>
            </ExtendedData>
            <Polygon id="2725688">
                <outerBoundaryIs>
                    <LinearRing id="2725692">
                        <coordinates>-79.11224515679193,33.68084763858553,0.0 -79.1122612922439,33.68084133711324,0.0 -79.11226420731417,33.68084019651746,0.0 -79.11231392477747,33.68082078178428,0.0 -79.11303819058341,33.680537919303234,0.0 -79.11329942537294,33.680960104137625,0.0 -79.1133394616331,33.68107835376182,0.0 -79.1125686853593,33.68136408122325,0.0 -79.11224515679193,33.68084763858553,0.0</coordinates>
                    </LinearRing>
                </outerBoundaryIs>
            </Polygon>
        </Placemark>
        <Placemark id="2725703">
            <name>43200000020.0</name>
            <description>PIN: 43200000020.0&lt;br&gt;Wetland %: 6.81&lt;br&gt;Flood %: 4.87&lt;br&gt;Parcel area (m²): 413027.81</description>
            <styleUrl>#2725708</styleUrl>
            <ExtendedData>
                <Data name="PIN">
                    <value>43200000020.0</value>
                </Data>
                <Data name="Wetland_%">
                    <value>6.81</value>
                </Data>
                <Data name="Flood_%">
                    <value>4.87</value>
                </Data>
                <Data name="Parcel_area_m2">
                    <value>413027.81</value>
                </Data>
            </ExtendedData>
            <Polygon id="2725702">
                <outerBoundaryIs>
                    <LinearRing id="2725706">
                        <coordinates>-79.11415017924715,33.703264880224616,0.0 -79.11418406642399,33.70324988964751,0.0 -79.11411095173243,33.70313383036614,0.0 -79.11403384350119,33.70301238523547,0.0 -79.11432637149082,33.702795550643756,0.0 -79.11460098399127,33.70258158713527,0.0 -79.1146233266859,33.702564177339205,0.0 -79.11490595408983,33.702348736301786,0.0 -79.1149410396669,33.7023212849535,0.0 -79.11494235266763,33.702320257853984,0.0 -79.11519372671611,33.702123580120414,0.0 -79.11529532503145,33.70204571296316,0.0 -79.11549310307556,33.701894132086856,0.0 -79.1157959595152,33.70165580295196,0.0 -79.11584332718753,33.70161981434772,0.0 -79.11603136457038,33.70147694365484,0.0 -79.11609612464294,33.7014277409242,0.0 -79.11619921002772,33.70134717102624,0.0 -79.11696358127963,33.70074974585,0.0 -79.1169655297935,33.700748570574405,0.0 -79.11696605271277,33.700748936597506,0.0 -79.11797438990416,33.70145223350649,0.0 -79.11797766473919,33.70145451829234,0.0 -79.11799621264844,33.70146745534516,0.0 -79.11872177755785,33.70197351069956,0.0 -79.11872178605012,33.70197351714212,0.0 -79.11872179456206,33.70197352268311,0.0 -79.11921861994043,33.70232003121298,0.0 -79.11959413478542,33.70259746159349,0.0 -79.1198204468266,33.70274673147041,0.0 -79.12075505630517,33.703423060954194,0.0 -79.12075506691598,33.703423069232635,0.0 -79.12076481452966,33.70343010527895,0.0 -79.12143091619586,33.70391082554521,0.0 -79.1214309224526,33.703910835561274,0.0 -79.12149323494894,33.70398214211154,0.0 -79.12175368759418,33.70428019646114,0.0 -79.12162841698681,33.70439438265914,0.0 -79.1214835560011,33.70452642472415,0.0 -79.12125787556245,33.70473278071692,0.0 -79.12107411833767,33.70490180391864,0.0 -79.12082154524205,33.705134552496055,0.0 -79.1206610767125,33.70529138619836,0.0 -79.12032503184119,33.70561890933779,0.0 -79.11844125772537,33.707487782695765,0.0 -79.1179606116058,33.70797538048598,0.0 -79.11603748312666,33.70560363627621,0.0 -79.11463360406385,33.703888538652514,0.0 -79.11415017924715,33.703264880224616,0.0</coordinates>
                    </LinearRing>
                </outerBoundaryIs>
            </Polygon>
        </Placemark>
        <Placemark id="2725717">
            <name>43215010005.0</name>
            <description>PIN: 43215010005.0&lt;br&gt;Wetland %: 0.00&lt;br&gt;Flood %: 0.00&lt;br&gt;Parcel area (m²): 16050.50</description>
            <styleUrl>#2725722</styleUrl>
            <ExtendedData>
                <Data name="PIN">
                    <value>43215010005.0</value>
                </Data>
                <Data name="Wetland_%">
                    <value>0.00</value>
                </Data>
                <Data name="Flood_%">
                    <value>0.00</value>
                </Data>
                <Data name="Parcel_area_m2">
                    <value>16050.50</value>
                </Data>
            </ExtendedData>
            <Polygon id="2725716">
                <outerBoundaryIs>
                    <LinearRing id="2725720">
                        <coordinates>-79.13661612947375,33.70516845079102,0.0 -79.1370639492541,33.705069190734406,0.0 -79.13812515248867,33.706926711633145,0.0 -79.1377508686225,33.70729762996172,0.0 -79.13661612947375,33.70516845079102,0.0</coordinates>
                    </LinearRing>
                </outerBoundaryIs>
            </Polygon>
        </Placemark>
        <Placemark id="2725731">
            <name>43709010011.0</name>
            <description>PIN: 43709010011.0&lt;br&gt;Wetland %: 0.00&lt;br&gt;Flood %: 78.27&lt;br&gt;Parcel area (m²): 4165.01</description>
            <styleUrl>#2725736</styleUrl>
            <ExtendedData>
                <Data name="PIN">
                    <value>43709010011.0</value>
                </Data>
                <Data name="Wetland_%">
                    <value>0.00</value>
                </Data>
                <Data name="Flood_%">
                    <value>78.27</value>
                </Data>
                <Data name="Parcel_area_m2">
                    <value>4165.01</value>
                </Data>
            </ExtendedData>
            <Polygon id="2725730">
                <outerBoundaryIs>
                    <LinearRing id="2725734">
                        <coordinates>-79.1136704250748,33.68614426779338,0.0 -79.11335134392458,33.68609905557477,0.0 -79.11330079831782,33.68609189404443,0.0 -79.11332041988186,33.68548364521383,0.0 -79.1135166865354,33.68559543944894,0.0 -79.11387842966579,33.68576721661073,0.0 -79.11384825407971,33.68617034903172,0.0 -79.11376568652578,33.686148987283445,0.0 -79.1136704250748,33.68614426779338,0.0</coordinates>
                    </LinearRing>
                </outerBoundaryIs>
            </Polygon>
        </Placemark>
        <Placemark id="2725745">
            <name>43200000026.0</name>
            <description>PIN: 43200000026.0&lt;br&gt;Wetland %: 43.06&lt;br&gt;Flood %: 0.00&lt;br&gt;Parcel area (m²): 194136.95</description>
            <styleUrl>#2725750</styleUrl>
            <ExtendedData>
                <Data name="PIN">
                    <value>43200000026.0</value>
                </Data>
                <Data name="Wetland_%">
                    <value>43.06</value>
                </Data>
                <Data name="Flood_%">
                    <value>0.00</value>
                </Data>
                <Data name="Parcel_area_m2">
                    <value>194136.95</value>
                </Data>
            </ExtendedData>
            <Polygon id="2725744">
                <outerBoundaryIs>
                    <LinearRing id="2725748">
                        <coordinates>-79.12971178067862,33.705188255136235,0.0 -79.12965086848818,33.70511517202876,0.0 -79.12958653285651,33.70504839465078,0.0 -79.12955924168709,33.704979599101506,0.0 -79.12946689091511,33.70490357536863,0.0 -79.12997695588267,33.70478697021304,0.0 -79.13012717468064,33.70473034754548,0.0 -79.13025642682673,33.70467085342559,0.0 -79.13030896379921,33.70463638510075,0.0 -79.13051744627967,33.704432751720994,0.0 -79.13078254873199,33.704157502079724,0.0 -79.13095901353348,33.70402605246166,0.0 -79.13190374946772,33.70348899399791,0.0 -79.13165340942454,33.702821839678094,0.0 -79.13202185081961,33.702818833330724,0.0 -79.13334428320725,33.70280803419215,0.0 -79.13554483871653,33.70285484100492,0.0 -79.13590043742656,33.70358230534643,0.0 -79.13613570291638,33.70407328632315,0.0 -79.13614368412634,33.704089729360895,0.0 -79.13635850124166,33.70453229563721,0.0 -79.1361274373783,33.704608704393465,0.0 -79.13609490224118,33.70459220506369,0.0 -79.13555482007165,33.70431829778504,0.0 -79.13506745319985,33.70442125163172,0.0 -79.13518162430798,33.704960234566514,0.0 -79.13502800266178,33.704953450296486,0.0 -79.13445781087476,33.70500773284908,0.0 -79.13375587348224,33.70507016079811,0.0 -79.13386953364225,33.705480277242835,0.0 -79.13383787691424,33.705484058244664,0.0 -79.13321576934459,33.70555837657711,0.0 -79.133171235386,33.70556440534763,0.0 -79.13307387437247,33.70523734749852,0.0 -79.13218117183905,33.70548948922801,0.0 -79.13223163344878,33.70574178730193,0.0 -79.13196292574881,33.70580937355261,0.0 -79.13195713098769,33.705811213378865,0.0 -79.13172878022769,33.70588372538794,0.0 -79.13102225668906,33.7061080774642,0.0 -79.13083852326947,33.706166418681654,0.0 -79.1307955112633,33.70617814080848,0.0 -79.13068051210017,33.70609650849146,0.0 -79.13050788850298,33.70601778467375,0.0 -79.13039057214498,33.705891274173595,0.0 -79.13022688796396,33.70574155343975,0.0 -79.13018733392866,33.70570745299452,0.0 -79.1300932323566,33.70561015703223,0.0 -79.1300178143198,33.70552345328348,0.0 -79.12997515078466,33.70544308655134,0.0 -79.12986866999853,33.70534783810128,0.0 -79.12980665505877,33.70528779532178,0.0 -79.12971178067862,33.705188255136235,0.0</coordinates>
                    </LinearRing>
                </outerBoundaryIs>
            </Polygon>
        </Placemark>
        <Placemark id="2725759">
            <name>43200000010.0</name>
            <description>PIN: 43200000010.0&lt;br&gt;Wetland %: 4.63&lt;br&gt;Flood %: 0.00&lt;br&gt;Parcel area (m²): 77618.40</description>
            <styleUrl>#2725764</styleUrl>
            <ExtendedData>
                <Data name="PIN">
                    <value>43200000010.0</value>
                </Data>
                <Data name="Wetland_%">
                    <value>4.63</value>
                </Data>
                <Data name="Flood_%">
                    <value>0.00</value>
                </Data>
                <Data name="Parcel_area_m2">
                    <value>77618.40</value>
                </Data>
            </ExtendedData>
            <Polygon id="2725758">
                <outerBoundaryIs>
                    <LinearRing id="2725762">
                        <coordinates>-79.13551020036435,33.70834852127417,0.0 -79.13468205606775,33.70556198681578,0.0 -79.1349284399155,33.70552769639122,0.0 -79.13542551908309,33.70543227700619,0.0 -79.13607990274777,33.705287228599474,0.0 -79.13609394773857,33.705284115000055,0.0 -79.13745300026032,33.70759433589837,0.0 -79.13649301104732,33.708543737861525,0.0 -79.13639309748761,33.708170751040875,0.0 -79.13551020036435,33.70834852127417,0.0</coordinates>
                    </LinearRing>
                </outerBoundaryIs>
            </Polygon>
        </Placemark>
        <Placemark id="2725773">
            <name>43701040018.0_1</name>
            <description>PIN: 43701040018.0&lt;br&gt;Wetland %: 0.00&lt;br&gt;Flood %: 0.00&lt;br&gt;Parcel area (m²): 8086.75</description>
            <styleUrl>#2725778</styleUrl>
            <ExtendedData>
                <Data name="PIN">
                    <value>43701040018.0</value>
                </Data>
                <Data name="Wetland_%">
                    <value>0.00</value>
                </Data>
                <Data name="Flood_%">
                    <value>0.00</value>
                </Data>
                <Data name="Parcel_area_m2">
                    <value>8086.75</value>
                </Data>
            </ExtendedData>
            <Polygon id="2725772">
                <outerBoundaryIs>
                    <LinearRing id="2725776">
                        <coordinates>-79.11413111734336,33.69562000559586,0.0 -79.11375386563371,33.69535017116169,0.0 -79.11405290058347,33.695022443664705,0.0 -79.11458561853676,33.695402032696556,0.0 -79.11466719211548,33.695318572767675,0.0 -79.11488517603468,33.695502302783005,0.0 -79.11448813066396,33.69587544229504,0.0 -79.11413111734336,33.69562000559586,0.0</coordinates>
                    </LinearRing>
                </outerBoundaryIs>
            </Polygon>
        </Placemark>
        <Placemark id="2725782">
            <name>43701040018.0_2</name>
            <styleUrl>#2725787</styleUrl>
            <Polygon id="2725781">
                <outerBoundaryIs>
                    <LinearRing id="2725785">
                        <coordinates>-79.11361825411203,33.69549844082131,0.0 -79.11369323569329,33.69541573865292,0.0 -79.1140559227022,33.695674869958594,0.0 -79.11445908099407,33.695963311761496,0.0 -79.11437908829247,33.696049545598655,0.0 -79.11361825411203,33.69549844082131,0.0</coordinates>
                    </LinearRing>
                </outerBoundaryIs>
            </Polygon>
        </Placemark>
        <Placemark id="2725796">
            <name>43701040022.0</name>
            <description>PIN: 43701040022.0&lt;br&gt;Wetland %: 0.00&lt;br&gt;Flood %: 0.00&lt;br&gt;Parcel area (m²): 8651.53</description>
            <styleUrl>#2725801</styleUrl>
            <ExtendedData>
                <Data name="PIN">
                    <value>43701040022.0</value>
                </Data>
                <Data name="Wetland_%">
                    <value>0.00</value>
                </Data>
                <Data name="Flood_%">
                    <value>0.00</value>
                </Data>
                <Data name="Parcel_area_m2">
                    <value>8651.53</value>
                </Data>
            </ExtendedData>
            <Polygon id="2725795">
                <outerBoundaryIs>
                    <LinearRing id="2725799">
                        <coordinates>-79.11502727180948,33.69562199040523,0.0 -79.11488517603468,33.695502302783005,0.0 -79.11466719211548,33.695318572767675,0.0 -79.1143872908863,33.69465694149741,0.0 -79.1144310904676,33.694608985657815,0.0 -79.11455585822134,33.694693703992925,0.0 -79.11463283800877,33.6947453905151,0.0 -79.11500474867961,33.694996242187784,0.0 -79.1152905714024,33.69478251944701,0.0 -79.11551728084281,33.69495740736351,0.0 -79.11558788865032,33.69501187504791,0.0 -79.11511204359756,33.6956933822351,0.0 -79.11502727180948,33.69562199040523,0.0</coordinates>
                    </LinearRing>
                </outerBoundaryIs>
            </Polygon>
        </Placemark>
        <Placemark id="2725810">
            <name>43600000009.0</name>
            <description>PIN: 43600000009.0&lt;br&gt;Wetland %: 0.00&lt;br&gt;Flood %: 7.68&lt;br&gt;Parcel area (m²): 79648.71</description>
            <styleUrl>#2725815</styleUrl>
            <ExtendedData>
                <Data name="PIN">
                    <value>43600000009.0</value>
                </Data>
                <Data name="Wetland_%">
                    <value>0.00</value>
                </Data>
                <Data name="Flood_%">
                    <value>7.68</value>
                </Data>
                <Data name="Parcel_area_m2">
                    <value>79648.71</value>
                </Data>
            </ExtendedData>
            <Polygon id="2725809">
                <outerBoundaryIs>
                    <LinearRing id="2725813">
                        <coordinates>-79.11829861345636,33.69374337885763,0.0 -79.11807888832858,33.69372269491092,0.0 -79.11807871928025,33.693722678808825,0.0 -79.11805032315132,33.693506791505634,0.0 -79.1179554884867,33.692785794283544,0.0 -79.11791225974311,33.692457135990495,0.0 -79.11865652708101,33.69244767587082,0.0 -79.11858021553265,33.69202556960902,0.0 -79.11991969970872,33.692168460453,0.0 -79.12148065817509,33.69233495841827,0.0 -79.12148599482498,33.692388882729055,0.0 -79.12150492371198,33.6925801618523,0.0 -79.12151522241444,33.69268891570403,0.0 -79.12152431383399,33.692784916217654,0.0 -79.1215448569781,33.69299296744175,0.0 -79.12154587468197,33.69300327642094,0.0 -79.12154588274245,33.693003352304,0.0 -79.12159405931355,33.69352265452298,0.0 -79.1215975693919,33.69361721553766,0.0 -79.12108168032523,33.69357894794634,0.0 -79.1204929168342,33.69353527265815,0.0 -79.1204143111032,33.693529440819496,0.0 -79.12029320093916,33.693931990343465,0.0 -79.11988216179527,33.69389314739103,0.0 -79.11944565871636,33.69385189543012,0.0 -79.11829861345636,33.69374337885763,0.0</coordinates>
                    </LinearRing>
                </outerBoundaryIs>
            </Polygon>
        </Placemark>
        <Placemark id="2725824">
            <name>27500000009.0</name>
            <description>PIN: 27500000009.0&lt;br&gt;Wetland %: 56.16&lt;br&gt;Flood %: 75.22&lt;br&gt;Parcel area (m²): 124406.17</description>
            <styleUrl>#2725829</styleUrl>
            <ExtendedData>
                <Data name="PIN">
                    <value>27500000009.0</value>
                </Data>
                <Data name="Wetland_%">
                    <value>56.16</value>
                </Data>
                <Data name="Flood_%">
                    <value>75.22</value>
                </Data>
                <Data name="Parcel_area_m2">
                    <value>124406.17</value>
                </Data>
            </ExtendedData>
            <Polygon id="2725823">
                <outerBoundaryIs>
                    <LinearRing id="2725827">
                        <coordinates>-79.02359335619525,33.94232359746632,0.0 -79.0234547969469,33.94232499708139,0.0 -79.02319243925096,33.9423312941982,0.0 -79.02311158745893,33.94233327078615,0.0 -79.02311329812639,33.94211510062273,0.0 -79.02311355435991,33.9421039376196,0.0 -79.02312632255153,33.941188401047526,0.0 -79.02316222446335,33.938582465183465,0.0 -79.02506979537212,33.93845583364215,0.0 -79.02522195381732,33.93969510711627,0.0 -79.02525556681982,33.93996777066242,0.0 -79.02498824584411,33.93980865868005,0.0 -79.02532301146691,33.94063465123073,0.0 -79.02524079451722,33.94097010401327,0.0 -79.025051856958,33.941636374794264,0.0 -79.02535954160754,33.94228841178388,0.0 -79.0254347027001,33.94260303028413,0.0 -79.02538055179866,33.94278586647165,0.0 -79.02524737075773,33.942794075469514,0.0 -79.02509543733758,33.94280334025316,0.0 -79.02475510458738,33.942829875125234,0.0 -79.02439691346747,33.94284409793413,0.0 -79.0242648805637,33.94284852364972,0.0 -79.02431914869945,33.942316094720546,0.0 -79.02359335619525,33.94232359746632,0.0</coordinates>
                    </LinearRing>
                </outerBoundaryIs>
            </Polygon>
        </Placemark>
        <Placemark id="2725838">
            <name>27503040005.0_1</name>
            <description>PIN: 27503040005.0&lt;br&gt;Wetland %: 99.29&lt;br&gt;Flood %: 100.00&lt;br&gt;Parcel area (m²): 30740.71</description>
            <styleUrl>#2725843</styleUrl>
            <ExtendedData>
                <Data name="PIN">
                    <value>27503040005.0</value>
                </Data>
                <Data name="Wetland_%">
                    <value>99.29</value>
                </Data>
                <Data name="Flood_%">
                    <value>100.00</value>
                </Data>
                <Data name="Parcel_area_m2">
                    <value>30740.71</value>
                </Data>
            </ExtendedData>
            <Polygon id="2725837">
                <outerBoundaryIs>
                    <LinearRing id="2725841">
                        <coordinates>-79.02532301146691,33.94063465123073,0.0 -79.02498824584411,33.93980865868005,0.0 -79.02525556681982,33.93996777066242,0.0 -79.026541259932,33.94073301613483,0.0 -79.02651687937922,33.9407739612488,0.0 -79.02647253038124,33.94086815480123,0.0 -79.02642814440792,33.940977085378535,0.0 -79.0263345089663,33.94114811467327,0.0 -79.0263233268596,33.941172091733,0.0 -79.02631132942649,33.94120751781196,0.0 -79.02630547233755,33.941234325864876,0.0 -79.02630197435693,33.94127170453463,0.0 -79.02630289618901,33.941297018761134,0.0 -79.02581533894762,33.9411469504225,0.0 -79.02524079451722,33.94097010401327,0.0 -79.02532301146691,33.94063465123073,0.0</coordinates>
                    </LinearRing>
                </outerBoundaryIs>
            </Polygon>
        </Placemark>
        <Placemark id="2725847">
            <name>27503040005.0_2</name>
            <styleUrl>#2725852</styleUrl>
            <Polygon id="2725846">
                <outerBoundaryIs>
                    <LinearRing id="2725850">
                        <coordinates>-79.02666775224473,33.940829710700854,0.0 -79.02667716280322,33.94081390531204,0.0 -79.02786426662627,33.94151854197067,0.0 -79.02786337800826,33.94158546628489,0.0 -79.0278671816637,33.94165143258235,0.0 -79.02790429965344,33.94229513022601,0.0 -79.02784667302107,33.94224523340494,0.0 -79.02786874782294,33.94217945959149,0.0 -79.02759953321274,33.942078052736605,0.0 -79.02735608480222,33.942028205371905,0.0 -79.02715013636349,33.94198603579559,0.0 -79.02694418920814,33.94194386589404,0.0 -79.0269431656991,33.941915329447,0.0 -79.02693970224081,33.94188692642999,0.0 -79.02693381714448,33.94185880233701,0.0 -79.02692553962096,33.941831099227706,0.0 -79.02691491186148,33.941803959368144,0.0 -79.02690198914058,33.94177752072318,0.0 -79.02688683548973,33.94175191688759,0.0 -79.02687153924161,33.941725877877914,0.0 -79.02685859553088,33.941705268647866,0.0 -79.0268311242821,33.941665546449094,0.0 -79.0267778334407,33.94160025807684,0.0 -79.02671744556461,33.941539487881364,0.0 -79.02668907814218,33.94151446736672,0.0 -79.02660911580425,33.94145971857285,0.0 -79.02654821582217,33.94140510900056,0.0 -79.0265160403238,33.94136867225399,0.0 -79.02648663375612,33.94132874871089,0.0 -79.02647680458333,33.94131332882915,0.0 -79.02646789203612,33.94129809399251,0.0 -79.02646705084047,33.94127497262114,0.0 -79.02646919765169,33.94125202507511,0.0 -79.02647213991271,33.941238564445186,0.0 -79.02647986621449,33.941215749001515,0.0 -79.02648647580774,33.94120157473667,0.0 -79.02658159611157,33.94102783266216,0.0 -79.02662741964784,33.94091537601499,0.0 -79.02666775224473,33.940829710700854,0.0</coordinates>
                    </LinearRing>
                </outerBoundaryIs>
            </Polygon>
        </Placemark>
        <Placemark id="2725861">
            <name>27500000050.0</name>
            <description>PIN: 27500000050.0&lt;br&gt;Wetland %: 22.05&lt;br&gt;Flood %: 92.08&lt;br&gt;Parcel area (m²): 82149.37</description>
            <styleUrl>#2725866</styleUrl>
            <ExtendedData>
                <Data name="PIN">
                    <value>27500000050.0</value>
                </Data>
                <Data name="Wetland_%">
                    <value>22.05</value>
                </Data>
                <Data name="Flood_%">
                    <value>92.08</value>
                </Data>
                <Data name="Parcel_area_m2">
                    <value>82149.37</value>
                </Data>
            </ExtendedData>
            <Polygon id="2725860">
                <outerBoundaryIs>
                    <LinearRing id="2725864">
                        <coordinates>-79.02007841886245,33.94314750779139,0.0 -79.02052495760256,33.9424390699015,0.0 -79.02070509252866,33.94215635149017,0.0 -79.02144367136343,33.94099714098816,0.0 -79.02153948814698,33.94084627461856,0.0 -79.02254166393105,33.93928712247405,0.0 -79.02316597899195,33.938311066788955,0.0 -79.02316222446335,33.938582465183465,0.0 -79.02312632255153,33.941188401047526,0.0 -79.02262441011159,33.941177820518924,0.0 -79.02262382216004,33.94138295121661,0.0 -79.02208066928219,33.94140882047106,0.0 -79.02206323213134,33.94198856729234,0.0 -79.02205438894713,33.94237362139944,0.0 -79.02206627775523,33.94291859943892,0.0 -79.02206596598741,33.942947346426564,0.0 -79.02217498973356,33.94294030130549,0.0 -79.02218912671263,33.94309216184152,0.0 -79.02196682656233,33.94310745672689,0.0 -79.02164159151326,33.943131439842844,0.0 -79.02131232726273,33.943157036207054,0.0 -79.0209682363053,33.9431880173671,0.0 -79.0208885144972,33.943195124220395,0.0 -79.02063882979797,33.94321738224694,0.0 -79.02032238364646,33.94327809785138,0.0 -79.01993863928718,33.943368633661535,0.0 -79.02000679851017,33.94326001552406,0.0 -79.02007841886245,33.94314750779139,0.0</coordinates>
                    </LinearRing>
                </outerBoundaryIs>
            </Polygon>
        </Placemark>
        <Placemark id="2725875">
            <name>41514010002.0</name>
            <description>PIN: 41514010002.0&lt;br&gt;Wetland %: 63.81&lt;br&gt;Flood %: 0.00&lt;br&gt;Parcel area (m²): 2948.75</description>
            <styleUrl>#2725880</styleUrl>
            <ExtendedData>
                <Data name="PIN">
                    <value>41514010002.0</value>
                </Data>
                <Data name="Wetland_%">
                    <value>63.81</value>
                </Data>
                <Data name="Flood_%">
                    <value>0.00</value>
                </Data>
                <Data name="Parcel_area_m2">
                    <value>2948.75</value>
                </Data>
            </ExtendedData>
            <Polygon id="2725874">
                <outerBoundaryIs>
                    <LinearRing id="2725878">
                        <coordinates>-79.02956759268439,33.73049942644314,0.0 -79.02963488709244,33.73020018882885,0.0 -79.02996373821637,33.730214316015235,0.0 -79.03026725134849,33.73022750484062,0.0 -79.03023917438163,33.73053096063098,0.0 -79.02956759268439,33.73049942644314,0.0</coordinates>
                    </LinearRing>
                </outerBoundaryIs>
            </Polygon>
        </Placemark>
        <Placemark id="2725889">
            <name>42903020013.0</name>
            <description>PIN: 42903020013.0&lt;br&gt;Wetland %: 0.00&lt;br&gt;Flood %: 100.00&lt;br&gt;Parcel area (m²): 12718.85</description>
            <styleUrl>#2725894</styleUrl>
            <ExtendedData>
                <Data name="PIN">
                    <value>42903020013.0</value>
                </Data>
                <Data name="Wetland_%">
                    <value>0.00</value>
                </Data>
                <Data name="Flood_%">
                    <value>100.00</value>
                </Data>
                <Data name="Parcel_area_m2">
                    <value>12718.85</value>
                </Data>
            </ExtendedData>
            <Polygon id="2725888">
                <outerBoundaryIs>
                    <LinearRing id="2725892">
                        <coordinates>-79.02435500321731,33.72519125299354,0.0 -79.02493387909412,33.72526039880101,0.0 -79.02534092003387,33.725312854520205,0.0 -79.02538116325215,33.72611621211973,0.0 -79.02432804839853,33.72605544730598,0.0 -79.02433182739236,33.72590467834963,0.0 -79.02433734765117,33.725753947128,0.0 -79.02434461103513,33.7256032662977,0.0 -79.02432818065546,33.72560264755429,0.0 -79.02434044308308,33.72539689765129,0.0 -79.02435500321731,33.72519125299354,0.0</coordinates>
                    </LinearRing>
                </outerBoundaryIs>
            </Polygon>
        </Placemark>
        <Placemark id="2725903">
            <name>43100000011.0</name>
            <description>PIN: 43100000011.0&lt;br&gt;Wetland %: 46.51&lt;br&gt;Flood %: 98.23&lt;br&gt;Parcel area (m²): 362674.96</description>
            <styleUrl>#2725908</styleUrl>
            <ExtendedData>
                <Data name="PIN">
                    <value>43100000011.0</value>
                </Data>
                <Data name="Wetland_%">
                    <value>46.51</value>
                </Data>
                <Data name="Flood_%">
                    <value>98.23</value>
                </Data>
                <Data name="Parcel_area_m2">
                    <value>362674.96</value>
                </Data>
            </ExtendedData>
            <Polygon id="2725902">
                <outerBoundaryIs>
                    <LinearRing id="2725906">
                        <coordinates>-79.08979253500058,33.71591529117206,0.0 -79.08929104974186,33.715381877673515,0.0 -79.08756936542972,33.71355048719001,0.0 -79.08714047422404,33.7130974229056,0.0 -79.08627942034643,33.71218280873416,0.0 -79.08527738933918,33.71226213794924,0.0 -79.08508796963385,33.70835736342459,0.0 -79.08472174583872,33.70787243418009,0.0 -79.0848340903331,33.707842077937364,0.0 -79.08494717532334,33.70781370464899,0.0 -79.08506094873484,33.70778732703511,0.0 -79.08517536174959,33.70776295696453,0.0 -79.08521139753607,33.707791989392454,0.0 -79.08520736533647,33.707844626740496,0.0 -79.08523096560168,33.70788677162813,0.0 -79.08524818726917,33.70789531790502,0.0 -79.0852957749025,33.70802864264856,0.0 -79.08539556254773,33.708140658933246,0.0 -79.08543244486764,33.70813404719561,0.0 -79.08553747019513,33.70822512082741,0.0 -79.08551490929743,33.70829998939211,0.0 -79.08565464978041,33.70842332799523,0.0 -79.08566827573176,33.7084392782761,0.0 -79.0857541360524,33.70853978033071,0.0 -79.08580169064291,33.70855828066942,0.0 -79.08582036433374,33.70861783728755,0.0 -79.08591349479374,33.70867361759451,0.0 -79.08614282236746,33.70870707319225,0.0 -79.0862329953938,33.70872022898746,0.0 -79.08628912891352,33.70876184360595,0.0 -79.08638867867492,33.708835646650016,0.0 -79.08641571765357,33.70880923226027,0.0 -79.08647045516636,33.70875575978267,0.0 -79.08660905988273,33.70878569184611,0.0 -79.08663996870251,33.70889318051269,0.0 -79.08664957361398,33.7089265827344,0.0 -79.08667609347332,33.708927445876405,0.0 -79.08671643634489,33.70894570348115,0.0 -79.08679851792364,33.7089525329883,0.0 -79.08682560808626,33.708954786655646,0.0 -79.0868655901506,33.70896736288017,0.0 -79.0869240501961,33.708959070586374,0.0 -79.08697262147652,33.7089944438802,0.0 -79.08711829992971,33.70915323309383,0.0 -79.08923328703804,33.71137399030491,0.0 -79.09052357618361,33.71271163716534,0.0 -79.09199318648106,33.71664489407892,0.0 -79.09118682933003,33.717398338183585,0.0 -79.08979253500058,33.71591529117206,0.0</coordinates>
                    </LinearRing>
                </outerBoundaryIs>
            </Polygon>
        </Placemark>
        <Placemark id="2725917">
            <name>43106020002.0</name>
            <description>PIN: 43106020002.0&lt;br&gt;Wetland %: 0.00&lt;br&gt;Flood %: 100.00&lt;br&gt;Parcel area (m²): 22461.78</description>
            <styleUrl>#2725922</styleUrl>
            <ExtendedData>
                <Data name="PIN">
                    <value>43106020002.0</value>
                </Data>
                <Data name="Wetland_%">
                    <value>0.00</value>
                </Data>
                <Data name="Flood_%">
                    <value>100.00</value>
                </Data>
                <Data name="Parcel_area_m2">
                    <value>22461.78</value>
                </Data>
            </ExtendedData>
            <Polygon id="2725916">
                <outerBoundaryIs>
                    <LinearRing id="2725920">
                        <coordinates>-79.09180603611647,33.71804465944569,0.0 -79.09242403152375,33.71789132160702,0.0 -79.0927834366198,33.7188559640473,0.0 -79.092942534717,33.7192459359231,0.0 -79.09325855527737,33.72002053942028,0.0 -79.09256887467525,33.72019165831011,0.0 -79.09180603611647,33.71804465944569,0.0</coordinates>
                    </LinearRing>
                </outerBoundaryIs>
            </Polygon>
        </Placemark>
        <Placemark id="2725931">
            <name>43103030001.0</name>
            <description>PIN: 43103030001.0&lt;br&gt;Wetland %: 0.00&lt;br&gt;Flood %: 100.00&lt;br&gt;Parcel area (m²): 11738.98</description>
            <styleUrl>#2725936</styleUrl>
            <ExtendedData>
                <Data name="PIN">
                    <value>43103030001.0</value>
                </Data>
                <Data name="Wetland_%">
                    <value>0.00</value>
                </Data>
                <Data name="Flood_%">
                    <value>100.00</value>
                </Data>
                <Data name="Parcel_area_m2">
                    <value>11738.98</value>
                </Data>
            </ExtendedData>
            <Polygon id="2725930">
                <outerBoundaryIs>
                    <LinearRing id="2725934">
                        <coordinates>-79.09256887467525,33.72019165831011,0.0 -79.09325855527737,33.72002053942028,0.0 -79.09369316599401,33.72108423972931,0.0 -79.09369452893485,33.72108757526428,0.0 -79.09361902640556,33.721092692252114,0.0 -79.09290565840746,33.72113949913478,0.0 -79.09256887467525,33.72019165831011,0.0</coordinates>
                    </LinearRing>
                </outerBoundaryIs>
            </Polygon>
        </Placemark>
        <Placemark id="2725945">
            <name>43711040008.0</name>
            <description>PIN: 43711040008.0&lt;br&gt;Wetland %: 17.28&lt;br&gt;Flood %: 0.00&lt;br&gt;Parcel area (m²): 5964.82</description>
            <styleUrl>#2725950</styleUrl>
            <ExtendedData>
                <Data name="PIN">
                    <value>43711040008.0</value>
                </Data>
                <Data name="Wetland_%">
                    <value>17.28</value>
                </Data>
                <Data name="Flood_%">
                    <value>0.00</value>
                </Data>
                <Data name="Parcel_area_m2">
                    <value>5964.82</value>
                </Data>
            </ExtendedData>
            <Polygon id="2725944">
                <outerBoundaryIs>
                    <LinearRing id="2725948">
                        <coordinates>-79.09947267849408,33.68010390245276,0.0 -79.09924451298127,33.68007877861597,0.0 -79.09878886275763,33.680211787130375,0.0 -79.09873236613024,33.68022827640525,0.0 -79.09870057639426,33.680241236797,0.0 -79.09857065248782,33.68014538742369,0.0 -79.09863419256803,33.68012757793477,0.0 -79.09943912815226,33.67985912402611,0.0 -79.09967706907027,33.679764000015616,0.0 -79.09982801895235,33.679703264078995,0.0 -79.0999290510914,33.679632139865646,0.0 -79.10005145074658,33.67952388831724,0.0 -79.10012024471042,33.679460857353185,0.0 -79.10018298776501,33.67941130899968,0.0 -79.10025356210419,33.67934212088426,0.0 -79.10033908682172,33.67924685809986,0.0 -79.10003423446156,33.67983364857922,0.0 -79.09979521364465,33.680291342572694,0.0 -79.09970415959643,33.68016648384204,0.0 -79.09947267849408,33.68010390245276,0.0</coordinates>
                    </LinearRing>
                </outerBoundaryIs>
            </Polygon>
        </Placemark>
        <Placemark id="2725959">
            <name>43715020014.0</name>
            <description>PIN: 43715020014.0&lt;br&gt;Wetland %: 0.00&lt;br&gt;Flood %: 0.00&lt;br&gt;Parcel area (m²): 2792.95</description>
            <styleUrl>#2725964</styleUrl>
            <ExtendedData>
                <Data name="PIN">
                    <value>43715020014.0</value>
                </Data>
                <Data name="Wetland_%">
                    <value>0.00</value>
                </Data>
                <Data name="Flood_%">
                    <value>0.00</value>
                </Data>
                <Data name="Parcel_area_m2">
                    <value>2792.95</value>
                </Data>
            </ExtendedData>
            <Polygon id="2725958">
                <outerBoundaryIs>
                    <LinearRing id="2725962">
                        <coordinates>-79.10175343112212,33.67728949417538,0.0 -79.10183321152307,33.67729893408468,0.0 -79.10192342646847,33.677308394385996,0.0 -79.10192670591424,33.67730878837782,0.0 -79.1019825319636,33.677312051081415,0.0 -79.1020507521391,33.67731241230956,0.0 -79.10208938077383,33.677312661842684,0.0 -79.10217991755174,33.67730752215809,0.0 -79.10221287910777,33.6773039047029,0.0 -79.10224666023255,33.6773003007246,0.0 -79.10231431145196,33.67728914010302,0.0 -79.10235720834528,33.6772822388488,0.0 -79.10236958359876,33.677280195702046,0.0 -79.10258411848163,33.67773625512546,0.0 -79.10238837859558,33.677768612461335,0.0 -79.10175343112212,33.67728949417538,0.0</coordinates>
                    </LinearRing>
                </outerBoundaryIs>
            </Polygon>
        </Placemark>
        <Placemark id="2725973">
            <name>43714040006.0</name>
            <description>PIN: 43714040006.0&lt;br&gt;Wetland %: 7.04&lt;br&gt;Flood %: 0.00&lt;br&gt;Parcel area (m²): 5843.06</description>
            <styleUrl>#2725978</styleUrl>
            <ExtendedData>
                <Data name="PIN">
                    <value>43714040006.0</value>
                </Data>
                <Data name="Wetland_%">
                    <value>7.04</value>
                </Data>
                <Data name="Flood_%">
                    <value>0.00</value>
                </Data>
                <Data name="Parcel_area_m2">
                    <value>5843.06</value>
                </Data>
            </ExtendedData>
            <Polygon id="2725972">
                <outerBoundaryIs>
                    <LinearRing id="2725976">
                        <coordinates>-79.09688472136334,33.67442052558347,0.0 -79.09699165010271,33.67438007770509,0.0 -79.09720781468188,33.67430643163653,0.0 -79.09721183518596,33.67431044573904,0.0 -79.09808076714936,33.6751657164081,0.0 -79.09778876241789,33.675323760862646,0.0 -79.09689437013581,33.67443029581792,0.0 -79.09688472136334,33.67442052558347,0.0</coordinates>
                    </LinearRing>
                </outerBoundaryIs>
            </Polygon>
        </Placemark>
        <Placemark id="2725987">
            <name>43714040007.0</name>
            <description>PIN: 43714040007.0&lt;br&gt;Wetland %: 2.72&lt;br&gt;Flood %: 0.00&lt;br&gt;Parcel area (m²): 4052.34</description>
            <styleUrl>#2725992</styleUrl>
            <ExtendedData>
                <Data name="PIN">
                    <value>43714040007.0</value>
                </Data>
                <Data name="Wetland_%">
                    <value>2.72</value>
                </Data>
                <Data name="Flood_%">
                    <value>0.00</value>
                </Data>
                <Data name="Parcel_area_m2">
                    <value>4052.34</value>
                </Data>
            </ExtendedData>
            <Polygon id="2725986">
                <outerBoundaryIs>
                    <LinearRing id="2725990">
                        <coordinates>-79.09720781468188,33.67430643163653,0.0 -79.09725168246761,33.67429267359661,0.0 -79.09733196895893,33.674267623184164,0.0 -79.0974832605197,33.67427292035131,0.0 -79.09753109281176,33.67430250809132,0.0 -79.0982946830405,33.67505278777672,0.0 -79.09808076714936,33.6751657164081,0.0 -79.09721183518596,33.67431044573904,0.0 -79.09720781468188,33.67430643163653,0.0</coordinates>
                    </LinearRing>
                </outerBoundaryIs>
            </Polygon>
        </Placemark>
        <Placemark id="2726001">
            <name>43714040004.0</name>
            <description>PIN: 43714040004.0&lt;br&gt;Wetland %: 3.32&lt;br&gt;Flood %: 0.00&lt;br&gt;Parcel area (m²): 16830.04</description>
            <styleUrl>#2726006</styleUrl>
            <ExtendedData>
                <Data name="PIN">
                    <value>43714040004.0</value>
                </Data>
                <Data name="Wetland_%">
                    <value>3.32</value>
                </Data>
                <Data name="Flood_%">
                    <value>0.00</value>
                </Data>
                <Data name="Parcel_area_m2">
                    <value>16830.04</value>
                </Data>
            </ExtendedData>
            <Polygon id="2726000">
                <outerBoundaryIs>
                    <LinearRing id="2726004">
                        <coordinates>-79.09554709241246,33.67517704407984,0.0 -79.09564527903831,33.67512306013693,0.0 -79.09569777195318,33.6750910526376,0.0 -79.09578132146555,33.67502979818301,0.0 -79.09584331887282,33.67497680330891,0.0 -79.0959213480714,33.674904983423936,0.0 -79.0959989596766,33.67485205765618,0.0 -79.09606802574544,33.674813947691476,0.0 -79.09612453126165,33.67478629585957,0.0 -79.0962780525325,33.67472045125493,0.0 -79.09636380259163,33.67467125829062,0.0 -79.09725497773906,33.67559869619802,0.0 -79.09645368611464,33.67600146563114,0.0 -79.09554709241246,33.67517704407984,0.0</coordinates>
                    </LinearRing>
                </outerBoundaryIs>
            </Polygon>
        </Placemark>
        <Placemark id="2726015">
            <name>43701040002.0</name>
            <description>PIN: 43701040002.0&lt;br&gt;Wetland %: 0.00&lt;br&gt;Flood %: 23.81&lt;br&gt;Parcel area (m²): 3447.90</description>
            <styleUrl>#2726020</styleUrl>
            <ExtendedData>
                <Data name="PIN">
                    <value>43701040002.0</value>
                </Data>
                <Data name="Wetland_%">
                    <value>0.00</value>
                </Data>
                <Data name="Flood_%">
                    <value>23.81</value>
                </Data>
                <Data name="Parcel_area_m2">
                    <value>3447.90</value>
                </Data>
            </ExtendedData>
            <Polygon id="2726014">
                <outerBoundaryIs>
                    <LinearRing id="2726018">
                        <coordinates>-79.11137280723145,33.69641039281774,0.0 -79.11137504711523,33.69640368794569,0.0 -79.11141121127226,33.69633657081911,0.0 -79.11143374427368,33.69618378202016,0.0 -79.11146086807835,33.69599986618876,0.0 -79.1114728838623,33.69600115007692,0.0 -79.11200548538923,33.69605805321051,0.0 -79.11198580195507,33.69616498549069,0.0 -79.11192656419433,33.69648679228996,0.0 -79.11137280723145,33.69641039281774,0.0</coordinates>
                    </LinearRing>
                </outerBoundaryIs>
            </Polygon>
        </Placemark>
    </Document>
</kml>
