<?xml version="1.0" encoding="UTF-8"?>
<kml xmlns="http://www.opengis.net/kml/2.2" xmlns:gx="http://www.google.com/kml/ext/2.2">
    <Document id="1261201">
        <Style id="1261208">
            <LineStyle id="1261210">
                <color>ffffffff</color>
                <colorMode>normal</colorMode>
                <width>1</width>
            </LineStyle>
            <PolyStyle id="1261209">
                <colorMode>normal</colorMode>
                <fill>0</fill>
                <outline>1</outline>
            </PolyStyle>
        </Style>
        <Style id="1261217">
            <LineStyle id="1261219">
                <color>ffffffff</color>
                <colorMode>normal</colorMode>
                <width>1</width>
            </LineStyle>
            <PolyStyle id="1261218">
                <colorMode>normal</colorMode>
                <fill>0</fill>
                <outline>1</outline>
            </PolyStyle>
        </Style>
        <Style id="1261226">
            <LineStyle id="1261228">
                <color>ffffffff</color>
                <colorMode>normal</colorMode>
                <width>1</width>
            </LineStyle>
            <PolyStyle id="1261227">
                <colorMode>normal</colorMode>
                <fill>0</fill>
                <outline>1</outline>
            </PolyStyle>
        </Style>
        <Style id="1261235">
            <LineStyle id="1261237">
                <color>ffffffff</color>
                <colorMode>normal</colorMode>
                <width>1</width>
            </LineStyle>
            <PolyStyle id="1261236">
                <colorMode>normal</colorMode>
                <fill>0</fill>
                <outline>1</outline>
            </PolyStyle>
        </Style>
        <Style id="1261244">
            <LineStyle id="1261246">
                <color>ffffffff</color>
                <colorMode>normal</colorMode>
                <width>1</width>
            </LineStyle>
            <PolyStyle id="1261245">
                <colorMode>normal</colorMode>
                <fill>0</fill>
                <outline>1</outline>
            </PolyStyle>
        </Style>
        <Style id="1261253">
            <LineStyle id="1261255">
                <color>ffffffff</color>
                <colorMode>normal</colorMode>
                <width>1</width>
            </LineStyle>
            <PolyStyle id="1261254">
                <colorMode>normal</colorMode>
                <fill>0</fill>
                <outline>1</outline>
            </PolyStyle>
        </Style>
        <Style id="1261262">
            <LineStyle id="1261264">
                <color>ffffffff</color>
                <colorMode>normal</colorMode>
                <width>1</width>
            </LineStyle>
            <PolyStyle id="1261263">
                <colorMode>normal</colorMode>
                <fill>0</fill>
                <outline>1</outline>
            </PolyStyle>
        </Style>
        <Style id="1261271">
            <LineStyle id="1261273">
                <color>ffffffff</color>
                <colorMode>normal</colorMode>
                <width>1</width>
            </LineStyle>
            <PolyStyle id="1261272">
                <colorMode>normal</colorMode>
                <fill>0</fill>
                <outline>1</outline>
            </PolyStyle>
        </Style>
        <Style id="1261280">
            <LineStyle id="1261282">
                <color>ffffffff</color>
                <colorMode>normal</colorMode>
                <width>1</width>
            </LineStyle>
            <PolyStyle id="1261281">
                <colorMode>normal</colorMode>
                <fill>0</fill>
                <outline>1</outline>
            </PolyStyle>
        </Style>
        <Style id="1261289">
            <LineStyle id="1261291">
                <color>ffffffff</color>
                <colorMode>normal</colorMode>
                <width>1</width>
            </LineStyle>
            <PolyStyle id="1261290">
                <colorMode>normal</colorMode>
                <fill>0</fill>
                <outline>1</outline>
            </PolyStyle>
        </Style>
        <Style id="1261298">
            <LineStyle id="1261300">
                <color>ffffffff</color>
                <colorMode>normal</colorMode>
                <width>1</width>
            </LineStyle>
            <PolyStyle id="1261299">
                <colorMode>normal</colorMode>
                <fill>0</fill>
                <outline>1</outline>
            </PolyStyle>
        </Style>
        <Style id="1261307">
            <LineStyle id="1261309">
                <color>ffffffff</color>
                <colorMode>normal</colorMode>
                <width>1</width>
            </LineStyle>
            <PolyStyle id="1261308">
                <colorMode>normal</colorMode>
                <fill>0</fill>
                <outline>1</outline>
            </PolyStyle>
        </Style>
        <Style id="1261316">
            <LineStyle id="1261318">
                <color>ffffffff</color>
                <colorMode>normal</colorMode>
                <width>1</width>
            </LineStyle>
            <PolyStyle id="1261317">
                <colorMode>normal</colorMode>
                <fill>0</fill>
                <outline>1</outline>
            </PolyStyle>
        </Style>
        <Style id="1261325">
            <LineStyle id="1261327">
                <color>ffffffff</color>
                <colorMode>normal</colorMode>
                <width>1</width>
            </LineStyle>
            <PolyStyle id="1261326">
                <colorMode>normal</colorMode>
                <fill>0</fill>
                <outline>1</outline>
            </PolyStyle>
        </Style>
        <Style id="1261334">
            <LineStyle id="1261336">
                <color>ffffffff</color>
                <colorMode>normal</colorMode>
                <width>1</width>
            </LineStyle>
            <PolyStyle id="1261335">
                <colorMode>normal</colorMode>
                <fill>0</fill>
                <outline>1</outline>
            </PolyStyle>
        </Style>
        <Style id="1261343">
            <LineStyle id="1261345">
                <color>ffffffff</color>
                <colorMode>normal</colorMode>
                <width>1</width>
            </LineStyle>
            <PolyStyle id="1261344">
                <colorMode>normal</colorMode>
                <fill>0</fill>
                <outline>1</outline>
            </PolyStyle>
        </Style>
        <Style id="1261352">
            <LineStyle id="1261354">
                <color>ffffffff</color>
                <colorMode>normal</colorMode>
                <width>1</width>
            </LineStyle>
            <PolyStyle id="1261353">
                <colorMode>normal</colorMode>
                <fill>0</fill>
                <outline>1</outline>
            </PolyStyle>
        </Style>
        <Style id="1261361">
            <LineStyle id="1261363">
                <color>ffffffff</color>
                <colorMode>normal</colorMode>
                <width>1</width>
            </LineStyle>
            <PolyStyle id="1261362">
                <colorMode>normal</colorMode>
                <fill>0</fill>
                <outline>1</outline>
            </PolyStyle>
        </Style>
        <Style id="1261370">
            <LineStyle id="1261372">
                <color>ffffffff</color>
                <colorMode>normal</colorMode>
                <width>1</width>
            </LineStyle>
            <PolyStyle id="1261371">
                <colorMode>normal</colorMode>
                <fill>0</fill>
                <outline>1</outline>
            </PolyStyle>
        </Style>
        <Style id="1261379">
            <LineStyle id="1261381">
                <color>ffffffff</color>
                <colorMode>normal</colorMode>
                <width>1</width>
            </LineStyle>
            <PolyStyle id="1261380">
                <colorMode>normal</colorMode>
                <fill>0</fill>
                <outline>1</outline>
            </PolyStyle>
        </Style>
        <Style id="1261388">
            <LineStyle id="1261390">
                <color>ffffffff</color>
                <colorMode>normal</colorMode>
                <width>1</width>
            </LineStyle>
            <PolyStyle id="1261389">
                <colorMode>normal</colorMode>
                <fill>0</fill>
                <outline>1</outline>
            </PolyStyle>
        </Style>
        <Style id="1261397">
            <LineStyle id="1261399">
                <color>ffffffff</color>
                <colorMode>normal</colorMode>
                <width>1</width>
            </LineStyle>
            <PolyStyle id="1261398">
                <colorMode>normal</colorMode>
                <fill>0</fill>
                <outline>1</outline>
            </PolyStyle>
        </Style>
        <Style id="1261406">
            <LineStyle id="1261408">
                <color>ffffffff</color>
                <colorMode>normal</colorMode>
                <width>1</width>
            </LineStyle>
            <PolyStyle id="1261407">
                <colorMode>normal</colorMode>
                <fill>0</fill>
                <outline>1</outline>
            </PolyStyle>
        </Style>
        <Style id="1261415">
            <LineStyle id="1261417">
                <color>ffffffff</color>
                <colorMode>normal</colorMode>
                <width>1</width>
            </LineStyle>
            <PolyStyle id="1261416">
                <colorMode>normal</colorMode>
                <fill>0</fill>
                <outline>1</outline>
            </PolyStyle>
        </Style>
        <Style id="1261424">
            <LineStyle id="1261426">
                <color>ffffffff</color>
                <colorMode>normal</colorMode>
                <width>1</width>
            </LineStyle>
            <PolyStyle id="1261425">
                <colorMode>normal</colorMode>
                <fill>0</fill>
                <outline>1</outline>
            </PolyStyle>
        </Style>
        <Style id="1261433">
            <LineStyle id="1261435">
                <color>ffffffff</color>
                <colorMode>normal</colorMode>
                <width>1</width>
            </LineStyle>
            <PolyStyle id="1261434">
                <colorMode>normal</colorMode>
                <fill>0</fill>
                <outline>1</outline>
            </PolyStyle>
        </Style>
        <Style id="1261442">
            <LineStyle id="1261444">
                <color>ffffffff</color>
                <colorMode>normal</colorMode>
                <width>1</width>
            </LineStyle>
            <PolyStyle id="1261443">
                <colorMode>normal</colorMode>
                <fill>0</fill>
                <outline>1</outline>
            </PolyStyle>
        </Style>
        <Style id="1261451">
            <LineStyle id="1261453">
                <color>ffffffff</color>
                <colorMode>normal</colorMode>
                <width>1</width>
            </LineStyle>
            <PolyStyle id="1261452">
                <colorMode>normal</colorMode>
                <fill>0</fill>
                <outline>1</outline>
            </PolyStyle>
        </Style>
        <Style id="1261460">
            <LineStyle id="1261462">
                <color>ffffffff</color>
                <colorMode>normal</colorMode>
                <width>1</width>
            </LineStyle>
            <PolyStyle id="1261461">
                <colorMode>normal</colorMode>
                <fill>0</fill>
                <outline>1</outline>
            </PolyStyle>
        </Style>
        <Style id="1261469">
            <LineStyle id="1261471">
                <color>ffffffff</color>
                <colorMode>normal</colorMode>
                <width>1</width>
            </LineStyle>
            <PolyStyle id="1261470">
                <colorMode>normal</colorMode>
                <fill>0</fill>
                <outline>1</outline>
            </PolyStyle>
        </Style>
        <Style id="1261478">
            <LineStyle id="1261480">
                <color>ffffffff</color>
                <colorMode>normal</colorMode>
                <width>1</width>
            </LineStyle>
            <PolyStyle id="1261479">
                <colorMode>normal</colorMode>
                <fill>0</fill>
                <outline>1</outline>
            </PolyStyle>
        </Style>
        <Style id="1261487">
            <LineStyle id="1261489">
                <color>ffffffff</color>
                <colorMode>normal</colorMode>
                <width>1</width>
            </LineStyle>
            <PolyStyle id="1261488">
                <colorMode>normal</colorMode>
                <fill>0</fill>
                <outline>1</outline>
            </PolyStyle>
        </Style>
        <Style id="1261496">
            <LineStyle id="1261498">
                <color>ffffffff</color>
                <colorMode>normal</colorMode>
                <width>1</width>
            </LineStyle>
            <PolyStyle id="1261497">
                <colorMode>normal</colorMode>
                <fill>0</fill>
                <outline>1</outline>
            </PolyStyle>
        </Style>
        <Style id="1261505">
            <LineStyle id="1261507">
                <color>ffffffff</color>
                <colorMode>normal</colorMode>
                <width>1</width>
            </LineStyle>
            <PolyStyle id="1261506">
                <colorMode>normal</colorMode>
                <fill>0</fill>
                <outline>1</outline>
            </PolyStyle>
        </Style>
        <Style id="1261514">
            <LineStyle id="1261516">
                <color>ffffffff</color>
                <colorMode>normal</colorMode>
                <width>1</width>
            </LineStyle>
            <PolyStyle id="1261515">
                <colorMode>normal</colorMode>
                <fill>0</fill>
                <outline>1</outline>
            </PolyStyle>
        </Style>
        <Style id="1261523">
            <LineStyle id="1261525">
                <color>ffffffff</color>
                <colorMode>normal</colorMode>
                <width>1</width>
            </LineStyle>
            <PolyStyle id="1261524">
                <colorMode>normal</colorMode>
                <fill>0</fill>
                <outline>1</outline>
            </PolyStyle>
        </Style>
        <Style id="1261532">
            <LineStyle id="1261534">
                <color>ffffffff</color>
                <colorMode>normal</colorMode>
                <width>1</width>
            </LineStyle>
            <PolyStyle id="1261533">
                <colorMode>normal</colorMode>
                <fill>0</fill>
                <outline>1</outline>
            </PolyStyle>
        </Style>
        <Style id="1261541">
            <LineStyle id="1261543">
                <color>ffffffff</color>
                <colorMode>normal</colorMode>
                <width>1</width>
            </LineStyle>
            <PolyStyle id="1261542">
                <colorMode>normal</colorMode>
                <fill>0</fill>
                <outline>1</outline>
            </PolyStyle>
        </Style>
        <Style id="1261550">
            <LineStyle id="1261552">
                <color>ffffffff</color>
                <colorMode>normal</colorMode>
                <width>1</width>
            </LineStyle>
            <PolyStyle id="1261551">
                <colorMode>normal</colorMode>
                <fill>0</fill>
                <outline>1</outline>
            </PolyStyle>
        </Style>
        <Style id="1261559">
            <LineStyle id="1261561">
                <color>ffffffff</color>
                <colorMode>normal</colorMode>
                <width>1</width>
            </LineStyle>
            <PolyStyle id="1261560">
                <colorMode>normal</colorMode>
                <fill>0</fill>
                <outline>1</outline>
            </PolyStyle>
        </Style>
        <Style id="1261568">
            <LineStyle id="1261570">
                <color>ffffffff</color>
                <colorMode>normal</colorMode>
                <width>1</width>
            </LineStyle>
            <PolyStyle id="1261569">
                <colorMode>normal</colorMode>
                <fill>0</fill>
                <outline>1</outline>
            </PolyStyle>
        </Style>
        <Style id="1261577">
            <LineStyle id="1261579">
                <color>ffffffff</color>
                <colorMode>normal</colorMode>
                <width>1</width>
            </LineStyle>
            <PolyStyle id="1261578">
                <colorMode>normal</colorMode>
                <fill>0</fill>
                <outline>1</outline>
            </PolyStyle>
        </Style>
        <Style id="1261586">
            <LineStyle id="1261588">
                <color>ffffffff</color>
                <colorMode>normal</colorMode>
                <width>1</width>
            </LineStyle>
            <PolyStyle id="1261587">
                <colorMode>normal</colorMode>
                <fill>0</fill>
                <outline>1</outline>
            </PolyStyle>
        </Style>
        <Style id="1261595">
            <LineStyle id="1261597">
                <color>ffffffff</color>
                <colorMode>normal</colorMode>
                <width>1</width>
            </LineStyle>
            <PolyStyle id="1261596">
                <colorMode>normal</colorMode>
                <fill>0</fill>
                <outline>1</outline>
            </PolyStyle>
        </Style>
        <Style id="1261604">
            <LineStyle id="1261606">
                <color>ffffffff</color>
                <colorMode>normal</colorMode>
                <width>1</width>
            </LineStyle>
            <PolyStyle id="1261605">
                <colorMode>normal</colorMode>
                <fill>0</fill>
                <outline>1</outline>
            </PolyStyle>
        </Style>
        <Style id="1261613">
            <LineStyle id="1261615">
                <color>ffffffff</color>
                <colorMode>normal</colorMode>
                <width>1</width>
            </LineStyle>
            <PolyStyle id="1261614">
                <colorMode>normal</colorMode>
                <fill>0</fill>
                <outline>1</outline>
            </PolyStyle>
        </Style>
        <Style id="1261622">
            <LineStyle id="1261624">
                <color>ffffffff</color>
                <colorMode>normal</colorMode>
                <width>1</width>
            </LineStyle>
            <PolyStyle id="1261623">
                <colorMode>normal</colorMode>
                <fill>0</fill>
                <outline>1</outline>
            </PolyStyle>
        </Style>
        <Style id="1261631">
            <LineStyle id="1261633">
                <color>ffffffff</color>
                <colorMode>normal</colorMode>
                <width>1</width>
            </LineStyle>
            <PolyStyle id="1261632">
                <colorMode>normal</colorMode>
                <fill>0</fill>
                <outline>1</outline>
            </PolyStyle>
        </Style>
        <Style id="1261640">
            <LineStyle id="1261642">
                <color>ffffffff</color>
                <colorMode>normal</colorMode>
                <width>1</width>
            </LineStyle>
            <PolyStyle id="1261641">
                <colorMode>normal</colorMode>
                <fill>0</fill>
                <outline>1</outline>
            </PolyStyle>
        </Style>
        <Style id="1261649">
            <LineStyle id="1261651">
                <color>ffffffff</color>
                <colorMode>normal</colorMode>
                <width>1</width>
            </LineStyle>
            <PolyStyle id="1261650">
                <colorMode>normal</colorMode>
                <fill>0</fill>
                <outline>1</outline>
            </PolyStyle>
        </Style>
        <Style id="1261658">
            <LineStyle id="1261660">
                <color>ffffffff</color>
                <colorMode>normal</colorMode>
                <width>1</width>
            </LineStyle>
            <PolyStyle id="1261659">
                <colorMode>normal</colorMode>
                <fill>0</fill>
                <outline>1</outline>
            </PolyStyle>
        </Style>
        <Style id="1261667">
            <LineStyle id="1261669">
                <color>ffffffff</color>
                <colorMode>normal</colorMode>
                <width>1</width>
            </LineStyle>
            <PolyStyle id="1261668">
                <colorMode>normal</colorMode>
                <fill>0</fill>
                <outline>1</outline>
            </PolyStyle>
        </Style>
        <Style id="1261676">
            <LineStyle id="1261678">
                <color>ffffffff</color>
                <colorMode>normal</colorMode>
                <width>1</width>
            </LineStyle>
            <PolyStyle id="1261677">
                <colorMode>normal</colorMode>
                <fill>0</fill>
                <outline>1</outline>
            </PolyStyle>
        </Style>
        <Style id="1261685">
            <LineStyle id="1261687">
                <color>ffffffff</color>
                <colorMode>normal</colorMode>
                <width>1</width>
            </LineStyle>
            <PolyStyle id="1261686">
                <colorMode>normal</colorMode>
                <fill>0</fill>
                <outline>1</outline>
            </PolyStyle>
        </Style>
        <Style id="1261694">
            <LineStyle id="1261696">
                <color>ffffffff</color>
                <colorMode>normal</colorMode>
                <width>1</width>
            </LineStyle>
            <PolyStyle id="1261695">
                <colorMode>normal</colorMode>
                <fill>0</fill>
                <outline>1</outline>
            </PolyStyle>
        </Style>
        <Style id="1261703">
            <LineStyle id="1261705">
                <color>ffffffff</color>
                <colorMode>normal</colorMode>
                <width>1</width>
            </LineStyle>
            <PolyStyle id="1261704">
                <colorMode>normal</colorMode>
                <fill>0</fill>
                <outline>1</outline>
            </PolyStyle>
        </Style>
        <Style id="1261712">
            <LineStyle id="1261714">
                <color>ffffffff</color>
                <colorMode>normal</colorMode>
                <width>1</width>
            </LineStyle>
            <PolyStyle id="1261713">
                <colorMode>normal</colorMode>
                <fill>0</fill>
                <outline>1</outline>
            </PolyStyle>
        </Style>
        <Style id="1261721">
            <LineStyle id="1261723">
                <color>ffffffff</color>
                <colorMode>normal</colorMode>
                <width>1</width>
            </LineStyle>
            <PolyStyle id="1261722">
                <colorMode>normal</colorMode>
                <fill>0</fill>
                <outline>1</outline>
            </PolyStyle>
        </Style>
        <Style id="1261730">
            <LineStyle id="1261732">
                <color>ffffffff</color>
                <colorMode>normal</colorMode>
                <width>1</width>
            </LineStyle>
            <PolyStyle id="1261731">
                <colorMode>normal</colorMode>
                <fill>0</fill>
                <outline>1</outline>
            </PolyStyle>
        </Style>
        <Style id="1261739">
            <LineStyle id="1261741">
                <color>ffffffff</color>
                <colorMode>normal</colorMode>
                <width>1</width>
            </LineStyle>
            <PolyStyle id="1261740">
                <colorMode>normal</colorMode>
                <fill>0</fill>
                <outline>1</outline>
            </PolyStyle>
        </Style>
        <Style id="1261748">
            <LineStyle id="1261750">
                <color>ffffffff</color>
                <colorMode>normal</colorMode>
                <width>1</width>
            </LineStyle>
            <PolyStyle id="1261749">
                <colorMode>normal</colorMode>
                <fill>0</fill>
                <outline>1</outline>
            </PolyStyle>
        </Style>
        <Style id="1261757">
            <LineStyle id="1261759">
                <color>ffffffff</color>
                <colorMode>normal</colorMode>
                <width>1</width>
            </LineStyle>
            <PolyStyle id="1261758">
                <colorMode>normal</colorMode>
                <fill>0</fill>
                <outline>1</outline>
            </PolyStyle>
        </Style>
        <Style id="1261766">
            <LineStyle id="1261768">
                <color>ffffffff</color>
                <colorMode>normal</colorMode>
                <width>1</width>
            </LineStyle>
            <PolyStyle id="1261767">
                <colorMode>normal</colorMode>
                <fill>0</fill>
                <outline>1</outline>
            </PolyStyle>
        </Style>
        <Style id="1261775">
            <LineStyle id="1261777">
                <color>ffffffff</color>
                <colorMode>normal</colorMode>
                <width>1</width>
            </LineStyle>
            <PolyStyle id="1261776">
                <colorMode>normal</colorMode>
                <fill>0</fill>
                <outline>1</outline>
            </PolyStyle>
        </Style>
        <Style id="1261784">
            <LineStyle id="1261786">
                <color>ffffffff</color>
                <colorMode>normal</colorMode>
                <width>1</width>
            </LineStyle>
            <PolyStyle id="1261785">
                <colorMode>normal</colorMode>
                <fill>0</fill>
                <outline>1</outline>
            </PolyStyle>
        </Style>
        <Style id="1261793">
            <LineStyle id="1261795">
                <color>ffffffff</color>
                <colorMode>normal</colorMode>
                <width>1</width>
            </LineStyle>
            <PolyStyle id="1261794">
                <colorMode>normal</colorMode>
                <fill>0</fill>
                <outline>1</outline>
            </PolyStyle>
        </Style>
        <Style id="1261802">
            <LineStyle id="1261804">
                <color>ffffffff</color>
                <colorMode>normal</colorMode>
                <width>1</width>
            </LineStyle>
            <PolyStyle id="1261803">
                <colorMode>normal</colorMode>
                <fill>0</fill>
                <outline>1</outline>
            </PolyStyle>
        </Style>
        <Style id="1261811">
            <LineStyle id="1261813">
                <color>ffffffff</color>
                <colorMode>normal</colorMode>
                <width>1</width>
            </LineStyle>
            <PolyStyle id="1261812">
                <colorMode>normal</colorMode>
                <fill>0</fill>
                <outline>1</outline>
            </PolyStyle>
        </Style>
        <Style id="1261820">
            <LineStyle id="1261822">
                <color>ffffffff</color>
                <colorMode>normal</colorMode>
                <width>1</width>
            </LineStyle>
            <PolyStyle id="1261821">
                <colorMode>normal</colorMode>
                <fill>0</fill>
                <outline>1</outline>
            </PolyStyle>
        </Style>
        <Style id="1261829">
            <LineStyle id="1261831">
                <color>ffffffff</color>
                <colorMode>normal</colorMode>
                <width>1</width>
            </LineStyle>
            <PolyStyle id="1261830">
                <colorMode>normal</colorMode>
                <fill>0</fill>
                <outline>1</outline>
            </PolyStyle>
        </Style>
        <Style id="1261838">
            <LineStyle id="1261840">
                <color>ffffffff</color>
                <colorMode>normal</colorMode>
                <width>1</width>
            </LineStyle>
            <PolyStyle id="1261839">
                <colorMode>normal</colorMode>
                <fill>0</fill>
                <outline>1</outline>
            </PolyStyle>
        </Style>
        <Style id="1261847">
            <LineStyle id="1261849">
                <color>ffffffff</color>
                <colorMode>normal</colorMode>
                <width>1</width>
            </LineStyle>
            <PolyStyle id="1261848">
                <colorMode>normal</colorMode>
                <fill>0</fill>
                <outline>1</outline>
            </PolyStyle>
        </Style>
        <Style id="1261856">
            <LineStyle id="1261858">
                <color>ffffffff</color>
                <colorMode>normal</colorMode>
                <width>1</width>
            </LineStyle>
            <PolyStyle id="1261857">
                <colorMode>normal</colorMode>
                <fill>0</fill>
                <outline>1</outline>
            </PolyStyle>
        </Style>
        <Style id="1261865">
            <LineStyle id="1261867">
                <color>ffffffff</color>
                <colorMode>normal</colorMode>
                <width>1</width>
            </LineStyle>
            <PolyStyle id="1261866">
                <colorMode>normal</colorMode>
                <fill>0</fill>
                <outline>1</outline>
            </PolyStyle>
        </Style>
        <Style id="1261874">
            <LineStyle id="1261876">
                <color>ffffffff</color>
                <colorMode>normal</colorMode>
                <width>1</width>
            </LineStyle>
            <PolyStyle id="1261875">
                <colorMode>normal</colorMode>
                <fill>0</fill>
                <outline>1</outline>
            </PolyStyle>
        </Style>
        <Style id="1261883">
            <LineStyle id="1261885">
                <color>ffffffff</color>
                <colorMode>normal</colorMode>
                <width>1</width>
            </LineStyle>
            <PolyStyle id="1261884">
                <colorMode>normal</colorMode>
                <fill>0</fill>
                <outline>1</outline>
            </PolyStyle>
        </Style>
        <Style id="1261892">
            <LineStyle id="1261894">
                <color>ffffffff</color>
                <colorMode>normal</colorMode>
                <width>1</width>
            </LineStyle>
            <PolyStyle id="1261893">
                <colorMode>normal</colorMode>
                <fill>0</fill>
                <outline>1</outline>
            </PolyStyle>
        </Style>
        <Style id="1261901">
            <LineStyle id="1261903">
                <color>ffffffff</color>
                <colorMode>normal</colorMode>
                <width>1</width>
            </LineStyle>
            <PolyStyle id="1261902">
                <colorMode>normal</colorMode>
                <fill>0</fill>
                <outline>1</outline>
            </PolyStyle>
        </Style>
        <Style id="1261910">
            <LineStyle id="1261912">
                <color>ffffffff</color>
                <colorMode>normal</colorMode>
                <width>1</width>
            </LineStyle>
            <PolyStyle id="1261911">
                <colorMode>normal</colorMode>
                <fill>0</fill>
                <outline>1</outline>
            </PolyStyle>
        </Style>
        <Style id="1261919">
            <LineStyle id="1261921">
                <color>ffffffff</color>
                <colorMode>normal</colorMode>
                <width>1</width>
            </LineStyle>
            <PolyStyle id="1261920">
                <colorMode>normal</colorMode>
                <fill>0</fill>
                <outline>1</outline>
            </PolyStyle>
        </Style>
        <Style id="1261928">
            <LineStyle id="1261930">
                <color>ffffffff</color>
                <colorMode>normal</colorMode>
                <width>1</width>
            </LineStyle>
            <PolyStyle id="1261929">
                <colorMode>normal</colorMode>
                <fill>0</fill>
                <outline>1</outline>
            </PolyStyle>
        </Style>
        <Style id="1261937">
            <LineStyle id="1261939">
                <color>ffffffff</color>
                <colorMode>normal</colorMode>
                <width>1</width>
            </LineStyle>
            <PolyStyle id="1261938">
                <colorMode>normal</colorMode>
                <fill>0</fill>
                <outline>1</outline>
            </PolyStyle>
        </Style>
        <Style id="1261946">
            <LineStyle id="1261948">
                <color>ffffffff</color>
                <colorMode>normal</colorMode>
                <width>1</width>
            </LineStyle>
            <PolyStyle id="1261947">
                <colorMode>normal</colorMode>
                <fill>0</fill>
                <outline>1</outline>
            </PolyStyle>
        </Style>
        <Style id="1261955">
            <LineStyle id="1261957">
                <color>ffffffff</color>
                <colorMode>normal</colorMode>
                <width>1</width>
            </LineStyle>
            <PolyStyle id="1261956">
                <colorMode>normal</colorMode>
                <fill>0</fill>
                <outline>1</outline>
            </PolyStyle>
        </Style>
        <Style id="1261964">
            <LineStyle id="1261966">
                <color>ffffffff</color>
                <colorMode>normal</colorMode>
                <width>1</width>
            </LineStyle>
            <PolyStyle id="1261965">
                <colorMode>normal</colorMode>
                <fill>0</fill>
                <outline>1</outline>
            </PolyStyle>
        </Style>
        <Style id="1261973">
            <LineStyle id="1261975">
                <color>ffffffff</color>
                <colorMode>normal</colorMode>
                <width>1</width>
            </LineStyle>
            <PolyStyle id="1261974">
                <colorMode>normal</colorMode>
                <fill>0</fill>
                <outline>1</outline>
            </PolyStyle>
        </Style>
        <Style id="1261982">
            <LineStyle id="1261984">
                <color>ffffffff</color>
                <colorMode>normal</colorMode>
                <width>1</width>
            </LineStyle>
            <PolyStyle id="1261983">
                <colorMode>normal</colorMode>
                <fill>0</fill>
                <outline>1</outline>
            </PolyStyle>
        </Style>
        <Style id="1261991">
            <LineStyle id="1261993">
                <color>ffffffff</color>
                <colorMode>normal</colorMode>
                <width>1</width>
            </LineStyle>
            <PolyStyle id="1261992">
                <colorMode>normal</colorMode>
                <fill>0</fill>
                <outline>1</outline>
            </PolyStyle>
        </Style>
        <Style id="1262000">
            <LineStyle id="1262002">
                <color>ffffffff</color>
                <colorMode>normal</colorMode>
                <width>1</width>
            </LineStyle>
            <PolyStyle id="1262001">
                <colorMode>normal</colorMode>
                <fill>0</fill>
                <outline>1</outline>
            </PolyStyle>
        </Style>
        <Style id="1262009">
            <LineStyle id="1262011">
                <color>ffffffff</color>
                <colorMode>normal</colorMode>
                <width>1</width>
            </LineStyle>
            <PolyStyle id="1262010">
                <colorMode>normal</colorMode>
                <fill>0</fill>
                <outline>1</outline>
            </PolyStyle>
        </Style>
        <Style id="1262018">
            <LineStyle id="1262020">
                <color>ffffffff</color>
                <colorMode>normal</colorMode>
                <width>1</width>
            </LineStyle>
            <PolyStyle id="1262019">
                <colorMode>normal</colorMode>
                <fill>0</fill>
                <outline>1</outline>
            </PolyStyle>
        </Style>
        <Style id="1262027">
            <LineStyle id="1262029">
                <color>ffffffff</color>
                <colorMode>normal</colorMode>
                <width>1</width>
            </LineStyle>
            <PolyStyle id="1262028">
                <colorMode>normal</colorMode>
                <fill>0</fill>
                <outline>1</outline>
            </PolyStyle>
        </Style>
        <Style id="1262036">
            <LineStyle id="1262038">
                <color>ffffffff</color>
                <colorMode>normal</colorMode>
                <width>1</width>
            </LineStyle>
            <PolyStyle id="1262037">
                <colorMode>normal</colorMode>
                <fill>0</fill>
                <outline>1</outline>
            </PolyStyle>
        </Style>
        <Style id="1262045">
            <LineStyle id="1262047">
                <color>ffffffff</color>
                <colorMode>normal</colorMode>
                <width>1</width>
            </LineStyle>
            <PolyStyle id="1262046">
                <colorMode>normal</colorMode>
                <fill>0</fill>
                <outline>1</outline>
            </PolyStyle>
        </Style>
        <Style id="1262054">
            <LineStyle id="1262056">
                <color>ffffffff</color>
                <colorMode>normal</colorMode>
                <width>1</width>
            </LineStyle>
            <PolyStyle id="1262055">
                <colorMode>normal</colorMode>
                <fill>0</fill>
                <outline>1</outline>
            </PolyStyle>
        </Style>
        <Style id="1262063">
            <LineStyle id="1262065">
                <color>ffffffff</color>
                <colorMode>normal</colorMode>
                <width>1</width>
            </LineStyle>
            <PolyStyle id="1262064">
                <colorMode>normal</colorMode>
                <fill>0</fill>
                <outline>1</outline>
            </PolyStyle>
        </Style>
        <Style id="1262072">
            <LineStyle id="1262074">
                <color>ffffffff</color>
                <colorMode>normal</colorMode>
                <width>1</width>
            </LineStyle>
            <PolyStyle id="1262073">
                <colorMode>normal</colorMode>
                <fill>0</fill>
                <outline>1</outline>
            </PolyStyle>
        </Style>
        <Style id="1262081">
            <LineStyle id="1262083">
                <color>ffffffff</color>
                <colorMode>normal</colorMode>
                <width>1</width>
            </LineStyle>
            <PolyStyle id="1262082">
                <colorMode>normal</colorMode>
                <fill>0</fill>
                <outline>1</outline>
            </PolyStyle>
        </Style>
        <Style id="1262090">
            <LineStyle id="1262092">
                <color>ffffffff</color>
                <colorMode>normal</colorMode>
                <width>1</width>
            </LineStyle>
            <PolyStyle id="1262091">
                <colorMode>normal</colorMode>
                <fill>0</fill>
                <outline>1</outline>
            </PolyStyle>
        </Style>
        <Style id="1262099">
            <LineStyle id="1262101">
                <color>ffffffff</color>
                <colorMode>normal</colorMode>
                <width>1</width>
            </LineStyle>
            <PolyStyle id="1262100">
                <colorMode>normal</colorMode>
                <fill>0</fill>
                <outline>1</outline>
            </PolyStyle>
        </Style>
        <Placemark id="1261203">
            <name>Parcel_137400</name>
            <styleUrl>#1261208</styleUrl>
            <Polygon id="1261202">
                <outerBoundaryIs>
                    <LinearRing id="1261206">
                        <coordinates>-79.0781110673823,33.577158330670265,0.0 -79.0781107879938,33.577060045252765,0.0 -79.07812595123687,33.57700581530359,0.0 -79.07809932256161,33.57691089969269,0.0 -79.07816522206176,33.576760941791484,0.0 -79.0781676416708,33.57675543617027,0.0 -79.07817432216595,33.57671344509101,0.0 -79.07821686520552,33.57664640997926,0.0 -79.07818406845581,33.576570472470124,0.0 -79.07817842506061,33.5765574454688,0.0 -79.07815829419795,33.57651096477409,0.0 -79.07806908004807,33.57644500011637,0.0 -79.07805408807391,33.57643391464429,0.0 -79.07801156343011,33.57638926706779,0.0 -79.07792002815431,33.576296262245876,0.0 -79.07782500153208,33.57632347594141,0.0 -79.07776610647073,33.576387334045876,0.0 -79.07776715673492,33.57652480700123,0.0 -79.07768299499293,33.57665424995058,0.0 -79.077713895054,33.57674167125698,0.0 -79.07765396506865,33.576815135030934,0.0 -79.0776524427412,33.576735903451315,0.0 -79.07765307640864,33.576707391448224,0.0 -79.07763738860865,33.57663738795336,0.0 -79.07767604554488,33.576523559680666,0.0 -79.07772525800968,33.57637810798021,0.0 -79.07775293523297,33.5762410841365,0.0 -79.07782536735995,33.57615922315047,0.0 -79.07786565032949,33.57608304703542,0.0 -79.07788113035855,33.576014560655004,0.0 -79.07794671789075,33.57594496396351,0.0 -79.07799062090224,33.57589066647286,0.0 -79.07799138195759,33.57611507238243,0.0 -79.07794684972832,33.57612382952762,0.0 -79.07797037827523,33.576247390159885,0.0 -79.07801029544412,33.57629852626078,0.0 -79.07809234368074,33.576338119588684,0.0 -79.07820348117795,33.57642677093871,0.0 -79.07823514223668,33.57645202550866,0.0 -79.07826414125442,33.5764815742295,0.0 -79.07827127353904,33.57648884120109,0.0 -79.07830833867453,33.57659439971188,0.0 -79.07843550821435,33.576672666593225,0.0 -79.07836347800776,33.57673649189292,0.0 -79.07848251771463,33.576848137225596,0.0 -79.07834671532592,33.57678880832329,0.0 -79.07825904801676,33.57674345814702,0.0 -79.07824044749204,33.5768239304985,0.0 -79.07823815387631,33.576833853050495,0.0 -79.07822139602315,33.576885996368475,0.0 -79.078176485103,33.576985641031996,0.0 -79.07821466258,33.57711509829276,0.0 -79.07823383704036,33.577249930185644,0.0 -79.0781157520036,33.577206168231676,0.0 -79.0781110673823,33.577158330670265,0.0</coordinates>
                    </LinearRing>
                </outerBoundaryIs>
            </Polygon>
        </Placemark>
        <Placemark id="1261212">
            <name>Parcel_137401</name>
            <styleUrl>#1261217</styleUrl>
            <Polygon id="1261211">
                <outerBoundaryIs>
                    <LinearRing id="1261215">
                        <coordinates>-79.07894429797409,33.57712868835182,0.0 -79.07957818496105,33.57653632654018,0.0 -79.07960817168782,33.576553974851244,0.0 -79.07963730440608,33.57657315578525,0.0 -79.07966475848528,33.57659402968692,0.0 -79.07969135912931,33.57661626485456,0.0 -79.07971546909009,33.576639834919646,0.0 -79.0797370840381,33.57666474071832,0.0 -79.07975785744513,33.57669066613774,0.0 -79.07977614075801,33.576717754197915,0.0 -79.07979193885531,33.576745833608356,0.0 -79.07980608009102,33.576774576323224,0.0 -79.07981773991064,33.57680413908171,0.0 -79.07920901918901,33.57737249454572,0.0 -79.07894429797409,33.57712868835182,0.0</coordinates>
                    </LinearRing>
                </outerBoundaryIs>
            </Polygon>
        </Placemark>
        <Placemark id="1261221">
            <name>Parcel_137402</name>
            <styleUrl>#1261226</styleUrl>
            <Polygon id="1261220">
                <outerBoundaryIs>
                    <LinearRing id="1261224">
                        <coordinates>-79.07801810935848,33.57724021590457,0.0 -79.0781110673823,33.577158330670265,0.0 -79.0781157520036,33.577206168231676,0.0 -79.07823383704036,33.577249930185644,0.0 -79.07821466258,33.57711509829276,0.0 -79.078176485103,33.576985641031996,0.0 -79.07822139602315,33.576885996368475,0.0 -79.07823815387631,33.576833853050495,0.0 -79.07824044749204,33.5768239304985,0.0 -79.07825904801676,33.57674345814702,0.0 -79.07834671532592,33.57678880832329,0.0 -79.07848251771463,33.576848137225596,0.0 -79.07856534411445,33.57677880943017,0.0 -79.07894429797409,33.57712868835182,0.0 -79.07840300731684,33.57750737251426,0.0 -79.07834248169725,33.57745986715012,0.0 -79.07828028785026,33.57741353806518,0.0 -79.07821642573595,33.57736838706013,0.0 -79.07815171513215,33.57732442418843,0.0 -79.07808533735727,33.57728163850748,0.0 -79.07801810935848,33.57724021590457,0.0</coordinates>
                    </LinearRing>
                </outerBoundaryIs>
            </Polygon>
        </Placemark>
        <Placemark id="1261230">
            <name>Parcel_137403</name>
            <styleUrl>#1261235</styleUrl>
            <Polygon id="1261229">
                <outerBoundaryIs>
                    <LinearRing id="1261233">
                        <coordinates>-79.07619089248533,33.577660543673964,0.0 -79.07632513855745,33.577531367132984,0.0 -79.07646104875747,33.57740118456582,0.0 -79.07669312695006,33.57748796051752,0.0 -79.07701477537623,33.57760843402598,0.0 -79.07739214735004,33.57777083866417,0.0 -79.07774061725338,33.57797763627401,0.0 -79.07786901769104,33.5780744792598,0.0 -79.07749041147537,33.57822614286568,0.0 -79.07748627586014,33.578227452109445,0.0 -79.07713166822042,33.578333611463734,0.0 -79.07666258908013,33.57845516834062,0.0 -79.07646128594361,33.57842436880986,0.0 -79.07629749664179,33.57796202951286,0.0 -79.07619089248533,33.577660543673964,0.0</coordinates>
                    </LinearRing>
                </outerBoundaryIs>
            </Polygon>
        </Placemark>
        <Placemark id="1261239">
            <name>Parcel_137404</name>
            <styleUrl>#1261244</styleUrl>
            <Polygon id="1261238">
                <outerBoundaryIs>
                    <LinearRing id="1261242">
                        <coordinates>-79.07646104875747,33.57740118456582,0.0 -79.07605325590382,33.57679775840067,0.0 -79.07609866783376,33.57678643881302,0.0 -79.07614485743106,33.57677702178264,0.0 -79.0761909962889,33.57676983713455,0.0 -79.07623873686099,33.57676456698168,0.0 -79.07628560970097,33.576761346013264,0.0 -79.076333257508,33.57676019802337,0.0 -79.07638085837897,33.57676111200802,0.0 -79.0764275898926,33.57676424561847,0.0 -79.07647510125034,33.57676928181678,0.0 -79.07652174112334,33.576776536706376,0.0 -79.07656751709366,33.57678566947511,0.0 -79.0766132494159,33.57679686246707,0.0 -79.07665811403199,33.57681010464764,0.0 -79.07670211970027,33.57682505071331,0.0 -79.07683563704768,33.57687627082508,0.0 -79.07669312695006,33.57748796051752,0.0 -79.07646104875747,33.57740118456582,0.0</coordinates>
                    </LinearRing>
                </outerBoundaryIs>
            </Polygon>
        </Placemark>
        <Placemark id="1261248">
            <name>Parcel_137405</name>
            <styleUrl>#1261253</styleUrl>
            <Polygon id="1261247">
                <outerBoundaryIs>
                    <LinearRing id="1261251">
                        <coordinates>-78.97075944442561,33.68027416627069,0.0 -78.97095348298811,33.679987996462586,0.0 -78.97113815297635,33.68007529146297,0.0 -78.9709452345362,33.680362477481644,0.0 -78.97076685741077,33.68027769008503,0.0 -78.97075944442561,33.68027416627069,0.0</coordinates>
                    </LinearRing>
                </outerBoundaryIs>
            </Polygon>
        </Placemark>
        <Placemark id="1261257">
            <name>Parcel_137406</name>
            <styleUrl>#1261262</styleUrl>
            <Polygon id="1261256">
                <outerBoundaryIs>
                    <LinearRing id="1261260">
                        <coordinates>-78.9709452345362,33.680362477481644,0.0 -78.97113815297635,33.68007529146297,0.0 -78.97132487203372,33.6801642405944,0.0 -78.9711313693568,33.68045091853155,0.0 -78.97102414586051,33.68039997125905,0.0 -78.9709452345362,33.680362477481644,0.0</coordinates>
                    </LinearRing>
                </outerBoundaryIs>
            </Polygon>
        </Placemark>
        <Placemark id="1261266">
            <name>Parcel_137407</name>
            <styleUrl>#1261271</styleUrl>
            <Polygon id="1261265">
                <outerBoundaryIs>
                    <LinearRing id="1261269">
                        <coordinates>-78.97200877239777,33.68126460237673,0.0 -78.97221027724609,33.680963428580014,0.0 -78.97224617352893,33.680980485963694,0.0 -78.9724319675463,33.68106871196579,0.0 -78.97263069703881,33.68116315585711,0.0 -78.97218300543965,33.68130173639288,0.0 -78.97210846675411,33.68132517247634,0.0 -78.97210210229053,33.68131613255939,0.0 -78.97209407812586,33.68130775449256,0.0 -78.97208522015387,33.68129987594776,0.0 -78.97207634599293,33.68129268711913,0.0 -78.97206581115864,33.68128615561423,0.0 -78.97205526339167,33.68128031297674,0.0 -78.97204469518505,33.68127515727961,0.0 -78.97203246547656,33.681270832064016,0.0 -78.97202103842281,33.6812673804652,0.0 -78.97200877239777,33.68126460237673,0.0</coordinates>
                    </LinearRing>
                </outerBoundaryIs>
            </Polygon>
        </Placemark>
        <Placemark id="1261275">
            <name>Parcel_137408</name>
            <styleUrl>#1261280</styleUrl>
            <Polygon id="1261274">
                <outerBoundaryIs>
                    <LinearRing id="1261278">
                        <coordinates>-78.96958995270424,33.679665789897825,0.0 -78.9695982751622,33.67966145931082,0.0 -78.96960660971855,33.6796566139151,0.0 -78.9696149696143,33.679650736215464,0.0 -78.96962251365355,33.67964450237665,0.0 -78.96963006787935,33.67963792686998,0.0 -78.9696367902085,33.6796316777283,0.0 -78.96964269985322,33.67962507520562,0.0 -78.96964863778445,33.67961726905943,0.0 -78.9696537630948,33.67960910682761,0.0 -78.96965889220587,33.679600599215604,0.0 -78.96992646521188,33.67980830381065,0.0 -78.9698866737743,33.679859623552275,0.0 -78.96986455175265,33.67989931348338,0.0 -78.96977125297137,33.68006670236564,0.0 -78.96958995270424,33.679665789897825,0.0</coordinates>
                    </LinearRing>
                </outerBoundaryIs>
            </Polygon>
        </Placemark>
        <Placemark id="1261284">
            <name>Parcel_137409</name>
            <styleUrl>#1261289</styleUrl>
            <Polygon id="1261283">
                <outerBoundaryIs>
                    <LinearRing id="1261287">
                        <coordinates>-78.97081917283839,33.6807062462477,0.0 -78.97102414586051,33.68039997125905,0.0 -78.9711313693568,33.68045091853155,0.0 -78.9712809922168,33.68052195149701,0.0 -78.97107437910317,33.68083088233701,0.0 -78.97081917283839,33.6807062462477,0.0</coordinates>
                    </LinearRing>
                </outerBoundaryIs>
            </Polygon>
        </Placemark>
        <Placemark id="1261293">
            <name>Parcel_137410</name>
            <styleUrl>#1261298</styleUrl>
            <Polygon id="1261292">
                <outerBoundaryIs>
                    <LinearRing id="1261296">
                        <coordinates>-78.9686304464778,33.6790428083484,0.0 -78.96873766883354,33.67897607547763,0.0 -78.9688189925259,33.678925462977055,0.0 -78.96881904508942,33.678925521564956,0.0 -78.96909863554322,33.67923417929637,0.0 -78.96890849814687,33.67934926754652,0.0 -78.9686304464778,33.6790428083484,0.0</coordinates>
                    </LinearRing>
                </outerBoundaryIs>
            </Polygon>
        </Placemark>
        <Placemark id="1261302">
            <name>Parcel_137411</name>
            <styleUrl>#1261307</styleUrl>
            <Polygon id="1261301">
                <outerBoundaryIs>
                    <LinearRing id="1261305">
                        <coordinates>-78.97006330728398,33.67914779788951,0.0 -78.97007093007069,33.67913830120188,0.0 -78.97007691635748,33.67912843399838,0.0 -78.97008291071414,33.679118223288576,0.0 -78.9700864196658,33.679108830405454,0.0 -78.97008992749588,33.679099439307635,0.0 -78.97009179999083,33.67908967410588,0.0 -78.97009367455738,33.67907991254589,0.0 -78.9700938036544,33.679074418252775,0.0 -78.97009400143084,33.679066001002894,0.0 -78.97009419918604,33.67905758465459,0.0 -78.97009281395393,33.67904656637208,0.0 -78.97008978932139,33.67903534709107,0.0 -78.9705470367914,33.67900793449569,0.0 -78.97043348181572,33.679154398207,0.0 -78.97029914995171,33.679327699643245,0.0 -78.97022249579011,33.67942653075452,0.0 -78.97011069509844,33.679230191665695,0.0 -78.97006330728398,33.67914779788951,0.0</coordinates>
                    </LinearRing>
                </outerBoundaryIs>
            </Polygon>
        </Placemark>
        <Placemark id="1261311">
            <name>Parcel_137412</name>
            <styleUrl>#1261316</styleUrl>
            <Polygon id="1261310">
                <outerBoundaryIs>
                    <LinearRing id="1261314">
                        <coordinates>-78.97107437910317,33.68083088233701,0.0 -78.9712809922168,33.68052195149701,0.0 -78.9713172107257,33.68053914612951,0.0 -78.97147097427188,33.68061216343854,0.0 -78.97127351767429,33.680927622477064,0.0 -78.97125888325523,33.68092068087688,0.0 -78.97107437910317,33.68083088233701,0.0</coordinates>
                    </LinearRing>
                </outerBoundaryIs>
            </Polygon>
        </Placemark>
        <Placemark id="1261320">
            <name>Parcel_137413</name>
            <styleUrl>#1261325</styleUrl>
            <Polygon id="1261319">
                <outerBoundaryIs>
                    <LinearRing id="1261323">
                        <coordinates>-78.9698866737743,33.679859623552275,0.0 -78.96992646521188,33.67980830381065,0.0 -78.97009121321663,33.6795958251275,0.0 -78.97016476889519,33.679500959542295,0.0 -78.9704322820627,33.679628589763524,0.0 -78.97043212142462,33.67962904440858,0.0 -78.97043030675246,33.67963437483069,0.0 -78.97042873816633,33.67963979227198,0.0 -78.97042741966766,33.67964517233058,0.0 -78.97042639580485,33.67965063930364,0.0 -78.97042557142721,33.67965611045426,0.0 -78.97042504479545,33.67966162798311,0.0 -78.97042481677995,33.67966710892624,0.0 -78.97042478621815,33.67967263460083,0.0 -78.97042505329837,33.679678165162834,0.0 -78.97042556949208,33.67968369981533,0.0 -78.97042638538065,33.67968919789979,0.0 -78.97042744920032,33.679694658566234,0.0 -78.97042881271497,33.67970008266458,0.0 -78.97043047592463,33.67970547019487,0.0 -78.97043228982137,33.67971073483002,0.0 -78.97043435281066,33.67971600445724,0.0 -78.97043676707197,33.67972115448305,0.0 -78.97043933102489,33.679726223988446,0.0 -78.97044219564737,33.67973121545251,0.0 -78.97044531133244,33.679736128060696,0.0 -78.97044593682057,33.6797370105058,0.0 -78.97003633829365,33.679930680395586,0.0 -78.9698866737743,33.679859623552275,0.0</coordinates>
                    </LinearRing>
                </outerBoundaryIs>
            </Polygon>
        </Placemark>
        <Placemark id="1261329">
            <name>Parcel_137414</name>
            <styleUrl>#1261334</styleUrl>
            <Polygon id="1261328">
                <outerBoundaryIs>
                    <LinearRing id="1261332">
                        <coordinates>-78.97151852543112,33.67987320216063,0.0 -78.97152213081895,33.6798720563412,0.0 -78.97152608246166,33.679870958595366,0.0 -78.97153017915623,33.67987006977377,0.0 -78.9715343681226,33.67986943230314,0.0 -78.97154354594699,33.679868045119505,0.0 -78.97155258555667,33.679866157797,0.0 -78.97156153376318,33.67986393615866,0.0 -78.9715703438594,33.679861255872424,0.0 -78.9715789156995,33.679858154980124,0.0 -78.97158724816273,33.67985463526726,0.0 -78.97159544056774,33.679850739852924,0.0 -78.97160319421464,33.67984646293333,0.0 -78.97161075724355,33.67984185006996,0.0 -78.97161793023108,33.67983694038111,0.0 -78.97162481328165,33.67983165162948,0.0 -78.9716313072645,33.67982602457939,0.0 -78.97163741112249,33.67982005831161,0.0 -78.97164312191313,33.679813878147286,0.0 -78.971648391129,33.67980748238855,0.0 -78.97165327030353,33.67980078980473,0.0 -78.97165765719676,33.67979388169639,0.0 -78.97166150124906,33.67978679782109,0.0 -78.97166490262727,33.67977949923549,0.0 -78.97166786046246,33.67977206890361,0.0 -78.97167027348846,33.67976454665281,0.0 -78.9716721427003,33.67975689010842,0.0 -78.97167356542708,33.679749227138984,0.0 -78.9716744453137,33.679741388402746,0.0 -78.97167472688966,33.67973362282634,0.0 -78.97167456189749,33.679725808432494,0.0 -78.97167385120675,33.6797179859854,0.0 -78.97167259183406,33.679710236610674,0.0 -78.97167088305592,33.679702605230375,0.0 -78.97166857685814,33.67969496314422,0.0 -78.97166581833396,33.679687563472065,0.0 -78.97166256274524,33.679680198033836,0.0 -78.97165880310882,33.67967307235691,0.0 -78.97194420599456,33.679809386270314,0.0 -78.97179259057505,33.6800055494177,0.0 -78.97151852543112,33.67987320216063,0.0</coordinates>
                    </LinearRing>
                </outerBoundaryIs>
            </Polygon>
        </Placemark>
        <Placemark id="1261338">
            <name>Parcel_137415</name>
            <styleUrl>#1261343</styleUrl>
            <Polygon id="1261337">
                <outerBoundaryIs>
                    <LinearRing id="1261341">
                        <coordinates>-78.97026779940724,33.680040663184194,0.0 -78.97003633829365,33.679930680395586,0.0 -78.97044593682057,33.6797370105058,0.0 -78.97044857865784,33.67974087720209,0.0 -78.97045214569977,33.679745588873736,0.0 -78.97045591612476,33.67975013883014,0.0 -78.97045993742537,33.67975452604718,0.0 -78.970464012356,33.67975878877529,0.0 -78.97046848704518,33.67976293450179,0.0 -78.97047306594571,33.67976691508064,0.0 -78.97047779648662,33.67977073219258,0.0 -78.97048282964596,33.67977438831672,0.0 -78.97048791533564,33.6797779208356,0.0 -78.97049320629527,33.67978116539878,0.0 -78.97049864910345,33.67978432947667,0.0 -78.9705042952118,33.67978728944665,0.0 -78.97050999376746,33.679790083418986,0.0 -78.9705158997286,33.67979259037237,0.0 -78.97052185811584,33.679794932229676,0.0 -78.97052797021723,33.679797068262864,0.0 -78.97053408729445,33.67979903842075,0.0 -78.97054040756743,33.67980076297976,0.0 -78.97054683400003,33.67980223944454,0.0 -78.97055321374854,33.679803590675014,0.0 -78.97055964689726,33.67980473533612,0.0 -78.97057061243387,33.67980761578576,0.0 -78.97058142328325,33.67981074353154,0.0 -78.97038776426342,33.68009766671685,0.0 -78.97026779940724,33.680040663184194,0.0</coordinates>
                    </LinearRing>
                </outerBoundaryIs>
            </Polygon>
        </Placemark>
        <Placemark id="1261347">
            <name>Parcel_137416</name>
            <styleUrl>#1261352</styleUrl>
            <Polygon id="1261346">
                <outerBoundaryIs>
                    <LinearRing id="1261350">
                        <coordinates>-78.97286179690668,33.68076899774308,0.0 -78.9729507479317,33.68059582155514,0.0 -78.97295230945896,33.68059281394711,0.0 -78.97295421629268,33.680589894980244,0.0 -78.9729562214736,33.68058706060453,0.0 -78.97295847175161,33.68058435561766,0.0 -78.97296091656719,33.68058181977769,0.0 -78.97296360855259,33.68057937096948,0.0 -78.9729664464411,33.680577049021394,0.0 -78.97296942731344,33.68057497835294,0.0 -78.97297265425593,33.68057299560009,0.0 -78.97297592594032,33.68057122102664,0.0 -78.97297939324069,33.68056961561764,0.0 -78.97336365449766,33.68075250533364,0.0 -78.973186246802,33.680921115140166,0.0 -78.97286179690668,33.68076899774308,0.0</coordinates>
                    </LinearRing>
                </outerBoundaryIs>
            </Polygon>
        </Placemark>
        <Placemark id="1261356">
            <name>Parcel_137417</name>
            <styleUrl>#1261361</styleUrl>
            <Polygon id="1261355">
                <outerBoundaryIs>
                    <LinearRing id="1261359">
                        <coordinates>-78.97221027724609,33.680963428580014,0.0 -78.97206033113083,33.68089217680469,0.0 -78.97225419953533,33.68060467278385,0.0 -78.97243964257933,33.6806930175026,0.0 -78.97224617352893,33.680980485963694,0.0 -78.97221027724609,33.680963428580014,0.0</coordinates>
                    </LinearRing>
                </outerBoundaryIs>
            </Polygon>
        </Placemark>
        <Placemark id="1261365">
            <name>Parcel_137418</name>
            <styleUrl>#1261370</styleUrl>
            <Polygon id="1261364">
                <outerBoundaryIs>
                    <LinearRing id="1261368">
                        <coordinates>-78.97224617352893,33.680980485963694,0.0 -78.97243964257933,33.6806930175026,0.0 -78.97255985556208,33.680750624545595,0.0 -78.97256334215423,33.680752426985684,0.0 -78.97256667603043,33.680754392877304,0.0 -78.97256995532744,33.68075652383007,0.0 -78.97257298169869,33.680758858981754,0.0 -78.97257580769288,33.680761273824864,0.0 -78.97257852863217,33.68076393587955,0.0 -78.97258105016763,33.68076663615253,0.0 -78.97258336925326,33.68076945847406,0.0 -78.97258494511348,33.68077218472443,0.0 -78.97258624084728,33.68077415957539,0.0 -78.97258792176281,33.68077663861402,0.0 -78.97258931673325,33.68077861419072,0.0 -78.97259086247327,33.6807805092622,0.0 -78.97259298898982,33.680783078588114,0.0 -78.97259444135447,33.68078472319308,0.0 -78.97259584899918,33.6807861587169,0.0 -78.97259764580284,33.68078797492809,0.0 -78.97260007385896,33.68079038324337,0.0 -78.97260251177441,33.68079241741609,0.0 -78.97260421803863,33.68079381634879,0.0 -78.97260626677416,33.6807954707356,0.0 -78.97260885632764,33.6807973414389,0.0 -78.97261095955858,33.680798788371895,0.0 -78.97261360271824,33.68080053548694,0.0 -78.9724319675463,33.68106871196579,0.0 -78.97224617352893,33.680980485963694,0.0</coordinates>
                    </LinearRing>
                </outerBoundaryIs>
            </Polygon>
        </Placemark>
        <Placemark id="1261374">
            <name>Parcel_137419</name>
            <styleUrl>#1261379</styleUrl>
            <Polygon id="1261373">
                <outerBoundaryIs>
                    <LinearRing id="1261377">
                        <coordinates>-78.97263069703881,33.68116315585711,0.0 -78.9724319675463,33.68106871196579,0.0 -78.97261360271824,33.68080053548694,0.0 -78.97261918962487,33.680803909277934,0.0 -78.97262492622312,33.68080720254564,0.0 -78.97263086730253,33.68081033321049,0.0 -78.97263691333218,33.680813175172524,0.0 -78.97264305859878,33.680816017859996,0.0 -78.97264941116104,33.680818532034166,0.0 -78.97265576761681,33.6808208803153,0.0 -78.9726623264178,33.680823065056494,0.0 -78.97266884242434,33.68082495867141,0.0 -78.97267555978164,33.68082673112117,0.0 -78.97268228202668,33.68082829530307,0.0 -78.97268911040524,33.68082961229059,0.0 -78.97269594354505,33.680830680420954,0.0 -78.9727029294223,33.68083158419762,0.0 -78.97270987066332,33.68083232128521,0.0 -78.97271676902544,33.680832724854056,0.0 -78.97272376960672,33.68083304802279,0.0 -78.97273077691668,33.68083303848636,0.0 -78.97273773961139,33.68083286135933,0.0 -78.97274480433593,33.68083251994881,0.0 -78.97275167949387,33.6808318435156,0.0 -78.972758505912,33.680831083304334,0.0 -78.97283122690372,33.6812584551226,0.0 -78.97263069703881,33.68116315585711,0.0</coordinates>
                    </LinearRing>
                </outerBoundaryIs>
            </Polygon>
        </Placemark>
        <Placemark id="1261383">
            <name>Parcel_137420</name>
            <styleUrl>#1261388</styleUrl>
            <Polygon id="1261382">
                <outerBoundaryIs>
                    <LinearRing id="1261386">
                        <coordinates>-78.972758505912,33.680831083304334,0.0 -78.97276525067485,33.68082957314504,0.0 -78.97277175226503,33.680827851551385,0.0 -78.97277821008652,33.680825880304695,0.0 -78.97278462113559,33.68082374143205,0.0 -78.97279079009037,33.680821391142786,0.0 -78.97279696283235,33.680818833469644,0.0 -78.9728029430036,33.68081602280108,0.0 -78.97280877727097,33.68081308527184,0.0 -78.97281451513696,33.68080998020478,0.0 -78.97282011209137,33.68080658150039,0.0 -78.97282551245578,33.68080305510415,0.0 -78.9728307182818,33.68079935956055,0.0 -78.9728357782039,33.680795537156364,0.0 -78.9728405958422,33.68079141945248,0.0 -78.9728452169957,33.68078721554761,0.0 -78.97284969127213,33.68078292625546,0.0 -78.97285397297766,33.68077838396811,0.0 -78.97285795788353,33.68077375473659,0.0 -78.97286179690668,33.68076899774308,0.0 -78.973186246802,33.680921115140166,0.0 -78.97283122690372,33.6812584551226,0.0 -78.972758505912,33.680831083304334,0.0</coordinates>
                    </LinearRing>
                </outerBoundaryIs>
            </Polygon>
        </Placemark>
        <Placemark id="1261392">
            <name>Parcel_137421</name>
            <styleUrl>#1261397</styleUrl>
            <Polygon id="1261391">
                <outerBoundaryIs>
                    <LinearRing id="1261395">
                        <coordinates>-79.0741516201311,33.58392061249374,0.0 -79.07480529449899,33.58403771515423,0.0 -79.07480238303117,33.58424882691632,0.0 -79.07395431633141,33.58423593184271,0.0 -79.07395424846506,33.58423593078398,0.0 -79.0739834767521,33.58420278068143,0.0 -79.07401071158138,33.5841684621362,0.0 -79.0740358885667,33.58413305982886,0.0 -79.07405894437946,33.58409665935836,0.0 -79.07407982422897,33.58405935006468,0.0 -79.0741516201311,33.58392061249374,0.0</coordinates>
                    </LinearRing>
                </outerBoundaryIs>
            </Polygon>
        </Placemark>
        <Placemark id="1261401">
            <name>Parcel_137422</name>
            <styleUrl>#1261406</styleUrl>
            <Polygon id="1261400">
                <outerBoundaryIs>
                    <LinearRing id="1261404">
                        <coordinates>-78.97223171426738,33.68021385766685,0.0 -78.97223452194392,33.68021282320706,0.0 -78.97223847653466,33.680211600117396,0.0 -78.97224257410656,33.68021062830817,0.0 -78.97224661826098,33.68020986397016,0.0 -78.97225080734354,33.68020926796619,0.0 -78.97226008332873,33.68020788233939,0.0 -78.97226927285877,33.68020599742378,0.0 -78.97227817342154,33.680203691973496,0.0 -78.97228708276597,33.680201012362396,0.0 -78.97229565448795,33.68019787083126,0.0 -78.9723041884093,33.68019427139684,0.0 -78.97231233122805,33.68019037421989,0.0 -78.97232018505795,33.68018605741001,0.0 -78.97232775002514,33.680181361556656,0.0 -78.97233502416157,33.680176370507766,0.0 -78.97234190816869,33.68017104024327,0.0 -78.97234840310381,33.68016537168265,0.0 -78.9723546071242,33.68015936553425,0.0 -78.97236031995901,33.68015314298004,0.0 -78.97236564164879,33.680146624486916,0.0 -78.97237047206916,33.680139847195754,0.0 -78.97237485989562,33.680132897589175,0.0 -78.97237880603895,33.68012569090002,0.0 -78.97238225697721,33.68011839310882,0.0 -78.97238511652118,33.680110919659434,0.0 -78.97238758204276,33.68010327288777,0.0 -78.97238940254331,33.68009557494758,0.0 -78.9723907795195,33.680087744362176,0.0 -78.9723916593445,33.68007990562133,0.0 -78.9723919418093,33.68007209947212,0.0 -78.97239172919622,33.68006424281036,0.0 -78.97239092011277,33.68005633487471,0.0 -78.97238971222481,33.68004850337511,0.0 -78.9723879051356,33.68004082890442,0.0 -78.97238550062427,33.68003314373137,0.0 -78.97238274397475,33.680025661129186,0.0 -78.97237938804041,33.68001829316348,0.0 -78.97237800673574,33.68001573605801,0.0 -78.9726601363995,33.680149709969086,0.0 -78.97250896955333,33.680345881324804,0.0 -78.97223171426738,33.68021385766685,0.0</coordinates>
                    </LinearRing>
                </outerBoundaryIs>
            </Polygon>
        </Placemark>
        <Placemark id="1261410">
            <name>Parcel_137423</name>
            <styleUrl>#1261415</styleUrl>
            <Polygon id="1261409">
                <outerBoundaryIs>
                    <LinearRing id="1261413">
                        <coordinates>-78.97187453787261,33.68080395024145,0.0 -78.97206795525722,33.68051660505761,0.0 -78.97225419953533,33.68060467278385,0.0 -78.97206033113083,33.68089217680469,0.0 -78.97202420420312,33.68087502087784,0.0 -78.97187453787261,33.68080395024145,0.0</coordinates>
                    </LinearRing>
                </outerBoundaryIs>
            </Polygon>
        </Placemark>
        <Placemark id="1261419">
            <name>Parcel_137424</name>
            <styleUrl>#1261424</styleUrl>
            <Polygon id="1261418">
                <outerBoundaryIs>
                    <LinearRing id="1261422">
                        <coordinates>-79.07131927290258,33.57328534021068,0.0 -79.07219641503599,33.5730890785444,0.0 -79.07221097856166,33.57313552566638,0.0 -79.07222252537346,33.57317006973241,0.0 -79.07223571920584,33.573204295879506,0.0 -79.07224974253671,33.57323819134071,0.0 -79.07226541996037,33.57327159672273,0.0 -79.07228192469024,33.57330467318772,0.0 -79.07228432189567,33.57330763108913,0.0 -79.07139244458767,33.57364919324194,0.0 -79.07134660776138,33.57342184863752,0.0 -79.07131927290258,33.57328534021068,0.0</coordinates>
                    </LinearRing>
                </outerBoundaryIs>
            </Polygon>
        </Placemark>
        <Placemark id="1261428">
            <name>Parcel_137425</name>
            <styleUrl>#1261433</styleUrl>
            <Polygon id="1261427">
                <outerBoundaryIs>
                    <LinearRing id="1261431">
                        <coordinates>-79.08698740989784,33.57765086609033,0.0 -79.08692764246167,33.5774420534579,0.0 -79.08731873366507,33.57637230679747,0.0 -79.08739490173687,33.5761639615518,0.0 -79.08755473095292,33.57613251232431,0.0 -79.08920389816413,33.57580799467386,0.0 -79.08923565871136,33.57591467709816,0.0 -79.08868604009011,33.57680833251106,0.0 -79.08712382645739,33.5776743629026,0.0 -79.08710663207822,33.577664967119034,0.0 -79.08708817119236,33.57765744125767,0.0 -79.0870687332179,33.57765190254414,0.0 -79.08704862115677,33.577648438650876,0.0 -79.08702814953993,33.57764710315569,0.0 -79.08700763902188,33.57764791636005,0.0 -79.08698740989784,33.57765086609033,0.0</coordinates>
                    </LinearRing>
                </outerBoundaryIs>
            </Polygon>
        </Placemark>
        <Placemark id="1261437">
            <name>Parcel_137426</name>
            <styleUrl>#1261442</styleUrl>
            <Polygon id="1261436">
                <outerBoundaryIs>
                    <LinearRing id="1261440">
                        <coordinates>-79.0871895976587,33.57777709293112,0.0 -79.08899303999983,33.57769559085746,0.0 -79.08975560034136,33.57766112066026,0.0 -79.08991012757319,33.57819111038789,0.0 -79.0893691005571,33.57841148654887,0.0 -79.08671394775232,33.578437544843304,0.0 -79.08673322414825,33.578419803125115,0.0 -79.08675254449261,33.57840017163412,0.0 -79.08677187513882,33.57838002529628,0.0 -79.08679039530045,33.57835935048983,0.0 -79.08680728740343,33.5783381345452,0.0 -79.08682418873127,33.57831640373766,0.0 -79.08683945819236,33.57829430400292,0.0 -79.08685473795573,33.5782716894224,0.0 -79.0868683826421,33.57824870496377,0.0 -79.08688121517174,33.578225365183705,0.0 -79.08689323450788,33.5782016682626,0.0 -79.08690444168829,33.57817761602046,0.0 -79.08691400998615,33.57815336611184,0.0 -79.08692358479932,33.57812877266708,0.0 -79.08693067549993,33.578105170734815,0.0 -79.0869315353698,33.578103465877646,0.0 -79.08697953521927,33.57797500150509,0.0 -79.08699320833303,33.5779607157124,0.0 -79.08700864631193,33.57794775153908,0.0 -79.08702566801323,33.577936260408045,0.0 -79.08704407541896,33.57792637724608,0.0 -79.08706365046389,33.577918217728694,0.0 -79.08708349575983,33.57791313708431,0.0 -79.08710241670671,33.57790600194251,0.0 -79.087120112316,33.577896925793254,0.0 -79.08713629813614,33.57788605395049,0.0 -79.08715071602718,33.57787356009583,0.0 -79.08716313529771,33.57785964359037,0.0 -79.08717335922748,33.577844526869846,0.0 -79.08718122301306,33.57782845090316,0.0 -79.08718660027041,33.5778116734891,0.0 -79.08718940748304,33.57779446301192,0.0 -79.0871895976587,33.57777709293112,0.0</coordinates>
                    </LinearRing>
                </outerBoundaryIs>
            </Polygon>
        </Placemark>
        <Placemark id="1261446">
            <name>Parcel_137427</name>
            <styleUrl>#1261451</styleUrl>
            <Polygon id="1261445">
                <outerBoundaryIs>
                    <LinearRing id="1261449">
                        <coordinates>-79.08712382645739,33.5776743629026,0.0 -79.08868604009011,33.57680833251106,0.0 -79.08923565871136,33.57591467709816,0.0 -79.08975560034136,33.57766112066026,0.0 -79.08899303999983,33.57769559085746,0.0 -79.0871895976587,33.57777709293112,0.0 -79.0871872090627,33.57776002562908,0.0 -79.08718229485731,33.577743342201515,0.0 -79.08717493228309,33.577727301797424,0.0 -79.0871652353635,33.577712156920505,0.0 -79.0871533562212,33.5776981426258,0.0 -79.08713948072939,33.57768547825656,0.0 -79.08712382645739,33.5776743629026,0.0</coordinates>
                    </LinearRing>
                </outerBoundaryIs>
            </Polygon>
        </Placemark>
        <Placemark id="1261455">
            <name>Parcel_137428</name>
            <styleUrl>#1261460</styleUrl>
            <Polygon id="1261454">
                <outerBoundaryIs>
                    <LinearRing id="1261458">
                        <coordinates>-79.07362981950887,33.57894622080777,0.0 -79.07355518835296,33.57891530053614,0.0 -79.0735550666319,33.578915298636765,0.0 -79.07346348262986,33.57891542714216,0.0 -79.07380166363349,33.57842929026324,0.0 -79.0741188314136,33.578824782462874,0.0 -79.07378706008286,33.57901135599342,0.0 -79.07364481222889,33.578952429163934,0.0 -79.07362981950887,33.57894622080777,0.0</coordinates>
                    </LinearRing>
                </outerBoundaryIs>
            </Polygon>
        </Placemark>
        <Placemark id="1261464">
            <name>Parcel_137429</name>
            <styleUrl>#1261469</styleUrl>
            <Polygon id="1261463">
                <outerBoundaryIs>
                    <LinearRing id="1261467">
                        <coordinates>-79.07964031520821,33.57547672401591,0.0 -79.07967196112556,33.574051290677644,0.0 -79.07971198599743,33.57413455842768,0.0 -79.07974370413154,33.57422216513428,0.0 -79.07985527134616,33.574374412599504,0.0 -79.07998026752944,33.57443958683527,0.0 -79.08008155857854,33.57446298267168,0.0 -79.0800597146074,33.57548410595306,0.0 -79.07968713005604,33.575476076790416,0.0 -79.07964031520821,33.57547672401591,0.0</coordinates>
                    </LinearRing>
                </outerBoundaryIs>
            </Polygon>
        </Placemark>
        <Placemark id="1261473">
            <name>Parcel_137430</name>
            <styleUrl>#1261478</styleUrl>
            <Polygon id="1261472">
                <outerBoundaryIs>
                    <LinearRing id="1261476">
                        <coordinates>-79.07972469415759,33.57777759132887,0.0 -79.07975972449155,33.57775304891193,0.0 -79.07979231903016,33.57772726902697,0.0 -79.07982412819487,33.577699928297704,0.0 -79.07985432134605,33.577671360147924,0.0 -79.07988207766581,33.57764155271445,0.0 -79.07990821742203,33.577610688320064,0.0 -79.08044204604795,33.5779749984174,0.0 -79.08044447521328,33.57797658300399,0.0 -79.08018793890662,33.578140631429285,0.0 -79.08009549158969,33.57819950248089,0.0 -79.08009310160661,33.57819620121486,0.0 -79.07972469415759,33.57777759132887,0.0</coordinates>
                    </LinearRing>
                </outerBoundaryIs>
            </Polygon>
        </Placemark>
        <Placemark id="1261482">
            <name>Parcel_137431</name>
            <styleUrl>#1261487</styleUrl>
            <Polygon id="1261481">
                <outerBoundaryIs>
                    <LinearRing id="1261485">
                        <coordinates>-79.08375390910406,33.576140294425215,0.0 -79.08376010222653,33.575823729836095,0.0 -79.08375937662272,33.57581942086017,0.0 -79.08375782908053,33.57581510273367,0.0 -79.08375710830924,33.57581062426922,0.0 -79.08375638266575,33.575806317096465,0.0 -79.08375648157876,33.57580185225719,0.0 -79.08375575865334,33.575797373759286,0.0 -79.0837558576063,33.5757929071168,0.0 -79.0837567745825,33.57578862634306,0.0 -79.08375769431653,33.57578417244084,0.0 -79.08375861291334,33.575779721226816,0.0 -79.08375952883208,33.575775439534674,0.0 -79.08376126660886,33.57577117059958,0.0 -79.0837621814502,33.57576688889072,0.0 -79.08376473509534,33.57576280579077,0.0 -79.0837664614863,33.575759050780945,0.0 -79.08377314186565,33.57575400082645,0.0 -79.08377901288863,33.57574842240285,0.0 -79.08378488774585,33.57574267086723,0.0 -79.08379077019242,33.57573657671442,0.0 -79.08379501651275,33.575730114430904,0.0 -79.08380009175656,33.57572349184239,0.0 -79.08380434678269,33.57571668515506,0.0 -79.08380778376568,33.57570969350081,0.0 -79.08381122883164,33.5757025315065,0.0 -79.08381385205963,33.575695355853824,0.0 -79.08381566103982,33.575687823925854,0.0 -79.0838174700197,33.57568029199788,0.0 -79.08381845823918,33.57567274642831,0.0 -79.08381862565852,33.5756651890205,0.0 -79.08381879307785,33.57565763161262,0.0 -79.08381814351229,33.5756498901564,0.0 -79.08381748907469,33.57564231999191,0.0 -79.08381601219688,33.57563490933101,0.0 -79.08381371348248,33.575627485011765,0.0 -79.08381059396898,33.575620048854184,0.0 -79.08380746686595,33.57561295531338,0.0 -79.08380433487127,33.57560603396587,0.0 -79.08380275906485,33.57560308904583,0.0 -79.0861986646619,33.57556379690013,0.0 -79.08615460362927,33.57265680155444,0.0 -79.08628917761953,33.57262315051686,0.0 -79.08633057619112,33.57260746908926,0.0 -79.08639183235843,33.572547766343725,0.0 -79.08645847164334,33.57250447020334,0.0 -79.08648290511549,33.572402101585986,0.0 -79.08646186569692,33.57227686308588,0.0 -79.08640575080278,33.57217840043098,0.0 -79.08636096689442,33.57208732976807,0.0 -79.08632996750455,33.57200403187993,0.0 -79.08632801827648,33.57194369297599,0.0 -79.08640023730823,33.5719080433745,0.0 -79.08649181385533,33.57192509973319,0.0 -79.08659911117492,33.57197384109527,0.0 -79.08671357986778,33.572032486704096,0.0 -79.08675347349444,33.57204771001377,0.0 -79.08688511978275,33.57207208665627,0.0 -79.08699188897154,33.572070477170364,0.0 -79.08707023863535,33.57205450947184,0.0 -79.08714255241934,33.572014564999485,0.0 -79.08721464748179,33.57198441119112,0.0 -79.08726730842895,33.57190498845522,0.0 -79.08727302593118,33.57179494015514,0.0 -79.08723403823548,33.571664441411905,0.0 -79.08714545428383,33.571550164765405,0.0 -79.08712228410012,33.57152027282085,0.0 -79.08712068062025,33.57151852888863,0.0 -79.08719974857658,33.57152345741596,0.0 -79.08740329332497,33.571519016006334,0.0 -79.08739490173687,33.5761639615518,0.0 -79.08731873366507,33.57637230679747,0.0 -79.0866437197698,33.576375265767766,0.0 -79.0858032032594,33.57636693055945,0.0 -79.08415704689659,33.57618488169586,0.0 -79.08375390910406,33.576140294425215,0.0</coordinates>
                    </LinearRing>
                </outerBoundaryIs>
            </Polygon>
        </Placemark>
        <Placemark id="1261491">
            <name>Parcel_137432</name>
            <styleUrl>#1261496</styleUrl>
            <Polygon id="1261490">
                <outerBoundaryIs>
                    <LinearRing id="1261494">
                        <coordinates>-79.07904157556067,33.57623403577501,0.0 -79.07904208081708,33.57621550618348,0.0 -79.07905802352327,33.57563110696128,0.0 -79.07905802598614,33.57563099606167,0.0 -79.07953471447605,33.57564665983733,0.0 -79.07953471415577,33.575646674263325,0.0 -79.07951234981802,33.57635815713028,0.0 -79.07947725431258,33.57634867750565,0.0 -79.07944212452152,33.57634074235059,0.0 -79.0794061423639,33.576334168472506,0.0 -79.07937013185524,33.57632896869038,0.0 -79.07933408593851,33.57632531516385,0.0 -79.07925310109373,33.57632030042923,0.0 -79.07923405199297,33.5763191201553,0.0 -79.07922423798122,33.57631742064422,0.0 -79.07921527036727,33.576314532023126,0.0 -79.07920714532722,33.57631062650215,0.0 -79.07919986125135,33.57630587361997,0.0 -79.07919342082678,33.57630010385504,0.0 -79.0791878202894,33.57629348671246,0.0 -79.07917660392027,33.57628094126618,0.0 -79.07916289576244,33.576269731595964,0.0 -79.07914833797898,33.57625971098266,0.0 -79.07913210642461,33.5762512120435,0.0 -79.07911583842008,33.57624425754826,0.0 -79.07909789178203,33.576238995116135,0.0 -79.07907908344995,33.57623561062939,0.0 -79.07906023486056,33.576233941894124,0.0 -79.07904157556067,33.57623403577501,0.0</coordinates>
                    </LinearRing>
                </outerBoundaryIs>
            </Polygon>
        </Placemark>
        <Placemark id="1261500">
            <name>Parcel_137433</name>
            <styleUrl>#1261505</styleUrl>
            <Polygon id="1261499">
                <outerBoundaryIs>
                    <LinearRing id="1261503">
                        <coordinates>-79.0798417785767,33.576350051872176,0.0 -79.08001741537589,33.57609436774205,0.0 -79.08002958393492,33.575647129143796,0.0 -79.08067435743072,33.5756463437603,0.0 -79.08068929321568,33.57578729480758,0.0 -79.0807399792615,33.57626538625706,0.0 -79.08033755284802,33.5762960463198,0.0 -79.07994958869797,33.57645125800443,0.0 -79.07993391458444,33.57641608863413,0.0 -79.07992357225615,33.57640115139377,0.0 -79.07991073707046,33.576387549927944,0.0 -79.07989540412805,33.57637545642909,0.0 -79.0798792144498,33.57636506688536,0.0 -79.07986133911771,33.57635654067324,0.0 -79.0798417785767,33.576350051872176,0.0</coordinates>
                    </LinearRing>
                </outerBoundaryIs>
            </Polygon>
        </Placemark>
        <Placemark id="1261509">
            <name>Parcel_137434</name>
            <styleUrl>#1261514</styleUrl>
            <Polygon id="1261508">
                <outerBoundaryIs>
                    <LinearRing id="1261512">
                        <coordinates>-79.07951234981802,33.57635815713028,0.0 -79.07953471415577,33.575646674263325,0.0 -79.07953471447605,33.57564665983733,0.0 -79.07978261396988,33.5756469028696,0.0 -79.08002958393492,33.575647129143796,0.0 -79.08001741537589,33.57609436774205,0.0 -79.0798417785767,33.576350051872176,0.0 -79.07982298713186,33.576345807317196,0.0 -79.07980333022438,33.57634361111912,0.0 -79.0797836324417,33.57634330473588,0.0 -79.07976388782527,33.57634505944226,0.0 -79.07974491821663,33.57634888892366,0.0 -79.07972591051494,33.57635443419016,0.0 -79.07970849750745,33.57636206788418,0.0 -79.07969186932513,33.57637143106626,0.0 -79.07967767191468,33.57638220660465,0.0 -79.07966604747412,33.57638803807694,0.0 -79.07965446112482,33.57639215376015,0.0 -79.0796412702578,33.57639452629887,0.0 -79.07962811967766,33.576395181278514,0.0 -79.07961583458687,33.57639378699671,0.0 -79.07960276574693,33.576390663239465,0.0 -79.07957347403027,33.57637869529504,0.0 -79.07954333375405,33.57636791732327,0.0 -79.07951234981802,33.57635815713028,0.0</coordinates>
                    </LinearRing>
                </outerBoundaryIs>
            </Polygon>
        </Placemark>
        <Placemark id="1261518">
            <name>Parcel_137435</name>
            <styleUrl>#1261523</styleUrl>
            <Polygon id="1261517">
                <outerBoundaryIs>
                    <LinearRing id="1261521">
                        <coordinates>-79.07195070071614,33.57641837633266,0.0 -79.0719073255675,33.57620223196202,0.0 -79.07259504575238,33.5745806790294,0.0 -79.07293199833472,33.573792307431766,0.0 -79.07296873082778,33.573801987672425,0.0 -79.07300548523021,33.57381063642989,0.0 -79.07304226150056,33.57381825550734,0.0 -79.07307988638901,33.5738246855399,0.0 -79.07311753152108,33.57383025543044,0.0 -79.07315520235335,33.57383462343062,0.0 -79.07319371584946,33.573837972757566,0.0 -79.07308302598146,33.57471578718947,0.0 -79.07292921393699,33.57594429794469,0.0 -79.07285750419936,33.57618872499406,0.0 -79.07198272601612,33.57665189778996,0.0 -79.07198140079683,33.57657135591815,0.0 -79.07195070071614,33.57641837633266,0.0</coordinates>
                    </LinearRing>
                </outerBoundaryIs>
            </Polygon>
        </Placemark>
        <Placemark id="1261527">
            <name>Parcel_137436</name>
            <styleUrl>#1261532</styleUrl>
            <Polygon id="1261526">
                <outerBoundaryIs>
                    <LinearRing id="1261530">
                        <coordinates>-79.08092972052711,33.5780482454136,0.0 -79.08089136069644,33.57769043917845,0.0 -79.08089109924528,33.577654871867686,0.0 -79.0808510955248,33.57728705743847,0.0 -79.08170559688119,33.5772389813544,0.0 -79.08177852978784,33.57751387580697,0.0 -79.08191799920303,33.57814536601104,0.0 -79.08094929945949,33.578219587046675,0.0 -79.08092972052711,33.5780482454136,0.0</coordinates>
                    </LinearRing>
                </outerBoundaryIs>
            </Polygon>
        </Placemark>
        <Placemark id="1261536">
            <name>Parcel_137437</name>
            <styleUrl>#1261541</styleUrl>
            <Polygon id="1261535">
                <outerBoundaryIs>
                    <LinearRing id="1261539">
                        <coordinates>-79.07990821742203,33.577610688320064,0.0 -79.0799344247125,33.57757673223939,0.0 -79.07995737059275,33.57754169451934,0.0 -79.07997869881392,33.577505600726106,0.0 -79.07999840175195,33.577468794378724,0.0 -79.0800293429293,33.577390792903294,0.0 -79.08005461158479,33.57739853574054,0.0 -79.08089109924528,33.577654871867686,0.0 -79.08089136069644,33.57769043917845,0.0 -79.08044447521328,33.57797658300399,0.0 -79.08044204604795,33.5779749984174,0.0 -79.07990821742203,33.577610688320064,0.0</coordinates>
                    </LinearRing>
                </outerBoundaryIs>
            </Polygon>
        </Placemark>
        <Placemark id="1261545">
            <name>Parcel_137438</name>
            <styleUrl>#1261550</styleUrl>
            <Polygon id="1261544">
                <outerBoundaryIs>
                    <LinearRing id="1261548">
                        <coordinates>-79.06900070434564,33.58372028751708,0.0 -79.07064414669091,33.58381775916066,0.0 -79.0713280552391,33.583716468605324,0.0 -79.0713283376803,33.58371781689993,0.0 -79.07132850651007,33.583718606024185,0.0 -79.07133371913001,33.5837401976894,0.0 -79.07133373717319,33.58374025840088,0.0 -79.07133937682629,33.58375975883685,0.0 -79.07134586545942,33.583779074109074,0.0 -79.07135475596003,33.583801971503625,0.0 -79.07136483743571,33.58382452131631,0.0 -79.07137532247827,33.58384525913219,0.0 -79.0713868159693,33.583865619456525,0.0 -79.071388077033,33.5838677343494,0.0 -79.07138800070142,33.583867774646016,0.0 -79.07057479995058,33.584300483112,0.0 -79.06933351882871,33.58428479660148,0.0 -79.06926603569175,33.584238908842345,0.0 -79.06903810468377,33.584204181484246,0.0 -79.06898788637885,33.584198784471646,0.0 -79.06894844361454,33.583997606113385,0.0 -79.06898057699809,33.58374348976876,0.0 -79.06900070434564,33.58372028751708,0.0</coordinates>
                    </LinearRing>
                </outerBoundaryIs>
            </Polygon>
        </Placemark>
        <Placemark id="1261554">
            <name>Parcel_137439</name>
            <styleUrl>#1261559</styleUrl>
            <Polygon id="1261553">
                <outerBoundaryIs>
                    <LinearRing id="1261557">
                        <coordinates>-79.0722022578769,33.582316090584214,0.0 -79.07220256412883,33.58231608093531,0.0 -79.07223003535539,33.58231583433577,0.0 -79.0722339038119,33.58231588752381,0.0 -79.07223400507058,33.58231588910492,0.0 -79.07226472629954,33.58231709394873,0.0 -79.07229532639751,33.58231967234377,0.0 -79.07232571715453,33.58232361750116,0.0 -79.07235581261541,33.58232891815775,0.0 -79.07261938260548,33.58238148050277,0.0 -79.07254604492358,33.58289485493162,0.0 -79.07254603763643,33.58289489179717,0.0 -79.07244383187731,33.582897917658954,0.0 -79.07230898986391,33.58290191033645,0.0 -79.07224964636326,33.582576191726794,0.0 -79.07220226638618,33.58231614393122,0.0 -79.0722022578769,33.582316090584214,0.0</coordinates>
                    </LinearRing>
                </outerBoundaryIs>
            </Polygon>
        </Placemark>
        <Placemark id="1261563">
            <name>Parcel_137440</name>
            <styleUrl>#1261568</styleUrl>
            <Polygon id="1261562">
                <outerBoundaryIs>
                    <LinearRing id="1261566">
                        <coordinates>-79.0695117043455,33.582344705979914,0.0 -79.06965588930093,33.58231691968204,0.0 -79.06978610463415,33.582318955561824,0.0 -79.06991942376551,33.58218417390415,0.0 -79.06991381783999,33.58213285545835,0.0 -79.07073971250665,33.582319878067025,0.0 -79.07076214471279,33.582322828879036,0.0 -79.07161373137815,33.5824348570357,0.0 -79.07161388072994,33.58243487650521,0.0 -79.07160710035271,33.58244300255739,0.0 -79.0716066161987,33.582443596585655,0.0 -79.07160329657346,33.582447684615,0.0 -79.07160309931999,33.582447928664074,0.0 -79.07159932208053,33.582452676977375,0.0 -79.07158298360284,33.58247437576909,0.0 -79.07156773738843,33.58249662466295,0.0 -79.07156762468905,33.58249679787796,0.0 -79.07156758899167,33.58249685233839,0.0 -79.07155286557821,33.582520639979585,0.0 -79.07153938724157,33.58254493862149,0.0 -79.07152717866668,33.582569704455295,0.0 -79.07152642789998,33.58257133334738,0.0 -79.0715263202565,33.58257156977674,0.0 -79.0715226836069,33.58257967818642,0.0 -79.0715108767853,33.58260875342423,0.0 -79.07151083782769,33.582608857440135,0.0 -79.07150454166906,33.58262667963235,0.0 -79.07150450480557,33.58262678638675,0.0 -79.07149922010872,33.58264351499832,0.0 -79.07149287636103,33.582666709271244,0.0 -79.07149283004712,33.58266690156181,0.0 -79.07148811721535,33.58268755981546,0.0 -79.07148810864948,33.58268760568029,0.0 -79.07148654597988,33.582695441631216,0.0 -79.07148523511422,33.582702278564106,0.0 -79.07148424359289,33.5827074555139,0.0 -79.07082329915606,33.58260763327426,0.0 -79.07071464670483,33.58259122399416,0.0 -79.0695117043455,33.582344705979914,0.0</coordinates>
                    </LinearRing>
                </outerBoundaryIs>
            </Polygon>
        </Placemark>
        <Placemark id="1261572">
            <name>Parcel_137441</name>
            <styleUrl>#1261577</styleUrl>
            <Polygon id="1261571">
                <outerBoundaryIs>
                    <LinearRing id="1261575">
                        <coordinates>-79.07172624050519,33.58255421846219,0.0 -79.0717466028674,33.58252714744021,0.0 -79.07176907009197,33.58250127007876,0.0 -79.07178127509101,33.58248860001135,0.0 -79.07180395653056,33.58246717884056,0.0 -79.07182812054126,33.58244692627689,0.0 -79.0718297054471,33.582445680203485,0.0 -79.07182981180686,33.58244559798464,0.0 -79.07183496978742,33.58244160720701,0.0 -79.07184731657361,33.58243243704999,0.0 -79.07184739544,33.58243237965594,0.0 -79.07184742825916,33.582432357620114,0.0 -79.07185144253566,33.58242949533896,0.0 -79.07186573311293,33.582419705242316,0.0 -79.07186590159782,33.58241959152404,0.0 -79.07186608644203,33.582419469041874,0.0 -79.07186738681476,33.582418611767814,0.0 -79.07186977619935,33.58241704905156,0.0 -79.07189330816824,33.582402524712634,0.0 -79.07191769236121,33.582389022041376,0.0 -79.07194286551615,33.58237657522464,0.0 -79.07195531777907,33.582370938680114,0.0 -79.07195552021221,33.58237084894222,0.0 -79.0719563929663,33.58237046662237,0.0 -79.07196726026521,33.58236583713809,0.0 -79.07199649815426,33.58235454783418,0.0 -79.07202644647323,33.5823446468717,0.0 -79.07205700968423,33.58233616612974,0.0 -79.07208809237032,33.58232913207783,0.0 -79.07211320064658,33.5823245734356,0.0 -79.07212100698034,33.582323354157154,0.0 -79.07213843202516,33.58232097005541,0.0 -79.07215887174874,33.582318750276826,0.0 -79.07217939361793,33.5823171477989,0.0 -79.0721831432866,33.5823169222398,0.0 -79.07219829698873,33.58231621994655,0.0 -79.07219927726658,33.58231618654874,0.0 -79.07220209288145,33.582316096125275,0.0 -79.0722022578769,33.582316090584214,0.0 -79.07220226638618,33.58231614393122,0.0 -79.07224964636326,33.582576191726794,0.0 -79.07230898986391,33.58290191033645,0.0 -79.07230884644412,33.582901963115155,0.0 -79.07225468165319,33.58292179514345,0.0 -79.07172624050519,33.58255421846219,0.0</coordinates>
                    </LinearRing>
                </outerBoundaryIs>
            </Polygon>
        </Placemark>
        <Placemark id="1261581">
            <name>Parcel_137442</name>
            <styleUrl>#1261586</styleUrl>
            <Polygon id="1261580">
                <outerBoundaryIs>
                    <LinearRing id="1261584">
                        <coordinates>-79.07160921120824,33.58296049435674,0.0 -79.07162833626768,33.5828605060668,0.0 -79.07165506438074,33.582720760192615,0.0 -79.07165927158825,33.58270131886317,0.0 -79.0716670156276,33.582673557410224,0.0 -79.07167671122346,33.58264622960252,0.0 -79.07167672154164,33.58264620180369,0.0 -79.07167678885686,33.58264603419328,0.0 -79.07168519513534,33.58262617230461,0.0 -79.07169463610954,33.58260663954721,0.0 -79.07170032083054,33.582595940295,0.0 -79.07171354733725,33.582573413612266,0.0 -79.071724267423,33.58255707022875,0.0 -79.07172538092844,33.58255545962799,0.0 -79.07172624050519,33.58255421846219,0.0 -79.07225468165319,33.58292179514345,0.0 -79.07216378641647,33.58303538423721,0.0 -79.07160931649513,33.58296050862835,0.0 -79.07160921120824,33.58296049435674,0.0</coordinates>
                    </LinearRing>
                </outerBoundaryIs>
            </Polygon>
        </Placemark>
        <Placemark id="1261590">
            <name>Parcel_137443</name>
            <styleUrl>#1261595</styleUrl>
            <Polygon id="1261589">
                <outerBoundaryIs>
                    <LinearRing id="1261593">
                        <coordinates>-79.07028695092359,33.58034289857277,0.0 -79.07035451596128,33.580040140488016,0.0 -79.07252853685429,33.580100460326285,0.0 -79.07271091799127,33.58079549017202,0.0 -79.07269206825927,33.580800457798595,0.0 -79.07267406822383,33.58080728584923,0.0 -79.07265717874287,33.58081587377215,0.0 -79.07264164394164,33.580826098206146,0.0 -79.07262768911859,33.580837810242045,0.0 -79.07261551629628,33.58085084166661,0.0 -79.07194237047669,33.58042366596994,0.0 -79.07028695092359,33.58034289857277,0.0</coordinates>
                    </LinearRing>
                </outerBoundaryIs>
            </Polygon>
        </Placemark>
        <Placemark id="1261599">
            <name>Parcel_137444</name>
            <styleUrl>#1261604</styleUrl>
            <Polygon id="1261598">
                <outerBoundaryIs>
                    <LinearRing id="1261602">
                        <coordinates>-79.07021625199253,33.58058585803738,0.0 -79.07026161366674,33.58045506133295,0.0 -79.07028695092359,33.58034289857277,0.0 -79.07194237047669,33.58042366596994,0.0 -79.07261551629628,33.58085084166661,0.0 -79.07260543375719,33.580864801343886,0.0 -79.07259739899663,33.58087966245463,0.0 -79.07259152441702,33.58089521660329,0.0 -79.07258789252054,33.58091124320216,0.0 -79.0725865557484,33.580927516684646,0.0 -79.07258753103436,33.580943809125564,0.0 -79.07158498953828,33.580971987664554,0.0 -79.07021625199253,33.58058585803738,0.0</coordinates>
                    </LinearRing>
                </outerBoundaryIs>
            </Polygon>
        </Placemark>
        <Placemark id="1261608">
            <name>Parcel_137445</name>
            <styleUrl>#1261613</styleUrl>
            <Polygon id="1261607">
                <outerBoundaryIs>
                    <LinearRing id="1261611">
                        <coordinates>-79.07283163883983,33.58080917376757,0.0 -79.0732049376246,33.58025228872138,0.0 -79.07339477616236,33.580251803264225,0.0 -79.07330172528675,33.580397729061794,0.0 -79.07328756274768,33.58048746339054,0.0 -79.07340855577637,33.580589196627805,0.0 -79.0730585115711,33.58101144996976,0.0 -79.07294775437826,33.58094714591005,0.0 -79.07293733454028,33.58094040816484,0.0 -79.07292833605999,33.580932363153096,0.0 -79.07292098926763,33.58092321650365,0.0 -79.07291548499086,33.58091320569844,0.0 -79.07291196300656,33.5809025863632,0.0 -79.07290688259138,33.58088617483012,0.0 -79.07289942676165,33.58087041168867,0.0 -79.07288970870721,33.58085553681601,0.0 -79.0728778764095,33.58084177620135,0.0 -79.07286410945001,33.58082934009209,0.0 -79.07284861915086,33.580818416682966,0.0 -79.07283163883983,33.58080917376757,0.0</coordinates>
                    </LinearRing>
                </outerBoundaryIs>
            </Polygon>
        </Placemark>
        <Placemark id="1261617">
            <name>Parcel_137446</name>
            <styleUrl>#1261622</styleUrl>
            <Polygon id="1261616">
                <outerBoundaryIs>
                    <LinearRing id="1261620">
                        <coordinates>-78.99536943103631,33.64121610532322,0.0 -78.99552785519725,33.64105818826529,0.0 -78.99577962466826,33.641234884273516,0.0 -78.995779681957,33.641234924888245,0.0 -78.99577642226295,33.641238174008386,0.0 -78.99562125894744,33.64139284498707,0.0 -78.99536943103631,33.64121610532322,0.0</coordinates>
                    </LinearRing>
                </outerBoundaryIs>
            </Polygon>
        </Placemark>
        <Placemark id="1261626">
            <name>Parcel_137447</name>
            <styleUrl>#1261631</styleUrl>
            <Polygon id="1261625">
                <outerBoundaryIs>
                    <LinearRing id="1261629">
                        <coordinates>-78.89325717278933,33.68574798586515,0.0 -78.8934740113826,33.68548565098958,0.0 -78.89353675873122,33.68550854031273,0.0 -78.89360411744903,33.68554456933678,0.0 -78.89368112001583,33.68558969648133,0.0 -78.89342740142416,33.6859039995578,0.0 -78.89325717278933,33.68574798586515,0.0</coordinates>
                    </LinearRing>
                </outerBoundaryIs>
            </Polygon>
        </Placemark>
        <Placemark id="1261635">
            <name>Parcel_137448</name>
            <styleUrl>#1261640</styleUrl>
            <Polygon id="1261634">
                <outerBoundaryIs>
                    <LinearRing id="1261638">
                        <coordinates>-78.89004750098957,33.685445062900115,0.0 -78.8901544728765,33.68540754210493,0.0 -78.89022318937496,33.685382307664504,0.0 -78.89022332763945,33.685382256809305,0.0 -78.8902872107426,33.6853586048381,0.0 -78.89029218656768,33.68535679927424,0.0 -78.89029703763511,33.68536014623378,0.0 -78.89059296746096,33.685563825391846,0.0 -78.89054069345107,33.68561822924499,0.0 -78.89054066576281,33.685618258536906,0.0 -78.89045206521672,33.685711420707236,0.0 -78.89004750098957,33.685445062900115,0.0</coordinates>
                    </LinearRing>
                </outerBoundaryIs>
            </Polygon>
        </Placemark>
        <Placemark id="1261644">
            <name>Parcel_137449</name>
            <styleUrl>#1261649</styleUrl>
            <Polygon id="1261643">
                <outerBoundaryIs>
                    <LinearRing id="1261647">
                        <coordinates>-79.0742627741588,33.58249363212735,0.0 -79.07450093231431,33.58229853060453,0.0 -79.07495052715284,33.582658302520805,0.0 -79.07472031509744,33.582859801765174,0.0 -79.0742627741588,33.58249363212735,0.0</coordinates>
                    </LinearRing>
                </outerBoundaryIs>
            </Polygon>
        </Placemark>
        <Placemark id="1261653">
            <name>Parcel_137450</name>
            <styleUrl>#1261658</styleUrl>
            <Polygon id="1261652">
                <outerBoundaryIs>
                    <LinearRing id="1261656">
                        <coordinates>-79.07661223924458,33.57979628889359,0.0 -79.07698030521223,33.579675907831856,0.0 -79.07722756066913,33.580151400984775,0.0 -79.07691629752877,33.580302050828465,0.0 -79.07661223924458,33.57979628889359,0.0</coordinates>
                    </LinearRing>
                </outerBoundaryIs>
            </Polygon>
        </Placemark>
        <Placemark id="1261662">
            <name>Parcel_137451</name>
            <styleUrl>#1261667</styleUrl>
            <Polygon id="1261661">
                <outerBoundaryIs>
                    <LinearRing id="1261665">
                        <coordinates>-79.07395664815898,33.58101038259346,0.0 -79.07371690570535,33.5807663172696,0.0 -79.07340855577637,33.580589196627805,0.0 -79.07328756274768,33.58048746339054,0.0 -79.07330172528675,33.580397729061794,0.0 -79.07339477616236,33.580251803264225,0.0 -79.0732049376246,33.58025228872138,0.0 -79.07322409334985,33.58022371043897,0.0 -79.07330293670553,33.58019174248945,0.0 -79.07339185008767,33.58016919811371,0.0 -79.07348535675509,33.58014323396219,0.0 -79.07353081257588,33.580130522487394,0.0 -79.0734781731738,33.58022501662626,0.0 -79.07371666396662,33.58028229664197,0.0 -79.07373884076941,33.58029398628932,0.0 -79.07383712640413,33.58034762270988,0.0 -79.073927007772,33.580348484723054,0.0 -79.0739888003989,33.580386886232105,0.0 -79.07411037569946,33.58046245101167,0.0 -79.07422476920304,33.58051725295075,0.0 -79.07425212912511,33.58053035190204,0.0 -79.07433743519715,33.58065192840304,0.0 -79.074326656001,33.580748157219354,0.0 -79.074278957994,33.58077014107678,0.0 -79.0744506519022,33.58096033391388,0.0 -79.07450467599729,33.581225018447284,0.0 -79.07428774870006,33.58123588829232,0.0 -79.07418999689506,33.581258544389705,0.0 -79.07403804190838,33.58121184121386,0.0 -79.0739790582869,33.58110301452683,0.0 -79.07395664815898,33.58101038259346,0.0</coordinates>
                    </LinearRing>
                </outerBoundaryIs>
            </Polygon>
        </Placemark>
        <Placemark id="1261671">
            <name>Parcel_137452</name>
            <styleUrl>#1261676</styleUrl>
            <Polygon id="1261670">
                <outerBoundaryIs>
                    <LinearRing id="1261674">
                        <coordinates>-79.0785956355143,33.58051599603682,0.0 -79.07868640452166,33.58023717152581,0.0 -79.07931032639851,33.58035340709229,0.0 -79.07930127794796,33.58039106726285,0.0 -79.0792905900349,33.58042870012287,0.0 -79.07928376092478,33.5804526475469,0.0 -79.07927990587673,33.58046616347681,0.0 -79.07926839876967,33.58050361222269,0.0 -79.07925607572861,33.580540876004065,0.0 -79.0792429356152,33.58057795750871,0.0 -79.0792297966078,33.58061503722529,0.0 -79.07921584221673,33.58065176151986,0.0 -79.07920188779383,33.580688486714294,0.0 -79.0785956355143,33.58051599603682,0.0</coordinates>
                    </LinearRing>
                </outerBoundaryIs>
            </Polygon>
        </Placemark>
        <Placemark id="1261680">
            <name>Parcel_137453</name>
            <styleUrl>#1261685</styleUrl>
            <Polygon id="1261679">
                <outerBoundaryIs>
                    <LinearRing id="1261683">
                        <coordinates>-79.0761847149987,33.58181113972386,0.0 -79.07588579166642,33.5816093682314,0.0 -79.07571132353496,33.581461817365266,0.0 -79.07571130873485,33.581461804507526,0.0 -79.07567776395958,33.58138681166908,0.0 -79.07565356769126,33.581332722547735,0.0 -79.07564385107952,33.58124457750044,0.0 -79.07561675830146,33.58099879574244,0.0 -79.07560338250268,33.58087746650953,0.0 -79.07582426469891,33.58081417696948,0.0 -79.07585035207092,33.58080670155005,0.0 -79.07585038351034,33.58080669302072,0.0 -79.07585052774095,33.58080665197574,0.0 -79.07603846604657,33.58100640277968,0.0 -79.07607465453444,33.581045197007974,0.0 -79.07610823923815,33.58108119884882,0.0 -79.07617282434569,33.581174195333325,0.0 -79.07624986202816,33.58128512144841,0.0 -79.07644714959127,33.58157066672006,0.0 -79.07648176760848,33.581620740289274,0.0 -79.07664444017212,33.58185603761901,0.0 -79.07667119266087,33.5818946945785,0.0 -79.0764962147088,33.5820121088657,0.0 -79.0761847149987,33.58181113972386,0.0</coordinates>
                    </LinearRing>
                </outerBoundaryIs>
            </Polygon>
        </Placemark>
        <Placemark id="1261689">
            <name>Parcel_137454</name>
            <styleUrl>#1261694</styleUrl>
            <Polygon id="1261688">
                <outerBoundaryIs>
                    <LinearRing id="1261692">
                        <coordinates>-79.07404815839413,33.582726040074135,0.0 -79.0742627741588,33.58249363212735,0.0 -79.07472031509744,33.582859801765174,0.0 -79.07450473802889,33.583048568044056,0.0 -79.07448968951775,33.583061966083115,0.0 -79.07448766913713,33.583063799773065,0.0 -79.07448761617893,33.58306375836012,0.0 -79.07404815839413,33.582726040074135,0.0</coordinates>
                    </LinearRing>
                </outerBoundaryIs>
            </Polygon>
        </Placemark>
        <Placemark id="1261698">
            <name>Parcel_137455</name>
            <styleUrl>#1261703</styleUrl>
            <Polygon id="1261697">
                <outerBoundaryIs>
                    <LinearRing id="1261701">
                        <coordinates>-79.0735995758475,33.579586210023336,0.0 -79.07389383341426,33.579055501185145,0.0 -79.07400911012775,33.57910316570502,0.0 -79.07415859688089,33.579164974869364,0.0 -79.07415857331658,33.579165016892745,0.0 -79.0738643380722,33.57969637697766,0.0 -79.0735995758475,33.579586210023336,0.0</coordinates>
                    </LinearRing>
                </outerBoundaryIs>
            </Polygon>
        </Placemark>
        <Placemark id="1261707">
            <name>Parcel_137456</name>
            <styleUrl>#1261712</styleUrl>
            <Polygon id="1261706">
                <outerBoundaryIs>
                    <LinearRing id="1261710">
                        <coordinates>-79.0746231623492,33.580108173670176,0.0 -79.07495152734396,33.57985092961775,0.0 -79.07518747427814,33.580101877377075,0.0 -79.07482178761015,33.58031283094056,0.0 -79.07478510599242,33.58026989417054,0.0 -79.07474686635639,33.580227920710634,0.0 -79.0747071033674,33.580186950785155,0.0 -79.07466585605951,33.580147021980665,0.0 -79.0746231623492,33.580108173670176,0.0</coordinates>
                    </LinearRing>
                </outerBoundaryIs>
            </Polygon>
        </Placemark>
        <Placemark id="1261716">
            <name>Parcel_137457</name>
            <styleUrl>#1261721</styleUrl>
            <Polygon id="1261715">
                <outerBoundaryIs>
                    <LinearRing id="1261719">
                        <coordinates>-79.07422476920304,33.58051725295075,0.0 -79.07456151949975,33.58028164011676,0.0 -79.07460171455193,33.58032222358385,0.0 -79.07464026985735,33.58036390798094,0.0 -79.07467714119643,33.58040664662129,0.0 -79.0747122876211,33.580450391065256,0.0 -79.07474566926008,33.5804950928901,0.0 -79.07477725057069,33.58054070283855,0.0 -79.074326656001,33.580748157219354,0.0 -79.07433743519715,33.58065192840304,0.0 -79.07425212912511,33.58053035190204,0.0 -79.07422476920304,33.58051725295075,0.0</coordinates>
                    </LinearRing>
                </outerBoundaryIs>
            </Polygon>
        </Placemark>
        <Placemark id="1261725">
            <name>Parcel_137458</name>
            <styleUrl>#1261730</styleUrl>
            <Polygon id="1261724">
                <outerBoundaryIs>
                    <LinearRing id="1261728">
                        <coordinates>-79.07509894322398,33.58079418919026,0.0 -79.07569544513437,33.5806419832168,0.0 -79.07569545494951,33.58064197795814,0.0 -79.075695540295,33.580641919760765,0.0 -79.07579220698358,33.580744664031606,0.0 -79.07585052145826,33.580806643760425,0.0 -79.07585052774095,33.58080665197574,0.0 -79.07585038351034,33.58080669302072,0.0 -79.07585035207092,33.58080670155005,0.0 -79.07582426469891,33.58081417696948,0.0 -79.07560338250268,33.58087746650953,0.0 -79.07561675830146,33.58099879574244,0.0 -79.07516731777797,33.5810565212287,0.0 -79.07515758109385,33.581003389808046,0.0 -79.07514586190844,33.58095053864421,0.0 -79.07513217412232,33.580898021167386,0.0 -79.07511652956165,33.580845887167634,0.0 -79.07509894322398,33.58079418919026,0.0</coordinates>
                    </LinearRing>
                </outerBoundaryIs>
            </Polygon>
        </Placemark>
        <Placemark id="1261734">
            <name>Parcel_137459</name>
            <styleUrl>#1261739</styleUrl>
            <Polygon id="1261733">
                <outerBoundaryIs>
                    <LinearRing id="1261737">
                        <coordinates>-79.07341307890547,33.58225816798498,0.0 -79.07366531065206,33.582099933256266,0.0 -79.07405551152947,33.582484142376025,0.0 -79.07405557900607,33.58248420926984,0.0 -79.07392776169844,33.582560681785424,0.0 -79.07373307389696,33.582677164208164,0.0 -79.07341307890547,33.58225816798498,0.0</coordinates>
                    </LinearRing>
                </outerBoundaryIs>
            </Polygon>
        </Placemark>
        <Placemark id="1261743">
            <name>Parcel_137460</name>
            <styleUrl>#1261748</styleUrl>
            <Polygon id="1261742">
                <outerBoundaryIs>
                    <LinearRing id="1261746">
                        <coordinates>-79.07696929744955,33.575997782542515,0.0 -79.07697580542113,33.575335693459316,0.0 -79.07697826487923,33.575298977934324,0.0 -79.07705446824883,33.574160990760156,0.0 -79.07730754362402,33.57411544975758,0.0 -79.07751539553087,33.57410975135639,0.0 -79.07752052295322,33.57520895670363,0.0 -79.07734109776757,33.575893437445735,0.0 -79.0770889089452,33.57604655169751,0.0 -79.07707521744571,33.576034654775704,0.0 -79.0770598467981,33.57602427761307,0.0 -79.07704362586128,33.576015263555945,0.0 -79.07702572033308,33.57600811100529,0.0 -79.07700777492823,33.57600284918761,0.0 -79.0769881498158,33.57599927758396,0.0 -79.07696929744955,33.575997782542515,0.0</coordinates>
                    </LinearRing>
                </outerBoundaryIs>
            </Polygon>
        </Placemark>
        <Placemark id="1261752">
            <name>Parcel_137461</name>
            <styleUrl>#1261757</styleUrl>
            <Polygon id="1261751">
                <outerBoundaryIs>
                    <LinearRing id="1261755">
                        <coordinates>-79.0743518533761,33.57547623036523,0.0 -79.074366096089,33.57546339521496,0.0 -79.0745183348416,33.57530047937471,0.0 -79.07449999028412,33.57526306329092,0.0 -79.07549445562529,33.575999843926404,0.0 -79.0759594764694,33.576673180985715,0.0 -79.0758787434755,33.57670706750476,0.0 -79.0758323235361,33.57672679086034,0.0 -79.07578668449813,33.57674841592347,0.0 -79.07574264391701,33.576771955438225,0.0 -79.07570020560227,33.5767972380981,0.0 -79.07565855472845,33.57682407983594,0.0 -79.0743518533761,33.57547623036523,0.0</coordinates>
                    </LinearRing>
                </outerBoundaryIs>
            </Polygon>
        </Placemark>
        <Placemark id="1261761">
            <name>Parcel_137462</name>
            <styleUrl>#1261766</styleUrl>
            <Polygon id="1261760">
                <outerBoundaryIs>
                    <LinearRing id="1261764">
                        <coordinates>-79.07856534411445,33.57677880943017,0.0 -79.07893475227901,33.57646750957368,0.0 -79.07894970415694,33.57647861054782,0.0 -79.07896591498238,33.57648814100043,0.0 -79.07898298366761,33.5764959666152,0.0 -79.07900173482375,33.57650192795381,0.0 -79.0790205262622,33.576506172633664,0.0 -79.07904018210962,33.576508368939606,0.0 -79.07905988480881,33.57650850414994,0.0 -79.079079630574,33.57650674867126,0.0 -79.07909942101392,33.57650293296509,0.0 -79.07911760802125,33.57649737412236,0.0 -79.07913502003099,33.57648974049503,0.0 -79.07915164445197,33.57648055049963,0.0 -79.07916666275106,33.5764697868911,0.0 -79.07917829486472,33.57646361194768,0.0 -79.07919071454282,33.576458994270155,0.0 -79.07920392343584,33.57645576251642,0.0 -79.07921709418632,33.576454248352384,0.0 -79.07931710048202,33.57646164702399,0.0 -79.0793523332957,33.57646494426761,0.0 -79.07938588149901,33.576470105746715,0.0 -79.07942021347296,33.57647699579055,0.0 -79.07945286675833,33.57648558059973,0.0 -79.07948548085685,33.576495882073075,0.0 -79.07951723988374,33.576507715248866,0.0 -79.0795481388797,33.576521255025916,0.0 -79.07957818496105,33.57653632654018,0.0 -79.07894429797409,33.57712868835182,0.0 -79.07856534411445,33.57677880943017,0.0</coordinates>
                    </LinearRing>
                </outerBoundaryIs>
            </Polygon>
        </Placemark>
        <Placemark id="1261770">
            <name>Parcel_137463</name>
            <styleUrl>#1261775</styleUrl>
            <Polygon id="1261769">
                <outerBoundaryIs>
                    <LinearRing id="1261773">
                        <coordinates>-79.07926694933194,33.577425973194096,0.0 -79.07920901918901,33.57737249454572,0.0 -79.07981773991064,33.57680413908171,0.0 -79.07982692488079,33.57683417744783,0.0 -79.07988030910177,33.577055451251326,0.0 -79.0798877288347,33.57709113351646,0.0 -79.07989349338442,33.5771273059436,0.0 -79.07989679775238,33.57716343830265,0.0 -79.07989681022444,33.577199864000725,0.0 -79.0798951849107,33.577236092858314,0.0 -79.07989027535989,33.57727226973326,0.0 -79.07988373289783,33.57730807847592,0.0 -79.07987391489483,33.577343491733686,0.0 -79.07986164208265,33.57737852497696,0.0 -79.0798477440375,33.57741284386331,0.0 -79.07983057971673,33.57744625240248,0.0 -79.07981179115583,33.577478950206356,0.0 -79.07979055820822,33.57751074954252,0.0 -79.07976770923517,33.5775413223632,0.0 -79.0797416021294,33.577570811787226,0.0 -79.07971470359668,33.57759891615209,0.0 -79.07968536937548,33.57762577854274,0.0 -79.07965442679252,33.577651069091786,0.0 -79.07962105716392,33.57767477686693,0.0 -79.07957270828926,33.57770752981513,0.0 -79.07926694933194,33.577425973194096,0.0</coordinates>
                    </LinearRing>
                </outerBoundaryIs>
            </Polygon>
        </Placemark>
        <Placemark id="1261779">
            <name>Parcel_137464</name>
            <styleUrl>#1261784</styleUrl>
            <Polygon id="1261778">
                <outerBoundaryIs>
                    <LinearRing id="1261782">
                        <coordinates>-79.07701477537623,33.57760843402598,0.0 -79.07730949729363,33.577056502957156,0.0 -79.07739416376907,33.57708909250649,0.0 -79.07747714889284,33.5771235453657,0.0 -79.07755926911287,33.577159876055774,0.0 -79.07764053153228,33.577197910615666,0.0 -79.07772011151351,33.57723780937811,0.0 -79.07779882666243,33.57727958327259,0.0 -79.07739214735004,33.57777083866417,0.0 -79.07701477537623,33.57760843402598,0.0</coordinates>
                    </LinearRing>
                </outerBoundaryIs>
            </Polygon>
        </Placemark>
        <Placemark id="1261788">
            <name>Parcel_137465</name>
            <styleUrl>#1261793</styleUrl>
            <Polygon id="1261787">
                <outerBoundaryIs>
                    <LinearRing id="1261791">
                        <coordinates>-79.07940542829934,33.577993411107634,0.0 -79.07972469415759,33.57777759132887,0.0 -79.08009310160661,33.57819620121486,0.0 -79.08009549158969,33.57819950248089,0.0 -79.079758983284,33.57841522729586,0.0 -79.0797549821823,33.57841052731857,0.0 -79.07940542829934,33.577993411107634,0.0</coordinates>
                    </LinearRing>
                </outerBoundaryIs>
            </Polygon>
        </Placemark>
        <Placemark id="1261797">
            <name>Parcel_137466</name>
            <styleUrl>#1261802</styleUrl>
            <Polygon id="1261796">
                <outerBoundaryIs>
                    <LinearRing id="1261800">
                        <coordinates>-78.97057360519165,33.68018589545557,0.0 -78.97076761104199,33.67989897768428,0.0 -78.97095348298811,33.679987996462586,0.0 -78.97075944442561,33.68027416627069,0.0 -78.97058070026603,33.680189266143685,0.0 -78.97057360519165,33.68018589545557,0.0</coordinates>
                    </LinearRing>
                </outerBoundaryIs>
            </Polygon>
        </Placemark>
        <Placemark id="1261806">
            <name>Parcel_137467</name>
            <styleUrl>#1261811</styleUrl>
            <Polygon id="1261805">
                <outerBoundaryIs>
                    <LinearRing id="1261809">
                        <coordinates>-79.08088567317273,33.57875062789026,0.0 -79.08098284520297,33.57851314221698,0.0 -79.08098028617457,33.57849074621075,0.0 -79.0809987048196,33.57849180727334,0.0 -79.08189701166789,33.578543530376635,0.0 -79.08171398083526,33.57891443603477,0.0 -79.08088567317273,33.57875062789026,0.0</coordinates>
                    </LinearRing>
                </outerBoundaryIs>
            </Polygon>
        </Placemark>
        <Placemark id="1261815">
            <name>Parcel_137468</name>
            <styleUrl>#1261820</styleUrl>
            <Polygon id="1261814">
                <outerBoundaryIs>
                    <LinearRing id="1261818">
                        <coordinates>-79.08098028617457,33.57849074621075,0.0 -79.08094929945949,33.578219587046675,0.0 -79.08191799920303,33.57814536601104,0.0 -79.08189701166789,33.578543530376635,0.0 -79.0809987048196,33.57849180727334,0.0 -79.08098028617457,33.57849074621075,0.0</coordinates>
                    </LinearRing>
                </outerBoundaryIs>
            </Polygon>
        </Placemark>
        <Placemark id="1261824">
            <name>Parcel_137469</name>
            <styleUrl>#1261829</styleUrl>
            <Polygon id="1261823">
                <outerBoundaryIs>
                    <LinearRing id="1261827">
                        <coordinates>-79.06793049234483,33.57352117460674,0.0 -79.06810422470183,33.57346238238666,0.0 -79.0682599872417,33.57343612568327,0.0 -79.06826488215174,33.57343757773242,0.0 -79.06827060060735,33.57343886949657,0.0 -79.068276319043,33.57344016216201,0.0 -79.06828204134474,33.57344128171594,0.0 -79.06828694392694,33.57344239024656,0.0 -79.06829266620883,33.57344351070161,0.0 -79.0682983923568,33.573444458045124,0.0 -79.06830412011588,33.57344523675153,0.0 -79.06830985008969,33.57344601278649,0.0 -79.06831558388919,33.57344661751315,0.0 -79.06832131766866,33.573447223141194,0.0 -79.0683270514482,33.57344782876893,0.0 -79.06834080595647,33.57345697767237,0.0 -79.06833965094275,33.57376606307274,0.0 -79.06833887500098,33.57383752757321,0.0 -79.06831331791,33.57386131940023,0.0 -79.06830366107302,33.57387031031841,0.0 -79.06830348311756,33.5738703661597,0.0 -79.06810024424148,33.57393465059357,0.0 -79.06805818754998,33.57383262020109,0.0 -79.06793049234483,33.57352117460674,0.0</coordinates>
                    </LinearRing>
                </outerBoundaryIs>
            </Polygon>
        </Placemark>
        <Placemark id="1261833">
            <name>Parcel_137470</name>
            <styleUrl>#1261838</styleUrl>
            <Polygon id="1261832">
                <outerBoundaryIs>
                    <LinearRing id="1261836">
                        <coordinates>-79.06761509828561,33.573599741097304,0.0 -79.06763587045887,33.5735887271062,0.0 -79.06764822787122,33.57358685871218,0.0 -79.0676614087907,33.57358483183936,0.0 -79.06767377879993,33.57358244773242,0.0 -79.06768614771126,33.57358006450895,0.0 -79.06769934014956,33.573577521904824,0.0 -79.0677117227344,33.57357462298526,0.0 -79.06772410210716,33.57357172311228,0.0 -79.06773649018963,33.57356848154048,0.0 -79.06774806140062,33.57356505310784,0.0 -79.06775466578965,33.57356344009671,0.0 -79.06793049234483,33.57352117460674,0.0 -79.06805818754998,33.57383262020109,0.0 -79.06810024424148,33.57393465059357,0.0 -79.06806551523513,33.5739456194156,0.0 -79.06800545486163,33.57396959275991,0.0 -79.06794539337776,33.573993566058085,0.0 -79.06783256275612,33.5740626896226,0.0 -79.06779388917153,33.57408638338127,0.0 -79.06769591146576,33.57409859532055,0.0 -79.06766558614694,33.57391238399949,0.0 -79.06761509828561,33.573599741097304,0.0</coordinates>
                    </LinearRing>
                </outerBoundaryIs>
            </Polygon>
        </Placemark>
        <Placemark id="1261842">
            <name>Parcel_137471</name>
            <styleUrl>#1261847</styleUrl>
            <Polygon id="1261841">
                <outerBoundaryIs>
                    <LinearRing id="1261845">
                        <coordinates>-79.06706045635946,33.57413366278773,0.0 -79.06702882676994,33.57404261853143,0.0 -79.0669225859627,33.573726527290205,0.0 -79.06694102973664,33.57337888057174,0.0 -79.06695648864675,33.57338513765445,0.0 -79.06696534041743,33.57339317902939,0.0 -79.06697337141361,33.57340120845341,0.0 -79.06698223084398,33.573408907211146,0.0 -79.06699191210919,33.57341661883689,0.0 -79.06700077539114,33.573424145383655,0.0 -79.06701045831356,33.573431686567815,0.0 -79.06701932927514,33.573438869595634,0.0 -79.06702902207174,33.57344606549124,0.0 -79.06703953728027,33.573453103797405,0.0 -79.0670492377565,33.57345995617378,0.0 -79.06705893988806,33.573466638109316,0.0 -79.06706946880034,33.5734731598178,0.0 -79.06707999938808,33.573479510183674,0.0 -79.06709053213156,33.57348586058238,0.0 -79.0671010714555,33.57349186834733,0.0 -79.0671116097441,33.5734978742913,0.0 -79.06712297369624,33.573503721794076,0.0 -79.06713352177775,33.57350938605556,0.0 -79.06714489723679,33.57351471873075,0.0 -79.06715627269723,33.57352005140488,0.0 -79.0671676520071,33.57352521186837,0.0 -79.06717903514618,33.573530201022784,0.0 -79.06719042211441,33.5735350188682,0.0 -79.067201812952,33.57353966360126,0.0 -79.06721402835588,33.57354415077725,0.0 -79.06722542685146,33.57354845289222,0.0 -79.06723765380146,33.573552423437,0.0 -79.06724987963518,33.57355639576696,0.0 -79.06726128965754,33.57356018215133,0.0 -79.06727352424603,33.57356381097819,0.0 -79.06728576378056,33.573567266709446,0.0 -79.06729800991437,33.573570378905025,0.0 -79.06731025600877,33.57357349290267,0.0 -79.06731986610988,33.57358429522565,0.0 -79.0671929989085,33.57400756205438,0.0 -79.06715481722689,33.574136343415475,0.0 -79.06712860998908,33.57413525392774,0.0 -79.06706212366554,33.57413248661277,0.0 -79.06706048373066,33.574133643373685,0.0 -79.06706045635946,33.57413366278773,0.0</coordinates>
                    </LinearRing>
                </outerBoundaryIs>
            </Polygon>
        </Placemark>
        <Placemark id="1261851">
            <name>Parcel_137472</name>
            <styleUrl>#1261856</styleUrl>
            <Polygon id="1261850">
                <outerBoundaryIs>
                    <LinearRing id="1261854">
                        <coordinates>-79.06573392805383,33.57312939088615,0.0 -79.06596767528289,33.57292016996168,0.0 -79.06651225436485,33.57335068967474,0.0 -79.06648731306997,33.57336455865012,0.0 -79.06646236682042,33.57337860071482,0.0 -79.06643741120884,33.57339315763372,0.0 -79.06641326647149,33.57340807269024,0.0 -79.06638993699744,33.573423342345876,0.0 -79.06636577690547,33.57343894352652,0.0 -79.06634243205639,33.57345490020827,0.0 -79.06631990302846,33.57347104193447,0.0 -79.06629736138592,33.573487699366765,0.0 -79.06627481422962,33.573504699444634,0.0 -79.06625308181745,33.57352188455085,0.0 -79.06621989825102,33.5735371729878,0.0 -79.06573392805383,33.57312939088615,0.0</coordinates>
                    </LinearRing>
                </outerBoundaryIs>
            </Polygon>
        </Placemark>
        <Placemark id="1261860">
            <name>Parcel_137473</name>
            <styleUrl>#1261865</styleUrl>
            <Polygon id="1261859">
                <outerBoundaryIs>
                    <LinearRing id="1261863">
                        <coordinates>-79.08375390910406,33.576140294425215,0.0 -79.08415704689659,33.57618488169586,0.0 -79.0858032032594,33.57636693055945,0.0 -79.08578405700153,33.57723208442798,0.0 -79.08373354303133,33.577207831341056,0.0 -79.08375390654733,33.576140409833,0.0 -79.08375390910406,33.576140294425215,0.0</coordinates>
                    </LinearRing>
                </outerBoundaryIs>
            </Polygon>
        </Placemark>
        <Placemark id="1261869">
            <name>Parcel_137474</name>
            <styleUrl>#1261874</styleUrl>
            <Polygon id="1261868">
                <outerBoundaryIs>
                    <LinearRing id="1261872">
                        <coordinates>-79.06616539986845,33.57380813680928,0.0 -79.06624857773144,33.57372335894293,0.0 -79.06645739296097,33.573564430878555,0.0 -79.066457439841,33.57356440635857,0.0 -79.06688593996158,33.57334571686309,0.0 -79.06688921915504,33.57334593958097,0.0 -79.06689249342287,33.57334633449149,0.0 -79.06689494522074,33.573346889694456,0.0 -79.06689821566023,33.573347455912796,0.0 -79.06690066749844,33.5733480093124,0.0 -79.0669031144312,33.573348734003126,0.0 -79.06690638205907,33.573349474250975,0.0 -79.0669088251434,33.573350371151136,0.0 -79.06691126824794,33.57335126714966,0.0 -79.06691371021498,33.573352165836134,0.0 -79.06691614947108,33.573353234044184,0.0 -79.06691777670551,33.57335394680079,0.0 -79.06692021592143,33.573355016811966,0.0 -79.0669218410219,33.573355728633175,0.0 -79.0669242764297,33.573356969050636,0.0 -79.06692588829043,33.57335836974394,0.0 -79.06692751339101,33.57335908156509,0.0 -79.06692994493035,33.57336049509369,0.0 -79.0669315529629,33.57336206709491,0.0 -79.06693317421511,33.573362951125574,0.0 -79.06694102973664,33.57337888057174,0.0 -79.0669225859627,33.573726527290205,0.0 -79.06702882676994,33.57404261853143,0.0 -79.06706045635946,33.57413366278773,0.0 -79.06700365538859,33.57418148517923,0.0 -79.06700355435952,33.57418157018319,0.0 -79.0669658945622,33.57421345381023,0.0 -79.06678157976594,33.57419458706573,0.0 -79.06671636239415,33.57422263876253,0.0 -79.06669370356134,33.57423238559902,0.0 -79.06657352126803,33.5741360039074,0.0 -79.06616539986845,33.57380813680928,0.0</coordinates>
                    </LinearRing>
                </outerBoundaryIs>
            </Polygon>
        </Placemark>
        <Placemark id="1261878">
            <name>Parcel_137475</name>
            <styleUrl>#1261883</styleUrl>
            <Polygon id="1261877">
                <outerBoundaryIs>
                    <LinearRing id="1261881">
                        <coordinates>-79.06436264941402,33.57497024607343,0.0 -79.06436188511255,33.574553133435124,0.0 -79.0643616579254,33.57442745309835,0.0 -79.06436174735431,33.57442750140127,0.0 -79.06455152533391,33.574528366797296,0.0 -79.06465764768852,33.57457418846134,0.0 -79.06469292471468,33.574589420520006,0.0 -79.06469351593307,33.57458967601719,0.0 -79.06476377123266,33.574620010050744,0.0 -79.06477927634016,33.574624205398955,0.0 -79.06491690457989,33.574661763819705,0.0 -79.06495962847342,33.5746734236094,0.0 -79.0649596440574,33.57467340130528,0.0 -79.065001141425,33.57461615012841,0.0 -79.06501796987914,33.574592931079486,0.0 -79.06502316652926,33.57458576006007,0.0 -79.0651488805261,33.57456702379985,0.0 -79.0651681587525,33.57456415113244,0.0 -79.06516816944308,33.57456415490772,0.0 -79.06542957638216,33.574659825290986,0.0 -79.06546725565724,33.57465976996633,0.0 -79.06548951651133,33.57465973548178,0.0 -79.06559153876765,33.57465977472099,0.0 -79.06571448481397,33.57465982243822,0.0 -79.06589028658296,33.574618764408214,0.0 -79.06592247700388,33.57461119369882,0.0 -79.06592595464633,33.57461034985391,0.0 -79.06594311523055,33.57460619109906,0.0 -79.06595149080452,33.57459876228476,0.0 -79.0659951394987,33.57455860732331,0.0 -79.06608058967643,33.574479995625936,0.0 -79.06625027887245,33.574381795653906,0.0 -79.0662714974349,33.57436924205906,0.0 -79.06627329803437,33.57436817711685,0.0 -79.06629271383697,33.574356688426846,0.0 -79.06638089750683,33.574305149478754,0.0 -79.06638916871198,33.57430031387202,0.0 -79.0664690810918,33.574253609565716,0.0 -79.06661762012065,33.574245083875255,0.0 -79.06667099228929,33.57424201977005,0.0 -79.06667131920015,33.5742420005375,0.0 -79.06669370356134,33.57423238559902,0.0 -79.06671636239415,33.57422263876253,0.0 -79.06678157976594,33.57419458706573,0.0 -79.0669658945622,33.57421345381023,0.0 -79.06700355435952,33.57418157018319,0.0 -79.06700365538859,33.57418148517923,0.0 -79.06706045635946,33.57413366278773,0.0 -79.06706048373066,33.574133643373685,0.0 -79.06706212366554,33.57413248661277,0.0 -79.06712860998908,33.57413525392774,0.0 -79.06715481722689,33.574136343415475,0.0 -79.06727703799096,33.57414152197561,0.0 -79.06734986237583,33.57413834723019,0.0 -79.06743072406623,33.57413482204192,0.0 -79.06754935525684,33.57411691860611,0.0 -79.06762987387751,33.57410685158508,0.0 -79.06769591146576,33.57409859532055,0.0 -79.06779388917153,33.57408638338127,0.0 -79.06783256275612,33.5740626896226,0.0 -79.06794539337776,33.573993566058085,0.0 -79.06800545486163,33.57396959275991,0.0 -79.06806551523513,33.5739456194156,0.0 -79.06810024424148,33.57393465059357,0.0 -79.06830348311756,33.5738703661597,0.0 -79.06830366107302,33.57387031031841,0.0 -79.06831331791,33.57386131940023,0.0 -79.06833887500098,33.57383752757321,0.0 -79.0684118010853,33.573770628396,0.0 -79.06841201739371,33.57377059209535,0.0 -79.06857238108354,33.57374429514526,0.0 -79.06857249356622,33.57374427616059,0.0 -79.0688206831428,33.573807266466815,0.0 -79.06892103384374,33.57379921441433,0.0 -79.0690284731035,33.573790786113676,0.0 -79.06902877855038,33.57379076293142,0.0 -79.06909235347706,33.573543876439395,0.0 -79.06909620071842,33.573528933809996,0.0 -79.06909853571057,33.573514497865276,0.0 -79.0691285857507,33.57332875505141,0.0 -79.06912864466018,33.57332611600574,0.0 -79.06912870459611,33.57332343097734,0.0 -79.06913680703163,33.57325480221339,0.0 -79.06914895481276,33.573151927972,0.0 -79.06914251568867,33.5730886989405,0.0 -79.0691408737798,33.573072569188724,0.0 -79.06913481302995,33.57301304942416,0.0 -79.06913347716946,33.57299928302218,0.0 -79.0691432547489,33.57296590467289,0.0 -79.06915773261095,33.57291648584787,0.0 -79.06918769139102,33.57281422209254,0.0 -79.0692069306393,33.57275876621354,0.0 -79.0692070181541,33.57275851413825,0.0 -79.06921840140649,33.572725702058264,0.0 -79.06922416914797,33.57270832356818,0.0 -79.06923688915037,33.57266997736875,0.0 -79.06929523840012,33.57260993981759,0.0 -79.0693528552709,33.572550657431385,0.0 -79.0693487822065,33.572438910576686,0.0 -79.06934567679528,33.572361870027194,0.0 -79.06934565486533,33.572361307777896,0.0 -79.06934297035306,33.57229466411565,0.0 -79.06932542535847,33.572170237290464,0.0 -79.06931745050026,33.57211368292279,0.0 -79.06931918505228,33.572109587300254,0.0 -79.06935492871648,33.57201633141938,0.0 -79.06948358097112,33.571917142561816,0.0 -79.06949426929617,33.57187915329753,0.0 -79.06949441211026,33.57187864413306,0.0 -79.06951390111844,33.57180937174203,0.0 -79.06955041105643,33.57168176491897,0.0 -79.0695326870726,33.57161952021663,0.0 -79.06953265105419,33.571619396088096,0.0 -79.06951497912019,33.57155733077963,0.0 -79.06949750632579,33.57149653039091,0.0 -79.06967266209898,33.57149408962109,0.0 -79.06967593022961,33.571557911227764,0.0 -79.0697050728598,33.572035897072475,0.0 -79.0698279958431,33.57399638684294,0.0 -79.07067831721042,33.57537023643531,0.0 -79.06908971428149,33.575364388514394,0.0 -79.0675579389713,33.575358731458934,0.0 -79.06498474301502,33.575349186514494,0.0 -79.06436243198317,33.575346869788575,0.0 -79.0643625456908,33.57514677871818,0.0 -79.06436264941402,33.57497024607343,0.0</coordinates>
                    </LinearRing>
                </outerBoundaryIs>
            </Polygon>
        </Placemark>
        <Placemark id="1261887">
            <name>Parcel_137476</name>
            <styleUrl>#1261892</styleUrl>
            <Polygon id="1261886">
                <outerBoundaryIs>
                    <LinearRing id="1261890">
                        <coordinates>-79.08667272664577,33.58004117621051,0.0 -79.08664490440385,33.579480100153226,0.0 -79.08911783993604,33.57952682166276,0.0 -79.08982877465574,33.57981754510865,0.0 -79.08961403777795,33.58034784241576,0.0 -79.08895969316724,33.580292574613125,0.0 -79.08667272664577,33.58004117621051,0.0</coordinates>
                    </LinearRing>
                </outerBoundaryIs>
            </Polygon>
        </Placemark>
        <Placemark id="1261896">
            <name>Parcel_137477</name>
            <styleUrl>#1261901</styleUrl>
            <Polygon id="1261895">
                <outerBoundaryIs>
                    <LinearRing id="1261899">
                        <coordinates>-79.08664490440385,33.579480100153226,0.0 -79.08661902436604,33.5789425954866,0.0 -79.08956832161658,33.579020058306035,0.0 -79.09015351060452,33.579015588866945,0.0 -79.08982877465574,33.57981754510865,0.0 -79.08911783993604,33.57952682166276,0.0 -79.08664490440385,33.579480100153226,0.0</coordinates>
                    </LinearRing>
                </outerBoundaryIs>
            </Polygon>
        </Placemark>
        <Placemark id="1261905">
            <name>Parcel_137478</name>
            <styleUrl>#1261910</styleUrl>
            <Polygon id="1261904">
                <outerBoundaryIs>
                    <LinearRing id="1261908">
                        <coordinates>-79.08083265683423,33.57711752112065,0.0 -79.08079715784854,33.57679112221829,0.0 -79.08159472106641,33.57675908658716,0.0 -79.08166734869444,33.57707550231891,0.0 -79.08170559688119,33.5772389813544,0.0 -79.0808510955248,33.57728705743847,0.0 -79.08083265683423,33.57711752112065,0.0</coordinates>
                    </LinearRing>
                </outerBoundaryIs>
            </Polygon>
        </Placemark>
        <Placemark id="1261914">
            <name>Parcel_137479</name>
            <styleUrl>#1261919</styleUrl>
            <Polygon id="1261913">
                <outerBoundaryIs>
                    <LinearRing id="1261917">
                        <coordinates>-79.07561264775272,33.582700968070554,0.0 -79.07599105952276,33.5824895177276,0.0 -79.076031508086,33.582539417109054,0.0 -79.07606977828395,33.58259050555259,0.0 -79.07610582200607,33.58264271737135,0.0 -79.07613959124161,33.582695982370204,0.0 -79.07617104220816,33.582750234027685,0.0 -79.07620013451495,33.582805398659545,0.0 -79.0762268287479,33.58286140710636,0.0 -79.07593313052078,33.58295796332229,0.0 -79.07561264775272,33.582700968070554,0.0</coordinates>
                    </LinearRing>
                </outerBoundaryIs>
            </Polygon>
        </Placemark>
        <Placemark id="1261923">
            <name>Parcel_137480</name>
            <styleUrl>#1261928</styleUrl>
            <Polygon id="1261922">
                <outerBoundaryIs>
                    <LinearRing id="1261926">
                        <coordinates>-79.07513227300107,33.5826980911639,0.0 -79.07535981307498,33.58249825146481,0.0 -79.07561264775272,33.582700968070554,0.0 -79.07593313052078,33.58295796332229,0.0 -79.07559397517393,33.58306943271422,0.0 -79.07513227300107,33.5826980911639,0.0</coordinates>
                    </LinearRing>
                </outerBoundaryIs>
            </Polygon>
        </Placemark>
        <Placemark id="1261932">
            <name>Parcel_137481</name>
            <styleUrl>#1261937</styleUrl>
            <Polygon id="1261931">
                <outerBoundaryIs>
                    <LinearRing id="1261935">
                        <coordinates>-79.07395424846506,33.58423593078398,0.0 -79.07395431633141,33.58423593184271,0.0 -79.07480238303117,33.58424882691632,0.0 -79.07480018815468,33.584409881692736,0.0 -79.07427705568671,33.58459072805339,0.0 -79.07426863722736,33.584576647436656,0.0 -79.07425834305192,33.584563467456555,0.0 -79.07424631152324,33.58455136254024,0.0 -79.0742326996182,33.584540493876055,0.0 -79.07421768735715,33.58453100407119,0.0 -79.07420147347486,33.58452301798605,0.0 -79.0741842722089,33.58451664178235,0.0 -79.07416631012806,33.584511960167916,0.0 -79.07414782511553,33.58450903367487,0.0 -79.07412906092239,33.58450790128053,0.0 -79.0741171488564,33.58450746743649,0.0 -79.07410544524784,33.58450556037705,0.0 -79.07409420775323,33.584502223806496,0.0 -79.07408368474847,33.58449753104832,0.0 -79.07407410886535,33.584491584944224,0.0 -79.07406569052782,33.58448451775343,0.0 -79.07394507857171,33.58437207176969,0.0 -79.07393555112453,33.5843614354511,0.0 -79.0739278572783,33.58434980584511,0.0 -79.07392214193074,33.58433740257864,0.0 -79.07391851408863,33.58432446005152,0.0 -79.07391704263975,33.58431122376269,0.0 -79.07391775326124,33.5842979439486,0.0 -79.07392063500416,33.584284870274104,0.0 -79.07392563275236,33.58427225171499,0.0 -79.07393265067569,33.584260326690504,0.0 -79.07394155769609,33.584249319540916,0.0 -79.07395424846506,33.58423593078398,0.0</coordinates>
                    </LinearRing>
                </outerBoundaryIs>
            </Polygon>
        </Placemark>
        <Placemark id="1261941">
            <name>Parcel_137482</name>
            <styleUrl>#1261946</styleUrl>
            <Polygon id="1261940">
                <outerBoundaryIs>
                    <LinearRing id="1261944">
                        <coordinates>-79.06951298417053,33.582961244537074,0.0 -79.06955299078629,33.582883631740565,0.0 -79.06955268406595,33.582748381801075,0.0 -79.06951539482813,33.58266640181694,0.0 -79.07079894146558,33.582893861369556,0.0 -79.07143225957428,33.58297941919054,0.0 -79.07141324167536,33.58307889141598,0.0 -79.07138050120439,33.58325014079366,0.0 -79.07138034973703,33.58325011948691,0.0 -79.0707270158495,33.58316255753226,0.0 -79.07071232244942,33.58316058809421,0.0 -79.06951298417053,33.582961244537074,0.0</coordinates>
                    </LinearRing>
                </outerBoundaryIs>
            </Polygon>
        </Placemark>
        <Placemark id="1261950">
            <name>Parcel_137483</name>
            <styleUrl>#1261955</styleUrl>
            <Polygon id="1261949">
                <outerBoundaryIs>
                    <LinearRing id="1261953">
                        <coordinates>-79.06099488543616,33.5765445712109,0.0 -79.06096499058843,33.57653659213641,0.0 -79.06041433113357,33.57638960362982,0.0 -79.06041417242454,33.57638385128659,0.0 -79.06041519958082,33.57637422842147,0.0 -79.06041782958887,33.57636482014586,0.0 -79.0604277926089,33.576335304745875,0.0 -79.06043599587566,33.576305411745864,0.0 -79.06044241834451,33.5762752147744,0.0 -79.0604470443363,33.576244788446154,0.0 -79.06100303476298,33.57627775017538,0.0 -79.06105244510042,33.57642269816797,0.0 -79.06109645084459,33.576549471100876,0.0 -79.06099488543616,33.5765445712109,0.0</coordinates>
                    </LinearRing>
                </outerBoundaryIs>
            </Polygon>
        </Placemark>
        <Placemark id="1261959">
            <name>Parcel_137484</name>
            <styleUrl>#1261964</styleUrl>
            <Polygon id="1261958">
                <outerBoundaryIs>
                    <LinearRing id="1261962">
                        <coordinates>-79.07289476226501,33.5818015430322,0.0 -79.07304434588995,33.58181439075545,0.0 -79.07338539434288,33.582103708124066,0.0 -79.07329451958317,33.582160709177465,0.0 -79.07326039996376,33.58218082379152,0.0 -79.07322491998043,33.582199216117765,0.0 -79.07318820390363,33.5822158222532,0.0 -79.07315037913537,33.582230582853526,0.0 -79.0731115793405,33.58224344769167,0.0 -79.07307193808369,33.58225437104879,0.0 -79.0730315962896,33.58226331543851,0.0 -79.07299069260822,33.582270248750554,0.0 -79.07294937089502,33.58227514707372,0.0 -79.07290777592212,33.582277993726684,0.0 -79.07289476226501,33.5818015430322,0.0</coordinates>
                    </LinearRing>
                </outerBoundaryIs>
            </Polygon>
        </Placemark>
        <Placemark id="1261968">
            <name>Parcel_137485</name>
            <styleUrl>#1261973</styleUrl>
            <Polygon id="1261967">
                <outerBoundaryIs>
                    <LinearRing id="1261971">
                        <coordinates>-79.07248847314295,33.582219010585234,0.0 -79.07264831519703,33.5817870594554,0.0 -79.07278443091015,33.58179836689149,0.0 -79.07289476226501,33.5818015430322,0.0 -79.07290777592212,33.582277993726684,0.0 -79.07286738613949,33.582278789238124,0.0 -79.07282700822942,33.58227764937034,0.0 -79.07278677465241,33.58227457799488,0.0 -79.07274681663095,33.582269586179514,0.0 -79.072707265287,33.58226268950045,0.0 -79.07248847314295,33.582219010585234,0.0</coordinates>
                    </LinearRing>
                </outerBoundaryIs>
            </Polygon>
        </Placemark>
        <Placemark id="1261977">
            <name>Parcel_137486</name>
            <styleUrl>#1261982</styleUrl>
            <Polygon id="1261976">
                <outerBoundaryIs>
                    <LinearRing id="1261980">
                        <coordinates>-79.0731841279503,33.58376236044293,0.0 -79.07341496184233,33.58372919085506,0.0 -79.07391949573024,33.58401656139136,0.0 -79.07391958724854,33.584016613327385,0.0 -79.0739005414336,33.58404918087772,0.0 -79.07389286251723,33.58406122185943,0.0 -79.07389281680425,33.58406129059516,0.0 -79.07389270197311,33.58406146287701,0.0 -79.0738735434495,33.58408931605941,0.0 -79.07387348231372,33.584089399887475,0.0 -79.07386666730503,33.584098649330166,0.0 -79.07386544573394,33.58410027449852,0.0 -79.0738530090806,33.58411628552554,0.0 -79.07385265997054,33.584116719320974,0.0 -79.07384532208839,33.58412573692565,0.0 -79.07384327372988,33.584128196111145,0.0 -79.07382936131803,33.5841443744206,0.0 -79.07381491423641,33.584160221494685,0.0 -79.07381095445194,33.584164410532516,0.0 -79.07380029523105,33.584175368689856,0.0 -79.07379588326887,33.58417978066582,0.0 -79.07377173829512,33.58420270994559,0.0 -79.07375680721171,33.584215950087845,0.0 -79.07373452345911,33.584234515979716,0.0 -79.07371143735034,33.58425238297739,0.0 -79.07368281039805,33.58427280167856,0.0 -79.0736726976043,33.584279594199714,0.0 -79.07366973921792,33.58428154402206,0.0 -79.0731841279503,33.58376236044293,0.0</coordinates>
                    </LinearRing>
                </outerBoundaryIs>
            </Polygon>
        </Placemark>
        <Placemark id="1261986">
            <name>Parcel_137487</name>
            <styleUrl>#1261991</styleUrl>
            <Polygon id="1261985">
                <outerBoundaryIs>
                    <LinearRing id="1261989">
                        <coordinates>-79.07048280730527,33.57972773733822,0.0 -79.07048448589191,33.57972369133566,0.0 -79.07040656295084,33.579473880272374,0.0 -79.07041394406166,33.579447901749205,0.0 -79.0725566385949,33.57961019240674,0.0 -79.07309292196449,33.579540409374346,0.0 -79.07309669213274,33.57955541327765,0.0 -79.07310243552008,33.57956997265885,0.0 -79.0731100807415,33.57958390601653,0.0 -79.07311953253314,33.57959703959393,0.0 -79.07313067384615,33.57960921011749,0.0 -79.0731433647292,33.57962026658327,0.0 -79.07273961729946,33.57998434035337,0.0 -79.07265869446886,33.57992228936757,0.0 -79.07263781214473,33.57989483136217,0.0 -79.07048280730527,33.57972773733822,0.0</coordinates>
                    </LinearRing>
                </outerBoundaryIs>
            </Polygon>
        </Placemark>
        <Placemark id="1261995">
            <name>Parcel_137488</name>
            <styleUrl>#1262000</styleUrl>
            <Polygon id="1261994">
                <outerBoundaryIs>
                    <LinearRing id="1261998">
                        <coordinates>-79.07223502727238,33.582182277146124,0.0 -79.07220242875141,33.58218219204562,0.0 -79.07216985835971,33.582183310556445,0.0 -79.07213737755778,33.5821856309326,0.0 -79.07213720370366,33.58218564715844,0.0 -79.07219563261427,33.582032211455065,0.0 -79.07231389789764,33.5817216315398,0.0 -79.07243094860962,33.58174643768066,0.0 -79.07264831519703,33.5817870594554,0.0 -79.07248847314295,33.582219010585234,0.0 -79.07238784842659,33.58219895080331,0.0 -79.07235037302402,33.58219232453153,0.0 -79.07231253790874,33.582187333250786,0.0 -79.07227444517329,33.58218398937811,0.0 -79.07223619589313,33.58218230260888,0.0 -79.07223502727238,33.582182277146124,0.0</coordinates>
                    </LinearRing>
                </outerBoundaryIs>
            </Polygon>
        </Placemark>
        <Placemark id="1262004">
            <name>Parcel_137489</name>
            <styleUrl>#1262009</styleUrl>
            <Polygon id="1262003">
                <outerBoundaryIs>
                    <LinearRing id="1262007">
                        <coordinates>-79.07355949783518,33.58523245570432,0.0 -79.07373577352405,33.584430424739516,0.0 -79.07375181287289,33.584431293708036,0.0 -79.07376754754627,33.58443403664967,0.0 -79.07378266840276,33.5844385991351,0.0 -79.07379687462449,33.584444891689664,0.0 -79.07380988668422,33.58445278819148,0.0 -79.07382144722197,33.584462134904825,0.0 -79.07394220372645,33.5845769923292,0.0 -79.07394930188583,33.584582853792234,0.0 -79.0739552520957,33.58458955057639,0.0 -79.07395991449519,33.584596927171255,0.0 -79.07396318082502,33.58460481232455,0.0 -79.07396497544441,33.58461302176377,0.0 -79.07396525628789,33.58462136362275,0.0 -79.07396401582216,33.584629643868205,0.0 -79.07396300036072,33.58464557963173,0.0 -79.07396420607333,33.58466150675252,0.0 -79.07396761625502,33.584677207603775,0.0 -79.07397318389742,33.58469247039946,0.0 -79.07398083496027,33.58470708744139,0.0 -79.07399046394195,33.584720860461736,0.0 -79.07400194243736,33.58473360346246,0.0 -79.07401511265415,33.58474514351603,0.0 -79.07402979599036,33.58475532270318,0.0 -79.0740457950488,33.584764004457924,0.0 -79.07406289156262,33.58477106992741,0.0 -79.07406288368057,33.58477108513733,0.0 -79.073815857838,33.585272603153854,0.0 -79.07355949783518,33.58523245570432,0.0</coordinates>
                    </LinearRing>
                </outerBoundaryIs>
            </Polygon>
        </Placemark>
        <Placemark id="1262013">
            <name>Parcel_137490</name>
            <styleUrl>#1262018</styleUrl>
            <Polygon id="1262012">
                <outerBoundaryIs>
                    <LinearRing id="1262016">
                        <coordinates>-79.073815857838,33.585272603153854,0.0 -79.07406288368057,33.58477108513733,0.0 -79.07406289156262,33.58477106992741,0.0 -79.07408126004574,33.58477652183348,0.0 -79.07410027245452,33.58478010866059,0.0 -79.07411965944198,33.58478177930634,0.0 -79.07413914676962,33.58478150874851,0.0 -79.07415845736185,33.58477930258639,0.0 -79.0741773168329,33.58477519081366,0.0 -79.07417731990402,33.58477519807699,0.0 -79.07442286937219,33.58536774814796,0.0 -79.073815857838,33.585272603153854,0.0</coordinates>
                    </LinearRing>
                </outerBoundaryIs>
            </Polygon>
        </Placemark>
        <Placemark id="1262022">
            <name>Parcel_137491</name>
            <styleUrl>#1262027</styleUrl>
            <Polygon id="1262021">
                <outerBoundaryIs>
                    <LinearRing id="1262025">
                        <coordinates>-78.97144420555318,33.68101066302739,0.0 -78.97165254494648,33.68069847145596,0.0 -78.9716887448891,33.68071568190685,0.0 -78.97185504590212,33.68079468949502,0.0 -78.97163520903771,33.681103832672065,0.0 -78.97162870643027,33.68110063321641,0.0 -78.97144420555318,33.68101066302739,0.0</coordinates>
                    </LinearRing>
                </outerBoundaryIs>
            </Polygon>
        </Placemark>
        <Placemark id="1262031">
            <name>Parcel_137492</name>
            <styleUrl>#1262036</styleUrl>
            <Polygon id="1262030">
                <outerBoundaryIs>
                    <LinearRing id="1262034">
                        <coordinates>-78.97198615503312,33.68152762960535,0.0 -78.97199863477668,33.68152130523761,0.0 -78.97201192525908,33.681515510079095,0.0 -78.97202684503482,33.6815102566577,0.0 -78.97204096536696,33.68150413057129,0.0 -78.97205510773117,33.68149697392985,0.0 -78.97206762884045,33.68148893294434,0.0 -78.97208016501723,33.68148020402627,0.0 -78.97209107674605,33.681470588908525,0.0 -78.97210200673504,33.68146028771476,0.0 -78.97211130827625,33.681449270722496,0.0 -78.97211980006824,33.68143772814382,0.0 -78.97212239842789,33.681432100290436,0.0 -78.97212416989878,33.68142663114088,0.0 -78.97217954870732,33.68144900040114,0.0 -78.97250822382514,33.68156199334893,0.0 -78.97231824647103,33.68174089070616,0.0 -78.972174567727,33.68166119966396,0.0 -78.97198615503312,33.68152762960535,0.0</coordinates>
                    </LinearRing>
                </outerBoundaryIs>
            </Polygon>
        </Placemark>
        <Placemark id="1262040">
            <name>Parcel_137493</name>
            <styleUrl>#1262045</styleUrl>
            <Polygon id="1262039">
                <outerBoundaryIs>
                    <LinearRing id="1262043">
                        <coordinates>-78.96826839064762,33.679267265786464,0.0 -78.9684242544356,33.67917076152341,0.0 -78.96845275114336,33.679153116276254,0.0 -78.96872754384341,33.679458318226295,0.0 -78.96853573077149,33.67957475112736,0.0 -78.96826855768295,33.67926745703739,0.0 -78.96826839064762,33.679267265786464,0.0</coordinates>
                    </LinearRing>
                </outerBoundaryIs>
            </Polygon>
        </Placemark>
        <Placemark id="1262049">
            <name>Parcel_137494</name>
            <styleUrl>#1262054</styleUrl>
            <Polygon id="1262048">
                <outerBoundaryIs>
                    <LinearRing id="1262052">
                        <coordinates>-78.96986455175265,33.67989931348338,0.0 -78.9698866737743,33.679859623552275,0.0 -78.97003633829365,33.679930680395586,0.0 -78.97026779940724,33.680040663184194,0.0 -78.9701961916246,33.68045460706571,0.0 -78.9701600323542,33.680454186419745,0.0 -78.97012381125708,33.680456167511494,0.0 -78.97008836485539,33.680460394514775,0.0 -78.97005285568292,33.68046720092252,0.0 -78.96986455175265,33.67989931348338,0.0</coordinates>
                    </LinearRing>
                </outerBoundaryIs>
            </Polygon>
        </Placemark>
        <Placemark id="1262058">
            <name>Parcel_137495</name>
            <styleUrl>#1262063</styleUrl>
            <Polygon id="1262057">
                <outerBoundaryIs>
                    <LinearRing id="1262061">
                        <coordinates>-78.96965161332271,33.68022521634724,0.0 -78.96968081654661,33.68018623444365,0.0 -78.96972205522951,33.68013118557332,0.0 -78.96977125297137,33.68006670236564,0.0 -78.96986455175265,33.67989931348338,0.0 -78.97005285568292,33.68046720092252,0.0 -78.97001645616929,33.680476912271885,0.0 -78.96998081787807,33.68048921295071,0.0 -78.96994676144422,33.68050411824174,0.0 -78.96991429715796,33.680521281971075,0.0 -78.96965161332271,33.68022521634724,0.0</coordinates>
                    </LinearRing>
                </outerBoundaryIs>
            </Polygon>
        </Placemark>
        <Placemark id="1262067">
            <name>Parcel_137496</name>
            <styleUrl>#1262072</styleUrl>
            <Polygon id="1262066">
                <outerBoundaryIs>
                    <LinearRing id="1262070">
                        <coordinates>-78.97016476889519,33.679500959542295,0.0 -78.97022249579011,33.67942653075452,0.0 -78.97029914995171,33.679327699643245,0.0 -78.97061201137781,33.679477598020355,0.0 -78.97058429027967,33.67951312569668,0.0 -78.97058208566517,33.679515997348,0.0 -78.97057958718068,33.679518657630275,0.0 -78.97057699155602,33.67952127392637,0.0 -78.97057415071521,33.67952372023955,0.0 -78.97057116495046,33.67952599821645,0.0 -78.97056793409496,33.67952814679959,0.0 -78.97056460682283,33.67953012874483,0.0 -78.97056118630758,33.67953190081125,0.0 -78.9705575692301,33.679533544280716,0.0 -78.97055390836988,33.67953493899813,0.0 -78.97055015123966,33.679536206765306,0.0 -78.97054629976687,33.67953726553749,0.0 -78.97053995096846,33.679538822663744,0.0 -78.97053359933,33.67954054660169,0.0 -78.97052743917374,33.67954252352028,0.0 -78.9705213744381,33.679544709451186,0.0 -78.9705154050189,33.679547062903545,0.0 -78.97050957954873,33.67954962616506,0.0 -78.97050379879259,33.679552398508235,0.0 -78.9704983128801,33.67955534074719,0.0 -78.97049287068609,33.679558534442606,0.0 -78.97048752480384,33.67956185328481,0.0 -78.97048242401182,33.67956530152057,0.0 -78.97047746619447,33.679569001038786,0.0 -78.9704726553318,33.679572828339246,0.0 -78.97046813920868,33.67957678404476,0.0 -78.97046371740636,33.67958094964663,0.0 -78.97045959032239,33.67958524455515,0.0 -78.9704556102144,33.679589666344405,0.0 -78.97045187519662,33.679594217527445,0.0 -78.9704483366577,33.67959885491493,0.0 -78.97044504236008,33.67960370375866,0.0 -78.97044194648988,33.679608555860526,0.0 -78.97043909475696,33.679613577927796,0.0 -78.97043654076964,33.67961864637327,0.0 -78.97043423284705,33.67962380273946,0.0 -78.9704322820627,33.679628589763524,0.0 -78.97016476889519,33.679500959542295,0.0</coordinates>
                    </LinearRing>
                </outerBoundaryIs>
            </Polygon>
        </Placemark>
        <Placemark id="1262076">
            <name>Parcel_137497</name>
            <styleUrl>#1262081</styleUrl>
            <Polygon id="1262075">
                <outerBoundaryIs>
                    <LinearRing id="1262079">
                        <coordinates>-78.97165880310882,33.67967307235691,0.0 -78.97165880408255,33.67967303088372,0.0 -78.9716545425131,33.67966614680652,0.0 -78.97164978195302,33.67965937900792,0.0 -78.9716447157313,33.67965285602988,0.0 -78.97163909909045,33.67964657205195,0.0 -78.97163317579307,33.67964057526917,0.0 -78.97162669902964,33.679634901316646,0.0 -78.97161991780884,33.679629512791436,0.0 -78.97161287966436,33.67962445286469,0.0 -78.9716054368536,33.67961971911177,0.0 -78.97159773616652,33.67961535452883,0.0 -78.97159758929308,33.67961526914017,0.0 -78.97172472348846,33.67945211047588,0.0 -78.97208902975943,33.67962516140447,0.0 -78.97194420599456,33.679809386270314,0.0 -78.97165880310882,33.67967307235691,0.0</coordinates>
                    </LinearRing>
                </outerBoundaryIs>
            </Polygon>
        </Placemark>
        <Placemark id="1262085">
            <name>Parcel_137498</name>
            <styleUrl>#1262090</styleUrl>
            <Polygon id="1262084">
                <outerBoundaryIs>
                    <LinearRing id="1262088">
                        <coordinates>-78.97237800673574,33.68001573605801,0.0 -78.9723755311464,33.6800111253272,0.0 -78.97237122281616,33.68000411604177,0.0 -78.97236646207628,33.67999730678029,0.0 -78.9723612470852,33.679990821979914,0.0 -78.97235558161033,33.679984455158596,0.0 -78.97234950943958,33.67997845506756,0.0 -78.9723430345506,33.67997269820652,0.0 -78.97233615402311,33.67996730899487,0.0 -78.97232896698758,33.679962246667785,0.0 -78.9723214249153,33.679957510429055,0.0 -78.97231779440581,33.67995549817453,0.0 -78.97244380011912,33.67979377420518,0.0 -78.97280486390778,33.67996531585327,0.0 -78.9726601363995,33.680149709969086,0.0 -78.97237800673574,33.68001573605801,0.0</coordinates>
                    </LinearRing>
                </outerBoundaryIs>
            </Polygon>
        </Placemark>
        <Placemark id="1262094">
            <name>Parcel_137499</name>
            <styleUrl>#1262099</styleUrl>
            <Polygon id="1262093">
                <outerBoundaryIs>
                    <LinearRing id="1262097">
                        <coordinates>-78.97038776426342,33.68009766671685,0.0 -78.97058142328325,33.67981074353154,0.0 -78.97076761104199,33.67989897768428,0.0 -78.97057360519165,33.68018589545557,0.0 -78.97038776426342,33.68009766671685,0.0</coordinates>
                    </LinearRing>
                </outerBoundaryIs>
            </Polygon>
        </Placemark>
    </Document>
</kml>
