<?xml version="1.0" encoding="UTF-8"?>
<kml xmlns="http://www.opengis.net/kml/2.2" xmlns:gx="http://www.google.com/kml/ext/2.2">
    <Document id="511698">
        <Style id="511705">
            <LineStyle id="511707">
                <color>ffffffff</color>
                <colorMode>normal</colorMode>
                <width>1</width>
            </LineStyle>
            <PolyStyle id="511706">
                <colorMode>normal</colorMode>
                <fill>0</fill>
                <outline>1</outline>
            </PolyStyle>
        </Style>
        <Style id="511714">
            <LineStyle id="511716">
                <color>ffffffff</color>
                <colorMode>normal</colorMode>
                <width>1</width>
            </LineStyle>
            <PolyStyle id="511715">
                <colorMode>normal</colorMode>
                <fill>0</fill>
                <outline>1</outline>
            </PolyStyle>
        </Style>
        <Style id="511723">
            <LineStyle id="511725">
                <color>ffffffff</color>
                <colorMode>normal</colorMode>
                <width>1</width>
            </LineStyle>
            <PolyStyle id="511724">
                <colorMode>normal</colorMode>
                <fill>0</fill>
                <outline>1</outline>
            </PolyStyle>
        </Style>
        <Style id="511732">
            <LineStyle id="511734">
                <color>ffffffff</color>
                <colorMode>normal</colorMode>
                <width>1</width>
            </LineStyle>
            <PolyStyle id="511733">
                <colorMode>normal</colorMode>
                <fill>0</fill>
                <outline>1</outline>
            </PolyStyle>
        </Style>
        <Style id="511741">
            <LineStyle id="511743">
                <color>ffffffff</color>
                <colorMode>normal</colorMode>
                <width>1</width>
            </LineStyle>
            <PolyStyle id="511742">
                <colorMode>normal</colorMode>
                <fill>0</fill>
                <outline>1</outline>
            </PolyStyle>
        </Style>
        <Style id="511750">
            <LineStyle id="511752">
                <color>ffffffff</color>
                <colorMode>normal</colorMode>
                <width>1</width>
            </LineStyle>
            <PolyStyle id="511751">
                <colorMode>normal</colorMode>
                <fill>0</fill>
                <outline>1</outline>
            </PolyStyle>
        </Style>
        <Style id="511759">
            <LineStyle id="511761">
                <color>ffffffff</color>
                <colorMode>normal</colorMode>
                <width>1</width>
            </LineStyle>
            <PolyStyle id="511760">
                <colorMode>normal</colorMode>
                <fill>0</fill>
                <outline>1</outline>
            </PolyStyle>
        </Style>
        <Style id="511768">
            <LineStyle id="511770">
                <color>ffffffff</color>
                <colorMode>normal</colorMode>
                <width>1</width>
            </LineStyle>
            <PolyStyle id="511769">
                <colorMode>normal</colorMode>
                <fill>0</fill>
                <outline>1</outline>
            </PolyStyle>
        </Style>
        <Style id="511777">
            <LineStyle id="511779">
                <color>ffffffff</color>
                <colorMode>normal</colorMode>
                <width>1</width>
            </LineStyle>
            <PolyStyle id="511778">
                <colorMode>normal</colorMode>
                <fill>0</fill>
                <outline>1</outline>
            </PolyStyle>
        </Style>
        <Style id="511786">
            <LineStyle id="511788">
                <color>ffffffff</color>
                <colorMode>normal</colorMode>
                <width>1</width>
            </LineStyle>
            <PolyStyle id="511787">
                <colorMode>normal</colorMode>
                <fill>0</fill>
                <outline>1</outline>
            </PolyStyle>
        </Style>
        <Style id="511795">
            <LineStyle id="511797">
                <color>ffffffff</color>
                <colorMode>normal</colorMode>
                <width>1</width>
            </LineStyle>
            <PolyStyle id="511796">
                <colorMode>normal</colorMode>
                <fill>0</fill>
                <outline>1</outline>
            </PolyStyle>
        </Style>
        <Style id="511804">
            <LineStyle id="511806">
                <color>ffffffff</color>
                <colorMode>normal</colorMode>
                <width>1</width>
            </LineStyle>
            <PolyStyle id="511805">
                <colorMode>normal</colorMode>
                <fill>0</fill>
                <outline>1</outline>
            </PolyStyle>
        </Style>
        <Style id="511813">
            <LineStyle id="511815">
                <color>ffffffff</color>
                <colorMode>normal</colorMode>
                <width>1</width>
            </LineStyle>
            <PolyStyle id="511814">
                <colorMode>normal</colorMode>
                <fill>0</fill>
                <outline>1</outline>
            </PolyStyle>
        </Style>
        <Style id="511822">
            <LineStyle id="511824">
                <color>ffffffff</color>
                <colorMode>normal</colorMode>
                <width>1</width>
            </LineStyle>
            <PolyStyle id="511823">
                <colorMode>normal</colorMode>
                <fill>0</fill>
                <outline>1</outline>
            </PolyStyle>
        </Style>
        <Style id="511831">
            <LineStyle id="511833">
                <color>ffffffff</color>
                <colorMode>normal</colorMode>
                <width>1</width>
            </LineStyle>
            <PolyStyle id="511832">
                <colorMode>normal</colorMode>
                <fill>0</fill>
                <outline>1</outline>
            </PolyStyle>
        </Style>
        <Style id="511840">
            <LineStyle id="511842">
                <color>ffffffff</color>
                <colorMode>normal</colorMode>
                <width>1</width>
            </LineStyle>
            <PolyStyle id="511841">
                <colorMode>normal</colorMode>
                <fill>0</fill>
                <outline>1</outline>
            </PolyStyle>
        </Style>
        <Style id="511849">
            <LineStyle id="511851">
                <color>ffffffff</color>
                <colorMode>normal</colorMode>
                <width>1</width>
            </LineStyle>
            <PolyStyle id="511850">
                <colorMode>normal</colorMode>
                <fill>0</fill>
                <outline>1</outline>
            </PolyStyle>
        </Style>
        <Style id="511858">
            <LineStyle id="511860">
                <color>ffffffff</color>
                <colorMode>normal</colorMode>
                <width>1</width>
            </LineStyle>
            <PolyStyle id="511859">
                <colorMode>normal</colorMode>
                <fill>0</fill>
                <outline>1</outline>
            </PolyStyle>
        </Style>
        <Style id="511867">
            <LineStyle id="511869">
                <color>ffffffff</color>
                <colorMode>normal</colorMode>
                <width>1</width>
            </LineStyle>
            <PolyStyle id="511868">
                <colorMode>normal</colorMode>
                <fill>0</fill>
                <outline>1</outline>
            </PolyStyle>
        </Style>
        <Style id="511876">
            <LineStyle id="511878">
                <color>ffffffff</color>
                <colorMode>normal</colorMode>
                <width>1</width>
            </LineStyle>
            <PolyStyle id="511877">
                <colorMode>normal</colorMode>
                <fill>0</fill>
                <outline>1</outline>
            </PolyStyle>
        </Style>
        <Style id="511885">
            <LineStyle id="511887">
                <color>ffffffff</color>
                <colorMode>normal</colorMode>
                <width>1</width>
            </LineStyle>
            <PolyStyle id="511886">
                <colorMode>normal</colorMode>
                <fill>0</fill>
                <outline>1</outline>
            </PolyStyle>
        </Style>
        <Style id="511894">
            <LineStyle id="511896">
                <color>ffffffff</color>
                <colorMode>normal</colorMode>
                <width>1</width>
            </LineStyle>
            <PolyStyle id="511895">
                <colorMode>normal</colorMode>
                <fill>0</fill>
                <outline>1</outline>
            </PolyStyle>
        </Style>
        <Style id="511903">
            <LineStyle id="511905">
                <color>ffffffff</color>
                <colorMode>normal</colorMode>
                <width>1</width>
            </LineStyle>
            <PolyStyle id="511904">
                <colorMode>normal</colorMode>
                <fill>0</fill>
                <outline>1</outline>
            </PolyStyle>
        </Style>
        <Style id="511912">
            <LineStyle id="511914">
                <color>ffffffff</color>
                <colorMode>normal</colorMode>
                <width>1</width>
            </LineStyle>
            <PolyStyle id="511913">
                <colorMode>normal</colorMode>
                <fill>0</fill>
                <outline>1</outline>
            </PolyStyle>
        </Style>
        <Style id="511921">
            <LineStyle id="511923">
                <color>ffffffff</color>
                <colorMode>normal</colorMode>
                <width>1</width>
            </LineStyle>
            <PolyStyle id="511922">
                <colorMode>normal</colorMode>
                <fill>0</fill>
                <outline>1</outline>
            </PolyStyle>
        </Style>
        <Style id="511930">
            <LineStyle id="511932">
                <color>ffffffff</color>
                <colorMode>normal</colorMode>
                <width>1</width>
            </LineStyle>
            <PolyStyle id="511931">
                <colorMode>normal</colorMode>
                <fill>0</fill>
                <outline>1</outline>
            </PolyStyle>
        </Style>
        <Style id="511939">
            <LineStyle id="511941">
                <color>ffffffff</color>
                <colorMode>normal</colorMode>
                <width>1</width>
            </LineStyle>
            <PolyStyle id="511940">
                <colorMode>normal</colorMode>
                <fill>0</fill>
                <outline>1</outline>
            </PolyStyle>
        </Style>
        <Style id="511948">
            <LineStyle id="511950">
                <color>ffffffff</color>
                <colorMode>normal</colorMode>
                <width>1</width>
            </LineStyle>
            <PolyStyle id="511949">
                <colorMode>normal</colorMode>
                <fill>0</fill>
                <outline>1</outline>
            </PolyStyle>
        </Style>
        <Style id="511957">
            <LineStyle id="511959">
                <color>ffffffff</color>
                <colorMode>normal</colorMode>
                <width>1</width>
            </LineStyle>
            <PolyStyle id="511958">
                <colorMode>normal</colorMode>
                <fill>0</fill>
                <outline>1</outline>
            </PolyStyle>
        </Style>
        <Style id="511966">
            <LineStyle id="511968">
                <color>ffffffff</color>
                <colorMode>normal</colorMode>
                <width>1</width>
            </LineStyle>
            <PolyStyle id="511967">
                <colorMode>normal</colorMode>
                <fill>0</fill>
                <outline>1</outline>
            </PolyStyle>
        </Style>
        <Style id="511975">
            <LineStyle id="511977">
                <color>ffffffff</color>
                <colorMode>normal</colorMode>
                <width>1</width>
            </LineStyle>
            <PolyStyle id="511976">
                <colorMode>normal</colorMode>
                <fill>0</fill>
                <outline>1</outline>
            </PolyStyle>
        </Style>
        <Style id="511984">
            <LineStyle id="511986">
                <color>ffffffff</color>
                <colorMode>normal</colorMode>
                <width>1</width>
            </LineStyle>
            <PolyStyle id="511985">
                <colorMode>normal</colorMode>
                <fill>0</fill>
                <outline>1</outline>
            </PolyStyle>
        </Style>
        <Style id="511993">
            <LineStyle id="511995">
                <color>ffffffff</color>
                <colorMode>normal</colorMode>
                <width>1</width>
            </LineStyle>
            <PolyStyle id="511994">
                <colorMode>normal</colorMode>
                <fill>0</fill>
                <outline>1</outline>
            </PolyStyle>
        </Style>
        <Style id="512002">
            <LineStyle id="512004">
                <color>ffffffff</color>
                <colorMode>normal</colorMode>
                <width>1</width>
            </LineStyle>
            <PolyStyle id="512003">
                <colorMode>normal</colorMode>
                <fill>0</fill>
                <outline>1</outline>
            </PolyStyle>
        </Style>
        <Style id="512011">
            <LineStyle id="512013">
                <color>ffffffff</color>
                <colorMode>normal</colorMode>
                <width>1</width>
            </LineStyle>
            <PolyStyle id="512012">
                <colorMode>normal</colorMode>
                <fill>0</fill>
                <outline>1</outline>
            </PolyStyle>
        </Style>
        <Style id="512020">
            <LineStyle id="512022">
                <color>ffffffff</color>
                <colorMode>normal</colorMode>
                <width>1</width>
            </LineStyle>
            <PolyStyle id="512021">
                <colorMode>normal</colorMode>
                <fill>0</fill>
                <outline>1</outline>
            </PolyStyle>
        </Style>
        <Style id="512029">
            <LineStyle id="512031">
                <color>ffffffff</color>
                <colorMode>normal</colorMode>
                <width>1</width>
            </LineStyle>
            <PolyStyle id="512030">
                <colorMode>normal</colorMode>
                <fill>0</fill>
                <outline>1</outline>
            </PolyStyle>
        </Style>
        <Style id="512038">
            <LineStyle id="512040">
                <color>ffffffff</color>
                <colorMode>normal</colorMode>
                <width>1</width>
            </LineStyle>
            <PolyStyle id="512039">
                <colorMode>normal</colorMode>
                <fill>0</fill>
                <outline>1</outline>
            </PolyStyle>
        </Style>
        <Style id="512047">
            <LineStyle id="512049">
                <color>ffffffff</color>
                <colorMode>normal</colorMode>
                <width>1</width>
            </LineStyle>
            <PolyStyle id="512048">
                <colorMode>normal</colorMode>
                <fill>0</fill>
                <outline>1</outline>
            </PolyStyle>
        </Style>
        <Style id="512056">
            <LineStyle id="512058">
                <color>ffffffff</color>
                <colorMode>normal</colorMode>
                <width>1</width>
            </LineStyle>
            <PolyStyle id="512057">
                <colorMode>normal</colorMode>
                <fill>0</fill>
                <outline>1</outline>
            </PolyStyle>
        </Style>
        <Style id="512065">
            <LineStyle id="512067">
                <color>ffffffff</color>
                <colorMode>normal</colorMode>
                <width>1</width>
            </LineStyle>
            <PolyStyle id="512066">
                <colorMode>normal</colorMode>
                <fill>0</fill>
                <outline>1</outline>
            </PolyStyle>
        </Style>
        <Style id="512074">
            <LineStyle id="512076">
                <color>ffffffff</color>
                <colorMode>normal</colorMode>
                <width>1</width>
            </LineStyle>
            <PolyStyle id="512075">
                <colorMode>normal</colorMode>
                <fill>0</fill>
                <outline>1</outline>
            </PolyStyle>
        </Style>
        <Style id="512083">
            <LineStyle id="512085">
                <color>ffffffff</color>
                <colorMode>normal</colorMode>
                <width>1</width>
            </LineStyle>
            <PolyStyle id="512084">
                <colorMode>normal</colorMode>
                <fill>0</fill>
                <outline>1</outline>
            </PolyStyle>
        </Style>
        <Style id="512092">
            <LineStyle id="512094">
                <color>ffffffff</color>
                <colorMode>normal</colorMode>
                <width>1</width>
            </LineStyle>
            <PolyStyle id="512093">
                <colorMode>normal</colorMode>
                <fill>0</fill>
                <outline>1</outline>
            </PolyStyle>
        </Style>
        <Style id="512101">
            <LineStyle id="512103">
                <color>ffffffff</color>
                <colorMode>normal</colorMode>
                <width>1</width>
            </LineStyle>
            <PolyStyle id="512102">
                <colorMode>normal</colorMode>
                <fill>0</fill>
                <outline>1</outline>
            </PolyStyle>
        </Style>
        <Style id="512110">
            <LineStyle id="512112">
                <color>ffffffff</color>
                <colorMode>normal</colorMode>
                <width>1</width>
            </LineStyle>
            <PolyStyle id="512111">
                <colorMode>normal</colorMode>
                <fill>0</fill>
                <outline>1</outline>
            </PolyStyle>
        </Style>
        <Style id="512119">
            <LineStyle id="512121">
                <color>ffffffff</color>
                <colorMode>normal</colorMode>
                <width>1</width>
            </LineStyle>
            <PolyStyle id="512120">
                <colorMode>normal</colorMode>
                <fill>0</fill>
                <outline>1</outline>
            </PolyStyle>
        </Style>
        <Style id="512128">
            <LineStyle id="512130">
                <color>ffffffff</color>
                <colorMode>normal</colorMode>
                <width>1</width>
            </LineStyle>
            <PolyStyle id="512129">
                <colorMode>normal</colorMode>
                <fill>0</fill>
                <outline>1</outline>
            </PolyStyle>
        </Style>
        <Style id="512137">
            <LineStyle id="512139">
                <color>ffffffff</color>
                <colorMode>normal</colorMode>
                <width>1</width>
            </LineStyle>
            <PolyStyle id="512138">
                <colorMode>normal</colorMode>
                <fill>0</fill>
                <outline>1</outline>
            </PolyStyle>
        </Style>
        <Style id="512146">
            <LineStyle id="512148">
                <color>ffffffff</color>
                <colorMode>normal</colorMode>
                <width>1</width>
            </LineStyle>
            <PolyStyle id="512147">
                <colorMode>normal</colorMode>
                <fill>0</fill>
                <outline>1</outline>
            </PolyStyle>
        </Style>
        <Style id="512155">
            <LineStyle id="512157">
                <color>ffffffff</color>
                <colorMode>normal</colorMode>
                <width>1</width>
            </LineStyle>
            <PolyStyle id="512156">
                <colorMode>normal</colorMode>
                <fill>0</fill>
                <outline>1</outline>
            </PolyStyle>
        </Style>
        <Style id="512164">
            <LineStyle id="512166">
                <color>ffffffff</color>
                <colorMode>normal</colorMode>
                <width>1</width>
            </LineStyle>
            <PolyStyle id="512165">
                <colorMode>normal</colorMode>
                <fill>0</fill>
                <outline>1</outline>
            </PolyStyle>
        </Style>
        <Style id="512173">
            <LineStyle id="512175">
                <color>ffffffff</color>
                <colorMode>normal</colorMode>
                <width>1</width>
            </LineStyle>
            <PolyStyle id="512174">
                <colorMode>normal</colorMode>
                <fill>0</fill>
                <outline>1</outline>
            </PolyStyle>
        </Style>
        <Style id="512182">
            <LineStyle id="512184">
                <color>ffffffff</color>
                <colorMode>normal</colorMode>
                <width>1</width>
            </LineStyle>
            <PolyStyle id="512183">
                <colorMode>normal</colorMode>
                <fill>0</fill>
                <outline>1</outline>
            </PolyStyle>
        </Style>
        <Style id="512191">
            <LineStyle id="512193">
                <color>ffffffff</color>
                <colorMode>normal</colorMode>
                <width>1</width>
            </LineStyle>
            <PolyStyle id="512192">
                <colorMode>normal</colorMode>
                <fill>0</fill>
                <outline>1</outline>
            </PolyStyle>
        </Style>
        <Style id="512200">
            <LineStyle id="512202">
                <color>ffffffff</color>
                <colorMode>normal</colorMode>
                <width>1</width>
            </LineStyle>
            <PolyStyle id="512201">
                <colorMode>normal</colorMode>
                <fill>0</fill>
                <outline>1</outline>
            </PolyStyle>
        </Style>
        <Style id="512209">
            <LineStyle id="512211">
                <color>ffffffff</color>
                <colorMode>normal</colorMode>
                <width>1</width>
            </LineStyle>
            <PolyStyle id="512210">
                <colorMode>normal</colorMode>
                <fill>0</fill>
                <outline>1</outline>
            </PolyStyle>
        </Style>
        <Style id="512218">
            <LineStyle id="512220">
                <color>ffffffff</color>
                <colorMode>normal</colorMode>
                <width>1</width>
            </LineStyle>
            <PolyStyle id="512219">
                <colorMode>normal</colorMode>
                <fill>0</fill>
                <outline>1</outline>
            </PolyStyle>
        </Style>
        <Style id="512227">
            <LineStyle id="512229">
                <color>ffffffff</color>
                <colorMode>normal</colorMode>
                <width>1</width>
            </LineStyle>
            <PolyStyle id="512228">
                <colorMode>normal</colorMode>
                <fill>0</fill>
                <outline>1</outline>
            </PolyStyle>
        </Style>
        <Style id="512236">
            <LineStyle id="512238">
                <color>ffffffff</color>
                <colorMode>normal</colorMode>
                <width>1</width>
            </LineStyle>
            <PolyStyle id="512237">
                <colorMode>normal</colorMode>
                <fill>0</fill>
                <outline>1</outline>
            </PolyStyle>
        </Style>
        <Style id="512245">
            <LineStyle id="512247">
                <color>ffffffff</color>
                <colorMode>normal</colorMode>
                <width>1</width>
            </LineStyle>
            <PolyStyle id="512246">
                <colorMode>normal</colorMode>
                <fill>0</fill>
                <outline>1</outline>
            </PolyStyle>
        </Style>
        <Style id="512254">
            <LineStyle id="512256">
                <color>ffffffff</color>
                <colorMode>normal</colorMode>
                <width>1</width>
            </LineStyle>
            <PolyStyle id="512255">
                <colorMode>normal</colorMode>
                <fill>0</fill>
                <outline>1</outline>
            </PolyStyle>
        </Style>
        <Style id="512263">
            <LineStyle id="512265">
                <color>ffffffff</color>
                <colorMode>normal</colorMode>
                <width>1</width>
            </LineStyle>
            <PolyStyle id="512264">
                <colorMode>normal</colorMode>
                <fill>0</fill>
                <outline>1</outline>
            </PolyStyle>
        </Style>
        <Style id="512272">
            <LineStyle id="512274">
                <color>ffffffff</color>
                <colorMode>normal</colorMode>
                <width>1</width>
            </LineStyle>
            <PolyStyle id="512273">
                <colorMode>normal</colorMode>
                <fill>0</fill>
                <outline>1</outline>
            </PolyStyle>
        </Style>
        <Style id="512281">
            <LineStyle id="512283">
                <color>ffffffff</color>
                <colorMode>normal</colorMode>
                <width>1</width>
            </LineStyle>
            <PolyStyle id="512282">
                <colorMode>normal</colorMode>
                <fill>0</fill>
                <outline>1</outline>
            </PolyStyle>
        </Style>
        <Style id="512290">
            <LineStyle id="512292">
                <color>ffffffff</color>
                <colorMode>normal</colorMode>
                <width>1</width>
            </LineStyle>
            <PolyStyle id="512291">
                <colorMode>normal</colorMode>
                <fill>0</fill>
                <outline>1</outline>
            </PolyStyle>
        </Style>
        <Style id="512299">
            <LineStyle id="512301">
                <color>ffffffff</color>
                <colorMode>normal</colorMode>
                <width>1</width>
            </LineStyle>
            <PolyStyle id="512300">
                <colorMode>normal</colorMode>
                <fill>0</fill>
                <outline>1</outline>
            </PolyStyle>
        </Style>
        <Style id="512308">
            <LineStyle id="512310">
                <color>ffffffff</color>
                <colorMode>normal</colorMode>
                <width>1</width>
            </LineStyle>
            <PolyStyle id="512309">
                <colorMode>normal</colorMode>
                <fill>0</fill>
                <outline>1</outline>
            </PolyStyle>
        </Style>
        <Style id="512317">
            <LineStyle id="512319">
                <color>ffffffff</color>
                <colorMode>normal</colorMode>
                <width>1</width>
            </LineStyle>
            <PolyStyle id="512318">
                <colorMode>normal</colorMode>
                <fill>0</fill>
                <outline>1</outline>
            </PolyStyle>
        </Style>
        <Style id="512326">
            <LineStyle id="512328">
                <color>ffffffff</color>
                <colorMode>normal</colorMode>
                <width>1</width>
            </LineStyle>
            <PolyStyle id="512327">
                <colorMode>normal</colorMode>
                <fill>0</fill>
                <outline>1</outline>
            </PolyStyle>
        </Style>
        <Style id="512335">
            <LineStyle id="512337">
                <color>ffffffff</color>
                <colorMode>normal</colorMode>
                <width>1</width>
            </LineStyle>
            <PolyStyle id="512336">
                <colorMode>normal</colorMode>
                <fill>0</fill>
                <outline>1</outline>
            </PolyStyle>
        </Style>
        <Style id="512344">
            <LineStyle id="512346">
                <color>ffffffff</color>
                <colorMode>normal</colorMode>
                <width>1</width>
            </LineStyle>
            <PolyStyle id="512345">
                <colorMode>normal</colorMode>
                <fill>0</fill>
                <outline>1</outline>
            </PolyStyle>
        </Style>
        <Style id="512353">
            <LineStyle id="512355">
                <color>ffffffff</color>
                <colorMode>normal</colorMode>
                <width>1</width>
            </LineStyle>
            <PolyStyle id="512354">
                <colorMode>normal</colorMode>
                <fill>0</fill>
                <outline>1</outline>
            </PolyStyle>
        </Style>
        <Style id="512362">
            <LineStyle id="512364">
                <color>ffffffff</color>
                <colorMode>normal</colorMode>
                <width>1</width>
            </LineStyle>
            <PolyStyle id="512363">
                <colorMode>normal</colorMode>
                <fill>0</fill>
                <outline>1</outline>
            </PolyStyle>
        </Style>
        <Style id="512371">
            <LineStyle id="512373">
                <color>ffffffff</color>
                <colorMode>normal</colorMode>
                <width>1</width>
            </LineStyle>
            <PolyStyle id="512372">
                <colorMode>normal</colorMode>
                <fill>0</fill>
                <outline>1</outline>
            </PolyStyle>
        </Style>
        <Style id="512380">
            <LineStyle id="512382">
                <color>ffffffff</color>
                <colorMode>normal</colorMode>
                <width>1</width>
            </LineStyle>
            <PolyStyle id="512381">
                <colorMode>normal</colorMode>
                <fill>0</fill>
                <outline>1</outline>
            </PolyStyle>
        </Style>
        <Style id="512389">
            <LineStyle id="512391">
                <color>ffffffff</color>
                <colorMode>normal</colorMode>
                <width>1</width>
            </LineStyle>
            <PolyStyle id="512390">
                <colorMode>normal</colorMode>
                <fill>0</fill>
                <outline>1</outline>
            </PolyStyle>
        </Style>
        <Style id="512398">
            <LineStyle id="512400">
                <color>ffffffff</color>
                <colorMode>normal</colorMode>
                <width>1</width>
            </LineStyle>
            <PolyStyle id="512399">
                <colorMode>normal</colorMode>
                <fill>0</fill>
                <outline>1</outline>
            </PolyStyle>
        </Style>
        <Style id="512407">
            <LineStyle id="512409">
                <color>ffffffff</color>
                <colorMode>normal</colorMode>
                <width>1</width>
            </LineStyle>
            <PolyStyle id="512408">
                <colorMode>normal</colorMode>
                <fill>0</fill>
                <outline>1</outline>
            </PolyStyle>
        </Style>
        <Style id="512416">
            <LineStyle id="512418">
                <color>ffffffff</color>
                <colorMode>normal</colorMode>
                <width>1</width>
            </LineStyle>
            <PolyStyle id="512417">
                <colorMode>normal</colorMode>
                <fill>0</fill>
                <outline>1</outline>
            </PolyStyle>
        </Style>
        <Style id="512425">
            <LineStyle id="512427">
                <color>ffffffff</color>
                <colorMode>normal</colorMode>
                <width>1</width>
            </LineStyle>
            <PolyStyle id="512426">
                <colorMode>normal</colorMode>
                <fill>0</fill>
                <outline>1</outline>
            </PolyStyle>
        </Style>
        <Style id="512434">
            <LineStyle id="512436">
                <color>ffffffff</color>
                <colorMode>normal</colorMode>
                <width>1</width>
            </LineStyle>
            <PolyStyle id="512435">
                <colorMode>normal</colorMode>
                <fill>0</fill>
                <outline>1</outline>
            </PolyStyle>
        </Style>
        <Style id="512443">
            <LineStyle id="512445">
                <color>ffffffff</color>
                <colorMode>normal</colorMode>
                <width>1</width>
            </LineStyle>
            <PolyStyle id="512444">
                <colorMode>normal</colorMode>
                <fill>0</fill>
                <outline>1</outline>
            </PolyStyle>
        </Style>
        <Style id="512452">
            <LineStyle id="512454">
                <color>ffffffff</color>
                <colorMode>normal</colorMode>
                <width>1</width>
            </LineStyle>
            <PolyStyle id="512453">
                <colorMode>normal</colorMode>
                <fill>0</fill>
                <outline>1</outline>
            </PolyStyle>
        </Style>
        <Style id="512461">
            <LineStyle id="512463">
                <color>ffffffff</color>
                <colorMode>normal</colorMode>
                <width>1</width>
            </LineStyle>
            <PolyStyle id="512462">
                <colorMode>normal</colorMode>
                <fill>0</fill>
                <outline>1</outline>
            </PolyStyle>
        </Style>
        <Style id="512470">
            <LineStyle id="512472">
                <color>ffffffff</color>
                <colorMode>normal</colorMode>
                <width>1</width>
            </LineStyle>
            <PolyStyle id="512471">
                <colorMode>normal</colorMode>
                <fill>0</fill>
                <outline>1</outline>
            </PolyStyle>
        </Style>
        <Style id="512479">
            <LineStyle id="512481">
                <color>ffffffff</color>
                <colorMode>normal</colorMode>
                <width>1</width>
            </LineStyle>
            <PolyStyle id="512480">
                <colorMode>normal</colorMode>
                <fill>0</fill>
                <outline>1</outline>
            </PolyStyle>
        </Style>
        <Style id="512488">
            <LineStyle id="512490">
                <color>ffffffff</color>
                <colorMode>normal</colorMode>
                <width>1</width>
            </LineStyle>
            <PolyStyle id="512489">
                <colorMode>normal</colorMode>
                <fill>0</fill>
                <outline>1</outline>
            </PolyStyle>
        </Style>
        <Style id="512497">
            <LineStyle id="512499">
                <color>ffffffff</color>
                <colorMode>normal</colorMode>
                <width>1</width>
            </LineStyle>
            <PolyStyle id="512498">
                <colorMode>normal</colorMode>
                <fill>0</fill>
                <outline>1</outline>
            </PolyStyle>
        </Style>
        <Style id="512506">
            <LineStyle id="512508">
                <color>ffffffff</color>
                <colorMode>normal</colorMode>
                <width>1</width>
            </LineStyle>
            <PolyStyle id="512507">
                <colorMode>normal</colorMode>
                <fill>0</fill>
                <outline>1</outline>
            </PolyStyle>
        </Style>
        <Style id="512515">
            <LineStyle id="512517">
                <color>ffffffff</color>
                <colorMode>normal</colorMode>
                <width>1</width>
            </LineStyle>
            <PolyStyle id="512516">
                <colorMode>normal</colorMode>
                <fill>0</fill>
                <outline>1</outline>
            </PolyStyle>
        </Style>
        <Style id="512524">
            <LineStyle id="512526">
                <color>ffffffff</color>
                <colorMode>normal</colorMode>
                <width>1</width>
            </LineStyle>
            <PolyStyle id="512525">
                <colorMode>normal</colorMode>
                <fill>0</fill>
                <outline>1</outline>
            </PolyStyle>
        </Style>
        <Style id="512533">
            <LineStyle id="512535">
                <color>ffffffff</color>
                <colorMode>normal</colorMode>
                <width>1</width>
            </LineStyle>
            <PolyStyle id="512534">
                <colorMode>normal</colorMode>
                <fill>0</fill>
                <outline>1</outline>
            </PolyStyle>
        </Style>
        <Style id="512542">
            <LineStyle id="512544">
                <color>ffffffff</color>
                <colorMode>normal</colorMode>
                <width>1</width>
            </LineStyle>
            <PolyStyle id="512543">
                <colorMode>normal</colorMode>
                <fill>0</fill>
                <outline>1</outline>
            </PolyStyle>
        </Style>
        <Style id="512551">
            <LineStyle id="512553">
                <color>ffffffff</color>
                <colorMode>normal</colorMode>
                <width>1</width>
            </LineStyle>
            <PolyStyle id="512552">
                <colorMode>normal</colorMode>
                <fill>0</fill>
                <outline>1</outline>
            </PolyStyle>
        </Style>
        <Style id="512560">
            <LineStyle id="512562">
                <color>ffffffff</color>
                <colorMode>normal</colorMode>
                <width>1</width>
            </LineStyle>
            <PolyStyle id="512561">
                <colorMode>normal</colorMode>
                <fill>0</fill>
                <outline>1</outline>
            </PolyStyle>
        </Style>
        <Style id="512569">
            <LineStyle id="512571">
                <color>ffffffff</color>
                <colorMode>normal</colorMode>
                <width>1</width>
            </LineStyle>
            <PolyStyle id="512570">
                <colorMode>normal</colorMode>
                <fill>0</fill>
                <outline>1</outline>
            </PolyStyle>
        </Style>
        <Style id="512578">
            <LineStyle id="512580">
                <color>ffffffff</color>
                <colorMode>normal</colorMode>
                <width>1</width>
            </LineStyle>
            <PolyStyle id="512579">
                <colorMode>normal</colorMode>
                <fill>0</fill>
                <outline>1</outline>
            </PolyStyle>
        </Style>
        <Style id="512587">
            <LineStyle id="512589">
                <color>ffffffff</color>
                <colorMode>normal</colorMode>
                <width>1</width>
            </LineStyle>
            <PolyStyle id="512588">
                <colorMode>normal</colorMode>
                <fill>0</fill>
                <outline>1</outline>
            </PolyStyle>
        </Style>
        <Style id="512596">
            <LineStyle id="512598">
                <color>ffffffff</color>
                <colorMode>normal</colorMode>
                <width>1</width>
            </LineStyle>
            <PolyStyle id="512597">
                <colorMode>normal</colorMode>
                <fill>0</fill>
                <outline>1</outline>
            </PolyStyle>
        </Style>
        <Placemark id="511700">
            <name>Parcel_55900</name>
            <styleUrl>#511705</styleUrl>
            <Polygon id="511699">
                <outerBoundaryIs>
                    <LinearRing id="511703">
                        <coordinates>-78.9860898248008,33.671387303338385,0.0 -78.98656563058121,33.67131742068503,0.0 -78.98665382794606,33.67151952943748,0.0 -78.98663699152941,33.67152016431215,0.0 -78.98610971840037,33.67154003319904,0.0 -78.98610561245542,33.67148890854629,0.0 -78.98609897690842,33.67143796905878,0.0 -78.9860898248008,33.671387303338385,0.0</coordinates>
                    </LinearRing>
                </outerBoundaryIs>
            </Polygon>
        </Placemark>
        <Placemark id="511709">
            <name>Parcel_55901</name>
            <styleUrl>#511714</styleUrl>
            <Polygon id="511708">
                <outerBoundaryIs>
                    <LinearRing id="511712">
                        <coordinates>-78.9855262589029,33.67144459135757,0.0 -78.9855451737016,33.67144050001506,0.0 -78.98591871234507,33.671374998561085,0.0 -78.98592765096714,33.671414595854344,0.0 -78.98593484813838,33.67145444166178,0.0 -78.98594029437645,33.67149447990891,0.0 -78.98594398117197,33.671534659047055,0.0 -78.98594590549132,33.67157492400878,0.0 -78.98556520557864,33.67158309445973,0.0 -78.98553850007353,33.67158302716159,0.0 -78.9855262589029,33.67144459135757,0.0</coordinates>
                    </LinearRing>
                </outerBoundaryIs>
            </Polygon>
        </Placemark>
        <Placemark id="511718">
            <name>Parcel_55902</name>
            <styleUrl>#511723</styleUrl>
            <Polygon id="511717">
                <outerBoundaryIs>
                    <LinearRing id="511721">
                        <coordinates>-78.98230381101945,33.671716729662414,0.0 -78.98221062243168,33.6716980470799,0.0 -78.98221594501682,33.67169198998095,0.0 -78.98222186811404,33.67168525450777,0.0 -78.98222197779407,33.67168513092913,0.0 -78.98250186534513,33.67136674613896,0.0 -78.98253143256028,33.671383910134224,0.0 -78.98256207833917,33.67139969552915,0.0 -78.98259371207685,33.67141405574713,0.0 -78.98262623773468,33.671426945926704,0.0 -78.9824813333065,33.67175311306619,0.0 -78.98246988722026,33.6717788776624,0.0 -78.9823219766138,33.671723527395265,0.0 -78.98230381101945,33.671716729662414,0.0</coordinates>
                    </LinearRing>
                </outerBoundaryIs>
            </Polygon>
        </Placemark>
        <Placemark id="511727">
            <name>Parcel_55903</name>
            <styleUrl>#511732</styleUrl>
            <Polygon id="511726">
                <outerBoundaryIs>
                    <LinearRing id="511730">
                        <coordinates>-78.98608089503036,33.67184699230972,0.0 -78.98609201706925,33.67179653339874,0.0 -78.98610062718593,33.671745731405686,0.0 -78.9861067092861,33.67169467536053,0.0 -78.98654135832224,33.67172369774449,0.0 -78.98658287958094,33.6717265216943,0.0 -78.98651438258315,33.67192209113158,0.0 -78.98647369129226,33.671914847662926,0.0 -78.98608089503036,33.67184699230972,0.0</coordinates>
                    </LinearRing>
                </outerBoundaryIs>
            </Polygon>
        </Placemark>
        <Placemark id="511736">
            <name>Parcel_55904</name>
            <styleUrl>#511741</styleUrl>
            <Polygon id="511735">
                <outerBoundaryIs>
                    <LinearRing id="511739">
                        <coordinates>-78.98327897524949,33.67191655211171,0.0 -78.98336008783741,33.67176285158823,0.0 -78.98368228079295,33.671874727387475,0.0 -78.9836051152716,33.67202969659561,0.0 -78.98327897524949,33.67191655211171,0.0</coordinates>
                    </LinearRing>
                </outerBoundaryIs>
            </Polygon>
        </Placemark>
        <Placemark id="511745">
            <name>Parcel_55905</name>
            <styleUrl>#511750</styleUrl>
            <Polygon id="511744">
                <outerBoundaryIs>
                    <LinearRing id="511748">
                        <coordinates>-78.98381951116231,33.671956785818004,0.0 -78.98389531939523,33.671804535327354,0.0 -78.98425945534228,33.67193138771306,0.0 -78.98429203234346,33.671942419390966,0.0 -78.98421541022492,33.67209471726713,0.0 -78.9841836464717,33.67208359601379,0.0 -78.98381951116231,33.671956785818004,0.0</coordinates>
                    </LinearRing>
                </outerBoundaryIs>
            </Polygon>
        </Placemark>
        <Placemark id="511754">
            <name>Parcel_55906</name>
            <styleUrl>#511759</styleUrl>
            <Polygon id="511753">
                <outerBoundaryIs>
                    <LinearRing id="511757">
                        <coordinates>-78.98319562420588,33.672083137208524,0.0 -78.98324192194069,33.67199007860427,0.0 -78.9832657436517,33.67194219654596,0.0 -78.98327897524949,33.67191655211171,0.0 -78.9836051152716,33.67202969659561,0.0 -78.98356083568522,33.67211871059827,0.0 -78.9835531822345,33.67213409544039,0.0 -78.98354218655139,33.672157120177665,0.0 -78.98353202388428,33.6721804119497,0.0 -78.98319562420588,33.672083137208524,0.0</coordinates>
                    </LinearRing>
                </outerBoundaryIs>
            </Polygon>
        </Placemark>
        <Placemark id="511763">
            <name>Parcel_55907</name>
            <styleUrl>#511768</styleUrl>
            <Polygon id="511762">
                <outerBoundaryIs>
                    <LinearRing id="511766">
                        <coordinates>-78.98592691674112,33.67231222123578,0.0 -78.98597810606329,33.67215274698097,0.0 -78.98635628422042,33.6722465404735,0.0 -78.98639728194654,33.6722564253317,0.0 -78.98634193177261,33.67241445649954,0.0 -78.98630027014842,33.672404681666706,0.0 -78.98592691674112,33.67231222123578,0.0</coordinates>
                    </LinearRing>
                </outerBoundaryIs>
            </Polygon>
        </Placemark>
        <Placemark id="511772">
            <name>Parcel_55908</name>
            <styleUrl>#511777</styleUrl>
            <Polygon id="511771">
                <outerBoundaryIs>
                    <LinearRing id="511775">
                        <coordinates>-78.98545504796725,33.67247674820347,0.0 -78.9852384969406,33.672421843864434,0.0 -78.9851531969045,33.67240029228163,0.0 -78.98512000456084,33.67239190520467,0.0 -78.98510254732024,33.67238756007936,0.0 -78.98508159157159,33.67238234346559,0.0 -78.9850431708559,33.6723732983983,0.0 -78.98503375061676,33.672371248041244,0.0 -78.9850235425883,33.67236902609871,0.0 -78.98500391320219,33.672364755581576,0.0 -78.98496521367453,33.672356472590494,0.0 -78.98496219961673,33.672355828170325,0.0 -78.98491965344894,33.67234740127405,0.0 -78.98489575189811,33.67234305477022,0.0 -78.98487708913012,33.67233966044105,0.0 -78.98483451380571,33.67233243802764,0.0 -78.9848040196031,33.672327512297905,0.0 -78.98479193047628,33.67232555910687,0.0 -78.98474933115001,33.672319366284576,0.0 -78.98473235091298,33.672317141220844,0.0 -78.98472392800076,33.67231603790144,0.0 -78.98470589921698,33.67231367487676,0.0 -78.98466327262979,33.67230851249407,0.0 -78.98461981774763,33.672303851595686,0.0 -78.9845763950094,33.67229970891793,0.0 -78.98457634764728,33.67229970453786,0.0 -78.98457481339113,33.67229957850131,0.0 -78.984532866515,33.67229607680049,0.0 -78.98451297264438,33.67229472957922,0.0 -78.98448936942275,33.67229313335779,0.0 -78.98446660647593,33.67229177090778,0.0 -78.98444586324165,33.67229053338945,0.0 -78.9844027171604,33.672288635574006,0.0 -78.98440234213511,33.672288619536495,0.0 -78.9843911683742,33.67228825962435,0.0 -78.98438057555646,33.67228792091096,0.0 -78.98435880789978,33.67228722226399,0.0 -78.98431526271266,33.672286340705575,0.0 -78.98428983873828,33.672286125380005,0.0 -78.98427170553663,33.67228597304035,0.0 -78.98422895796949,33.67228613627656,0.0 -78.98421360830781,33.67228642888647,0.0 -78.98418537275352,33.6722869704058,0.0 -78.98415159999831,33.67228788429651,0.0 -78.98414177947988,33.67228814983015,0.0 -78.98413162791694,33.67228859486051,0.0 -78.98409899080069,33.67229002873719,0.0 -78.984071979787,33.67229139473227,0.0 -78.98405537350014,33.672292237751456,0.0 -78.98402610850665,33.67229422628663,0.0 -78.98401256182856,33.67229514806967,0.0 -78.98396973816254,33.672298572281676,0.0 -78.98388124104223,33.67230846150375,0.0 -78.98385435791641,33.672311465651696,0.0 -78.98378371510145,33.67232046813349,0.0 -78.98372409296557,33.6723280692736,0.0 -78.98365471995974,33.672342056660405,0.0 -78.98366001100132,33.6723127578686,0.0 -78.9836671327854,33.672283730663686,0.0 -78.98367606506402,33.67225505679135,0.0 -78.98368678553778,33.672226813453946,0.0 -78.9841355219679,33.67218036909837,0.0 -78.98417385481088,33.67217731443308,0.0 -78.98421541022492,33.67209471726713,0.0 -78.98429203234346,33.671942419390966,0.0 -78.98436837810468,33.67179067345602,0.0 -78.98444731520947,33.67163377277357,0.0 -78.98452545450594,33.671478459067316,0.0 -78.9846017723481,33.671326764847215,0.0 -78.98469334323092,33.671179871383764,0.0 -78.98475156494091,33.671131174538,0.0 -78.98483259004684,33.67106340462449,0.0 -78.98497473328422,33.670944513628704,0.0 -78.98511854399908,33.67082422730396,0.0 -78.98515484317767,33.670793865510845,0.0 -78.98522885516809,33.67073195995092,0.0 -78.98525537356183,33.670795505312796,0.0 -78.98526271807519,33.67081310368374,0.0 -78.98533039818422,33.67097527762803,0.0 -78.98539807345004,33.67113743882074,0.0 -78.98546569478346,33.67129947191578,0.0 -78.9855262589029,33.67144459135757,0.0 -78.98553850007353,33.67158302716159,0.0 -78.98553264093746,33.67172434816199,0.0 -78.98553226726824,33.6717254307092,0.0 -78.98548347142957,33.67186670755045,0.0 -78.98543069474891,33.672019511175854,0.0 -78.98537606342308,33.67217768624582,0.0 -78.98532150145317,33.672335654074054,0.0 -78.9853464044635,33.67234155732839,0.0 -78.98570830154601,33.67243034952394,0.0 -78.98567152632117,33.672531634738874,0.0 -78.98545504796725,33.67247674820347,0.0</coordinates>
                    </LinearRing>
                </outerBoundaryIs>
            </Polygon>
        </Placemark>
        <Placemark id="511781">
            <name>Parcel_55909</name>
            <styleUrl>#511786</styleUrl>
            <Polygon id="511780">
                <outerBoundaryIs>
                    <LinearRing id="511784">
                        <coordinates>-78.96550949460294,33.78160360363267,0.0 -78.96545627712125,33.78161559101727,0.0 -78.96545283247166,33.781604925970356,0.0 -78.96534384463536,33.78162947380573,0.0 -78.96535097558144,33.781651548357395,0.0 -78.96526334894583,33.78167128473219,0.0 -78.96525577315688,33.781647830134574,0.0 -78.965147892784,33.78167212903943,0.0 -78.96515014160359,33.78167908917585,0.0 -78.96509541249038,33.78169141682903,0.0 -78.96504640738972,33.78153971391321,0.0 -78.96506183219027,33.78153623991524,0.0 -78.96505501444423,33.7815151319449,0.0 -78.9654373417443,33.78142901734683,0.0 -78.96544547425971,33.78145419383802,0.0 -78.96546016277291,33.78145088716813,0.0 -78.96550949460294,33.78160360363267,0.0</coordinates>
                    </LinearRing>
                </outerBoundaryIs>
            </Polygon>
        </Placemark>
        <Placemark id="511790">
            <name>Parcel_55910</name>
            <styleUrl>#511795</styleUrl>
            <Polygon id="511789">
                <outerBoundaryIs>
                    <LinearRing id="511793">
                        <coordinates>-78.96550949460294,33.78160360363267,0.0 -78.96545627712125,33.78161559101727,0.0 -78.96545283247166,33.781604925970356,0.0 -78.96534384463536,33.78162947380573,0.0 -78.96535097558144,33.781651548357395,0.0 -78.96526334894583,33.78167128473219,0.0 -78.96525577315688,33.781647830134574,0.0 -78.965147892784,33.78167212903943,0.0 -78.96515014160359,33.78167908917585,0.0 -78.96509541249038,33.78169141682903,0.0 -78.96504640738972,33.78153971391321,0.0 -78.96506183219027,33.78153623991524,0.0 -78.96505501444423,33.7815151319449,0.0 -78.9654373417443,33.78142901734683,0.0 -78.96544547425971,33.78145419383802,0.0 -78.96546016277291,33.78145088716813,0.0 -78.96550949460294,33.78160360363267,0.0</coordinates>
                    </LinearRing>
                </outerBoundaryIs>
            </Polygon>
        </Placemark>
        <Placemark id="511799">
            <name>Parcel_55911</name>
            <styleUrl>#511804</styleUrl>
            <Polygon id="511798">
                <outerBoundaryIs>
                    <LinearRing id="511802">
                        <coordinates>-78.96550949460294,33.78160360363267,0.0 -78.96545627712125,33.78161559101727,0.0 -78.96545283247166,33.781604925970356,0.0 -78.96534384463536,33.78162947380573,0.0 -78.96535097558144,33.781651548357395,0.0 -78.96526334894583,33.78167128473219,0.0 -78.96525577315688,33.781647830134574,0.0 -78.965147892784,33.78167212903943,0.0 -78.96515014160359,33.78167908917585,0.0 -78.96509541249038,33.78169141682903,0.0 -78.96504640738972,33.78153971391321,0.0 -78.96506183219027,33.78153623991524,0.0 -78.96505501444423,33.7815151319449,0.0 -78.9654373417443,33.78142901734683,0.0 -78.96544547425971,33.78145419383802,0.0 -78.96546016277291,33.78145088716813,0.0 -78.96550949460294,33.78160360363267,0.0</coordinates>
                    </LinearRing>
                </outerBoundaryIs>
            </Polygon>
        </Placemark>
        <Placemark id="511808">
            <name>Parcel_55912</name>
            <styleUrl>#511813</styleUrl>
            <Polygon id="511807">
                <outerBoundaryIs>
                    <LinearRing id="511811">
                        <coordinates>-78.96550949460294,33.78160360363267,0.0 -78.96545627712125,33.78161559101727,0.0 -78.96545283247166,33.781604925970356,0.0 -78.96534384463536,33.78162947380573,0.0 -78.96535097558144,33.781651548357395,0.0 -78.96526334894583,33.78167128473219,0.0 -78.96525577315688,33.781647830134574,0.0 -78.965147892784,33.78167212903943,0.0 -78.96515014160359,33.78167908917585,0.0 -78.96509541249038,33.78169141682903,0.0 -78.96504640738972,33.78153971391321,0.0 -78.96506183219027,33.78153623991524,0.0 -78.96505501444423,33.7815151319449,0.0 -78.9654373417443,33.78142901734683,0.0 -78.96544547425971,33.78145419383802,0.0 -78.96546016277291,33.78145088716813,0.0 -78.96550949460294,33.78160360363267,0.0</coordinates>
                    </LinearRing>
                </outerBoundaryIs>
            </Polygon>
        </Placemark>
        <Placemark id="511817">
            <name>Parcel_55913</name>
            <styleUrl>#511822</styleUrl>
            <Polygon id="511816">
                <outerBoundaryIs>
                    <LinearRing id="511820">
                        <coordinates>-78.96364127656115,33.78203913222601,0.0 -78.9636117101948,33.78207924574917,0.0 -78.96360129358698,33.78207389188701,0.0 -78.96354320536014,33.78215269482373,0.0 -78.96356863060896,33.782165762694056,0.0 -78.96352091967881,33.78223048420502,0.0 -78.96349802572415,33.782218717968064,0.0 -78.9634393638299,33.78229829608918,0.0 -78.96345200123159,33.782304791367594,0.0 -78.96342286663626,33.78234431397724,0.0 -78.96326278092484,33.78226203230338,0.0 -78.96327030054,33.782251833557844,0.0 -78.96324694669272,33.78223982971455,0.0 -78.96345420273262,33.78195867231232,0.0 -78.9634722004471,33.78196792279063,0.0 -78.96348058928447,33.78195654328943,0.0 -78.96364127656115,33.78203913222601,0.0</coordinates>
                    </LinearRing>
                </outerBoundaryIs>
            </Polygon>
        </Placemark>
        <Placemark id="511826">
            <name>Parcel_55914</name>
            <styleUrl>#511831</styleUrl>
            <Polygon id="511825">
                <outerBoundaryIs>
                    <LinearRing id="511829">
                        <coordinates>-78.96364127656115,33.78203913222601,0.0 -78.9636117101948,33.78207924574917,0.0 -78.96360129358698,33.78207389188701,0.0 -78.96354320536014,33.78215269482373,0.0 -78.96356863060896,33.782165762694056,0.0 -78.96352091967881,33.78223048420502,0.0 -78.96349802572415,33.782218717968064,0.0 -78.9634393638299,33.78229829608918,0.0 -78.96345200123159,33.782304791367594,0.0 -78.96342286663626,33.78234431397724,0.0 -78.96326278092484,33.78226203230338,0.0 -78.96327030054,33.782251833557844,0.0 -78.96324694669272,33.78223982971455,0.0 -78.96345420273262,33.78195867231232,0.0 -78.9634722004471,33.78196792279063,0.0 -78.96348058928447,33.78195654328943,0.0 -78.96364127656115,33.78203913222601,0.0</coordinates>
                    </LinearRing>
                </outerBoundaryIs>
            </Polygon>
        </Placemark>
        <Placemark id="511835">
            <name>Parcel_55915</name>
            <styleUrl>#511840</styleUrl>
            <Polygon id="511834">
                <outerBoundaryIs>
                    <LinearRing id="511838">
                        <coordinates>-78.96419426284974,33.7822145100421,0.0 -78.96416091993699,33.78224961632155,0.0 -78.96413843830956,33.78227329082556,0.0 -78.96394828986864,33.78247350635077,0.0 -78.96392671892244,33.78245922305067,0.0 -78.96391734943718,33.782469088352386,0.0 -78.96376717632985,33.782369642698406,0.0 -78.96380241135202,33.78233254193705,0.0 -78.96381276446564,33.78233939824177,0.0 -78.9638811597928,33.782267382179356,0.0 -78.96385886258386,33.782252616112544,0.0 -78.963916369839,33.78219206199843,0.0 -78.9639388467872,33.78220694645852,0.0 -78.96400725852502,33.78213491255956,0.0 -78.96399778170587,33.782128637997445,0.0 -78.96403288250544,33.782091678369355,0.0 -78.9640598664923,33.782109549267695,0.0 -78.96410431097344,33.78213898145129,0.0 -78.96418266084643,33.78219086377468,0.0 -78.96417335453616,33.782200663392345,0.0 -78.96419426284974,33.7822145100421,0.0</coordinates>
                    </LinearRing>
                </outerBoundaryIs>
            </Polygon>
        </Placemark>
        <Placemark id="511844">
            <name>Parcel_55916</name>
            <styleUrl>#511849</styleUrl>
            <Polygon id="511843">
                <outerBoundaryIs>
                    <LinearRing id="511847">
                        <coordinates>-78.96419426284974,33.7822145100421,0.0 -78.96416091993699,33.78224961632155,0.0 -78.96413843830956,33.78227329082556,0.0 -78.96394828986864,33.78247350635077,0.0 -78.96392671892244,33.78245922305067,0.0 -78.96391734943718,33.782469088352386,0.0 -78.96376717632985,33.782369642698406,0.0 -78.96380241135202,33.78233254193705,0.0 -78.96381276446564,33.78233939824177,0.0 -78.9638811597928,33.782267382179356,0.0 -78.96385886258386,33.782252616112544,0.0 -78.963916369839,33.78219206199843,0.0 -78.9639388467872,33.78220694645852,0.0 -78.96400725852502,33.78213491255956,0.0 -78.96399778170587,33.782128637997445,0.0 -78.96403288250544,33.782091678369355,0.0 -78.9640598664923,33.782109549267695,0.0 -78.96410431097344,33.78213898145129,0.0 -78.96418266084643,33.78219086377468,0.0 -78.96417335453616,33.782200663392345,0.0 -78.96419426284974,33.7822145100421,0.0</coordinates>
                    </LinearRing>
                </outerBoundaryIs>
            </Polygon>
        </Placemark>
        <Placemark id="511853">
            <name>Parcel_55917</name>
            <styleUrl>#511858</styleUrl>
            <Polygon id="511852">
                <outerBoundaryIs>
                    <LinearRing id="511856">
                        <coordinates>-78.96419426284974,33.7822145100421,0.0 -78.96416091993699,33.78224961632155,0.0 -78.96413843830956,33.78227329082556,0.0 -78.96394828986864,33.78247350635077,0.0 -78.96392671892244,33.78245922305067,0.0 -78.96391734943718,33.782469088352386,0.0 -78.96376717632985,33.782369642698406,0.0 -78.96380241135202,33.78233254193705,0.0 -78.96381276446564,33.78233939824177,0.0 -78.9638811597928,33.782267382179356,0.0 -78.96385886258386,33.782252616112544,0.0 -78.963916369839,33.78219206199843,0.0 -78.9639388467872,33.78220694645852,0.0 -78.96400725852502,33.78213491255956,0.0 -78.96399778170587,33.782128637997445,0.0 -78.96403288250544,33.782091678369355,0.0 -78.9640598664923,33.782109549267695,0.0 -78.96410431097344,33.78213898145129,0.0 -78.96418266084643,33.78219086377468,0.0 -78.96417335453616,33.782200663392345,0.0 -78.96419426284974,33.7822145100421,0.0</coordinates>
                    </LinearRing>
                </outerBoundaryIs>
            </Polygon>
        </Placemark>
        <Placemark id="511862">
            <name>Parcel_55918</name>
            <styleUrl>#511867</styleUrl>
            <Polygon id="511861">
                <outerBoundaryIs>
                    <LinearRing id="511865">
                        <coordinates>-78.96419426284974,33.7822145100421,0.0 -78.96416091993699,33.78224961632155,0.0 -78.96413843830956,33.78227329082556,0.0 -78.96394828986864,33.78247350635077,0.0 -78.96392671892244,33.78245922305067,0.0 -78.96391734943718,33.782469088352386,0.0 -78.96376717632985,33.782369642698406,0.0 -78.96380241135202,33.78233254193705,0.0 -78.96381276446564,33.78233939824177,0.0 -78.9638811597928,33.782267382179356,0.0 -78.96385886258386,33.782252616112544,0.0 -78.963916369839,33.78219206199843,0.0 -78.9639388467872,33.78220694645852,0.0 -78.96400725852502,33.78213491255956,0.0 -78.96399778170587,33.782128637997445,0.0 -78.96403288250544,33.782091678369355,0.0 -78.9640598664923,33.782109549267695,0.0 -78.96410431097344,33.78213898145129,0.0 -78.96418266084643,33.78219086377468,0.0 -78.96417335453616,33.782200663392345,0.0 -78.96419426284974,33.7822145100421,0.0</coordinates>
                    </LinearRing>
                </outerBoundaryIs>
            </Polygon>
        </Placemark>
        <Placemark id="511871">
            <name>Parcel_55919</name>
            <styleUrl>#511876</styleUrl>
            <Polygon id="511870">
                <outerBoundaryIs>
                    <LinearRing id="511874">
                        <coordinates>-78.96469853448818,33.78203841122066,0.0 -78.96467663805805,33.782193798698884,0.0 -78.96466175413079,33.78219274487565,0.0 -78.96465941145786,33.78220936305231,0.0 -78.96465163322489,33.782208599265985,0.0 -78.96426108224563,33.78217022181476,0.0 -78.96426428521431,33.78214749554517,0.0 -78.96424916411156,33.78214601116097,0.0 -78.9642709991155,33.78199106197035,0.0 -78.96432787006918,33.78199664962686,0.0 -78.96432613828574,33.78200893509002,0.0 -78.96443833383115,33.78201995952206,0.0 -78.96444145134443,33.781997831621,0.0 -78.96453290289095,33.78200681642595,0.0 -78.96452941249703,33.78203156549642,0.0 -78.96462432427765,33.782040891253715,0.0 -78.96464074710465,33.78204250433111,0.0 -78.96464210532692,33.78203286617671,0.0 -78.96469853448818,33.78203841122066,0.0</coordinates>
                    </LinearRing>
                </outerBoundaryIs>
            </Polygon>
        </Placemark>
        <Placemark id="511880">
            <name>Parcel_55920</name>
            <styleUrl>#511885</styleUrl>
            <Polygon id="511879">
                <outerBoundaryIs>
                    <LinearRing id="511883">
                        <coordinates>-78.96469853448818,33.78203841122066,0.0 -78.96467663805805,33.782193798698884,0.0 -78.96466175413079,33.78219274487565,0.0 -78.96465941145786,33.78220936305231,0.0 -78.96465163322489,33.782208599265985,0.0 -78.96426108224563,33.78217022181476,0.0 -78.96426428521431,33.78214749554517,0.0 -78.96424916411156,33.78214601116097,0.0 -78.9642709991155,33.78199106197035,0.0 -78.96432787006918,33.78199664962686,0.0 -78.96432613828574,33.78200893509002,0.0 -78.96443833383115,33.78201995952206,0.0 -78.96444145134443,33.781997831621,0.0 -78.96453290289095,33.78200681642595,0.0 -78.96452941249703,33.78203156549642,0.0 -78.96462432427765,33.782040891253715,0.0 -78.96464074710465,33.78204250433111,0.0 -78.96464210532692,33.78203286617671,0.0 -78.96469853448818,33.78203841122066,0.0</coordinates>
                    </LinearRing>
                </outerBoundaryIs>
            </Polygon>
        </Placemark>
        <Placemark id="511889">
            <name>Parcel_55921</name>
            <styleUrl>#511894</styleUrl>
            <Polygon id="511888">
                <outerBoundaryIs>
                    <LinearRing id="511892">
                        <coordinates>-78.96497613839229,33.78173557436175,0.0 -78.96496715417413,33.78173698964979,0.0 -78.96492982837144,33.78174287598317,0.0 -78.96492090163036,33.781744281390104,0.0 -78.96491837521111,33.78173310921484,0.0 -78.96480880038602,33.781750382845104,0.0 -78.96481392732242,33.78177306483619,0.0 -78.964724585664,33.781787150041524,0.0 -78.96471889334146,33.781761971244826,0.0 -78.96460879046263,33.78177932801047,0.0 -78.96461078664817,33.781788159099314,0.0 -78.96455460987677,33.78179701375225,0.0 -78.96451905725174,33.781639772205885,0.0 -78.96453517838975,33.78163722968784,0.0 -78.96453032126341,33.781615750776574,0.0 -78.96491016112638,33.78155587259257,0.0 -78.96492036283121,33.78155426447701,0.0 -78.96492337601428,33.7815681080354,0.0 -78.96492630142505,33.7815815515004,0.0 -78.96494081599417,33.78157934778819,0.0 -78.96497613839229,33.78173557436175,0.0</coordinates>
                    </LinearRing>
                </outerBoundaryIs>
            </Polygon>
        </Placemark>
        <Placemark id="511898">
            <name>Parcel_55922</name>
            <styleUrl>#511903</styleUrl>
            <Polygon id="511897">
                <outerBoundaryIs>
                    <LinearRing id="511901">
                        <coordinates>-78.96497613839229,33.78173557436175,0.0 -78.96496715417413,33.78173698964979,0.0 -78.96492982837144,33.78174287598317,0.0 -78.96492090163036,33.781744281390104,0.0 -78.96491837521111,33.78173310921484,0.0 -78.96480880038602,33.781750382845104,0.0 -78.96481392732242,33.78177306483619,0.0 -78.964724585664,33.781787150041524,0.0 -78.96471889334146,33.781761971244826,0.0 -78.96460879046263,33.78177932801047,0.0 -78.96461078664817,33.781788159099314,0.0 -78.96455460987677,33.78179701375225,0.0 -78.96451905725174,33.781639772205885,0.0 -78.96453517838975,33.78163722968784,0.0 -78.96453032126341,33.781615750776574,0.0 -78.96491016112638,33.78155587259257,0.0 -78.96492036283121,33.78155426447701,0.0 -78.96492337601428,33.7815681080354,0.0 -78.96492630142505,33.7815815515004,0.0 -78.96494081599417,33.78157934778819,0.0 -78.96497613839229,33.78173557436175,0.0</coordinates>
                    </LinearRing>
                </outerBoundaryIs>
            </Polygon>
        </Placemark>
        <Placemark id="511907">
            <name>Parcel_55923</name>
            <styleUrl>#511912</styleUrl>
            <Polygon id="511906">
                <outerBoundaryIs>
                    <LinearRing id="511910">
                        <coordinates>-78.96497613839229,33.78173557436175,0.0 -78.96496715417413,33.78173698964979,0.0 -78.96492982837144,33.78174287598317,0.0 -78.96492090163036,33.781744281390104,0.0 -78.96491837521111,33.78173310921484,0.0 -78.96480880038602,33.781750382845104,0.0 -78.96481392732242,33.78177306483619,0.0 -78.964724585664,33.781787150041524,0.0 -78.96471889334146,33.781761971244826,0.0 -78.96460879046263,33.78177932801047,0.0 -78.96461078664817,33.781788159099314,0.0 -78.96455460987677,33.78179701375225,0.0 -78.96451905725174,33.781639772205885,0.0 -78.96453517838975,33.78163722968784,0.0 -78.96453032126341,33.781615750776574,0.0 -78.96491016112638,33.78155587259257,0.0 -78.96492036283121,33.78155426447701,0.0 -78.96492337601428,33.7815681080354,0.0 -78.96492630142505,33.7815815515004,0.0 -78.96494081599417,33.78157934778819,0.0 -78.96497613839229,33.78173557436175,0.0</coordinates>
                    </LinearRing>
                </outerBoundaryIs>
            </Polygon>
        </Placemark>
        <Placemark id="511916">
            <name>Parcel_55924</name>
            <styleUrl>#511921</styleUrl>
            <Polygon id="511915">
                <outerBoundaryIs>
                    <LinearRing id="511919">
                        <coordinates>-78.96497613839229,33.78173557436175,0.0 -78.96496715417413,33.78173698964979,0.0 -78.96492982837144,33.78174287598317,0.0 -78.96492090163036,33.781744281390104,0.0 -78.96491837521111,33.78173310921484,0.0 -78.96480880038602,33.781750382845104,0.0 -78.96481392732242,33.78177306483619,0.0 -78.964724585664,33.781787150041524,0.0 -78.96471889334146,33.781761971244826,0.0 -78.96460879046263,33.78177932801047,0.0 -78.96461078664817,33.781788159099314,0.0 -78.96455460987677,33.78179701375225,0.0 -78.96451905725174,33.781639772205885,0.0 -78.96453517838975,33.78163722968784,0.0 -78.96453032126341,33.781615750776574,0.0 -78.96491016112638,33.78155587259257,0.0 -78.96492036283121,33.78155426447701,0.0 -78.96492337601428,33.7815681080354,0.0 -78.96492630142505,33.7815815515004,0.0 -78.96494081599417,33.78157934778819,0.0 -78.96497613839229,33.78173557436175,0.0</coordinates>
                    </LinearRing>
                </outerBoundaryIs>
            </Polygon>
        </Placemark>
        <Placemark id="511925">
            <name>Parcel_55925</name>
            <styleUrl>#511930</styleUrl>
            <Polygon id="511924">
                <outerBoundaryIs>
                    <LinearRing id="511928">
                        <coordinates>-78.96497613839229,33.78173557436175,0.0 -78.96496715417413,33.78173698964979,0.0 -78.96492982837144,33.78174287598317,0.0 -78.96492090163036,33.781744281390104,0.0 -78.96491837521111,33.78173310921484,0.0 -78.96480880038602,33.781750382845104,0.0 -78.96481392732242,33.78177306483619,0.0 -78.964724585664,33.781787150041524,0.0 -78.96471889334146,33.781761971244826,0.0 -78.96460879046263,33.78177932801047,0.0 -78.96461078664817,33.781788159099314,0.0 -78.96455460987677,33.78179701375225,0.0 -78.96451905725174,33.781639772205885,0.0 -78.96453517838975,33.78163722968784,0.0 -78.96453032126341,33.781615750776574,0.0 -78.96491016112638,33.78155587259257,0.0 -78.96492036283121,33.78155426447701,0.0 -78.96492337601428,33.7815681080354,0.0 -78.96492630142505,33.7815815515004,0.0 -78.96494081599417,33.78157934778819,0.0 -78.96497613839229,33.78173557436175,0.0</coordinates>
                    </LinearRing>
                </outerBoundaryIs>
            </Polygon>
        </Placemark>
        <Placemark id="511934">
            <name>Parcel_55926</name>
            <styleUrl>#511939</styleUrl>
            <Polygon id="511933">
                <outerBoundaryIs>
                    <LinearRing id="511937">
                        <coordinates>-78.96456354713821,33.781348313479846,0.0 -78.96454376759145,33.78134953493796,0.0 -78.96455282316369,33.78145397772917,0.0 -78.96452447127548,33.7814557292147,0.0 -78.96438631578967,33.78146427164429,0.0 -78.96435088536268,33.78146646133327,0.0 -78.96434650384435,33.78141626309299,0.0 -78.96434181460708,33.78136253507556,0.0 -78.96439291929353,33.781359252145336,0.0 -78.96438769296958,33.781301780432145,0.0 -78.96437120406618,33.78130288282317,0.0 -78.9643679575596,33.78126606073018,0.0 -78.9643902093037,33.78126470769991,0.0 -78.96438373976707,33.781190205269844,0.0 -78.96433675580825,33.7811932114465,0.0 -78.96432896478333,33.78110476970108,0.0 -78.96436235747964,33.781102693513645,0.0 -78.96439010384776,33.7811009654776,0.0 -78.96448688772175,33.78109494256575,0.0 -78.96454079565434,33.781091590241054,0.0 -78.96456354713821,33.781348313479846,0.0</coordinates>
                    </LinearRing>
                </outerBoundaryIs>
            </Polygon>
        </Placemark>
        <Placemark id="511943">
            <name>Parcel_55927</name>
            <styleUrl>#511948</styleUrl>
            <Polygon id="511942">
                <outerBoundaryIs>
                    <LinearRing id="511946">
                        <coordinates>-78.96456354713821,33.781348313479846,0.0 -78.96454376759145,33.78134953493796,0.0 -78.96455282316369,33.78145397772917,0.0 -78.96452447127548,33.7814557292147,0.0 -78.96438631578967,33.78146427164429,0.0 -78.96435088536268,33.78146646133327,0.0 -78.96434650384435,33.78141626309299,0.0 -78.96434181460708,33.78136253507556,0.0 -78.96439291929353,33.781359252145336,0.0 -78.96438769296958,33.781301780432145,0.0 -78.96437120406618,33.78130288282317,0.0 -78.9643679575596,33.78126606073018,0.0 -78.9643902093037,33.78126470769991,0.0 -78.96438373976707,33.781190205269844,0.0 -78.96433675580825,33.7811932114465,0.0 -78.96432896478333,33.78110476970108,0.0 -78.96436235747964,33.781102693513645,0.0 -78.96439010384776,33.7811009654776,0.0 -78.96448688772175,33.78109494256575,0.0 -78.96454079565434,33.781091590241054,0.0 -78.96456354713821,33.781348313479846,0.0</coordinates>
                    </LinearRing>
                </outerBoundaryIs>
            </Polygon>
        </Placemark>
        <Placemark id="511952">
            <name>Parcel_55928</name>
            <styleUrl>#511957</styleUrl>
            <Polygon id="511951">
                <outerBoundaryIs>
                    <LinearRing id="511955">
                        <coordinates>-78.96456354713821,33.781348313479846,0.0 -78.96454376759145,33.78134953493796,0.0 -78.96455282316369,33.78145397772917,0.0 -78.96452447127548,33.7814557292147,0.0 -78.96438631578967,33.78146427164429,0.0 -78.96435088536268,33.78146646133327,0.0 -78.96434650384435,33.78141626309299,0.0 -78.96434181460708,33.78136253507556,0.0 -78.96439291929353,33.781359252145336,0.0 -78.96438769296958,33.781301780432145,0.0 -78.96437120406618,33.78130288282317,0.0 -78.9643679575596,33.78126606073018,0.0 -78.9643902093037,33.78126470769991,0.0 -78.96438373976707,33.781190205269844,0.0 -78.96433675580825,33.7811932114465,0.0 -78.96432896478333,33.78110476970108,0.0 -78.96436235747964,33.781102693513645,0.0 -78.96439010384776,33.7811009654776,0.0 -78.96448688772175,33.78109494256575,0.0 -78.96454079565434,33.781091590241054,0.0 -78.96456354713821,33.781348313479846,0.0</coordinates>
                    </LinearRing>
                </outerBoundaryIs>
            </Polygon>
        </Placemark>
        <Placemark id="511961">
            <name>Parcel_55929</name>
            <styleUrl>#511966</styleUrl>
            <Polygon id="511960">
                <outerBoundaryIs>
                    <LinearRing id="511964">
                        <coordinates>-78.96456354713821,33.781348313479846,0.0 -78.96454376759145,33.78134953493796,0.0 -78.96455282316369,33.78145397772917,0.0 -78.96452447127548,33.7814557292147,0.0 -78.96438631578967,33.78146427164429,0.0 -78.96435088536268,33.78146646133327,0.0 -78.96434650384435,33.78141626309299,0.0 -78.96434181460708,33.78136253507556,0.0 -78.96439291929353,33.781359252145336,0.0 -78.96438769296958,33.781301780432145,0.0 -78.96437120406618,33.78130288282317,0.0 -78.9643679575596,33.78126606073018,0.0 -78.9643902093037,33.78126470769991,0.0 -78.96438373976707,33.781190205269844,0.0 -78.96433675580825,33.7811932114465,0.0 -78.96432896478333,33.78110476970108,0.0 -78.96436235747964,33.781102693513645,0.0 -78.96439010384776,33.7811009654776,0.0 -78.96448688772175,33.78109494256575,0.0 -78.96454079565434,33.781091590241054,0.0 -78.96456354713821,33.781348313479846,0.0</coordinates>
                    </LinearRing>
                </outerBoundaryIs>
            </Polygon>
        </Placemark>
        <Placemark id="511970">
            <name>Parcel_55930</name>
            <styleUrl>#511975</styleUrl>
            <Polygon id="511969">
                <outerBoundaryIs>
                    <LinearRing id="511973">
                        <coordinates>-78.96522931766353,33.78210524351368,0.0 -78.96521447858167,33.78210760156522,0.0 -78.96521849095657,33.782125200012324,0.0 -78.9651944212074,33.78212902523454,0.0 -78.96482798743433,33.78218725962245,0.0 -78.96482287801365,33.782164841283716,0.0 -78.96480814946442,33.78216718306626,0.0 -78.96477285332286,33.782012321496715,0.0 -78.96482781878468,33.7820035848162,0.0 -78.964830478247,33.78201525253247,0.0 -78.96494097068518,33.78199769272647,0.0 -78.96493580170046,33.78197500554134,0.0 -78.96502591814804,33.78196068308973,0.0 -78.96503159631031,33.78198559647155,0.0 -78.96514154983112,33.781968122327406,0.0 -78.96513937694887,33.781958583039426,0.0 -78.96515629762308,33.781955893946815,0.0 -78.96519391081551,33.781949915763924,0.0 -78.96522931766353,33.78210524351368,0.0</coordinates>
                    </LinearRing>
                </outerBoundaryIs>
            </Polygon>
        </Placemark>
        <Placemark id="511979">
            <name>Parcel_55931</name>
            <styleUrl>#511984</styleUrl>
            <Polygon id="511978">
                <outerBoundaryIs>
                    <LinearRing id="511982">
                        <coordinates>-78.96522931766353,33.78210524351368,0.0 -78.96521447858167,33.78210760156522,0.0 -78.96521849095657,33.782125200012324,0.0 -78.9651944212074,33.78212902523454,0.0 -78.96482798743433,33.78218725962245,0.0 -78.96482287801365,33.782164841283716,0.0 -78.96480814946442,33.78216718306626,0.0 -78.96477285332286,33.782012321496715,0.0 -78.96482781878468,33.7820035848162,0.0 -78.964830478247,33.78201525253247,0.0 -78.96494097068518,33.78199769272647,0.0 -78.96493580170046,33.78197500554134,0.0 -78.96502591814804,33.78196068308973,0.0 -78.96503159631031,33.78198559647155,0.0 -78.96514154983112,33.781968122327406,0.0 -78.96513937694887,33.781958583039426,0.0 -78.96515629762308,33.781955893946815,0.0 -78.96519391081551,33.781949915763924,0.0 -78.96522931766353,33.78210524351368,0.0</coordinates>
                    </LinearRing>
                </outerBoundaryIs>
            </Polygon>
        </Placemark>
        <Placemark id="511988">
            <name>Parcel_55932</name>
            <styleUrl>#511993</styleUrl>
            <Polygon id="511987">
                <outerBoundaryIs>
                    <LinearRing id="511991">
                        <coordinates>-78.96522931766353,33.78210524351368,0.0 -78.96521447858167,33.78210760156522,0.0 -78.96521849095657,33.782125200012324,0.0 -78.9651944212074,33.78212902523454,0.0 -78.96482798743433,33.78218725962245,0.0 -78.96482287801365,33.782164841283716,0.0 -78.96480814946442,33.78216718306626,0.0 -78.96477285332286,33.782012321496715,0.0 -78.96482781878468,33.7820035848162,0.0 -78.964830478247,33.78201525253247,0.0 -78.96494097068518,33.78199769272647,0.0 -78.96493580170046,33.78197500554134,0.0 -78.96502591814804,33.78196068308973,0.0 -78.96503159631031,33.78198559647155,0.0 -78.96514154983112,33.781968122327406,0.0 -78.96513937694887,33.781958583039426,0.0 -78.96515629762308,33.781955893946815,0.0 -78.96519391081551,33.781949915763924,0.0 -78.96522931766353,33.78210524351368,0.0</coordinates>
                    </LinearRing>
                </outerBoundaryIs>
            </Polygon>
        </Placemark>
        <Placemark id="511997">
            <name>Parcel_55933</name>
            <styleUrl>#512002</styleUrl>
            <Polygon id="511996">
                <outerBoundaryIs>
                    <LinearRing id="512000">
                        <coordinates>-78.96522931766353,33.78210524351368,0.0 -78.96521447858167,33.78210760156522,0.0 -78.96521849095657,33.782125200012324,0.0 -78.9651944212074,33.78212902523454,0.0 -78.96482798743433,33.78218725962245,0.0 -78.96482287801365,33.782164841283716,0.0 -78.96480814946442,33.78216718306626,0.0 -78.96477285332286,33.782012321496715,0.0 -78.96482781878468,33.7820035848162,0.0 -78.964830478247,33.78201525253247,0.0 -78.96494097068518,33.78199769272647,0.0 -78.96493580170046,33.78197500554134,0.0 -78.96502591814804,33.78196068308973,0.0 -78.96503159631031,33.78198559647155,0.0 -78.96514154983112,33.781968122327406,0.0 -78.96513937694887,33.781958583039426,0.0 -78.96515629762308,33.781955893946815,0.0 -78.96519391081551,33.781949915763924,0.0 -78.96522931766353,33.78210524351368,0.0</coordinates>
                    </LinearRing>
                </outerBoundaryIs>
            </Polygon>
        </Placemark>
        <Placemark id="512006">
            <name>Parcel_55934</name>
            <styleUrl>#512011</styleUrl>
            <Polygon id="512005">
                <outerBoundaryIs>
                    <LinearRing id="512009">
                        <coordinates>-78.96574450627882,33.78199617498064,0.0 -78.96573069140585,33.78200131793018,0.0 -78.96574131288816,33.78202121487135,0.0 -78.965379825737,33.78215576629532,0.0 -78.96537033698766,33.78213799213171,0.0 -78.9653566572271,33.78214308314616,0.0 -78.96527894565654,33.781997505023845,0.0 -78.96533014507072,33.78197844682962,0.0 -78.96533511954372,33.78198776701191,0.0 -78.96543745399497,33.78194967565397,0.0 -78.96542549715089,33.78192727734522,0.0 -78.9655081662002,33.78189650549884,0.0 -78.965519330711,33.78191741883564,0.0 -78.96562054150726,33.78187974718951,0.0 -78.9656160727861,33.78187137694029,0.0 -78.96566763924335,33.78185218304064,0.0 -78.96574450627882,33.78199617498064,0.0</coordinates>
                    </LinearRing>
                </outerBoundaryIs>
            </Polygon>
        </Placemark>
        <Placemark id="512015">
            <name>Parcel_55935</name>
            <styleUrl>#512020</styleUrl>
            <Polygon id="512014">
                <outerBoundaryIs>
                    <LinearRing id="512018">
                        <coordinates>-78.96574450627882,33.78199617498064,0.0 -78.96573069140585,33.78200131793018,0.0 -78.96574131288816,33.78202121487135,0.0 -78.965379825737,33.78215576629532,0.0 -78.96537033698766,33.78213799213171,0.0 -78.9653566572271,33.78214308314616,0.0 -78.96527894565654,33.781997505023845,0.0 -78.96533014507072,33.78197844682962,0.0 -78.96533511954372,33.78198776701191,0.0 -78.96543745399497,33.78194967565397,0.0 -78.96542549715089,33.78192727734522,0.0 -78.9655081662002,33.78189650549884,0.0 -78.965519330711,33.78191741883564,0.0 -78.96562054150726,33.78187974718951,0.0 -78.9656160727861,33.78187137694029,0.0 -78.96566763924335,33.78185218304064,0.0 -78.96574450627882,33.78199617498064,0.0</coordinates>
                    </LinearRing>
                </outerBoundaryIs>
            </Polygon>
        </Placemark>
        <Placemark id="512024">
            <name>Parcel_55936</name>
            <styleUrl>#512029</styleUrl>
            <Polygon id="512023">
                <outerBoundaryIs>
                    <LinearRing id="512027">
                        <coordinates>-78.96574450627882,33.78199617498064,0.0 -78.96573069140585,33.78200131793018,0.0 -78.96574131288816,33.78202121487135,0.0 -78.965379825737,33.78215576629532,0.0 -78.96537033698766,33.78213799213171,0.0 -78.9653566572271,33.78214308314616,0.0 -78.96527894565654,33.781997505023845,0.0 -78.96533014507072,33.78197844682962,0.0 -78.96533511954372,33.78198776701191,0.0 -78.96543745399497,33.78194967565397,0.0 -78.96542549715089,33.78192727734522,0.0 -78.9655081662002,33.78189650549884,0.0 -78.965519330711,33.78191741883564,0.0 -78.96562054150726,33.78187974718951,0.0 -78.9656160727861,33.78187137694029,0.0 -78.96566763924335,33.78185218304064,0.0 -78.96574450627882,33.78199617498064,0.0</coordinates>
                    </LinearRing>
                </outerBoundaryIs>
            </Polygon>
        </Placemark>
        <Placemark id="512033">
            <name>Parcel_55937</name>
            <styleUrl>#512038</styleUrl>
            <Polygon id="512032">
                <outerBoundaryIs>
                    <LinearRing id="512036">
                        <coordinates>-78.96574450627882,33.78199617498064,0.0 -78.96573069140585,33.78200131793018,0.0 -78.96574131288816,33.78202121487135,0.0 -78.965379825737,33.78215576629532,0.0 -78.96537033698766,33.78213799213171,0.0 -78.9653566572271,33.78214308314616,0.0 -78.96527894565654,33.781997505023845,0.0 -78.96533014507072,33.78197844682962,0.0 -78.96533511954372,33.78198776701191,0.0 -78.96543745399497,33.78194967565397,0.0 -78.96542549715089,33.78192727734522,0.0 -78.9655081662002,33.78189650549884,0.0 -78.965519330711,33.78191741883564,0.0 -78.96562054150726,33.78187974718951,0.0 -78.9656160727861,33.78187137694029,0.0 -78.96566763924335,33.78185218304064,0.0 -78.96574450627882,33.78199617498064,0.0</coordinates>
                    </LinearRing>
                </outerBoundaryIs>
            </Polygon>
        </Placemark>
        <Placemark id="512042">
            <name>Parcel_55938</name>
            <styleUrl>#512047</styleUrl>
            <Polygon id="512041">
                <outerBoundaryIs>
                    <LinearRing id="512045">
                        <coordinates>-78.96408149867975,33.78077940117458,0.0 -78.96405487322002,33.780861435863585,0.0 -78.96401476183306,33.78085218420998,0.0 -78.96399173301756,33.780921218215525,0.0 -78.9640121995419,33.78092585080666,0.0 -78.96399542625079,33.78097402704281,0.0 -78.96396760091302,33.78096738474743,0.0 -78.96395338679412,33.781011650857835,0.0 -78.96400413466829,33.78102348205681,0.0 -78.96397317368125,33.78111489484197,0.0 -78.96378163284304,33.78107033418123,0.0 -78.96381530854987,33.780968658031064,0.0 -78.96380221295138,33.78096552122263,0.0 -78.96384387149466,33.780839406229894,0.0 -78.9638545140677,33.78084181540681,0.0 -78.96388995958864,33.78073484159787,0.0 -78.96408149867975,33.78077940117458,0.0</coordinates>
                    </LinearRing>
                </outerBoundaryIs>
            </Polygon>
        </Placemark>
        <Placemark id="512051">
            <name>Parcel_55939</name>
            <styleUrl>#512056</styleUrl>
            <Polygon id="512050">
                <outerBoundaryIs>
                    <LinearRing id="512054">
                        <coordinates>-78.96408149867975,33.78077940117458,0.0 -78.96405487322002,33.780861435863585,0.0 -78.96401476183306,33.78085218420998,0.0 -78.96399173301756,33.780921218215525,0.0 -78.9640121995419,33.78092585080666,0.0 -78.96399542625079,33.78097402704281,0.0 -78.96396760091302,33.78096738474743,0.0 -78.96395338679412,33.781011650857835,0.0 -78.96400413466829,33.78102348205681,0.0 -78.96397317368125,33.78111489484197,0.0 -78.96378163284304,33.78107033418123,0.0 -78.96381530854987,33.780968658031064,0.0 -78.96380221295138,33.78096552122263,0.0 -78.96384387149466,33.780839406229894,0.0 -78.9638545140677,33.78084181540681,0.0 -78.96388995958864,33.78073484159787,0.0 -78.96408149867975,33.78077940117458,0.0</coordinates>
                    </LinearRing>
                </outerBoundaryIs>
            </Polygon>
        </Placemark>
        <Placemark id="512060">
            <name>Parcel_55940</name>
            <styleUrl>#512065</styleUrl>
            <Polygon id="512059">
                <outerBoundaryIs>
                    <LinearRing id="512063">
                        <coordinates>-78.96586428374498,33.778645898120615,0.0 -78.96585325889104,33.77862475619938,0.0 -78.9658349966321,33.778631328651265,0.0 -78.96581154983832,33.7785854042224,0.0 -78.96580606153888,33.77857465778093,0.0 -78.96579936446622,33.77856153654722,0.0 -78.96578386404049,33.778531177349834,0.0 -78.96580212924061,33.77852443358866,0.0 -78.96578875592986,33.778498269929884,0.0 -78.96586097937106,33.778472359801796,0.0 -78.96591420361865,33.778453265225956,0.0 -78.96593483889173,33.778445861413964,0.0 -78.96600254990479,33.77857788853859,0.0 -78.9660027780513,33.778578336034805,0.0 -78.9660103771244,33.77859314785611,0.0 -78.96598746941916,33.77860141985923,0.0 -78.96594293725511,33.7786174997118,0.0 -78.965893303705,33.778635421297906,0.0 -78.96586428374498,33.778645898120615,0.0</coordinates>
                    </LinearRing>
                </outerBoundaryIs>
            </Polygon>
        </Placemark>
        <Placemark id="512069">
            <name>Parcel_55941</name>
            <styleUrl>#512074</styleUrl>
            <Polygon id="512068">
                <outerBoundaryIs>
                    <LinearRing id="512072">
                        <coordinates>-78.96630226786498,33.77869275186671,0.0 -78.96630449571254,33.77867603886908,0.0 -78.96625655071159,33.77867158187805,0.0 -78.96627030379449,33.77856844663308,0.0 -78.96627118577167,33.77856182026926,0.0 -78.96632193489941,33.778566537997925,0.0 -78.96641631808276,33.77857531531151,0.0 -78.96645574915773,33.77857898114027,0.0 -78.9664476204845,33.778639940211654,0.0 -78.96644116936338,33.77868833239802,0.0 -78.96639123490645,33.77868369034063,0.0 -78.96638895208388,33.7787008119091,0.0 -78.96630226786498,33.77869275186671,0.0</coordinates>
                    </LinearRing>
                </outerBoundaryIs>
            </Polygon>
        </Placemark>
        <Placemark id="512078">
            <name>Parcel_55942</name>
            <styleUrl>#512083</styleUrl>
            <Polygon id="512077">
                <outerBoundaryIs>
                    <LinearRing id="512081">
                        <coordinates>-78.96408149867975,33.78077940117458,0.0 -78.96405487322002,33.780861435863585,0.0 -78.96401476183306,33.78085218420998,0.0 -78.96399173301756,33.780921218215525,0.0 -78.9640121995419,33.78092585080666,0.0 -78.96399542625079,33.78097402704281,0.0 -78.96396760091302,33.78096738474743,0.0 -78.96395338679412,33.781011650857835,0.0 -78.96400413466829,33.78102348205681,0.0 -78.96397317368125,33.78111489484197,0.0 -78.96378163284304,33.78107033418123,0.0 -78.96381530854987,33.780968658031064,0.0 -78.96380221295138,33.78096552122263,0.0 -78.96384387149466,33.780839406229894,0.0 -78.9638545140677,33.78084181540681,0.0 -78.96388995958864,33.78073484159787,0.0 -78.96408149867975,33.78077940117458,0.0</coordinates>
                    </LinearRing>
                </outerBoundaryIs>
            </Polygon>
        </Placemark>
        <Placemark id="512087">
            <name>Parcel_55943</name>
            <styleUrl>#512092</styleUrl>
            <Polygon id="512086">
                <outerBoundaryIs>
                    <LinearRing id="512090">
                        <coordinates>-78.96408149867975,33.78077940117458,0.0 -78.96405487322002,33.780861435863585,0.0 -78.96401476183306,33.78085218420998,0.0 -78.96399173301756,33.780921218215525,0.0 -78.9640121995419,33.78092585080666,0.0 -78.96399542625079,33.78097402704281,0.0 -78.96396760091302,33.78096738474743,0.0 -78.96395338679412,33.781011650857835,0.0 -78.96400413466829,33.78102348205681,0.0 -78.96397317368125,33.78111489484197,0.0 -78.96378163284304,33.78107033418123,0.0 -78.96381530854987,33.780968658031064,0.0 -78.96380221295138,33.78096552122263,0.0 -78.96384387149466,33.780839406229894,0.0 -78.9638545140677,33.78084181540681,0.0 -78.96388995958864,33.78073484159787,0.0 -78.96408149867975,33.78077940117458,0.0</coordinates>
                    </LinearRing>
                </outerBoundaryIs>
            </Polygon>
        </Placemark>
        <Placemark id="512096">
            <name>Parcel_55944</name>
            <styleUrl>#512101</styleUrl>
            <Polygon id="512095">
                <outerBoundaryIs>
                    <LinearRing id="512099">
                        <coordinates>-78.96408149867975,33.78077940117458,0.0 -78.96405487322002,33.780861435863585,0.0 -78.96401476183306,33.78085218420998,0.0 -78.96399173301756,33.780921218215525,0.0 -78.9640121995419,33.78092585080666,0.0 -78.96399542625079,33.78097402704281,0.0 -78.96396760091302,33.78096738474743,0.0 -78.96395338679412,33.781011650857835,0.0 -78.96400413466829,33.78102348205681,0.0 -78.96397317368125,33.78111489484197,0.0 -78.96378163284304,33.78107033418123,0.0 -78.96381530854987,33.780968658031064,0.0 -78.96380221295138,33.78096552122263,0.0 -78.96384387149466,33.780839406229894,0.0 -78.9638545140677,33.78084181540681,0.0 -78.96388995958864,33.78073484159787,0.0 -78.96408149867975,33.78077940117458,0.0</coordinates>
                    </LinearRing>
                </outerBoundaryIs>
            </Polygon>
        </Placemark>
        <Placemark id="512105">
            <name>Parcel_55945</name>
            <styleUrl>#512110</styleUrl>
            <Polygon id="512104">
                <outerBoundaryIs>
                    <LinearRing id="512108">
                        <coordinates>-78.96608156734933,33.77875032812524,0.0 -78.96597311583433,33.77888204726329,0.0 -78.96583994299823,33.778805631730876,0.0 -78.96585942661726,33.77878207089037,0.0 -78.96584480845141,33.7787737538721,0.0 -78.96590201504463,33.77870426126693,0.0 -78.96591598057839,33.77868729747121,0.0 -78.96593384904409,33.77869738517012,0.0 -78.96595164784338,33.77867551388242,0.0 -78.9660044932319,33.77870594574987,0.0 -78.96608156734933,33.77875032812524,0.0</coordinates>
                    </LinearRing>
                </outerBoundaryIs>
            </Polygon>
        </Placemark>
        <Placemark id="512114">
            <name>Parcel_55946</name>
            <styleUrl>#512119</styleUrl>
            <Polygon id="512113">
                <outerBoundaryIs>
                    <LinearRing id="512117">
                        <coordinates>-78.96608156734933,33.77875032812524,0.0 -78.96597311583433,33.77888204726329,0.0 -78.96583994299823,33.778805631730876,0.0 -78.96585942661726,33.77878207089037,0.0 -78.96584480845141,33.7787737538721,0.0 -78.96590201504463,33.77870426126693,0.0 -78.96591598057839,33.77868729747121,0.0 -78.96593384904409,33.77869738517012,0.0 -78.96595164784338,33.77867551388242,0.0 -78.9660044932319,33.77870594574987,0.0 -78.96608156734933,33.77875032812524,0.0</coordinates>
                    </LinearRing>
                </outerBoundaryIs>
            </Polygon>
        </Placemark>
        <Placemark id="512123">
            <name>Parcel_55947</name>
            <styleUrl>#512128</styleUrl>
            <Polygon id="512122">
                <outerBoundaryIs>
                    <LinearRing id="512126">
                        <coordinates>-78.96608156734933,33.77875032812524,0.0 -78.96597311583433,33.77888204726329,0.0 -78.96583994299823,33.778805631730876,0.0 -78.96585942661726,33.77878207089037,0.0 -78.96584480845141,33.7787737538721,0.0 -78.96590201504463,33.77870426126693,0.0 -78.96591598057839,33.77868729747121,0.0 -78.96593384904409,33.77869738517012,0.0 -78.96595164784338,33.77867551388242,0.0 -78.9660044932319,33.77870594574987,0.0 -78.96608156734933,33.77875032812524,0.0</coordinates>
                    </LinearRing>
                </outerBoundaryIs>
            </Polygon>
        </Placemark>
        <Placemark id="512132">
            <name>Parcel_55948</name>
            <styleUrl>#512137</styleUrl>
            <Polygon id="512131">
                <outerBoundaryIs>
                    <LinearRing id="512135">
                        <coordinates>-78.96658360705484,33.77863289679021,0.0 -78.96654316636946,33.778558361149116,0.0 -78.96652891705118,33.77853209930019,0.0 -78.96667435168902,33.778477072707055,0.0 -78.96669845436688,33.77846795346544,0.0 -78.96674348788994,33.77855095601205,0.0 -78.96675279464732,33.77856810657146,0.0 -78.9667357341287,33.77857456090662,0.0 -78.96672396884067,33.77857901249157,0.0 -78.96670800133843,33.77858505456536,0.0 -78.96671637848556,33.778600495139486,0.0 -78.96663702594098,33.77863051953912,0.0 -78.96662899762661,33.77861572235105,0.0 -78.96660638789213,33.778624277156354,0.0 -78.96658360705484,33.77863289679021,0.0</coordinates>
                    </LinearRing>
                </outerBoundaryIs>
            </Polygon>
        </Placemark>
        <Placemark id="512141">
            <name>Parcel_55949</name>
            <styleUrl>#512146</styleUrl>
            <Polygon id="512140">
                <outerBoundaryIs>
                    <LinearRing id="512144">
                        <coordinates>-79.0924484911616,33.84549677568857,0.0 -79.0924729537671,33.84517533391637,0.0 -79.0926701895147,33.84518707045282,0.0 -79.092644592823,33.84550655301731,0.0 -79.0924484911616,33.84549677568857,0.0</coordinates>
                    </LinearRing>
                </outerBoundaryIs>
            </Polygon>
        </Placemark>
        <Placemark id="512150">
            <name>Parcel_55950</name>
            <styleUrl>#512155</styleUrl>
            <Polygon id="512149">
                <outerBoundaryIs>
                    <LinearRing id="512153">
                        <coordinates>-79.09381731510386,33.84599989373026,0.0 -79.09383930616848,33.84570397420337,0.0 -79.09403523090877,33.845712784281226,0.0 -79.09401188474335,33.84600867035041,0.0 -79.09381731510386,33.84599989373026,0.0</coordinates>
                    </LinearRing>
                </outerBoundaryIs>
            </Polygon>
        </Placemark>
        <Placemark id="512159">
            <name>Parcel_55951</name>
            <styleUrl>#512164</styleUrl>
            <Polygon id="512158">
                <outerBoundaryIs>
                    <LinearRing id="512162">
                        <coordinates>-79.09401188474335,33.84600867035041,0.0 -79.09403523090877,33.845712784281226,0.0 -79.09426824818442,33.84572326243803,0.0 -79.09426313899094,33.84602000367556,0.0 -79.09401188474335,33.84600867035041,0.0</coordinates>
                    </LinearRing>
                </outerBoundaryIs>
            </Polygon>
        </Placemark>
        <Placemark id="512168">
            <name>Parcel_55952</name>
            <styleUrl>#512173</styleUrl>
            <Polygon id="512167">
                <outerBoundaryIs>
                    <LinearRing id="512171">
                        <coordinates>-79.09380489088136,33.8461651721203,0.0 -79.0938069013681,33.845999426802194,0.0 -79.09381731510386,33.84599989373026,0.0 -79.09401188474335,33.84600867035041,0.0 -79.09426313899094,33.84602000367556,0.0 -79.09426027838492,33.84618610658157,0.0 -79.09380489088136,33.8461651721203,0.0</coordinates>
                    </LinearRing>
                </outerBoundaryIs>
            </Polygon>
        </Placemark>
        <Placemark id="512177">
            <name>Parcel_55953</name>
            <styleUrl>#512182</styleUrl>
            <Polygon id="512176">
                <outerBoundaryIs>
                    <LinearRing id="512180">
                        <coordinates>-79.15716281656219,33.83797474620406,0.0 -79.15678182385881,33.83794859415005,0.0 -79.15677517935025,33.837736937443964,0.0 -79.1570943153628,33.83775778134012,0.0 -79.15709452408154,33.837762781768035,0.0 -79.15740033596036,33.83778339862263,0.0 -79.15740990703587,33.83799134158097,0.0 -79.15716281656219,33.83797474620406,0.0</coordinates>
                    </LinearRing>
                </outerBoundaryIs>
            </Polygon>
        </Placemark>
        <Placemark id="512186">
            <name>Parcel_55954</name>
            <styleUrl>#512191</styleUrl>
            <Polygon id="512185">
                <outerBoundaryIs>
                    <LinearRing id="512189">
                        <coordinates>-79.15758287033304,33.83800289149129,0.0 -79.15740990703587,33.83799134158097,0.0 -79.15740033596036,33.83778339862263,0.0 -79.15740750643661,33.8377838741858,0.0 -79.1577204636781,33.83780463083885,0.0 -79.15803337531108,33.83782550506855,0.0 -79.15804303243567,33.83803328599285,0.0 -79.15758287033304,33.83800289149129,0.0</coordinates>
                    </LinearRing>
                </outerBoundaryIs>
            </Polygon>
        </Placemark>
        <Placemark id="512195">
            <name>Parcel_55955</name>
            <styleUrl>#512200</styleUrl>
            <Polygon id="512194">
                <outerBoundaryIs>
                    <LinearRing id="512198">
                        <coordinates>-78.97204561063333,33.61925613608087,0.0 -78.97205201958563,33.61924994031013,0.0 -78.9721620479192,33.61914353937273,0.0 -78.97235966723377,33.61927652604051,0.0 -78.9723729754273,33.61928556284385,0.0 -78.97225236634635,33.619402514403575,0.0 -78.97204561063333,33.61925613608087,0.0</coordinates>
                    </LinearRing>
                </outerBoundaryIs>
            </Polygon>
        </Placemark>
        <Placemark id="512204">
            <name>Parcel_55956</name>
            <styleUrl>#512209</styleUrl>
            <Polygon id="512203">
                <outerBoundaryIs>
                    <LinearRing id="512207">
                        <coordinates>-78.9648333525275,33.78076153157934,0.0 -78.96480402689272,33.78078355857146,0.0 -78.96480886704865,33.780787760863745,0.0 -78.9647543960601,33.78082896045,0.0 -78.96476002943963,33.78083438075904,0.0 -78.96462677628308,33.78093579208964,0.0 -78.96462194831336,33.780931073189,0.0 -78.96456413066909,33.780974622174575,0.0 -78.96455929671468,33.78097024860951,0.0 -78.96452997098157,33.78099227373266,0.0 -78.96451145261364,33.78097478750043,0.0 -78.96449973719913,33.78098301244284,0.0 -78.96442160723643,33.780910766687406,0.0 -78.96442830831582,33.780905723328694,0.0 -78.96440011514414,33.78087983075084,0.0 -78.96447721472799,33.78082130690794,0.0 -78.96450379300757,33.78084596974031,0.0 -78.96456916191883,33.78079636050289,0.0 -78.96455385531033,33.780782191162565,0.0 -78.96458150827208,33.78076134078334,0.0 -78.9645968035398,33.7807758535664,0.0 -78.96466132022643,33.78072743162524,0.0 -78.96463232243869,33.78070066633303,0.0 -78.96470942062527,33.78064214232569,0.0 -78.96473761595014,33.7806680357714,0.0 -78.96474265054468,33.780663994081486,0.0 -78.96481917155407,33.78073466818189,0.0 -78.96481079051996,33.780741058462745,0.0 -78.9648333525275,33.78076153157934,0.0</coordinates>
                    </LinearRing>
                </outerBoundaryIs>
            </Polygon>
        </Placemark>
        <Placemark id="512213">
            <name>Parcel_55957</name>
            <styleUrl>#512218</styleUrl>
            <Polygon id="512212">
                <outerBoundaryIs>
                    <LinearRing id="512216">
                        <coordinates>-78.9648333525275,33.78076153157934,0.0 -78.96480402689272,33.78078355857146,0.0 -78.96480886704865,33.780787760863745,0.0 -78.9647543960601,33.78082896045,0.0 -78.96476002943963,33.78083438075904,0.0 -78.96462677628308,33.78093579208964,0.0 -78.96462194831336,33.780931073189,0.0 -78.96456413066909,33.780974622174575,0.0 -78.96455929671468,33.78097024860951,0.0 -78.96452997098157,33.78099227373266,0.0 -78.96451145261364,33.78097478750043,0.0 -78.96449973719913,33.78098301244284,0.0 -78.96442160723643,33.780910766687406,0.0 -78.96442830831582,33.780905723328694,0.0 -78.96440011514414,33.78087983075084,0.0 -78.96447721472799,33.78082130690794,0.0 -78.96450379300757,33.78084596974031,0.0 -78.96456916191883,33.78079636050289,0.0 -78.96455385531033,33.780782191162565,0.0 -78.96458150827208,33.78076134078334,0.0 -78.9645968035398,33.7807758535664,0.0 -78.96466132022643,33.78072743162524,0.0 -78.96463232243869,33.78070066633303,0.0 -78.96470942062527,33.78064214232569,0.0 -78.96473761595014,33.7806680357714,0.0 -78.96474265054468,33.780663994081486,0.0 -78.96481917155407,33.78073466818189,0.0 -78.96481079051996,33.780741058462745,0.0 -78.9648333525275,33.78076153157934,0.0</coordinates>
                    </LinearRing>
                </outerBoundaryIs>
            </Polygon>
        </Placemark>
        <Placemark id="512222">
            <name>Parcel_55958</name>
            <styleUrl>#512227</styleUrl>
            <Polygon id="512221">
                <outerBoundaryIs>
                    <LinearRing id="512225">
                        <coordinates>-78.9648333525275,33.78076153157934,0.0 -78.96480402689272,33.78078355857146,0.0 -78.96480886704865,33.780787760863745,0.0 -78.9647543960601,33.78082896045,0.0 -78.96476002943963,33.78083438075904,0.0 -78.96462677628308,33.78093579208964,0.0 -78.96462194831336,33.780931073189,0.0 -78.96456413066909,33.780974622174575,0.0 -78.96455929671468,33.78097024860951,0.0 -78.96452997098157,33.78099227373266,0.0 -78.96451145261364,33.78097478750043,0.0 -78.96449973719913,33.78098301244284,0.0 -78.96442160723643,33.780910766687406,0.0 -78.96442830831582,33.780905723328694,0.0 -78.96440011514414,33.78087983075084,0.0 -78.96447721472799,33.78082130690794,0.0 -78.96450379300757,33.78084596974031,0.0 -78.96456916191883,33.78079636050289,0.0 -78.96455385531033,33.780782191162565,0.0 -78.96458150827208,33.78076134078334,0.0 -78.9645968035398,33.7807758535664,0.0 -78.96466132022643,33.78072743162524,0.0 -78.96463232243869,33.78070066633303,0.0 -78.96470942062527,33.78064214232569,0.0 -78.96473761595014,33.7806680357714,0.0 -78.96474265054468,33.780663994081486,0.0 -78.96481917155407,33.78073466818189,0.0 -78.96481079051996,33.780741058462745,0.0 -78.9648333525275,33.78076153157934,0.0</coordinates>
                    </LinearRing>
                </outerBoundaryIs>
            </Polygon>
        </Placemark>
        <Placemark id="512231">
            <name>Parcel_55959</name>
            <styleUrl>#512236</styleUrl>
            <Polygon id="512230">
                <outerBoundaryIs>
                    <LinearRing id="512234">
                        <coordinates>-78.9648333525275,33.78076153157934,0.0 -78.96480402689272,33.78078355857146,0.0 -78.96480886704865,33.780787760863745,0.0 -78.9647543960601,33.78082896045,0.0 -78.96476002943963,33.78083438075904,0.0 -78.96462677628308,33.78093579208964,0.0 -78.96462194831336,33.780931073189,0.0 -78.96456413066909,33.780974622174575,0.0 -78.96455929671468,33.78097024860951,0.0 -78.96452997098157,33.78099227373266,0.0 -78.96451145261364,33.78097478750043,0.0 -78.96449973719913,33.78098301244284,0.0 -78.96442160723643,33.780910766687406,0.0 -78.96442830831582,33.780905723328694,0.0 -78.96440011514414,33.78087983075084,0.0 -78.96447721472799,33.78082130690794,0.0 -78.96450379300757,33.78084596974031,0.0 -78.96456916191883,33.78079636050289,0.0 -78.96455385531033,33.780782191162565,0.0 -78.96458150827208,33.78076134078334,0.0 -78.9645968035398,33.7807758535664,0.0 -78.96466132022643,33.78072743162524,0.0 -78.96463232243869,33.78070066633303,0.0 -78.96470942062527,33.78064214232569,0.0 -78.96473761595014,33.7806680357714,0.0 -78.96474265054468,33.780663994081486,0.0 -78.96481917155407,33.78073466818189,0.0 -78.96481079051996,33.780741058462745,0.0 -78.9648333525275,33.78076153157934,0.0</coordinates>
                    </LinearRing>
                </outerBoundaryIs>
            </Polygon>
        </Placemark>
        <Placemark id="512240">
            <name>Parcel_55960</name>
            <styleUrl>#512245</styleUrl>
            <Polygon id="512239">
                <outerBoundaryIs>
                    <LinearRing id="512243">
                        <coordinates>-78.96531462646458,33.78125878211144,0.0 -78.9652871344389,33.78127276264744,0.0 -78.96529190684458,33.78127988603513,0.0 -78.96518778625489,33.781332467047626,0.0 -78.96518380229138,33.7813269025159,0.0 -78.96516547568623,33.78133622287807,0.0 -78.9651088812862,33.78125814720676,0.0 -78.96509305416262,33.78126613412897,0.0 -78.9650037978508,33.78114216091025,0.0 -78.96501962388027,33.7811341739815,0.0 -78.96496224349532,33.78105453851291,0.0 -78.96508385853686,33.78099296729207,0.0 -78.96511378410976,33.78098040044661,0.0 -78.96516478535021,33.78105134103773,0.0 -78.96512563686223,33.78107114208243,0.0 -78.96516628199188,33.781127479809804,0.0 -78.96520209835246,33.78110951258802,0.0 -78.96521962299029,33.781134198657575,0.0 -78.96518463445852,33.78115200813135,0.0 -78.9652260762224,33.78120956029722,0.0 -78.96526439395474,33.78119008829152,0.0 -78.96531462646458,33.78125878211144,0.0</coordinates>
                    </LinearRing>
                </outerBoundaryIs>
            </Polygon>
        </Placemark>
        <Placemark id="512249">
            <name>Parcel_55961</name>
            <styleUrl>#512254</styleUrl>
            <Polygon id="512248">
                <outerBoundaryIs>
                    <LinearRing id="512252">
                        <coordinates>-78.96531462646458,33.78125878211144,0.0 -78.9652871344389,33.78127276264744,0.0 -78.96529190684458,33.78127988603513,0.0 -78.96518778625489,33.781332467047626,0.0 -78.96518380229138,33.7813269025159,0.0 -78.96516547568623,33.78133622287807,0.0 -78.9651088812862,33.78125814720676,0.0 -78.96509305416262,33.78126613412897,0.0 -78.9650037978508,33.78114216091025,0.0 -78.96501962388027,33.7811341739815,0.0 -78.96496224349532,33.78105453851291,0.0 -78.96508385853686,33.78099296729207,0.0 -78.96511378410976,33.78098040044661,0.0 -78.96516478535021,33.78105134103773,0.0 -78.96512563686223,33.78107114208243,0.0 -78.96516628199188,33.781127479809804,0.0 -78.96520209835246,33.78110951258802,0.0 -78.96521962299029,33.781134198657575,0.0 -78.96518463445852,33.78115200813135,0.0 -78.9652260762224,33.78120956029722,0.0 -78.96526439395474,33.78119008829152,0.0 -78.96531462646458,33.78125878211144,0.0</coordinates>
                    </LinearRing>
                </outerBoundaryIs>
            </Polygon>
        </Placemark>
        <Placemark id="512258">
            <name>Parcel_55962</name>
            <styleUrl>#512263</styleUrl>
            <Polygon id="512257">
                <outerBoundaryIs>
                    <LinearRing id="512261">
                        <coordinates>-78.96531462646458,33.78125878211144,0.0 -78.9652871344389,33.78127276264744,0.0 -78.96529190684458,33.78127988603513,0.0 -78.96518778625489,33.781332467047626,0.0 -78.96518380229138,33.7813269025159,0.0 -78.96516547568623,33.78133622287807,0.0 -78.9651088812862,33.78125814720676,0.0 -78.96509305416262,33.78126613412897,0.0 -78.9650037978508,33.78114216091025,0.0 -78.96501962388027,33.7811341739815,0.0 -78.96496224349532,33.78105453851291,0.0 -78.96508385853686,33.78099296729207,0.0 -78.96511378410976,33.78098040044661,0.0 -78.96516478535021,33.78105134103773,0.0 -78.96512563686223,33.78107114208243,0.0 -78.96516628199188,33.781127479809804,0.0 -78.96520209835246,33.78110951258802,0.0 -78.96521962299029,33.781134198657575,0.0 -78.96518463445852,33.78115200813135,0.0 -78.9652260762224,33.78120956029722,0.0 -78.96526439395474,33.78119008829152,0.0 -78.96531462646458,33.78125878211144,0.0</coordinates>
                    </LinearRing>
                </outerBoundaryIs>
            </Polygon>
        </Placemark>
        <Placemark id="512267">
            <name>Parcel_55963</name>
            <styleUrl>#512272</styleUrl>
            <Polygon id="512266">
                <outerBoundaryIs>
                    <LinearRing id="512270">
                        <coordinates>-78.96531462646458,33.78125878211144,0.0 -78.9652871344389,33.78127276264744,0.0 -78.96529190684458,33.78127988603513,0.0 -78.96518778625489,33.781332467047626,0.0 -78.96518380229138,33.7813269025159,0.0 -78.96516547568623,33.78133622287807,0.0 -78.9651088812862,33.78125814720676,0.0 -78.96509305416262,33.78126613412897,0.0 -78.9650037978508,33.78114216091025,0.0 -78.96501962388027,33.7811341739815,0.0 -78.96496224349532,33.78105453851291,0.0 -78.96508385853686,33.78099296729207,0.0 -78.96511378410976,33.78098040044661,0.0 -78.96516478535021,33.78105134103773,0.0 -78.96512563686223,33.78107114208243,0.0 -78.96516628199188,33.781127479809804,0.0 -78.96520209835246,33.78110951258802,0.0 -78.96521962299029,33.781134198657575,0.0 -78.96518463445852,33.78115200813135,0.0 -78.9652260762224,33.78120956029722,0.0 -78.96526439395474,33.78119008829152,0.0 -78.96531462646458,33.78125878211144,0.0</coordinates>
                    </LinearRing>
                </outerBoundaryIs>
            </Polygon>
        </Placemark>
        <Placemark id="512276">
            <name>Parcel_55964</name>
            <styleUrl>#512281</styleUrl>
            <Polygon id="512275">
                <outerBoundaryIs>
                    <LinearRing id="512279">
                        <coordinates>-78.9650313698841,33.78053146240421,0.0 -78.96493953520476,33.78044696445896,0.0 -78.9649437227426,33.78044394063073,0.0 -78.9649300110444,33.78043203162773,0.0 -78.96493757040264,33.780426315091574,0.0 -78.96500961955823,33.7803718314597,0.0 -78.96502975795471,33.78039037425669,0.0 -78.96515966742298,33.78029113977993,0.0 -78.96513951688179,33.78027311180213,0.0 -78.96521913620523,33.78021239487817,0.0 -78.96523203734043,33.78022377552353,0.0 -78.9652353889095,33.78022125383969,0.0 -78.96532804014804,33.78030593635976,0.0 -78.96524674111745,33.78036817162936,0.0 -78.96526043747097,33.78038059534252,0.0 -78.96519478257419,33.78043054567127,0.0 -78.96512802231203,33.78048133551823,0.0 -78.96511433190277,33.78046856825577,0.0 -78.9650313698841,33.78053146240421,0.0</coordinates>
                    </LinearRing>
                </outerBoundaryIs>
            </Polygon>
        </Placemark>
        <Placemark id="512285">
            <name>Parcel_55965</name>
            <styleUrl>#512290</styleUrl>
            <Polygon id="512284">
                <outerBoundaryIs>
                    <LinearRing id="512288">
                        <coordinates>-78.9650313698841,33.78053146240421,0.0 -78.96493953520476,33.78044696445896,0.0 -78.9649437227426,33.78044394063073,0.0 -78.9649300110444,33.78043203162773,0.0 -78.96493757040264,33.780426315091574,0.0 -78.96500961955823,33.7803718314597,0.0 -78.96502975795471,33.78039037425669,0.0 -78.96515966742298,33.78029113977993,0.0 -78.96513951688179,33.78027311180213,0.0 -78.96521913620523,33.78021239487817,0.0 -78.96523203734043,33.78022377552353,0.0 -78.9652353889095,33.78022125383969,0.0 -78.96532804014804,33.78030593635976,0.0 -78.96524674111745,33.78036817162936,0.0 -78.96526043747097,33.78038059534252,0.0 -78.96519478257419,33.78043054567127,0.0 -78.96512802231203,33.78048133551823,0.0 -78.96511433190277,33.78046856825577,0.0 -78.9650313698841,33.78053146240421,0.0</coordinates>
                    </LinearRing>
                </outerBoundaryIs>
            </Polygon>
        </Placemark>
        <Placemark id="512294">
            <name>Parcel_55966</name>
            <styleUrl>#512299</styleUrl>
            <Polygon id="512293">
                <outerBoundaryIs>
                    <LinearRing id="512297">
                        <coordinates>-78.9650313698841,33.78053146240421,0.0 -78.96493953520476,33.78044696445896,0.0 -78.9649437227426,33.78044394063073,0.0 -78.9649300110444,33.78043203162773,0.0 -78.96493757040264,33.780426315091574,0.0 -78.96500961955823,33.7803718314597,0.0 -78.96502975795471,33.78039037425669,0.0 -78.96515966742298,33.78029113977993,0.0 -78.96513951688179,33.78027311180213,0.0 -78.96521913620523,33.78021239487817,0.0 -78.96523203734043,33.78022377552353,0.0 -78.9652353889095,33.78022125383969,0.0 -78.96532804014804,33.78030593635976,0.0 -78.96524674111745,33.78036817162936,0.0 -78.96526043747097,33.78038059534252,0.0 -78.96519478257419,33.78043054567127,0.0 -78.96512802231203,33.78048133551823,0.0 -78.96511433190277,33.78046856825577,0.0 -78.9650313698841,33.78053146240421,0.0</coordinates>
                    </LinearRing>
                </outerBoundaryIs>
            </Polygon>
        </Placemark>
        <Placemark id="512303">
            <name>Parcel_55967</name>
            <styleUrl>#512308</styleUrl>
            <Polygon id="512302">
                <outerBoundaryIs>
                    <LinearRing id="512306">
                        <coordinates>-78.9650313698841,33.78053146240421,0.0 -78.96493953520476,33.78044696445896,0.0 -78.9649437227426,33.78044394063073,0.0 -78.9649300110444,33.78043203162773,0.0 -78.96493757040264,33.780426315091574,0.0 -78.96500961955823,33.7803718314597,0.0 -78.96502975795471,33.78039037425669,0.0 -78.96515966742298,33.78029113977993,0.0 -78.96513951688179,33.78027311180213,0.0 -78.96521913620523,33.78021239487817,0.0 -78.96523203734043,33.78022377552353,0.0 -78.9652353889095,33.78022125383969,0.0 -78.96532804014804,33.78030593635976,0.0 -78.96524674111745,33.78036817162936,0.0 -78.96526043747097,33.78038059534252,0.0 -78.96519478257419,33.78043054567127,0.0 -78.96512802231203,33.78048133551823,0.0 -78.96511433190277,33.78046856825577,0.0 -78.9650313698841,33.78053146240421,0.0</coordinates>
                    </LinearRing>
                </outerBoundaryIs>
            </Polygon>
        </Placemark>
        <Placemark id="512312">
            <name>Parcel_55968</name>
            <styleUrl>#512317</styleUrl>
            <Polygon id="512311">
                <outerBoundaryIs>
                    <LinearRing id="512315">
                        <coordinates>-78.96698439964328,33.77825926480096,0.0 -78.96686478104617,33.778304489914234,0.0 -78.96678947129347,33.778163728662356,0.0 -78.96690902431358,33.77811912577454,0.0 -78.96692915143076,33.77815624950402,0.0 -78.96694758484098,33.778149281055086,0.0 -78.96698383661362,33.778216140026814,0.0 -78.96696489972352,33.77822329863243,0.0 -78.96698439964328,33.77825926480096,0.0</coordinates>
                    </LinearRing>
                </outerBoundaryIs>
            </Polygon>
        </Placemark>
        <Placemark id="512321">
            <name>Parcel_55969</name>
            <styleUrl>#512326</styleUrl>
            <Polygon id="512320">
                <outerBoundaryIs>
                    <LinearRing id="512324">
                        <coordinates>-78.96698439964328,33.77825926480096,0.0 -78.96686478104617,33.778304489914234,0.0 -78.96678947129347,33.778163728662356,0.0 -78.96690902431358,33.77811912577454,0.0 -78.96692915143076,33.77815624950402,0.0 -78.96694758484098,33.778149281055086,0.0 -78.96698383661362,33.778216140026814,0.0 -78.96696489972352,33.77822329863243,0.0 -78.96698439964328,33.77825926480096,0.0</coordinates>
                    </LinearRing>
                </outerBoundaryIs>
            </Polygon>
        </Placemark>
        <Placemark id="512330">
            <name>Parcel_55970</name>
            <styleUrl>#512335</styleUrl>
            <Polygon id="512329">
                <outerBoundaryIs>
                    <LinearRing id="512333">
                        <coordinates>-78.96698439964328,33.77825926480096,0.0 -78.96686478104617,33.778304489914234,0.0 -78.96678947129347,33.778163728662356,0.0 -78.96690902431358,33.77811912577454,0.0 -78.96692915143076,33.77815624950402,0.0 -78.96694758484098,33.778149281055086,0.0 -78.96698383661362,33.778216140026814,0.0 -78.96696489972352,33.77822329863243,0.0 -78.96698439964328,33.77825926480096,0.0</coordinates>
                    </LinearRing>
                </outerBoundaryIs>
            </Polygon>
        </Placemark>
        <Placemark id="512339">
            <name>Parcel_55971</name>
            <styleUrl>#512344</styleUrl>
            <Polygon id="512338">
                <outerBoundaryIs>
                    <LinearRing id="512342">
                        <coordinates>-78.96614626958021,33.778541431121525,0.0 -78.96612639716741,33.77850455496907,0.0 -78.96610728356536,33.77851173579462,0.0 -78.96609476866554,33.778488511215855,0.0 -78.96608306191314,33.77846678809173,0.0 -78.9660715673563,33.778445456281005,0.0 -78.966090700614,33.77843826586292,0.0 -78.96607033050849,33.7784004660677,0.0 -78.96610630970181,33.77838694414572,0.0 -78.96613843559975,33.77837487230742,0.0 -78.96618987672052,33.778355540864794,0.0 -78.96619505698916,33.77836515211689,0.0 -78.96625624926294,33.77847870249396,0.0 -78.96626583887554,33.77849649540024,0.0 -78.96624444224081,33.778504537942425,0.0 -78.96614626958021,33.778541431121525,0.0</coordinates>
                    </LinearRing>
                </outerBoundaryIs>
            </Polygon>
        </Placemark>
        <Placemark id="512348">
            <name>Parcel_55972</name>
            <styleUrl>#512353</styleUrl>
            <Polygon id="512347">
                <outerBoundaryIs>
                    <LinearRing id="512351">
                        <coordinates>-78.77269031834344,33.79715918459412,0.0 -78.77250142612,33.797195923058936,0.0 -78.7724965549317,33.79717847276556,0.0 -78.77235596200691,33.79720581601859,0.0 -78.77223312816474,33.79679516039277,0.0 -78.77237223458287,33.796766159799496,0.0 -78.77236673520297,33.7967477691788,0.0 -78.77255655643621,33.79670819476981,0.0 -78.77257837087576,33.796781741292264,0.0 -78.77249991075671,33.796797961546794,0.0 -78.7725903227706,33.797102793351705,0.0 -78.7726684148968,33.79708665119748,0.0 -78.77269031834344,33.79715918459412,0.0</coordinates>
                    </LinearRing>
                </outerBoundaryIs>
            </Polygon>
        </Placemark>
        <Placemark id="512357">
            <name>Parcel_55973</name>
            <styleUrl>#512362</styleUrl>
            <Polygon id="512356">
                <outerBoundaryIs>
                    <LinearRing id="512360">
                        <coordinates>-78.77269031834344,33.79715918459412,0.0 -78.77250142612,33.797195923058936,0.0 -78.7724965549317,33.79717847276556,0.0 -78.77235596200691,33.79720581601859,0.0 -78.77223312816474,33.79679516039277,0.0 -78.77237223458287,33.796766159799496,0.0 -78.77236673520297,33.7967477691788,0.0 -78.77255655643621,33.79670819476981,0.0 -78.77257837087576,33.796781741292264,0.0 -78.77249991075671,33.796797961546794,0.0 -78.7725903227706,33.797102793351705,0.0 -78.7726684148968,33.79708665119748,0.0 -78.77269031834344,33.79715918459412,0.0</coordinates>
                    </LinearRing>
                </outerBoundaryIs>
            </Polygon>
        </Placemark>
        <Placemark id="512366">
            <name>Parcel_55974</name>
            <styleUrl>#512371</styleUrl>
            <Polygon id="512365">
                <outerBoundaryIs>
                    <LinearRing id="512369">
                        <coordinates>-78.77269031834344,33.79715918459412,0.0 -78.77250142612,33.797195923058936,0.0 -78.7724965549317,33.79717847276556,0.0 -78.77235596200691,33.79720581601859,0.0 -78.77223312816474,33.79679516039277,0.0 -78.77237223458287,33.796766159799496,0.0 -78.77236673520297,33.7967477691788,0.0 -78.77255655643621,33.79670819476981,0.0 -78.77257837087576,33.796781741292264,0.0 -78.77249991075671,33.796797961546794,0.0 -78.7725903227706,33.797102793351705,0.0 -78.7726684148968,33.79708665119748,0.0 -78.77269031834344,33.79715918459412,0.0</coordinates>
                    </LinearRing>
                </outerBoundaryIs>
            </Polygon>
        </Placemark>
        <Placemark id="512375">
            <name>Parcel_55975</name>
            <styleUrl>#512380</styleUrl>
            <Polygon id="512374">
                <outerBoundaryIs>
                    <LinearRing id="512378">
                        <coordinates>-78.77269031834344,33.79715918459412,0.0 -78.77250142612,33.797195923058936,0.0 -78.7724965549317,33.79717847276556,0.0 -78.77235596200691,33.79720581601859,0.0 -78.77223312816474,33.79679516039277,0.0 -78.77237223458287,33.796766159799496,0.0 -78.77236673520297,33.7967477691788,0.0 -78.77255655643621,33.79670819476981,0.0 -78.77257837087576,33.796781741292264,0.0 -78.77249991075671,33.796797961546794,0.0 -78.7725903227706,33.797102793351705,0.0 -78.7726684148968,33.79708665119748,0.0 -78.77269031834344,33.79715918459412,0.0</coordinates>
                    </LinearRing>
                </outerBoundaryIs>
            </Polygon>
        </Placemark>
        <Placemark id="512384">
            <name>Parcel_55976</name>
            <styleUrl>#512389</styleUrl>
            <Polygon id="512383">
                <outerBoundaryIs>
                    <LinearRing id="512387">
                        <coordinates>-78.98933484929837,33.588388159720274,0.0 -78.98946264953952,33.58825175131663,0.0 -78.98959622649909,33.58836973465058,0.0 -78.98957561250596,33.58839208027247,0.0 -78.98943616528244,33.58854324620723,0.0 -78.98930012455654,33.588425221679145,0.0 -78.98933484929837,33.588388159720274,0.0</coordinates>
                    </LinearRing>
                </outerBoundaryIs>
            </Polygon>
        </Placemark>
        <Placemark id="512393">
            <name>Parcel_55977</name>
            <styleUrl>#512398</styleUrl>
            <Polygon id="512392">
                <outerBoundaryIs>
                    <LinearRing id="512396">
                        <coordinates>-78.98806826491452,33.58750996139053,0.0 -78.98820045092569,33.58736984747282,0.0 -78.98820058507484,33.58736996420603,0.0 -78.98850323466935,33.58762953679591,0.0 -78.98870526864339,33.58780281550322,0.0 -78.98857308169005,33.58794293083711,0.0 -78.98857291367482,33.58794278739607,0.0 -78.98820779047382,33.58762962974808,0.0 -78.9880683515515,33.587510035860106,0.0 -78.98806826491452,33.58750996139053,0.0</coordinates>
                    </LinearRing>
                </outerBoundaryIs>
            </Polygon>
        </Placemark>
        <Placemark id="512402">
            <name>Parcel_55978</name>
            <styleUrl>#512407</styleUrl>
            <Polygon id="512401">
                <outerBoundaryIs>
                    <LinearRing id="512405">
                        <coordinates>-78.98806826491452,33.58750996139053,0.0 -78.98820045092569,33.58736984747282,0.0 -78.98820058507484,33.58736996420603,0.0 -78.98850323466935,33.58762953679591,0.0 -78.98870526864339,33.58780281550322,0.0 -78.98857308169005,33.58794293083711,0.0 -78.98857291367482,33.58794278739607,0.0 -78.98820779047382,33.58762962974808,0.0 -78.9880683515515,33.587510035860106,0.0 -78.98806826491452,33.58750996139053,0.0</coordinates>
                    </LinearRing>
                </outerBoundaryIs>
            </Polygon>
        </Placemark>
        <Placemark id="512411">
            <name>Parcel_55979</name>
            <styleUrl>#512416</styleUrl>
            <Polygon id="512410">
                <outerBoundaryIs>
                    <LinearRing id="512414">
                        <coordinates>-78.987702015393,33.587898149389,0.0 -78.98783420151341,33.58775803585327,0.0 -78.98783426913718,33.58775809377808,0.0 -78.98815950029245,33.58803584686923,0.0 -78.98821392503363,33.588082886347095,0.0 -78.98833883050106,33.588190844435054,0.0 -78.98833901854424,33.58819100714359,0.0 -78.98820683152357,33.588331120292246,0.0 -78.98820661172829,33.58833093271356,0.0 -78.98785659853583,33.58803073771637,0.0 -78.9877020469979,33.58789818057037,0.0 -78.987702015393,33.587898149389,0.0</coordinates>
                    </LinearRing>
                </outerBoundaryIs>
            </Polygon>
        </Placemark>
        <Placemark id="512420">
            <name>Parcel_55980</name>
            <styleUrl>#512425</styleUrl>
            <Polygon id="512419">
                <outerBoundaryIs>
                    <LinearRing id="512423">
                        <coordinates>-78.987702015393,33.587898149389,0.0 -78.98783420151341,33.58775803585327,0.0 -78.98783426913718,33.58775809377808,0.0 -78.98815950029245,33.58803584686923,0.0 -78.98821392503363,33.588082886347095,0.0 -78.98833883050106,33.588190844435054,0.0 -78.98833901854424,33.58819100714359,0.0 -78.98820683152357,33.588331120292246,0.0 -78.98820661172829,33.58833093271356,0.0 -78.98785659853583,33.58803073771637,0.0 -78.9877020469979,33.58789818057037,0.0 -78.987702015393,33.587898149389,0.0</coordinates>
                    </LinearRing>
                </outerBoundaryIs>
            </Polygon>
        </Placemark>
        <Placemark id="512429">
            <name>Parcel_55981</name>
            <styleUrl>#512434</styleUrl>
            <Polygon id="512428">
                <outerBoundaryIs>
                    <LinearRing id="512432">
                        <coordinates>-78.987702015393,33.587898149389,0.0 -78.98783420151341,33.58775803585327,0.0 -78.98783426913718,33.58775809377808,0.0 -78.98815950029245,33.58803584686923,0.0 -78.98821392503363,33.588082886347095,0.0 -78.98833883050106,33.588190844435054,0.0 -78.98833901854424,33.58819100714359,0.0 -78.98820683152357,33.588331120292246,0.0 -78.98820661172829,33.58833093271356,0.0 -78.98785659853583,33.58803073771637,0.0 -78.9877020469979,33.58789818057037,0.0 -78.987702015393,33.587898149389,0.0</coordinates>
                    </LinearRing>
                </outerBoundaryIs>
            </Polygon>
        </Placemark>
        <Placemark id="512438">
            <name>Parcel_55982</name>
            <styleUrl>#512443</styleUrl>
            <Polygon id="512437">
                <outerBoundaryIs>
                    <LinearRing id="512441">
                        <coordinates>-78.987702015393,33.587898149389,0.0 -78.98783420151341,33.58775803585327,0.0 -78.98783426913718,33.58775809377808,0.0 -78.98815950029245,33.58803584686923,0.0 -78.98821392503363,33.588082886347095,0.0 -78.98833883050106,33.588190844435054,0.0 -78.98833901854424,33.58819100714359,0.0 -78.98820683152357,33.588331120292246,0.0 -78.98820661172829,33.58833093271356,0.0 -78.98785659853583,33.58803073771637,0.0 -78.9877020469979,33.58789818057037,0.0 -78.987702015393,33.587898149389,0.0</coordinates>
                    </LinearRing>
                </outerBoundaryIs>
            </Polygon>
        </Placemark>
        <Placemark id="512447">
            <name>Parcel_55983</name>
            <styleUrl>#512452</styleUrl>
            <Polygon id="512446">
                <outerBoundaryIs>
                    <LinearRing id="512450">
                        <coordinates>-78.98783420151341,33.58775803585327,0.0 -78.98806826491452,33.58750996139053,0.0 -78.9880683515515,33.587510035860106,0.0 -78.98820779047382,33.58762962974808,0.0 -78.98857291367482,33.58794278739607,0.0 -78.98857308169005,33.58794293083711,0.0 -78.98851891693688,33.58799785914809,0.0 -78.98847636325624,33.58804101046108,0.0 -78.98842016796382,33.58810238163401,0.0 -78.98833901854424,33.58819100714359,0.0 -78.98833883050106,33.588190844435054,0.0 -78.98821392503363,33.588082886347095,0.0 -78.98815950029245,33.58803584686923,0.0 -78.98783426913718,33.58775809377808,0.0 -78.98783420151341,33.58775803585327,0.0</coordinates>
                    </LinearRing>
                </outerBoundaryIs>
            </Polygon>
        </Placemark>
        <Placemark id="512456">
            <name>Parcel_55984</name>
            <styleUrl>#512461</styleUrl>
            <Polygon id="512455">
                <outerBoundaryIs>
                    <LinearRing id="512459">
                        <coordinates>-78.96419426284974,33.7822145100421,0.0 -78.96416091993699,33.78224961632155,0.0 -78.96413843830956,33.78227329082556,0.0 -78.96394828986864,33.78247350635077,0.0 -78.96392671892244,33.78245922305067,0.0 -78.96391734943718,33.782469088352386,0.0 -78.96376717632985,33.782369642698406,0.0 -78.96380241135202,33.78233254193705,0.0 -78.96381276446564,33.78233939824177,0.0 -78.9638811597928,33.782267382179356,0.0 -78.96385886258386,33.782252616112544,0.0 -78.963916369839,33.78219206199843,0.0 -78.9639388467872,33.78220694645852,0.0 -78.96400725852502,33.78213491255956,0.0 -78.96399778170587,33.782128637997445,0.0 -78.96403288250544,33.782091678369355,0.0 -78.9640598664923,33.782109549267695,0.0 -78.96410431097344,33.78213898145129,0.0 -78.96418266084643,33.78219086377468,0.0 -78.96417335453616,33.782200663392345,0.0 -78.96419426284974,33.7822145100421,0.0</coordinates>
                    </LinearRing>
                </outerBoundaryIs>
            </Polygon>
        </Placemark>
        <Placemark id="512465">
            <name>Parcel_55985</name>
            <styleUrl>#512470</styleUrl>
            <Polygon id="512464">
                <outerBoundaryIs>
                    <LinearRing id="512468">
                        <coordinates>-78.96469853448818,33.78203841122066,0.0 -78.96467663805805,33.782193798698884,0.0 -78.96466175413079,33.78219274487565,0.0 -78.96465941145786,33.78220936305231,0.0 -78.96465163322489,33.782208599265985,0.0 -78.96426108224563,33.78217022181476,0.0 -78.96426428521431,33.78214749554517,0.0 -78.96424916411156,33.78214601116097,0.0 -78.9642709991155,33.78199106197035,0.0 -78.96432787006918,33.78199664962686,0.0 -78.96432613828574,33.78200893509002,0.0 -78.96443833383115,33.78201995952206,0.0 -78.96444145134443,33.781997831621,0.0 -78.96453290289095,33.78200681642595,0.0 -78.96452941249703,33.78203156549642,0.0 -78.96462432427765,33.782040891253715,0.0 -78.96464074710465,33.78204250433111,0.0 -78.96464210532692,33.78203286617671,0.0 -78.96469853448818,33.78203841122066,0.0</coordinates>
                    </LinearRing>
                </outerBoundaryIs>
            </Polygon>
        </Placemark>
        <Placemark id="512474">
            <name>Parcel_55986</name>
            <styleUrl>#512479</styleUrl>
            <Polygon id="512473">
                <outerBoundaryIs>
                    <LinearRing id="512477">
                        <coordinates>-78.96469853448818,33.78203841122066,0.0 -78.96467663805805,33.782193798698884,0.0 -78.96466175413079,33.78219274487565,0.0 -78.96465941145786,33.78220936305231,0.0 -78.96465163322489,33.782208599265985,0.0 -78.96426108224563,33.78217022181476,0.0 -78.96426428521431,33.78214749554517,0.0 -78.96424916411156,33.78214601116097,0.0 -78.9642709991155,33.78199106197035,0.0 -78.96432787006918,33.78199664962686,0.0 -78.96432613828574,33.78200893509002,0.0 -78.96443833383115,33.78201995952206,0.0 -78.96444145134443,33.781997831621,0.0 -78.96453290289095,33.78200681642595,0.0 -78.96452941249703,33.78203156549642,0.0 -78.96462432427765,33.782040891253715,0.0 -78.96464074710465,33.78204250433111,0.0 -78.96464210532692,33.78203286617671,0.0 -78.96469853448818,33.78203841122066,0.0</coordinates>
                    </LinearRing>
                </outerBoundaryIs>
            </Polygon>
        </Placemark>
        <Placemark id="512483">
            <name>Parcel_55987</name>
            <styleUrl>#512488</styleUrl>
            <Polygon id="512482">
                <outerBoundaryIs>
                    <LinearRing id="512486">
                        <coordinates>-78.96497613839229,33.78173557436175,0.0 -78.96496715417413,33.78173698964979,0.0 -78.96492982837144,33.78174287598317,0.0 -78.96492090163036,33.781744281390104,0.0 -78.96491837521111,33.78173310921484,0.0 -78.96480880038602,33.781750382845104,0.0 -78.96481392732242,33.78177306483619,0.0 -78.964724585664,33.781787150041524,0.0 -78.96471889334146,33.781761971244826,0.0 -78.96460879046263,33.78177932801047,0.0 -78.96461078664817,33.781788159099314,0.0 -78.96455460987677,33.78179701375225,0.0 -78.96451905725174,33.781639772205885,0.0 -78.96453517838975,33.78163722968784,0.0 -78.96453032126341,33.781615750776574,0.0 -78.96491016112638,33.78155587259257,0.0 -78.96492036283121,33.78155426447701,0.0 -78.96492337601428,33.7815681080354,0.0 -78.96492630142505,33.7815815515004,0.0 -78.96494081599417,33.78157934778819,0.0 -78.96497613839229,33.78173557436175,0.0</coordinates>
                    </LinearRing>
                </outerBoundaryIs>
            </Polygon>
        </Placemark>
        <Placemark id="512492">
            <name>Parcel_55988</name>
            <styleUrl>#512497</styleUrl>
            <Polygon id="512491">
                <outerBoundaryIs>
                    <LinearRing id="512495">
                        <coordinates>-78.96497613839229,33.78173557436175,0.0 -78.96496715417413,33.78173698964979,0.0 -78.96492982837144,33.78174287598317,0.0 -78.96492090163036,33.781744281390104,0.0 -78.96491837521111,33.78173310921484,0.0 -78.96480880038602,33.781750382845104,0.0 -78.96481392732242,33.78177306483619,0.0 -78.964724585664,33.781787150041524,0.0 -78.96471889334146,33.781761971244826,0.0 -78.96460879046263,33.78177932801047,0.0 -78.96461078664817,33.781788159099314,0.0 -78.96455460987677,33.78179701375225,0.0 -78.96451905725174,33.781639772205885,0.0 -78.96453517838975,33.78163722968784,0.0 -78.96453032126341,33.781615750776574,0.0 -78.96491016112638,33.78155587259257,0.0 -78.96492036283121,33.78155426447701,0.0 -78.96492337601428,33.7815681080354,0.0 -78.96492630142505,33.7815815515004,0.0 -78.96494081599417,33.78157934778819,0.0 -78.96497613839229,33.78173557436175,0.0</coordinates>
                    </LinearRing>
                </outerBoundaryIs>
            </Polygon>
        </Placemark>
        <Placemark id="512501">
            <name>Parcel_55989</name>
            <styleUrl>#512506</styleUrl>
            <Polygon id="512500">
                <outerBoundaryIs>
                    <LinearRing id="512504">
                        <coordinates>-78.96497613839229,33.78173557436175,0.0 -78.96496715417413,33.78173698964979,0.0 -78.96492982837144,33.78174287598317,0.0 -78.96492090163036,33.781744281390104,0.0 -78.96491837521111,33.78173310921484,0.0 -78.96480880038602,33.781750382845104,0.0 -78.96481392732242,33.78177306483619,0.0 -78.964724585664,33.781787150041524,0.0 -78.96471889334146,33.781761971244826,0.0 -78.96460879046263,33.78177932801047,0.0 -78.96461078664817,33.781788159099314,0.0 -78.96455460987677,33.78179701375225,0.0 -78.96451905725174,33.781639772205885,0.0 -78.96453517838975,33.78163722968784,0.0 -78.96453032126341,33.781615750776574,0.0 -78.96491016112638,33.78155587259257,0.0 -78.96492036283121,33.78155426447701,0.0 -78.96492337601428,33.7815681080354,0.0 -78.96492630142505,33.7815815515004,0.0 -78.96494081599417,33.78157934778819,0.0 -78.96497613839229,33.78173557436175,0.0</coordinates>
                    </LinearRing>
                </outerBoundaryIs>
            </Polygon>
        </Placemark>
        <Placemark id="512510">
            <name>Parcel_55990</name>
            <styleUrl>#512515</styleUrl>
            <Polygon id="512509">
                <outerBoundaryIs>
                    <LinearRing id="512513">
                        <coordinates>-78.96456354713821,33.781348313479846,0.0 -78.96454376759145,33.78134953493796,0.0 -78.96455282316369,33.78145397772917,0.0 -78.96452447127548,33.7814557292147,0.0 -78.96438631578967,33.78146427164429,0.0 -78.96435088536268,33.78146646133327,0.0 -78.96434650384435,33.78141626309299,0.0 -78.96434181460708,33.78136253507556,0.0 -78.96439291929353,33.781359252145336,0.0 -78.96438769296958,33.781301780432145,0.0 -78.96437120406618,33.78130288282317,0.0 -78.9643679575596,33.78126606073018,0.0 -78.9643902093037,33.78126470769991,0.0 -78.96438373976707,33.781190205269844,0.0 -78.96433675580825,33.7811932114465,0.0 -78.96432896478333,33.78110476970108,0.0 -78.96436235747964,33.781102693513645,0.0 -78.96439010384776,33.7811009654776,0.0 -78.96448688772175,33.78109494256575,0.0 -78.96454079565434,33.781091590241054,0.0 -78.96456354713821,33.781348313479846,0.0</coordinates>
                    </LinearRing>
                </outerBoundaryIs>
            </Polygon>
        </Placemark>
        <Placemark id="512519">
            <name>Parcel_55991</name>
            <styleUrl>#512524</styleUrl>
            <Polygon id="512518">
                <outerBoundaryIs>
                    <LinearRing id="512522">
                        <coordinates>-78.96456354713821,33.781348313479846,0.0 -78.96454376759145,33.78134953493796,0.0 -78.96455282316369,33.78145397772917,0.0 -78.96452447127548,33.7814557292147,0.0 -78.96438631578967,33.78146427164429,0.0 -78.96435088536268,33.78146646133327,0.0 -78.96434650384435,33.78141626309299,0.0 -78.96434181460708,33.78136253507556,0.0 -78.96439291929353,33.781359252145336,0.0 -78.96438769296958,33.781301780432145,0.0 -78.96437120406618,33.78130288282317,0.0 -78.9643679575596,33.78126606073018,0.0 -78.9643902093037,33.78126470769991,0.0 -78.96438373976707,33.781190205269844,0.0 -78.96433675580825,33.7811932114465,0.0 -78.96432896478333,33.78110476970108,0.0 -78.96436235747964,33.781102693513645,0.0 -78.96439010384776,33.7811009654776,0.0 -78.96448688772175,33.78109494256575,0.0 -78.96454079565434,33.781091590241054,0.0 -78.96456354713821,33.781348313479846,0.0</coordinates>
                    </LinearRing>
                </outerBoundaryIs>
            </Polygon>
        </Placemark>
        <Placemark id="512528">
            <name>Parcel_55992</name>
            <styleUrl>#512533</styleUrl>
            <Polygon id="512527">
                <outerBoundaryIs>
                    <LinearRing id="512531">
                        <coordinates>-78.96393991857057,33.78168780560261,0.0 -78.96391043292407,33.781727988167916,0.0 -78.96390064654246,33.78172297931294,0.0 -78.96386302859086,33.78177424527669,0.0 -78.96384229455676,33.78180249958561,0.0 -78.96386835506173,33.781815833092864,0.0 -78.96382094651709,33.781880437030885,0.0 -78.96379722540281,33.781868298272165,0.0 -78.9637394089422,33.78194708683027,0.0 -78.96375151973521,33.78195328570036,0.0 -78.96372108085544,33.781994766637915,0.0 -78.96362801263861,33.781947146918505,0.0 -78.96355880119893,33.781911733107336,0.0 -78.96356682742318,33.781900797692686,0.0 -78.96354078508107,33.78188747343998,0.0 -78.96356303809746,33.78185714991182,0.0 -78.96363231603667,33.78176273933136,0.0 -78.96374800923148,33.78160507308333,0.0 -78.96377050620673,33.781616583814746,0.0 -78.96377875446774,33.781605345386374,0.0 -78.96385279175655,33.7816432267751,0.0 -78.96393991857057,33.78168780560261,0.0</coordinates>
                    </LinearRing>
                </outerBoundaryIs>
            </Polygon>
        </Placemark>
        <Placemark id="512537">
            <name>Parcel_55993</name>
            <styleUrl>#512542</styleUrl>
            <Polygon id="512536">
                <outerBoundaryIs>
                    <LinearRing id="512540">
                        <coordinates>-78.96393991857057,33.78168780560261,0.0 -78.96391043292407,33.781727988167916,0.0 -78.96390064654246,33.78172297931294,0.0 -78.96386302859086,33.78177424527669,0.0 -78.96384229455676,33.78180249958561,0.0 -78.96386835506173,33.781815833092864,0.0 -78.96382094651709,33.781880437030885,0.0 -78.96379722540281,33.781868298272165,0.0 -78.9637394089422,33.78194708683027,0.0 -78.96375151973521,33.78195328570036,0.0 -78.96372108085544,33.781994766637915,0.0 -78.96362801263861,33.781947146918505,0.0 -78.96355880119893,33.781911733107336,0.0 -78.96356682742318,33.781900797692686,0.0 -78.96354078508107,33.78188747343998,0.0 -78.96356303809746,33.78185714991182,0.0 -78.96363231603667,33.78176273933136,0.0 -78.96374800923148,33.78160507308333,0.0 -78.96377050620673,33.781616583814746,0.0 -78.96377875446774,33.781605345386374,0.0 -78.96385279175655,33.7816432267751,0.0 -78.96393991857057,33.78168780560261,0.0</coordinates>
                    </LinearRing>
                </outerBoundaryIs>
            </Polygon>
        </Placemark>
        <Placemark id="512546">
            <name>Parcel_55994</name>
            <styleUrl>#512551</styleUrl>
            <Polygon id="512545">
                <outerBoundaryIs>
                    <LinearRing id="512549">
                        <coordinates>-78.96393991857057,33.78168780560261,0.0 -78.96391043292407,33.781727988167916,0.0 -78.96390064654246,33.78172297931294,0.0 -78.96386302859086,33.78177424527669,0.0 -78.96384229455676,33.78180249958561,0.0 -78.96386835506173,33.781815833092864,0.0 -78.96382094651709,33.781880437030885,0.0 -78.96379722540281,33.781868298272165,0.0 -78.9637394089422,33.78194708683027,0.0 -78.96375151973521,33.78195328570036,0.0 -78.96372108085544,33.781994766637915,0.0 -78.96362801263861,33.781947146918505,0.0 -78.96355880119893,33.781911733107336,0.0 -78.96356682742318,33.781900797692686,0.0 -78.96354078508107,33.78188747343998,0.0 -78.96356303809746,33.78185714991182,0.0 -78.96363231603667,33.78176273933136,0.0 -78.96374800923148,33.78160507308333,0.0 -78.96377050620673,33.781616583814746,0.0 -78.96377875446774,33.781605345386374,0.0 -78.96385279175655,33.7816432267751,0.0 -78.96393991857057,33.78168780560261,0.0</coordinates>
                    </LinearRing>
                </outerBoundaryIs>
            </Polygon>
        </Placemark>
        <Placemark id="512555">
            <name>Parcel_55995</name>
            <styleUrl>#512560</styleUrl>
            <Polygon id="512554">
                <outerBoundaryIs>
                    <LinearRing id="512558">
                        <coordinates>-78.96393991857057,33.78168780560261,0.0 -78.96391043292407,33.781727988167916,0.0 -78.96390064654246,33.78172297931294,0.0 -78.96386302859086,33.78177424527669,0.0 -78.96384229455676,33.78180249958561,0.0 -78.96386835506173,33.781815833092864,0.0 -78.96382094651709,33.781880437030885,0.0 -78.96379722540281,33.781868298272165,0.0 -78.9637394089422,33.78194708683027,0.0 -78.96375151973521,33.78195328570036,0.0 -78.96372108085544,33.781994766637915,0.0 -78.96362801263861,33.781947146918505,0.0 -78.96355880119893,33.781911733107336,0.0 -78.96356682742318,33.781900797692686,0.0 -78.96354078508107,33.78188747343998,0.0 -78.96356303809746,33.78185714991182,0.0 -78.96363231603667,33.78176273933136,0.0 -78.96374800923148,33.78160507308333,0.0 -78.96377050620673,33.781616583814746,0.0 -78.96377875446774,33.781605345386374,0.0 -78.96385279175655,33.7816432267751,0.0 -78.96393991857057,33.78168780560261,0.0</coordinates>
                    </LinearRing>
                </outerBoundaryIs>
            </Polygon>
        </Placemark>
        <Placemark id="512564">
            <name>Parcel_55996</name>
            <styleUrl>#512569</styleUrl>
            <Polygon id="512563">
                <outerBoundaryIs>
                    <LinearRing id="512567">
                        <coordinates>-78.96522931766353,33.78210524351368,0.0 -78.96521447858167,33.78210760156522,0.0 -78.96521849095657,33.782125200012324,0.0 -78.9651944212074,33.78212902523454,0.0 -78.96482798743433,33.78218725962245,0.0 -78.96482287801365,33.782164841283716,0.0 -78.96480814946442,33.78216718306626,0.0 -78.96477285332286,33.782012321496715,0.0 -78.96482781878468,33.7820035848162,0.0 -78.964830478247,33.78201525253247,0.0 -78.96494097068518,33.78199769272647,0.0 -78.96493580170046,33.78197500554134,0.0 -78.96502591814804,33.78196068308973,0.0 -78.96503159631031,33.78198559647155,0.0 -78.96514154983112,33.781968122327406,0.0 -78.96513937694887,33.781958583039426,0.0 -78.96515629762308,33.781955893946815,0.0 -78.96519391081551,33.781949915763924,0.0 -78.96522931766353,33.78210524351368,0.0</coordinates>
                    </LinearRing>
                </outerBoundaryIs>
            </Polygon>
        </Placemark>
        <Placemark id="512573">
            <name>Parcel_55997</name>
            <styleUrl>#512578</styleUrl>
            <Polygon id="512572">
                <outerBoundaryIs>
                    <LinearRing id="512576">
                        <coordinates>-78.96522931766353,33.78210524351368,0.0 -78.96521447858167,33.78210760156522,0.0 -78.96521849095657,33.782125200012324,0.0 -78.9651944212074,33.78212902523454,0.0 -78.96482798743433,33.78218725962245,0.0 -78.96482287801365,33.782164841283716,0.0 -78.96480814946442,33.78216718306626,0.0 -78.96477285332286,33.782012321496715,0.0 -78.96482781878468,33.7820035848162,0.0 -78.964830478247,33.78201525253247,0.0 -78.96494097068518,33.78199769272647,0.0 -78.96493580170046,33.78197500554134,0.0 -78.96502591814804,33.78196068308973,0.0 -78.96503159631031,33.78198559647155,0.0 -78.96514154983112,33.781968122327406,0.0 -78.96513937694887,33.781958583039426,0.0 -78.96515629762308,33.781955893946815,0.0 -78.96519391081551,33.781949915763924,0.0 -78.96522931766353,33.78210524351368,0.0</coordinates>
                    </LinearRing>
                </outerBoundaryIs>
            </Polygon>
        </Placemark>
        <Placemark id="512582">
            <name>Parcel_55998</name>
            <styleUrl>#512587</styleUrl>
            <Polygon id="512581">
                <outerBoundaryIs>
                    <LinearRing id="512585">
                        <coordinates>-78.96574450627882,33.78199617498064,0.0 -78.96573069140585,33.78200131793018,0.0 -78.96574131288816,33.78202121487135,0.0 -78.965379825737,33.78215576629532,0.0 -78.96537033698766,33.78213799213171,0.0 -78.9653566572271,33.78214308314616,0.0 -78.96527894565654,33.781997505023845,0.0 -78.96533014507072,33.78197844682962,0.0 -78.96533511954372,33.78198776701191,0.0 -78.96543745399497,33.78194967565397,0.0 -78.96542549715089,33.78192727734522,0.0 -78.9655081662002,33.78189650549884,0.0 -78.965519330711,33.78191741883564,0.0 -78.96562054150726,33.78187974718951,0.0 -78.9656160727861,33.78187137694029,0.0 -78.96566763924335,33.78185218304064,0.0 -78.96574450627882,33.78199617498064,0.0</coordinates>
                    </LinearRing>
                </outerBoundaryIs>
            </Polygon>
        </Placemark>
        <Placemark id="512591">
            <name>Parcel_55999</name>
            <styleUrl>#512596</styleUrl>
            <Polygon id="512590">
                <outerBoundaryIs>
                    <LinearRing id="512594">
                        <coordinates>-78.96574450627882,33.78199617498064,0.0 -78.96573069140585,33.78200131793018,0.0 -78.96574131288816,33.78202121487135,0.0 -78.965379825737,33.78215576629532,0.0 -78.96537033698766,33.78213799213171,0.0 -78.9653566572271,33.78214308314616,0.0 -78.96527894565654,33.781997505023845,0.0 -78.96533014507072,33.78197844682962,0.0 -78.96533511954372,33.78198776701191,0.0 -78.96543745399497,33.78194967565397,0.0 -78.96542549715089,33.78192727734522,0.0 -78.9655081662002,33.78189650549884,0.0 -78.965519330711,33.78191741883564,0.0 -78.96562054150726,33.78187974718951,0.0 -78.9656160727861,33.78187137694029,0.0 -78.96566763924335,33.78185218304064,0.0 -78.96574450627882,33.78199617498064,0.0</coordinates>
                    </LinearRing>
                </outerBoundaryIs>
            </Polygon>
        </Placemark>
    </Document>
</kml>
